frame,seconds,pass,x,y,z,speed,yaw,view_yaw,left_toe_x,left_toe_y,left_toe_z,right_toe_x,right_toe_y,right_toe_z,walk_weight,gait_rate,left_hand_x,left_hand_y,left_hand_z,right_hand_x,right_hand_y,right_hand_z,walk_phase,gather_weight,gather_phase,gather_starts,forage_x,forage_y,water_weight,water_phase,water_starts,tool_visible,tool_x,tool_y,tool_z,can_pitch,water_stock,plot_moisture,tool_scale,tool_radius,plot_weeds,clear_weight,clear_phase,clear_starts,hatchet_visible,hatchet_pitch,hatchet_scale,hatchet_radius,hatchet_x,hatchet_y,hatchet_z,branch_stock,fiber_stock,resource_cleared,energy
0,0.1312,close-notes,-1000.000,0.000,88.150,0.000,0.000,15.000,-987.007,-7.889,3.238,-985.670,9.560,3.238,0.0000,0.0000,-992.659,-21.729,83.011,-995.313,21.663,83.011,0.0000,0.0000,0.0000,0,0.000,0.000,0.0000,0.0000,0,0,-995.313,21.663,83.011,0.000,0,-1.000000,1.000,28.924,-1.000000,0.0000,0.0000,0,0,0.000,1.000,19.607,-995.313,21.663,83.011,0,0,-1,99.997867
1,0.2591,close-notes,-1000.000,0.000,88.150,0.000,0.000,15.000,-987.007,-7.889,3.238,-985.670,9.560,3.238,0.0000,0.0000,-992.589,-21.721,83.022,-995.242,21.664,83.022,0.0000,0.0000,0.0000,0,0.000,0.000,0.0000,0.0000,0,0,-995.242,21.664,83.022,0.000,0,-1.000000,1.000,28.924,-1.000000,0.0000,0.0000,0,0,0.000,1.000,19.607,-995.242,21.664,83.022,0,0,-1,99.995820
2,0.3988,close-notes,-1000.000,0.000,88.150,0.000,0.000,15.000,-987.007,-7.889,3.238,-985.670,9.560,3.238,0.0000,0.0000,-992.589,-21.721,83.022,-995.242,21.664,83.022,0.0000,0.0000,0.0000,0,0.000,0.000,0.0000,0.0000,0,0,-995.242,21.664,83.022,0.000,0,-1.000000,1.000,28.924,-1.000000,0.0000,0.0000,0,0,0.000,1.000,19.607,-995.242,21.664,83.022,0,0,-1,99.993586
3,0.5389,close-notes,-1000.000,0.000,88.150,0.000,0.000,15.000,-987.007,-7.889,3.238,-985.670,9.560,3.238,0.0000,0.0000,-992.661,-21.729,83.013,-995.314,21.663,83.014,0.0000,0.0000,0.0000,0,0.000,0.000,0.0000,0.0000,0,0,-995.314,21.663,83.014,0.000,0,-1.000000,1.000,28.924,-1.000000,0.0000,0.0000,0,0,0.000,1.000,19.607,-995.314,21.663,83.014,0,0,-1,99.991342
4,0.6668,close-notes,-1000.000,0.000,88.150,0.000,0.000,15.000,-987.007,-7.889,3.238,-985.670,9.560,3.238,0.0000,0.0000,-992.729,-21.736,83.008,-995.383,21.661,83.008,0.0000,0.0000,0.0000,0,0.000,0.000,0.0000,0.0000,0,0,-995.383,21.661,83.008,0.000,0,-1.000000,1.000,28.924,-1.000000,0.0000,0.0000,0,0,0.000,1.000,19.607,-995.383,21.661,83.008,0,0,-1,99.989300
5,0.7978,close-notes,-1000.000,0.000,88.150,0.000,0.000,15.000,-987.007,-7.889,3.238,-985.670,9.560,3.238,0.0000,0.0000,-992.795,-21.743,82.991,-995.449,21.661,82.991,0.0000,0.0000,0.0000,0,0.000,0.000,0.0000,0.0000,0,0,-995.449,21.661,82.991,0.000,0,-1.000000,1.000,28.924,-1.000000,0.0000,0.0000,0,0,0.000,1.000,19.607,-995.449,21.661,82.991,0,0,-1,99.987199
6,0.9252,close-notes,-1000.000,0.000,88.150,0.000,0.000,15.000,-987.007,-7.889,3.238,-985.670,9.560,3.238,0.0000,0.0000,-992.885,-21.752,82.978,-995.540,21.659,82.978,0.0000,0.0000,0.0000,0,0.000,0.000,0.0000,0.0000,0,0,-995.540,21.659,82.978,0.000,0,-1.000000,1.000,28.924,-1.000000,0.0000,0.0000,0,0,0.000,1.000,19.607,-995.540,21.659,82.978,0,0,-1,99.985166
7,1.0554,close-notes,-1000.000,0.000,88.150,0.000,0.000,15.000,-987.007,-7.889,3.238,-985.670,9.560,3.238,0.0000,0.0000,-992.971,-21.761,82.966,-995.626,21.657,82.966,0.0000,0.0000,0.0000,0,0.000,0.000,0.0000,0.0000,0,0,-995.626,21.657,82.966,0.000,0,-1.000000,1.000,28.924,-1.000000,0.0000,0.0000,0,0,0.000,1.000,19.607,-995.626,21.657,82.966,0,0,-1,99.983078
8,1.1949,idle,-1000.000,0.000,88.150,0.000,0.000,15.000,-987.007,-7.889,3.238,-985.670,9.560,3.238,0.0000,0.0000,-993.069,-21.771,82.953,-995.725,21.655,82.953,0.0000,0.0000,0.0000,0,0.000,0.000,0.0000,0.0000,0,0,-995.725,21.655,82.953,0.000,0,-1.000000,1.000,28.924,-1.000000,0.0000,0.0000,0,0,0.000,1.000,19.607,-995.725,21.655,82.953,0,0,-1,99.980848
9,1.3314,idle,-1000.000,0.000,88.150,0.000,0.000,15.000,-987.007,-7.889,3.238,-985.670,9.560,3.238,0.0000,0.0000,-993.127,-21.777,82.943,-995.783,21.654,82.943,0.0000,0.0000,0.0000,0,0.000,0.000,0.0000,0.0000,0,0,-995.783,21.654,82.943,0.000,0,-1.000000,1.000,28.924,-1.000000,0.0000,0.0000,0,0,0.000,1.000,19.607,-995.783,21.654,82.943,0,0,-1,99.978664
10,1.4695,idle,-1000.000,0.000,88.150,0.000,0.000,15.000,-987.007,-7.889,3.238,-985.670,9.560,3.238,0.0000,0.0000,-993.148,-21.778,82.934,-995.804,21.652,82.934,0.0000,0.0000,0.0000,0,0.000,0.000,0.0000,0.0000,0,0,-995.804,21.652,82.934,0.000,0,-1.000000,1.000,28.924,-1.000000,0.0000,0.0000,0,0,0.000,1.000,19.607,-995.804,21.652,82.934,0,0,-1,99.976452
11,1.6059,idle,-1000.000,0.000,88.150,0.000,0.000,15.000,-987.007,-7.889,3.238,-985.670,9.560,3.238,0.0000,0.0000,-993.246,-21.789,82.929,-995.903,21.652,82.929,0.0000,0.0000,0.0000,0,0.000,0.000,0.0000,0.0000,0,0,-995.903,21.652,82.929,0.000,0,-1.000000,1.000,28.924,-1.000000,0.0000,0.0000,0,0,0.000,1.000,19.607,-995.903,21.652,82.929,0,0,-1,99.974270
12,1.7372,idle,-1000.000,0.000,88.150,0.000,0.000,15.000,-987.007,-7.889,3.238,-985.670,9.560,3.238,0.0000,0.0000,-993.246,-21.789,82.929,-995.903,21.652,82.929,0.0000,0.0000,0.0000,0,0.000,0.000,0.0000,0.0000,0,0,-995.903,21.652,82.929,0.000,0,-1.000000,1.000,28.924,-1.000000,0.0000,0.0000,0,0,0.000,1.000,19.607,-995.903,21.652,82.929,0,0,-1,99.972174
13,1.8748,idle,-1000.000,0.000,88.150,0.000,0.000,15.000,-987.007,-7.889,3.238,-985.670,9.560,3.238,0.0000,0.0000,-993.263,-21.791,82.927,-995.921,21.651,82.927,0.0000,0.0000,0.0000,0,0.000,0.000,0.0000,0.0000,0,0,-995.921,21.651,82.927,0.000,0,-1.000000,1.000,28.924,-1.000000,0.0000,0.0000,0,0,0.000,1.000,19.607,-995.921,21.651,82.927,0,0,-1,99.969970
14,2.0210,idle,-1000.000,0.000,88.150,0.000,0.000,15.000,-987.007,-7.889,3.238,-985.670,9.560,3.238,0.0000,0.0000,-993.263,-21.791,82.927,-995.921,21.651,82.927,0.0000,0.0000,0.0000,0,0.000,0.000,0.0000,0.0000,0,0,-995.921,21.651,82.927,0.000,0,-1.000000,1.000,28.924,-1.000000,0.0000,0.0000,0,0,0.000,1.000,19.607,-995.921,21.651,82.927,0,0,-1,99.967632
15,2.1521,idle,-1000.000,0.000,88.150,0.000,0.000,15.000,-987.007,-7.889,3.238,-985.670,9.560,3.238,0.0000,0.0000,-993.154,-21.780,82.941,-995.810,21.654,82.941,0.0000,0.0000,0.0000,0,0.000,0.000,0.0000,0.0000,0,0,-995.810,21.654,82.941,0.000,0,-1.000000,1.000,28.924,-1.000000,0.0000,0.0000,0,0,0.000,1.000,19.607,-995.810,21.654,82.941,0,0,-1,99.965532
16,2.2784,idle,-1000.000,0.000,88.150,0.000,0.000,15.000,-987.007,-7.889,3.238,-985.670,9.560,3.238,0.0000,0.0000,-993.073,-21.772,82.952,-995.728,21.655,82.952,0.0000,0.0000,0.0000,0,0.000,0.000,0.0000,0.0000,0,0,-995.728,21.655,82.952,0.000,0,-1.000000,1.000,28.924,-1.000000,0.0000,0.0000,0,0,0.000,1.000,19.607,-995.728,21.655,82.952,0,0,-1,99.963515
17,2.4088,idle,-1000.000,0.000,88.150,0.000,0.000,15.000,-987.007,-7.889,3.238,-985.670,9.560,3.238,0.0000,0.0000,-992.991,-21.763,82.964,-995.647,21.657,82.964,0.0000,0.0000,0.0000,0,0.000,0.000,0.0000,0.0000,0,0,-995.647,21.657,82.964,0.000,0,-1.000000,1.000,28.924,-1.000000,0.0000,0.0000,0,0,0.000,1.000,19.607,-995.647,21.657,82.964,0,0,-1,99.961423
18,2.5359,idle,-1000.000,0.000,88.150,0.000,0.000,15.000,-987.007,-7.889,3.238,-985.670,9.560,3.238,0.0000,0.0000,-992.899,-21.754,82.976,-995.554,21.659,82.977,0.0000,0.0000,0.0000,0,0.000,0.000,0.0000,0.0000,0,0,-995.554,21.659,82.977,0.000,0,-1.000000,1.000,28.924,-1.000000,0.0000,0.0000,0,0,0.000,1.000,19.607,-995.554,21.659,82.977,0,0,-1,99.959394
19,2.6661,idle,-1000.000,0.000,88.150,0.000,0.000,15.000,-987.007,-7.889,3.238,-985.670,9.560,3.238,0.0000,0.0000,-992.809,-21.744,82.989,-995.464,21.660,82.989,0.0000,0.0000,0.0000,0,0.000,0.000,0.0000,0.0000,0,0,-995.464,21.660,82.989,0.000,0,-1.000000,1.000,28.924,-1.000000,0.0000,0.0000,0,0,0.000,1.000,19.607,-995.464,21.660,82.989,0,0,-1,99.957306
20,2.8020,idle,-1000.000,0.000,88.150,0.000,0.000,15.000,-987.007,-7.889,3.238,-985.670,9.560,3.238,0.0000,0.0000,-992.728,-21.736,83.001,-995.382,21.662,83.001,0.0000,0.0000,0.0000,0,0.000,0.000,0.0000,0.0000,0,0,-995.382,21.662,83.001,0.000,0,-1.000000,1.000,28.924,-1.000000,0.0000,0.0000,0,0,0.000,1.000,19.607,-995.382,21.662,83.001,0,0,-1,99.955140
21,2.9329,idle,-1000.000,0.000,88.150,0.000,0.000,15.000,-987.007,-7.889,3.238,-985.670,9.560,3.238,0.0000,0.0000,-992.659,-21.729,83.011,-995.313,21.663,83.011,0.0000,0.0000,0.0000,0,0.000,0.000,0.0000,0.0000,0,0,-995.313,21.663,83.011,0.000,0,-1.000000,1.000,28.924,-1.000000,0.0000,0.0000,0,0,0.000,1.000,19.607,-995.313,21.663,83.011,0,0,-1,99.953037
22,3.0693,idle,-1000.000,0.000,88.150,0.000,0.000,15.000,-987.007,-7.889,3.238,-985.670,9.560,3.238,0.0000,0.0000,-992.659,-21.729,83.011,-995.313,21.663,83.011,0.0000,0.0000,0.0000,0,0.000,0.000,0.0000,0.0000,0,0,-995.313,21.663,83.011,0.000,0,-1.000000,1.000,28.924,-1.000000,0.0000,0.0000,0,0,0.000,1.000,19.607,-995.313,21.663,83.011,0,0,-1,99.950861
23,3.2148,idle,-1000.000,0.000,88.150,0.000,0.000,15.000,-987.007,-7.889,3.238,-985.670,9.560,3.238,0.0000,0.0000,-992.589,-21.721,83.022,-995.242,21.664,83.022,0.0000,0.0000,0.0000,0,0.000,0.000,0.0000,0.0000,0,0,-995.242,21.664,83.022,0.000,0,-1.000000,1.000,28.924,-1.000000,0.0000,0.0000,0,0,0.000,1.000,19.607,-995.242,21.664,83.022,0,0,-1,99.948529
24,3.3455,idle,-1000.000,0.000,88.150,0.000,0.000,15.000,-987.007,-7.889,3.238,-985.670,9.560,3.238,0.0000,0.0000,-992.589,-21.721,83.022,-995.242,21.664,83.022,0.0000,0.0000,0.0000,0,0.000,0.000,0.0000,0.0000,0,0,-995.242,21.664,83.022,0.000,0,-1.000000,1.000,28.924,-1.000000,0.0000,0.0000,0,0,0.000,1.000,19.607,-995.242,21.664,83.022,0,0,-1,99.946442
25,3.4747,idle,-1000.000,0.000,88.150,0.000,0.000,15.000,-987.007,-7.889,3.238,-985.670,9.560,3.238,0.0000,0.0000,-992.627,-21.725,83.016,-995.280,21.664,83.017,0.0000,0.0000,0.0000,0,0.000,0.000,0.0000,0.0000,0,0,-995.280,21.664,83.017,0.000,0,-1.000000,1.000,28.924,-1.000000,0.0000,0.0000,0,0,0.000,1.000,19.607,-995.280,21.664,83.017,0,0,-1,99.944370
26,3.6101,idle,-1000.000,0.000,88.150,0.000,0.000,15.000,-987.007,-7.889,3.238,-985.670,9.560,3.238,0.0000,0.0000,-992.699,-21.733,83.010,-995.352,21.662,83.010,0.0000,0.0000,0.0000,0,0.000,0.000,0.0000,0.0000,0,0,-995.352,21.662,83.010,0.000,0,-1.000000,1.000,28.924,-1.000000,0.0000,0.0000,0,0,0.000,1.000,19.607,-995.352,21.662,83.010,0,0,-1,99.942206
27,3.7450,idle,-1000.000,0.000,88.150,0.000,0.000,15.000,-987.007,-7.889,3.238,-985.670,9.560,3.238,0.0000,0.0000,-992.758,-21.739,82.997,-995.412,21.661,82.997,0.0000,0.0000,0.0000,0,0.000,0.000,0.0000,0.0000,0,0,-995.412,21.661,82.997,0.000,0,-1.000000,1.000,28.924,-1.000000,0.0000,0.0000,0,0,0.000,1.000,19.607,-995.412,21.661,82.997,0,0,-1,99.940045
28,3.8829,idle,-1000.000,0.000,88.150,0.000,0.000,15.000,-987.007,-7.889,3.238,-985.670,9.560,3.238,0.0000,0.0000,-992.855,-21.749,82.983,-995.509,21.659,82.983,0.0000,0.0000,0.0000,0,0.000,0.000,0.0000,0.0000,0,0,-995.509,21.659,82.983,0.000,0,-1.000000,1.000,28.924,-1.000000,0.0000,0.0000,0,0,0.000,1.000,19.607,-995.509,21.659,82.983,0,0,-1,99.937844
29,4.0106,idle,-1000.000,0.000,88.150,0.000,0.000,15.000,-987.007,-7.889,3.238,-985.670,9.560,3.238,0.0000,0.0000,-992.939,-21.758,82.971,-995.594,21.658,82.971,0.0000,0.0000,0.0000,0,0.000,0.000,0.0000,0.0000,0,0,-995.594,21.658,82.971,0.000,0,-1.000000,1.000,28.924,-1.000000,0.0000,0.0000,0,0,0.000,1.000,19.607,-995.594,21.658,82.971,0,0,-1,99.935796
30,4.1447,idle,-1000.000,0.000,88.150,0.000,0.000,15.000,-987.007,-7.889,3.238,-985.670,9.560,3.238,0.0000,0.0000,-993.033,-21.768,82.958,-995.689,21.656,82.958,0.0000,0.0000,0.0000,0,0.000,0.000,0.0000,0.0000,0,0,-995.689,21.656,82.958,0.000,0,-1.000000,1.000,28.924,-1.000000,0.0000,0.0000,0,0,0.000,1.000,19.607,-995.689,21.656,82.958,0,0,-1,99.933653
31,4.2757,slow-walk,-1000.000,0.000,88.150,0.000,0.000,15.000,-987.007,-7.889,3.238,-985.670,9.560,3.238,0.0000,0.0000,-993.118,-21.776,82.946,-995.775,21.654,82.946,0.0000,0.0000,0.0000,0,0.000,0.000,0.0000,0.0000,0,0,-995.775,21.654,82.946,0.000,0,-1.000000,1.000,28.924,-1.000000,0.0000,0.0000,0,0,0.000,1.000,19.607,-995.775,21.654,82.946,0,0,-1,99.931553
32,4.4204,slow-walk,-996.495,0.939,88.150,37.796,15.000,15.000,-964.045,2.653,2.314,-1005.871,7.033,2.498,0.7199,0.3150,-986.621,-19.052,78.670,-995.461,23.869,79.111,0.0454,0.0000,0.0000,0,0.000,0.000,0.0000,0.0000,0,0,-995.461,23.869,79.111,0.000,0,-1.000000,1.000,28.924,-1.000000,0.0000,0.0000,0,0,0.000,1.000,19.607,-995.461,23.869,79.111,0,0,-1,99.929249
33,4.5709,slow-walk,-987.618,3.318,88.150,67.500,15.000,15.000,-958.276,4.010,3.271,-996.197,9.613,7.780,1.0000,0.5625,-984.085,-19.280,78.464,-980.142,27.658,79.987,0.1303,0.0000,0.0000,0,0.000,0.000,0.0000,0.0000,0,0,-980.142,27.658,79.987,0.000,0,-1.000000,1.000,28.924,-1.000000,0.0000,0.0000,0,0,0.000,1.000,19.607,-980.142,27.658,79.987,0,0,-1,99.926833
34,4.7152,slow-walk,-978.229,5.833,88.150,67.500,15.000,15.000,-958.052,3.386,3.254,-974.483,16.195,11.230,1.0000,0.5625,-977.493,-17.984,79.943,-968.105,30.586,81.824,0.2113,0.0000,0.0000,0,0.000,0.000,0.0000,0.0000,0,0,-968.105,30.586,81.824,0.000,0,-1.000000,1.000,28.924,-1.000000,0.0000,0.0000,0,0,0.000,1.000,19.607,-968.105,30.586,81.824,0,0,-1,99.924529
35,4.8547,slow-walk,-969.107,8.278,88.150,67.500,15.000,15.000,-957.862,2.838,3.237,-952.175,23.026,11.204,1.0000,0.5625,-968.355,-15.533,79.913,-959.002,33.024,81.791,0.2900,0.0000,0.0000,0,0.000,0.000,0.0000,0.0000,0,0,-959.002,33.024,81.791,0.000,0,-1.000000,1.000,28.924,-1.000000,0.0000,0.0000,0,0,0.000,1.000,19.607,-959.002,33.024,81.791,0,0,-1,99.922291
36,4.9952,slow-walk,-959.966,10.727,88.150,67.500,15.000,15.000,-957.764,2.160,3.150,-930.883,29.405,7.728,1.0000,0.5625,-956.368,-12.039,78.359,-952.418,34.892,79.888,0.3688,0.0000,0.0000,0,0.000,0.000,0.0000,0.0000,0,0,-952.418,34.892,79.888,0.000,0,-1.000000,1.000,28.924,-1.000000,0.0000,0.0000,0,0,0.000,1.000,19.607,-952.418,34.892,79.888,0,0,-1,99.920047
37,5.1331,slow-walk,-950.952,13.142,88.150,67.500,15.000,15.000,-957.590,1.797,3.091,-914.138,34.629,4.006,1.0000,0.5625,-942.584,-7.379,76.920,-948.288,36.527,77.652,0.4466,0.0000,0.0000,0,0.000,0.000,0.0000,0.0000,0,0,-948.288,36.527,77.652,0.000,0,-1.000000,1.000,28.924,-1.000000,0.0000,0.0000,0,0,0.000,1.000,19.607,-948.288,36.527,77.652,0,0,-1,99.917835
38,5.2804,slow-walk,-941.367,15.711,88.150,67.500,15.000,15.000,-953.485,2.581,3.436,-906.104,36.711,3.109,1.0000,0.5625,-926.847,-2.017,77.251,-945.179,37.691,76.828,0.5293,0.0000,0.0000,0,0.000,0.000,0.0000,0.0000,0,0,-945.179,37.691,76.828,0.000,0,-1.000000,1.000,28.924,-1.000000,0.0000,0.0000,0,0,0.000,1.000,19.607,-945.179,37.691,76.828,0,0,-1,99.915483
39,5.4194,slow-walk,-932.288,18.143,88.150,67.500,15.000,15.000,-938.291,7.247,6.492,-905.891,36.368,3.177,1.0000,0.5625,-912.971,2.839,79.231,-941.884,38.844,77.886,0.6076,0.0000,0.0000,0,0.000,0.000,0.0000,0.0000,0,0,-941.884,38.844,77.886,0.000,0,-1.000000,1.000,28.924,-1.000000,0.0000,0.0000,0,0,0.000,1.000,19.607,-941.884,38.844,77.886,0,0,-1,99.913255
40,5.5561,slow-walk,-923.390,20.528,88.150,67.500,15.000,15.000,-918.555,13.090,10.008,-905.767,35.670,2.883,1.0000,0.5625,-901.011,6.609,81.072,-936.517,40.203,79.173,0.6844,0.0000,0.0000,0,0.000,0.000,0.0000,0.0000,0,0,-936.517,40.203,79.173,0.000,0,-1.000000,1.000,28.924,-1.000000,0.0000,0.0000,0,0,0.000,1.000,19.607,-936.517,40.203,79.173,0,0,-1,99.911072
41,5.7090,slow-walk,-913.408,23.202,88.150,67.500,15.000,15.000,-894.224,20.503,11.627,-905.501,35.004,3.288,1.0000,0.5625,-890.260,9.583,82.118,-927.458,42.536,80.104,0.7705,0.0000,0.0000,0,0.000,0.000,0.0000,0.0000,0,0,-927.458,42.536,80.104,0.000,0,-1.000000,1.000,28.924,-1.000000,0.0000,0.0000,0,0,0.000,1.000,19.607,-927.458,42.536,80.104,0,0,-1,99.908622
42,5.8485,slow-walk,-904.330,25.635,88.150,67.500,15.000,15.000,-872.530,27.001,8.891,-905.362,34.309,3.255,1.0000,0.5625,-882.926,10.996,80.604,-916.202,45.414,78.926,0.8488,0.0000,0.0000,0,0.000,0.000,0.0000,0.0000,0,0,-916.202,45.414,78.926,0.000,0,-1.000000,1.000,28.924,-1.000000,0.0000,0.0000,0,0,0.000,1.000,19.607,-916.202,45.414,78.926,0,0,-1,99.906394
43,5.9891,slow-walk,-895.145,28.096,88.150,67.500,15.000,15.000,-854.176,32.662,4.539,-905.207,33.895,2.883,1.0000,0.5625,-877.733,11.638,77.974,-902.192,49.233,76.984,0.9281,0.0000,0.0000,0,0.000,0.000,0.0000,0.0000,0,0,-902.192,49.233,76.984,0.000,0,-1.000000,1.000,28.924,-1.000000,0.0000,0.0000,0,0,0.000,1.000,19.607,-902.192,49.233,76.984,0,0,-1,99.904140
44,6.1386,slow-walk,-885.412,30.704,88.150,67.500,15.000,15.000,-842.593,35.849,3.196,-903.500,33.762,3.274,1.0000,0.5625,-873.964,11.473,76.896,-885.906,53.340,77.069,0.0120,0.0000,0.0000,0,0.000,0.000,0.0000,0.0000,0,0,-885.906,53.340,77.069,0.000,0,-1.000000,1.000,28.924,-1.000000,0.0000,0.0000,0,0,0.000,1.000,19.607,-885.906,53.340,77.069,0,0,-1,99.901752
45,6.2863,slow-walk,-875.774,33.286,88.150,67.500,15.000,15.000,-842.407,35.338,3.241,-888.519,38.188,5.945,1.0000,0.5625,-870.250,11.547,77.742,-870.330,57.251,78.922,0.0952,0.0000,0.0000,0,0.000,0.000,0.0000,0.0000,0,0,-870.330,57.251,78.922,0.000,0,-1.000000,1.000,28.924,-1.000000,0.0000,0.0000,0,0,0.000,1.000,19.607,-870.330,57.251,78.922,0,0,-1,99.899387
46,6.4360,slow-walk,-866.036,35.896,88.150,67.500,15.000,15.000,-842.112,34.692,3.123,-867.538,44.503,9.962,1.0000,0.5625,-864.557,12.434,79.340,-856.660,60.531,81.112,0.1792,0.0000,0.0000,0,0.000,0.000,0.0000,0.0000,0,0,-856.660,60.531,81.112,0.000,0,-1.000000,1.000,28.924,-1.000000,0.0000,0.0000,0,0,0.000,1.000,19.607,-856.660,60.531,81.112,0,0,-1,99.896997
47,6.5889,slow-walk,-856.039,38.574,88.150,67.500,15.000,15.000,-842.069,34.092,3.264,-843.214,51.975,11.690,1.0000,0.5625,-855.610,14.681,80.115,-845.655,63.409,82.035,0.2654,0.0000,0.0000,0,0.000,0.000,0.0000,0.0000,0,0,-845.655,63.409,82.035,0.000,0,-1.000000,1.000,28.924,-1.000000,0.0000,0.0000,0,0,0.000,1.000,19.607,-845.655,63.409,82.035,0,0,-1,99.894544
48,6.7394,slow-walk,-846.240,41.200,88.150,67.500,15.000,15.000,-841.809,33.458,3.457,-819.733,59.134,9.048,1.0000,0.5625,-843.591,18.124,79.102,-837.796,65.602,80.764,0.3500,0.0000,0.0000,0,0.000,0.000,0.0000,0.0000,0,0,-837.796,65.602,80.764,0.000,0,-1.000000,1.000,28.924,-1.000000,0.0000,0.0000,0,0,0.000,1.000,19.607,-837.796,65.602,80.764,0,0,-1,99.892139
49,6.8941,slow-walk,-836.139,43.906,88.150,67.500,15.000,15.000,-841.709,33.000,3.336,-799.943,65.276,4.618,1.0000,0.5625,-828.448,23.149,77.274,-832.792,67.497,78.128,0.4371,0.0000,0.0000,0,0.000,0.000,0.0000,0.0000,0,0,-832.792,67.497,78.128,0.000,0,-1.000000,1.000,28.924,-1.000000,0.0000,0.0000,0,0,0.000,1.000,19.607,-832.792,67.497,78.128,0,0,-1,99.889660
50,7.0379,slow-walk,-826.790,46.411,88.150,67.500,15.000,15.000,-839.393,33.254,3.332,-790.205,67.966,3.197,1.0000,0.5625,-813.154,28.374,77.127,-829.711,68.685,76.869,0.5178,0.0000,0.0000,0,0.000,0.000,0.0000,0.0000,0,0,-829.711,68.685,76.869,0.000,0,-1.000000,1.000,28.924,-1.000000,0.0000,0.0000,0,0,0.000,1.000,19.607,-829.711,68.685,76.869,0,0,-1,99.887366
51,7.1892,slow-walk,-816.904,49.060,88.150,67.500,15.000,15.000,-823.434,38.010,6.164,-790.027,67.473,3.083,1.0000,0.5625,-797.845,33.662,78.993,-826.231,69.857,77.695,0.6031,0.0000,0.0000,0,0.000,0.000,0.0000,0.0000,0,0,-826.231,69.857,77.695,0.000,0,-1.000000,1.000,28.924,-1.000000,0.0000,0.0000,0,0,0.000,1.000,19.607,-826.231,69.857,77.695,0,0,-1,99.884940
52,7.3342,slow-walk,-807.476,51.587,88.150,67.500,15.000,15.000,-802.637,44.151,10.009,-789.855,66.728,2.884,1.0000,0.5625,-785.096,37.668,81.074,-820.604,71.262,79.174,0.6844,0.0000,0.0000,0,0.000,0.000,0.0000,0.0000,0,0,-820.604,71.262,79.174,0.000,0,-1.000000,1.000,28.924,-1.000000,0.0000,0.0000,0,0,0.000,1.000,19.607,-820.604,71.262,79.174,0,0,-1,99.882627
53,7.4736,slow-walk,-798.353,54.031,88.150,67.500,15.000,15.000,-780.400,50.911,11.692,-789.630,66.094,3.267,1.0000,0.5625,-775.155,40.430,82.138,-812.463,73.342,80.117,0.7631,0.0000,0.0000,0,0.000,0.000,0.0000,0.0000,0,0,-812.463,73.342,80.117,0.000,0,-1.000000,1.000,28.924,-1.000000,0.0000,0.0000,0,0,0.000,1.000,19.607,-812.463,73.342,80.117,0,0,-1,99.880388
54,7.6162,slow-walk,-789.079,56.516,88.150,67.500,15.000,15.000,-758.172,57.692,9.067,-789.485,65.505,3.174,1.0000,0.5625,-767.497,42.079,80.689,-801.217,76.329,78.961,0.8431,0.0000,0.0000,0,0.000,0.000,0.0000,0.0000,0,0,-801.217,76.329,78.961,0.000,0,-1.000000,1.000,28.924,-1.000000,0.0000,0.0000,0,0,0.000,1.000,19.607,-801.217,76.329,78.961,0,0,-1,99.878112
55,7.7639,slow-walk,-779.429,59.102,88.150,67.500,15.000,15.000,-738.625,63.622,4.620,-789.301,64.972,2.898,1.0000,0.5625,-761.924,42.696,78.037,-786.601,80.216,77.030,0.9264,0.0000,0.0000,0,0.000,0.000,0.0000,0.0000,0,0,-786.601,80.216,77.030,0.000,0,-1.000000,1.000,28.924,-1.000000,0.0000,0.0000,0,0,0.000,1.000,19.607,-786.601,80.216,77.030,0,0,-1,99.875744
56,7.9032,slow-walk,-770.358,61.532,88.150,67.500,15.000,15.000,-726.710,66.986,3.201,-788.510,64.604,3.247,1.0000,0.5625,-758.327,42.579,76.943,-771.470,84.048,77.005,0.0046,0.0000,0.0000,0,0.000,0.000,0.0000,0.0000,0,0,-771.470,84.048,77.005,0.000,0,-1.000000,1.000,28.924,-1.000000,0.0000,0.0000,0,0,0.000,1.000,19.607,-771.470,84.048,77.005,0,0,-1,99.873518
57,8.0451,slow-walk,-761.092,64.015,88.150,67.500,15.000,15.000,-726.522,66.519,3.314,-774.988,68.583,5.514,1.0000,0.5625,-754.924,42.599,77.582,-756.300,87.891,78.655,0.0846,0.0000,0.0000,0,0.000,0.000,0.0000,0.0000,0,0,-756.300,87.891,78.655,0.000,0,-1.000000,1.000,28.924,-1.000000,0.0000,0.0000,0,0,0.000,1.000,19.607,-756.300,87.891,78.655,0,0,-1,99.871244
58,8.2036,slow-walk,-750.773,66.780,88.150,67.500,15.000,15.000,-726.200,65.805,3.141,-753.173,75.096,9.770,1.0000,0.5625,-749.133,43.398,79.251,-741.552,91.398,81.002,0.1736,0.0000,0.0000,0,0.000,0.000,0.0000,0.0000,0,0,-741.552,91.398,81.002,0.000,0,-1.000000,1.000,28.924,-1.000000,0.0000,0.0000,0,0,0.000,1.000,19.607,-741.552,91.398,81.002,0,0,-1,99.868712
59,8.3568,stop-from-slow-walk,-740.770,69.460,88.150,67.500,15.000,15.000,-726.139,65.193,3.253,-728.870,82.560,11.698,1.0000,0.5625,-740.402,45.555,80.127,-730.357,94.301,82.045,0.2599,0.0000,0.0000,0,0.000,0.000,0.0000,0.0000,0,0,-730.357,94.301,82.045,0.000,0,-1.000000,1.000,28.924,-1.000000,0.0000,0.0000,0,0,0.000,1.000,19.607,-730.357,94.301,82.045,0,0,-1,99.866257
60,8.4993,stop-from-slow-walk,-740.770,69.460,88.150,0.000,15.000,15.000,-726.155,65.201,3.060,-729.077,82.554,4.587,0.2883,0.0000,-731.745,48.736,81.770,-738.712,92.501,82.382,0.2599,0.0000,0.0000,0,0.000,0.000,0.0000,0.0000,0,0,-738.712,92.501,82.382,0.000,0,-1.000000,1.000,28.924,-1.000000,0.0000,0.0000,0,0,0.000,1.000,19.607,-738.712,92.501,82.382,0,0,-1,99.863980
61,8.6415,stop-from-slow-walk,-740.770,69.460,88.150,0.000,15.000,15.000,-726.178,65.203,3.238,-729.403,82.404,3.238,0.0000,0.0000,-728.209,50.313,82.987,-742.007,91.553,82.987,0.2599,0.0000,0.0000,0,0.000,0.000,0.0000,0.0000,0,0,-742.007,91.553,82.987,0.000,0,-1.000000,1.000,28.924,-1.000000,0.0000,0.0000,0,0,0.000,1.000,19.607,-742.007,91.553,82.987,0,0,-1,99.861700
62,8.7860,stop-from-slow-walk,-740.770,69.460,88.150,0.000,15.000,15.000,-726.178,65.203,3.238,-729.403,82.404,3.238,0.0000,0.0000,-728.129,50.344,83.000,-741.925,91.577,83.000,0.2599,0.0000,0.0000,0,0.000,0.000,0.0000,0.0000,0,0,-741.925,91.577,83.000,0.000,0,-1.000000,1.000,28.924,-1.000000,0.0000,0.0000,0,0,0.000,1.000,19.607,-741.925,91.577,83.000,0,0,-1,99.859393
63,8.9240,stop-from-slow-walk,-740.770,69.460,88.150,0.000,15.000,15.000,-726.178,65.203,3.238,-729.403,82.404,3.238,0.0000,0.0000,-728.056,50.372,83.011,-741.850,91.598,83.011,0.2599,0.0000,0.0000,0,0.000,0.000,0.0000,0.0000,0,0,-741.850,91.598,83.011,0.000,0,-1.000000,1.000,28.924,-1.000000,0.0000,0.0000,0,0,0.000,1.000,19.607,-741.850,91.598,83.011,0,0,-1,99.857181
64,9.0637,stop-from-slow-walk,-740.770,69.460,88.150,0.000,15.000,15.000,-726.178,65.203,3.238,-729.403,82.404,3.238,0.0000,0.0000,-728.056,50.372,83.011,-741.850,91.598,83.011,0.2599,0.0000,0.0000,0,0.000,0.000,0.0000,0.0000,0,0,-741.850,91.598,83.011,0.000,0,-1.000000,1.000,28.924,-1.000000,0.0000,0.0000,0,0,0.000,1.000,19.607,-741.850,91.598,83.011,0,0,-1,99.854950
65,9.2031,stop-from-slow-walk,-740.770,69.460,88.150,0.000,15.000,15.000,-726.178,65.203,3.238,-729.403,82.404,3.238,0.0000,0.0000,-727.989,50.397,83.022,-741.782,91.618,83.022,0.2599,0.0000,0.0000,0,0.000,0.000,0.0000,0.0000,0,0,-741.782,91.618,83.022,0.000,0,-1.000000,1.000,28.924,-1.000000,0.0000,0.0000,0,0,0.000,1.000,19.607,-741.782,91.618,83.022,0,0,-1,99.852715
66,9.3462,stop-from-slow-walk,-740.770,69.460,88.150,0.000,15.000,15.000,-726.178,65.203,3.238,-729.403,82.404,3.238,0.0000,0.0000,-727.989,50.397,83.022,-741.782,91.618,83.022,0.2599,0.0000,0.0000,0,0.000,0.000,0.0000,0.0000,0,0,-741.782,91.618,83.022,0.000,0,-1.000000,1.000,28.924,-1.000000,0.0000,0.0000,0,0,0.000,1.000,19.607,-741.782,91.618,83.022,0,0,-1,99.850429
67,9.4830,stop-from-slow-walk,-740.770,69.460,88.150,0.000,15.000,15.000,-726.178,65.203,3.238,-729.403,82.404,3.238,0.0000,0.0000,-728.030,50.382,83.016,-741.822,91.606,83.016,0.2599,0.0000,0.0000,0,0.000,0.000,0.0000,0.0000,0,0,-741.822,91.606,83.016,0.000,0,-1.000000,1.000,28.924,-1.000000,0.0000,0.0000,0,0,0.000,1.000,19.607,-741.822,91.606,83.016,0,0,-1,99.848238
68,9.6237,stop-from-slow-walk,-740.770,69.460,88.150,0.000,15.000,15.000,-726.178,65.203,3.238,-729.403,82.404,3.238,0.0000,0.0000,-728.100,50.356,83.010,-741.894,91.585,83.010,0.2599,0.0000,0.0000,0,0.000,0.000,0.0000,0.0000,0,0,-741.894,91.585,83.010,0.000,0,-1.000000,1.000,28.924,-1.000000,0.0000,0.0000,0,0,0.000,1.000,19.607,-741.894,91.585,83.010,0,0,-1,99.845989
69,9.7636,stop-from-slow-walk,-740.770,69.460,88.150,0.000,15.000,15.000,-726.178,65.203,3.238,-729.403,82.404,3.238,0.0000,0.0000,-728.160,50.332,82.995,-741.957,91.568,82.995,0.2599,0.0000,0.0000,0,0.000,0.000,0.0000,0.0000,0,0,-741.957,91.568,82.995,0.000,0,-1.000000,1.000,28.924,-1.000000,0.0000,0.0000,0,0,0.000,1.000,19.607,-741.957,91.568,82.995,0,0,-1,99.843747
70,9.9046,stop-from-slow-walk,-740.770,69.460,88.150,0.000,15.000,15.000,-726.178,65.203,3.238,-729.403,82.404,3.238,0.0000,0.0000,-728.254,50.296,82.980,-742.054,91.540,82.981,0.2599,0.0000,0.0000,0,0.000,0.000,0.0000,0.0000,0,0,-742.054,91.540,82.981,0.000,0,-1.000000,1.000,28.924,-1.000000,0.0000,0.0000,0,0,0.000,1.000,19.607,-742.054,91.540,82.981,0,0,-1,99.841494
71,10.0454,stop-from-slow-walk,-740.770,69.460,88.150,0.000,15.000,15.000,-726.178,65.203,3.238,-729.403,82.404,3.238,0.0000,0.0000,-728.342,50.263,82.967,-742.144,91.514,82.967,0.2599,0.0000,0.0000,0,0.000,0.000,0.0000,0.0000,0,0,-742.144,91.514,82.967,0.000,0,-1.000000,1.000,28.924,-1.000000,0.0000,0.0000,0,0,0.000,1.000,19.607,-742.144,91.514,82.967,0,0,-1,99.839238
72,10.1897,stop-from-slow-walk,-740.770,69.460,88.150,0.000,15.000,15.000,-726.178,65.203,3.238,-729.403,82.404,3.238,0.0000,0.0000,-728.437,50.226,82.953,-742.242,91.486,82.953,0.2599,0.0000,0.0000,0,0.000,0.000,0.0000,0.0000,0,0,-742.242,91.486,82.953,0.000,0,-1.000000,1.000,28.924,-1.000000,0.0000,0.0000,0,0,0.000,1.000,19.607,-742.242,91.486,82.953,0,0,-1,99.836933
73,10.3291,stop-from-slow-walk,-740.770,69.460,88.150,0.000,15.000,15.000,-726.178,65.203,3.238,-729.403,82.404,3.238,0.0000,0.0000,-728.495,50.205,82.943,-742.301,91.468,82.943,0.2599,0.0000,0.0000,0,0.000,0.000,0.0000,0.0000,0,0,-742.301,91.468,82.943,0.000,0,-1.000000,1.000,28.924,-1.000000,0.0000,0.0000,0,0,0.000,1.000,19.607,-742.301,91.468,82.943,0,0,-1,99.834698
74,10.4693,full-walk,-740.770,69.460,88.150,0.000,15.000,15.000,-726.178,65.203,3.238,-729.403,82.404,3.238,0.0000,0.0000,-728.515,50.198,82.934,-742.322,91.461,82.934,0.2599,0.0000,0.0000,0,0.000,0.000,0.0000,0.0000,0,0,-742.322,91.461,82.934,0.000,0,-1.000000,1.000,28.924,-1.000000,0.0000,0.0000,0,0,0.000,1.000,19.607,-742.322,91.461,82.934,0,0,-1,99.832460
75,10.6116,full-walk,-731.610,71.915,88.150,99.772,15.000,15.000,-726.747,64.224,2.820,-706.263,89.409,5.290,0.7127,0.8314,-725.184,50.174,79.461,-727.044,95.447,80.480,0.3784,0.0000,0.0000,0,0.000,0.000,0.0000,0.0000,0,0,-727.044,95.447,80.480,0.000,0,-1.000000,1.000,28.924,-1.000000,0.0000,0.0000,0,0,0.000,1.000,19.607,-727.044,95.447,80.480,0,0,-1,99.830179
76,10.7647,full-walk,-707.743,78.310,88.150,180.000,15.000,15.000,-713.770,67.407,6.477,-681.324,96.543,3.172,1.0000,1.5000,-688.438,63.001,79.220,-717.327,99.015,77.877,0.6074,0.0000,0.0000,0,0.000,0.000,0.0000,0.0000,0,0,-717.327,99.015,77.877,0.000,0,-1.000000,1.000,28.924,-1.000000,0.0000,0.0000,0,0,0.000,1.000,19.607,-717.327,99.015,77.877,0,0,-1,99.827737
77,10.9053,full-walk,-683.220,84.881,88.150,180.000,15.000,15.000,-656.045,84.951,9.880,-680.853,94.951,2.850,1.0000,1.5000,-660.930,70.930,80.988,-696.248,104.593,79.103,0.8190,0.0000,0.0000,0,0.000,0.000,0.0000,0.0000,0,0,-696.248,104.593,79.103,0.000,0,-1.000000,1.000,28.924,-1.000000,0.0000,0.0000,0,0,0.000,1.000,19.607,-696.248,104.593,79.103,0,0,-1,99.825480
78,11.0616,full-walk,-656.103,92.147,88.150,180.000,15.000,15.000,-617.975,95.803,3.314,-672.581,95.788,4.239,1.0000,1.5000,-647.685,71.634,77.141,-653.489,115.514,77.863,0.0529,0.0000,0.0000,0,0.000,0.000,0.0000,0.0000,0,0,-653.489,115.514,77.863,0.000,0,-1.000000,1.000,28.924,-1.000000,0.0000,0.0000,0,0,0.000,1.000,19.607,-653.489,115.514,77.863,0,0,-1,99.822984
79,11.2038,full-walk,-631.328,98.785,88.150,180.000,15.000,15.000,-617.505,94.255,3.267,-618.297,112.253,11.690,1.0000,1.5000,-630.885,74.895,80.112,-620.950,123.619,82.032,0.2667,0.0000,0.0000,0,0.000,0.000,0.0000,0.0000,0,0,-620.950,123.619,82.032,0.000,0,-1.000000,1.000,28.924,-1.000000,0.0000,0.0000,0,0,0.000,1.000,19.607,-620.950,123.619,82.032,0,0,-1,99.820705
80,11.3446,full-walk,-606.900,105.331,87.890,180.000,15.000,15.000,-616.993,92.608,2.911,-568.598,127.064,3.072,1.0000,1.5000,-596.158,85.583,76.588,-606.482,127.987,76.907,0.4774,0.0000,0.0000,0,0.000,0.000,0.0000,0.0000,0,0,-606.482,127.987,76.907,0.000,0,-1.000000,1.000,28.924,-1.000000,0.0000,0.0000,0,0,0.000,1.000,19.607,-606.482,127.987,76.907,0,0,-1,99.818457
81,11.4861,full-walk,-582.245,111.937,87.890,180.000,15.000,15.000,-576.504,104.795,10.161,-565.277,126.840,2.838,1.0000,1.5000,-559.735,98.071,81.137,-595.532,131.557,79.218,0.6901,0.0000,0.0000,0,0.000,0.000,0.0000,0.0000,0,0,-595.532,131.557,79.218,0.000,0,-1.000000,1.000,28.924,-1.000000,0.0000,0.0000,0,0,0.000,1.000,19.607,-595.532,131.557,79.218,0,0,-1,99.816188
82,11.6238,full-walk,-558.363,118.336,87.563,180.000,15.000,15.000,-520.608,121.959,5.677,-564.807,125.435,2.572,1.0000,1.5000,-539.198,102.840,78.521,-567.711,138.983,77.221,0.8962,0.0000,0.0000,0,0.000,0.000,0.0000,0.0000,0,0,-567.711,138.983,77.221,0.000,0,-1.000000,1.000,28.924,-1.000000,0.0000,0.0000,0,0,0.000,1.000,19.607,-567.711,138.983,77.221,0,0,-1,99.813990
83,11.7626,full-walk,-534.173,124.818,87.285,180.000,15.000,15.000,-501.905,126.458,2.334,-545.870,130.020,5.529,1.0000,1.5000,-529.238,102.790,77.032,-528.137,148.859,78.309,0.1049,0.0000,0.0000,0,0.000,0.000,0.0000,0.0000,0,0,-528.137,148.859,78.309,0.000,0,-1.000000,1.000,28.924,-1.000000,0.0000,0.0000,0,0,0.000,1.000,19.607,-528.137,148.859,78.309,0,0,-1,99.811764
84,11.9003,full-walk,-510.287,131.218,86.988,180.000,15.000,15.000,-501.452,125.034,2.059,-489.840,147.231,9.375,1.0000,1.5000,-509.062,107.676,78.441,-500.605,155.954,80.276,0.3109,0.0000,0.0000,0,0.000,0.000,0.0000,0.0000,0,0,-500.605,155.954,80.276,0.000,0,-1.000000,1.000,28.924,-1.000000,0.0000,0.0000,0,0,0.000,1.000,19.607,-500.605,155.954,80.276,0,0,-1,99.809566
85,12.0421,full-walk,-485.586,137.837,86.698,180.000,15.000,15.000,-497.926,124.694,1.934,-449.717,159.091,1.688,1.0000,1.5000,-471.470,119.966,75.740,-488.992,159.952,75.392,0.5240,0.0000,0.0000,0,0.000,0.000,0.0000,0.0000,0,0,-488.992,159.952,75.392,0.000,0,-1.000000,1.000,28.924,-1.000000,0.0000,0.0000,0,0,0.000,1.000,19.607,-488.992,159.952,75.392,0,0,-1,99.807293
86,12.1878,full-walk,-460.283,144.617,86.421,180.000,15.000,15.000,-445.871,140.301,9.961,-449.212,157.461,1.526,1.0000,1.5000,-437.061,131.027,80.418,-474.417,163.916,78.394,0.7423,0.0000,0.0000,0,0.000,0.000,0.0000,0.0000,0,0,-474.417,163.916,78.394,0.000,0,-1.000000,1.000,28.924,-1.000000,0.0000,0.0000,0,0,0.000,1.000,19.607,-474.417,163.916,78.394,0,0,-1,99.804964
87,12.3296,full-walk,-435.593,151.232,86.114,180.000,15.000,15.000,-392.655,156.476,1.730,-448.718,156.019,1.003,1.0000,1.5000,-419.989,133.946,75.427,-440.590,172.878,74.790,0.9553,0.0000,0.0000,0,0.000,0.000,0.0000,0.0000,0,0,-440.590,172.878,74.790,0.000,0,-1.000000,1.000,28.924,-1.000000,0.0000,0.0000,0,0,0.000,1.000,19.607,-440.590,172.878,74.790,0,0,-1,99.802692
88,12.4740,full-walk,-410.529,157.948,86.114,180.000,15.000,15.000,-385.721,157.055,1.113,-413.256,166.157,7.669,1.0000,1.5000,-408.830,134.595,77.184,-401.364,182.560,78.927,0.1716,0.0000,0.0000,0,0.000,0.000,0.0000,0.0000,0,0,-401.364,182.560,78.927,0.000,0,-1.000000,1.000,28.924,-1.000000,0.0000,0.0000,0,0,0.000,1.000,19.607,-401.364,182.560,78.927,0,0,-1,99.800386
89,12.6238,full-walk,-384.438,164.939,85.852,180.000,15.000,15.000,-385.483,155.666,0.779,-352.156,185.112,3.866,1.0000,1.5000,-379.472,143.168,75.402,-378.540,189.177,76.680,0.3967,0.0000,0.0000,0,0.000,0.000,0.0000,0.0000,0,0,-378.540,189.177,76.680,0.000,0,-1.000000,1.000,28.924,-1.000000,0.0000,0.0000,0,0,0.000,1.000,19.607,-378.540,189.177,76.680,0,0,-1,99.797985
90,12.7640,full-walk,-360.127,171.453,85.852,180.000,15.000,15.000,-366.270,160.516,4.106,-333.602,189.728,0.854,1.0000,1.5000,-340.878,156.124,76.869,-369.651,192.180,75.537,0.6064,0.0000,0.0000,0,0.000,0.000,0.0000,0.0000,0,0,-369.651,192.180,75.537,0.000,0,-1.000000,1.000,28.924,-1.000000,0.0000,0.0000,0,0,0.000,1.000,19.607,-369.651,192.180,75.537,0,0,-1,99.795747
91,12.9443,full-walk,-328.713,179.871,85.852,180.000,15.000,15.000,-293.110,182.645,4.986,-333.003,187.582,0.853,1.0000,1.5000,-308.556,164.746,77.381,-339.139,200.132,75.910,0.8774,0.0000,0.0000,0,0.000,0.000,0.0000,0.0000,0,0,-339.139,200.132,75.910,0.000,0,-1.000000,1.000,28.924,-1.000000,0.0000,0.0000,0,0,0.000,1.000,19.607,-339.139,200.132,75.910,0,0,-1,99.792857
92,13.0867,full-walk,-303.997,186.493,86.162,180.000,15.000,15.000,-270.116,188.738,1.280,-317.234,191.253,3.764,1.0000,1.5000,-298.198,164.892,75.684,-298.832,210.421,76.818,0.0907,0.0000,0.0000,0,0.000,0.000,0.0000,0.0000,0,0,-298.832,210.421,76.818,0.000,0,-1.000000,1.000,28.924,-1.000000,0.0000,0.0000,0,0,0.000,1.000,19.607,-298.832,210.421,76.818,0,0,-1,99.790582
93,13.2277,full-walk,-279.425,193.078,86.479,180.000,15.000,15.000,-269.619,187.155,1.464,-260.327,208.565,9.084,1.0000,1.5000,-278.462,169.376,77.989,-269.538,217.784,79.834,0.3027,0.0000,0.0000,0,0.000,0.000,0.0000,0.0000,0,0,-269.538,217.784,79.834,0.000,0,-1.000000,1.000,28.924,-1.000000,0.0000,0.0000,0,0,0.000,1.000,19.607,-269.538,217.784,79.834,0,0,-1,99.788321
94,13.3692,full-walk,-254.889,199.652,86.882,180.000,15.000,15.000,-267.566,186.500,2.042,-217.922,221.364,1.925,1.0000,1.5000,-241.517,181.522,75.826,-257.536,222.016,75.618,0.5143,0.0000,0.0000,0,0.000,0.000,0.0000,0.0000,0,0,-257.536,222.016,75.618,0.000,0,-1.000000,1.000,28.924,-1.000000,0.0000,0.0000,0,0,0.000,1.000,19.607,-257.536,222.016,75.618,0,0,-1,99.786063
95,13.5245,turn-while-moving,-227.850,206.897,87.432,180.000,15.000,15.000,-212.514,202.884,11.017,-217.401,219.518,2.526,1.0000,1.5000,-204.605,193.318,81.438,-242.008,226.185,79.409,0.7476,0.0000,0.0000,0,0.000,0.000,0.0000,0.0000,0,0,-242.008,226.185,79.409,0.000,0,-1.000000,1.000,28.924,-1.000000,0.0000,0.0000,0,0,0.000,1.000,19.607,-242.008,226.185,79.409,0,0,-1,99.783575
96,13.6887,turn-while-moving,-211.818,222.755,88.051,142.237,64.196,15.000,-188.098,257.845,3.950,-223.439,217.428,2.818,1.0000,1.1853,-188.275,224.261,77.554,-231.972,232.193,76.731,0.9420,0.0000,0.0000,0,0.000,0.000,0.0000,0.0000,0,0,-231.972,232.193,76.731,0.000,0,-1.000000,1.000,28.924,-1.000000,0.0000,0.0000,0,0,0.000,1.000,19.607,-231.972,232.193,76.731,0,0,-1,99.780951
97,13.8423,turn-while-moving,-203.996,243.171,88.641,142.237,72.265,15.000,-188.498,268.924,3.716,-214.100,238.500,7.918,1.0000,1.1853,-182.996,234.230,78.791,-220.522,262.304,80.257,0.1243,0.0000,0.0000,0,0.000,0.000,0.0000,0.0000,0,0,-220.522,262.304,80.257,0.000,0,-1.000000,1.000,28.924,-1.000000,0.0000,0.0000,0,0,0.000,1.000,19.607,-220.522,262.304,80.257,0,0,-1,99.778491
98,14.0078,turn-while-moving,-196.685,265.506,89.290,142.237,72.265,15.000,-187.003,268.528,4.413,-198.748,292.865,11.374,1.0000,1.1853,-176.181,254.129,80.633,-212.379,286.811,82.444,0.3201,0.0000,0.0000,0,0.000,0.000,0.0000,0.0000,0,0,-212.379,286.811,82.444,0.000,0,-1.000000,1.000,28.924,-1.000000,0.0000,0.0000,0,0,0.000,1.000,19.607,-212.379,286.811,82.444,0,0,-1,99.775847
99,14.1665,turn-while-moving,-189.776,287.054,89.959,142.237,72.265,15.000,-185.620,269.232,5.090,-187.929,330.541,4.983,1.0000,1.1853,-167.402,288.048,78.852,-209.901,297.384,78.729,0.5087,0.0000,0.0000,0,0.000,0.000,0.0000,0.0000,0,0,-209.901,297.384,78.729,0.000,0,-1.000000,1.000,28.924,-1.000000,0.0000,0.0000,0,0,0.000,1.000,19.607,-209.901,297.384,78.729,0,0,-1,99.773301
100,14.3297,turn-while-moving,-182.714,309.129,90.668,142.237,72.265,15.000,-173.104,311.989,13.718,-186.385,330.094,5.988,1.0000,1.1853,-158.825,320.839,84.487,-206.478,308.241,82.529,0.7018,0.0000,0.0000,0,0.000,0.000,0.0000,0.0000,0,0,-206.478,308.241,82.529,0.000,0,-1.000000,1.000,28.924,-1.000000,0.0000,0.0000,0,0,0.000,1.000,19.607,-206.478,308.241,82.529,0,0,-1,99.770694
101,14.4917,turn-while-moving,-175.685,331.107,91.417,142.237,72.265,15.000,-158.359,364.588,9.612,-185.068,329.762,6.391,1.0000,1.1853,-152.261,338.968,82.406,-198.137,334.281,81.087,0.8941,0.0000,0.0000,0,0.000,0.000,0.0000,0.0000,0,0,-198.137,334.281,81.087,0.000,0,-1.000000,1.000,28.924,-1.000000,0.0000,0.0000,0,0,0.000,1.000,19.607,-198.137,334.281,81.087,0,0,-1,99.768099
102,14.6480,turn-while-moving,-168.927,352.235,92.158,142.237,72.265,15.000,-152.149,383.314,7.288,-180.398,342.481,9.231,1.0000,1.1853,-147.482,346.257,81.462,-186.533,368.826,82.482,0.0790,0.0000,0.0000,0,0.000,0.000,0.0000,0.0000,0,0,-186.533,368.826,82.482,0.000,0,-1.000000,1.000,28.924,-1.000000,0.0000,0.0000,0,0,0.000,1.000,19.607,-186.533,368.826,82.482,0,0,-1,99.765603
103,14.8171,turn-while-moving,-161.592,375.171,92.988,142.237,72.265,15.000,-150.655,382.882,8.152,-165.306,395.598,16.355,1.0000,1.1853,-141.189,362.790,84.917,-176.906,397.195,86.819,0.2796,0.0000,0.0000,0,0.000,0.000,0.0000,0.0000,0,0,-176.906,397.195,86.819,0.000,0,-1.000000,1.000,28.924,-1.000000,0.0000,0.0000,0,0,0.000,1.000,19.607,-176.906,397.195,86.819,0,0,-1,99.762895
104,14.9650,turn-while-moving,-155.202,395.153,93.724,142.237,72.265,15.000,-149.418,382.515,8.603,-153.183,438.186,9.281,1.0000,1.1853,-133.259,391.694,82.371,-173.582,409.474,83.003,0.4544,0.0000,0.0000,0,0.000,0.000,0.0000,0.0000,0,0,-173.582,409.474,83.003,0.000,0,-1.000000,1.000,28.924,-1.000000,0.0000,0.0000,0,0,0.000,1.000,19.607,-173.582,409.474,83.003,0,0,-1,99.760535
105,15.1116,turn-while-moving,-148.825,415.091,94.469,142.237,72.265,15.000,-142.078,406.845,13.920,-150.392,444.699,9.516,1.0000,1.1853,-125.256,424.260,86.230,-171.723,417.030,84.666,0.6289,0.0000,0.0000,0,0.000,0.000,0.0000,0.0000,0,0,-171.723,417.030,84.666,0.000,0,-1.000000,1.000,28.924,-1.000000,0.0000,0.0000,0,0,0.000,1.000,19.607,-171.723,417.030,84.666,0,0,-1,99.758180
106,15.2555,turn-while-moving,-142.599,434.558,95.203,142.237,72.265,15.000,-128.744,454.173,18.236,-149.153,444.322,10.495,1.0000,1.1853,-118.714,446.249,89.014,-166.359,433.693,87.059,0.7992,0.0000,0.0000,0,0.000,0.000,0.0000,0.0000,0,0,-166.359,433.693,87.059,0.000,0,-1.000000,1.000,28.924,-1.000000,0.0000,0.0000,0,0,0.000,1.000,19.607,-166.359,433.693,87.059,0,0,-1,99.755881
107,15.3953,turn-while-moving,-136.531,453.531,95.916,142.237,72.265,15.000,-117.414,493.042,11.400,-147.813,443.859,10.892,1.0000,1.1853,-113.534,456.485,85.092,-157.042,461.744,84.601,0.9652,0.0000,0.0000,0,0.000,0.000,0.0000,0.0000,0,0,-157.042,461.744,84.601,0.000,0,-1.000000,1.000,28.924,-1.000000,0.0000,0.0000,0,0,0.000,1.000,19.607,-157.042,461.744,84.601,0,0,-1,99.753640
108,15.5332,turn-while-moving,-130.567,472.179,96.614,142.237,72.265,15.000,-115.215,497.457,11.719,-140.556,468.092,16.129,1.0000,1.1853,-109.622,463.028,86.875,-147.029,491.528,88.380,0.1284,0.0000,0.0000,0,0.000,0.000,0.0000,0.0000,0,0,-147.029,491.528,88.380,0.000,0,-1.000000,1.000,28.924,-1.000000,0.0000,0.0000,0,0,0.000,1.000,19.607,-147.029,491.528,88.380,0,0,-1,99.751438
109,15.6714,turn-while-moving,-124.571,490.928,97.302,142.237,72.265,15.000,-113.981,497.164,12.357,-127.710,513.573,20.261,1.0000,1.1853,-104.131,478.719,89.009,-139.932,512.773,90.879,0.2924,0.0000,0.0000,0,0.000,0.000,0.0000,0.0000,0,0,-139.932,512.773,90.879,0.000,0,-1.000000,1.000,28.924,-1.000000,0.0000,0.0000,0,0,0.000,1.000,19.607,-139.932,512.773,90.879,0,0,-1,99.749224
110,15.8114,turn-while-moving,-118.514,509.866,97.978,142.237,72.265,15.000,-112.809,496.808,12.876,-116.412,553.095,13.466,1.0000,1.1853,-96.494,506.694,86.628,-136.960,523.926,87.212,0.4581,0.0000,0.0000,0,0.000,0.000,0.0000,0.0000,0,0,-136.960,523.926,87.212,0.000,0,-1.000000,1.000,28.924,-1.000000,0.0000,0.0000,0,0,0.000,1.000,19.607,-136.960,523.926,87.212,0,0,-1,99.746987
111,15.9535,turn-while-moving,-112.345,529.156,98.640,142.237,72.265,15.000,-105.683,520.637,18.015,-113.861,559.004,13.714,1.0000,1.1853,-88.797,538.215,90.367,-135.215,531.200,88.824,0.6269,0.0000,0.0000,0,0.000,0.000,0.0000,0.0000,0,0,-135.215,531.200,88.824,0.000,0,-1.000000,1.000,28.924,-1.000000,0.0000,0.0000,0,0,0.000,1.000,19.607,-135.215,531.200,88.824,0,0,-1,99.744709
112,16.0963,turn-while-moving,-106.171,548.460,99.275,142.237,72.265,15.000,-92.462,567.473,22.360,-112.612,558.621,14.540,1.0000,1.1853,-82.273,560.215,93.110,-129.946,547.519,91.146,0.7958,0.0000,0.0000,0,0.000,0.000,0.0000,0.0000,0,0,-129.946,547.519,91.146,0.000,0,-1.000000,1.000,28.924,-1.000000,0.0000,0.0000,0,0,0.000,1.000,19.607,-129.946,547.519,91.146,0,0,-1,99.742429
113,16.2380,turn-while-moving,-100.018,567.700,99.883,142.237,72.265,15.000,-80.935,607.148,15.380,-111.282,558.166,14.847,1.0000,1.1853,-77.022,570.748,89.073,-120.574,575.832,88.566,0.9641,0.0000,0.0000,0,0.000,0.000,0.0000,0.0000,0,0,-120.574,575.832,88.566,0.000,0,-1.000000,1.000,28.924,-1.000000,0.0000,0.0000,0,0,0.000,1.000,19.607,-120.574,575.832,88.566,0,0,-1,99.740157
114,16.3830,turn-while-moving,-93.748,587.305,100.491,142.237,72.265,15.000,-78.628,611.738,15.643,-103.503,584.242,20.430,1.0000,1.1853,-72.879,577.785,90.950,-110.081,607.006,92.518,0.1356,0.0000,0.0000,0,0.000,0.000,0.0000,0.0000,0,0,-110.081,607.006,92.518,0.000,0,-1.000000,1.000,28.924,-1.000000,0.0000,0.0000,0,0,0.000,1.000,19.607,-110.081,607.006,92.518,0,0,-1,99.737842
115,16.5263,stop-from-turn,-87.528,606.751,101.084,142.237,72.265,15.000,-77.358,611.439,16.099,-90.122,631.720,23.602,1.0000,1.1853,-67.068,594.859,92.572,-103.015,628.370,94.413,0.3058,0.0000,0.0000,0,0.000,0.000,0.0000,0.0000,0,0,-103.015,628.370,94.413,0.000,0,-1.000000,1.000,28.924,-1.000000,0.0000,0.0000,0,0,0.000,1.000,19.607,-103.015,628.370,94.413,0,0,-1,99.735545
116,16.6643,stop-from-turn,-87.297,607.475,101.106,0.000,72.265,15.000,-76.242,615.751,15.932,-91.304,627.124,17.447,0.3108,0.0000,-65.062,603.588,94.531,-105.607,621.530,95.108,0.3058,0.0000,0.0000,0,0.000,0.000,0.0000,0.0000,0,0,-105.607,621.530,95.108,0.000,0,-1.000000,1.000,28.924,-1.000000,0.0000,0.0000,0,0,0.000,1.000,19.607,-105.607,621.530,95.108,0,0,-1,99.733340
117,16.8052,stop-from-turn,-87.297,607.475,101.106,0.000,72.265,15.000,-75.825,617.448,16.193,-92.038,624.036,16.193,0.0000,0.0000,-64.486,607.271,95.885,-106.672,617.973,95.885,0.3058,0.0000,0.0000,0,0.000,0.000,0.0000,0.0000,0,0,-106.672,617.973,95.885,0.000,0,-1.000000,1.000,28.924,-1.000000,0.0000,0.0000,0,0,0.000,1.000,19.607,-106.672,617.973,95.885,0,0,-1,99.731081
118,16.9463,stop-from-turn,-87.297,607.475,101.106,0.000,72.265,15.000,-75.825,617.448,16.193,-92.038,624.036,16.193,0.0000,0.0000,-64.489,607.254,95.882,-106.677,617.956,95.882,0.3058,0.0000,0.0000,0,0.000,0.000,0.0000,0.0000,0,0,-106.677,617.956,95.882,0.000,0,-1.000000,1.000,28.924,-1.000000,0.0000,0.0000,0,0,0.000,1.000,19.607,-106.677,617.956,95.882,0,0,-1,99.728827
119,17.0944,stop-from-turn,-87.297,607.475,101.106,0.000,72.265,15.000,-75.825,617.448,16.193,-92.038,624.036,16.193,0.0000,0.0000,-64.489,607.254,95.882,-106.677,617.956,95.882,0.3058,0.0000,0.0000,0,0.000,0.000,0.0000,0.0000,0,0,-106.677,617.956,95.882,0.000,0,-1.000000,1.000,28.924,-1.000000,0.0000,0.0000,0,0,0.000,1.000,19.607,-106.677,617.956,95.882,0,0,-1,99.726454
120,17.2329,stop-from-turn,-87.297,607.475,101.106,0.000,72.265,15.000,-75.825,617.448,16.193,-92.038,624.036,16.193,0.0000,0.0000,-64.456,607.413,95.904,-106.630,618.113,95.904,0.3058,0.0000,0.0000,0,0.000,0.000,0.0000,0.0000,0,0,-106.630,618.113,95.904,0.000,0,-1.000000,1.000,28.924,-1.000000,0.0000,0.0000,0,0,0.000,1.000,19.607,-106.630,618.113,95.904,0,0,-1,99.724241
121,17.3754,stop-from-turn,-87.297,607.475,101.106,0.000,72.265,15.000,-75.825,617.448,16.193,-92.038,624.036,16.193,0.0000,0.0000,-64.437,607.503,95.917,-106.604,618.201,95.917,0.3058,0.0000,0.0000,0,0.000,0.000,0.0000,0.0000,0,0,-106.604,618.201,95.917,0.000,0,-1.000000,1.000,28.924,-1.000000,0.0000,0.0000,0,0,0.000,1.000,19.607,-106.604,618.201,95.917,0,0,-1,99.721958
122,17.5172,stop-from-turn,-87.297,607.475,101.106,0.000,72.265,15.000,-75.825,617.448,16.193,-92.038,624.036,16.193,0.0000,0.0000,-64.417,607.599,95.930,-106.576,618.294,95.930,0.3058,0.0000,0.0000,0,0.000,0.000,0.0000,0.0000,0,0,-106.576,618.294,95.930,0.000,0,-1.000000,1.000,28.924,-1.000000,0.0000,0.0000,0,0,0.000,1.000,19.607,-106.576,618.294,95.930,0,0,-1,99.719695
123,17.6710,stop-from-turn,-87.297,607.475,101.106,0.000,72.265,15.000,-75.825,617.448,16.193,-92.038,624.036,16.193,0.0000,0.0000,-64.395,607.703,95.945,-106.545,618.397,95.945,0.3058,0.0000,0.0000,0,0.000,0.000,0.0000,0.0000,0,0,-106.545,618.397,95.945,0.000,0,-1.000000,1.000,28.924,-1.000000,0.0000,0.0000,0,0,0.000,1.000,19.607,-106.545,618.397,95.945,0,0,-1,99.717230
124,17.8162,stop-from-turn,-87.297,607.475,101.106,0.000,72.265,15.000,-75.825,617.448,16.193,-92.038,624.036,16.193,0.0000,0.0000,-64.377,607.789,95.958,-106.520,618.481,95.958,0.3058,0.0000,0.0000,0,0.000,0.000,0.0000,0.0000,0,0,-106.520,618.481,95.958,0.000,0,-1.000000,1.000,28.924,-1.000000,0.0000,0.0000,0,0,0.000,1.000,19.607,-106.520,618.481,95.958,0,0,-1,99.714915
125,17.9627,stop-from-turn,-87.297,607.475,101.106,0.000,72.265,15.000,-75.825,617.448,16.193,-92.038,624.036,16.193,0.0000,0.0000,-64.365,607.848,95.967,-106.503,618.538,95.967,0.3058,0.0000,0.0000,0,0.000,0.000,0.0000,0.0000,0,0,-106.503,618.538,95.967,0.000,0,-1.000000,1.000,28.924,-1.000000,0.0000,0.0000,0,0,0.000,1.000,19.607,-106.503,618.538,95.967,0,0,-1,99.712562
126,18.1091,stop-from-turn,-87.297,607.475,101.106,0.000,72.265,15.000,-75.825,617.448,16.193,-92.038,624.036,16.193,0.0000,0.0000,-64.365,607.848,95.967,-106.503,618.538,95.967,0.3058,0.0000,0.0000,0,0.000,0.000,0.0000,0.0000,0,0,-106.503,618.538,95.967,0.000,0,-1.000000,1.000,28.924,-1.000000,0.0000,0.0000,0,0,0.000,1.000,19.607,-106.503,618.538,95.967,0,0,-1,99.710224
127,18.2561,stop-from-turn,-87.297,607.475,101.106,0.000,72.265,15.000,-75.825,617.448,16.193,-92.038,624.036,16.193,0.0000,0.0000,-64.350,607.918,95.978,-106.482,618.606,95.978,0.3058,0.0000,0.0000,0,0.000,0.000,0.0000,0.0000,0,0,-106.482,618.606,95.978,0.000,0,-1.000000,1.000,28.924,-1.000000,0.0000,0.0000,0,0,0.000,1.000,19.607,-106.482,618.606,95.978,0,0,-1,99.707866
128,18.3983,stop-from-turn,-87.297,607.475,101.106,0.000,72.265,15.000,-75.825,617.448,16.193,-92.038,624.036,16.193,0.0000,0.0000,-64.350,607.918,95.978,-106.482,618.606,95.978,0.3058,0.0000,0.0000,0,0.000,0.000,0.0000,0.0000,0,0,-106.482,618.606,95.978,0.000,0,-1.000000,1.000,28.924,-1.000000,0.0000,0.0000,0,0,0.000,1.000,19.607,-106.482,618.606,95.978,0,0,-1,99.705596
129,18.5377,orbit-standing-character,-87.297,607.475,101.106,0.000,72.265,15.000,-75.825,617.448,16.193,-92.038,624.036,16.193,0.0000,0.0000,-64.365,607.847,95.969,-106.503,618.538,95.969,0.3058,0.0000,0.0000,0,0.000,0.000,0.0000,0.0000,0,0,-106.503,618.538,95.969,0.000,0,-1.000000,1.000,28.924,-1.000000,0.0000,0.0000,0,0,0.000,1.000,19.607,-106.503,618.538,95.969,0,0,-1,99.703361
130,18.6780,orbit-standing-character,-87.297,607.475,101.106,0.000,72.265,22.481,-75.825,617.448,16.193,-92.038,624.036,16.193,0.0000,0.0000,-64.381,607.774,95.963,-106.524,618.466,95.963,0.3058,0.0000,0.0000,0,0.000,0.000,0.0000,0.0000,0,0,-106.524,618.466,95.963,0.000,0,-1.000000,1.000,28.924,-1.000000,0.0000,0.0000,0,0,0.000,1.000,19.607,-106.524,618.466,95.963,0,0,-1,99.701121
131,18.8324,orbit-standing-character,-87.297,607.475,101.106,0.000,72.265,30.750,-75.825,617.448,16.193,-92.038,624.036,16.193,0.0000,0.0000,-64.398,607.691,95.943,-106.549,618.385,95.944,0.3058,0.0000,0.0000,0,0.000,0.000,0.0000,0.0000,0,0,-106.549,618.385,95.944,0.000,0,-1.000000,1.000,28.924,-1.000000,0.0000,0.0000,0,0,0.000,1.000,19.607,-106.549,618.385,95.944,0,0,-1,99.698645
132,18.9734,orbit-standing-character,-87.297,607.475,101.106,0.000,72.265,38.268,-75.825,617.448,16.193,-92.038,624.036,16.193,0.0000,0.0000,-64.418,607.593,95.929,-106.578,618.289,95.929,0.3058,0.0000,0.0000,0,0.000,0.000,0.0000,0.0000,0,0,-106.578,618.289,95.929,0.000,0,-1.000000,1.000,28.924,-1.000000,0.0000,0.0000,0,0,0.000,1.000,19.607,-106.578,618.289,95.929,0,0,-1,99.696394
133,19.1176,orbit-standing-character,-87.297,607.475,101.106,0.000,72.265,45.984,-75.825,617.448,16.193,-92.038,624.036,16.193,0.0000,0.0000,-64.438,607.499,95.916,-106.605,618.197,95.916,0.3058,0.0000,0.0000,0,0.000,0.000,0.0000,0.0000,0,0,-106.605,618.197,95.916,0.000,0,-1.000000,1.000,28.924,-1.000000,0.0000,0.0000,0,0,0.000,1.000,19.607,-106.605,618.197,95.916,0,0,-1,99.694084
134,19.2578,orbit-standing-character,-87.297,607.475,101.106,0.000,72.265,53.466,-75.825,617.448,16.193,-92.038,624.036,16.193,0.0000,0.0000,-64.458,607.402,95.902,-106.633,618.102,95.903,0.3058,0.0000,0.0000,0,0.000,0.000,0.0000,0.0000,0,0,-106.633,618.102,95.903,0.000,0,-1.000000,1.000,28.924,-1.000000,0.0000,0.0000,0,0,0.000,1.000,19.607,-106.633,618.102,95.903,0,0,-1,99.691844
135,19.3960,orbit-standing-character,-87.297,607.475,101.106,0.000,72.265,60.866,-75.825,617.448,16.193,-92.038,624.036,16.193,0.0000,0.0000,-64.464,607.379,95.894,-106.640,618.078,95.894,0.3058,0.0000,0.0000,0,0.000,0.000,0.0000,0.0000,0,0,-106.640,618.078,95.894,0.000,0,-1.000000,1.000,28.924,-1.000000,0.0000,0.0000,0,0,0.000,1.000,19.607,-106.640,618.078,95.894,0,0,-1,99.689628
136,19.5351,orbit-standing-character,-87.297,607.475,101.106,0.000,72.265,68.283,-75.825,617.448,16.193,-92.038,624.036,16.193,0.0000,0.0000,-64.469,607.358,95.886,-106.645,618.058,95.886,0.3058,0.0000,0.0000,0,0.000,0.000,0.0000,0.0000,0,0,-106.645,618.058,95.886,0.000,0,-1.000000,1.000,28.924,-1.000000,0.0000,0.0000,0,0,0.000,1.000,19.607,-106.645,618.058,95.886,0,0,-1,99.687407
137,19.6735,orbit-standing-character,-87.297,607.475,101.106,0.000,72.265,75.695,-75.825,617.448,16.193,-92.038,624.036,16.193,0.0000,0.0000,-64.486,607.271,95.885,-106.672,617.973,95.885,0.3058,0.0000,0.0000,0,0.000,0.000,0.0000,0.0000,0,0,-106.672,617.973,95.885,0.000,0,-1.000000,1.000,28.924,-1.000000,0.0000,0.0000,0,0,0.000,1.000,19.607,-106.672,617.973,95.885,0,0,-1,99.685188
138,19.8196,orbit-standing-character,-87.297,607.475,101.106,0.000,72.265,83.487,-75.825,617.448,16.193,-92.038,624.036,16.193,0.0000,0.0000,-64.486,607.271,95.885,-106.672,617.973,95.885,0.3058,0.0000,0.0000,0,0.000,0.000,0.0000,0.0000,0,0,-106.672,617.973,95.885,0.000,0,-1.000000,1.000,28.924,-1.000000,0.0000,0.0000,0,0,0.000,1.000,19.607,-106.672,617.973,95.885,0,0,-1,99.682855
139,19.9644,orbit-standing-character,-87.297,607.475,101.106,0.000,72.265,91.241,-75.825,617.448,16.193,-92.038,624.036,16.193,0.0000,0.0000,-64.489,607.254,95.882,-106.677,617.956,95.882,0.3058,0.0000,0.0000,0,0.000,0.000,0.0000,0.0000,0,0,-106.677,617.956,95.882,0.000,0,-1.000000,1.000,28.924,-1.000000,0.0000,0.0000,0,0,0.000,1.000,19.607,-106.677,617.956,95.882,0,0,-1,99.680533
140,20.1103,orbit-standing-character,-87.297,607.475,101.106,0.000,72.265,99.022,-75.825,617.448,16.193,-92.038,624.036,16.193,0.0000,0.0000,-64.488,607.259,95.883,-106.675,617.961,95.883,0.3058,0.0000,0.0000,0,0.000,0.000,0.0000,0.0000,0,0,-106.675,617.961,95.883,0.000,0,-1.000000,1.000,28.924,-1.000000,0.0000,0.0000,0,0,0.000,1.000,19.607,-106.675,617.961,95.883,0,0,-1,99.678204
141,20.2600,orbit-standing-character,-87.297,607.475,101.106,0.000,72.265,107.034,-75.825,617.448,16.193,-92.038,624.036,16.193,0.0000,0.0000,-64.452,607.430,95.906,-106.625,618.130,95.906,0.3058,0.0000,0.0000,0,0.000,0.000,0.0000,0.0000,0,0,-106.625,618.130,95.906,0.000,0,-1.000000,1.000,28.924,-1.000000,0.0000,0.0000,0,0,0.000,1.000,19.607,-106.625,618.130,95.906,0,0,-1,99.675805
142,20.4137,orbit-standing-character,-87.297,607.475,101.106,0.000,72.265,115.236,-75.825,617.448,16.193,-92.038,624.036,16.193,0.0000,0.0000,-64.432,607.525,95.920,-106.597,618.222,95.920,0.3058,0.0000,0.0000,0,0.000,0.000,0.0000,0.0000,0,0,-106.597,618.222,95.920,0.000,0,-1.000000,1.000,28.924,-1.000000,0.0000,0.0000,0,0,0.000,1.000,19.607,-106.597,618.222,95.920,0,0,-1,99.673349
143,20.5551,orbit-standing-character,-87.297,607.475,101.106,0.000,72.265,122.807,-75.825,617.448,16.193,-92.038,624.036,16.193,0.0000,0.0000,-64.411,607.626,95.934,-106.568,618.321,95.934,0.3058,0.0000,0.0000,0,0.000,0.000,0.0000,0.0000,0,0,-106.568,618.321,95.934,0.000,0,-1.000000,1.000,28.924,-1.000000,0.0000,0.0000,0,0,0.000,1.000,19.607,-106.568,618.321,95.934,0,0,-1,99.671082
144,20.6993,orbit-standing-character,-87.297,607.475,101.106,0.000,72.265,130.499,-75.825,617.448,16.193,-92.038,624.036,16.193,0.0000,0.0000,-64.391,607.720,95.948,-106.540,618.413,95.948,0.3058,0.0000,0.0000,0,0.000,0.000,0.0000,0.0000,0,0,-106.540,618.413,95.948,0.000,0,-1.000000,1.000,28.924,-1.000000,0.0000,0.0000,0,0,0.000,1.000,19.607,-106.540,618.413,95.948,0,0,-1,99.668779
145,20.8485,orbit-standing-character,-87.297,607.475,101.106,0.000,72.265,138.482,-75.825,617.448,16.193,-92.038,624.036,16.193,0.0000,0.0000,-64.373,607.808,95.961,-106.514,618.500,95.961,0.3058,0.0000,0.0000,0,0.000,0.000,0.0000,0.0000,0,0,-106.514,618.500,95.961,0.000,0,-1.000000,1.000,28.924,-1.000000,0.0000,0.0000,0,0,0.000,1.000,19.607,-106.514,618.500,95.961,0,0,-1,99.666389
146,20.9932,orbit-standing-character,-87.297,607.475,101.106,0.000,72.265,146.194,-75.825,617.448,16.193,-92.038,624.036,16.193,0.0000,0.0000,-64.365,607.848,95.967,-106.503,618.538,95.967,0.3058,0.0000,0.0000,0,0.000,0.000,0.0000,0.0000,0,0,-106.503,618.538,95.967,0.000,0,-1.000000,1.000,28.924,-1.000000,0.0000,0.0000,0,0,0.000,1.000,19.607,-106.503,618.538,95.967,0,0,-1,99.664080
147,21.1351,orbit-standing-character,-87.297,607.475,101.106,0.000,72.265,153.799,-75.825,617.448,16.193,-92.038,624.036,16.193,0.0000,0.0000,-64.365,607.848,95.967,-106.503,618.538,95.967,0.3058,0.0000,0.0000,0,0.000,0.000,0.0000,0.0000,0,0,-106.503,618.538,95.967,0.000,0,-1.000000,1.000,28.924,-1.000000,0.0000,0.0000,0,0,0.000,1.000,19.607,-106.503,618.538,95.967,0,0,-1,99.661802
148,21.2870,orbit-standing-character,-87.297,607.475,101.106,0.000,72.265,161.900,-75.825,617.448,16.193,-92.038,624.036,16.193,0.0000,0.0000,-64.350,607.918,95.978,-106.482,618.606,95.978,0.3058,0.0000,0.0000,0,0.000,0.000,0.0000,0.0000,0,0,-106.482,618.606,95.978,0.000,0,-1.000000,1.000,28.924,-1.000000,0.0000,0.0000,0,0,0.000,1.000,19.607,-106.482,618.606,95.978,0,0,-1,99.659377
149,21.4297,orbit-standing-character,-87.297,607.475,101.106,0.000,72.265,169.543,-75.825,617.448,16.193,-92.038,624.036,16.193,0.0000,0.0000,-64.350,607.918,95.978,-106.482,618.606,95.978,0.3058,0.0000,0.0000,0,0.000,0.000,0.0000,0.0000,0,0,-106.482,618.606,95.978,0.000,0,-1.000000,1.000,28.924,-1.000000,0.0000,0.0000,0,0,0.000,1.000,19.607,-106.482,618.606,95.978,0,0,-1,99.657088
150,21.5767,orbit-standing-character,-87.297,607.475,101.106,0.000,72.265,177.381,-75.825,617.448,16.193,-92.038,624.036,16.193,0.0000,0.0000,-64.369,607.827,95.967,-106.509,618.518,95.967,0.3058,0.0000,0.0000,0,0.000,0.000,0.0000,0.0000,0,0,-106.509,618.518,95.967,0.000,0,-1.000000,1.000,28.924,-1.000000,0.0000,0.0000,0,0,0.000,1.000,19.607,-106.509,618.518,95.967,0,0,-1,99.654742
151,21.7133,orbit-standing-character,-87.297,607.475,101.106,0.000,72.265,184.698,-75.825,617.448,16.193,-92.038,624.036,16.193,0.0000,0.0000,-64.384,607.760,95.960,-106.528,618.452,95.960,0.3058,0.0000,0.0000,0,0.000,0.000,0.0000,0.0000,0,0,-106.528,618.452,95.960,0.000,0,-1.000000,1.000,28.924,-1.000000,0.0000,0.0000,0,0,0.000,1.000,19.607,-106.528,618.452,95.960,0,0,-1,99.652551
152,21.8508,orbit-standing-character,-87.297,607.475,101.106,0.000,72.265,192.033,-75.825,617.448,16.193,-92.038,624.036,16.193,0.0000,0.0000,-64.400,607.678,95.942,-106.553,618.372,95.942,0.3058,0.0000,0.0000,0,0.000,0.000,0.0000,0.0000,0,0,-106.553,618.372,95.942,0.000,0,-1.000000,1.000,28.924,-1.000000,0.0000,0.0000,0,0,0.000,1.000,19.607,-106.553,618.372,95.942,0,0,-1,99.650355
153,21.9864,orbit-standing-character,-87.297,607.475,101.106,0.000,72.265,199.282,-75.825,617.448,16.193,-92.038,624.036,16.193,0.0000,0.0000,-64.419,607.587,95.928,-106.579,618.283,95.929,0.3058,0.0000,0.0000,0,0.000,0.000,0.0000,0.0000,0,0,-106.579,618.283,95.929,0.000,0,-1.000000,1.000,28.924,-1.000000,0.0000,0.0000,0,0,0.000,1.000,19.607,-106.579,618.283,95.929,0,0,-1,99.648184
154,22.1580,orbit-standing-character,-87.297,607.475,101.106,0.000,72.265,208.442,-75.825,617.448,16.193,-92.038,624.036,16.193,0.0000,0.0000,-64.444,607.471,95.912,-106.613,618.169,95.912,0.3058,0.0000,0.0000,0,0.000,0.000,0.0000,0.0000,0,0,-106.613,618.169,95.912,0.000,0,-1.000000,1.000,28.924,-1.000000,0.0000,0.0000,0,0,0.000,1.000,19.607,-106.613,618.169,95.912,0,0,-1,99.645441
155,22.2940,orbit-standing-character,-87.297,607.475,101.106,0.000,72.265,215.727,-75.825,617.448,16.193,-92.038,624.036,16.193,0.0000,0.0000,-64.460,607.394,95.901,-106.636,618.093,95.901,0.3058,0.0000,0.0000,0,0.000,0.000,0.0000,0.0000,0,0,-106.636,618.093,95.901,0.000,0,-1.000000,1.000,28.924,-1.000000,0.0000,0.0000,0,0,0.000,1.000,19.607,-106.636,618.093,95.901,0,0,-1,99.643260
156,22.4356,orbit-standing-character,-87.297,607.475,101.106,0.000,72.265,223.279,-75.825,617.448,16.193,-92.038,624.036,16.193,0.0000,0.0000,-64.465,607.373,95.892,-106.641,618.072,95.892,0.3058,0.0000,0.0000,0,0.000,0.000,0.0000,0.0000,0,0,-106.641,618.072,95.892,0.000,0,-1.000000,1.000,28.924,-1.000000,0.0000,0.0000,0,0,0.000,1.000,19.607,-106.641,618.072,95.892,0,0,-1,99.640999
157,22.5742,open-pack,-87.297,607.475,101.106,0.000,72.265,230.701,-75.825,617.448,16.193,-92.038,624.036,16.193,0.0000,0.0000,-64.486,607.271,95.885,-106.672,617.973,95.885,0.3058,0.0000,0.0000,0,0.000,0.000,0.0000,0.0000,0,0,-106.672,617.973,95.885,0.000,0,-1.000000,1.000,28.924,-1.000000,0.0000,0.0000,0,0,0.000,1.000,19.607,-106.672,617.973,95.885,0,0,-1,99.638777
158,22.7176,open-pack,-87.297,607.475,101.106,0.000,72.265,230.701,-75.825,617.448,16.193,-92.038,624.036,16.193,0.0000,0.0000,-64.486,607.271,95.885,-106.672,617.973,95.885,0.3058,0.0000,0.0000,0,0.000,0.000,0.0000,0.0000,0,0,-106.672,617.973,95.885,0.000,0,-1.000000,1.000,28.924,-1.000000,0.0000,0.0000,0,0,0.000,1.000,19.607,-106.672,617.973,95.885,0,0,-1,99.638777
159,22.8655,open-pack,-87.297,607.475,101.106,0.000,72.265,230.701,-75.825,617.448,16.193,-92.038,624.036,16.193,0.0000,0.0000,-64.489,607.254,95.882,-106.677,617.956,95.882,0.3058,0.0000,0.0000,0,0.000,0.000,0.0000,0.0000,0,0,-106.677,617.956,95.882,0.000,0,-1.000000,1.000,28.924,-1.000000,0.0000,0.0000,0,0,0.000,1.000,19.607,-106.677,617.956,95.882,0,0,-1,99.638777
160,23.0202,open-pack,-87.297,607.475,101.106,0.000,72.265,230.701,-75.825,617.448,16.193,-92.038,624.036,16.193,0.0000,0.0000,-64.489,607.254,95.882,-106.677,617.956,95.882,0.3058,0.0000,0.0000,0,0.000,0.000,0.0000,0.0000,0,0,-106.677,617.956,95.882,0.000,0,-1.000000,1.000,28.924,-1.000000,0.0000,0.0000,0,0,0.000,1.000,19.607,-106.677,617.956,95.882,0,0,-1,99.638777
161,23.1627,open-look,-87.297,607.475,101.106,0.000,72.265,230.701,-75.825,617.448,16.193,-92.038,624.036,16.193,0.0000,0.0000,-64.465,607.368,95.898,-106.643,618.069,95.898,0.3058,0.0000,0.0000,0,0.000,0.000,0.0000,0.0000,0,0,-106.643,618.069,95.898,0.000,0,-1.000000,1.000,28.924,-1.000000,0.0000,0.0000,0,0,0.000,1.000,19.607,-106.643,618.069,95.898,0,0,-1,99.638777
162,23.3068,open-look,-87.297,607.475,101.106,0.000,72.265,230.701,-75.825,617.448,16.193,-92.038,624.036,16.193,0.0000,0.0000,-64.446,607.459,95.910,-106.617,618.158,95.910,0.3058,0.0000,0.0000,0,0.000,0.000,0.0000,0.0000,0,0,-106.617,618.158,95.910,0.000,0,-1.000000,1.000,28.924,-1.000000,0.0000,0.0000,0,0,0.000,1.000,19.607,-106.617,618.158,95.910,0,0,-1,99.638777
163,23.4522,open-look,-87.297,607.475,101.106,0.000,72.265,230.701,-75.825,617.448,16.193,-92.038,624.036,16.193,0.0000,0.0000,-64.427,607.552,95.924,-106.589,618.249,95.924,0.3058,0.0000,0.0000,0,0.000,0.000,0.0000,0.0000,0,0,-106.589,618.249,95.924,0.000,0,-1.000000,1.000,28.924,-1.000000,0.0000,0.0000,0,0,0.000,1.000,19.607,-106.589,618.249,95.924,0,0,-1,99.638777
164,23.5922,open-look,-87.297,607.475,101.106,0.000,72.265,230.701,-75.825,617.448,16.193,-92.038,624.036,16.193,0.0000,0.0000,-64.406,607.652,95.938,-106.560,618.347,95.938,0.3058,0.0000,0.0000,0,0.000,0.000,0.0000,0.0000,0,0,-106.560,618.347,95.938,0.000,0,-1.000000,1.000,28.924,-1.000000,0.0000,0.0000,0,0,0.000,1.000,19.607,-106.560,618.347,95.938,0,0,-1,99.638777
165,23.7323,open-look,-87.297,607.475,101.106,0.000,72.265,230.701,-75.825,617.448,16.193,-92.038,624.036,16.193,0.0000,0.0000,-64.387,607.739,95.951,-106.535,618.432,95.951,0.3058,0.0000,0.0000,0,0.000,0.000,0.0000,0.0000,0,0,-106.535,618.432,95.951,0.000,0,-1.000000,1.000,28.924,-1.000000,0.0000,0.0000,0,0,0.000,1.000,19.607,-106.535,618.432,95.951,0,0,-1,99.638777
166,23.8832,open-look,-87.297,607.475,101.106,0.000,72.265,230.701,-75.825,617.448,16.193,-92.038,624.036,16.193,0.0000,0.0000,-64.369,607.829,95.964,-106.508,618.520,95.964,0.3058,0.0000,0.0000,0,0.000,0.000,0.0000,0.0000,0,0,-106.508,618.520,95.964,0.000,0,-1.000000,1.000,28.924,-1.000000,0.0000,0.0000,0,0,0.000,1.000,19.607,-106.508,618.520,95.964,0,0,-1,99.638777
167,24.0348,open-look,-87.297,607.475,101.106,0.000,72.265,230.701,-75.825,617.448,16.193,-92.038,624.036,16.193,0.0000,0.0000,-64.365,607.848,95.967,-106.503,618.538,95.967,0.3058,0.0000,0.0000,0,0.000,0.000,0.0000,0.0000,0,0,-106.503,618.538,95.967,0.000,0,-1.000000,1.000,28.924,-1.000000,0.0000,0.0000,0,0,0.000,1.000,19.607,-106.503,618.538,95.967,0,0,-1,99.638777
168,24.1796,open-look,-87.297,607.475,101.106,0.000,72.265,230.701,-75.825,617.448,16.193,-92.038,624.036,16.193,0.0000,0.0000,-64.362,607.863,95.969,-106.498,618.552,95.969,0.3058,0.0000,0.0000,0,0.000,0.000,0.0000,0.0000,0,0,-106.498,618.552,95.969,0.000,0,-1.000000,1.000,28.924,-1.000000,0.0000,0.0000,0,0,0.000,1.000,19.607,-106.498,618.552,95.969,0,0,-1,99.638777
169,24.3294,open-look,-87.297,607.475,101.106,0.000,72.265,230.701,-75.825,617.448,16.193,-92.038,624.036,16.193,0.0000,0.0000,-64.350,607.918,95.978,-106.482,618.606,95.978,0.3058,0.0000,0.0000,0,0.000,0.000,0.0000,0.0000,0,0,-106.482,618.606,95.978,0.000,0,-1.000000,1.000,28.924,-1.000000,0.0000,0.0000,0,0,0.000,1.000,19.607,-106.482,618.606,95.978,0,0,-1,99.638777
170,24.4740,open-look,-87.297,607.475,101.106,0.000,72.265,230.701,-75.825,617.448,16.193,-92.038,624.036,16.193,0.0000,0.0000,-64.358,607.881,95.972,-106.493,618.570,95.972,0.3058,0.0000,0.0000,0,0.000,0.000,0.0000,0.0000,0,0,-106.493,618.570,95.972,0.000,0,-1.000000,1.000,28.924,-1.000000,0.0000,0.0000,0,0,0.000,1.000,19.607,-106.493,618.570,95.972,0,0,-1,99.638777
171,24.6222,open-look,-87.297,607.475,101.106,0.000,72.265,230.701,-75.825,617.448,16.193,-92.038,624.036,16.193,0.0000,0.0000,-64.374,607.803,95.965,-106.516,618.495,95.965,0.3058,0.0000,0.0000,0,0.000,0.000,0.0000,0.0000,0,0,-106.516,618.495,95.965,0.000,0,-1.000000,1.000,28.924,-1.000000,0.0000,0.0000,0,0,0.000,1.000,19.607,-106.516,618.495,95.965,0,0,-1,99.638777
172,24.7636,open-look,-87.297,607.475,101.106,0.000,72.265,230.701,-75.825,617.448,16.193,-92.038,624.036,16.193,0.0000,0.0000,-64.388,607.739,95.951,-106.535,618.432,95.951,0.3058,0.0000,0.0000,0,0.000,0.000,0.0000,0.0000,0,0,-106.535,618.432,95.951,0.000,0,-1.000000,1.000,28.924,-1.000000,0.0000,0.0000,0,0,0.000,1.000,19.607,-106.535,618.432,95.951,0,0,-1,99.638777
173,24.9106,open-look,-87.297,607.475,101.106,0.000,72.265,230.701,-75.825,617.448,16.193,-92.038,624.036,16.193,0.0000,0.0000,-64.409,607.636,95.936,-106.565,618.331,95.936,0.3058,0.0000,0.0000,0,0.000,0.000,0.0000,0.0000,0,0,-106.565,618.331,95.936,0.000,0,-1.000000,1.000,28.924,-1.000000,0.0000,0.0000,0,0,0.000,1.000,19.607,-106.565,618.331,95.936,0,0,-1,99.638777
174,25.0596,open-look,-87.297,607.475,101.106,0.000,72.265,230.701,-75.825,617.448,16.193,-92.038,624.036,16.193,0.0000,0.0000,-64.429,607.539,95.922,-106.593,618.236,95.922,0.3058,0.0000,0.0000,0,0.000,0.000,0.0000,0.0000,0,0,-106.593,618.236,95.922,0.000,0,-1.000000,1.000,28.924,-1.000000,0.0000,0.0000,0,0,0.000,1.000,19.607,-106.593,618.236,95.922,0,0,-1,99.638777
175,25.2030,open-look,-87.297,607.475,101.106,0.000,72.265,230.701,-75.825,617.448,16.193,-92.038,624.036,16.193,0.0000,0.0000,-64.450,607.440,95.908,-106.622,618.139,95.908,0.3058,0.0000,0.0000,0,0.000,0.000,0.0000,0.0000,0,0,-106.622,618.139,95.908,0.000,0,-1.000000,1.000,28.924,-1.000000,0.0000,0.0000,0,0,0.000,1.000,19.607,-106.622,618.139,95.908,0,0,-1,99.638777
176,25.3490,open-look,-87.297,607.475,101.106,0.000,72.265,230.701,-75.825,617.448,16.193,-92.038,624.036,16.193,0.0000,0.0000,-64.462,607.386,95.897,-106.638,618.085,95.897,0.3058,0.0000,0.0000,0,0.000,0.000,0.0000,0.0000,0,0,-106.638,618.085,95.897,0.000,0,-1.000000,1.000,28.924,-1.000000,0.0000,0.0000,0,0,0.000,1.000,19.607,-106.638,618.085,95.897,0,0,-1,99.638777
177,25.4901,open-look,-87.297,607.475,101.106,0.000,72.265,230.701,-75.825,617.448,16.193,-92.038,624.036,16.193,0.0000,0.0000,-64.467,607.365,95.888,-106.643,618.064,95.888,0.3058,0.0000,0.0000,0,0.000,0.000,0.0000,0.0000,0,0,-106.643,618.064,95.888,0.000,0,-1.000000,1.000,28.924,-1.000000,0.0000,0.0000,0,0,0.000,1.000,19.607,-106.643,618.064,95.888,0,0,-1,99.638777
178,25.6309,open-look,-87.297,607.475,101.106,0.000,72.265,230.701,-75.825,617.448,16.193,-92.038,624.036,16.193,0.0000,0.0000,-64.486,607.271,95.885,-106.672,617.973,95.885,0.3058,0.0000,0.0000,0,0.000,0.000,0.0000,0.0000,0,0,-106.672,617.973,95.885,0.000,0,-1.000000,1.000,28.924,-1.000000,0.0000,0.0000,0,0,0.000,1.000,19.607,-106.672,617.973,95.885,0,0,-1,99.638777
179,25.7723,open-look,-87.297,607.475,101.106,0.000,72.265,230.701,-75.825,617.448,16.193,-92.038,624.036,16.193,0.0000,0.0000,-64.486,607.271,95.885,-106.672,617.973,95.885,0.3058,0.0000,0.0000,0,0.000,0.000,0.0000,0.0000,0,0,-106.672,617.973,95.885,0.000,0,-1.000000,1.000,28.924,-1.000000,0.0000,0.0000,0,0,0.000,1.000,19.607,-106.672,617.973,95.885,0,0,-1,99.638777
180,25.9168,open-look,-87.297,607.475,101.106,0.000,72.265,230.701,-75.825,617.448,16.193,-92.038,624.036,16.193,0.0000,0.0000,-64.489,607.254,95.882,-106.677,617.956,95.882,0.3058,0.0000,0.0000,0,0.000,0.000,0.0000,0.0000,0,0,-106.677,617.956,95.882,0.000,0,-1.000000,1.000,28.924,-1.000000,0.0000,0.0000,0,0,0.000,1.000,19.607,-106.677,617.956,95.882,0,0,-1,99.638777
181,26.0599,open-look,-87.297,607.475,101.106,0.000,72.265,230.701,-75.825,617.448,16.193,-92.038,624.036,16.193,0.0000,0.0000,-64.489,607.254,95.882,-106.677,617.956,95.882,0.3058,0.0000,0.0000,0,0.000,0.000,0.0000,0.0000,0,0,-106.677,617.956,95.882,0.000,0,-1.000000,1.000,28.924,-1.000000,0.0000,0.0000,0,0,0.000,1.000,19.607,-106.677,617.956,95.882,0,0,-1,99.638777
182,26.2021,portrait-idle,-87.297,607.475,101.106,0.000,72.265,230.701,-75.825,617.448,16.193,-92.038,624.036,16.193,0.0000,0.0000,-64.460,607.393,95.901,-106.636,618.093,95.901,0.3058,0.0000,0.0000,0,0.000,0.000,0.0000,0.0000,0,0,-106.636,618.093,95.901,0.000,0,-1.000000,1.000,28.924,-1.000000,0.0000,0.0000,0,0,0.000,1.000,19.607,-106.636,618.093,95.901,0,0,-1,99.638777
183,26.3493,portrait-idle,-87.297,607.475,101.106,0.000,72.265,230.701,-75.825,617.448,16.193,-92.038,624.036,16.193,0.0000,0.0000,-64.440,607.487,95.914,-106.609,618.185,95.914,0.3058,0.0000,0.0000,0,0.000,0.000,0.0000,0.0000,0,0,-106.609,618.185,95.914,0.000,0,-1.000000,1.000,28.924,-1.000000,0.0000,0.0000,0,0,0.000,1.000,19.607,-106.609,618.185,95.914,0,0,-1,99.638777
184,26.4962,portrait-idle,-87.297,607.475,101.106,0.000,72.265,230.701,-75.825,617.448,16.193,-92.038,624.036,16.193,0.0000,0.0000,-64.420,607.584,95.928,-106.580,618.280,95.928,0.3058,0.0000,0.0000,0,0.000,0.000,0.0000,0.0000,0,0,-106.580,618.280,95.928,0.000,0,-1.000000,1.000,28.924,-1.000000,0.0000,0.0000,0,0,0.000,1.000,19.607,-106.580,618.280,95.928,0,0,-1,99.638777
185,26.6494,portrait-idle,-87.297,607.475,101.106,0.000,72.265,230.701,-75.825,617.448,16.193,-92.038,624.036,16.193,0.0000,0.0000,-64.397,607.692,95.944,-106.549,618.385,95.944,0.3058,0.0000,0.0000,0,0.000,0.000,0.0000,0.0000,0,0,-106.549,618.385,95.944,0.000,0,-1.000000,1.000,28.924,-1.000000,0.0000,0.0000,0,0,0.000,1.000,19.607,-106.549,618.385,95.944,0,0,-1,99.638777
186,26.7929,portrait-idle,-87.297,607.475,101.106,0.000,72.265,230.701,-75.825,617.448,16.193,-92.038,624.036,16.193,0.0000,0.0000,-64.380,607.775,95.956,-106.524,618.467,95.956,0.3058,0.0000,0.0000,0,0.000,0.000,0.0000,0.0000,0,0,-106.524,618.467,95.956,0.000,0,-1.000000,1.000,28.924,-1.000000,0.0000,0.0000,0,0,0.000,1.000,19.607,-106.524,618.467,95.956,0,0,-1,99.638777
187,26.9334,portrait-idle,-87.297,607.475,101.106,0.000,72.265,230.701,-75.825,617.448,16.193,-92.038,624.036,16.193,0.0000,0.0000,-64.365,607.848,95.967,-106.503,618.538,95.967,0.3058,0.0000,0.0000,0,0.000,0.000,0.0000,0.0000,0,0,-106.503,618.538,95.967,0.000,0,-1.000000,1.000,28.924,-1.000000,0.0000,0.0000,0,0,0.000,1.000,19.607,-106.503,618.538,95.967,0,0,-1,99.638777
188,27.0758,portrait-idle,-87.297,607.475,101.106,0.000,72.265,230.701,-75.825,617.448,16.193,-92.038,624.036,16.193,0.0000,0.0000,-64.365,607.848,95.967,-106.503,618.538,95.967,0.3058,0.0000,0.0000,0,0.000,0.000,0.0000,0.0000,0,0,-106.503,618.538,95.967,0.000,0,-1.000000,1.000,28.924,-1.000000,0.0000,0.0000,0,0,0.000,1.000,19.607,-106.503,618.538,95.967,0,0,-1,99.638777
189,27.2330,portrait-idle,-87.297,607.475,101.106,0.000,72.265,230.701,-75.825,617.448,16.193,-92.038,624.036,16.193,0.0000,0.0000,-64.350,607.918,95.978,-106.482,618.606,95.978,0.3058,0.0000,0.0000,0,0.000,0.000,0.0000,0.0000,0,0,-106.482,618.606,95.978,0.000,0,-1.000000,1.000,28.924,-1.000000,0.0000,0.0000,0,0,0.000,1.000,19.607,-106.482,618.606,95.978,0,0,-1,99.638777
190,27.3770,portrait-idle,-87.297,607.475,101.106,0.000,72.265,230.701,-75.825,617.448,16.193,-92.038,624.036,16.193,0.0000,0.0000,-64.350,607.918,95.978,-106.482,618.606,95.978,0.3058,0.0000,0.0000,0,0.000,0.000,0.0000,0.0000,0,0,-106.482,618.606,95.978,0.000,0,-1.000000,1.000,28.924,-1.000000,0.0000,0.0000,0,0,0.000,1.000,19.607,-106.482,618.606,95.978,0,0,-1,99.638777
191,27.5182,portrait-idle,-87.297,607.475,101.106,0.000,72.265,230.701,-75.825,617.448,16.193,-92.038,624.036,16.193,0.0000,0.0000,-64.363,607.857,95.970,-106.500,618.548,95.970,0.3058,0.0000,0.0000,0,0.000,0.000,0.0000,0.0000,0,0,-106.500,618.548,95.970,0.000,0,-1.000000,1.000,28.924,-1.000000,0.0000,0.0000,0,0,0.000,1.000,19.607,-106.500,618.548,95.970,0,0,-1,99.638777
192,27.6594,portrait-idle,-87.297,607.475,101.106,0.000,72.265,230.701,-75.825,617.448,16.193,-92.038,624.036,16.193,0.0000,0.0000,-64.378,607.784,95.964,-106.521,618.476,95.964,0.3058,0.0000,0.0000,0,0.000,0.000,0.0000,0.0000,0,0,-106.521,618.476,95.964,0.000,0,-1.000000,1.000,28.924,-1.000000,0.0000,0.0000,0,0,0.000,1.000,19.607,-106.521,618.476,95.964,0,0,-1,99.638777
193,27.8044,portrait-idle,-87.297,607.475,101.106,0.000,72.265,230.701,-75.825,617.448,16.193,-92.038,624.036,16.193,0.0000,0.0000,-64.393,607.710,95.946,-106.543,618.404,95.946,0.3058,0.0000,0.0000,0,0.000,0.000,0.0000,0.0000,0,0,-106.543,618.404,95.946,0.000,0,-1.000000,1.000,28.924,-1.000000,0.0000,0.0000,0,0,0.000,1.000,19.607,-106.543,618.404,95.946,0,0,-1,99.638777
194,27.9526,portrait-idle,-87.297,607.475,101.106,0.000,72.265,230.701,-75.825,617.448,16.193,-92.038,624.036,16.193,0.0000,0.0000,-64.415,607.607,95.931,-106.573,618.303,95.931,0.3058,0.0000,0.0000,0,0.000,0.000,0.0000,0.0000,0,0,-106.573,618.303,95.931,0.000,0,-1.000000,1.000,28.924,-1.000000,0.0000,0.0000,0,0,0.000,1.000,19.607,-106.573,618.303,95.931,0,0,-1,99.638777
195,28.0951,portrait-idle,-87.297,607.475,101.106,0.000,72.265,230.701,-75.825,617.448,16.193,-92.038,624.036,16.193,0.0000,0.0000,-64.434,607.514,95.918,-106.601,618.212,95.918,0.3058,0.0000,0.0000,0,0.000,0.000,0.0000,0.0000,0,0,-106.601,618.212,95.918,0.000,0,-1.000000,1.000,28.924,-1.000000,0.0000,0.0000,0,0,0.000,1.000,19.607,-106.601,618.212,95.918,0,0,-1,99.638777
196,28.2391,portrait-idle,-87.297,607.475,101.106,0.000,72.265,230.701,-75.825,617.448,16.193,-92.038,624.036,16.193,0.0000,0.0000,-64.455,607.415,95.904,-106.630,618.114,95.904,0.3058,0.0000,0.0000,0,0.000,0.000,0.0000,0.0000,0,0,-106.630,618.114,95.904,0.000,0,-1.000000,1.000,28.924,-1.000000,0.0000,0.0000,0,0,0.000,1.000,19.607,-106.630,618.114,95.904,0,0,-1,99.638777
197,28.3915,portrait-idle,-87.297,607.475,101.106,0.000,72.265,230.701,-75.825,617.448,16.193,-92.038,624.036,16.193,0.0000,0.0000,-64.463,607.379,95.895,-106.639,618.079,95.895,0.3058,0.0000,0.0000,0,0.000,0.000,0.0000,0.0000,0,0,-106.639,618.079,95.895,0.000,0,-1.000000,1.000,28.924,-1.000000,0.0000,0.0000,0,0,0.000,1.000,19.607,-106.639,618.079,95.895,0,0,-1,99.638777
198,28.5414,portrait-idle,-87.297,607.475,101.106,0.000,72.265,230.701,-75.825,617.448,16.193,-92.038,624.036,16.193,0.0000,0.0000,-64.469,607.357,95.885,-106.645,618.057,95.885,0.3058,0.0000,0.0000,0,0.000,0.000,0.0000,0.0000,0,0,-106.645,618.057,95.885,0.000,0,-1.000000,1.000,28.924,-1.000000,0.0000,0.0000,0,0,0.000,1.000,19.607,-106.645,618.057,95.885,0,0,-1,99.638777
199,28.6876,portrait-idle,-87.297,607.475,101.106,0.000,72.265,230.701,-75.825,617.448,16.193,-92.038,624.036,16.193,0.0000,0.0000,-64.486,607.271,95.885,-106.672,617.973,95.885,0.3058,0.0000,0.0000,0,0.000,0.000,0.0000,0.0000,0,0,-106.672,617.973,95.885,0.000,0,-1.000000,1.000,28.924,-1.000000,0.0000,0.0000,0,0,0.000,1.000,19.607,-106.672,617.973,95.885,0,0,-1,99.638777
200,28.8358,portrait-idle,-87.297,607.475,101.106,0.000,72.265,230.701,-75.825,617.448,16.193,-92.038,624.036,16.193,0.0000,0.0000,-64.488,607.261,95.883,-106.674,617.963,95.883,0.3058,0.0000,0.0000,0,0.000,0.000,0.0000,0.0000,0,0,-106.674,617.963,95.883,0.000,0,-1.000000,1.000,28.924,-1.000000,0.0000,0.0000,0,0,0.000,1.000,19.607,-106.674,617.963,95.883,0,0,-1,99.638777
201,28.9818,portrait-idle,-87.297,607.475,101.106,0.000,72.265,230.701,-75.825,617.448,16.193,-92.038,624.036,16.193,0.0000,0.0000,-64.489,607.254,95.882,-106.677,617.956,95.882,0.3058,0.0000,0.0000,0,0.000,0.000,0.0000,0.0000,0,0,-106.677,617.956,95.882,0.000,0,-1.000000,1.000,28.924,-1.000000,0.0000,0.0000,0,0,0.000,1.000,19.607,-106.677,617.956,95.882,0,0,-1,99.638777
202,29.1303,portrait-idle,-87.297,607.475,101.106,0.000,72.265,230.701,-75.825,617.448,16.193,-92.038,624.036,16.193,0.0000,0.0000,-64.470,607.348,95.895,-106.649,618.049,95.895,0.3058,0.0000,0.0000,0,0.000,0.000,0.0000,0.0000,0,0,-106.649,618.049,95.895,0.000,0,-1.000000,1.000,28.924,-1.000000,0.0000,0.0000,0,0,0.000,1.000,19.607,-106.649,618.049,95.895,0,0,-1,99.638777
203,29.2752,portrait-orbit,-87.297,607.475,101.106,0.000,72.265,230.701,-75.825,617.448,16.193,-92.038,624.036,16.193,0.0000,0.0000,-64.450,607.440,95.908,-106.622,618.139,95.908,0.3058,0.0000,0.0000,0,0.000,0.000,0.0000,0.0000,0,0,-106.622,618.139,95.908,0.000,0,-1.000000,1.000,28.924,-1.000000,0.0000,0.0000,0,0,0.000,1.000,19.607,-106.622,618.139,95.908,0,0,-1,99.638777
204,29.4191,portrait-orbit,-87.297,607.475,101.106,0.000,72.265,230.701,-75.825,617.448,16.193,-92.038,624.036,16.193,0.0000,0.0000,-64.432,607.528,95.920,-106.596,618.226,95.920,0.3058,0.0000,0.0000,0,0.000,0.000,0.0000,0.0000,0,0,-106.596,618.226,95.920,0.000,0,-1.000000,1.000,28.924,-1.000000,0.0000,0.0000,0,0,0.000,1.000,19.607,-106.596,618.226,95.920,0,0,-1,99.638777
205,29.5596,portrait-orbit,-87.297,607.475,101.106,0.000,72.265,230.701,-75.825,617.448,16.193,-92.038,624.036,16.193,0.0000,0.0000,-64.410,607.629,95.935,-106.567,618.324,95.935,0.3058,0.0000,0.0000,0,0.000,0.000,0.0000,0.0000,0,0,-106.567,618.324,95.935,0.000,0,-1.000000,1.000,28.924,-1.000000,0.0000,0.0000,0,0,0.000,1.000,19.607,-106.567,618.324,95.935,0,0,-1,99.638777
206,29.7028,portrait-orbit,-87.297,607.475,101.106,0.000,72.265,230.701,-75.825,617.448,16.193,-92.038,624.036,16.193,0.0000,0.0000,-64.391,607.722,95.948,-106.540,618.415,95.948,0.3058,0.0000,0.0000,0,0.000,0.000,0.0000,0.0000,0,0,-106.540,618.415,95.948,0.000,0,-1.000000,1.000,28.924,-1.000000,0.0000,0.0000,0,0,0.000,1.000,19.607,-106.540,618.415,95.948,0,0,-1,99.638777
207,29.8458,portrait-orbit,-87.297,607.475,101.106,0.000,72.265,230.701,-75.825,617.448,16.193,-92.038,624.036,16.193,0.0000,0.0000,-64.373,607.807,95.961,-106.515,618.498,95.961,0.3058,0.0000,0.0000,0,0.000,0.000,0.0000,0.0000,0,0,-106.515,618.498,95.961,0.000,0,-1.000000,1.000,28.924,-1.000000,0.0000,0.0000,0,0,0.000,1.000,19.607,-106.515,618.498,95.961,0,0,-1,99.638777
208,29.9955,portrait-orbit,-87.297,607.475,101.106,0.000,72.265,230.701,-75.825,617.448,16.193,-92.038,624.036,16.193,0.0000,0.0000,-64.365,607.848,95.967,-106.503,618.538,95.967,0.3058,0.0000,0.0000,0,0.000,0.000,0.0000,0.0000,0,0,-106.503,618.538,95.967,0.000,0,-1.000000,1.000,28.924,-1.000000,0.0000,0.0000,0,0,0.000,1.000,19.607,-106.503,618.538,95.967,0,0,-1,99.638777
209,30.1360,portrait-orbit,-87.297,607.475,101.106,0.000,72.265,230.701,-75.825,617.448,16.193,-92.038,624.036,16.193,0.0000,0.0000,-64.365,607.848,95.967,-106.503,618.538,95.967,0.3058,0.0000,0.0000,0,0.000,0.000,0.0000,0.0000,0,0,-106.503,618.538,95.967,0.000,0,-1.000000,1.000,28.924,-1.000000,0.0000,0.0000,0,0,0.000,1.000,19.607,-106.503,618.538,95.967,0,0,-1,99.638777
210,30.2872,portrait-orbit,-87.297,607.475,101.106,0.000,72.265,230.701,-75.825,617.448,16.193,-92.038,624.036,16.193,0.0000,0.0000,-64.350,607.918,95.978,-106.482,618.606,95.978,0.3058,0.0000,0.0000,0,0.000,0.000,0.0000,0.0000,0,0,-106.482,618.606,95.978,0.000,0,-1.000000,1.000,28.924,-1.000000,0.0000,0.0000,0,0,0.000,1.000,19.607,-106.482,618.606,95.978,0,0,-1,99.638777
211,30.4280,portrait-orbit,-87.297,607.475,101.106,0.000,72.265,230.701,-75.825,617.448,16.193,-92.038,624.036,16.193,0.0000,0.0000,-64.350,607.918,95.978,-106.482,618.606,95.978,0.3058,0.0000,0.0000,0,0.000,0.000,0.0000,0.0000,0,0,-106.482,618.606,95.978,0.000,0,-1.000000,1.000,28.924,-1.000000,0.0000,0.0000,0,0,0.000,1.000,19.607,-106.482,618.606,95.978,0,0,-1,99.638777
212,30.5703,portrait-orbit,-87.297,607.475,101.106,0.000,72.265,230.701,-75.825,617.448,16.193,-92.038,624.036,16.193,0.0000,0.0000,-64.369,607.830,95.968,-106.508,618.521,95.968,0.3058,0.0000,0.0000,0,0.000,0.000,0.0000,0.0000,0,0,-106.508,618.521,95.968,0.000,0,-1.000000,1.000,28.924,-1.000000,0.0000,0.0000,0,0,0.000,1.000,19.607,-106.508,618.521,95.968,0,0,-1,99.638777
213,30.7163,portrait-orbit,-87.297,607.475,101.106,0.000,72.265,230.701,-75.825,617.448,16.193,-92.038,624.036,16.193,0.0000,0.0000,-64.383,607.761,95.958,-106.528,618.453,95.959,0.3058,0.0000,0.0000,0,0.000,0.000,0.0000,0.0000,0,0,-106.528,618.453,95.959,0.000,0,-1.000000,1.000,28.924,-1.000000,0.0000,0.0000,0,0,0.000,1.000,19.607,-106.528,618.453,95.959,0,0,-1,99.638777
214,30.8678,portrait-orbit,-87.297,607.475,101.106,0.000,72.265,230.701,-75.825,617.448,16.193,-92.038,624.036,16.193,0.0000,0.0000,-64.403,607.666,95.940,-106.556,618.361,95.940,0.3058,0.0000,0.0000,0,0.000,0.000,0.0000,0.0000,0,0,-106.556,618.361,95.940,0.000,0,-1.000000,1.000,28.924,-1.000000,0.0000,0.0000,0,0,0.000,1.000,19.607,-106.556,618.361,95.940,0,0,-1,99.638777
215,31.0171,portrait-orbit,-87.297,607.475,101.106,0.000,72.265,230.701,-75.825,617.448,16.193,-92.038,624.036,16.193,0.0000,0.0000,-64.423,607.568,95.926,-106.585,618.265,95.926,0.3058,0.0000,0.0000,0,0.000,0.000,0.0000,0.0000,0,0,-106.585,618.265,95.926,0.000,0,-1.000000,1.000,28.924,-1.000000,0.0000,0.0000,0,0,0.000,1.000,19.607,-106.585,618.265,95.926,0,0,-1,99.638777
216,31.1624,portrait-orbit,-87.297,607.475,101.106,0.000,72.265,230.701,-75.825,617.448,16.193,-92.038,624.036,16.193,0.0000,0.0000,-64.444,607.468,95.912,-106.614,618.166,95.912,0.3058,0.0000,0.0000,0,0.000,0.000,0.0000,0.0000,0,0,-106.614,618.166,95.912,0.000,0,-1.000000,1.000,28.924,-1.000000,0.0000,0.0000,0,0,0.000,1.000,19.607,-106.614,618.166,95.912,0,0,-1,99.638777
217,31.3001,portrait-orbit,-87.297,607.475,101.106,0.000,72.265,230.701,-75.825,617.448,16.193,-92.038,624.036,16.193,0.0000,0.0000,-64.460,607.393,95.900,-106.636,618.092,95.900,0.3058,0.0000,0.0000,0,0.000,0.000,0.0000,0.0000,0,0,-106.636,618.092,95.900,0.000,0,-1.000000,1.000,28.924,-1.000000,0.0000,0.0000,0,0,0.000,1.000,19.607,-106.636,618.092,95.900,0,0,-1,99.638777
218,31.4447,portrait-orbit,-87.297,607.475,101.106,0.000,72.265,230.701,-75.825,617.448,16.193,-92.038,624.036,16.193,0.0000,0.0000,-64.465,607.372,95.891,-106.641,618.071,95.891,0.3058,0.0000,0.0000,0,0.000,0.000,0.0000,0.0000,0,0,-106.641,618.071,95.891,0.000,0,-1.000000,1.000,28.924,-1.000000,0.0000,0.0000,0,0,0.000,1.000,19.607,-106.641,618.071,95.891,0,0,-1,99.638777
219,31.5852,portrait-orbit,-87.297,607.475,101.106,0.000,72.265,230.701,-75.825,617.448,16.193,-92.038,624.036,16.193,0.0000,0.0000,-64.486,607.271,95.885,-106.672,617.973,95.885,0.3058,0.0000,0.0000,0,0.000,0.000,0.0000,0.0000,0,0,-106.672,617.973,95.885,0.000,0,-1.000000,1.000,28.924,-1.000000,0.0000,0.0000,0,0,0.000,1.000,19.607,-106.672,617.973,95.885,0,0,-1,99.638777
220,31.7344,portrait-orbit,-87.297,607.475,101.106,0.000,72.265,230.701,-75.825,617.448,16.193,-92.038,624.036,16.193,0.0000,0.0000,-64.486,607.271,95.885,-106.672,617.973,95.885,0.3058,0.0000,0.0000,0,0.000,0.000,0.0000,0.0000,0,0,-106.672,617.973,95.885,0.000,0,-1.000000,1.000,28.924,-1.000000,0.0000,0.0000,0,0,0.000,1.000,19.607,-106.672,617.973,95.885,0,0,-1,99.638777
221,31.8778,portrait-orbit,-87.297,607.475,101.106,0.000,72.265,230.701,-75.825,617.448,16.193,-92.038,624.036,16.193,0.0000,0.0000,-64.489,607.254,95.882,-106.677,617.956,95.882,0.3058,0.0000,0.0000,0,0.000,0.000,0.0000,0.0000,0,0,-106.677,617.956,95.882,0.000,0,-1.000000,1.000,28.924,-1.000000,0.0000,0.0000,0,0,0.000,1.000,19.607,-106.677,617.956,95.882,0,0,-1,99.638777
222,32.0316,portrait-orbit,-87.297,607.475,101.106,0.000,72.265,230.701,-75.825,617.448,16.193,-92.038,624.036,16.193,0.0000,0.0000,-64.489,607.254,95.882,-106.677,617.956,95.882,0.3058,0.0000,0.0000,0,0.000,0.000,0.0000,0.0000,0,0,-106.677,617.956,95.882,0.000,0,-1.000000,1.000,28.924,-1.000000,0.0000,0.0000,0,0,0.000,1.000,19.607,-106.677,617.956,95.882,0,0,-1,99.638777
223,32.1784,portrait-orbit,-87.297,607.475,101.106,0.000,72.265,230.701,-75.825,617.448,16.193,-92.038,624.036,16.193,0.0000,0.0000,-64.463,607.378,95.899,-106.640,618.079,95.899,0.3058,0.0000,0.0000,0,0.000,0.000,0.0000,0.0000,0,0,-106.640,618.079,95.899,0.000,0,-1.000000,1.000,28.924,-1.000000,0.0000,0.0000,0,0,0.000,1.000,19.607,-106.640,618.079,95.899,0,0,-1,99.638777
224,32.3260,portrait-orbit,-87.297,607.475,101.106,0.000,72.265,230.701,-75.825,617.448,16.193,-92.038,624.036,16.193,0.0000,0.0000,-64.443,607.472,95.912,-106.613,618.170,95.912,0.3058,0.0000,0.0000,0,0.000,0.000,0.0000,0.0000,0,0,-106.613,618.170,95.912,0.000,0,-1.000000,1.000,28.924,-1.000000,0.0000,0.0000,0,0,0.000,1.000,19.607,-106.613,618.170,95.912,0,0,-1,99.638777
225,32.4653,portrait-orbit,-87.297,607.475,101.106,0.000,72.265,230.701,-75.825,617.448,16.193,-92.038,624.036,16.193,0.0000,0.0000,-64.425,607.562,95.925,-106.587,618.258,95.925,0.3058,0.0000,0.0000,0,0.000,0.000,0.0000,0.0000,0,0,-106.587,618.258,95.925,0.000,0,-1.000000,1.000,28.924,-1.000000,0.0000,0.0000,0,0,0.000,1.000,19.607,-106.587,618.258,95.925,0,0,-1,99.638777
226,32.6098,portrait-orbit,-87.297,607.475,101.106,0.000,72.265,230.701,-75.825,617.448,16.193,-92.038,624.036,16.193,0.0000,0.0000,-64.403,607.665,95.940,-106.556,618.359,95.940,0.3058,0.0000,0.0000,0,0.000,0.000,0.0000,0.0000,0,0,-106.556,618.359,95.940,0.000,0,-1.000000,1.000,28.924,-1.000000,0.0000,0.0000,0,0,0.000,1.000,19.607,-106.556,618.359,95.940,0,0,-1,99.638777
227,32.7610,portrait-orbit,-87.297,607.475,101.106,0.000,72.265,230.701,-75.825,617.448,16.193,-92.038,624.036,16.193,0.0000,0.0000,-64.384,607.756,95.953,-106.530,618.449,95.953,0.3058,0.0000,0.0000,0,0.000,0.000,0.0000,0.0000,0,0,-106.530,618.449,95.953,0.000,0,-1.000000,1.000,28.924,-1.000000,0.0000,0.0000,0,0,0.000,1.000,19.607,-106.530,618.449,95.953,0,0,-1,99.638777
228,32.9081,portrait-orbit,-87.297,607.475,101.106,0.000,72.265,230.701,-75.825,617.448,16.193,-92.038,624.036,16.193,0.0000,0.0000,-64.366,607.843,95.966,-106.504,618.534,95.966,0.3058,0.0000,0.0000,0,0.000,0.000,0.0000,0.0000,0,0,-106.504,618.534,95.966,0.000,0,-1.000000,1.000,28.924,-1.000000,0.0000,0.0000,0,0,0.000,1.000,19.607,-106.504,618.534,95.966,0,0,-1,99.638777
229,33.0538,portrait-orbit,-87.297,607.475,101.106,0.000,72.265,230.701,-75.825,617.448,16.193,-92.038,624.036,16.193,0.0000,0.0000,-64.365,607.848,95.967,-106.503,618.538,95.967,0.3058,0.0000,0.0000,0,0.000,0.000,0.0000,0.0000,0,0,-106.503,618.538,95.967,0.000,0,-1.000000,1.000,28.924,-1.000000,0.0000,0.0000,0,0,0.000,1.000,19.607,-106.503,618.538,95.967,0,0,-1,99.638777
230,33.2010,portrait-orbit,-87.297,607.475,101.106,0.000,72.265,230.701,-75.825,617.448,16.193,-92.038,624.036,16.193,0.0000,0.0000,-64.350,607.918,95.978,-106.482,618.606,95.978,0.3058,0.0000,0.0000,0,0.000,0.000,0.0000,0.0000,0,0,-106.482,618.606,95.978,0.000,0,-1.000000,1.000,28.924,-1.000000,0.0000,0.0000,0,0,0.000,1.000,19.607,-106.482,618.606,95.978,0,0,-1,99.638777
231,33.3519,return-to-world,-87.297,607.475,101.106,0.000,72.265,230.701,-75.825,617.448,16.193,-92.038,624.036,16.193,0.0000,0.0000,-64.350,607.918,95.978,-106.482,618.606,95.978,0.3058,0.0000,0.0000,0,0.000,0.000,0.0000,0.0000,0,0,-106.482,618.606,95.978,0.000,0,-1.000000,1.000,28.924,-1.000000,0.0000,0.0000,0,0,0.000,1.000,19.607,-106.482,618.606,95.978,0,0,-1,99.638777
232,33.4936,return-to-world,-87.297,607.475,101.106,0.000,72.265,230.701,-75.825,617.448,16.193,-92.038,624.036,16.193,0.0000,0.0000,-64.360,607.870,95.971,-106.496,618.560,95.971,0.3058,0.0000,0.0000,0,0.000,0.000,0.0000,0.0000,0,0,-106.496,618.560,95.971,0.000,0,-1.000000,1.000,28.924,-1.000000,0.0000,0.0000,0,0,0.000,1.000,19.607,-106.496,618.560,95.971,0,0,-1,99.636511
233,33.6318,return-to-world,-87.297,607.475,101.106,0.000,72.265,230.701,-75.825,617.448,16.193,-92.038,624.036,16.193,0.0000,0.0000,-64.375,607.798,95.965,-106.517,618.490,95.965,0.3058,0.0000,0.0000,0,0.000,0.000,0.0000,0.0000,0,0,-106.517,618.490,95.965,0.000,0,-1.000000,1.000,28.924,-1.000000,0.0000,0.0000,0,0,0.000,1.000,19.607,-106.517,618.490,95.965,0,0,-1,99.634295
234,33.7690,return-to-world,-87.297,607.475,101.106,0.000,72.265,230.701,-75.825,617.448,16.193,-92.038,624.036,16.193,0.0000,0.0000,-64.388,607.735,95.950,-106.536,618.428,95.950,0.3058,0.0000,0.0000,0,0.000,0.000,0.0000,0.0000,0,0,-106.536,618.428,95.950,0.000,0,-1.000000,1.000,28.924,-1.000000,0.0000,0.0000,0,0,0.000,1.000,19.607,-106.536,618.428,95.950,0,0,-1,99.632105
235,33.9071,return-to-world,-87.297,607.475,101.106,0.000,72.265,230.701,-75.825,617.448,16.193,-92.038,624.036,16.193,0.0000,0.0000,-64.408,607.639,95.936,-106.564,618.334,95.936,0.3058,0.0000,0.0000,0,0.000,0.000,0.0000,0.0000,0,0,-106.564,618.334,95.936,0.000,0,-1.000000,1.000,28.924,-1.000000,0.0000,0.0000,0,0,0.000,1.000,19.607,-106.564,618.334,95.936,0,0,-1,99.629891
236,34.0475,return-to-world,-87.297,607.475,101.106,0.000,72.265,230.701,-75.825,617.448,16.193,-92.038,624.036,16.193,0.0000,0.0000,-64.428,607.547,95.923,-106.591,618.244,95.923,0.3058,0.0000,0.0000,0,0.000,0.000,0.0000,0.0000,0,0,-106.591,618.244,95.923,0.000,0,-1.000000,1.000,28.924,-1.000000,0.0000,0.0000,0,0,0.000,1.000,19.607,-106.591,618.244,95.923,0,0,-1,99.627648
237,34.1893,return-to-world,-87.297,607.475,101.106,0.000,72.265,230.701,-75.825,617.448,16.193,-92.038,624.036,16.193,0.0000,0.0000,-64.448,607.449,95.909,-106.620,618.148,95.909,0.3058,0.0000,0.0000,0,0.000,0.000,0.0000,0.0000,0,0,-106.620,618.148,95.909,0.000,0,-1.000000,1.000,28.924,-1.000000,0.0000,0.0000,0,0,0.000,1.000,19.607,-106.620,618.148,95.909,0,0,-1,99.625376
238,34.3296,return-to-world,-87.297,607.475,101.106,0.000,72.265,230.701,-75.825,617.448,16.193,-92.038,624.036,16.193,0.0000,0.0000,-64.461,607.388,95.899,-106.637,618.088,95.899,0.3058,0.0000,0.0000,0,0.000,0.000,0.0000,0.0000,0,0,-106.637,618.088,95.899,0.000,0,-1.000000,1.000,28.924,-1.000000,0.0000,0.0000,0,0,0.000,1.000,19.607,-106.637,618.088,95.899,0,0,-1,99.623134
239,34.4640,walk-to-forage,-87.297,607.475,101.106,0.000,72.265,230.701,-75.825,617.448,16.193,-92.038,624.036,16.193,0.0000,0.0000,-64.466,607.369,95.890,-106.642,618.068,95.890,0.3058,0.0000,0.0000,0,-100.000,550.000,0.0000,0.0000,0,0,-106.642,618.068,95.890,0.000,0,-1.000000,1.000,28.924,-1.000000,0.0000,0.0000,0,0,0.000,1.000,19.607,-106.642,618.068,95.890,0,0,0,99.620981
240,34.6046,walk-to-forage,-88.752,605.697,101.030,24.551,114.351,237.304,-83.924,615.177,15.824,-108.075,623.617,19.632,0.7014,0.2046,-67.654,614.293,92.930,-113.332,607.557,94.148,0.3345,0.0000,0.0000,0,-100.000,550.000,0.0000,0.0000,0,0,-113.332,607.557,94.148,0.000,0,-1.000000,1.000,28.924,-1.000000,0.0000,0.0000,0,0,0.000,1.000,19.607,-113.332,607.557,94.148,0,0,0,99.618737
241,34.7443,walk-to-forage,-91.876,601.131,100.850,45.000,156.327,241.838,-86.287,608.457,15.972,-128.412,605.478,19.580,1.0000,0.3750,-81.441,621.379,90.812,-112.017,586.472,92.183,0.3869,0.0000,0.0000,0,-100.000,550.000,0.0000,0.0000,0,0,-112.017,586.472,92.183,0.000,0,-1.000000,1.000,28.924,-1.000000,0.0000,0.0000,0,0,0.000,1.000,19.607,-112.017,586.472,92.183,0,0,0,99.616498
242,34.8935,walk-to-forage,-95.200,595.313,100.637,45.000,-158.997,245.820,-90.197,607.068,15.674,-129.323,570.167,16.736,1.0000,0.3750,-105.405,614.972,89.549,-95.671,571.666,90.331,0.4428,0.0000,0.0000,0,-100.000,550.000,0.0000,0.0000,0,0,-95.671,571.666,90.331,0.000,0,-1.000000,1.000,28.924,-1.000000,0.0000,0.0000,0,0,0.000,1.000,19.607,-95.671,571.666,90.331,0,0,0,99.614115
243,35.0317,walk-to-forage,-97.901,589.694,100.443,45.000,-117.432,249.160,-99.318,607.512,15.508,-107.521,546.336,15.505,1.0000,0.3750,-119.868,593.612,89.231,-80.470,575.163,89.310,0.4947,0.0000,0.0000,0,-100.000,550.000,0.0000,0.0000,0,0,-80.470,575.163,89.310,0.000,0,-1.000000,1.000,28.924,-1.000000,0.0000,0.0000,0,0,0.000,1.000,19.607,-80.470,575.163,89.310,0,0,0,99.611898
244,35.1707,walk-to-forage,-100.251,583.914,100.252,45.000,-110.840,252.385,-104.125,600.684,15.871,-103.392,545.020,15.122,1.0000,0.3750,-123.494,581.337,89.553,-79.775,575.497,88.907,0.5467,0.0000,0.0000,0,-100.000,550.000,0.0000,0.0000,0,0,-79.775,575.497,88.907,0.000,0,-1.000000,1.000,28.924,-1.000000,0.0000,0.0000,0,0,0.000,1.000,19.607,-79.775,575.497,88.907,0,0,0,99.609680
245,35.3123,settle-forage,-100.251,583.914,100.252,0.000,-110.840,252.385,-109.863,582.425,14.362,-98.455,560.497,14.456,0.2901,0.0000,-123.209,584.055,93.427,-81.015,573.148,93.244,0.5467,0.0000,0.0000,0,-100.000,550.000,0.0000,0.0000,0,0,-81.015,573.148,93.244,0.000,0,-1.000000,1.000,28.924,-1.000000,0.0000,0.0000,0,0,0.000,1.000,19.607,-81.015,573.148,93.244,0,0,0,99.607408
246,35.4572,settle-forage,-100.251,583.914,100.252,0.000,-110.840,252.385,-112.247,574.578,15.339,-96.415,567.120,15.339,0.0000,0.0000,-123.093,585.073,95.070,-81.572,572.107,95.070,0.5467,0.0000,0.0000,0,-100.000,550.000,0.0000,0.0000,0,0,-81.572,572.107,95.070,0.000,0,-1.000000,1.000,28.924,-1.000000,0.0000,0.0000,0,0,0.000,1.000,19.607,-81.572,572.107,95.070,0,0,0,99.605094
247,35.5959,settle-forage,-100.251,583.914,100.252,0.000,-110.840,252.385,-112.247,574.578,15.339,-96.415,567.120,15.339,0.0000,0.0000,-123.119,584.974,95.084,-81.606,572.012,95.085,0.5467,0.0000,0.0000,0,-100.000,550.000,0.0000,0.0000,0,0,-81.606,572.012,95.085,0.000,0,-1.000000,1.000,28.924,-1.000000,0.0000,0.0000,0,0,0.000,1.000,19.607,-81.606,572.012,95.085,0,0,0,99.602870
248,35.7324,settle-forage,-100.251,583.914,100.252,0.000,-110.840,252.385,-112.247,574.578,15.339,-96.415,567.120,15.339,0.0000,0.0000,-123.141,584.891,95.097,-81.635,571.931,95.097,0.5467,0.0000,0.0000,0,-100.000,550.000,0.0000,0.0000,0,0,-81.635,571.931,95.097,0.000,0,-1.000000,1.000,28.924,-1.000000,0.0000,0.0000,0,0,0.000,1.000,19.607,-81.635,571.931,95.097,0,0,0,99.600690
249,35.8728,settle-forage,-100.251,583.914,100.252,0.000,-110.840,252.385,-112.247,574.578,15.339,-96.415,567.120,15.339,0.0000,0.0000,-123.163,584.809,95.109,-81.664,571.851,95.109,0.5467,0.0000,0.0000,0,-100.000,550.000,0.0000,0.0000,0,0,-81.664,571.851,95.109,0.000,0,-1.000000,1.000,28.924,-1.000000,0.0000,0.0000,0,0,0.000,1.000,19.607,-81.664,571.851,95.109,0,0,0,99.598439
250,36.0190,view-picking-side,-100.251,583.914,100.252,0.000,-110.840,252.385,-112.247,574.578,15.339,-96.415,567.120,15.339,0.0000,0.0000,-123.170,584.784,95.113,-81.673,571.827,95.113,0.5467,0.0000,0.0000,0,-100.000,550.000,0.0000,0.0000,0,0,-81.673,571.827,95.113,0.000,0,-1.000000,1.000,28.924,-1.000000,0.0000,0.0000,0,0,0.000,1.000,19.607,-81.673,571.827,95.113,0,0,0,99.596105
251,36.1607,view-picking-side,-100.251,583.914,100.252,0.000,-110.840,244.797,-112.247,574.578,15.339,-96.415,567.120,15.339,0.0000,0.0000,-123.170,584.784,95.113,-81.673,571.827,95.113,0.5467,0.0000,0.0000,0,-100.000,550.000,0.0000,0.0000,0,0,-81.673,571.827,95.113,0.000,0,-1.000000,1.000,28.924,-1.000000,0.0000,0.0000,0,0,0.000,1.000,19.607,-81.673,571.827,95.113,0,0,0,99.593833
252,36.3030,view-picking-side,-100.251,583.914,100.252,0.000,-110.840,237.206,-112.247,574.578,15.339,-96.415,567.120,15.339,0.0000,0.0000,-123.188,584.715,95.124,-81.697,571.760,95.124,0.5467,0.0000,0.0000,0,-100.000,550.000,0.0000,0.0000,0,0,-81.697,571.760,95.124,0.000,0,-1.000000,1.000,28.924,-1.000000,0.0000,0.0000,0,0,0.000,1.000,19.607,-81.697,571.760,95.124,0,0,0,99.591560
253,36.4456,view-picking-side,-100.251,583.914,100.252,0.000,-110.840,229.574,-112.247,574.578,15.339,-96.415,567.120,15.339,0.0000,0.0000,-123.187,584.720,95.123,-81.695,571.765,95.123,0.5467,0.0000,0.0000,0,-100.000,550.000,0.0000,0.0000,0,0,-81.695,571.765,95.123,0.000,0,-1.000000,1.000,28.924,-1.000000,0.0000,0.0000,0,0,0.000,1.000,19.607,-81.695,571.765,95.123,0,0,0,99.589275
254,36.5907,view-picking-side,-100.251,583.914,100.252,0.000,-110.840,221.832,-112.247,574.578,15.339,-96.415,567.120,15.339,0.0000,0.0000,-123.162,584.812,95.113,-81.663,571.854,95.113,0.5467,0.0000,0.0000,0,-100.000,550.000,0.0000,0.0000,0,0,-81.663,571.854,95.113,0.000,0,-1.000000,1.000,28.924,-1.000000,0.0000,0.0000,0,0,0.000,1.000,19.607,-81.663,571.854,95.113,0,0,0,99.586957
255,36.7309,view-picking-side,-100.251,583.914,100.252,0.000,-110.840,214.329,-112.247,574.578,15.339,-96.415,567.120,15.339,0.0000,0.0000,-123.147,584.869,95.100,-81.643,571.910,95.100,0.5467,0.0000,0.0000,0,-100.000,550.000,0.0000,0.0000,0,0,-81.643,571.910,95.100,0.000,0,-1.000000,1.000,28.924,-1.000000,0.0000,0.0000,0,0,0.000,1.000,19.607,-81.643,571.910,95.100,0,0,0,99.584710
256,36.8662,view-picking-side,-100.251,583.914,100.252,0.000,-110.840,207.109,-112.247,574.578,15.339,-96.415,567.120,15.339,0.0000,0.0000,-123.122,584.962,95.086,-81.610,572.000,95.086,0.5467,0.0000,0.0000,0,-100.000,550.000,0.0000,0.0000,0,0,-81.610,572.000,95.086,0.000,0,-1.000000,1.000,28.924,-1.000000,0.0000,0.0000,0,0,0.000,1.000,19.607,-81.610,572.000,95.086,0,0,0,99.582548
257,37.0058,view-picking-side,-100.251,583.914,100.252,0.000,-110.840,199.639,-112.247,574.578,15.339,-96.415,567.120,15.339,0.0000,0.0000,-123.099,585.052,95.073,-81.579,572.088,95.073,0.5467,0.0000,0.0000,0,-100.000,550.000,0.0000,0.0000,0,0,-81.579,572.088,95.073,0.000,0,-1.000000,1.000,28.924,-1.000000,0.0000,0.0000,0,0,0.000,1.000,19.607,-81.579,572.088,95.073,0,0,0,99.580312
258,37.1506,view-picking-side,-100.251,583.914,100.252,0.000,-110.840,191.916,-112.247,574.578,15.339,-96.415,567.120,15.339,0.0000,0.0000,-123.072,585.151,95.059,-81.544,572.184,95.059,0.5467,0.0000,0.0000,0,-100.000,550.000,0.0000,0.0000,0,0,-81.544,572.184,95.059,0.000,0,-1.000000,1.000,28.924,-1.000000,0.0000,0.0000,0,0,0.000,1.000,19.607,-81.544,572.184,95.059,0,0,0,99.577999
259,37.2993,before-pick,-100.251,583.914,100.252,0.000,-110.840,183.952,-112.247,574.578,15.339,-96.415,567.120,15.339,0.0000,0.0000,-123.050,585.233,95.047,-81.516,572.265,95.047,0.5467,0.0000,0.0000,0,-100.000,550.000,0.0000,0.0000,0,0,-81.516,572.265,95.047,0.000,0,-1.000000,1.000,28.924,-1.000000,0.0000,0.0000,0,0,0.000,1.000,19.607,-81.516,572.265,95.047,0,0,0,99.575615
260,37.4345,before-pick,-100.251,583.914,100.252,0.000,-110.840,183.952,-112.247,574.578,15.339,-96.415,567.120,15.339,0.0000,0.0000,-123.044,585.253,95.038,-81.510,572.284,95.038,0.5467,0.0000,0.0000,0,-100.000,550.000,0.0000,0.0000,0,0,-81.510,572.284,95.038,0.000,0,-1.000000,1.000,28.924,-1.000000,0.0000,0.0000,0,0,0.000,1.000,19.607,-81.510,572.284,95.038,0,0,0,99.573457
261,37.5696,before-pick,-100.251,583.914,100.252,0.000,-110.840,183.952,-112.247,574.578,15.339,-96.415,567.120,15.339,0.0000,0.0000,-123.018,585.354,95.031,-81.474,572.382,95.031,0.5467,0.0000,0.0000,0,-100.000,550.000,0.0000,0.0000,0,0,-81.474,572.382,95.031,0.000,0,-1.000000,1.000,28.924,-1.000000,0.0000,0.0000,0,0,0.000,1.000,19.607,-81.474,572.382,95.031,0,0,0,99.571292
262,37.7057,before-pick,-100.251,583.914,100.252,0.000,-110.840,183.952,-112.247,574.578,15.339,-96.415,567.120,15.339,0.0000,0.0000,-123.018,585.354,95.031,-81.474,572.382,95.031,0.5467,0.0000,0.0000,0,-100.000,550.000,0.0000,0.0000,0,0,-81.474,572.382,95.031,0.000,0,-1.000000,1.000,28.924,-1.000000,0.0000,0.0000,0,0,0.000,1.000,19.607,-81.474,572.382,95.031,0,0,0,99.569117
263,37.8519,before-pick,-100.251,583.914,100.252,0.000,-110.840,183.952,-112.247,574.578,15.339,-96.415,567.120,15.339,0.0000,0.0000,-123.013,585.371,95.029,-81.468,572.399,95.029,0.5467,0.0000,0.0000,0,-100.000,550.000,0.0000,0.0000,0,0,-81.468,572.399,95.029,0.000,0,-1.000000,1.000,28.924,-1.000000,0.0000,0.0000,0,0,0.000,1.000,19.607,-81.468,572.399,95.029,0,0,0,99.566774
264,37.9928,before-pick,-100.251,583.914,100.252,0.000,-110.840,183.952,-112.247,574.578,15.339,-96.415,567.120,15.339,0.0000,0.0000,-123.013,585.371,95.029,-81.468,572.399,95.029,0.5467,0.0000,0.0000,0,-100.000,550.000,0.0000,0.0000,0,0,-81.468,572.399,95.029,0.000,0,-1.000000,1.000,28.924,-1.000000,0.0000,0.0000,0,0,0.000,1.000,19.607,-81.468,572.399,95.029,0,0,0,99.564523
265,38.1399,gather,-100.251,583.914,100.252,0.000,-110.840,183.952,-112.247,574.578,15.339,-96.415,567.120,15.339,0.0000,0.0000,-123.040,585.272,95.042,-81.502,572.302,95.042,0.5467,0.0000,0.0000,0,-100.000,550.000,0.0000,0.0000,0,0,-81.502,572.302,95.042,0.000,0,-1.000000,1.000,28.924,-1.000000,0.0000,0.0000,0,0,0.000,1.000,19.607,-81.502,572.302,95.042,0,0,0,99.562166
266,38.2918,gather,-100.251,583.914,100.252,0.000,-110.840,183.952,-112.253,574.598,15.165,-96.400,567.181,15.171,0.0000,0.0000,-122.493,586.991,91.895,-81.635,572.761,91.950,0.5467,1.0000,0.1516,1,-100.000,550.000,0.0000,0.0000,0,0,-81.635,572.761,91.950,0.000,0,-1.000000,1.000,28.924,-1.000000,0.0000,0.0000,0,0,0.000,1.000,19.607,-81.635,572.761,91.950,0,0,0,99.559741
267,38.4242,gather,-100.251,583.914,100.252,0.000,-110.840,183.952,-112.194,574.695,15.286,-96.397,567.231,15.250,0.0000,0.0000,-121.472,590.262,87.110,-85.212,566.201,88.519,0.5467,1.0000,0.2843,1,-100.000,550.000,0.0000,0.0000,0,0,-85.212,566.201,88.519,0.000,0,-1.000000,1.000,28.924,-1.000000,0.0000,0.0000,0,0,0.000,1.000,19.607,-85.212,566.201,88.519,0,0,0,99.557618
268,38.5615,gather,-100.251,583.914,100.252,0.000,-110.840,183.952,-112.263,574.510,15.585,-96.430,567.030,15.598,0.0000,0.0000,-120.604,593.042,83.480,-92.587,551.844,92.998,0.5467,1.0000,0.4213,1,-100.000,550.000,0.0000,0.0000,0,0,-92.587,551.844,92.998,0.000,0,-1.000000,1.000,28.924,-1.000000,0.0000,0.0000,0,0,0.000,1.000,19.607,-92.587,551.844,92.998,0,0,0,99.555425
269,38.6988,gather,-100.251,583.914,100.252,0.000,-110.840,183.952,-112.264,574.558,15.358,-96.423,567.055,15.367,0.0000,0.0000,-120.408,593.668,82.471,-94.309,549.300,95.799,0.5467,1.0000,0.5590,1,-100.000,550.000,0.0000,0.0000,0,0,-94.309,549.300,95.799,0.000,0,-1.000000,1.000,28.924,-1.000000,0.0000,0.0000,0,0,0.000,1.000,19.607,-94.309,549.300,95.799,0,0,0,99.553223
270,38.8411,gather,-100.251,583.914,100.252,0.000,-110.840,183.952,-112.301,574.459,15.377,-96.419,567.054,15.367,0.0000,0.0000,-120.408,593.668,82.471,-93.517,551.932,97.766,0.5467,1.0000,0.7010,1,-100.000,550.000,0.0000,0.0000,0,0,-93.517,551.932,97.766,0.000,0,-1.000000,1.000,28.924,-1.000000,0.0000,0.0000,0,0,0.000,1.000,19.607,-93.517,551.932,97.766,0,0,0,99.550951
271,38.9760,gather,-100.251,583.914,100.252,0.000,-110.840,183.952,-112.301,574.459,15.377,-96.419,567.054,15.367,0.0000,0.0000,-120.408,593.668,82.471,-93.904,550.582,96.758,0.5467,1.0000,0.8361,1,-100.000,550.000,0.0000,0.0000,0,0,-93.904,550.582,96.758,0.000,0,-1.000000,1.000,28.924,-1.000000,0.0000,0.0000,0,0,0.000,1.000,19.607,-93.904,550.582,96.758,0,0,0,99.548788
272,39.1119,gather,-100.251,583.914,100.252,0.000,-110.840,183.952,-112.219,574.651,15.341,-96.417,567.082,15.326,0.0000,0.0000,-120.595,593.070,83.263,-92.482,552.056,92.601,0.5467,1.0000,0.9716,1,-100.000,550.000,0.0000,0.0000,0,0,-92.482,552.056,92.601,0.000,0,-1.000000,1.000,28.924,-1.000000,0.0000,0.0000,0,0,0.000,1.000,19.607,-92.482,552.056,92.601,0,0,0,99.546621
273,39.2485,gather,-100.251,583.914,100.252,0.000,-110.840,183.952,-112.210,574.625,15.185,-96.408,567.117,15.182,0.0000,0.0000,-121.135,591.342,85.510,-87.460,561.637,88.643,0.5467,1.0000,1.1085,1,-100.000,550.000,0.0000,0.0000,0,0,-87.460,561.637,88.643,0.000,0,-1.000000,1.000,28.924,-1.000000,0.0000,0.0000,0,0,0.000,1.000,19.607,-87.460,561.637,88.643,0,0,0,99.544430
274,39.3803,gather,-100.251,583.914,100.252,0.000,-110.840,183.952,-112.277,574.536,15.358,-96.400,567.258,15.343,0.0000,0.0000,-121.842,589.076,88.853,-83.411,569.742,89.385,0.5467,1.0000,1.2401,1,-100.000,550.000,0.0000,0.0000,0,0,-83.411,569.742,89.385,0.000,0,-1.000000,1.000,28.924,-1.000000,0.0000,0.0000,0,0,0.000,1.000,19.607,-83.411,569.742,89.385,0,0,0,99.542324
275,39.5114,gather,-100.251,583.914,100.252,0.000,-110.840,183.952,-112.277,574.518,15.156,-96.424,567.091,15.152,0.0000,0.0000,-122.498,586.976,91.861,-81.643,572.707,91.919,0.5467,1.0000,1.3715,1,-100.000,550.000,0.0000,0.0000,0,0,-81.643,572.707,91.919,0.000,0,-1.000000,1.000,28.924,-1.000000,0.0000,0.0000,0,0,0.000,1.000,19.607,-81.643,572.707,91.919,0,0,0,99.540222
276,39.6521,gather,-100.251,583.914,100.252,0.000,-110.840,183.952,-112.251,574.571,15.348,-96.415,567.116,15.347,0.0000,0.0000,-123.136,584.906,95.050,-81.634,571.946,95.050,0.5467,0.1222,1.5119,1,-100.000,550.000,0.0000,0.0000,0,0,-81.634,571.946,95.050,0.000,0,-1.000000,1.000,28.924,-1.000000,0.0000,0.0000,0,0,0.000,1.000,19.607,-81.634,571.946,95.050,0,0,0,99.537975
277,39.7858,gather,-100.251,583.914,100.252,0.000,-110.840,183.952,-112.247,574.578,15.339,-96.415,567.120,15.339,0.0000,0.0000,-123.137,584.907,95.094,-81.630,571.947,95.095,0.5467,0.0000,1.6000,1,-100.000,550.000,0.0000,0.0000,0,0,-81.630,571.947,95.095,0.000,0,-1.000000,1.000,28.924,-1.000000,0.0000,0.0000,0,0,0.000,1.000,19.607,-81.630,571.947,95.095,0,0,0,99.535833
278,39.9209,gather,-100.251,583.914,100.252,0.000,-110.840,183.952,-112.247,574.578,15.339,-96.415,567.120,15.339,0.0000,0.0000,-123.112,585.000,95.081,-81.597,572.037,95.081,0.5467,0.0000,1.6000,1,-100.000,550.000,0.0000,0.0000,0,0,-81.597,572.037,95.081,0.000,0,-1.000000,1.000,28.924,-1.000000,0.0000,0.0000,0,0,0.000,1.000,19.607,-81.597,572.037,95.081,0,0,0,99.533674
279,40.0556,gather,-100.251,583.914,100.252,0.000,-110.840,183.952,-112.247,574.578,15.339,-96.415,567.120,15.339,0.0000,0.0000,-123.090,585.086,95.068,-81.567,572.121,95.068,0.5467,0.0000,1.6000,1,-100.000,550.000,0.0000,0.0000,0,0,-81.567,572.121,95.068,0.000,0,-1.000000,1.000,28.924,-1.000000,0.0000,0.0000,0,0,0.000,1.000,19.607,-81.567,572.121,95.068,0,0,0,99.531515
280,40.1900,gather,-100.251,583.914,100.252,0.000,-110.840,183.952,-112.247,574.578,15.339,-96.415,567.120,15.339,0.0000,0.0000,-123.065,585.178,95.055,-81.535,572.210,95.055,0.5467,0.0000,1.6000,1,-100.000,550.000,0.0000,0.0000,0,0,-81.535,572.210,95.055,0.000,0,-1.000000,1.000,28.924,-1.000000,0.0000,0.0000,0,0,0.000,1.000,19.607,-81.535,572.210,95.055,0,0,0,99.529369
281,40.3238,gather,-100.251,583.914,100.252,0.000,-110.840,183.952,-112.247,574.578,15.339,-96.415,567.120,15.339,0.0000,0.0000,-123.049,585.237,95.045,-81.515,572.268,95.045,0.5467,0.0000,1.6000,1,-100.000,550.000,0.0000,0.0000,0,0,-81.515,572.268,95.045,0.000,0,-1.000000,1.000,28.924,-1.000000,0.0000,0.0000,0,0,0.000,1.000,19.607,-81.515,572.268,95.045,0,0,0,99.527223
282,40.4603,gather,-100.251,583.914,100.252,0.000,-110.840,183.952,-112.247,574.578,15.339,-96.415,567.120,15.339,0.0000,0.0000,-123.043,585.257,95.037,-81.509,572.288,95.037,0.5467,0.0000,1.6000,1,-100.000,550.000,0.0000,0.0000,0,0,-81.509,572.288,95.037,0.000,0,-1.000000,1.000,28.924,-1.000000,0.0000,0.0000,0,0,0.000,1.000,19.607,-81.509,572.288,95.037,0,0,0,99.525043
283,40.5941,gather,-100.251,583.914,100.252,0.000,-110.840,183.952,-112.247,574.578,15.339,-96.415,567.120,15.339,0.0000,0.0000,-123.018,585.354,95.031,-81.474,572.382,95.031,0.5467,0.0000,1.6000,1,-100.000,550.000,0.0000,0.0000,0,0,-81.474,572.382,95.031,0.000,0,-1.000000,1.000,28.924,-1.000000,0.0000,0.0000,0,0,0.000,1.000,19.607,-81.474,572.382,95.031,0,0,0,99.522900
284,40.7262,gather,-100.251,583.914,100.252,0.000,-110.840,183.952,-112.247,574.578,15.339,-96.415,567.120,15.339,0.0000,0.0000,-123.018,585.354,95.031,-81.474,572.382,95.031,0.5467,0.0000,1.6000,1,-100.000,550.000,0.0000,0.0000,0,0,-81.474,572.382,95.031,0.000,0,-1.000000,1.000,28.924,-1.000000,0.0000,0.0000,0,0,0.000,1.000,19.607,-81.474,572.382,95.031,0,0,0,99.520789
285,40.8625,gather,-100.251,583.914,100.252,0.000,-110.840,183.952,-112.247,574.578,15.339,-96.415,567.120,15.339,0.0000,0.0000,-123.013,585.371,95.029,-81.468,572.399,95.029,0.5467,0.0000,1.6000,1,-100.000,550.000,0.0000,0.0000,0,0,-81.468,572.399,95.029,0.000,0,-1.000000,1.000,28.924,-1.000000,0.0000,0.0000,0,0,0.000,1.000,19.607,-81.468,572.399,95.029,0,0,0,99.518606
286,41.0196,gather,-100.251,583.914,100.252,0.000,-110.840,183.952,-112.247,574.578,15.339,-96.415,567.120,15.339,0.0000,0.0000,-123.013,585.371,95.029,-81.468,572.399,95.029,0.5467,0.0000,1.6000,1,-100.000,550.000,0.0000,0.0000,0,0,-81.468,572.399,95.029,0.000,0,-1.000000,1.000,28.924,-1.000000,0.0000,0.0000,0,0,0.000,1.000,19.607,-81.468,572.399,95.029,0,0,0,99.516096
287,41.1652,after-gather,-100.251,583.914,100.252,0.000,-110.840,183.952,-112.247,574.578,15.339,-96.415,567.120,15.339,0.0000,0.0000,-123.044,585.256,95.044,-81.508,572.286,95.044,0.5467,0.0000,1.6000,1,-100.000,550.000,0.0000,0.0000,0,0,-81.508,572.286,95.044,0.000,0,-1.000000,1.000,28.924,-1.000000,0.0000,0.0000,0,0,0.000,1.000,19.607,-81.508,572.286,95.044,0,0,0,99.513762
288,41.3004,after-gather,-100.251,583.914,100.252,0.000,-110.840,183.952,-112.247,574.578,15.339,-96.415,567.120,15.339,0.0000,0.0000,-123.067,585.171,95.056,-81.537,572.204,95.056,0.5467,0.0000,1.6000,1,-100.000,550.000,0.0000,0.0000,0,0,-81.537,572.204,95.056,0.000,0,-1.000000,1.000,28.924,-1.000000,0.0000,0.0000,0,0,0.000,1.000,19.607,-81.537,572.204,95.056,0,0,0,99.511602
289,41.4321,after-gather,-100.251,583.914,100.252,0.000,-110.840,183.952,-112.247,574.578,15.339,-96.415,567.120,15.339,0.0000,0.0000,-123.089,585.090,95.068,-81.566,572.125,95.068,0.5467,0.0000,1.6000,1,-100.000,550.000,0.0000,0.0000,0,0,-81.566,572.125,95.068,0.000,0,-1.000000,1.000,28.924,-1.000000,0.0000,0.0000,0,0,0.000,1.000,19.607,-81.566,572.125,95.068,0,0,0,99.509491
290,41.5669,after-gather,-100.251,583.914,100.252,0.000,-110.840,183.952,-112.247,574.578,15.339,-96.415,567.120,15.339,0.0000,0.0000,-123.114,584.995,95.081,-81.599,572.032,95.082,0.5467,0.0000,1.6000,1,-100.000,550.000,0.0000,0.0000,0,0,-81.599,572.032,95.082,0.000,0,-1.000000,1.000,28.924,-1.000000,0.0000,0.0000,0,0,0.000,1.000,19.607,-81.599,572.032,95.082,0,0,0,99.507339
291,41.7135,after-gather,-100.251,583.914,100.252,0.000,-110.840,183.952,-112.247,574.578,15.339,-96.415,567.120,15.339,0.0000,0.0000,-123.139,584.902,95.095,-81.632,571.941,95.095,0.5467,0.0000,1.6000,1,-100.000,550.000,0.0000,0.0000,0,0,-81.632,571.941,95.095,0.000,0,-1.000000,1.000,28.924,-1.000000,0.0000,0.0000,0,0,0.000,1.000,19.607,-81.632,571.941,95.095,0,0,0,99.504988
292,41.8558,after-gather,-100.251,583.914,100.252,0.000,-110.840,183.952,-112.247,574.578,15.339,-96.415,567.120,15.339,0.0000,0.0000,-123.161,584.819,95.108,-81.661,571.861,95.108,0.5467,0.0000,1.6000,1,-100.000,550.000,0.0000,0.0000,0,0,-81.661,571.861,95.108,0.000,0,-1.000000,1.000,28.924,-1.000000,0.0000,0.0000,0,0,0.000,1.000,19.607,-81.661,571.861,95.108,0,0,0,99.502715
293,41.9941,after-gather,-100.251,583.914,100.252,0.000,-110.840,183.952,-112.247,574.578,15.339,-96.415,567.120,15.339,0.0000,0.0000,-123.170,584.784,95.113,-81.673,571.827,95.113,0.5467,0.0000,1.6000,1,-100.000,550.000,0.0000,0.0000,0,0,-81.673,571.827,95.113,0.000,0,-1.000000,1.000,28.924,-1.000000,0.0000,0.0000,0,0,0.000,1.000,19.607,-81.673,571.827,95.113,0,0,0,99.500500
294,42.1324,after-gather,-100.251,583.914,100.252,0.000,-110.840,183.952,-112.247,574.578,15.339,-96.415,567.120,15.339,0.0000,0.0000,-123.170,584.784,95.113,-81.673,571.827,95.113,0.5467,0.0000,1.6000,1,-100.000,550.000,0.0000,0.0000,0,0,-81.673,571.827,95.113,0.000,0,-1.000000,1.000,28.924,-1.000000,0.0000,0.0000,0,0,0.000,1.000,19.607,-81.673,571.827,95.113,0,0,0,99.498290
295,42.2650,after-gather,-100.251,583.914,100.252,0.000,-110.840,183.952,-112.247,574.578,15.339,-96.415,567.120,15.339,0.0000,0.0000,-123.188,584.715,95.124,-81.697,571.760,95.124,0.5467,0.0000,1.6000,1,-100.000,550.000,0.0000,0.0000,0,0,-81.697,571.760,95.124,0.000,0,-1.000000,1.000,28.924,-1.000000,0.0000,0.0000,0,0,0.000,1.000,19.607,-81.697,571.760,95.124,0,0,0,99.496164
296,42.4021,after-gather,-100.251,583.914,100.252,0.000,-110.840,183.952,-112.247,574.578,15.339,-96.415,567.120,15.339,0.0000,0.0000,-123.188,584.715,95.124,-81.697,571.760,95.124,0.5467,0.0000,1.6000,1,-100.000,550.000,0.0000,0.0000,0,0,-81.697,571.760,95.124,0.000,0,-1.000000,1.000,28.924,-1.000000,0.0000,0.0000,0,0,0.000,1.000,19.607,-81.697,571.760,95.124,0,0,0,99.493975
297,42.5351,after-gather,-100.251,583.914,100.252,0.000,-110.840,183.952,-112.247,574.578,15.339,-96.415,567.120,15.339,0.0000,0.0000,-123.170,584.783,95.116,-81.673,571.826,95.116,0.5467,0.0000,1.6000,1,-100.000,550.000,0.0000,0.0000,0,0,-81.673,571.826,95.116,0.000,0,-1.000000,1.000,28.924,-1.000000,0.0000,0.0000,0,0,0.000,1.000,19.607,-81.673,571.826,95.116,0,0,0,99.491843
298,42.6714,after-gather,-100.251,583.914,100.252,0.000,-110.840,183.952,-112.247,574.578,15.339,-96.415,567.120,15.339,0.0000,0.0000,-123.151,584.853,95.109,-81.649,571.894,95.109,0.5467,0.0000,1.6000,1,-100.000,550.000,0.0000,0.0000,0,0,-81.649,571.894,95.109,0.000,0,-1.000000,1.000,28.924,-1.000000,0.0000,0.0000,0,0,0.000,1.000,19.607,-81.649,571.894,95.109,0,0,0,99.489667
299,42.8067,after-gather,-100.251,583.914,100.252,0.000,-110.840,183.952,-112.247,574.578,15.339,-96.415,567.120,15.339,0.0000,0.0000,-123.133,584.922,95.092,-81.625,571.961,95.092,0.5467,0.0000,1.6000,1,-100.000,550.000,0.0000,0.0000,0,0,-81.625,571.961,95.092,0.000,0,-1.000000,1.000,28.924,-1.000000,0.0000,0.0000,0,0,0.000,1.000,19.607,-81.625,571.961,95.092,0,0,0,99.487497
300,42.9580,after-gather,-100.251,583.914,100.252,0.000,-110.840,183.952,-112.247,574.578,15.339,-96.415,567.120,15.339,0.0000,0.0000,-123.106,585.026,95.077,-81.588,572.062,95.077,0.5467,0.0000,1.6000,1,-100.000,550.000,0.0000,0.0000,0,0,-81.588,572.062,95.077,0.000,0,-1.000000,1.000,28.924,-1.000000,0.0000,0.0000,0,0,0.000,1.000,19.607,-81.588,572.062,95.077,0,0,0,99.485081
301,43.0953,after-gather,-100.251,583.914,100.252,0.000,-110.840,183.952,-112.247,574.578,15.339,-96.415,567.120,15.339,0.0000,0.0000,-123.082,585.114,95.064,-81.558,572.147,95.064,0.5467,0.0000,1.6000,1,-100.000,550.000,0.0000,0.0000,0,0,-81.558,572.147,95.064,0.000,0,-1.000000,1.000,28.924,-1.000000,0.0000,0.0000,0,0,0.000,1.000,19.607,-81.558,572.147,95.064,0,0,0,99.482880
