frame,seconds,pass,x,y,z,speed,yaw,view_yaw,left_toe_x,left_toe_y,left_toe_z,right_toe_x,right_toe_y,right_toe_z,walk_weight,gait_rate,left_hand_x,left_hand_y,left_hand_z,right_hand_x,right_hand_y,right_hand_z,walk_phase,gather_weight,gather_phase,gather_starts,forage_x,forage_y,water_weight,water_phase,water_starts,tool_visible,tool_x,tool_y,tool_z,can_pitch,water_stock,plot_moisture,tool_scale,tool_radius,plot_weeds,clear_weight,clear_phase,clear_starts,hatchet_visible,hatchet_pitch,hatchet_scale,hatchet_radius,hatchet_x,hatchet_y,hatchet_z,branch_stock,fiber_stock,resource_cleared,energy
0,0.1304,close-notes,-1000.000,0.000,88.150,0.000,0.000,15.000,-987.007,-7.889,3.238,-985.670,9.560,3.238,0.0000,0.0000,-992.659,-21.729,83.011,-995.313,21.663,83.011,0.0000,0.0000,0.0000,0,0.000,0.000,0.0000,0.0000,0,0,-995.313,21.663,83.011,0.000,0,-1.000000,1.000,28.924,-1.000000,0.0000,0.0000,0,0,0.000,1.000,19.607,-995.313,21.663,83.011,0,0,-1,99.997867
1,0.2682,close-notes,-1000.000,0.000,88.150,0.000,0.000,15.000,-987.007,-7.889,3.238,-985.670,9.560,3.238,0.0000,0.0000,-992.589,-21.721,83.022,-995.242,21.664,83.022,0.0000,0.0000,0.0000,0,0.000,0.000,0.0000,0.0000,0,0,-995.242,21.664,83.022,0.000,0,-1.000000,1.000,28.924,-1.000000,0.0000,0.0000,0,0,0.000,1.000,19.607,-995.242,21.664,83.022,0,0,-1,99.995666
2,0.3974,close-notes,-1000.000,0.000,88.150,0.000,0.000,15.000,-987.007,-7.889,3.238,-985.670,9.560,3.238,0.0000,0.0000,-992.589,-21.721,83.022,-995.242,21.664,83.022,0.0000,0.0000,0.0000,0,0.000,0.000,0.0000,0.0000,0,0,-995.242,21.664,83.022,0.000,0,-1.000000,1.000,28.924,-1.000000,0.0000,0.0000,0,0,0.000,1.000,19.607,-995.242,21.664,83.022,0,0,-1,99.993596
3,0.5323,close-notes,-1000.000,0.000,88.150,0.000,0.000,15.000,-987.007,-7.889,3.238,-985.670,9.560,3.238,0.0000,0.0000,-992.662,-21.729,83.013,-995.315,21.663,83.014,0.0000,0.0000,0.0000,0,0.000,0.000,0.0000,0.0000,0,0,-995.315,21.663,83.014,0.000,0,-1.000000,1.000,28.924,-1.000000,0.0000,0.0000,0,0,0.000,1.000,19.607,-995.315,21.663,83.014,0,0,-1,99.991441
4,0.6702,close-notes,-1000.000,0.000,88.150,0.000,0.000,15.000,-987.007,-7.889,3.238,-985.670,9.560,3.238,0.0000,0.0000,-992.735,-21.736,83.007,-995.389,21.661,83.007,0.0000,0.0000,0.0000,0,0.000,0.000,0.0000,0.0000,0,0,-995.389,21.661,83.007,0.000,0,-1.000000,1.000,28.924,-1.000000,0.0000,0.0000,0,0,0.000,1.000,19.607,-995.389,21.661,83.007,0,0,-1,99.989229
5,0.8070,close-notes,-1000.000,0.000,88.150,0.000,0.000,15.000,-987.007,-7.889,3.238,-985.670,9.560,3.238,0.0000,0.0000,-992.807,-21.744,82.990,-995.462,21.660,82.990,0.0000,0.0000,0.0000,0,0.000,0.000,0.0000,0.0000,0,0,-995.462,21.660,82.990,0.000,0,-1.000000,1.000,28.924,-1.000000,0.0000,0.0000,0,0,0.000,1.000,19.607,-995.462,21.660,82.990,0,0,-1,99.987042
6,0.9441,close-notes,-1000.000,0.000,88.150,0.000,0.000,15.000,-987.007,-7.889,3.238,-985.670,9.560,3.238,0.0000,0.0000,-992.904,-21.754,82.976,-995.559,21.659,82.976,0.0000,0.0000,0.0000,0,0.000,0.000,0.0000,0.0000,0,0,-995.559,21.659,82.976,0.000,0,-1.000000,1.000,28.924,-1.000000,0.0000,0.0000,0,0,0.000,1.000,19.607,-995.559,21.659,82.976,0,0,-1,99.984848
7,1.2015,idle,-1000.000,0.000,88.150,0.000,0.000,15.000,-987.007,-7.889,3.238,-985.670,9.560,3.238,0.0000,0.0000,-993.080,-21.772,82.951,-995.735,21.655,82.951,0.0000,0.0000,0.0000,0,0.000,0.000,0.0000,0.0000,0,0,-995.735,21.655,82.951,0.000,0,-1.000000,1.000,28.924,-1.000000,0.0000,0.0000,0,0,0.000,1.000,19.607,-995.735,21.655,82.951,0,0,-1,99.980728
8,1.3321,idle,-1000.000,0.000,88.150,0.000,0.000,15.000,-987.007,-7.889,3.238,-985.670,9.560,3.238,0.0000,0.0000,-993.128,-21.777,82.942,-995.785,21.654,82.942,0.0000,0.0000,0.0000,0,0.000,0.000,0.0000,0.0000,0,0,-995.785,21.654,82.942,0.000,0,-1.000000,1.000,28.924,-1.000000,0.0000,0.0000,0,0,0.000,1.000,19.607,-995.785,21.654,82.942,0,0,-1,99.978648
9,1.4694,idle,-1000.000,0.000,88.150,0.000,0.000,15.000,-987.007,-7.889,3.238,-985.670,9.560,3.238,0.0000,0.0000,-993.149,-21.778,82.934,-995.806,21.652,82.934,0.0000,0.0000,0.0000,0,0.000,0.000,0.0000,0.0000,0,0,-995.806,21.652,82.934,0.000,0,-1.000000,1.000,28.924,-1.000000,0.0000,0.0000,0,0,0.000,1.000,19.607,-995.806,21.652,82.934,0,0,-1,99.976442
10,1.6096,idle,-1000.000,0.000,88.150,0.000,0.000,15.000,-987.007,-7.889,3.238,-985.670,9.560,3.238,0.0000,0.0000,-993.246,-21.789,82.929,-995.903,21.652,82.929,0.0000,0.0000,0.0000,0,0.000,0.000,0.0000,0.0000,0,0,-995.903,21.652,82.929,0.000,0,-1.000000,1.000,28.924,-1.000000,0.0000,0.0000,0,0,0.000,1.000,19.607,-995.903,21.652,82.929,0,0,-1,99.974201
11,1.7373,idle,-1000.000,0.000,88.150,0.000,0.000,15.000,-987.007,-7.889,3.238,-985.670,9.560,3.238,0.0000,0.0000,-993.246,-21.789,82.929,-995.903,21.652,82.929,0.0000,0.0000,0.0000,0,0.000,0.000,0.0000,0.0000,0,0,-995.903,21.652,82.929,0.000,0,-1.000000,1.000,28.924,-1.000000,0.0000,0.0000,0,0,0.000,1.000,19.607,-995.903,21.652,82.929,0,0,-1,99.972157
12,1.8776,idle,-1000.000,0.000,88.150,0.000,0.000,15.000,-987.007,-7.889,3.238,-985.670,9.560,3.238,0.0000,0.0000,-993.263,-21.791,82.927,-995.921,21.651,82.927,0.0000,0.0000,0.0000,0,0.000,0.000,0.0000,0.0000,0,0,-995.921,21.651,82.927,0.000,0,-1.000000,1.000,28.924,-1.000000,0.0000,0.0000,0,0,0.000,1.000,19.607,-995.921,21.651,82.927,0,0,-1,99.969911
13,2.0145,idle,-1000.000,0.000,88.150,0.000,0.000,15.000,-987.007,-7.889,3.238,-985.670,9.560,3.238,0.0000,0.0000,-993.263,-21.791,82.927,-995.921,21.651,82.927,0.0000,0.0000,0.0000,0,0.000,0.000,0.0000,0.0000,0,0,-995.921,21.651,82.927,0.000,0,-1.000000,1.000,28.924,-1.000000,0.0000,0.0000,0,0,0.000,1.000,19.607,-995.921,21.651,82.927,0,0,-1,99.967720
14,2.1462,idle,-1000.000,0.000,88.150,0.000,0.000,15.000,-987.007,-7.889,3.238,-985.670,9.560,3.238,0.0000,0.0000,-993.152,-21.780,82.942,-995.808,21.654,82.942,0.0000,0.0000,0.0000,0,0.000,0.000,0.0000,0.0000,0,0,-995.808,21.654,82.942,0.000,0,-1.000000,1.000,28.924,-1.000000,0.0000,0.0000,0,0,0.000,1.000,19.607,-995.808,21.654,82.942,0,0,-1,99.965620
15,2.2790,idle,-1000.000,0.000,88.150,0.000,0.000,15.000,-987.007,-7.889,3.238,-985.670,9.560,3.238,0.0000,0.0000,-993.067,-21.771,82.953,-995.722,21.655,82.953,0.0000,0.0000,0.0000,0,0.000,0.000,0.0000,0.0000,0,0,-995.722,21.655,82.953,0.000,0,-1.000000,1.000,28.924,-1.000000,0.0000,0.0000,0,0,0.000,1.000,19.607,-995.722,21.655,82.953,0,0,-1,99.963488
16,2.4121,idle,-1000.000,0.000,88.150,0.000,0.000,15.000,-987.007,-7.889,3.238,-985.670,9.560,3.238,0.0000,0.0000,-992.983,-21.762,82.965,-995.639,21.657,82.965,0.0000,0.0000,0.0000,0,0.000,0.000,0.0000,0.0000,0,0,-995.639,21.657,82.965,0.000,0,-1.000000,1.000,28.924,-1.000000,0.0000,0.0000,0,0,0.000,1.000,19.607,-995.639,21.657,82.965,0,0,-1,99.961367
17,2.5411,idle,-1000.000,0.000,88.150,0.000,0.000,15.000,-987.007,-7.889,3.238,-985.670,9.560,3.238,0.0000,0.0000,-992.889,-21.753,82.978,-995.544,21.659,82.978,0.0000,0.0000,0.0000,0,0.000,0.000,0.0000,0.0000,0,0,-995.544,21.659,82.978,0.000,0,-1.000000,1.000,28.924,-1.000000,0.0000,0.0000,0,0,0.000,1.000,19.607,-995.544,21.659,82.978,0,0,-1,99.959295
18,2.6704,idle,-1000.000,0.000,88.150,0.000,0.000,15.000,-987.007,-7.889,3.238,-985.670,9.560,3.238,0.0000,0.0000,-992.802,-21.744,82.990,-995.456,21.660,82.990,0.0000,0.0000,0.0000,0,0.000,0.000,0.0000,0.0000,0,0,-995.456,21.660,82.990,0.000,0,-1.000000,1.000,28.924,-1.000000,0.0000,0.0000,0,0,0.000,1.000,19.607,-995.456,21.660,82.990,0,0,-1,99.957230
19,2.7963,idle,-1000.000,0.000,88.150,0.000,0.000,15.000,-987.007,-7.889,3.238,-985.670,9.560,3.238,0.0000,0.0000,-992.726,-21.736,83.001,-995.380,21.662,83.002,0.0000,0.0000,0.0000,0,0.000,0.000,0.0000,0.0000,0,0,-995.380,21.662,83.002,0.000,0,-1.000000,1.000,28.924,-1.000000,0.0000,0.0000,0,0,0.000,1.000,19.607,-995.380,21.662,83.002,0,0,-1,99.955212
20,2.9359,idle,-1000.000,0.000,88.150,0.000,0.000,15.000,-987.007,-7.889,3.238,-985.670,9.560,3.238,0.0000,0.0000,-992.659,-21.729,83.011,-995.313,21.663,83.011,0.0000,0.0000,0.0000,0,0.000,0.000,0.0000,0.0000,0,0,-995.313,21.663,83.011,0.000,0,-1.000000,1.000,28.924,-1.000000,0.0000,0.0000,0,0,0.000,1.000,19.607,-995.313,21.663,83.011,0,0,-1,99.952985
21,3.0717,idle,-1000.000,0.000,88.150,0.000,0.000,15.000,-987.007,-7.889,3.238,-985.670,9.560,3.238,0.0000,0.0000,-992.659,-21.729,83.011,-995.313,21.663,83.011,0.0000,0.0000,0.0000,0,0.000,0.000,0.0000,0.0000,0,0,-995.313,21.663,83.011,0.000,0,-1.000000,1.000,28.924,-1.000000,0.0000,0.0000,0,0,0.000,1.000,19.607,-995.313,21.663,83.011,0,0,-1,99.950806
22,3.2005,idle,-1000.000,0.000,88.150,0.000,0.000,15.000,-987.007,-7.889,3.238,-985.670,9.560,3.238,0.0000,0.0000,-992.589,-21.721,83.022,-995.242,21.664,83.022,0.0000,0.0000,0.0000,0,0.000,0.000,0.0000,0.0000,0,0,-995.242,21.664,83.022,0.000,0,-1.000000,1.000,28.924,-1.000000,0.0000,0.0000,0,0,0.000,1.000,19.607,-995.242,21.664,83.022,0,0,-1,99.948750
23,3.3394,idle,-1000.000,0.000,88.150,0.000,0.000,15.000,-987.007,-7.889,3.238,-985.670,9.560,3.238,0.0000,0.0000,-992.589,-21.721,83.022,-995.242,21.664,83.022,0.0000,0.0000,0.0000,0,0.000,0.000,0.0000,0.0000,0,0,-995.242,21.664,83.022,0.000,0,-1.000000,1.000,28.924,-1.000000,0.0000,0.0000,0,0,0.000,1.000,19.607,-995.242,21.664,83.022,0,0,-1,99.946523
24,3.4735,idle,-1000.000,0.000,88.150,0.000,0.000,15.000,-987.007,-7.889,3.238,-985.670,9.560,3.238,0.0000,0.0000,-992.631,-21.726,83.016,-995.284,21.663,83.016,0.0000,0.0000,0.0000,0,0.000,0.000,0.0000,0.0000,0,0,-995.284,21.663,83.016,0.000,0,-1.000000,1.000,28.924,-1.000000,0.0000,0.0000,0,0,0.000,1.000,19.607,-995.284,21.663,83.016,0,0,-1,99.944381
25,3.6086,idle,-1000.000,0.000,88.150,0.000,0.000,15.000,-987.007,-7.889,3.238,-985.670,9.560,3.238,0.0000,0.0000,-992.702,-21.733,83.010,-995.356,21.662,83.010,0.0000,0.0000,0.0000,0,0.000,0.000,0.0000,0.0000,0,0,-995.356,21.662,83.010,0.000,0,-1.000000,1.000,28.924,-1.000000,0.0000,0.0000,0,0,0.000,1.000,19.607,-995.356,21.662,83.010,0,0,-1,99.942215
26,3.7382,idle,-1000.000,0.000,88.150,0.000,0.000,15.000,-987.007,-7.889,3.238,-985.670,9.560,3.238,0.0000,0.0000,-992.758,-21.739,82.997,-995.413,21.661,82.997,0.0000,0.0000,0.0000,0,0.000,0.000,0.0000,0.0000,0,0,-995.413,21.661,82.997,0.000,0,-1.000000,1.000,28.924,-1.000000,0.0000,0.0000,0,0,0.000,1.000,19.607,-995.413,21.661,82.997,0,0,-1,99.940145
27,3.8682,idle,-1000.000,0.000,88.150,0.000,0.000,15.000,-987.007,-7.889,3.238,-985.670,9.560,3.238,0.0000,0.0000,-992.851,-21.749,82.983,-995.505,21.660,82.983,0.0000,0.0000,0.0000,0,0.000,0.000,0.0000,0.0000,0,0,-995.505,21.660,82.983,0.000,0,-1.000000,1.000,28.924,-1.000000,0.0000,0.0000,0,0,0.000,1.000,19.607,-995.505,21.660,82.983,0,0,-1,99.938063
28,4.0011,idle,-1000.000,0.000,88.150,0.000,0.000,15.000,-987.007,-7.889,3.238,-985.670,9.560,3.238,0.0000,0.0000,-992.938,-21.758,82.971,-995.593,21.658,82.971,0.0000,0.0000,0.0000,0,0.000,0.000,0.0000,0.0000,0,0,-995.593,21.658,82.971,0.000,0,-1.000000,1.000,28.924,-1.000000,0.0000,0.0000,0,0,0.000,1.000,19.607,-995.593,21.658,82.971,0,0,-1,99.935940
29,4.1303,idle,-1000.000,0.000,88.150,0.000,0.000,15.000,-987.007,-7.889,3.238,-985.670,9.560,3.238,0.0000,0.0000,-993.029,-21.767,82.958,-995.685,21.656,82.958,0.0000,0.0000,0.0000,0,0.000,0.000,0.0000,0.0000,0,0,-995.685,21.656,82.958,0.000,0,-1.000000,1.000,28.924,-1.000000,0.0000,0.0000,0,0,0.000,1.000,19.607,-995.685,21.656,82.958,0,0,-1,99.933869
30,4.2650,slow-walk,-1000.000,0.000,88.150,0.000,0.000,15.000,-987.007,-7.889,3.238,-985.670,9.560,3.238,0.0000,0.0000,-993.118,-21.776,82.946,-995.774,21.654,82.946,0.0000,0.0000,0.0000,0,0.000,0.000,0.0000,0.0000,0,0,-995.774,21.654,82.946,0.000,0,-1.000000,1.000,28.924,-1.000000,0.0000,0.0000,0,0,0.000,1.000,19.607,-995.774,21.654,82.946,0,0,-1,99.931720
31,4.4003,slow-walk,-996.891,0.833,88.150,35.576,15.000,15.000,-965.062,2.340,2.138,-1005.249,7.287,2.200,0.6776,0.2965,-986.636,-18.996,78.854,-996.273,23.662,79.222,0.0402,0.0000,0.0000,0,0.000,0.000,0.0000,0.0000,0,0,-996.273,23.662,79.222,0.000,0,-1.000000,1.000,28.924,-1.000000,0.0000,0.0000,0,0,0.000,1.000,19.607,-996.273,23.662,79.222,0,0,-1,99.929551
32,4.5347,slow-walk,-989.359,2.851,88.150,67.500,15.000,15.000,-958.323,4.031,3.180,-999.886,8.386,6.961,1.0000,0.5625,-985.085,-19.495,78.081,-982.659,26.973,79.466,0.1157,0.0000,0.0000,0,0.000,0.000,0.0000,0.0000,0,0,-982.659,26.973,79.466,0.000,0,-1.000000,1.000,28.924,-1.000000,0.0000,0.0000,0,0,0.000,1.000,19.607,-982.659,26.973,79.466,0,0,-1,99.927403
33,4.6665,slow-walk,-980.750,5.158,88.150,67.500,15.000,15.000,-958.078,3.517,3.109,-980.536,14.320,10.384,1.0000,0.5625,-979.582,-18.455,79.514,-971.075,29.826,81.326,0.1900,0.0000,0.0000,0,0.000,0.000,0.0000,0.0000,0,0,-971.075,29.826,81.326,0.000,0,-1.000000,1.000,28.924,-1.000000,0.0000,0.0000,0,0,0.000,1.000,19.607,-971.075,29.826,81.326,0,0,-1,99.925290
34,4.8159,slow-walk,-971.023,7.764,88.150,67.500,15.000,15.000,-957.993,2.955,3.289,-956.800,21.623,11.583,1.0000,0.5625,-970.483,-16.108,80.094,-960.720,32.574,82.004,0.2739,0.0000,0.0000,0,0.000,0.000,0.0000,0.0000,0,0,-960.720,32.574,82.004,0.000,0,-1.000000,1.000,28.924,-1.000000,0.0000,0.0000,0,0,0.000,1.000,19.607,-960.720,32.574,82.004,0,0,-1,99.922903
35,4.9565,slow-walk,-961.840,10.225,88.150,67.500,15.000,15.000,-957.785,2.345,3.390,-934.901,28.285,8.806,1.0000,0.5625,-959.034,-12.800,78.964,-953.543,34.589,80.605,0.3531,0.0000,0.0000,0,0.000,0.000,0.0000,0.0000,0,0,-953.543,34.589,80.605,0.000,0,-1.000000,1.000,28.924,-1.000000,0.0000,0.0000,0,0,0.000,1.000,19.607,-953.543,34.589,80.605,0,0,-1,99.920650
36,5.1034,slow-walk,-952.277,12.787,88.150,67.500,15.000,15.000,-957.677,1.951,3.377,-916.180,34.137,4.720,1.0000,0.5625,-944.694,-8.007,77.332,-948.821,36.410,78.205,0.4356,0.0000,0.0000,0,0.000,0.000,0.0000,0.0000,0,0,-948.821,36.410,78.205,0.000,0,-1.000000,1.000,28.924,-1.000000,0.0000,0.0000,0,0,0.000,1.000,19.607,-948.821,36.410,78.205,0,0,-1,99.918303
37,5.2442,slow-walk,-943.084,15.250,88.150,67.500,15.000,15.000,-955.755,2.096,3.314,-906.182,36.936,3.197,1.0000,0.5625,-929.668,-2.863,77.099,-945.779,37.599,76.884,0.5149,0.0000,0.0000,0,0.000,0.000,0.0000,0.0000,0,0,-945.779,37.599,76.884,0.000,0,-1.000000,1.000,28.924,-1.000000,0.0000,0.0000,0,0,0.000,1.000,19.607,-945.779,37.599,76.884,0,0,-1,99.916047
38,5.3914,slow-walk,-933.508,17.816,88.150,67.500,15.000,15.000,-940.614,6.551,5.848,-906.019,36.417,3.042,1.0000,0.5625,-914.749,2.255,78.795,-942.467,38.692,77.552,0.5975,0.0000,0.0000,0,0.000,0.000,0.0000,0.0000,0,0,-942.467,38.692,77.552,0.000,0,-1.000000,1.000,28.924,-1.000000,0.0000,0.0000,0,0,0.000,1.000,19.607,-942.467,38.692,77.552,0,0,-1,99.913697
39,5.5361,slow-walk,-924.050,20.351,88.150,67.500,15.000,15.000,-920.060,12.654,9.793,-905.815,35.717,2.895,1.0000,0.5625,-901.812,6.382,80.969,-937.022,40.083,79.093,0.6791,0.0000,0.0000,0,0.000,0.000,0.0000,0.0000,0,0,-937.022,40.083,79.093,0.000,0,-1.000000,1.000,28.924,-1.000000,0.0000,0.0000,0,0,0.000,1.000,19.607,-937.022,40.083,79.093,0,0,-1,99.911376
40,5.6791,slow-walk,-914.748,22.843,88.150,67.500,15.000,15.000,-897.419,19.508,11.703,-905.615,35.036,3.256,1.0000,0.5625,-891.534,9.250,82.144,-928.874,42.146,80.121,0.7594,0.0000,0.0000,0,0.000,0.000,0.0000,0.0000,0,0,-928.874,42.146,80.121,0.000,0,-1.000000,1.000,28.924,-1.000000,0.0000,0.0000,0,0,0.000,1.000,19.607,-928.874,42.146,80.121,0,0,-1,99.909093
41,5.8208,slow-walk,-905.488,25.324,88.150,67.500,15.000,15.000,-875.182,26.373,9.197,-905.471,34.526,3.123,1.0000,0.5625,-883.785,11.024,80.748,-917.806,45.160,78.985,0.8393,0.0000,0.0000,0,0.000,0.000,0.0000,0.0000,0,0,-917.806,45.160,78.985,0.000,0,-1.000000,1.000,28.924,-1.000000,0.0000,0.0000,0,0,0.000,1.000,19.607,-917.806,45.160,78.985,0,0,-1,99.906821
42,5.9648,slow-walk,-896.118,27.835,88.150,67.500,15.000,15.000,-855.934,32.183,4.937,-905.281,33.968,2.960,1.0000,0.5625,-878.267,11.624,78.272,-903.754,48.861,77.201,0.9201,0.0000,0.0000,0,0.000,0.000,0.0000,0.0000,0,0,-903.754,48.861,77.201,0.000,0,-1.000000,1.000,28.924,-1.000000,0.0000,0.0000,0,0,0.000,1.000,19.607,-903.754,48.861,77.201,0,0,-1,99.904521
43,6.1064,slow-walk,-886.873,30.312,88.150,67.500,15.000,15.000,-842.712,35.957,3.229,-905.051,33.396,3.230,1.0000,0.5625,-874.468,11.538,76.979,-888.381,52.747,76.969,0.9999,0.0000,0.0000,0,0.000,0.000,0.0000,0.0000,0,0,-888.381,52.747,76.969,0.000,0,-1.000000,1.000,28.924,-1.000000,0.0000,0.0000,0,0,0.000,1.000,19.607,-888.381,52.747,76.969,0,0,-1,99.902253
44,6.2474,slow-walk,-877.703,32.769,88.150,67.500,15.000,15.000,-842.492,35.461,3.280,-892.107,37.145,5.225,1.0000,0.5625,-871.138,11.496,77.455,-873.265,56.551,78.476,0.0790,0.0000,0.0000,0,0.000,0.000,0.0000,0.0000,0,0,-873.265,56.551,78.476,0.000,0,-1.000000,1.000,28.924,-1.000000,0.0000,0.0000,0,0,0.000,1.000,19.607,-873.265,56.551,78.476,0,0,-1,99.900003
45,6.3927,slow-walk,-868.205,35.314,88.150,67.500,15.000,15.000,-842.233,34.816,3.232,-872.524,42.982,9.324,1.0000,0.5625,-866.092,12.112,79.093,-859.393,59.853,80.798,0.1609,0.0000,0.0000,0,0.000,0.000,0.0000,0.0000,0,0,-859.393,59.853,80.798,0.000,0,-1.000000,1.000,28.924,-1.000000,0.0000,0.0000,0,0,0.000,1.000,19.607,-859.393,59.853,80.798,0,0,-1,99.897672
46,6.5434,slow-walk,-858.401,37.941,88.150,67.500,15.000,15.000,-842.100,34.231,3.250,-848.949,50.227,11.718,1.0000,0.5625,-858.092,14.024,80.140,-847.959,62.787,82.056,0.2455,0.0000,0.0000,0,0.000,0.000,0.0000,0.0000,0,0,-847.959,62.787,82.056,0.000,0,-1.000000,1.000,28.924,-1.000000,0.0000,0.0000,0,0,0.000,1.000,19.607,-847.959,62.787,82.056,0,0,-1,99.895266
47,6.6861,slow-walk,-849.070,40.441,88.150,67.500,15.000,15.000,-841.959,33.679,3.250,-826.288,57.234,9.943,1.0000,0.5625,-847.361,17.094,79.369,-839.819,65.105,81.151,0.3260,0.0000,0.0000,0,0.000,0.000,0.0000,0.0000,0,0,-839.819,65.105,81.151,0.000,0,-1.000000,1.000,28.924,-1.000000,0.0000,0.0000,0,0,0.000,1.000,19.607,-839.819,65.105,81.151,0,0,-1,99.892976
48,6.8406,slow-walk,-839.019,43.135,88.150,67.500,15.000,15.000,-841.893,33.291,3.146,-805.107,63.907,5.446,1.0000,0.5625,-833.017,21.826,77.492,-834.130,67.205,78.611,0.4127,0.0000,0.0000,0,0.000,0.000,0.0000,0.0000,0,0,-834.130,67.205,78.611,0.000,0,-1.000000,1.000,28.924,-1.000000,0.0000,0.0000,0,0,0.000,1.000,19.607,-834.130,67.205,78.611,0,0,-1,99.890509
49,6.9799,slow-walk,-829.913,45.575,88.150,67.500,15.000,15.000,-841.684,32.531,3.210,-791.427,67.609,3.223,1.0000,0.5625,-818.203,26.495,76.917,-830.649,68.197,77.043,0.4913,0.0000,0.0000,0,0.000,0.000,0.0000,0.0000,0,0,-830.649,68.197,77.043,0.000,0,-1.000000,1.000,28.924,-1.000000,0.0000,0.0000,0,0,0.000,1.000,19.607,-830.649,68.197,77.043,0,0,-1,99.888275
50,7.1233,slow-walk,-820.599,48.070,88.150,67.500,15.000,15.000,-830.014,35.633,4.969,-790.075,67.310,3.344,1.0000,0.5625,-803.174,31.475,78.418,-827.586,69.081,77.439,0.5716,0.0000,0.0000,0,0.000,0.000,0.0000,0.0000,0,0,-827.586,69.081,77.439,0.000,0,-1.000000,1.000,28.924,-1.000000,0.0000,0.0000,0,0,0.000,1.000,19.607,-827.586,69.081,77.439,0,0,-1,99.885989
51,7.2664,slow-walk,-811.238,50.579,88.150,67.500,15.000,15.000,-811.306,41.430,9.066,-789.796,66.964,3.438,1.0000,0.5625,-789.765,36.124,80.829,-823.157,70.493,79.088,0.6524,0.0000,0.0000,0,0.000,0.000,0.0000,0.0000,0,0,-823.157,70.493,79.088,0.000,0,-1.000000,1.000,28.924,-1.000000,0.0000,0.0000,0,0,0.000,1.000,19.607,-823.157,70.493,79.088,0,0,-1,99.883692
52,7.4085,slow-walk,-801.989,53.057,88.150,67.500,15.000,15.000,-789.339,48.165,11.632,-789.724,66.327,3.291,1.0000,0.5625,-778.816,39.446,82.128,-816.070,72.380,80.111,0.7322,0.0000,0.0000,0,0.000,0.000,0.0000,0.0000,0,0,-816.070,72.380,80.111,0.000,0,-1.000000,1.000,28.924,-1.000000,0.0000,0.0000,0,0,0.000,1.000,19.607,-816.070,72.380,80.111,0,0,-1,99.881422
53,7.5548,slow-walk,-792.433,55.618,88.150,67.500,15.000,15.000,-765.941,55.446,10.104,-789.556,65.849,2.894,1.0000,0.5625,-770.032,41.708,81.126,-805.586,75.284,79.224,0.8147,0.0000,0.0000,0,0.000,0.000,0.0000,0.0000,0,0,-805.586,75.284,79.224,0.000,0,-1.000000,1.000,28.924,-1.000000,0.0000,0.0000,0,0,0.000,1.000,19.607,-805.586,75.284,79.224,0,0,-1,99.879077
54,7.7132,slow-walk,-782.118,58.381,88.150,67.500,15.000,15.000,-743.587,62.272,5.889,-789.415,65.205,3.170,1.0000,0.5625,-763.363,42.690,78.907,-790.972,79.165,77.677,0.9036,0.0000,0.0000,0,0.000,0.000,0.0000,0.0000,0,0,-790.972,79.165,77.677,0.000,0,-1.000000,1.000,28.924,-1.000000,0.0000,0.0000,0,0,0.000,1.000,19.607,-790.972,79.165,77.677,0,0,-1,99.876546
55,7.8605,slow-walk,-772.498,60.959,88.150,67.500,15.000,15.000,-728.335,66.557,3.373,-789.193,64.510,3.225,1.0000,0.5625,-759.160,42.598,77.098,-775.063,83.138,76.904,0.9866,0.0000,0.0000,0,0.000,0.000,0.0000,0.0000,0,0,-775.063,83.138,76.904,0.000,0,-1.000000,1.000,28.924,-1.000000,0.0000,0.0000,0,0,0.000,1.000,19.607,-775.063,83.138,76.904,0,0,-1,99.874185
56,8.0069,slow-walk,-762.982,63.509,88.150,67.500,15.000,15.000,-726.593,66.518,3.196,-778.266,67.523,4.688,1.0000,0.5625,-755.658,42.487,77.209,-759.200,87.088,78.131,0.0687,0.0000,0.0000,0,0.000,0.000,0.0000,0.0000,0,0,-759.200,87.088,78.131,0.000,0,-1.000000,1.000,28.924,-1.000000,0.0000,0.0000,0,0,0.000,1.000,19.607,-759.200,87.088,78.131,0,0,-1,99.871850
57,8.1495,slow-walk,-753.659,66.007,88.150,67.500,15.000,15.000,-726.460,65.916,3.357,-759.634,73.097,8.881,1.0000,0.5625,-750.990,42.982,78.983,-745.300,90.431,80.641,0.1492,0.0000,0.0000,0,0.000,0.000,0.0000,0.0000,0,0,-745.300,90.431,80.641,0.000,0,-1.000000,1.000,28.924,-1.000000,0.0000,0.0000,0,0,0.000,1.000,19.607,-745.300,90.431,80.641,0,0,-1,99.869562
58,8.2926,stop-from-slow-walk,-744.345,68.503,88.150,67.500,15.000,15.000,-726.281,65.400,3.276,-737.658,79.844,11.621,1.0000,0.5625,-743.851,44.622,80.102,-734.006,93.324,82.017,0.2295,0.0000,0.0000,0,0.000,0.000,0.0000,0.0000,0,0,-734.006,93.324,82.017,0.000,0,-1.000000,1.000,28.924,-1.000000,0.0000,0.0000,0,0,0.000,1.000,19.607,-734.006,93.324,82.017,0,0,-1,99.867277
59,8.4421,stop-from-slow-walk,-744.345,68.503,88.150,0.000,15.000,15.000,-728.836,64.544,3.066,-734.190,81.072,4.307,0.2508,0.0000,-734.862,47.972,81.908,-742.775,91.411,82.435,0.2295,0.0000,0.0000,0,0.000,0.000,0.0000,0.0000,0,0,-742.775,91.411,82.435,0.000,0,-1.000000,1.000,28.924,-1.000000,0.0000,0.0000,0,0,0.000,1.000,19.607,-742.775,91.411,82.435,0,0,-1,99.864879
60,8.5831,stop-from-slow-walk,-744.345,68.503,88.150,0.000,15.000,15.000,-729.753,64.245,3.238,-732.978,81.446,3.238,0.0000,0.0000,-731.818,49.342,82.982,-745.617,90.585,82.982,0.2295,0.0000,0.0000,0,0.000,0.000,0.0000,0.0000,0,0,-745.617,90.585,82.982,0.000,0,-1.000000,1.000,28.924,-1.000000,0.0000,0.0000,0,0,0.000,1.000,19.607,-745.617,90.585,82.982,0,0,-1,99.862631
61,8.7245,stop-from-slow-walk,-744.345,68.503,88.150,0.000,15.000,15.000,-729.753,64.245,3.238,-732.978,81.446,3.238,0.0000,0.0000,-731.734,49.375,82.995,-745.531,90.610,82.995,0.2295,0.0000,0.0000,0,0.000,0.000,0.0000,0.0000,0,0,-745.531,90.610,82.995,0.000,0,-1.000000,1.000,28.924,-1.000000,0.0000,0.0000,0,0,0.000,1.000,19.607,-745.531,90.610,82.995,0,0,-1,99.860360
62,8.8682,stop-from-slow-walk,-744.345,68.503,88.150,0.000,15.000,15.000,-729.753,64.245,3.238,-732.978,81.446,3.238,0.0000,0.0000,-731.653,49.405,83.008,-745.448,90.634,83.008,0.2295,0.0000,0.0000,0,0.000,0.000,0.0000,0.0000,0,0,-745.448,90.634,83.008,0.000,0,-1.000000,1.000,28.924,-1.000000,0.0000,0.0000,0,0,0.000,1.000,19.607,-745.448,90.634,83.008,0,0,-1,99.858066
63,9.0097,stop-from-slow-walk,-744.345,68.503,88.150,0.000,15.000,15.000,-729.753,64.245,3.238,-732.978,81.446,3.238,0.0000,0.0000,-731.630,49.414,83.011,-745.425,90.640,83.011,0.2295,0.0000,0.0000,0,0.000,0.000,0.0000,0.0000,0,0,-745.425,90.640,83.011,0.000,0,-1.000000,1.000,28.924,-1.000000,0.0000,0.0000,0,0,0.000,1.000,19.607,-745.425,90.640,83.011,0,0,-1,99.855797
64,9.1499,stop-from-slow-walk,-744.345,68.503,88.150,0.000,15.000,15.000,-729.753,64.245,3.238,-732.978,81.446,3.238,0.0000,0.0000,-731.630,49.414,83.011,-745.425,90.640,83.011,0.2295,0.0000,0.0000,0,0.000,0.000,0.0000,0.0000,0,0,-745.425,90.640,83.011,0.000,0,-1.000000,1.000,28.924,-1.000000,0.0000,0.0000,0,0,0.000,1.000,19.607,-745.425,90.640,83.011,0,0,-1,99.853558
65,9.2947,stop-from-slow-walk,-744.345,68.503,88.150,0.000,15.000,15.000,-729.753,64.245,3.238,-732.978,81.446,3.238,0.0000,0.0000,-731.564,49.440,83.022,-745.357,90.660,83.022,0.2295,0.0000,0.0000,0,0.000,0.000,0.0000,0.0000,0,0,-745.357,90.660,83.022,0.000,0,-1.000000,1.000,28.924,-1.000000,0.0000,0.0000,0,0,0.000,1.000,19.607,-745.357,90.660,83.022,0,0,-1,99.851237
66,9.4434,stop-from-slow-walk,-744.345,68.503,88.150,0.000,15.000,15.000,-729.753,64.245,3.238,-732.978,81.446,3.238,0.0000,0.0000,-731.579,49.434,83.019,-745.372,90.656,83.019,0.2295,0.0000,0.0000,0,0.000,0.000,0.0000,0.0000,0,0,-745.372,90.656,83.019,0.000,0,-1.000000,1.000,28.924,-1.000000,0.0000,0.0000,0,0,0.000,1.000,19.607,-745.372,90.656,83.019,0,0,-1,99.848863
67,9.5885,stop-from-slow-walk,-744.345,68.503,88.150,0.000,15.000,15.000,-729.753,64.245,3.238,-732.978,81.446,3.238,0.0000,0.0000,-731.661,49.403,83.011,-745.456,90.631,83.011,0.2295,0.0000,0.0000,0,0.000,0.000,0.0000,0.0000,0,0,-745.456,90.631,83.011,0.000,0,-1.000000,1.000,28.924,-1.000000,0.0000,0.0000,0,0,0.000,1.000,19.607,-745.456,90.631,83.011,0,0,-1,99.846537
68,9.7320,stop-from-slow-walk,-744.345,68.503,88.150,0.000,15.000,15.000,-729.753,64.245,3.238,-732.978,81.446,3.238,0.0000,0.0000,-731.719,49.380,82.997,-745.516,90.614,82.997,0.2295,0.0000,0.0000,0,0.000,0.000,0.0000,0.0000,0,0,-745.516,90.614,82.997,0.000,0,-1.000000,1.000,28.924,-1.000000,0.0000,0.0000,0,0,0.000,1.000,19.607,-745.516,90.614,82.997,0,0,-1,99.844247
69,9.8765,stop-from-slow-walk,-744.345,68.503,88.150,0.000,15.000,15.000,-729.753,64.245,3.238,-732.978,81.446,3.238,0.0000,0.0000,-731.816,49.343,82.982,-745.615,90.586,82.983,0.2295,0.0000,0.0000,0,0.000,0.000,0.0000,0.0000,0,0,-745.615,90.586,82.983,0.000,0,-1.000000,1.000,28.924,-1.000000,0.0000,0.0000,0,0,0.000,1.000,19.607,-745.615,90.586,82.983,0,0,-1,99.841929
70,10.0176,stop-from-slow-walk,-744.345,68.503,88.150,0.000,15.000,15.000,-729.753,64.245,3.238,-732.978,81.446,3.238,0.0000,0.0000,-731.903,49.310,82.969,-745.705,90.560,82.969,0.2295,0.0000,0.0000,0,0.000,0.000,0.0000,0.0000,0,0,-745.705,90.560,82.969,0.000,0,-1.000000,1.000,28.924,-1.000000,0.0000,0.0000,0,0,0.000,1.000,19.607,-745.705,90.560,82.969,0,0,-1,99.839680
71,10.1625,stop-from-slow-walk,-744.345,68.503,88.150,0.000,15.000,15.000,-729.753,64.245,3.238,-732.978,81.446,3.238,0.0000,0.0000,-731.999,49.273,82.955,-745.804,90.531,82.955,0.2295,0.0000,0.0000,0,0.000,0.000,0.0000,0.0000,0,0,-745.804,90.531,82.955,0.000,0,-1.000000,1.000,28.924,-1.000000,0.0000,0.0000,0,0,0.000,1.000,19.607,-745.804,90.531,82.955,0,0,-1,99.837352
72,10.3087,full-walk,-744.345,68.503,88.150,0.000,15.000,15.000,-729.753,64.245,3.238,-732.978,81.446,3.238,0.0000,0.0000,-732.068,49.247,82.944,-745.874,90.511,82.944,0.2295,0.0000,0.0000,0,0.000,0.000,0.0000,0.0000,0,0,-745.874,90.511,82.944,0.000,0,-1.000000,1.000,28.924,-1.000000,0.0000,0.0000,0,0,0.000,1.000,19.607,-745.874,90.511,82.944,0,0,-1,99.835018
73,10.4500,full-walk,-735.322,70.920,88.150,99.017,15.000,15.000,-727.750,64.258,3.023,-713.107,87.511,6.531,0.7073,0.8251,-729.949,48.807,79.997,-729.695,94.784,81.186,0.3462,0.0000,0.0000,0,0.000,0.000,0.0000,0.0000,0,0,-729.695,94.784,81.186,0.000,0,-1.000000,1.000,28.924,-1.000000,0.0000,0.0000,0,0,0.000,1.000,19.607,-729.695,94.784,81.186,0,0,-1,99.832754
74,10.5947,full-walk,-713.042,76.890,88.150,180.000,15.000,15.000,-723.213,64.167,4.595,-681.480,96.425,3.316,1.0000,1.5000,-696.172,59.986,78.144,-719.366,98.021,77.275,0.5627,0.0000,0.0000,0,0.000,0.000,0.0000,0.0000,0,0,-719.366,98.021,77.275,0.000,0,-1.000000,1.000,28.924,-1.000000,0.0000,0.0000,0,0,0.000,1.000,19.607,-719.366,98.021,77.275,0,0,-1,99.830445
75,10.7385,full-walk,-687.963,83.610,88.150,180.000,15.000,15.000,-667.356,81.394,11.516,-681.005,95.107,3.317,1.0000,1.5000,-664.893,69.964,82.087,-701.916,102.981,80.084,0.7791,0.0000,0.0000,0,0.000,0.000,0.0000,0.0000,0,0,-701.916,102.981,80.084,0.000,0,-1.000000,1.000,28.924,-1.000000,0.0000,0.0000,0,0,0.000,1.000,19.607,-701.916,102.981,80.084,0,0,-1,99.828138
76,10.8790,full-walk,-663.580,90.143,88.150,180.000,15.000,15.000,-619.418,95.751,3.342,-680.589,93.596,3.217,1.0000,1.5000,-650.439,71.695,77.071,-665.922,112.378,76.916,0.9894,0.0000,0.0000,0,0.000,0.000,0.0000,0.0000,0,0,-665.922,112.378,76.916,0.000,0,-1.000000,1.000,28.924,-1.000000,0.0000,0.0000,0,0,0.000,1.000,19.607,-665.922,112.378,76.916,0,0,-1,99.825894
77,11.0259,full-walk,-638.004,96.996,88.150,180.000,15.000,15.000,-617.685,94.591,3.239,-634.466,107.285,11.184,1.0000,1.5000,-637.252,73.186,79.915,-627.898,121.743,81.792,0.2101,0.0000,0.0000,0,0.000,0.000,0.0000,0.0000,0,0,-627.898,121.743,81.792,0.000,0,-1.000000,1.000,28.924,-1.000000,0.0000,0.0000,0,0,0.000,1.000,19.607,-627.898,121.743,81.792,0,0,-1,99.823540
78,11.1722,full-walk,-612.592,103.806,88.150,180.000,15.000,15.000,-617.292,93.248,3.375,-577.038,125.021,4.966,1.0000,1.5000,-605.449,82.864,77.430,-608.724,127.557,78.376,0.4293,0.0000,0.0000,0,0.000,0.000,0.0000,0.0000,0,0,-608.724,127.557,78.376,0.000,0,-1.000000,1.000,28.924,-1.000000,0.0000,0.0000,0,0,0.000,1.000,19.607,-608.724,127.557,78.376,0,0,-1,99.821202
79,11.3189,full-walk,-587.065,110.645,87.866,180.000,15.000,15.000,-587.541,101.336,8.695,-565.279,127.131,3.211,1.0000,1.5000,-565.683,96.122,80.520,-598.847,130.575,78.796,0.6495,0.0000,0.0000,0,0.000,0.000,0.0000,0.0000,0,0,-598.847,130.575,78.796,0.000,0,-1.000000,1.000,28.924,-1.000000,0.0000,0.0000,0,0,0.000,1.000,19.607,-598.847,130.575,78.796,0,0,-1,99.818852
80,11.4652,full-walk,-561.712,117.439,87.614,180.000,15.000,15.000,-527.307,119.770,7.532,-564.956,125.457,2.929,1.0000,1.5000,-541.114,102.472,79.720,-572.630,137.529,78.174,0.8683,0.0000,0.0000,0,0.000,0.000,0.0000,0.0000,0,0,-572.630,137.529,78.174,0.000,0,-1.000000,1.000,28.924,-1.000000,0.0000,0.0000,0,0,0.000,1.000,19.607,-572.630,137.529,78.174,0,0,-1,99.816519
81,11.6088,full-walk,-536.657,124.152,87.324,180.000,15.000,15.000,-502.069,126.663,2.489,-550.570,128.716,4.682,1.0000,1.5000,-530.480,102.741,76.753,-531.874,148.027,77.825,0.0844,0.0000,0.0000,0,0.000,0.000,0.0000,0.0000,0,0,-531.874,148.027,77.825,0.000,0,-1.000000,1.000,28.924,-1.000000,0.0000,0.0000,0,0,0.000,1.000,19.607,-531.874,148.027,77.825,0,0,-1,99.814214
82,11.7572,full-walk,-510.897,131.055,87.018,180.000,15.000,15.000,-501.562,125.005,2.043,-491.146,146.797,9.512,1.0000,1.5000,-509.807,107.431,78.500,-501.109,155.775,80.340,0.3067,0.0000,0.0000,0,0.000,0.000,0.0000,0.0000,0,0,-501.109,155.775,80.340,0.000,0,-1.000000,1.000,28.924,-1.000000,0.0000,0.0000,0,0,0.000,1.000,19.607,-501.109,155.775,80.340,0,0,-1,99.811843
83,11.9075,full-walk,-484.722,138.068,86.705,180.000,15.000,15.000,-496.705,124.947,2.023,-449.828,158.914,1.653,1.0000,1.5000,-469.959,120.427,75.843,-488.781,159.966,75.375,0.5325,0.0000,0.0000,0,0.000,0.000,0.0000,0.0000,0,0,-488.781,159.966,75.375,0.000,0,-1.000000,1.000,28.924,-1.000000,0.0000,0.0000,0,0,0.000,1.000,19.607,-488.781,159.966,75.375,0,0,-1,99.809434
84,12.0518,full-walk,-459.664,144.783,86.412,180.000,15.000,15.000,-444.142,140.830,10.008,-449.340,157.359,1.504,1.0000,1.5000,-436.415,131.206,80.420,-473.827,164.069,78.391,0.7487,0.0000,0.0000,0,0.000,0.000,0.0000,0.0000,0,0,-473.827,164.069,78.391,0.000,0,-1.000000,1.000,28.924,-1.000000,0.0000,0.0000,0,0,0.000,1.000,19.607,-473.827,164.069,78.391,0,0,-1,99.807128
85,12.1988,full-walk,-434.092,151.635,86.107,180.000,15.000,15.000,-390.346,156.972,1.537,-448.796,155.735,1.105,1.0000,1.5000,-419.468,133.749,75.233,-437.959,173.402,74.800,0.9693,0.0000,0.0000,0,0.000,0.000,0.0000,0.0000,0,0,-437.959,173.402,74.800,0.000,0,-1.000000,1.000,28.924,-1.000000,0.0000,0.0000,0,0,0.000,1.000,19.607,-437.959,173.402,74.800,0,0,-1,99.804775
86,12.3440,full-walk,-408.857,158.396,86.107,180.000,15.000,15.000,-385.839,156.876,1.067,-409.115,167.406,8.218,1.0000,1.5000,-407.603,134.825,77.423,-399.265,183.055,79.223,0.1870,0.0000,0.0000,0,0.000,0.000,0.0000,0.0000,0,0,-399.265,183.055,79.223,0.000,0,-1.000000,1.000,28.924,-1.000000,0.0000,0.0000,0,0,0.000,1.000,19.607,-399.265,183.055,79.223,0,0,-1,99.802453
87,12.4913,full-walk,-383.222,165.265,85.848,180.000,15.000,15.000,-385.593,155.619,0.792,-349.767,185.913,3.308,1.0000,1.5000,-377.536,143.857,75.213,-378.052,189.422,76.378,0.4082,0.0000,0.0000,0,0.000,0.000,0.0000,0.0000,0,0,-378.052,189.422,76.378,0.000,0,-1.000000,1.000,28.924,-1.000000,0.0000,0.0000,0,0,0.000,1.000,19.607,-378.052,189.422,76.378,0,0,-1,99.800094
88,12.6530,full-walk,-355.136,172.791,85.848,180.000,15.000,15.000,-355.483,163.527,6.723,-333.456,189.242,1.191,1.0000,1.5000,-333.721,158.286,78.526,-366.963,192.710,76.796,0.6505,0.0000,0.0000,0,0.000,0.000,0.0000,0.0000,0,0,-366.963,192.710,76.796,0.000,0,-1.000000,1.000,28.924,-1.000000,0.0000,0.0000,0,0,0.000,1.000,19.607,-366.963,192.710,76.796,0,0,-1,99.797509
89,12.8026,full-walk,-329.086,179.771,85.848,180.000,15.000,15.000,-293.774,182.437,5.167,-333.122,187.557,0.924,1.0000,1.5000,-308.822,164.684,77.517,-339.632,199.991,76.028,0.8752,0.0000,0.0000,0,0.000,0.000,0.0000,0.0000,0,0,-339.632,199.991,76.028,0.000,0,-1.000000,1.000,28.924,-1.000000,0.0000,0.0000,0,0,0.000,1.000,19.607,-339.632,199.991,76.028,0,0,-1,99.795112
90,12.9556,full-walk,-302.530,186.887,86.217,180.000,15.000,15.000,-270.199,188.550,1.268,-314.287,192.072,4.434,1.0000,1.5000,-297.562,164.875,75.955,-296.528,210.923,77.226,0.1043,0.0000,0.0000,0,0.000,0.000,0.0000,0.0000,0,0,-296.528,210.923,77.226,0.000,0,-1.000000,1.000,28.924,-1.000000,0.0000,0.0000,0,0,0.000,1.000,19.607,-296.528,210.923,77.226,0,0,-1,99.792668
91,13.1005,full-walk,-277.297,193.648,86.543,180.000,15.000,15.000,-269.734,187.056,1.658,-255.115,210.262,8.531,1.0000,1.5000,-275.718,170.264,77.846,-267.922,218.351,79.648,0.3220,0.0000,0.0000,0,0.000,0.000,0.0000,0.0000,0,0,-267.922,218.351,79.648,0.000,0,-1.000000,1.000,28.924,-1.000000,0.0000,0.0000,0,0,0.000,1.000,19.607,-267.922,218.351,79.648,0,0,-1,99.790346
92,13.2493,full-walk,-251.467,200.569,86.988,180.000,15.000,15.000,-262.881,187.586,2.563,-217.899,220.878,1.864,1.0000,1.5000,-235.891,183.195,76.267,-256.488,222.146,75.643,0.5449,0.0000,0.0000,0,0.000,0.000,0.0000,0.0000,0,0,-256.488,222.146,75.643,0.000,0,-1.000000,1.000,28.924,-1.000000,0.0000,0.0000,0,0,0.000,1.000,19.607,-256.488,222.146,75.643,0,0,-1,99.787969
93,13.3929,turn-while-moving,-226.474,207.266,87.494,180.000,15.000,15.000,-208.966,203.992,11.043,-217.459,219.421,2.603,1.0000,1.5000,-203.265,193.670,81.487,-240.596,226.571,79.464,0.7605,0.0000,0.0000,0,0.000,0.000,0.0000,0.0000,0,0,-240.596,226.571,79.464,0.000,0,-1.000000,1.000,28.924,-1.000000,0.0000,0.0000,0,0,0.000,1.000,19.607,-240.596,226.571,79.464,0,0,-1,99.785669
94,13.5380,turn-while-moving,-211.811,220.789,88.032,142.237,58.509,15.000,-185.016,252.682,4.222,-223.330,217.601,2.731,1.0000,1.1853,-187.934,220.579,77.697,-231.284,231.530,76.752,0.9324,0.0000,0.0000,0,0.000,0.000,0.0000,0.0000,0,0,-231.284,231.530,76.752,0.000,0,-1.000000,1.000,28.924,-1.000000,0.0000,0.0000,0,0,0.000,1.000,19.607,-231.284,231.530,76.752,0,0,-1,99.783349
95,13.6790,turn-while-moving,-204.316,239.403,88.577,142.237,72.265,15.000,-188.114,268.046,3.646,-215.185,231.820,6.574,1.0000,1.1853,-183.077,231.990,78.240,-221.412,257.193,79.465,0.0997,0.0000,0.0000,0,0.000,0.000,0.0000,0.0000,0,0,-221.412,257.193,79.465,0.000,0,-1.000000,1.000,28.924,-1.000000,0.0000,0.0000,0,0,0.000,1.000,19.607,-221.412,257.193,79.465,0,0,-1,99.781090
96,13.8213,turn-while-moving,-197.965,258.556,89.137,142.237,72.265,15.000,-186.711,267.601,4.257,-202.195,276.999,12.658,1.0000,1.1853,-177.623,246.025,81.096,-213.246,280.703,83.015,0.2679,0.0000,0.0000,0,0.000,0.000,0.0000,0.0000,0,0,-213.246,280.703,83.015,0.000,0,-1.000000,1.000,28.924,-1.000000,0.0000,0.0000,0,0,0.000,1.000,19.607,-213.246,280.703,83.015,0,0,-1,99.778820
97,13.9636,turn-while-moving,-191.753,277.878,89.729,142.237,72.265,15.000,-185.588,267.312,4.918,-190.158,319.872,6.207,1.0000,1.1853,-170.136,273.112,78.859,-209.784,293.461,79.714,0.4370,0.0000,0.0000,0,0.000,0.000,0.0000,0.0000,0,0,-209.784,293.461,79.714,0.000,0,-1.000000,1.000,28.924,-1.000000,0.0000,0.0000,0,0,0.000,1.000,19.607,-209.784,293.461,79.714,0,0,-1,99.776537
98,14.1100,turn-while-moving,-185.411,297.693,90.358,142.237,72.265,15.000,-179.398,287.067,8.903,-186.527,329.449,5.443,1.0000,1.1853,-162.056,305.828,81.582,-208.051,300.648,80.209,0.6104,0.0000,0.0000,0,0.000,0.000,0.0000,0.0000,0,0,-208.051,300.648,80.209,0.000,0,-1.000000,1.000,28.924,-1.000000,0.0000,0.0000,0,0,0.000,1.000,19.607,-208.051,300.648,80.209,0,0,-1,99.774197
99,14.2507,turn-while-moving,-179.307,316.776,90.988,142.237,72.265,15.000,-166.373,332.616,14.373,-185.163,329.042,6.148,1.0000,1.1853,-155.349,328.820,84.931,-203.151,315.494,82.926,0.7773,0.0000,0.0000,0,0.000,0.000,0.0000,0.0000,0,0,-203.151,315.494,82.926,0.000,0,-1.000000,1.000,28.924,-1.000000,0.0000,0.0000,0,0,0.000,1.000,19.607,-203.151,315.494,82.926,0,0,-1,99.771943
100,14.3967,turn-while-moving,-172.993,336.519,91.660,142.237,72.265,15.000,-154.351,375.169,7.363,-184.031,328.720,6.517,1.0000,1.1853,-150.027,340.738,81.052,-194.115,343.638,80.335,0.9501,0.0000,0.0000,0,0.000,0.000,0.0000,0.0000,0,0,-194.115,343.638,80.335,0.000,0,-1.000000,1.000,28.924,-1.000000,0.0000,0.0000,0,0,0.000,1.000,19.607,-194.115,343.638,80.335,0,0,-1,99.769612
101,14.5385,turn-while-moving,-166.836,355.771,92.339,142.237,72.265,15.000,-151.135,382.190,7.378,-177.101,350.275,11.300,1.0000,1.1853,-145.759,347.124,82.336,-183.450,374.601,83.747,0.1185,0.0000,0.0000,0,0.000,0.000,0.0000,0.0000,0,0,-183.450,374.601,83.747,0.000,0,-1.000000,1.000,28.924,-1.000000,0.0000,0.0000,0,0,0.000,1.000,19.607,-183.450,374.601,83.747,0,0,-1,99.767338
102,14.6822,turn-while-moving,-160.630,375.173,93.040,142.237,72.265,15.000,-149.927,381.892,8.151,-163.958,397.090,16.163,1.0000,1.1853,-140.198,362.907,84.844,-175.975,397.083,86.726,0.2883,0.0000,0.0000,0,0.000,0.000,0.0000,0.0000,0,0,-175.975,397.083,86.726,0.000,0,-1.000000,1.000,28.924,-1.000000,0.0000,0.0000,0,0,0.000,1.000,19.607,-175.975,397.083,86.726,0,0,-1,99.765046
103,14.8238,turn-while-moving,-154.476,394.417,93.748,142.237,72.265,15.000,-148.739,381.529,8.639,-152.407,437.567,9.264,1.0000,1.1853,-132.487,391.129,82.397,-172.896,408.583,83.001,0.4566,0.0000,0.0000,0,0.000,0.000,0.0000,0.0000,0,0,-172.896,408.583,83.001,0.000,0,-1.000000,1.000,28.924,-1.000000,0.0000,0.0000,0,0,0.000,1.000,19.607,-172.896,408.583,83.001,0,0,-1,99.762774
104,14.9710,turn-while-moving,-148.104,414.340,94.493,142.237,72.265,15.000,-141.271,406.369,14.023,-149.723,443.707,9.513,1.0000,1.1853,-124.513,423.620,86.289,-171.030,416.174,84.704,0.6309,0.0000,0.0000,0,0.000,0.000,0.0000,0.0000,0,0,-171.030,416.174,84.704,0.000,0,-1.000000,1.000,28.924,-1.000000,0.0000,0.0000,0,0,0.000,1.000,19.607,-171.030,416.174,84.704,0,0,-1,99.760421
105,15.1130,turn-while-moving,-141.941,433.610,95.219,142.237,72.265,15.000,-128.074,453.279,18.248,-148.505,443.338,10.514,1.0000,1.1853,-118.058,445.295,89.028,-165.700,432.751,87.074,0.7995,0.0000,0.0000,0,0.000,0.000,0.0000,0.0000,0,0,-165.700,432.751,87.074,0.000,0,-1.000000,1.000,28.924,-1.000000,0.0000,0.0000,0,0,0.000,1.000,19.607,-165.700,432.751,87.074,0,0,-1,99.758145
106,15.2574,turn-while-moving,-135.705,453.110,95.953,142.237,72.265,15.000,-116.537,492.825,11.371,-147.136,442.863,10.954,1.0000,1.1853,-112.767,455.674,85.069,-156.090,461.692,84.648,0.9701,0.0000,0.0000,0,0.000,0.000,0.0000,0.0000,0,0,-156.090,461.692,84.648,0.000,0,-1.000000,1.000,28.924,-1.000000,0.0000,0.0000,0,0,0.000,1.000,19.607,-156.090,461.692,84.648,0,0,-1,99.755842
107,15.4039,turn-while-moving,-129.339,473.015,96.697,142.237,72.265,15.000,-114.433,496.422,11.880,-138.735,471.154,17.130,1.0000,1.1853,-108.506,463.056,87.394,-145.475,493.062,89.020,0.1443,0.0000,0.0000,0,0.000,0.000,0.0000,0.0000,0,0,-145.475,493.062,89.020,0.000,0,-1.000000,1.000,28.924,-1.000000,0.0000,0.0000,0,0,0.000,1.000,19.607,-145.475,493.062,89.020,0,0,-1,99.753491
108,15.6234,turn-while-moving,-119.840,502.716,97.778,142.237,72.265,15.000,-112.915,495.971,12.681,-119.243,541.624,15.392,1.0000,1.1853,-98.835,495.643,87.164,-137.294,520.375,88.370,0.4041,0.0000,0.0000,0,0.000,0.000,0.0000,0.0000,0,0,-137.294,520.375,88.370,0.000,0,-1.000000,1.000,28.924,-1.000000,0.0000,0.0000,0,0,0.000,1.000,19.607,-137.294,520.375,88.370,0,0,-1,99.749984
109,15.7654,turn-while-moving,-113.677,521.985,98.450,142.237,72.265,15.000,-108.295,507.448,15.298,-113.402,557.945,13.628,1.0000,1.1853,-90.301,527.740,88.733,-135.169,527.398,87.742,0.5727,0.0000,0.0000,0,0.000,0.000,0.0000,0.0000,0,0,-135.169,527.398,87.742,0.000,0,-1.000000,1.000,28.924,-1.000000,0.0000,0.0000,0,0,0.000,1.000,19.607,-135.169,527.398,87.742,0,0,-1,99.747708
110,15.9196,turn-while-moving,-107.006,542.846,99.146,142.237,72.265,15.000,-95.004,554.904,22.718,-112.198,557.585,14.243,1.0000,1.1853,-83.015,555.042,93.147,-130.885,541.381,91.120,0.7552,0.0000,0.0000,0,0.000,0.000,0.0000,0.0000,0,0,-130.885,541.381,91.120,0.000,0,-1.000000,1.000,28.924,-1.000000,0.0000,0.0000,0,0,0.000,1.000,19.607,-130.885,541.381,91.120,0,0,-1,99.745244
111,16.0619,turn-while-moving,-100.828,562.163,99.762,142.237,72.265,15.000,-82.630,598.721,16.337,-111.049,557.285,14.530,1.0000,1.1853,-77.554,568.151,89.729,-122.527,567.398,88.700,0.9243,0.0000,0.0000,0,0.000,0.000,0.0000,0.0000,0,0,-122.527,567.398,88.700,0.000,0,-1.000000,1.000,28.924,-1.000000,0.0000,0.0000,0,0,0.000,1.000,19.607,-122.527,567.398,88.700,0,0,-1,99.742963
112,16.2141,turn-while-moving,-94.246,582.743,100.403,142.237,72.265,15.000,-78.162,610.839,15.453,-104.965,575.656,18.619,1.0000,1.1853,-73.043,575.020,90.141,-111.220,600.789,91.412,0.1043,0.0000,0.0000,0,0.000,0.000,0.0000,0.0000,0,0,-111.220,600.789,91.412,0.000,0,-1.000000,1.000,28.924,-1.000000,0.0000,0.0000,0,0,0.000,1.000,19.607,-111.220,600.789,91.412,0,0,-1,99.740532
113,16.3560,turn-while-moving,-88.089,601.994,100.991,142.237,72.265,15.000,-76.966,610.485,16.126,-92.106,621.259,24.439,1.0000,1.1853,-67.722,589.526,92.937,-103.384,624.090,94.849,0.2727,0.0000,0.0000,0,0.000,0.000,0.0000,0.0000,0,0,-103.384,624.090,94.849,0.000,0,-1.000000,1.000,28.924,-1.000000,0.0000,0.0000,0,0,0.000,1.000,19.607,-103.384,624.090,94.849,0,0,-1,99.738259
114,16.5044,stop-from-turn,-81.670,622.064,101.593,142.237,72.265,15.000,-75.754,610.138,16.493,-79.795,664.756,17.341,1.0000,1.1853,-59.853,618.133,90.299,-99.935,636.825,91.009,0.4483,0.0000,0.0000,0,0.000,0.000,0.0000,0.0000,0,0,-99.935,636.825,91.009,0.000,0,-1.000000,1.000,28.924,-1.000000,0.0000,0.0000,0,0,0.000,1.000,19.607,-99.935,636.825,91.009,0,0,-1,99.735888
115,16.6467,stop-from-turn,-81.439,622.788,101.614,0.000,72.265,15.000,-71.591,626.236,15.827,-84.279,647.086,15.818,0.2869,0.0000,-58.897,621.512,94.619,-100.514,634.520,94.810,0.4483,0.0000,0.0000,0,0.000,0.000,0.0000,0.0000,0,0,-100.514,634.520,94.810,0.000,0,-1.000000,1.000,28.924,-1.000000,0.0000,0.0000,0,0,0.000,1.000,19.607,-100.514,634.520,94.810,0,0,-1,99.733606
116,16.7928,stop-from-turn,-81.439,622.788,101.614,0.000,72.265,15.000,-69.967,632.761,16.702,-86.179,639.350,16.702,0.0000,0.0000,-58.627,622.584,96.393,-100.813,633.286,96.393,0.4483,0.0000,0.0000,0,0.000,0.000,0.0000,0.0000,0,0,-100.813,633.286,96.393,0.000,0,-1.000000,1.000,28.924,-1.000000,0.0000,0.0000,0,0,0.000,1.000,19.607,-100.813,633.286,96.393,0,0,-1,99.731274
117,16.9358,stop-from-turn,-81.439,622.788,101.614,0.000,72.265,15.000,-69.967,632.761,16.702,-86.179,639.350,16.702,0.0000,0.0000,-58.631,622.567,96.391,-100.818,633.269,96.391,0.4483,0.0000,0.0000,0,0.000,0.000,0.0000,0.0000,0,0,-100.818,633.269,96.391,0.000,0,-1.000000,1.000,28.924,-1.000000,0.0000,0.0000,0,0,0.000,1.000,19.607,-100.818,633.269,96.391,0,0,-1,99.728979
118,17.0798,stop-from-turn,-81.439,622.788,101.614,0.000,72.265,15.000,-69.967,632.761,16.702,-86.179,639.350,16.702,0.0000,0.0000,-58.631,622.567,96.391,-100.818,633.269,96.391,0.4483,0.0000,0.0000,0,0.000,0.000,0.0000,0.0000,0,0,-100.818,633.269,96.391,0.000,0,-1.000000,1.000,28.924,-1.000000,0.0000,0.0000,0,0,0.000,1.000,19.607,-100.818,633.269,96.391,0,0,-1,99.726682
119,17.2208,stop-from-turn,-81.439,622.788,101.614,0.000,72.265,15.000,-69.967,632.761,16.702,-86.179,639.350,16.702,0.0000,0.0000,-58.598,622.724,96.412,-100.772,633.423,96.412,0.4483,0.0000,0.0000,0,0.000,0.000,0.0000,0.0000,0,0,-100.772,633.423,96.412,0.000,0,-1.000000,1.000,28.924,-1.000000,0.0000,0.0000,0,0,0.000,1.000,19.607,-100.772,633.423,96.412,0,0,-1,99.724421
120,17.3647,stop-from-turn,-81.439,622.788,101.614,0.000,72.265,15.000,-69.967,632.761,16.702,-86.179,639.350,16.702,0.0000,0.0000,-58.579,622.815,96.425,-100.746,633.513,96.425,0.4483,0.0000,0.0000,0,0.000,0.000,0.0000,0.0000,0,0,-100.746,633.513,96.425,0.000,0,-1.000000,1.000,28.924,-1.000000,0.0000,0.0000,0,0,0.000,1.000,19.607,-100.746,633.513,96.425,0,0,-1,99.722124
121,17.5097,stop-from-turn,-81.439,622.788,101.614,0.000,72.265,15.000,-69.967,632.761,16.702,-86.179,639.350,16.702,0.0000,0.0000,-58.558,622.913,96.439,-100.717,633.608,96.439,0.4483,0.0000,0.0000,0,0.000,0.000,0.0000,0.0000,0,0,-100.717,633.608,96.439,0.000,0,-1.000000,1.000,28.924,-1.000000,0.0000,0.0000,0,0,0.000,1.000,19.607,-100.717,633.608,96.439,0,0,-1,99.719797
122,17.6646,stop-from-turn,-81.439,622.788,101.614,0.000,72.265,15.000,-69.967,632.761,16.702,-86.179,639.350,16.702,0.0000,0.0000,-58.536,623.017,96.454,-100.687,633.711,96.454,0.4483,0.0000,0.0000,0,0.000,0.000,0.0000,0.0000,0,0,-100.687,633.711,96.454,0.000,0,-1.000000,1.000,28.924,-1.000000,0.0000,0.0000,0,0,0.000,1.000,19.607,-100.687,633.711,96.454,0,0,-1,99.717326
123,17.8085,stop-from-turn,-81.439,622.788,101.614,0.000,72.265,15.000,-69.967,632.761,16.702,-86.179,639.350,16.702,0.0000,0.0000,-58.519,623.103,96.467,-100.662,633.794,96.467,0.4483,0.0000,0.0000,0,0.000,0.000,0.0000,0.0000,0,0,-100.662,633.794,96.467,0.000,0,-1.000000,1.000,28.924,-1.000000,0.0000,0.0000,0,0,0.000,1.000,19.607,-100.662,633.794,96.467,0,0,-1,99.715016
124,17.9500,stop-from-turn,-81.439,622.788,101.614,0.000,72.265,15.000,-69.967,632.761,16.702,-86.179,639.350,16.702,0.0000,0.0000,-58.506,623.162,96.475,-100.644,633.851,96.475,0.4483,0.0000,0.0000,0,0.000,0.000,0.0000,0.0000,0,0,-100.644,633.851,96.475,0.000,0,-1.000000,1.000,28.924,-1.000000,0.0000,0.0000,0,0,0.000,1.000,19.607,-100.644,633.851,96.475,0,0,-1,99.712757
125,18.0916,stop-from-turn,-81.439,622.788,101.614,0.000,72.265,15.000,-69.967,632.761,16.702,-86.179,639.350,16.702,0.0000,0.0000,-58.506,623.162,96.475,-100.644,633.851,96.475,0.4483,0.0000,0.0000,0,0.000,0.000,0.0000,0.0000,0,0,-100.644,633.851,96.475,0.000,0,-1.000000,1.000,28.924,-1.000000,0.0000,0.0000,0,0,0.000,1.000,19.607,-100.644,633.851,96.475,0,0,-1,99.710486
126,18.2388,stop-from-turn,-81.439,622.788,101.614,0.000,72.265,15.000,-69.967,632.761,16.702,-86.179,639.350,16.702,0.0000,0.0000,-58.492,623.231,96.486,-100.624,633.919,96.486,0.4483,0.0000,0.0000,0,0.000,0.000,0.0000,0.0000,0,0,-100.624,633.919,96.486,0.000,0,-1.000000,1.000,28.924,-1.000000,0.0000,0.0000,0,0,0.000,1.000,19.607,-100.624,633.919,96.486,0,0,-1,99.708136
127,18.3840,stop-from-turn,-81.439,622.788,101.614,0.000,72.265,15.000,-69.967,632.761,16.702,-86.179,639.350,16.702,0.0000,0.0000,-58.492,623.231,96.486,-100.624,633.919,96.486,0.4483,0.0000,0.0000,0,0.000,0.000,0.0000,0.0000,0,0,-100.624,633.919,96.486,0.000,0,-1.000000,1.000,28.924,-1.000000,0.0000,0.0000,0,0,0.000,1.000,19.607,-100.624,633.919,96.486,0,0,-1,99.705809
128,18.5324,orbit-standing-character,-81.439,622.788,101.614,0.000,72.265,15.000,-69.967,632.761,16.702,-86.179,639.350,16.702,0.0000,0.0000,-58.507,623.159,96.478,-100.645,633.849,96.478,0.4483,0.0000,0.0000,0,0.000,0.000,0.0000,0.0000,0,0,-100.645,633.849,96.478,0.000,0,-1.000000,1.000,28.924,-1.000000,0.0000,0.0000,0,0,0.000,1.000,19.607,-100.645,633.849,96.478,0,0,-1,99.703439
129,18.6776,orbit-standing-character,-81.439,622.788,101.614,0.000,72.265,22.776,-69.967,632.761,16.702,-86.179,639.350,16.702,0.0000,0.0000,-58.523,623.083,96.471,-100.667,633.775,96.471,0.4483,0.0000,0.0000,0,0.000,0.000,0.0000,0.0000,0,0,-100.667,633.775,96.471,0.000,0,-1.000000,1.000,28.924,-1.000000,0.0000,0.0000,0,0,0.000,1.000,19.607,-100.667,633.775,96.471,0,0,-1,99.701111
130,18.8302,orbit-standing-character,-81.439,622.788,101.614,0.000,72.265,30.907,-69.967,632.761,16.702,-86.179,639.350,16.702,0.0000,0.0000,-58.540,623.000,96.451,-100.692,633.694,96.452,0.4483,0.0000,0.0000,0,0.000,0.000,0.0000,0.0000,0,0,-100.692,633.694,96.452,0.000,0,-1.000000,1.000,28.924,-1.000000,0.0000,0.0000,0,0,0.000,1.000,19.607,-100.692,633.694,96.452,0,0,-1,99.698676
131,18.9758,orbit-standing-character,-81.439,622.788,101.614,0.000,72.265,38.710,-69.967,632.761,16.702,-86.179,639.350,16.702,0.0000,0.0000,-58.561,622.901,96.437,-100.721,633.597,96.437,0.4483,0.0000,0.0000,0,0.000,0.000,0.0000,0.0000,0,0,-100.721,633.597,96.437,0.000,0,-1.000000,1.000,28.924,-1.000000,0.0000,0.0000,0,0,0.000,1.000,19.607,-100.721,633.597,96.437,0,0,-1,99.696340
132,19.1162,orbit-standing-character,-81.439,622.788,101.614,0.000,72.265,46.199,-69.967,632.761,16.702,-86.179,639.350,16.702,0.0000,0.0000,-58.580,622.807,96.424,-100.748,633.505,96.424,0.4483,0.0000,0.0000,0,0.000,0.000,0.0000,0.0000,0,0,-100.748,633.505,96.424,0.000,0,-1.000000,1.000,28.924,-1.000000,0.0000,0.0000,0,0,0.000,1.000,19.607,-100.748,633.505,96.424,0,0,-1,99.694098
133,19.2623,orbit-standing-character,-81.439,622.788,101.614,0.000,72.265,54.019,-69.967,632.761,16.702,-86.179,639.350,16.702,0.0000,0.0000,-58.601,622.711,96.411,-100.776,633.410,96.411,0.4483,0.0000,0.0000,0,0.000,0.000,0.0000,0.0000,0,0,-100.776,633.410,96.411,0.000,0,-1.000000,1.000,28.924,-1.000000,0.0000,0.0000,0,0,0.000,1.000,19.607,-100.776,633.410,96.411,0,0,-1,99.691756
134,19.4050,orbit-standing-character,-81.439,622.788,101.614,0.000,72.265,61.631,-69.967,632.761,16.702,-86.179,639.350,16.702,0.0000,0.0000,-58.606,622.689,96.402,-100.782,633.389,96.402,0.4483,0.0000,0.0000,0,0.000,0.000,0.0000,0.0000,0,0,-100.782,633.389,96.402,0.000,0,-1.000000,1.000,28.924,-1.000000,0.0000,0.0000,0,0,0.000,1.000,19.607,-100.782,633.389,96.402,0,0,-1,99.689477
135,19.5494,orbit-standing-character,-81.439,622.788,101.614,0.000,72.265,69.364,-69.967,632.761,16.702,-86.179,639.350,16.702,0.0000,0.0000,-58.626,622.591,96.393,-100.811,633.293,96.393,0.4483,0.0000,0.0000,0,0.000,0.000,0.0000,0.0000,0,0,-100.811,633.293,96.393,0.000,0,-1.000000,1.000,28.924,-1.000000,0.0000,0.0000,0,0,0.000,1.000,19.607,-100.811,633.293,96.393,0,0,-1,99.687161
136,19.6938,orbit-standing-character,-81.439,622.788,101.614,0.000,72.265,77.066,-69.967,632.761,16.702,-86.179,639.350,16.702,0.0000,0.0000,-58.627,622.584,96.393,-100.813,633.286,96.393,0.4483,0.0000,0.0000,0,0.000,0.000,0.0000,0.0000,0,0,-100.813,633.286,96.393,0.000,0,-1.000000,1.000,28.924,-1.000000,0.0000,0.0000,0,0,0.000,1.000,19.607,-100.813,633.286,96.393,0,0,-1,99.684855
137,19.8448,orbit-standing-character,-81.439,622.788,101.614,0.000,72.265,85.145,-69.967,632.761,16.702,-86.179,639.350,16.702,0.0000,0.0000,-58.631,622.567,96.391,-100.818,633.269,96.391,0.4483,0.0000,0.0000,0,0.000,0.000,0.0000,0.0000,0,0,-100.818,633.269,96.391,0.000,0,-1.000000,1.000,28.924,-1.000000,0.0000,0.0000,0,0,0.000,1.000,19.607,-100.818,633.269,96.391,0,0,-1,99.682436
138,19.9957,orbit-standing-character,-81.439,622.788,101.614,0.000,72.265,93.193,-69.967,632.761,16.702,-86.179,639.350,16.702,0.0000,0.0000,-58.631,622.567,96.391,-100.818,633.269,96.391,0.4483,0.0000,0.0000,0,0.000,0.000,0.0000,0.0000,0,0,-100.818,633.269,96.391,0.000,0,-1.000000,1.000,28.924,-1.000000,0.0000,0.0000,0,0,0.000,1.000,19.607,-100.818,633.269,96.391,0,0,-1,99.680027
139,20.1457,orbit-standing-character,-81.439,622.788,101.614,0.000,72.265,101.225,-69.967,632.761,16.702,-86.179,639.350,16.702,0.0000,0.0000,-58.608,622.676,96.406,-100.786,633.377,96.406,0.4483,0.0000,0.0000,0,0.000,0.000,0.0000,0.0000,0,0,-100.786,633.377,96.406,0.000,0,-1.000000,1.000,28.924,-1.000000,0.0000,0.0000,0,0,0.000,1.000,19.607,-100.786,633.377,96.406,0,0,-1,99.677622
140,20.2812,orbit-standing-character,-81.439,622.788,101.614,0.000,72.265,108.455,-69.967,632.761,16.702,-86.179,639.350,16.702,0.0000,0.0000,-58.590,622.762,96.418,-100.761,633.461,96.418,0.4483,0.0000,0.0000,0,0.000,0.000,0.0000,0.0000,0,0,-100.761,633.461,96.418,0.000,0,-1.000000,1.000,28.924,-1.000000,0.0000,0.0000,0,0,0.000,1.000,19.607,-100.761,633.461,96.418,0,0,-1,99.675457
141,20.4371,orbit-standing-character,-81.439,622.788,101.614,0.000,72.265,116.799,-69.967,632.761,16.702,-86.179,639.350,16.702,0.0000,0.0000,-58.569,622.861,96.432,-100.732,633.558,96.432,0.4483,0.0000,0.0000,0,0.000,0.000,0.0000,0.0000,0,0,-100.732,633.558,96.432,0.000,0,-1.000000,1.000,28.924,-1.000000,0.0000,0.0000,0,0,0.000,1.000,19.607,-100.732,633.558,96.432,0,0,-1,99.672959
142,20.5904,orbit-standing-character,-81.439,622.788,101.614,0.000,72.265,124.964,-69.967,632.761,16.702,-86.179,639.350,16.702,0.0000,0.0000,-58.546,622.970,96.447,-100.700,633.665,96.447,0.4483,0.0000,0.0000,0,0.000,0.000,0.0000,0.0000,0,0,-100.700,633.665,96.447,0.000,0,-1.000000,1.000,28.924,-1.000000,0.0000,0.0000,0,0,0.000,1.000,19.607,-100.700,633.665,96.447,0,0,-1,99.670514
143,20.7423,orbit-standing-character,-81.439,622.788,101.614,0.000,72.265,133.110,-69.967,632.761,16.702,-86.179,639.350,16.702,0.0000,0.0000,-58.527,623.064,96.461,-100.673,633.756,96.461,0.4483,0.0000,0.0000,0,0.000,0.000,0.0000,0.0000,0,0,-100.673,633.756,96.461,0.000,0,-1.000000,1.000,28.924,-1.000000,0.0000,0.0000,0,0,0.000,1.000,19.607,-100.673,633.756,96.461,0,0,-1,99.668075
144,20.8785,orbit-standing-character,-81.439,622.788,101.614,0.000,72.265,140.368,-69.967,632.761,16.702,-86.179,639.350,16.702,0.0000,0.0000,-58.510,623.144,96.473,-100.649,633.835,96.473,0.4483,0.0000,0.0000,0,0.000,0.000,0.0000,0.0000,0,0,-100.649,633.835,96.473,0.000,0,-1.000000,1.000,28.924,-1.000000,0.0000,0.0000,0,0,0.000,1.000,19.607,-100.649,633.835,96.473,0,0,-1,99.665902
145,21.0179,orbit-standing-character,-81.439,622.788,101.614,0.000,72.265,147.835,-69.967,632.761,16.702,-86.179,639.350,16.702,0.0000,0.0000,-58.506,623.162,96.475,-100.644,633.851,96.475,0.4483,0.0000,0.0000,0,0.000,0.000,0.0000,0.0000,0,0,-100.644,633.851,96.475,0.000,0,-1.000000,1.000,28.924,-1.000000,0.0000,0.0000,0,0,0.000,1.000,19.607,-100.644,633.851,96.475,0,0,-1,99.663666
146,21.1568,orbit-standing-character,-81.439,622.788,101.614,0.000,72.265,155.243,-69.967,632.761,16.702,-86.179,639.350,16.702,0.0000,0.0000,-58.506,623.162,96.475,-100.644,633.851,96.475,0.4483,0.0000,0.0000,0,0.000,0.000,0.0000,0.0000,0,0,-100.644,633.851,96.475,0.000,0,-1.000000,1.000,28.924,-1.000000,0.0000,0.0000,0,0,0.000,1.000,19.607,-100.644,633.851,96.475,0,0,-1,99.661448
147,21.2970,orbit-standing-character,-81.439,622.788,101.614,0.000,72.265,162.747,-69.967,632.761,16.702,-86.179,639.350,16.702,0.0000,0.0000,-58.492,623.231,96.486,-100.624,633.919,96.486,0.4483,0.0000,0.0000,0,0.000,0.000,0.0000,0.0000,0,0,-100.624,633.919,96.486,0.000,0,-1.000000,1.000,28.924,-1.000000,0.0000,0.0000,0,0,0.000,1.000,19.607,-100.624,633.919,96.486,0,0,-1,99.659201
148,21.4458,orbit-standing-character,-81.439,622.788,101.614,0.000,72.265,170.687,-69.967,632.761,16.702,-86.179,639.350,16.702,0.0000,0.0000,-58.496,623.211,96.483,-100.630,633.900,96.483,0.4483,0.0000,0.0000,0,0.000,0.000,0.0000,0.0000,0,0,-100.630,633.900,96.483,0.000,0,-1.000000,1.000,28.924,-1.000000,0.0000,0.0000,0,0,0.000,1.000,19.607,-100.630,633.900,96.483,0,0,-1,99.656824
149,21.5977,orbit-standing-character,-81.439,622.788,101.614,0.000,72.265,178.815,-69.967,632.761,16.702,-86.179,639.350,16.702,0.0000,0.0000,-58.514,623.125,96.475,-100.655,633.816,96.475,0.4483,0.0000,0.0000,0,0.000,0.000,0.0000,0.0000,0,0,-100.655,633.816,96.475,0.000,0,-1.000000,1.000,28.924,-1.000000,0.0000,0.0000,0,0,0.000,1.000,19.607,-100.655,633.816,96.475,0,0,-1,99.654390
150,21.7440,orbit-standing-character,-81.439,622.788,101.614,0.000,72.265,186.608,-69.967,632.761,16.702,-86.179,639.350,16.702,0.0000,0.0000,-58.528,623.060,96.460,-100.674,633.753,96.460,0.4483,0.0000,0.0000,0,0.000,0.000,0.0000,0.0000,0,0,-100.674,633.753,96.460,0.000,0,-1.000000,1.000,28.924,-1.000000,0.0000,0.0000,0,0,0.000,1.000,19.607,-100.674,633.753,96.460,0,0,-1,99.652057
151,21.8760,orbit-standing-character,-81.439,622.788,101.614,0.000,72.265,193.688,-69.967,632.761,16.702,-86.179,639.350,16.702,0.0000,0.0000,-58.547,622.968,96.447,-100.701,633.662,96.447,0.4483,0.0000,0.0000,0,0.000,0.000,0.0000,0.0000,0,0,-100.701,633.662,96.447,0.000,0,-1.000000,1.000,28.924,-1.000000,0.0000,0.0000,0,0,0.000,1.000,19.607,-100.701,633.662,96.447,0,0,-1,99.649937
152,22.0220,orbit-standing-character,-81.439,622.788,101.614,0.000,72.265,201.476,-69.967,632.761,16.702,-86.179,639.350,16.702,0.0000,0.0000,-58.567,622.872,96.433,-100.729,633.569,96.433,0.4483,0.0000,0.0000,0,0.000,0.000,0.0000,0.0000,0,0,-100.729,633.569,96.433,0.000,0,-1.000000,1.000,28.924,-1.000000,0.0000,0.0000,0,0,0.000,1.000,19.607,-100.729,633.569,96.433,0,0,-1,99.647605
153,22.1711,orbit-standing-character,-81.439,622.788,101.614,0.000,72.265,209.458,-69.967,632.761,16.702,-86.179,639.350,16.702,0.0000,0.0000,-58.588,622.769,96.419,-100.759,633.468,96.419,0.4483,0.0000,0.0000,0,0.000,0.000,0.0000,0.0000,0,0,-100.759,633.468,96.419,0.000,0,-1.000000,1.000,28.924,-1.000000,0.0000,0.0000,0,0,0.000,1.000,19.607,-100.759,633.468,96.419,0,0,-1,99.645215
154,22.3154,orbit-standing-character,-81.439,622.788,101.614,0.000,72.265,217.154,-69.967,632.761,16.702,-86.179,639.350,16.702,0.0000,0.0000,-58.603,622.702,96.408,-100.779,633.402,96.408,0.4483,0.0000,0.0000,0,0.000,0.000,0.0000,0.0000,0,0,-100.779,633.402,96.408,0.000,0,-1.000000,1.000,28.924,-1.000000,0.0000,0.0000,0,0,0.000,1.000,19.607,-100.779,633.402,96.408,0,0,-1,99.642911
155,22.4649,orbit-standing-character,-81.439,622.788,101.614,0.000,72.265,225.156,-69.967,632.761,16.702,-86.179,639.350,16.702,0.0000,0.0000,-58.608,622.680,96.398,-100.784,633.380,96.398,0.4483,0.0000,0.0000,0,0.000,0.000,0.0000,0.0000,0,0,-100.784,633.380,96.398,0.000,0,-1.000000,1.000,28.924,-1.000000,0.0000,0.0000,0,0,0.000,1.000,19.607,-100.784,633.380,96.398,0,0,-1,99.640515
156,22.6117,open-pack,-81.439,622.788,101.614,0.000,72.265,232.991,-69.967,632.761,16.702,-86.179,639.350,16.702,0.0000,0.0000,-58.627,622.584,96.393,-100.813,633.286,96.393,0.4483,0.0000,0.0000,0,0.000,0.000,0.0000,0.0000,0,0,-100.813,633.286,96.393,0.000,0,-1.000000,1.000,28.924,-1.000000,0.0000,0.0000,0,0,0.000,1.000,19.607,-100.813,633.286,96.393,0,0,-1,99.638169
157,22.7629,open-pack,-81.439,622.788,101.614,0.000,72.265,232.991,-69.967,632.761,16.702,-86.179,639.350,16.702,0.0000,0.0000,-58.627,622.584,96.393,-100.813,633.286,96.393,0.4483,0.0000,0.0000,0,0.000,0.000,0.0000,0.0000,0,0,-100.813,633.286,96.393,0.000,0,-1.000000,1.000,28.924,-1.000000,0.0000,0.0000,0,0,0.000,1.000,19.607,-100.813,633.286,96.393,0,0,-1,99.638169
158,22.9262,open-pack,-81.439,622.788,101.614,0.000,72.265,232.991,-69.967,632.761,16.702,-86.179,639.350,16.702,0.0000,0.0000,-58.631,622.567,96.391,-100.818,633.269,96.391,0.4483,0.0000,0.0000,0,0.000,0.000,0.0000,0.0000,0,0,-100.818,633.269,96.391,0.000,0,-1.000000,1.000,28.924,-1.000000,0.0000,0.0000,0,0,0.000,1.000,19.607,-100.818,633.269,96.391,0,0,-1,99.638169
159,23.1441,open-pack,-81.439,622.788,101.614,0.000,72.265,232.991,-69.967,632.761,16.702,-86.179,639.350,16.702,0.0000,0.0000,-58.608,622.675,96.406,-100.787,633.376,96.406,0.4483,0.0000,0.0000,0,0.000,0.000,0.0000,0.0000,0,0,-100.787,633.376,96.406,0.000,0,-1.000000,1.000,28.924,-1.000000,0.0000,0.0000,0,0,0.000,1.000,19.607,-100.787,633.376,96.406,0,0,-1,99.638169
160,23.3063,open-look,-81.439,622.788,101.614,0.000,72.265,232.991,-69.967,632.761,16.702,-86.179,639.350,16.702,0.0000,0.0000,-58.587,622.778,96.420,-100.757,633.476,96.420,0.4483,0.0000,0.0000,0,0.000,0.000,0.0000,0.0000,0,0,-100.757,633.476,96.420,0.000,0,-1.000000,1.000,28.924,-1.000000,0.0000,0.0000,0,0,0.000,1.000,19.607,-100.757,633.476,96.420,0,0,-1,99.638169
161,23.4656,open-look,-81.439,622.788,101.614,0.000,72.265,232.991,-69.967,632.761,16.702,-86.179,639.350,16.702,0.0000,0.0000,-58.565,622.881,96.434,-100.727,633.577,96.434,0.4483,0.0000,0.0000,0,0.000,0.000,0.0000,0.0000,0,0,-100.727,633.577,96.434,0.000,0,-1.000000,1.000,28.924,-1.000000,0.0000,0.0000,0,0,0.000,1.000,19.607,-100.727,633.577,96.434,0,0,-1,99.638169
162,23.6329,open-look,-81.439,622.788,101.614,0.000,72.265,232.991,-69.967,632.761,16.702,-86.179,639.350,16.702,0.0000,0.0000,-58.540,623.000,96.452,-100.691,633.694,96.452,0.4483,0.0000,0.0000,0,0.000,0.000,0.0000,0.0000,0,0,-100.691,633.694,96.452,0.000,0,-1.000000,1.000,28.924,-1.000000,0.0000,0.0000,0,0,0.000,1.000,19.607,-100.691,633.694,96.452,0,0,-1,99.638169
163,23.7844,open-look,-81.439,622.788,101.614,0.000,72.265,232.991,-69.967,632.761,16.702,-86.179,639.350,16.702,0.0000,0.0000,-58.522,623.088,96.465,-100.666,633.780,96.465,0.4483,0.0000,0.0000,0,0.000,0.000,0.0000,0.0000,0,0,-100.666,633.780,96.465,0.000,0,-1.000000,1.000,28.924,-1.000000,0.0000,0.0000,0,0,0.000,1.000,19.607,-100.666,633.780,96.465,0,0,-1,99.638169
164,23.9550,open-look,-81.439,622.788,101.614,0.000,72.265,232.991,-69.967,632.761,16.702,-86.179,639.350,16.702,0.0000,0.0000,-58.506,623.162,96.475,-100.644,633.851,96.475,0.4483,0.0000,0.0000,0,0.000,0.000,0.0000,0.0000,0,0,-100.644,633.851,96.475,0.000,0,-1.000000,1.000,28.924,-1.000000,0.0000,0.0000,0,0,0.000,1.000,19.607,-100.644,633.851,96.475,0,0,-1,99.638169
165,24.0939,open-look,-81.439,622.788,101.614,0.000,72.265,232.991,-69.967,632.761,16.702,-86.179,639.350,16.702,0.0000,0.0000,-58.506,623.162,96.475,-100.644,633.851,96.475,0.4483,0.0000,0.0000,0,0.000,0.000,0.0000,0.0000,0,0,-100.644,633.851,96.475,0.000,0,-1.000000,1.000,28.924,-1.000000,0.0000,0.0000,0,0,0.000,1.000,19.607,-100.644,633.851,96.475,0,0,-1,99.638169
166,24.2362,open-look,-81.439,622.788,101.614,0.000,72.265,232.991,-69.967,632.761,16.702,-86.179,639.350,16.702,0.0000,0.0000,-58.492,623.231,96.486,-100.624,633.919,96.486,0.4483,0.0000,0.0000,0,0.000,0.000,0.0000,0.0000,0,0,-100.624,633.919,96.486,0.000,0,-1.000000,1.000,28.924,-1.000000,0.0000,0.0000,0,0,0.000,1.000,19.607,-100.624,633.919,96.486,0,0,-1,99.638169
167,24.3857,open-look,-81.439,622.788,101.614,0.000,72.265,232.991,-69.967,632.761,16.702,-86.179,639.350,16.702,0.0000,0.0000,-58.492,623.231,96.486,-100.624,633.919,96.486,0.4483,0.0000,0.0000,0,0.000,0.000,0.0000,0.0000,0,0,-100.624,633.919,96.486,0.000,0,-1.000000,1.000,28.924,-1.000000,0.0000,0.0000,0,0,0.000,1.000,19.607,-100.624,633.919,96.486,0,0,-1,99.638169
168,24.5431,open-look,-81.439,622.788,101.614,0.000,72.265,232.991,-69.967,632.761,16.702,-86.179,639.350,16.702,0.0000,0.0000,-58.508,623.153,96.477,-100.646,633.844,96.477,0.4483,0.0000,0.0000,0,0.000,0.000,0.0000,0.0000,0,0,-100.646,633.844,96.477,0.000,0,-1.000000,1.000,28.924,-1.000000,0.0000,0.0000,0,0,0.000,1.000,19.607,-100.646,633.844,96.477,0,0,-1,99.638169
169,24.6807,open-look,-81.439,622.788,101.614,0.000,72.265,232.991,-69.967,632.761,16.702,-86.179,639.350,16.702,0.0000,0.0000,-58.524,623.081,96.471,-100.667,633.773,96.471,0.4483,0.0000,0.0000,0,0.000,0.000,0.0000,0.0000,0,0,-100.667,633.773,96.471,0.000,0,-1.000000,1.000,28.924,-1.000000,0.0000,0.0000,0,0,0.000,1.000,19.607,-100.667,633.773,96.471,0,0,-1,99.638169
170,24.8180,open-look,-81.439,622.788,101.614,0.000,72.265,232.991,-69.967,632.761,16.702,-86.179,639.350,16.702,0.0000,0.0000,-58.538,623.008,96.453,-100.689,633.702,96.453,0.4483,0.0000,0.0000,0,0.000,0.000,0.0000,0.0000,0,0,-100.689,633.702,96.453,0.000,0,-1.000000,1.000,28.924,-1.000000,0.0000,0.0000,0,0,0.000,1.000,19.607,-100.689,633.702,96.453,0,0,-1,99.638169
171,24.9591,open-look,-81.439,622.788,101.614,0.000,72.265,232.991,-69.967,632.761,16.702,-86.179,639.350,16.702,0.0000,0.0000,-58.559,622.910,96.438,-100.718,633.606,96.438,0.4483,0.0000,0.0000,0,0.000,0.000,0.0000,0.0000,0,0,-100.718,633.606,96.438,0.000,0,-1.000000,1.000,28.924,-1.000000,0.0000,0.0000,0,0,0.000,1.000,19.607,-100.718,633.606,96.438,0,0,-1,99.638169
172,25.1173,open-look,-81.439,622.788,101.614,0.000,72.265,232.991,-69.967,632.761,16.702,-86.179,639.350,16.702,0.0000,0.0000,-58.581,622.806,96.424,-100.748,633.505,96.424,0.4483,0.0000,0.0000,0,0.000,0.000,0.0000,0.0000,0,0,-100.748,633.505,96.424,0.000,0,-1.000000,1.000,28.924,-1.000000,0.0000,0.0000,0,0,0.000,1.000,19.607,-100.748,633.505,96.424,0,0,-1,99.638169
173,25.2705,open-look,-81.439,622.788,101.614,0.000,72.265,232.991,-69.967,632.761,16.702,-86.179,639.350,16.702,0.0000,0.0000,-58.601,622.709,96.410,-100.777,633.409,96.410,0.4483,0.0000,0.0000,0,0.000,0.000,0.0000,0.0000,0,0,-100.777,633.409,96.410,0.000,0,-1.000000,1.000,28.924,-1.000000,0.0000,0.0000,0,0,0.000,1.000,19.607,-100.777,633.409,96.410,0,0,-1,99.638169
174,25.4253,open-look,-81.439,622.788,101.614,0.000,72.265,232.991,-69.967,632.761,16.702,-86.179,639.350,16.702,0.0000,0.0000,-58.607,622.686,96.401,-100.783,633.386,96.401,0.4483,0.0000,0.0000,0,0.000,0.000,0.0000,0.0000,0,0,-100.783,633.386,96.401,0.000,0,-1.000000,1.000,28.924,-1.000000,0.0000,0.0000,0,0,0.000,1.000,19.607,-100.783,633.386,96.401,0,0,-1,99.638169
175,25.5848,open-look,-81.439,622.788,101.614,0.000,72.265,232.991,-69.967,632.761,16.702,-86.179,639.350,16.702,0.0000,0.0000,-58.627,622.584,96.393,-100.813,633.286,96.393,0.4483,0.0000,0.0000,0,0.000,0.000,0.0000,0.0000,0,0,-100.813,633.286,96.393,0.000,0,-1.000000,1.000,28.924,-1.000000,0.0000,0.0000,0,0,0.000,1.000,19.607,-100.813,633.286,96.393,0,0,-1,99.638169
176,25.7445,open-look,-81.439,622.788,101.614,0.000,72.265,232.991,-69.967,632.761,16.702,-86.179,639.350,16.702,0.0000,0.0000,-58.627,622.584,96.393,-100.813,633.286,96.393,0.4483,0.0000,0.0000,0,0.000,0.000,0.0000,0.0000,0,0,-100.813,633.286,96.393,0.000,0,-1.000000,1.000,28.924,-1.000000,0.0000,0.0000,0,0,0.000,1.000,19.607,-100.813,633.286,96.393,0,0,-1,99.638169
177,25.8810,open-look,-81.439,622.788,101.614,0.000,72.265,232.991,-69.967,632.761,16.702,-86.179,639.350,16.702,0.0000,0.0000,-58.631,622.567,96.391,-100.818,633.269,96.391,0.4483,0.0000,0.0000,0,0.000,0.000,0.0000,0.0000,0,0,-100.818,633.269,96.391,0.000,0,-1.000000,1.000,28.924,-1.000000,0.0000,0.0000,0,0,0.000,1.000,19.607,-100.818,633.269,96.391,0,0,-1,99.638169
178,26.0211,open-look,-81.439,622.788,101.614,0.000,72.265,232.991,-69.967,632.761,16.702,-86.179,639.350,16.702,0.0000,0.0000,-58.631,622.567,96.391,-100.818,633.269,96.391,0.4483,0.0000,0.0000,0,0.000,0.000,0.0000,0.0000,0,0,-100.818,633.269,96.391,0.000,0,-1.000000,1.000,28.924,-1.000000,0.0000,0.0000,0,0,0.000,1.000,19.607,-100.818,633.269,96.391,0,0,-1,99.638169
179,26.1683,open-look,-81.439,622.788,101.614,0.000,72.265,232.991,-69.967,632.761,16.702,-86.179,639.350,16.702,0.0000,0.0000,-58.605,622.690,96.408,-100.782,633.391,96.408,0.4483,0.0000,0.0000,0,0.000,0.000,0.0000,0.0000,0,0,-100.782,633.391,96.408,0.000,0,-1.000000,1.000,28.924,-1.000000,0.0000,0.0000,0,0,0.000,1.000,19.607,-100.782,633.391,96.408,0,0,-1,99.638169
180,26.3253,portrait-idle,-81.439,622.788,101.614,0.000,72.265,232.991,-69.967,632.761,16.702,-86.179,639.350,16.702,0.0000,0.0000,-58.584,622.790,96.421,-100.753,633.488,96.421,0.4483,0.0000,0.0000,0,0.000,0.000,0.0000,0.0000,0,0,-100.753,633.488,96.421,0.000,0,-1.000000,1.000,28.924,-1.000000,0.0000,0.0000,0,0,0.000,1.000,19.607,-100.753,633.488,96.421,0,0,-1,99.638169
181,26.4810,portrait-idle,-81.439,622.788,101.614,0.000,72.265,232.991,-69.967,632.761,16.702,-86.179,639.350,16.702,0.0000,0.0000,-58.563,622.892,96.436,-100.723,633.588,96.436,0.4483,0.0000,0.0000,0,0.000,0.000,0.0000,0.0000,0,0,-100.723,633.588,96.436,0.000,0,-1.000000,1.000,28.924,-1.000000,0.0000,0.0000,0,0,0.000,1.000,19.607,-100.723,633.588,96.436,0,0,-1,99.638169
182,26.6459,portrait-idle,-81.439,622.788,101.614,0.000,72.265,232.991,-69.967,632.761,16.702,-86.179,639.350,16.702,0.0000,0.0000,-58.539,623.007,96.453,-100.690,633.701,96.453,0.4483,0.0000,0.0000,0,0.000,0.000,0.0000,0.0000,0,0,-100.690,633.701,96.453,0.000,0,-1.000000,1.000,28.924,-1.000000,0.0000,0.0000,0,0,0.000,1.000,19.607,-100.690,633.701,96.453,0,0,-1,99.638169
183,26.8008,portrait-idle,-81.439,622.788,101.614,0.000,72.265,232.991,-69.967,632.761,16.702,-86.179,639.350,16.702,0.0000,0.0000,-58.520,623.098,96.466,-100.663,633.790,96.466,0.4483,0.0000,0.0000,0,0.000,0.000,0.0000,0.0000,0,0,-100.663,633.790,96.466,0.000,0,-1.000000,1.000,28.924,-1.000000,0.0000,0.0000,0,0,0.000,1.000,19.607,-100.663,633.790,96.466,0,0,-1,99.638169
184,26.9526,portrait-idle,-81.439,622.788,101.614,0.000,72.265,232.991,-69.967,632.761,16.702,-86.179,639.350,16.702,0.0000,0.0000,-58.506,623.162,96.475,-100.644,633.851,96.475,0.4483,0.0000,0.0000,0,0.000,0.000,0.0000,0.0000,0,0,-100.644,633.851,96.475,0.000,0,-1.000000,1.000,28.924,-1.000000,0.0000,0.0000,0,0,0.000,1.000,19.607,-100.644,633.851,96.475,0,0,-1,99.638169
185,27.0946,portrait-idle,-81.439,622.788,101.614,0.000,72.265,232.991,-69.967,632.761,16.702,-86.179,639.350,16.702,0.0000,0.0000,-58.506,623.162,96.475,-100.644,633.851,96.475,0.4483,0.0000,0.0000,0,0.000,0.000,0.0000,0.0000,0,0,-100.644,633.851,96.475,0.000,0,-1.000000,1.000,28.924,-1.000000,0.0000,0.0000,0,0,0.000,1.000,19.607,-100.644,633.851,96.475,0,0,-1,99.638169
186,27.2597,portrait-idle,-81.439,622.788,101.614,0.000,72.265,232.991,-69.967,632.761,16.702,-86.179,639.350,16.702,0.0000,0.0000,-58.492,623.231,96.486,-100.624,633.919,96.486,0.4483,0.0000,0.0000,0,0.000,0.000,0.0000,0.0000,0,0,-100.624,633.919,96.486,0.000,0,-1.000000,1.000,28.924,-1.000000,0.0000,0.0000,0,0,0.000,1.000,19.607,-100.624,633.919,96.486,0,0,-1,99.638169
187,27.4128,portrait-idle,-81.439,622.788,101.614,0.000,72.265,232.991,-69.967,632.761,16.702,-86.179,639.350,16.702,0.0000,0.0000,-58.492,623.231,96.486,-100.624,633.919,96.486,0.4483,0.0000,0.0000,0,0.000,0.000,0.0000,0.0000,0,0,-100.624,633.919,96.486,0.000,0,-1.000000,1.000,28.924,-1.000000,0.0000,0.0000,0,0,0.000,1.000,19.607,-100.624,633.919,96.486,0,0,-1,99.638169
188,27.5717,portrait-idle,-81.439,622.788,101.614,0.000,72.265,232.991,-69.967,632.761,16.702,-86.179,639.350,16.702,0.0000,0.0000,-58.511,623.139,96.476,-100.651,633.830,96.476,0.4483,0.0000,0.0000,0,0.000,0.000,0.0000,0.0000,0,0,-100.651,633.830,96.476,0.000,0,-1.000000,1.000,28.924,-1.000000,0.0000,0.0000,0,0,0.000,1.000,19.607,-100.651,633.830,96.476,0,0,-1,99.638169
189,27.7256,portrait-idle,-81.439,622.788,101.614,0.000,72.265,232.991,-69.967,632.761,16.702,-86.179,639.350,16.702,0.0000,0.0000,-58.525,623.072,96.462,-100.670,633.765,96.462,0.4483,0.0000,0.0000,0,0.000,0.000,0.0000,0.0000,0,0,-100.670,633.765,96.462,0.000,0,-1.000000,1.000,28.924,-1.000000,0.0000,0.0000,0,0,0.000,1.000,19.607,-100.670,633.765,96.462,0,0,-1,99.638169
190,27.8828,portrait-idle,-81.439,622.788,101.614,0.000,72.265,232.991,-69.967,632.761,16.702,-86.179,639.350,16.702,0.0000,0.0000,-58.548,622.963,96.446,-100.702,633.658,96.446,0.4483,0.0000,0.0000,0,0.000,0.000,0.0000,0.0000,0,0,-100.702,633.658,96.446,0.000,0,-1.000000,1.000,28.924,-1.000000,0.0000,0.0000,0,0,0.000,1.000,19.607,-100.702,633.658,96.446,0,0,-1,99.638169
191,28.0367,portrait-idle,-81.439,622.788,101.614,0.000,72.265,232.991,-69.967,632.761,16.702,-86.179,639.350,16.702,0.0000,0.0000,-58.569,622.862,96.432,-100.732,633.559,96.432,0.4483,0.0000,0.0000,0,0.000,0.000,0.0000,0.0000,0,0,-100.732,633.559,96.432,0.000,0,-1.000000,1.000,28.924,-1.000000,0.0000,0.0000,0,0,0.000,1.000,19.607,-100.732,633.559,96.432,0,0,-1,99.638169
192,28.1879,portrait-idle,-81.439,622.788,101.614,0.000,72.265,232.991,-69.967,632.761,16.702,-86.179,639.350,16.702,0.0000,0.0000,-58.591,622.757,96.417,-100.763,633.457,96.417,0.4483,0.0000,0.0000,0,0.000,0.000,0.0000,0.0000,0,0,-100.763,633.457,96.417,0.000,0,-1.000000,1.000,28.924,-1.000000,0.0000,0.0000,0,0,0.000,1.000,19.607,-100.763,633.457,96.417,0,0,-1,99.638169
193,28.3485,portrait-idle,-81.439,622.788,101.614,0.000,72.265,232.991,-69.967,632.761,16.702,-86.179,639.350,16.702,0.0000,0.0000,-58.604,622.698,96.405,-100.780,633.397,96.405,0.4483,0.0000,0.0000,0,0.000,0.000,0.0000,0.0000,0,0,-100.780,633.397,96.405,0.000,0,-1.000000,1.000,28.924,-1.000000,0.0000,0.0000,0,0,0.000,1.000,19.607,-100.780,633.397,96.405,0,0,-1,99.638169
194,28.4882,portrait-idle,-81.439,622.788,101.614,0.000,72.265,232.991,-69.967,632.761,16.702,-86.179,639.350,16.702,0.0000,0.0000,-58.609,622.677,96.397,-100.785,633.376,96.397,0.4483,0.0000,0.0000,0,0.000,0.000,0.0000,0.0000,0,0,-100.785,633.376,96.397,0.000,0,-1.000000,1.000,28.924,-1.000000,0.0000,0.0000,0,0,0.000,1.000,19.607,-100.785,633.376,96.397,0,0,-1,99.638169
195,28.6412,portrait-idle,-81.439,622.788,101.614,0.000,72.265,232.991,-69.967,632.761,16.702,-86.179,639.350,16.702,0.0000,0.0000,-58.627,622.584,96.393,-100.813,633.286,96.393,0.4483,0.0000,0.0000,0,0.000,0.000,0.0000,0.0000,0,0,-100.813,633.286,96.393,0.000,0,-1.000000,1.000,28.924,-1.000000,0.0000,0.0000,0,0,0.000,1.000,19.607,-100.813,633.286,96.393,0,0,-1,99.638169
196,28.7977,portrait-idle,-81.439,622.788,101.614,0.000,72.265,232.991,-69.967,632.761,16.702,-86.179,639.350,16.702,0.0000,0.0000,-58.627,622.584,96.393,-100.813,633.286,96.393,0.4483,0.0000,0.0000,0,0.000,0.000,0.0000,0.0000,0,0,-100.813,633.286,96.393,0.000,0,-1.000000,1.000,28.924,-1.000000,0.0000,0.0000,0,0,0.000,1.000,19.607,-100.813,633.286,96.393,0,0,-1,99.638169
197,28.9461,portrait-idle,-81.439,622.788,101.614,0.000,72.265,232.991,-69.967,632.761,16.702,-86.179,639.350,16.702,0.0000,0.0000,-58.631,622.567,96.391,-100.818,633.269,96.391,0.4483,0.0000,0.0000,0,0.000,0.000,0.0000,0.0000,0,0,-100.818,633.269,96.391,0.000,0,-1.000000,1.000,28.924,-1.000000,0.0000,0.0000,0,0,0.000,1.000,19.607,-100.818,633.269,96.391,0,0,-1,99.638169
198,29.0874,portrait-idle,-81.439,622.788,101.614,0.000,72.265,232.991,-69.967,632.761,16.702,-86.179,639.350,16.702,0.0000,0.0000,-58.631,622.567,96.391,-100.818,633.269,96.391,0.4483,0.0000,0.0000,0,0.000,0.000,0.0000,0.0000,0,0,-100.818,633.269,96.391,0.000,0,-1.000000,1.000,28.924,-1.000000,0.0000,0.0000,0,0,0.000,1.000,19.607,-100.818,633.269,96.391,0,0,-1,99.638169
199,29.2400,portrait-idle,-81.439,622.788,101.614,0.000,72.265,232.991,-69.967,632.761,16.702,-86.179,639.350,16.702,0.0000,0.0000,-58.595,622.736,96.414,-100.769,633.435,96.414,0.4483,0.0000,0.0000,0,0.000,0.000,0.0000,0.0000,0,0,-100.769,633.435,96.414,0.000,0,-1.000000,1.000,28.924,-1.000000,0.0000,0.0000,0,0,0.000,1.000,19.607,-100.769,633.435,96.414,0,0,-1,99.638169
200,29.3968,portrait-orbit,-81.439,622.788,101.614,0.000,72.265,232.991,-69.967,632.761,16.702,-86.179,639.350,16.702,0.0000,0.0000,-58.575,622.831,96.428,-100.741,633.529,96.428,0.4483,0.0000,0.0000,0,0.000,0.000,0.0000,0.0000,0,0,-100.741,633.529,96.428,0.000,0,-1.000000,1.000,28.924,-1.000000,0.0000,0.0000,0,0,0.000,1.000,19.607,-100.741,633.529,96.428,0,0,-1,99.638169
201,29.5488,portrait-orbit,-81.439,622.788,101.614,0.000,72.265,232.991,-69.967,632.761,16.702,-86.179,639.350,16.702,0.0000,0.0000,-58.553,622.940,96.443,-100.709,633.636,96.443,0.4483,0.0000,0.0000,0,0.000,0.000,0.0000,0.0000,0,0,-100.709,633.636,96.443,0.000,0,-1.000000,1.000,28.924,-1.000000,0.0000,0.0000,0,0,0.000,1.000,19.607,-100.709,633.636,96.443,0,0,-1,99.638169
202,29.6912,portrait-orbit,-81.439,622.788,101.614,0.000,72.265,232.991,-69.967,632.761,16.702,-86.179,639.350,16.702,0.0000,0.0000,-58.533,623.033,96.456,-100.682,633.726,96.456,0.4483,0.0000,0.0000,0,0.000,0.000,0.0000,0.0000,0,0,-100.682,633.726,96.456,0.000,0,-1.000000,1.000,28.924,-1.000000,0.0000,0.0000,0,0,0.000,1.000,19.607,-100.682,633.726,96.456,0,0,-1,99.638169
203,29.8349,portrait-orbit,-81.439,622.788,101.614,0.000,72.265,232.991,-69.967,632.761,16.702,-86.179,639.350,16.702,0.0000,0.0000,-58.515,623.118,96.469,-100.657,633.810,96.469,0.4483,0.0000,0.0000,0,0.000,0.000,0.0000,0.0000,0,0,-100.657,633.810,96.469,0.000,0,-1.000000,1.000,28.924,-1.000000,0.0000,0.0000,0,0,0.000,1.000,19.607,-100.657,633.810,96.469,0,0,-1,99.638169
204,29.9897,portrait-orbit,-81.439,622.788,101.614,0.000,72.265,232.991,-69.967,632.761,16.702,-86.179,639.350,16.702,0.0000,0.0000,-58.506,623.162,96.475,-100.644,633.851,96.475,0.4483,0.0000,0.0000,0,0.000,0.000,0.0000,0.0000,0,0,-100.644,633.851,96.475,0.000,0,-1.000000,1.000,28.924,-1.000000,0.0000,0.0000,0,0,0.000,1.000,19.607,-100.644,633.851,96.475,0,0,-1,99.638169
205,30.1429,portrait-orbit,-81.439,622.788,101.614,0.000,72.265,232.991,-69.967,632.761,16.702,-86.179,639.350,16.702,0.0000,0.0000,-58.506,623.162,96.475,-100.644,633.851,96.475,0.4483,0.0000,0.0000,0,0.000,0.000,0.0000,0.0000,0,0,-100.644,633.851,96.475,0.000,0,-1.000000,1.000,28.924,-1.000000,0.0000,0.0000,0,0,0.000,1.000,19.607,-100.644,633.851,96.475,0,0,-1,99.638169
206,30.2829,portrait-orbit,-81.439,622.788,101.614,0.000,72.265,232.991,-69.967,632.761,16.702,-86.179,639.350,16.702,0.0000,0.0000,-58.492,623.231,96.486,-100.624,633.919,96.486,0.4483,0.0000,0.0000,0,0.000,0.000,0.0000,0.0000,0,0,-100.624,633.919,96.486,0.000,0,-1.000000,1.000,28.924,-1.000000,0.0000,0.0000,0,0,0.000,1.000,19.607,-100.624,633.919,96.486,0,0,-1,99.638169
207,30.4380,portrait-orbit,-81.439,622.788,101.614,0.000,72.265,232.991,-69.967,632.761,16.702,-86.179,639.350,16.702,0.0000,0.0000,-58.493,623.225,96.485,-100.626,633.913,96.485,0.4483,0.0000,0.0000,0,0.000,0.000,0.0000,0.0000,0,0,-100.626,633.913,96.485,0.000,0,-1.000000,1.000,28.924,-1.000000,0.0000,0.0000,0,0,0.000,1.000,19.607,-100.626,633.913,96.485,0,0,-1,99.638169
208,30.5914,portrait-orbit,-81.439,622.788,101.614,0.000,72.265,232.991,-69.967,632.761,16.702,-86.179,639.350,16.702,0.0000,0.0000,-58.514,623.128,96.475,-100.654,633.819,96.475,0.4483,0.0000,0.0000,0,0.000,0.000,0.0000,0.0000,0,0,-100.654,633.819,96.475,0.000,0,-1.000000,1.000,28.924,-1.000000,0.0000,0.0000,0,0,0.000,1.000,19.607,-100.654,633.819,96.475,0,0,-1,99.638169
209,30.7466,portrait-orbit,-81.439,622.788,101.614,0.000,72.265,232.991,-69.967,632.761,16.702,-86.179,639.350,16.702,0.0000,0.0000,-58.528,623.058,96.460,-100.675,633.750,96.460,0.4483,0.0000,0.0000,0,0.000,0.000,0.0000,0.0000,0,0,-100.675,633.750,96.460,0.000,0,-1.000000,1.000,28.924,-1.000000,0.0000,0.0000,0,0,0.000,1.000,19.607,-100.675,633.750,96.460,0,0,-1,99.638169
210,30.8822,portrait-orbit,-81.439,622.788,101.614,0.000,72.265,232.991,-69.967,632.761,16.702,-86.179,639.350,16.702,0.0000,0.0000,-58.548,622.963,96.446,-100.702,633.658,96.446,0.4483,0.0000,0.0000,0,0.000,0.000,0.0000,0.0000,0,0,-100.702,633.658,96.446,0.000,0,-1.000000,1.000,28.924,-1.000000,0.0000,0.0000,0,0,0.000,1.000,19.607,-100.702,633.658,96.446,0,0,-1,99.638169
211,31.0190,portrait-orbit,-81.439,622.788,101.614,0.000,72.265,232.991,-69.967,632.761,16.702,-86.179,639.350,16.702,0.0000,0.0000,-58.566,622.874,96.433,-100.728,633.571,96.433,0.4483,0.0000,0.0000,0,0.000,0.000,0.0000,0.0000,0,0,-100.728,633.571,96.433,0.000,0,-1.000000,1.000,28.924,-1.000000,0.0000,0.0000,0,0,0.000,1.000,19.607,-100.728,633.571,96.433,0,0,-1,99.638169
212,31.1638,portrait-orbit,-81.439,622.788,101.614,0.000,72.265,232.991,-69.967,632.761,16.702,-86.179,639.350,16.702,0.0000,0.0000,-58.587,622.774,96.419,-100.758,633.473,96.419,0.4483,0.0000,0.0000,0,0.000,0.000,0.0000,0.0000,0,0,-100.758,633.473,96.419,0.000,0,-1.000000,1.000,28.924,-1.000000,0.0000,0.0000,0,0,0.000,1.000,19.607,-100.758,633.473,96.419,0,0,-1,99.638169
213,31.3148,portrait-orbit,-81.439,622.788,101.614,0.000,72.265,232.991,-69.967,632.761,16.702,-86.179,639.350,16.702,0.0000,0.0000,-58.603,622.703,96.408,-100.778,633.402,96.408,0.4483,0.0000,0.0000,0,0.000,0.000,0.0000,0.0000,0,0,-100.778,633.402,96.408,0.000,0,-1.000000,1.000,28.924,-1.000000,0.0000,0.0000,0,0,0.000,1.000,19.607,-100.778,633.402,96.408,0,0,-1,99.638169
214,31.4719,portrait-orbit,-81.439,622.788,101.614,0.000,72.265,232.991,-69.967,632.761,16.702,-86.179,639.350,16.702,0.0000,0.0000,-58.608,622.679,96.398,-100.784,633.379,96.398,0.4483,0.0000,0.0000,0,0.000,0.000,0.0000,0.0000,0,0,-100.784,633.379,96.398,0.000,0,-1.000000,1.000,28.924,-1.000000,0.0000,0.0000,0,0,0.000,1.000,19.607,-100.784,633.379,96.398,0,0,-1,99.638169
215,31.6253,portrait-orbit,-81.439,622.788,101.614,0.000,72.265,232.991,-69.967,632.761,16.702,-86.179,639.350,16.702,0.0000,0.0000,-58.627,622.584,96.393,-100.813,633.286,96.393,0.4483,0.0000,0.0000,0,0.000,0.000,0.0000,0.0000,0,0,-100.813,633.286,96.393,0.000,0,-1.000000,1.000,28.924,-1.000000,0.0000,0.0000,0,0,0.000,1.000,19.607,-100.813,633.286,96.393,0,0,-1,99.638169
216,31.7813,portrait-orbit,-81.439,622.788,101.614,0.000,72.265,232.991,-69.967,632.761,16.702,-86.179,639.350,16.702,0.0000,0.0000,-58.627,622.584,96.393,-100.813,633.286,96.393,0.4483,0.0000,0.0000,0,0.000,0.000,0.0000,0.0000,0,0,-100.813,633.286,96.393,0.000,0,-1.000000,1.000,28.924,-1.000000,0.0000,0.0000,0,0,0.000,1.000,19.607,-100.813,633.286,96.393,0,0,-1,99.638169
217,31.9348,portrait-orbit,-81.439,622.788,101.614,0.000,72.265,232.991,-69.967,632.761,16.702,-86.179,639.350,16.702,0.0000,0.0000,-58.631,622.567,96.391,-100.818,633.269,96.391,0.4483,0.0000,0.0000,0,0.000,0.000,0.0000,0.0000,0,0,-100.818,633.269,96.391,0.000,0,-1.000000,1.000,28.924,-1.000000,0.0000,0.0000,0,0,0.000,1.000,19.607,-100.818,633.269,96.391,0,0,-1,99.638169
218,32.0745,portrait-orbit,-81.439,622.788,101.614,0.000,72.265,232.991,-69.967,632.761,16.702,-86.179,639.350,16.702,0.0000,0.0000,-58.631,622.567,96.391,-100.818,633.269,96.391,0.4483,0.0000,0.0000,0,0.000,0.000,0.0000,0.0000,0,0,-100.818,633.269,96.391,0.000,0,-1.000000,1.000,28.924,-1.000000,0.0000,0.0000,0,0,0.000,1.000,19.607,-100.818,633.269,96.391,0,0,-1,99.638169
219,32.2170,portrait-orbit,-81.439,622.788,101.614,0.000,72.265,232.991,-69.967,632.761,16.702,-86.179,639.350,16.702,0.0000,0.0000,-58.599,622.721,96.412,-100.773,633.421,96.412,0.4483,0.0000,0.0000,0,0.000,0.000,0.0000,0.0000,0,0,-100.773,633.421,96.412,0.000,0,-1.000000,1.000,28.924,-1.000000,0.0000,0.0000,0,0,0.000,1.000,19.607,-100.773,633.421,96.412,0,0,-1,99.638169
220,32.3602,portrait-orbit,-81.439,622.788,101.614,0.000,72.265,232.991,-69.967,632.761,16.702,-86.179,639.350,16.702,0.0000,0.0000,-58.579,622.812,96.425,-100.747,633.510,96.425,0.4483,0.0000,0.0000,0,0.000,0.000,0.0000,0.0000,0,0,-100.747,633.510,96.425,0.000,0,-1.000000,1.000,28.924,-1.000000,0.0000,0.0000,0,0,0.000,1.000,19.607,-100.747,633.510,96.425,0,0,-1,99.638169
221,32.5208,portrait-orbit,-81.439,622.788,101.614,0.000,72.265,232.991,-69.967,632.761,16.702,-86.179,639.350,16.702,0.0000,0.0000,-58.557,622.920,96.440,-100.715,633.616,96.440,0.4483,0.0000,0.0000,0,0.000,0.000,0.0000,0.0000,0,0,-100.715,633.616,96.440,0.000,0,-1.000000,1.000,28.924,-1.000000,0.0000,0.0000,0,0,0.000,1.000,19.607,-100.715,633.616,96.440,0,0,-1,99.638169
222,32.6781,portrait-orbit,-81.439,622.788,101.614,0.000,72.265,232.991,-69.967,632.761,16.702,-86.179,639.350,16.702,0.0000,0.0000,-58.535,623.025,96.455,-100.684,633.719,96.455,0.4483,0.0000,0.0000,0,0.000,0.000,0.0000,0.0000,0,0,-100.684,633.719,96.455,0.000,0,-1.000000,1.000,28.924,-1.000000,0.0000,0.0000,0,0,0.000,1.000,19.607,-100.684,633.719,96.455,0,0,-1,99.638169
223,32.8369,portrait-orbit,-81.439,622.788,101.614,0.000,72.265,232.991,-69.967,632.761,16.702,-86.179,639.350,16.702,0.0000,0.0000,-58.515,623.119,96.469,-100.657,633.811,96.469,0.4483,0.0000,0.0000,0,0.000,0.000,0.0000,0.0000,0,0,-100.657,633.811,96.469,0.000,0,-1.000000,1.000,28.924,-1.000000,0.0000,0.0000,0,0,0.000,1.000,19.607,-100.657,633.811,96.469,0,0,-1,99.638169
224,32.9888,portrait-orbit,-81.439,622.788,101.614,0.000,72.265,232.991,-69.967,632.761,16.702,-86.179,639.350,16.702,0.0000,0.0000,-58.506,623.162,96.475,-100.644,633.851,96.475,0.4483,0.0000,0.0000,0,0.000,0.000,0.0000,0.0000,0,0,-100.644,633.851,96.475,0.000,0,-1.000000,1.000,28.924,-1.000000,0.0000,0.0000,0,0,0.000,1.000,19.607,-100.644,633.851,96.475,0,0,-1,99.638169
225,33.1428,portrait-orbit,-81.439,622.788,101.614,0.000,72.265,232.991,-69.967,632.761,16.702,-86.179,639.350,16.702,0.0000,0.0000,-58.506,623.162,96.475,-100.644,633.851,96.475,0.4483,0.0000,0.0000,0,0.000,0.000,0.0000,0.0000,0,0,-100.644,633.851,96.475,0.000,0,-1.000000,1.000,28.924,-1.000000,0.0000,0.0000,0,0,0.000,1.000,19.607,-100.644,633.851,96.475,0,0,-1,99.638169
226,33.2821,portrait-orbit,-81.439,622.788,101.614,0.000,72.265,232.991,-69.967,632.761,16.702,-86.179,639.350,16.702,0.0000,0.0000,-58.492,623.231,96.486,-100.624,633.919,96.486,0.4483,0.0000,0.0000,0,0.000,0.000,0.0000,0.0000,0,0,-100.624,633.919,96.486,0.000,0,-1.000000,1.000,28.924,-1.000000,0.0000,0.0000,0,0,0.000,1.000,19.607,-100.624,633.919,96.486,0,0,-1,99.638169
227,33.4389,return-to-world,-81.439,622.788,101.614,0.000,72.265,232.991,-69.967,632.761,16.702,-86.179,639.350,16.702,0.0000,0.0000,-58.494,623.223,96.485,-100.626,633.911,96.485,0.4483,0.0000,0.0000,0,0.000,0.000,0.0000,0.0000,0,0,-100.626,633.911,96.485,0.000,0,-1.000000,1.000,28.924,-1.000000,0.0000,0.0000,0,0,0.000,1.000,19.607,-100.626,633.911,96.485,0,0,-1,99.638169
228,33.5926,return-to-world,-81.439,622.788,101.614,0.000,72.265,232.991,-69.967,632.761,16.702,-86.179,639.350,16.702,0.0000,0.0000,-58.514,623.127,96.475,-100.654,633.819,96.475,0.4483,0.0000,0.0000,0,0.000,0.000,0.0000,0.0000,0,0,-100.654,633.819,96.475,0.000,0,-1.000000,1.000,28.924,-1.000000,0.0000,0.0000,0,0,0.000,1.000,19.607,-100.654,633.819,96.475,0,0,-1,99.635712
229,33.7512,return-to-world,-81.439,622.788,101.614,0.000,72.265,232.991,-69.967,632.761,16.702,-86.179,639.350,16.702,0.0000,0.0000,-58.529,623.054,96.460,-100.676,633.747,96.460,0.4483,0.0000,0.0000,0,0.000,0.000,0.0000,0.0000,0,0,-100.676,633.747,96.460,0.000,0,-1.000000,1.000,28.924,-1.000000,0.0000,0.0000,0,0,0.000,1.000,19.607,-100.676,633.747,96.460,0,0,-1,99.633171
230,33.8854,return-to-world,-81.439,622.788,101.614,0.000,72.265,232.991,-69.967,632.761,16.702,-86.179,639.350,16.702,0.0000,0.0000,-58.548,622.961,96.446,-100.703,633.656,96.446,0.4483,0.0000,0.0000,0,0.000,0.000,0.0000,0.0000,0,0,-100.703,633.656,96.446,0.000,0,-1.000000,1.000,28.924,-1.000000,0.0000,0.0000,0,0,0.000,1.000,19.607,-100.703,633.656,96.446,0,0,-1,99.631028
231,34.0237,return-to-world,-81.439,622.788,101.614,0.000,72.265,232.991,-69.967,632.761,16.702,-86.179,639.350,16.702,0.0000,0.0000,-58.567,622.871,96.433,-100.729,633.568,96.433,0.4483,0.0000,0.0000,0,0.000,0.000,0.0000,0.0000,0,0,-100.729,633.568,96.433,0.000,0,-1.000000,1.000,28.924,-1.000000,0.0000,0.0000,0,0,0.000,1.000,19.607,-100.729,633.568,96.433,0,0,-1,99.628811
232,34.1753,return-to-world,-81.439,622.788,101.614,0.000,72.265,232.991,-69.967,632.761,16.702,-86.179,639.350,16.702,0.0000,0.0000,-58.589,622.766,96.418,-100.760,633.465,96.418,0.4483,0.0000,0.0000,0,0.000,0.000,0.0000,0.0000,0,0,-100.760,633.465,96.418,0.000,0,-1.000000,1.000,28.924,-1.000000,0.0000,0.0000,0,0,0.000,1.000,19.607,-100.760,633.465,96.418,0,0,-1,99.626390
233,34.3253,return-to-world,-81.439,622.788,101.614,0.000,72.265,232.991,-69.967,632.761,16.702,-86.179,639.350,16.702,0.0000,0.0000,-58.603,622.701,96.407,-100.779,633.400,96.407,0.4483,0.0000,0.0000,0,0.000,0.000,0.0000,0.0000,0,0,-100.779,633.400,96.407,0.000,0,-1.000000,1.000,28.924,-1.000000,0.0000,0.0000,0,0,0.000,1.000,19.607,-100.779,633.400,96.407,0,0,-1,99.623986
234,34.4754,walk-to-forage,-81.439,622.788,101.614,0.000,72.265,232.991,-69.967,632.761,16.702,-86.179,639.350,16.702,0.0000,0.0000,-58.609,622.679,96.398,-100.785,633.378,96.398,0.4483,0.0000,0.0000,0,-100.000,550.000,0.0000,0.0000,0,0,-100.785,633.378,96.398,0.000,0,-1.000000,1.000,28.924,-1.000000,0.0000,0.0000,0,0,0.000,1.000,19.607,-100.785,633.378,96.398,0,0,0,99.621588
235,34.6237,walk-to-forage,-82.985,620.737,101.531,25.970,116.785,238.357,-71.576,618.779,15.636,-108.644,647.714,15.562,0.7420,0.2164,-66.128,635.780,91.804,-104.883,615.873,92.003,0.4805,0.0000,0.0000,0,-100.000,550.000,0.0000,0.0000,0,0,-104.883,615.873,92.003,0.000,0,-1.000000,1.000,28.924,-1.000000,0.0000,0.0000,0,0,0.000,1.000,19.607,-104.883,615.873,92.003,0,0,0,99.619213
236,34.7749,walk-to-forage,-86.361,615.536,101.333,45.000,162.087,241.991,-69.371,620.115,16.737,-126.454,616.897,16.252,1.0000,0.3750,-89.483,638.450,90.523,-94.488,594.853,89.996,0.5371,0.0000,0.0000,0,-100.000,550.000,0.0000,0.0000,0,0,-94.488,594.853,89.996,0.000,0,-1.000000,1.000,28.924,-1.000000,0.0000,0.0000,0,0,0.000,1.000,19.607,-94.488,594.853,89.996,0,0,0,99.616797
237,34.9219,walk-to-forage,-89.597,609.764,101.127,45.000,-153.791,244.806,-84.400,622.525,18.615,-113.532,585.924,16.066,1.0000,0.3750,-110.799,621.644,91.689,-77.141,590.920,90.499,0.5922,0.0000,0.0000,0,-100.000,550.000,0.0000,0.0000,0,0,-77.141,590.920,90.499,0.000,0,-1.000000,1.000,28.924,-1.000000,0.0000,0.0000,0,0,0.000,1.000,19.607,-77.141,590.920,90.499,0,0,0,99.614444
238,35.0600,walk-to-forage,-92.347,604.194,100.934,45.000,-115.194,247.108,-98.839,611.283,21.334,-94.034,576.306,16.152,1.0000,0.3750,-117.154,597.472,93.308,-69.616,600.053,91.622,0.6440,0.0000,0.0000,0,-100.000,550.000,0.0000,0.0000,0,0,-69.616,600.053,91.622,0.000,0,-1.000000,1.000,28.924,-1.000000,0.0000,0.0000,0,0,0.000,1.000,19.607,-69.616,600.053,91.622,0,0,0,99.612235
239,35.2138,walk-to-forage,-95.136,597.850,100.723,45.000,-112.892,249.487,-104.960,595.878,23.771,-93.367,576.633,16.043,1.0000,0.3750,-119.980,588.336,94.541,-71.389,596.597,92.583,0.7018,0.0000,0.0000,0,-100.000,550.000,0.0000,0.0000,0,0,-71.389,596.597,92.583,0.000,0,-1.000000,1.000,28.924,-1.000000,0.0000,0.0000,0,0,0.000,1.000,19.607,-71.389,596.597,92.583,0,0,0,99.609771
240,35.3692,walk-to-forage,-97.675,591.346,100.513,45.000,-110.513,251.825,-110.483,579.088,24.063,-93.037,576.888,15.620,1.0000,0.3750,-122.224,580.349,94.506,-73.758,591.630,92.483,0.7599,0.0000,0.0000,0,-100.000,550.000,0.0000,0.0000,0,0,-73.758,591.630,92.483,0.000,0,-1.000000,1.000,28.924,-1.000000,0.0000,0.0000,0,0,0.000,1.000,19.607,-73.758,591.630,92.483,0,0,0,99.607289
241,35.5246,settle-forage,-97.675,591.346,100.513,0.000,-110.513,251.825,-109.908,581.116,16.543,-93.585,575.091,15.439,0.2215,0.0000,-121.059,589.660,94.875,-77.648,582.219,94.393,0.7599,0.0000,0.0000,0,-100.000,550.000,0.0000,0.0000,0,0,-77.648,582.219,94.393,0.000,0,-1.000000,1.000,28.924,-1.000000,0.0000,0.0000,0,0,0.000,1.000,19.607,-77.648,582.219,94.393,0,0,0,99.604798
242,35.6792,settle-forage,-97.675,591.346,100.513,0.000,-110.513,251.825,-109.617,581.942,15.600,-93.743,574.575,15.600,0.0000,0.0000,-120.564,592.219,95.354,-78.982,579.496,95.354,0.7599,0.0000,0.0000,0,-100.000,550.000,0.0000,0.0000,0,0,-78.982,579.496,95.354,0.000,0,-1.000000,1.000,28.924,-1.000000,0.0000,0.0000,0,0,0.000,1.000,19.607,-78.982,579.496,95.354,0,0,0,99.602327
243,35.8314,settle-forage,-97.675,591.346,100.513,0.000,-110.513,251.825,-109.617,581.942,15.600,-93.743,574.575,15.600,0.0000,0.0000,-120.587,592.130,95.367,-79.013,579.409,95.367,0.7599,0.0000,0.0000,0,-100.000,550.000,0.0000,0.0000,0,0,-79.013,579.409,95.367,0.000,0,-1.000000,1.000,28.924,-1.000000,0.0000,0.0000,0,0,0.000,1.000,19.607,-79.013,579.409,95.367,0,0,0,99.599890
244,35.9797,settle-forage,-97.675,591.346,100.513,0.000,-110.513,251.825,-109.617,581.942,15.600,-93.743,574.575,15.600,0.0000,0.0000,-120.599,592.085,95.374,-79.028,579.366,95.374,0.7599,0.0000,0.0000,0,-100.000,550.000,0.0000,0.0000,0,0,-79.028,579.366,95.374,0.000,0,-1.000000,1.000,28.924,-1.000000,0.0000,0.0000,0,0,0.000,1.000,19.607,-79.028,579.366,95.374,0,0,0,99.597519
245,36.1398,settle-forage,-97.675,591.346,100.513,0.000,-110.513,251.825,-109.617,581.942,15.600,-93.743,574.575,15.600,0.0000,0.0000,-120.599,592.085,95.374,-79.028,579.366,95.374,0.7599,0.0000,0.0000,0,-100.000,550.000,0.0000,0.0000,0,0,-79.028,579.366,95.374,0.000,0,-1.000000,1.000,28.924,-1.000000,0.0000,0.0000,0,0,0.000,1.000,19.607,-79.028,579.366,95.374,0,0,0,99.594955
246,36.2753,view-picking-side,-97.675,591.346,100.513,0.000,-110.513,251.825,-109.617,581.942,15.600,-93.743,574.575,15.600,0.0000,0.0000,-120.617,592.016,95.385,-79.052,579.299,95.385,0.7599,0.0000,0.0000,0,-100.000,550.000,0.0000,0.0000,0,0,-79.052,579.299,95.385,0.000,0,-1.000000,1.000,28.924,-1.000000,0.0000,0.0000,0,0,0.000,1.000,19.607,-79.052,579.299,95.385,0,0,0,99.592790
247,36.4247,view-picking-side,-97.675,591.346,100.513,0.000,-110.513,243.824,-109.617,581.942,15.600,-93.743,574.575,15.600,0.0000,0.0000,-120.617,592.016,95.385,-79.052,579.299,95.385,0.7599,0.0000,0.0000,0,-100.000,550.000,0.0000,0.0000,0,0,-79.052,579.299,95.385,0.000,0,-1.000000,1.000,28.924,-1.000000,0.0000,0.0000,0,0,0.000,1.000,19.607,-79.052,579.299,95.385,0,0,0,99.590395
248,36.5773,view-picking-side,-97.675,591.346,100.513,0.000,-110.513,235.682,-109.617,581.942,15.600,-93.743,574.575,15.600,0.0000,0.0000,-120.592,592.111,95.374,-79.020,579.390,95.374,0.7599,0.0000,0.0000,0,-100.000,550.000,0.0000,0.0000,0,0,-79.020,579.390,95.374,0.000,0,-1.000000,1.000,28.924,-1.000000,0.0000,0.0000,0,0,0.000,1.000,19.607,-79.020,579.390,95.374,0,0,0,99.587957
249,36.7259,view-picking-side,-97.675,591.346,100.513,0.000,-110.513,227.738,-109.617,581.942,15.600,-93.743,574.575,15.600,0.0000,0.0000,-120.576,592.173,95.361,-78.998,579.451,95.361,0.7599,0.0000,0.0000,0,-100.000,550.000,0.0000,0.0000,0,0,-78.998,579.451,95.361,0.000,0,-1.000000,1.000,28.924,-1.000000,0.0000,0.0000,0,0,0.000,1.000,19.607,-78.998,579.451,95.361,0,0,0,99.585578
250,36.8615,view-picking-side,-97.675,591.346,100.513,0.000,-110.513,220.503,-109.617,581.942,15.600,-93.743,574.575,15.600,0.0000,0.0000,-120.552,592.267,95.347,-78.966,579.542,95.347,0.7599,0.0000,0.0000,0,-100.000,550.000,0.0000,0.0000,0,0,-78.966,579.542,95.347,0.000,0,-1.000000,1.000,28.924,-1.000000,0.0000,0.0000,0,0,0.000,1.000,19.607,-78.966,579.542,95.347,0,0,0,99.583412
251,37.0079,view-picking-side,-97.675,591.346,100.513,0.000,-110.513,212.666,-109.617,581.942,15.600,-93.743,574.575,15.600,0.0000,0.0000,-120.527,592.361,95.333,-78.933,579.634,95.333,0.7599,0.0000,0.0000,0,-100.000,550.000,0.0000,0.0000,0,0,-78.933,579.634,95.333,0.000,0,-1.000000,1.000,28.924,-1.000000,0.0000,0.0000,0,0,0.000,1.000,19.607,-78.933,579.634,95.333,0,0,0,99.581065
252,37.1556,view-picking-side,-97.675,591.346,100.513,0.000,-110.513,204.785,-109.617,581.942,15.600,-93.743,574.575,15.600,0.0000,0.0000,-120.501,592.463,95.318,-78.899,579.733,95.319,0.7599,0.0000,0.0000,0,-100.000,550.000,0.0000,0.0000,0,0,-78.899,579.733,95.319,0.000,0,-1.000000,1.000,28.924,-1.000000,0.0000,0.0000,0,0,0.000,1.000,19.607,-78.899,579.733,95.319,0,0,0,99.578706
253,37.3050,view-picking-side,-97.675,591.346,100.513,0.000,-110.513,196.787,-109.617,581.942,15.600,-93.743,574.575,15.600,0.0000,0.0000,-120.481,592.537,95.307,-78.873,579.807,95.307,0.7599,0.0000,0.0000,0,-100.000,550.000,0.0000,0.0000,0,0,-78.873,579.807,95.307,0.000,0,-1.000000,1.000,28.924,-1.000000,0.0000,0.0000,0,0,0.000,1.000,19.607,-78.873,579.807,95.307,0,0,0,99.576311
254,37.4515,before-pick,-97.675,591.346,100.513,0.000,-110.513,188.973,-109.617,581.942,15.600,-93.743,574.575,15.600,0.0000,0.0000,-120.474,592.559,95.297,-78.867,579.828,95.297,0.7599,0.0000,0.0000,0,-100.000,550.000,0.0000,0.0000,0,0,-78.867,579.828,95.297,0.000,0,-1.000000,1.000,28.924,-1.000000,0.0000,0.0000,0,0,0.000,1.000,19.607,-78.867,579.828,95.297,0,0,0,99.573971
255,37.6086,before-pick,-97.675,591.346,100.513,0.000,-110.513,188.973,-109.617,581.942,15.600,-93.743,574.575,15.600,0.0000,0.0000,-120.450,592.656,95.292,-78.832,579.922,95.292,0.7599,0.0000,0.0000,0,-100.000,550.000,0.0000,0.0000,0,0,-78.832,579.922,95.292,0.000,0,-1.000000,1.000,28.924,-1.000000,0.0000,0.0000,0,0,0.000,1.000,19.607,-78.832,579.922,95.292,0,0,0,99.571453
256,37.7578,before-pick,-97.675,591.346,100.513,0.000,-110.513,188.973,-109.617,581.942,15.600,-93.743,574.575,15.600,0.0000,0.0000,-120.450,592.656,95.292,-78.832,579.922,95.292,0.7599,0.0000,0.0000,0,-100.000,550.000,0.0000,0.0000,0,0,-78.832,579.922,95.292,0.000,0,-1.000000,1.000,28.924,-1.000000,0.0000,0.0000,0,0,0.000,1.000,19.607,-78.832,579.922,95.292,0,0,0,99.569070
257,37.9066,before-pick,-97.675,591.346,100.513,0.000,-110.513,188.973,-109.617,581.942,15.600,-93.743,574.575,15.600,0.0000,0.0000,-120.446,592.673,95.289,-78.826,579.939,95.289,0.7599,0.0000,0.0000,0,-100.000,550.000,0.0000,0.0000,0,0,-78.826,579.939,95.289,0.000,0,-1.000000,1.000,28.924,-1.000000,0.0000,0.0000,0,0,0.000,1.000,19.607,-78.826,579.939,95.289,0,0,0,99.566685
258,38.0536,before-pick,-97.675,591.346,100.513,0.000,-110.513,188.973,-109.617,581.942,15.600,-93.743,574.575,15.600,0.0000,0.0000,-120.446,592.673,95.289,-78.826,579.939,95.289,0.7599,0.0000,0.0000,0,-100.000,550.000,0.0000,0.0000,0,0,-78.826,579.939,95.289,0.000,0,-1.000000,1.000,28.924,-1.000000,0.0000,0.0000,0,0,0.000,1.000,19.607,-78.826,579.939,95.289,0,0,0,99.564338
259,38.2055,before-pick,-97.675,591.346,100.513,0.000,-110.513,188.973,-109.617,581.942,15.600,-93.743,574.575,15.600,0.0000,0.0000,-120.484,592.528,95.309,-78.876,579.796,95.309,0.7599,0.0000,0.0000,0,-100.000,550.000,0.0000,0.0000,0,0,-78.876,579.796,95.309,0.000,0,-1.000000,1.000,28.924,-1.000000,0.0000,0.0000,0,0,0.000,1.000,19.607,-78.876,579.796,95.309,0,0,0,99.561903
260,38.3555,gather,-97.675,591.346,100.513,0.000,-110.513,188.973,-109.617,581.942,15.600,-93.743,574.575,15.600,0.0000,0.0000,-120.508,592.434,95.323,-78.909,579.705,95.323,0.7599,0.0000,0.0000,0,-100.000,550.000,0.0000,0.0000,0,0,-78.909,579.705,95.323,0.000,0,-1.000000,1.000,28.924,-1.000000,0.0000,0.0000,0,0,0.000,1.000,19.607,-78.909,579.705,95.323,0,0,0,99.559507
261,38.5063,gather,-97.675,591.346,100.513,0.000,-110.513,188.973,-109.625,581.960,15.429,-93.729,574.636,15.434,0.0000,0.0000,-119.940,594.277,92.187,-78.986,580.313,92.239,0.7599,1.0000,0.1507,1,-100.000,550.000,0.0000,0.0000,0,0,-78.986,580.313,92.239,0.000,0,-1.000000,1.000,28.924,-1.000000,0.0000,0.0000,0,0,0.000,1.000,19.607,-78.986,580.313,92.239,0,0,0,99.557096
262,38.6518,gather,-97.675,591.346,100.513,0.000,-110.513,188.973,-109.583,582.030,15.553,-93.727,574.654,15.527,0.0000,0.0000,-118.839,597.876,86.947,-83.143,572.434,88.764,0.7599,1.0000,0.2966,1,-100.000,550.000,0.0000,0.0000,0,0,-83.143,572.434,88.764,0.000,0,-1.000000,1.000,28.924,-1.000000,0.0000,0.0000,0,0,0.000,1.000,19.607,-83.143,572.434,88.764,0,0,0,99.554762
263,38.7958,gather,-97.675,591.346,100.513,0.000,-110.513,188.973,-109.627,581.923,15.725,-93.750,574.549,15.727,0.0000,0.0000,-118.007,600.595,83.313,-90.588,557.992,94.086,0.7599,1.0000,0.4403,1,-100.000,550.000,0.0000,0.0000,0,0,-90.588,557.992,94.086,0.000,0,-1.000000,1.000,28.924,-1.000000,0.0000,0.0000,0,0,0.000,1.000,19.607,-90.588,557.992,94.086,0,0,0,99.552462
264,38.9477,gather,-97.675,591.346,100.513,0.000,-110.513,188.973,-109.634,581.922,15.619,-93.750,574.510,15.628,0.0000,0.0000,-117.888,600.985,82.731,-91.273,557.558,96.607,0.7599,1.0000,0.5925,1,-100.000,550.000,0.0000,0.0000,0,0,-91.273,557.558,96.607,0.000,0,-1.000000,1.000,28.924,-1.000000,0.0000,0.0000,0,0,0.000,1.000,19.607,-91.273,557.558,96.607,0,0,0,99.550027
265,39.0942,gather,-97.675,591.346,100.513,0.000,-110.513,188.973,-109.671,581.822,15.638,-93.747,574.508,15.628,0.0000,0.0000,-117.888,600.985,82.731,-90.758,559.404,98.027,0.7599,1.0000,0.7388,1,-100.000,550.000,0.0000,0.0000,0,0,-90.758,559.404,98.027,0.000,0,-1.000000,1.000,28.924,-1.000000,0.0000,0.0000,0,0,0.000,1.000,19.607,-90.758,559.404,98.027,0,0,0,99.547686
266,39.2406,gather,-97.675,591.346,100.513,0.000,-110.513,188.973,-109.631,581.960,15.498,-93.746,574.604,15.493,0.0000,0.0000,-117.891,600.973,82.730,-91.310,557.201,95.715,0.7599,1.0000,0.8853,1,-100.000,550.000,0.0000,0.0000,0,0,-91.310,557.201,95.715,0.000,0,-1.000000,1.000,28.924,-1.000000,0.0000,0.0000,0,0,0.000,1.000,19.607,-91.310,557.201,95.715,0,0,0,99.545343
267,39.3835,gather,-97.675,591.346,100.513,0.000,-110.513,188.973,-109.669,581.843,15.643,-93.742,574.583,15.666,0.0000,0.0000,-118.276,599.715,84.439,-87.810,563.054,91.040,0.7599,1.0000,1.0280,1,-100.000,550.000,0.0000,0.0000,0,0,-87.810,563.054,91.040,0.000,0,-1.000000,1.000,28.924,-1.000000,0.0000,0.0000,0,0,0.000,1.000,19.607,-87.810,563.054,91.040,0,0,0,99.543059
268,39.5316,gather,-97.675,591.346,100.513,0.000,-110.513,188.973,-109.628,581.913,15.512,-93.745,574.562,15.528,0.0000,0.0000,-118.956,597.493,87.438,-82.458,573.849,88.815,0.7599,1.0000,1.1763,1,-100.000,550.000,0.0000,0.0000,0,0,-82.458,573.849,88.815,0.000,0,-1.000000,1.000,28.924,-1.000000,0.0000,0.0000,0,0,0.000,1.000,19.607,-82.458,573.849,88.815,0,0,0,99.540686
269,39.6801,gather,-97.675,591.346,100.513,0.000,-110.513,188.973,-109.583,582.019,15.473,-93.734,574.630,15.462,0.0000,0.0000,-119.720,594.998,91.081,-79.399,579.762,91.216,0.7599,1.0000,1.3246,1,-100.000,550.000,0.0000,0.0000,0,0,-79.399,579.762,91.216,0.000,0,-1.000000,1.000,28.924,-1.000000,0.0000,0.0000,0,0,0.000,1.000,19.607,-79.399,579.762,91.216,0,0,0,99.538313
270,39.8270,gather,-97.675,591.346,100.513,0.000,-110.513,188.973,-109.617,581.943,15.598,-93.743,574.577,15.597,0.0000,0.0000,-120.539,592.306,95.264,-78.962,579.568,95.264,0.7599,0.0805,1.4718,1,-100.000,550.000,0.0000,0.0000,0,0,-78.962,579.568,95.264,0.000,0,-1.000000,1.000,28.924,-1.000000,0.0000,0.0000,0,0,0.000,1.000,19.607,-78.962,579.568,95.264,0,0,0,99.535959
271,39.9785,gather,-97.675,591.346,100.513,0.000,-110.513,188.973,-109.617,581.942,15.600,-93.743,574.575,15.600,0.0000,0.0000,-120.532,592.343,95.335,-78.940,579.617,95.336,0.7599,0.0000,1.6000,1,-100.000,550.000,0.0000,0.0000,0,0,-78.940,579.617,95.336,0.000,0,-1.000000,1.000,28.924,-1.000000,0.0000,0.0000,0,0,0.000,1.000,19.607,-78.940,579.617,95.336,0,0,0,99.533538
272,40.1253,gather,-97.675,591.346,100.513,0.000,-110.513,188.973,-109.617,581.942,15.600,-93.743,574.575,15.600,0.0000,0.0000,-120.506,592.442,95.321,-78.906,579.713,95.321,0.7599,0.0000,1.6000,1,-100.000,550.000,0.0000,0.0000,0,0,-78.906,579.713,95.321,0.000,0,-1.000000,1.000,28.924,-1.000000,0.0000,0.0000,0,0,0.000,1.000,19.607,-78.906,579.713,95.321,0,0,0,99.531185
273,40.2742,gather,-97.675,591.346,100.513,0.000,-110.513,188.973,-109.617,581.942,15.600,-93.743,574.575,15.600,0.0000,0.0000,-120.482,592.533,95.309,-78.874,579.802,95.309,0.7599,0.0000,1.6000,1,-100.000,550.000,0.0000,0.0000,0,0,-78.874,579.802,95.309,0.000,0,-1.000000,1.000,28.924,-1.000000,0.0000,0.0000,0,0,0.000,1.000,19.607,-78.874,579.802,95.309,0,0,0,99.528808
274,40.4311,gather,-97.675,591.346,100.513,0.000,-110.513,188.973,-109.617,581.942,15.600,-93.743,574.575,15.600,0.0000,0.0000,-120.475,592.556,95.299,-78.867,579.825,95.299,0.7599,0.0000,1.6000,1,-100.000,550.000,0.0000,0.0000,0,0,-78.867,579.825,95.299,0.000,0,-1.000000,1.000,28.924,-1.000000,0.0000,0.0000,0,0,0.000,1.000,19.607,-78.867,579.825,95.299,0,0,0,99.526296
275,40.5821,gather,-97.675,591.346,100.513,0.000,-110.513,188.973,-109.617,581.942,15.600,-93.743,574.575,15.600,0.0000,0.0000,-120.450,592.656,95.292,-78.832,579.922,95.292,0.7599,0.0000,1.6000,1,-100.000,550.000,0.0000,0.0000,0,0,-78.832,579.922,95.292,0.000,0,-1.000000,1.000,28.924,-1.000000,0.0000,0.0000,0,0,0.000,1.000,19.607,-78.832,579.922,95.292,0,0,0,99.523883
276,40.7349,gather,-97.675,591.346,100.513,0.000,-110.513,188.973,-109.617,581.942,15.600,-93.743,574.575,15.600,0.0000,0.0000,-120.450,592.656,95.292,-78.832,579.922,95.292,0.7599,0.0000,1.6000,1,-100.000,550.000,0.0000,0.0000,0,0,-78.832,579.922,95.292,0.000,0,-1.000000,1.000,28.924,-1.000000,0.0000,0.0000,0,0,0.000,1.000,19.607,-78.832,579.922,95.292,0,0,0,99.521432
277,40.8827,gather,-97.675,591.346,100.513,0.000,-110.513,188.973,-109.617,581.942,15.600,-93.743,574.575,15.600,0.0000,0.0000,-120.446,592.673,95.289,-78.826,579.939,95.289,0.7599,0.0000,1.6000,1,-100.000,550.000,0.0000,0.0000,0,0,-78.826,579.939,95.289,0.000,0,-1.000000,1.000,28.924,-1.000000,0.0000,0.0000,0,0,0.000,1.000,19.607,-78.826,579.939,95.289,0,0,0,99.519073
278,41.0399,gather,-97.675,591.346,100.513,0.000,-110.513,188.973,-109.617,581.942,15.600,-93.743,574.575,15.600,0.0000,0.0000,-120.446,592.673,95.289,-78.826,579.939,95.289,0.7599,0.0000,1.6000,1,-100.000,550.000,0.0000,0.0000,0,0,-78.826,579.939,95.289,0.000,0,-1.000000,1.000,28.924,-1.000000,0.0000,0.0000,0,0,0.000,1.000,19.607,-78.826,579.939,95.289,0,0,0,99.516553
279,41.1856,gather,-97.675,591.346,100.513,0.000,-110.513,188.973,-109.617,581.942,15.600,-93.743,574.575,15.600,0.0000,0.0000,-120.480,592.540,95.308,-78.872,579.809,95.308,0.7599,0.0000,1.6000,1,-100.000,550.000,0.0000,0.0000,0,0,-78.872,579.809,95.308,0.000,0,-1.000000,1.000,28.924,-1.000000,0.0000,0.0000,0,0,0.000,1.000,19.607,-78.872,579.809,95.308,0,0,0,99.514228
280,41.3346,gather,-97.675,591.346,100.513,0.000,-110.513,188.973,-109.617,581.942,15.600,-93.743,574.575,15.600,0.0000,0.0000,-120.505,592.447,95.321,-78.904,579.717,95.321,0.7599,0.0000,1.6000,1,-100.000,550.000,0.0000,0.0000,0,0,-78.904,579.717,95.321,0.000,0,-1.000000,1.000,28.924,-1.000000,0.0000,0.0000,0,0,0.000,1.000,19.607,-78.904,579.717,95.321,0,0,0,99.511839
281,41.4679,after-gather,-97.675,591.346,100.513,0.000,-110.513,188.973,-109.617,581.942,15.600,-93.743,574.575,15.600,0.0000,0.0000,-120.527,592.361,95.333,-78.933,579.634,95.333,0.7599,0.0000,1.6000,1,-100.000,550.000,0.0000,0.0000,0,0,-78.933,579.634,95.333,0.000,0,-1.000000,1.000,28.924,-1.000000,0.0000,0.0000,0,0,0.000,1.000,19.607,-78.933,579.634,95.333,0,0,0,99.509710
282,41.6282,after-gather,-97.675,591.346,100.513,0.000,-110.513,188.973,-109.617,581.942,15.600,-93.743,574.575,15.600,0.0000,0.0000,-120.556,592.248,95.350,-78.973,579.523,95.350,0.7599,0.0000,1.6000,1,-100.000,550.000,0.0000,0.0000,0,0,-78.973,579.523,95.350,0.000,0,-1.000000,1.000,28.924,-1.000000,0.0000,0.0000,0,0,0.000,1.000,19.607,-78.973,579.523,95.350,0,0,0,99.507140
283,41.7726,after-gather,-97.675,591.346,100.513,0.000,-110.513,188.973,-109.617,581.942,15.600,-93.743,574.575,15.600,0.0000,0.0000,-120.578,592.164,95.362,-79.001,579.442,95.362,0.7599,0.0000,1.6000,1,-100.000,550.000,0.0000,0.0000,0,0,-79.001,579.442,95.362,0.000,0,-1.000000,1.000,28.924,-1.000000,0.0000,0.0000,0,0,0.000,1.000,19.607,-79.001,579.442,95.362,0,0,0,99.504832
284,41.9190,after-gather,-97.675,591.346,100.513,0.000,-110.513,188.973,-109.617,581.942,15.600,-93.743,574.575,15.600,0.0000,0.0000,-120.599,592.085,95.374,-79.028,579.366,95.374,0.7599,0.0000,1.6000,1,-100.000,550.000,0.0000,0.0000,0,0,-79.028,579.366,95.374,0.000,0,-1.000000,1.000,28.924,-1.000000,0.0000,0.0000,0,0,0.000,1.000,19.607,-79.028,579.366,95.374,0,0,0,99.502487
285,42.0658,after-gather,-97.675,591.346,100.513,0.000,-110.513,188.973,-109.617,581.942,15.600,-93.743,574.575,15.600,0.0000,0.0000,-120.599,592.085,95.374,-79.028,579.366,95.374,0.7599,0.0000,1.6000,1,-100.000,550.000,0.0000,0.0000,0,0,-79.028,579.366,95.374,0.000,0,-1.000000,1.000,28.924,-1.000000,0.0000,0.0000,0,0,0.000,1.000,19.607,-79.028,579.366,95.374,0,0,0,99.500143
286,42.2110,after-gather,-97.675,591.346,100.513,0.000,-110.513,188.973,-109.617,581.942,15.600,-93.743,574.575,15.600,0.0000,0.0000,-120.617,592.016,95.385,-79.052,579.299,95.385,0.7599,0.0000,1.6000,1,-100.000,550.000,0.0000,0.0000,0,0,-79.052,579.299,95.385,0.000,0,-1.000000,1.000,28.924,-1.000000,0.0000,0.0000,0,0,0.000,1.000,19.607,-79.052,579.299,95.385,0,0,0,99.497816
287,42.3562,after-gather,-97.675,591.346,100.513,0.000,-110.513,188.973,-109.617,581.942,15.600,-93.743,574.575,15.600,0.0000,0.0000,-120.617,592.016,95.385,-79.052,579.299,95.385,0.7599,0.0000,1.6000,1,-100.000,550.000,0.0000,0.0000,0,0,-79.052,579.299,95.385,0.000,0,-1.000000,1.000,28.924,-1.000000,0.0000,0.0000,0,0,0.000,1.000,19.607,-79.052,579.299,95.385,0,0,0,99.495496
288,42.5145,after-gather,-97.675,591.346,100.513,0.000,-110.513,188.973,-109.617,581.942,15.600,-93.743,574.575,15.600,0.0000,0.0000,-120.600,592.079,95.377,-79.031,579.359,95.377,0.7599,0.0000,1.6000,1,-100.000,550.000,0.0000,0.0000,0,0,-79.031,579.359,95.377,0.000,0,-1.000000,1.000,28.924,-1.000000,0.0000,0.0000,0,0,0.000,1.000,19.607,-79.031,579.359,95.377,0,0,0,99.492959
289,42.6649,after-gather,-97.675,591.346,100.513,0.000,-110.513,188.973,-109.617,581.942,15.600,-93.743,574.575,15.600,0.0000,0.0000,-120.580,592.156,95.370,-79.004,579.434,95.370,0.7599,0.0000,1.6000,1,-100.000,550.000,0.0000,0.0000,0,0,-79.004,579.434,95.370,0.000,0,-1.000000,1.000,28.924,-1.000000,0.0000,0.0000,0,0,0.000,1.000,19.607,-79.004,579.434,95.370,0,0,0,99.490558
290,42.8140,after-gather,-97.675,591.346,100.513,0.000,-110.513,188.973,-109.617,581.942,15.600,-93.743,574.575,15.600,0.0000,0.0000,-120.560,592.234,95.352,-78.977,579.510,95.352,0.7599,0.0000,1.6000,1,-100.000,550.000,0.0000,0.0000,0,0,-78.977,579.510,95.352,0.000,0,-1.000000,1.000,28.924,-1.000000,0.0000,0.0000,0,0,0.000,1.000,19.607,-78.977,579.510,95.352,0,0,0,99.488167
291,42.9591,after-gather,-97.675,591.346,100.513,0.000,-110.513,188.973,-109.617,581.942,15.600,-93.743,574.575,15.600,0.0000,0.0000,-120.534,592.334,95.337,-78.943,579.608,95.337,0.7599,0.0000,1.6000,1,-100.000,550.000,0.0000,0.0000,0,0,-78.943,579.608,95.337,0.000,0,-1.000000,1.000,28.924,-1.000000,0.0000,0.0000,0,0,0.000,1.000,19.607,-78.943,579.608,95.337,0,0,0,99.485850
292,43.1097,after-gather,-97.675,591.346,100.513,0.000,-110.513,188.973,-109.617,581.942,15.600,-93.743,574.575,15.600,0.0000,0.0000,-120.509,592.431,95.323,-78.909,579.702,95.323,0.7599,0.0000,1.6000,1,-100.000,550.000,0.0000,0.0000,0,0,-78.909,579.702,95.323,0.000,0,-1.000000,1.000,28.924,-1.000000,0.0000,0.0000,0,0,0.000,1.000,19.607,-78.909,579.702,95.323,0,0,0,99.483437
293,43.2712,after-gather,-97.675,591.346,100.513,0.000,-110.513,188.973,-109.617,581.942,15.600,-93.743,574.575,15.600,0.0000,0.0000,-120.482,592.533,95.309,-78.875,579.802,95.309,0.7599,0.0000,1.6000,1,-100.000,550.000,0.0000,0.0000,0,0,-78.875,579.802,95.309,0.000,0,-1.000000,1.000,28.924,-1.000000,0.0000,0.0000,0,0,0.000,1.000,19.607,-78.875,579.802,95.309,0,0,0,99.480858
294,43.4232,after-gather,-97.675,591.346,100.513,0.000,-110.513,188.973,-109.617,581.942,15.600,-93.743,574.575,15.600,0.0000,0.0000,-120.476,592.555,95.299,-78.868,579.824,95.299,0.7599,0.0000,1.6000,1,-100.000,550.000,0.0000,0.0000,0,0,-78.868,579.824,95.299,0.000,0,-1.000000,1.000,28.924,-1.000000,0.0000,0.0000,0,0,0.000,1.000,19.607,-78.868,579.824,95.299,0,0,0,99.478420
295,43.5720,walk-to-authored-tree,-97.675,591.346,100.513,0.000,-110.513,188.973,-109.617,581.942,15.600,-93.743,574.575,15.600,0.0000,0.0000,-120.450,592.656,95.292,-78.832,579.922,95.292,0.7599,0.0000,1.6000,1,-100.000,550.000,0.0000,0.0000,0,0,-78.832,579.922,95.292,0.000,0,-1.000000,1.000,28.924,-1.000000,0.0000,0.0000,0,0,0.000,1.000,19.607,-78.832,579.922,95.292,0,0,0,99.476044
296,43.7204,walk-to-authored-tree,-97.675,591.346,100.513,0.000,-110.513,197.794,-109.617,581.942,15.600,-93.743,574.575,15.600,0.0000,0.0000,-120.450,592.656,95.292,-78.832,579.922,95.292,0.7599,0.0000,1.6000,1,-100.000,550.000,0.0000,0.0000,0,0,-78.832,579.922,95.292,0.000,0,-1.000000,1.000,28.924,-1.000000,0.0000,0.0000,0,0,0.000,1.000,19.607,-78.832,579.922,95.292,0,0,0,99.473667
297,43.8714,walk-to-authored-tree,-97.675,591.346,100.513,0.000,-110.513,206.747,-109.617,581.942,15.600,-93.743,574.575,15.600,0.0000,0.0000,-120.446,592.673,95.289,-78.826,579.939,95.289,0.7599,0.0000,1.6000,1,-100.000,550.000,0.0000,0.0000,0,0,-78.826,579.939,95.289,0.000,0,-1.000000,1.000,28.924,-1.000000,0.0000,0.0000,0,0,0.000,1.000,19.607,-78.826,579.939,95.289,0,0,0,99.471254
298,44.0249,walk-to-authored-tree,-97.675,591.346,100.513,0.000,-110.513,215.882,-109.617,581.942,15.600,-93.743,574.575,15.600,0.0000,0.0000,-120.446,592.673,95.289,-78.826,579.939,95.289,0.7599,0.0000,1.6000,1,-100.000,550.000,0.0000,0.0000,0,0,-78.826,579.939,95.289,0.000,0,-1.000000,1.000,28.924,-1.000000,0.0000,0.0000,0,0,0.000,1.000,19.607,-78.826,579.939,95.289,0,0,0,99.468793
299,44.1748,walk-to-authored-tree,-97.675,591.346,100.513,0.000,-110.513,224.765,-109.617,581.942,15.600,-93.743,574.575,15.600,0.0000,0.0000,-120.478,592.547,95.307,-78.870,579.815,95.307,0.7599,0.0000,1.6000,1,-100.000,550.000,0.0000,0.0000,0,0,-78.870,579.815,95.307,0.000,0,-1.000000,1.000,28.924,-1.000000,0.0000,0.0000,0,0,0.000,1.000,19.607,-78.870,579.815,95.307,0,0,0,99.466399
300,44.3295,walk-to-authored-tree,-97.675,591.346,100.513,0.000,-110.513,233.968,-109.617,581.942,15.600,-93.743,574.575,15.600,0.0000,0.0000,-120.504,592.450,95.320,-78.903,579.720,95.320,0.7599,0.0000,1.6000,1,-100.000,550.000,0.0000,0.0000,0,0,-78.903,579.720,95.320,0.000,0,-1.000000,1.000,28.924,-1.000000,0.0000,0.0000,0,0,0.000,1.000,19.607,-78.903,579.720,95.320,0,0,0,99.463919
301,44.4795,walk-to-authored-tree,-97.675,591.346,100.513,0.000,-110.513,242.858,-109.617,581.942,15.600,-93.743,574.575,15.600,0.0000,0.0000,-120.529,592.353,95.334,-78.936,579.626,95.334,0.7599,0.0000,1.6000,1,-100.000,550.000,0.0000,0.0000,0,0,-78.936,579.626,95.334,0.000,0,-1.000000,1.000,28.924,-1.000000,0.0000,0.0000,0,0,0.000,1.000,19.607,-78.936,579.626,95.334,0,0,0,99.461523
302,44.6424,walk-to-authored-tree,-101.028,584.806,100.279,71.364,-117.142,248.804,-120.608,562.028,18.997,-94.469,578.371,15.139,0.8156,0.5947,-125.762,580.798,92.933,-79.460,578.273,91.580,0.8569,0.0000,1.6000,1,-100.000,550.000,0.0000,0.0000,0,0,-79.460,578.273,91.580,0.000,0,-1.000000,1.000,28.924,-1.000000,0.0000,0.0000,0,0,0.000,1.000,19.607,-79.460,578.273,91.580,0,0,0,99.458913
303,44.7940,walk-to-authored-tree,-107.238,569.998,99.783,112.500,-111.196,251.987,-128.765,531.029,14.874,-94.053,582.731,14.859,1.0000,0.9375,-129.732,570.996,88.621,-88.209,558.045,88.596,0.9988,0.0000,1.6000,1,-100.000,550.000,0.0000,0.0000,0,0,-88.209,558.045,88.596,0.000,0,-1.000000,1.000,28.924,-1.000000,0.0000,0.0000,0,0,0.000,1.000,19.607,-88.209,558.045,88.596,0,0,0,99.456492
304,44.9507,walk-to-authored-tree,-113.027,553.330,99.246,112.500,-108.013,254.046,-128.005,530.184,14.436,-103.689,554.926,19.775,1.0000,0.9375,-133.804,563.471,89.988,-97.025,533.143,91.624,0.1459,0.0000,1.6000,1,-100.000,550.000,0.0000,0.0000,0,0,-97.025,533.143,91.624,0.000,0,-1.000000,1.000,28.924,-1.000000,0.0000,0.0000,0,0,0.000,1.000,19.607,-97.025,533.143,91.624,0,0,0,99.453982
305,45.0853,walk-to-authored-tree,-117.394,538.853,98.785,112.500,-105.954,255.140,-128.267,529.924,13.917,-112.747,519.866,22.245,1.0000,0.9375,-138.134,550.694,90.733,-101.422,517.235,92.646,0.2719,0.0000,1.6000,1,-100.000,550.000,0.0000,0.0000,0,0,-101.422,517.235,92.646,0.000,0,-1.000000,1.000,28.924,-1.000000,0.0000,0.0000,0,0,0.000,1.000,19.607,-101.422,517.235,92.646,0,0,0,99.451831
306,45.2207,walk-to-authored-tree,-121.431,524.143,98.301,112.500,-104.860,255.898,-128.816,529.935,13.183,-119.980,485.799,16.152,1.0000,0.9375,-142.724,530.513,87.753,-103.225,507.075,89.009,0.3990,0.0000,1.6000,1,-100.000,550.000,0.0000,0.0000,0,0,-103.225,507.075,89.009,0.000,0,-1.000000,1.000,28.924,-1.000000,0.0000,0.0000,0,0,0.000,1.000,19.607,-103.225,507.075,89.009,0,0,0,99.449662
307,45.3688,walk-to-authored-tree,-125.568,508.032,97.768,112.500,-104.102,256.474,-131.272,524.654,13.183,-124.253,467.999,12.683,1.0000,0.9375,-148.231,503.355,86.964,-104.382,501.342,86.430,0.5376,0.0000,1.6000,1,-100.000,550.000,0.0000,0.0000,0,0,-104.382,501.342,86.430,0.000,0,-1.000000,1.000,28.924,-1.000000,0.0000,0.0000,0,0,0.000,1.000,19.607,-104.382,501.342,86.430,0,0,0,99.447296
308,45.5177,walk-to-authored-tree,-129.552,491.732,97.221,112.500,-103.526,256.875,-138.162,492.182,18.810,-124.791,468.164,11.988,1.0000,0.9375,-152.437,478.914,90.022,-106.028,493.652,88.154,0.6775,0.0000,1.6000,1,-100.000,550.000,0.0000,0.0000,0,0,-106.028,493.652,88.154,0.000,0,-1.000000,1.000,28.924,-1.000000,0.0000,0.0000,0,0,0.000,1.000,19.607,-106.028,493.652,88.154,0,0,0,99.444910
309,45.6749,walk-to-authored-tree,-133.605,474.544,96.634,112.500,-103.125,257.179,-146.490,449.641,18.168,-125.713,468.397,11.408,1.0000,0.9375,-156.390,461.627,89.414,-110.105,476.563,87.556,0.8246,0.0000,1.6000,1,-100.000,550.000,0.0000,0.0000,0,0,-110.105,476.563,87.556,0.000,0,-1.000000,1.000,28.924,-1.000000,0.0000,0.0000,0,0,0.000,1.000,19.607,-110.105,476.563,87.556,0,0,0,99.442398
310,45.8315,walk-to-authored-tree,-137.552,457.350,96.044,112.500,-102.821,257.405,-153.245,416.087,11.443,-127.000,468.714,11.052,1.0000,0.9375,-160.169,452.949,85.144,-116.525,450.430,84.744,0.9716,0.0000,1.6000,1,-100.000,550.000,0.0000,0.0000,0,0,-116.525,450.430,84.744,0.000,0,-1.000000,1.000,28.924,-1.000000,0.0000,0.0000,0,0,0.000,1.000,19.607,-116.525,450.430,84.744,0,0,0,99.439889
311,45.9833,walk-to-authored-tree,-141.295,440.709,95.468,112.500,-102.595,257.581,-154.655,412.424,10.499,-131.470,447.686,14.173,1.0000,0.9375,-163.084,447.142,85.366,-122.978,423.709,86.731,0.1138,0.0000,1.6000,1,-100.000,550.000,0.0000,0.0000,0,0,-122.978,423.709,86.731,0.000,0,-1.000000,1.000,28.924,-1.000000,0.0000,0.0000,0,0,0.000,1.000,19.607,-122.978,423.709,86.731,0,0,0,99.437463
312,46.1358,walk-to-authored-tree,-145.009,423.935,94.889,112.500,-102.419,257.732,-155.595,412.545,9.989,-138.776,407.854,18.447,1.0000,0.9375,-166.389,434.649,86.873,-127.758,403.238,88.790,0.2569,0.0000,1.6000,1,-100.000,550.000,0.0000,0.0000,0,0,-127.758,403.238,88.790,0.000,0,-1.000000,1.000,28.924,-1.000000,0.0000,0.0000,0,0,0.000,1.000,19.607,-127.758,403.238,88.790,0,0,0,99.435020
313,46.2737,walk-to-authored-tree,-148.313,408.812,94.370,112.500,-102.268,257.855,-156.653,412.726,9.513,-145.367,372.265,13.175,1.0000,0.9375,-170.253,415.104,84.374,-130.011,391.917,85.754,0.3859,0.0000,1.6000,1,-100.000,550.000,0.0000,0.0000,0,0,-130.011,391.917,85.754,0.000,0,-1.000000,1.000,28.924,-1.000000,0.0000,0.0000,0,0,0.000,1.000,19.607,-130.011,391.917,85.754,0,0,0,99.432818
314,46.4218,walk-to-authored-tree,-151.839,392.490,93.812,112.500,-102.145,257.980,-157.922,409.426,9.059,-149.280,351.006,8.795,1.0000,0.9375,-174.193,387.996,82.866,-130.592,385.515,82.503,0.5251,0.0000,1.6000,1,-100.000,550.000,0.0000,0.0000,0,0,-130.592,385.515,82.503,0.000,0,-1.000000,1.000,28.924,-1.000000,0.0000,0.0000,0,0,0.000,1.000,19.607,-130.592,385.515,82.503,0,0,0,99.430443
315,46.5759,walk-to-authored-tree,-155.457,375.561,93.241,112.500,-102.020,258.105,-163.831,377.145,14.597,-150.201,351.122,8.121,1.0000,0.9375,-177.964,362.383,85.958,-132.023,377.840,84.129,0.6694,0.0000,1.6000,1,-100.000,550.000,0.0000,0.0000,0,0,-132.023,377.840,84.129,0.000,0,-1.000000,1.000,28.924,-1.000000,0.0000,0.0000,0,0,0.000,1.000,19.607,-132.023,377.840,84.129,0,0,0,99.427981
316,46.7252,walk-to-authored-tree,-158.936,359.102,92.694,112.500,-101.895,258.223,-170.958,336.423,15.006,-151.215,351.296,7.626,1.0000,0.9375,-181.486,345.291,85.959,-135.427,362.085,84.039,0.8095,0.0000,1.6000,1,-100.000,550.000,0.0000,0.0000,0,0,-135.427,362.085,84.039,0.000,0,-1.000000,1.000,28.924,-1.000000,0.0000,0.0000,0,0,0.000,1.000,19.607,-135.427,362.085,84.039,0,0,0,99.425589
317,46.8594,walk-to-authored-tree,-162.022,344.358,92.212,112.500,-101.777,258.328,-176.512,305.072,8.305,-152.201,351.557,6.916,1.0000,0.9375,-184.558,336.688,81.815,-140.107,340.613,80.903,0.9351,0.0000,1.6000,1,-100.000,550.000,0.0000,0.0000,0,0,-140.107,340.613,80.903,0.000,0,-1.000000,1.000,28.924,-1.000000,0.0000,0.0000,0,0,0.000,1.000,19.607,-140.107,340.613,80.903,0,0,0,99.423447
318,46.9929,walk-to-authored-tree,-165.073,329.647,91.737,112.500,-101.672,258.433,-178.839,294.791,6.823,-154.522,342.181,8.003,1.0000,0.9375,-187.175,331.892,80.736,-145.531,316.286,81.555,0.0603,0.0000,1.6000,1,-100.000,550.000,0.0000,0.0000,0,0,-145.531,316.286,81.555,0.000,0,-1.000000,1.000,28.924,-1.000000,0.0000,0.0000,0,0,0.000,1.000,19.607,-145.531,316.286,81.555,0,0,0,99.421310
319,47.1322,walk-to-authored-tree,-168.225,314.298,91.252,112.500,-101.567,258.543,-179.819,294.861,6.211,-160.148,309.865,13.524,1.0000,0.9375,-189.867,323.842,82.631,-150.498,294.589,84.445,0.1909,0.0000,1.6000,1,-100.000,550.000,0.0000,0.0000,0,0,-150.498,294.589,84.445,0.000,0,-1.000000,1.000,28.924,-1.000000,0.0000,0.0000,0,0,0.000,1.000,19.607,-150.498,294.589,84.445,0,0,0,99.419081
320,47.2912,walk-to-authored-tree,-171.793,296.756,90.715,112.500,-101.457,258.669,-180.835,295.066,5.881,-167.283,266.663,11.927,1.0000,0.9375,-193.555,305.096,81.735,-153.762,277.963,83.448,0.3400,0.0000,1.6000,1,-100.000,550.000,0.0000,0.0000,0,0,-153.762,277.963,83.448,0.000,0,-1.000000,1.000,28.924,-1.000000,0.0000,0.0000,0,0,0.000,1.000,19.607,-153.762,277.963,83.448,0,0,0,99.416535
321,47.4487,walk-to-authored-tree,-175.284,279.399,90.194,112.500,-101.331,258.795,-181.934,295.309,5.255,-172.720,235.196,5.279,1.0000,0.9375,-197.688,277.687,78.938,-154.873,269.754,79.116,0.4876,0.0000,1.6000,1,-100.000,550.000,0.0000,0.0000,0,0,-154.873,269.754,79.116,0.000,0,-1.000000,1.000,28.924,-1.000000,0.0000,0.0000,0,0,0.000,1.000,19.607,-154.873,269.754,79.116,0,0,0,99.414017
322,47.6085,walk-to-authored-tree,-178.795,261.739,89.687,112.500,-101.205,258.925,-186.657,267.946,9.615,-173.767,233.532,4.766,1.0000,0.9375,-201.210,249.510,81.739,-155.770,262.879,80.098,0.6376,0.0000,1.6000,1,-100.000,550.000,0.0000,0.0000,0,0,-155.770,262.879,80.098,0.000,0,-1.000000,1.000,28.924,-1.000000,0.0000,0.0000,0,0,0.000,1.000,19.607,-155.770,262.879,80.098,0,0,0,99.411457
323,47.7633,walk-to-authored-tree,-182.146,244.689,89.208,112.500,-101.075,259.052,-193.269,226.568,12.541,-174.822,233.771,4.391,1.0000,0.9375,-204.539,229.997,83.133,-158.618,248.667,81.134,0.7824,0.0000,1.6000,1,-100.000,550.000,0.0000,0.0000,0,0,-158.618,248.667,81.134,0.000,0,-1.000000,1.000,28.924,-1.000000,0.0000,0.0000,0,0,0.000,1.000,19.607,-158.618,248.667,81.134,0,0,0,99.408985
324,47.9127,walk-to-authored-tree,-185.358,228.149,88.761,112.500,-100.948,259.177,-199.081,189.840,5.409,-175.802,234.029,3.544,1.0000,0.9375,-207.756,219.362,78.782,-163.164,225.619,77.738,0.9228,0.0000,1.6000,1,-100.000,550.000,0.0000,0.0000,0,0,-163.164,225.619,77.738,0.000,0,-1.000000,1.000,28.924,-1.000000,0.0000,0.0000,0,0,0.000,1.000,19.607,-163.164,225.619,77.738,0,0,0,99.406589
325,48.0627,walk-to-authored-tree,-188.534,211.607,88.325,112.500,-100.823,259.303,-201.754,176.893,3.385,-178.207,224.072,4.666,1.0000,0.9375,-210.667,213.747,77.329,-168.860,198.322,78.185,0.0632,0.0000,1.6000,1,-100.000,550.000,0.0000,0.0000,0,0,-168.860,198.322,78.185,0.000,0,-1.000000,1.000,28.924,-1.000000,0.0000,0.0000,0,0,0.000,1.000,19.607,-168.860,198.322,78.185,0,0,0,99.404193
326,48.2165,walk-to-authored-tree,-191.762,194.585,87.899,112.500,-100.697,259.435,-202.788,177.014,2.955,-183.976,187.394,10.841,1.0000,0.9375,-213.544,204.197,79.604,-173.840,174.788,81.475,0.2076,0.0000,1.6000,1,-100.000,550.000,0.0000,0.0000,0,0,-173.840,174.788,81.475,0.000,0,-1.000000,1.000,28.924,-1.000000,0.0000,0.0000,0,0,0.000,1.000,19.607,-173.840,174.788,81.475,0,0,0,99.401729
327,48.3736,walk-to-authored-tree,-195.011,177.239,87.473,112.500,-100.565,259.571,-203.851,177.174,2.681,-190.380,144.931,8.014,1.0000,0.9375,-217.004,184.565,78.221,-176.599,159.313,79.852,0.3546,0.0000,1.6000,1,-100.000,550.000,0.0000,0.0000,0,0,-176.599,159.313,79.852,0.000,0,-1.000000,1.000,28.924,-1.000000,0.0000,0.0000,0,0,0.000,1.000,19.607,-176.599,159.313,79.852,0,0,0,99.399219
328,48.5275,walk-to-authored-tree,-198.163,160.192,87.064,112.500,-100.429,259.707,-204.524,177.316,2.148,-194.548,115.843,2.114,1.0000,0.9375,-220.178,157.139,75.883,-177.027,151.715,75.902,0.4991,0.0000,1.6000,1,-100.000,550.000,0.0000,0.0000,0,0,-177.027,151.715,75.902,0.000,0,-1.000000,1.000,28.924,-1.000000,0.0000,0.0000,0,0,0.000,1.000,19.607,-177.027,151.715,75.902,0,0,0,99.396754
329,48.6788,walk-to-authored-tree,-201.215,143.462,86.687,112.500,-100.293,259.842,-209.244,149.091,6.849,-195.707,115.709,1.834,1.0000,0.9375,-223.446,130.731,78.900,-178.197,145.137,77.237,0.6408,0.0000,1.6000,1,-100.000,550.000,0.0000,0.0000,0,0,-178.197,145.137,77.237,0.000,0,-1.000000,1.000,28.924,-1.000000,0.0000,0.0000,0,0,0.000,1.000,19.607,-178.197,145.137,77.237,0,0,0,99.394335
330,48.8315,walk-to-authored-tree,-204.263,126.531,86.312,112.500,-100.158,259.981,-215.128,107.925,9.618,-196.737,115.938,1.503,1.0000,0.9375,-226.416,111.507,80.227,-180.804,130.855,78.232,0.7842,0.0000,1.6000,1,-100.000,550.000,0.0000,0.0000,0,0,-180.804,130.855,78.232,0.000,0,-1.000000,1.000,28.924,-1.000000,0.0000,0.0000,0,0,0.000,1.000,19.607,-180.804,130.855,78.232,0,0,0,99.391889
331,48.9805,walk-to-authored-tree,-207.189,110.050,85.964,112.500,-100.019,260.118,-220.303,71.438,2.569,-197.721,116.185,0.738,1.0000,0.9375,-229.445,100.954,75.953,-184.972,107.819,74.918,0.9237,0.0000,1.6000,1,-100.000,550.000,0.0000,0.0000,0,0,-184.972,107.819,74.918,0.000,0,-1.000000,1.000,28.924,-1.000000,0.0000,0.0000,0,0,0.000,1.000,19.607,-184.972,107.819,74.918,0,0,0,99.389508
332,49.1311,walk-to-authored-tree,-210.112,93.351,85.623,112.500,-99.882,260.260,-222.747,58.629,0.669,-200.012,105.849,2.012,1.0000,0.9375,-232.279,95.260,74.630,-190.259,80.262,75.510,0.0649,0.0000,1.6000,1,-100.000,550.000,0.0000,0.0000,0,0,-190.259,80.262,75.510,0.000,0,-1.000000,1.000,28.924,-1.000000,0.0000,0.0000,0,0,0.000,1.000,19.607,-190.259,80.262,75.510,0,0,0,99.387097
333,49.2700,walk-to-authored-tree,-212.768,77.961,85.309,112.500,-99.740,260.392,-223.687,58.684,0.270,-204.638,73.092,7.766,1.0000,0.9375,-234.705,86.946,76.757,-194.460,58.715,78.587,0.1951,0.0000,1.6000,1,-100.000,550.000,0.0000,0.0000,0,0,-194.460,58.715,78.587,0.000,0,-1.000000,1.000,28.924,-1.000000,0.0000,0.0000,0,0,0.000,1.000,19.607,-194.460,58.715,78.587,0,0,0,99.384876
334,49.4123,walk-to-authored-tree,-215.455,62.170,84.992,112.500,-99.608,260.529,-224.544,58.826,0.085,-209.731,34.069,6.666,1.0000,0.9375,-237.407,70.253,76.158,-196.875,43.572,77.928,0.3286,0.0000,1.6000,1,-100.000,550.000,0.0000,0.0000,0,0,-196.875,43.572,77.928,0.000,0,-1.000000,1.000,28.924,-1.000000,0.0000,0.0000,0,0,0.000,1.000,19.607,-196.875,43.572,77.928,0,0,0,99.382597
335,49.6173,walk-to-authored-tree,-219.263,39.437,84.562,112.500,-99.471,260.730,-226.062,56.246,-0.231,-214.789,-2.436,-0.420,1.0000,0.9375,-241.350,34.266,73.568,-197.754,33.101,73.270,0.5206,0.0000,1.6000,1,-100.000,550.000,0.0000,0.0000,0,0,-197.754,33.101,73.270,0.000,0,-1.000000,1.000,28.924,-1.000000,0.0000,0.0000,0,0,0.000,1.000,19.607,-197.754,33.101,73.270,0,0,0,99.379319
336,49.7790,walk-to-authored-tree,-222.217,21.458,84.229,112.500,-99.270,260.892,-230.727,22.108,5.670,-215.766,-2.311,-0.936,1.0000,0.9375,-244.074,7.124,76.978,-198.912,24.959,75.134,0.6725,0.0000,1.6000,1,-100.000,550.000,0.0000,0.0000,0,0,-198.912,24.959,75.134,0.000,0,-1.000000,1.000,28.924,-1.000000,0.0000,0.0000,0,0,0.000,1.000,19.607,-198.912,24.959,75.134,0,0,0,99.376728
337,49.9368,walk-to-authored-tree,-225.039,3.965,83.907,112.500,-99.108,261.053,-236.090,-21.055,5.595,-216.798,-2.167,-1.379,1.0000,0.9375,-246.874,-10.649,76.733,-201.727,7.768,74.853,0.8201,0.0000,1.6000,1,-100.000,550.000,0.0000,0.0000,0,0,-201.727,7.768,74.853,0.000,0,-1.000000,1.000,28.924,-1.000000,0.0000,0.0000,0,0,0.000,1.000,19.607,-201.727,7.768,74.853,0,0,0,99.374208
338,50.0858,walk-to-authored-tree,-227.666,-12.622,83.604,112.500,-98.947,261.208,-240.408,-54.282,-0.849,-217.979,-1.978,-1.469,1.0000,0.9375,-249.868,-19.476,72.849,-205.992,-17.209,72.283,0.9601,0.0000,1.6000,1,-100.000,550.000,0.0000,0.0000,0,0,-205.992,-17.209,72.283,0.000,0,-1.000000,1.000,28.924,-1.000000,0.0000,0.0000,0,0,0.000,1.000,19.607,-205.992,-17.209,72.283,0,0,0,99.371819
339,50.2386,walk-to-authored-tree,-230.305,-29.580,83.299,112.500,-98.792,261.370,-241.833,-59.981,-1.646,-220.799,-20.780,1.457,1.0000,0.9375,-252.447,-25.328,73.018,-210.711,-44.698,74.277,0.1031,0.0000,1.6000,1,-100.000,550.000,0.0000,0.0000,0,0,-210.711,-44.698,74.277,0.000,0,-1.000000,1.000,28.924,-1.000000,0.0000,0.0000,0,0,0.000,1.000,19.607,-210.711,-44.698,74.277,0,0,0,99.369379
340,50.3886,walk-to-authored-tree,-232.857,-46.282,82.996,112.500,-98.630,261.531,-242.803,-59.915,-1.904,-225.366,-59.561,6.555,1.0000,0.9375,-254.896,-36.995,74.982,-214.277,-65.798,76.898,0.2439,0.0000,1.6000,1,-100.000,550.000,0.0000,0.0000,0,0,-214.277,-65.798,76.898,0.000,0,-1.000000,1.000,28.924,-1.000000,0.0000,0.0000,0,0,0.000,1.000,19.607,-214.277,-65.798,76.898,0,0,0,99.366976
341,50.5392,walk-to-authored-tree,-235.366,-63.020,82.692,112.500,-98.469,261.696,-243.992,-59.787,-2.143,-230.032,-99.164,1.574,1.0000,0.9375,-257.707,-58.130,72.739,-216.031,-78.718,74.128,0.3849,0.0000,1.6000,1,-100.000,550.000,0.0000,0.0000,0,0,-216.031,-78.718,74.128,0.000,0,-1.000000,1.000,28.924,-1.000000,0.0000,0.0000,0,0,0.000,1.000,19.607,-216.031,-78.718,74.128,0,0,0,99.364569
342,50.6744,walk-to-authored-tree,-237.582,-78.088,82.423,112.500,-98.304,261.847,-244.626,-61.218,-2.430,-232.271,-120.918,-2.546,1.0000,0.9375,-259.509,-82.995,71.344,-216.012,-84.712,71.173,0.5119,0.0000,1.6000,1,-100.000,550.000,0.0000,0.0000,0,0,-216.012,-84.712,71.173,0.000,0,-1.000000,1.000,28.924,-1.000000,0.0000,0.0000,0,0,0.000,1.000,19.607,-216.012,-84.712,71.173,0,0,0,99.362403
343,50.8084,walk-to-authored-tree,-239.733,-92.992,82.142,112.500,-98.153,261.999,-247.909,-87.175,2.052,-233.211,-120.922,-2.785,1.0000,0.9375,-261.463,-106.385,74.181,-216.801,-90.642,72.542,0.6374,0.0000,1.6000,1,-100.000,550.000,0.0000,0.0000,0,0,-216.801,-90.642,72.542,0.000,0,-1.000000,1.000,28.924,-1.000000,0.0000,0.0000,0,0,0.000,1.000,19.607,-216.801,-90.642,72.542,0,0,0,99.360261
344,50.9416,walk-to-authored-tree,-241.838,-107.856,81.867,112.500,-98.001,262.153,-251.717,-123.043,5.411,-234.150,-120.676,-3.018,1.0000,0.9375,-263.422,-123.898,75.856,-218.549,-102.410,73.835,0.7625,0.0000,1.6000,1,-100.000,550.000,0.0000,0.0000,0,0,-218.549,-102.410,73.835,0.000,0,-1.000000,1.000,28.924,-1.000000,0.0000,0.0000,0,0,0.000,1.000,19.607,-218.549,-102.410,73.835,0,0,0,99.358126
345,51.0944,walk-to-authored-tree,-244.197,-124.853,81.551,112.500,-97.847,262.331,-255.597,-162.061,-0.824,-235.066,-120.559,-3.456,1.0000,0.9375,-265.955,-135.930,72.236,-221.634,-124.898,71.024,0.9055,0.0000,1.6000,1,-100.000,550.000,0.0000,0.0000,0,0,-221.634,-124.898,71.024,0.000,0,-1.000000,1.000,28.924,-1.000000,0.0000,0.0000,0,0,0.000,1.000,19.607,-221.634,-124.898,71.024,0,0,0,99.355685
346,51.2428,walk-to-authored-tree,-246.445,-141.418,81.233,112.500,-97.669,262.509,-257.807,-178.978,-3.650,-236.669,-127.133,-2.959,1.0000,0.9375,-268.581,-141.902,70.117,-225.749,-152.222,70.731,0.0448,0.0000,1.6000,1,-100.000,550.000,0.0000,0.0000,0,0,-225.749,-152.222,70.731,0.000,0,-1.000000,1.000,28.924,-1.000000,0.0000,0.0000,0,0,0.000,1.000,19.607,-225.749,-152.222,70.731,0,0,0,99.353308
347,51.3941,walk-to-authored-tree,-248.680,-158.270,80.901,112.500,-97.491,262.693,-258.894,-179.026,-4.138,-240.249,-161.382,2.988,1.0000,0.9375,-270.936,-150.430,72.207,-229.561,-176.550,74.006,0.1864,0.0000,1.6000,1,-100.000,550.000,0.0000,0.0000,0,0,-229.561,-176.550,74.006,0.000,0,-1.000000,1.000,28.924,-1.000000,0.0000,0.0000,0,0,0.000,1.000,19.607,-229.561,-176.550,74.006,0,0,0,99.350890
348,51.5538,walk-to-authored-tree,-250.985,-176.095,80.538,112.500,-97.307,262.892,-259.901,-178.888,-4.345,-244.253,-205.156,1.888,1.0000,0.9375,-273.276,-169.184,71.584,-231.652,-193.673,73.317,0.3362,0.0000,1.6000,1,-100.000,550.000,0.0000,0.0000,0,0,-231.652,-193.673,73.317,0.000,0,-1.000000,1.000,28.924,-1.000000,0.0000,0.0000,0,0,0.000,1.000,19.607,-231.652,-193.673,73.317,0,0,0,99.348334
349,51.6927,walk-to-authored-tree,-252.936,-191.586,80.223,112.500,-97.108,263.069,-260.952,-178.840,-4.815,-247.134,-234.923,-4.422,1.0000,0.9375,-275.213,-193.199,68.888,-232.178,-201.395,69.365,0.4663,0.0000,1.6000,1,-100.000,550.000,0.0000,0.0000,0,0,-232.178,-201.395,69.365,0.000,0,-1.000000,1.000,28.924,-1.000000,0.0000,0.0000,0,0,0.000,1.000,19.607,-232.178,-201.395,69.365,0,0,0,99.346113
350,51.8314,walk-to-authored-tree,-254.841,-207.102,79.896,112.500,-96.931,263.249,-262.645,-196.208,-2.445,-247.872,-239.663,-5.204,1.0000,0.9375,-276.300,-218.632,70.526,-232.152,-206.658,69.292,0.5966,0.0000,1.6000,1,-100.000,550.000,0.0000,0.0000,0,0,-232.152,-206.658,69.292,0.000,0,-1.000000,1.000,28.924,-1.000000,0.0000,0.0000,0,0,0.000,1.000,19.607,-232.152,-206.658,69.292,0,0,0,99.343890
351,51.9820,walk-to-authored-tree,-256.848,-223.901,79.529,112.500,-96.751,263.448,-266.140,-234.808,3.040,-249.043,-239.540,-5.351,1.0000,0.9375,-278.077,-240.411,73.518,-233.684,-217.948,71.496,0.7376,0.0000,1.6000,1,-100.000,550.000,0.0000,0.0000,0,0,-233.684,-217.948,71.496,0.000,0,-1.000000,1.000,28.924,-1.000000,0.0000,0.0000,0,0,0.000,1.000,19.607,-233.684,-217.948,71.496,0,0,0,99.341484
352,52.1344,walk-to-authored-tree,-258.828,-240.957,79.143,112.500,-96.552,263.655,-269.336,-275.540,-1.986,-250.044,-239.417,-5.962,1.0000,0.9375,-280.293,-253.984,70.470,-236.161,-238.886,69.025,0.8807,0.0000,1.6000,1,-100.000,550.000,0.0000,0.0000,0,0,-236.161,-238.886,69.025,0.000,0,-1.000000,1.000,28.924,-1.000000,0.0000,0.0000,0,0,0.000,1.000,19.607,-236.161,-238.886,69.025,0,0,0,99.339042
353,52.2734,walk-to-authored-tree,-260.572,-256.461,78.790,112.500,-96.345,263.847,-271.368,-298.380,-6.167,-251.134,-240.716,-6.091,1.0000,0.9375,-282.643,-260.243,67.544,-239.287,-264.125,67.697,0.0107,0.0000,1.6000,1,-100.000,550.000,0.0000,0.0000,0,0,-239.287,-264.125,67.697,0.000,0,-1.000000,1.000,28.924,-1.000000,0.0000,0.0000,0,0,0.000,1.000,19.607,-239.287,-264.125,67.697,0,0,0,99.336823
354,52.4058,walk-to-authored-tree,-262.192,-271.305,78.430,112.500,-96.153,264.035,-272.099,-298.337,-6.419,-253.245,-266.274,-1.658,1.0000,0.9375,-284.544,-266.194,68.876,-242.230,-287.304,70.440,0.1351,0.0000,1.6000,1,-100.000,550.000,0.0000,0.0000,0,0,-242.230,-287.304,70.440,0.000,0,-1.000000,1.000,28.924,-1.000000,0.0000,0.0000,0,0,0.000,1.000,19.607,-242.230,-287.304,70.440,0,0,0,99.334699
355,52.5430,walk-to-authored-tree,-263.809,-286.588,78.048,112.500,-95.965,264.232,-273.008,-298.314,-6.843,-255.864,-302.962,1.590,1.0000,0.9375,-286.270,-278.415,70.018,-244.336,-305.183,71.937,0.2632,0.0000,1.6000,1,-100.000,550.000,0.0000,0.0000,0,0,-244.336,-305.183,71.937,0.000,0,-1.000000,1.000,28.924,-1.000000,0.0000,0.0000,0,0,0.000,1.000,19.607,-244.336,-305.183,71.937,0,0,0,99.332513
356,52.6964,walk-to-authored-tree,-265.569,-303.807,77.611,112.500,-95.768,264.459,-273.747,-298.257,-7.453,-258.118,-342.332,-4.902,1.0000,0.9375,-287.599,-301.479,66.980,-244.818,-317.254,68.152,0.4074,0.0000,1.6000,1,-100.000,550.000,0.0000,0.0000,0,0,-244.818,-317.254,68.152,0.000,0,-1.000000,1.000,28.924,-1.000000,0.0000,0.0000,0,0,0.000,1.000,19.607,-244.818,-317.254,68.152,0,0,0,99.330052
357,52.8473,walk-to-authored-tree,-267.230,-320.689,77.160,112.500,-95.541,264.687,-275.402,-305.634,-7.171,-260.002,-358.796,-7.975,1.0000,0.9375,-288.974,-329.447,66.487,-245.253,-323.236,65.816,0.5488,0.0000,1.6000,1,-100.000,550.000,0.0000,0.0000,0,0,-245.253,-323.236,65.816,0.000,0,-1.000000,1.000,28.924,-1.000000,0.0000,0.0000,0,0,0.000,1.000,19.607,-245.253,-323.236,65.816,0,0,0,99.327639
358,53.0003,walk-to-authored-tree,-268.850,-337.851,76.695,112.500,-95.313,264.925,-277.555,-341.136,-0.863,-260.763,-358.658,-8.268,1.0000,0.9375,-289.666,-354.204,70.072,-245.836,-332.133,68.145,0.6924,0.0000,1.6000,1,-100.000,550.000,0.0000,0.0000,0,0,-245.836,-332.133,68.145,0.000,0,-1.000000,1.000,28.924,-1.000000,0.0000,0.0000,0,0,0.000,1.000,19.607,-245.836,-332.133,68.145,0,0,0,99.325188
359,53.1514,walk-to-authored-tree,-270.375,-354.746,76.222,112.500,-95.075,265.166,-279.668,-382.708,-2.530,-261.661,-358.592,-8.872,1.0000,0.9375,-291.132,-370.449,68.904,-247.398,-349.756,67.092,0.8338,0.0000,1.6000,1,-100.000,550.000,0.0000,0.0000,0,0,-247.398,-349.756,67.092,0.000,0,-1.000000,1.000,28.924,-1.000000,0.0000,0.0000,0,0,0.000,1.000,19.607,-247.398,-349.756,67.092,0,0,0,99.322775
360,53.2885,walk-to-authored-tree,-271.701,-370.151,75.774,112.500,-94.834,265.391,-281.469,-412.776,-8.712,-262.833,-358.522,-9.276,1.0000,0.9375,-293.407,-378.373,64.983,-249.814,-373.375,64.455,0.9627,0.0000,1.6000,1,-100.000,550.000,0.0000,0.0000,0,0,-249.814,-373.375,64.455,0.000,0,-1.000000,1.000,28.924,-1.000000,0.0000,0.0000,0,0,0.000,1.000,19.607,-249.814,-373.375,64.455,0,0,0,99.320576
361,53.4288,walk-to-authored-tree,-272.990,-385.852,75.310,112.500,-94.609,265.627,-282.252,-418.126,-9.592,-264.087,-375.348,-6.950,1.0000,0.9375,-295.312,-383.845,64.882,-252.226,-398.945,66.049,0.0939,0.0000,1.6000,1,-100.000,550.000,0.0000,0.0000,0,0,-252.226,-398.945,66.049,0.000,0,-1.000000,1.000,28.924,-1.000000,0.0000,0.0000,0,0,0.000,1.000,19.607,-252.226,-398.945,66.049,0,0,0,99.318335
362,53.5734,walk-to-authored-tree,-274.256,-402.094,74.817,112.500,-94.373,265.876,-283.175,-418.085,-10.057,-265.776,-412.193,-1.709,1.0000,0.9375,-296.949,-394.636,66.770,-254.270,-420.083,68.685,0.2297,0.0000,1.6000,1,-100.000,550.000,0.0000,0.0000,0,0,-254.270,-420.083,68.685,0.000,0,-1.000000,1.000,28.924,-1.000000,0.0000,0.0000,0,0,0.000,1.000,19.607,-254.270,-420.083,68.685,0,0,0,99.316018
363,53.7101,walk-to-authored-tree,-275.384,-417.389,74.343,112.500,-94.124,266.118,-284.167,-418.080,-10.508,-267.178,-449.386,-5.331,1.0000,0.9375,-298.062,-412.728,64.965,-255.066,-432.998,66.576,0.3575,0.0000,1.6000,1,-100.000,550.000,0.0000,0.0000,0,0,-255.066,-432.998,66.576,0.000,0,-1.000000,1.000,28.924,-1.000000,0.0000,0.0000,0,0,0.000,1.000,19.607,-255.066,-432.998,66.576,0,0,0,99.313837
364,53.8607,walk-to-authored-tree,-276.560,-434.333,73.811,112.500,-93.882,266.392,-284.834,-418.053,-11.106,-267.914,-477.980,-11.140,1.0000,0.9375,-298.086,-439.870,62.629,-254.598,-440.350,62.648,0.4990,0.0000,1.6000,1,-100.000,550.000,0.0000,0.0000,0,0,-254.598,-440.350,62.648,0.000,0,-1.000000,1.000,28.924,-1.000000,0.0000,0.0000,0,0,0.000,1.000,19.607,-254.598,-440.350,62.648,0,0,0,99.311422
365,54.0147,walk-to-authored-tree,-277.676,-451.593,73.261,112.500,-93.608,266.681,-286.317,-447.272,-6.401,-268.982,-478.242,-11.540,1.0000,0.9375,-298.271,-466.933,65.593,-255.015,-447.125,63.913,0.6432,0.0000,1.6000,1,-100.000,550.000,0.0000,0.0000,0,0,-255.015,-447.125,63.913,0.000,0,-1.000000,1.000,28.924,-1.000000,0.0000,0.0000,0,0,0.000,1.000,19.607,-255.015,-447.125,63.913,0,0,0,99.308962
366,54.1705,walk-to-authored-tree,-278.723,-469.119,72.692,112.500,-93.319,266.984,-287.282,-489.826,-4.113,-269.973,-478.107,-12.086,1.0000,0.9375,-298.935,-486.573,66.571,-255.938,-462.149,64.590,0.7895,0.0000,1.6000,1,-100.000,550.000,0.0000,0.0000,0,0,-255.938,-462.149,64.590,0.000,0,-1.000000,1.000,28.924,-1.000000,0.0000,0.0000,0,0,0.000,1.000,19.607,-255.938,-462.149,64.590,0,0,0,99.306465
367,54.3250,walk-to-authored-tree,-279.666,-486.439,72.121,112.500,-93.016,267.293,-288.013,-527.396,-11.754,-271.062,-477.949,-13.183,1.0000,0.9375,-300.768,-497.528,61.740,-257.437,-486.722,60.814,0.9340,0.0000,1.6000,1,-100.000,550.000,0.0000,0.0000,0,0,-257.437,-486.722,60.814,0.000,0,-1.000000,1.000,28.924,-1.000000,0.0000,0.0000,0,0,0.000,1.000,19.607,-257.437,-486.722,60.814,0,0,0,99.303998
368,54.4782,walk-to-authored-tree,-280.514,-503.688,71.549,112.500,-92.707,267.612,-288.665,-538.174,-13.330,-271.972,-491.199,-11.433,1.0000,0.9375,-302.775,-503.554,60.828,-259.208,-515.079,61.839,0.0779,0.0000,1.6000,1,-100.000,550.000,0.0000,0.0000,0,0,-259.208,-515.079,61.839,0.000,0,-1.000000,1.000,28.924,-1.000000,0.0000,0.0000,0,0,0.000,1.000,19.607,-259.208,-515.079,61.839,0,0,0,99.301542
369,54.6341,walk-to-authored-tree,-281.276,-521.185,70.972,112.500,-92.388,267.947,-289.635,-538.175,-13.883,-272.460,-530.031,-5.644,1.0000,0.9375,-304.223,-514.597,62.910,-260.679,-538.408,64.817,0.2239,0.0000,1.6000,1,-100.000,550.000,0.0000,0.0000,0,0,-260.679,-538.408,64.817,0.000,0,-1.000000,1.000,28.924,-1.000000,0.0000,0.0000,0,0,0.000,1.000,19.607,-260.679,-538.408,64.817,0,0,0,99.299051
370,54.7800,walk-to-authored-tree,-281.898,-537.622,70.423,112.500,-92.052,268.274,-290.674,-538.188,-14.496,-272.549,-569.803,-9.504,1.0000,0.9375,-304.726,-533.967,60.894,-261.022,-552.318,62.481,0.3610,0.0000,1.6000,1,-100.000,550.000,0.0000,0.0000,0,0,-261.022,-552.318,62.481,0.000,0,-1.000000,1.000,28.924,-1.000000,0.0000,0.0000,0,0,0.000,1.000,19.607,-261.022,-552.318,62.481,0,0,0,99.296711
371,54.9335,walk-to-authored-tree,-282.451,-554.845,69.854,112.500,-91.726,268.630,-291.334,-538.819,-15.035,-272.188,-597.628,-15.119,1.0000,0.9375,-303.697,-561.637,58.714,-260.250,-559.570,58.652,0.5046,0.0000,1.6000,1,-100.000,550.000,0.0000,0.0000,0,0,-260.250,-559.570,58.652,0.000,0,-1.000000,1.000,28.924,-1.000000,0.0000,0.0000,0,0,0.000,1.000,19.607,-260.250,-559.570,58.652,0,0,0,99.294261
372,55.0683,walk-to-authored-tree,-282.849,-570.023,69.364,112.500,-91.370,268.955,-291.652,-564.323,-11.100,-273.023,-597.724,-15.618,1.0000,0.9375,-302.869,-585.582,61.163,-260.336,-565.315,59.576,0.6311,0.0000,1.6000,1,-100.000,550.000,0.0000,0.0000,0,0,-260.336,-565.315,59.576,0.000,0,-1.000000,1.000,28.924,-1.000000,0.0000,0.0000,0,0,0.000,1.000,19.607,-260.336,-565.315,59.576,0,0,0,99.292101
373,55.2062,walk-to-authored-tree,-283.165,-585.496,68.862,112.500,-91.045,269.299,-291.155,-601.344,-7.588,-273.974,-597.567,-16.030,1.0000,0.9375,-302.646,-604.046,62.855,-260.710,-577.258,60.832,0.7601,0.0000,1.6000,1,-100.000,550.000,0.0000,0.0000,0,0,-260.710,-577.258,60.832,0.000,0,-1.000000,1.000,28.924,-1.000000,0.0000,0.0000,0,0,0.000,1.000,19.607,-260.710,-577.258,60.832,0,0,0,99.289900
374,55.3390,walk-to-authored-tree,-283.384,-600.483,68.382,112.500,-90.701,269.644,-290.261,-636.517,-13.034,-274.806,-597.543,-16.786,1.0000,0.9375,-303.428,-615.398,59.516,-261.030,-596.367,58.109,0.8850,0.0000,1.6000,1,-100.000,550.000,0.0000,0.0000,0,0,-261.030,-596.367,58.109,0.000,0,-1.000000,1.000,28.924,-1.000000,0.0000,0.0000,0,0,0.000,1.000,19.607,-261.030,-596.367,58.109,0,0,0,99.287768
375,55.4766,walk-to-authored-tree,-283.516,-615.933,67.917,112.500,-90.356,270.014,-289.911,-658.385,-17.032,-275.783,-599.313,-16.953,1.0000,0.9375,-305.116,-621.736,56.653,-261.567,-621.591,56.852,0.0137,0.0000,1.6000,1,-100.000,550.000,0.0000,0.0000,0,0,-261.567,-621.591,56.852,0.000,0,-1.000000,1.000,28.924,-1.000000,0.0000,0.0000,0,0,0.000,1.000,19.607,-261.567,-621.591,56.852,0,0,0,99.285571
376,55.6354,walk-to-authored-tree,-283.551,-633.825,67.378,112.500,-89.986,270.460,-290.760,-658.580,-17.561,-275.005,-631.911,-11.375,1.0000,0.9375,-306.513,-629.773,58.336,-262.125,-648.755,60.047,0.1628,0.0000,1.6000,1,-100.000,550.000,0.0000,0.0000,0,0,-262.125,-648.755,60.047,0.000,0,-1.000000,1.000,28.924,-1.000000,0.0000,0.0000,0,0,0.000,1.000,19.607,-262.125,-648.755,60.047,0,0,0,99.283026
377,55.7866,walk-to-authored-tree,-283.459,-650.802,66.883,112.500,-89.540,270.906,-291.656,-658.608,-18.116,-273.229,-673.460,-10.559,1.0000,0.9375,-306.625,-645.842,58.381,-262.011,-666.538,60.224,0.3043,0.0000,1.6000,1,-100.000,550.000,0.0000,0.0000,0,0,-262.011,-666.538,60.224,0.000,0,-1.000000,1.000,28.924,-1.000000,0.0000,0.0000,0,0,0.000,1.000,19.607,-262.011,-666.538,60.224,0,0,0,99.280612
378,55.9452,walk-to-authored-tree,-283.223,-668.675,66.416,112.500,-89.094,271.399,-292.723,-658.688,-18.710,-271.376,-710.026,-18.004,1.0000,0.9375,-305.126,-672.314,55.063,-261.223,-676.459,55.710,0.4533,0.0000,1.6000,1,-100.000,550.000,0.0000,0.0000,0,0,-261.223,-676.459,55.710,0.000,0,-1.000000,1.000,28.924,-1.000000,0.0000,0.0000,0,0,0.000,1.000,19.607,-261.223,-676.459,55.710,0,0,0,99.278070
379,56.0823,walk-to-authored-tree,-282.895,-684.066,66.016,112.500,-88.601,271.849,-292.544,-672.953,-16.871,-271.337,-717.076,-18.926,1.0000,0.9375,-302.862,-697.690,56.421,-260.700,-681.471,55.339,0.5815,0.0000,1.6000,1,-100.000,550.000,0.0000,0.0000,0,0,-260.700,-681.471,55.339,0.000,0,-1.000000,1.000,28.924,-1.000000,0.0000,0.0000,0,0,0.000,1.000,19.607,-260.700,-681.471,55.339,0,0,0,99.275880
380,56.2187,walk-to-authored-tree,-282.445,-699.440,65.658,112.500,-88.151,272.321,-290.435,-706.786,-11.157,-272.041,-717.085,-19.086,1.0000,0.9375,-301.006,-718.628,59.531,-260.379,-690.464,57.552,0.7097,0.0000,1.6000,1,-100.000,550.000,0.0000,0.0000,0,0,-260.379,-690.464,57.552,0.000,0,-1.000000,1.000,28.924,-1.000000,0.0000,0.0000,0,0,0.000,1.000,19.607,-260.379,-690.464,57.552,0,0,0,99.273693
381,56.3546,walk-to-authored-tree,-281.875,-714.692,65.320,112.500,-87.679,272.814,-287.499,-744.111,-13.548,-272.832,-717.014,-19.737,1.0000,0.9375,-300.525,-732.818,57.954,-259.781,-706.924,56.170,0.8369,0.0000,1.6000,1,-100.000,550.000,0.0000,0.0000,0,0,-259.781,-706.924,56.170,0.000,0,-1.000000,1.000,28.924,-1.000000,0.0000,0.0000,0,0,0.000,1.000,19.607,-259.781,-706.924,56.170,0,0,0,99.271522
382,56.5061,walk-to-authored-tree,-281.090,-731.744,65.001,112.500,-87.186,273.396,-284.998,-775.956,-19.693,-274.034,-717.061,-19.945,1.0000,0.9375,-301.759,-741.485,54.023,-258.911,-733.324,53.726,0.9792,0.0000,1.6000,1,-100.000,550.000,0.0000,0.0000,0,0,-258.911,-733.324,53.726,0.000,0,-1.000000,1.000,28.924,-1.000000,0.0000,0.0000,0,0,0.000,1.000,19.607,-258.911,-733.324,53.726,0,0,0,99.269094
383,56.6556,walk-to-authored-tree,-280.152,-748.505,64.732,112.500,-86.604,274.007,-285.278,-778.743,-20.225,-272.544,-739.754,-16.279,1.0000,0.9375,-302.932,-748.009,54.743,-257.865,-760.107,56.159,0.1190,0.0000,1.6000,1,-100.000,550.000,0.0000,0.0000,0,0,-257.865,-760.107,56.159,0.000,0,-1.000000,1.000,28.924,-1.000000,0.0000,0.0000,0,0,0.000,1.000,19.607,-257.865,-760.107,56.159,0,0,0,99.266707
384,56.8032,walk-to-authored-tree,-279.049,-765.110,64.491,112.500,-85.993,274.657,-285.995,-778.932,-20.408,-268.506,-778.909,-11.953,1.0000,0.9375,-302.587,-760.889,56.474,-256.650,-780.080,58.391,0.2577,0.0000,1.6000,1,-100.000,550.000,0.0000,0.0000,0,0,-256.650,-780.080,58.391,0.000,0,-1.000000,1.000,28.924,-1.000000,0.0000,0.0000,0,0,0.000,1.000,19.607,-256.650,-780.080,58.391,0,0,0,99.264340
385,56.9637,walk-to-authored-tree,-277.656,-783.045,64.280,112.500,-85.343,275.413,-286.708,-779.042,-20.781,-263.355,-819.609,-18.240,1.0000,0.9375,-299.741,-784.758,53.648,-254.816,-792.502,54.818,0.4076,0.0000,1.6000,1,-100.000,550.000,0.0000,0.0000,0,0,-254.816,-792.502,54.818,0.000,0,-1.000000,1.000,28.924,-1.000000,0.0000,0.0000,0,0,0.000,1.000,19.607,-254.816,-792.502,54.818,0,0,0,99.261782
386,57.0989,walk-to-authored-tree,-276.289,-798.244,64.115,112.500,-84.587,276.112,-287.229,-784.348,-20.529,-261.607,-835.855,-20.950,1.0000,0.9375,-296.116,-810.030,53.279,-254.050,-797.702,52.780,0.5348,0.0000,1.6000,1,-100.000,550.000,0.0000,0.0000,0,0,-254.050,-797.702,52.780,0.000,0,-1.000000,1.000,28.924,-1.000000,0.0000,0.0000,0,0,0.000,1.000,19.607,-254.050,-797.702,52.780,0,0,0,99.259611
387,57.2456,walk-to-authored-tree,-274.606,-814.638,63.947,112.500,-83.888,276.927,-282.992,-816.209,-14.622,-262.073,-835.887,-21.213,1.0000,0.9375,-291.880,-834.246,56.693,-253.062,-805.092,54.850,0.6721,0.0000,1.6000,1,-100.000,550.000,0.0000,0.0000,0,0,-253.062,-805.092,54.850,0.000,0,-1.000000,1.000,28.924,-1.000000,0.0000,0.0000,0,0,0.000,1.000,19.607,-253.062,-805.092,54.850,0,0,0,99.257267
388,57.3987,walk-to-authored-tree,-272.608,-831.778,63.780,112.500,-83.073,277.861,-276.455,-858.201,-14.354,-262.908,-835.908,-21.523,1.0000,0.9375,-289.534,-851.973,56.684,-251.282,-821.554,54.785,0.8159,0.0000,1.6000,1,-100.000,550.000,0.0000,0.0000,0,0,-251.282,-821.554,54.785,0.000,0,-1.000000,1.000,28.924,-1.000000,0.0000,0.0000,0,0,0.000,1.000,19.607,-251.282,-821.554,54.785,0,0,0,99.254813
389,57.5447,walk-to-authored-tree,-270.457,-848.028,63.633,112.500,-82.139,278.849,-270.580,-891.101,-20.707,-263.967,-835.932,-21.497,1.0000,0.9375,-289.441,-861.572,52.987,-248.344,-845.528,52.307,0.9525,0.0000,1.6000,1,-100.000,550.000,0.0000,0.0000,0,0,-248.344,-845.528,52.307,0.000,0,-1.000000,1.000,28.924,-1.000000,0.0000,0.0000,0,0,0.000,1.000,19.607,-248.344,-845.528,52.307,0,0,0,99.252482
390,57.6758,walk-to-authored-tree,-268.279,-862.653,63.507,112.500,-81.151,279.844,-269.316,-898.330,-21.392,-262.468,-848.513,-19.593,1.0000,0.9375,-290.080,-867.148,52.733,-245.150,-869.402,53.723,0.0758,0.0000,1.6000,1,-100.000,550.000,0.0000,0.0000,0,0,-245.150,-869.402,53.723,0.000,0,-1.000000,1.000,28.924,-1.000000,0.0000,0.0000,0,0,0.000,1.000,19.607,-245.150,-869.402,53.723,0,0,0,99.250379
391,57.8071,walk-to-authored-tree,-265.860,-877.190,63.391,112.500,-80.156,280.948,-269.790,-898.597,-21.643,-256.444,-879.611,-13.992,1.0000,0.9375,-289.579,-875.974,54.896,-242.159,-889.283,56.738,0.1986,0.0000,1.6000,1,-100.000,550.000,0.0000,0.0000,0,0,-242.159,-889.283,56.738,0.000,0,-1.000000,1.000,28.924,-1.000000,0.0000,0.0000,0,0,0.000,1.000,19.607,-242.159,-889.283,56.738,0,0,0,99.248283
392,57.9387,walk-to-authored-tree,-263.154,-891.775,63.283,112.500,-79.052,282.203,-270.270,-898.834,-21.603,-248.143,-915.102,-14.737,1.0000,0.9375,-286.589,-891.704,54.582,-239.176,-902.867,56.383,0.3222,0.0000,1.6000,1,-100.000,550.000,0.0000,0.0000,0,0,-239.176,-902.867,56.383,0.000,0,-1.000000,1.000,28.924,-1.000000,0.0000,0.0000,0,0,0.000,1.000,19.607,-239.176,-902.867,56.383,0,0,0,99.246173
393,58.0708,walk-to-authored-tree,-260.141,-906.307,63.185,112.500,-77.797,283.645,-271.119,-899.210,-21.855,-240.483,-944.077,-20.913,1.0000,0.9375,-281.063,-913.609,51.982,-236.901,-910.164,52.724,0.4459,0.0000,1.6000,1,-100.000,550.000,0.0000,0.0000,0,0,-236.901,-910.164,52.724,0.000,0,-1.000000,1.000,28.924,-1.000000,0.0000,0.0000,0,0,0.000,1.000,19.607,-236.901,-910.164,52.724,0,0,0,99.244063
394,58.2278,walk-to-authored-tree,-256.118,-923.532,63.079,112.500,-76.355,285.662,-267.398,-915.775,-19.393,-238.078,-951.958,-21.992,1.0000,0.9375,-272.286,-941.695,53.657,-235.020,-915.395,52.456,0.5933,0.0000,1.6000,1,-100.000,550.000,0.0000,0.0000,0,0,-235.020,-915.395,52.456,0.000,0,-1.000000,1.000,28.924,-1.000000,0.0000,0.0000,0,0,0.000,1.000,19.607,-235.020,-915.395,52.456,0,0,0,99.241547
395,58.3949,walk-to-authored-tree,-251.252,-941.641,62.982,112.500,-74.338,288.372,-254.975,-957.356,-13.412,-238.595,-951.719,-21.926,1.0000,0.9375,-264.558,-965.049,56.992,-232.133,-927.253,54.962,0.7495,0.0000,1.6000,1,-100.000,550.000,0.0000,0.0000,0,0,-232.133,-927.253,54.962,0.000,0,-1.000000,1.000,28.924,-1.000000,0.0000,0.0000,0,0,0.000,1.000,19.607,-232.133,-927.253,54.962,0,0,0,99.238880
396,58.5478,walk-to-authored-tree,-246.069,-958.093,62.909,112.500,-71.628,291.812,-240.377,-995.266,-18.863,-239.247,-951.570,-22.130,1.0000,0.9375,-260.341,-978.292,53.912,-226.080,-947.378,52.584,0.8933,0.0000,1.6000,1,-100.000,550.000,0.0000,0.0000,0,0,-226.080,-947.378,52.584,0.000,0,-1.000000,1.000,28.924,-1.000000,0.0000,0.0000,0,0,0.000,1.000,19.607,-226.080,-947.378,52.584,0,0,0,99.236427
397,58.6818,view-authored-tree,-246.069,-958.093,62.909,0.000,-71.628,291.812,-246.324,-980.797,-22.150,-234.804,-962.776,-22.749,0.3321,0.0000,-263.262,-973.722,56.272,-224.777,-952.547,55.849,0.8933,0.0000,1.6000,1,-100.000,550.000,0.0000,0.0000,0,0,-224.777,-952.547,55.849,0.000,0,-1.000000,1.000,28.924,-1.000000,0.0000,0.0000,0,0,0.000,1.000,19.607,-224.777,-952.547,55.849,0,0,0,99.234289
398,58.8644,view-authored-tree,-246.069,-958.093,62.909,0.000,-71.628,283.514,-249.460,-972.910,-22.003,-232.479,-968.679,-22.003,0.0000,0.0000,-264.626,-971.354,57.686,-224.235,-955.140,57.686,0.8933,0.0000,1.6000,1,-100.000,550.000,0.0000,0.0000,0,0,-224.235,-955.140,57.686,0.000,0,-1.000000,1.000,28.924,-1.000000,0.0000,0.0000,0,0,0.000,1.000,19.607,-224.235,-955.140,57.686,0,0,0,99.231360
399,59.0105,view-authored-tree,-246.069,-958.093,62.909,0.000,-71.628,280.125,-249.460,-972.910,-22.003,-232.479,-968.679,-22.003,0.0000,0.0000,-264.626,-971.354,57.686,-224.235,-955.140,57.686,0.8933,0.0000,1.6000,1,-100.000,550.000,0.0000,0.0000,0,0,-224.235,-955.140,57.686,0.000,0,-1.000000,1.000,28.924,-1.000000,0.0000,0.0000,0,0,0.000,1.000,19.607,-224.235,-955.140,57.686,0,0,0,99.229029
400,59.1577,view-authored-tree,-246.069,-958.093,62.909,0.000,-71.628,278.023,-249.460,-972.910,-22.003,-232.479,-968.679,-22.003,0.0000,0.0000,-264.577,-971.463,57.702,-224.195,-955.253,57.702,0.8933,0.0000,1.6000,1,-100.000,550.000,0.0000,0.0000,0,0,-224.195,-955.253,57.702,0.000,0,-1.000000,1.000,28.924,-1.000000,0.0000,0.0000,0,0,0.000,1.000,19.607,-224.195,-955.253,57.702,0,0,0,99.226668
401,59.3032,view-authored-tree,-246.069,-958.093,62.909,0.000,-71.628,276.768,-249.460,-972.910,-22.003,-232.479,-968.679,-22.003,0.0000,0.0000,-264.538,-971.549,57.714,-224.164,-955.342,57.714,0.8933,0.0000,1.6000,1,-100.000,550.000,0.0000,0.0000,0,0,-224.164,-955.342,57.714,0.000,0,-1.000000,1.000,28.924,-1.000000,0.0000,0.0000,0,0,0.000,1.000,19.607,-224.164,-955.342,57.714,0,0,0,99.224344
402,59.4464,view-authored-tree,-246.069,-958.093,62.909,0.000,-71.628,276.009,-249.460,-972.910,-22.003,-232.479,-968.679,-22.003,0.0000,0.0000,-264.500,-971.634,57.727,-224.132,-955.430,57.728,0.8933,0.0000,1.6000,1,-100.000,550.000,0.0000,0.0000,0,0,-224.132,-955.430,57.728,0.000,0,-1.000000,1.000,28.924,-1.000000,0.0000,0.0000,0,0,0.000,1.000,19.607,-224.132,-955.430,57.728,0,0,0,99.222049
403,59.5904,view-authored-tree,-246.069,-958.093,62.909,0.000,-71.628,275.539,-249.460,-972.910,-22.003,-232.479,-968.679,-22.003,0.0000,0.0000,-264.457,-971.730,57.742,-224.097,-955.529,57.742,0.8933,0.0000,1.6000,1,-100.000,550.000,0.0000,0.0000,0,0,-224.097,-955.529,57.742,0.000,0,-1.000000,1.000,28.924,-1.000000,0.0000,0.0000,0,0,0.000,1.000,19.607,-224.097,-955.529,57.742,0,0,0,99.219749
404,59.7341,view-authored-tree,-246.069,-958.093,62.909,0.000,-71.628,275.249,-249.460,-972.910,-22.003,-232.479,-968.679,-22.003,0.0000,0.0000,-264.419,-971.812,57.755,-224.067,-955.614,57.755,0.8933,0.0000,1.6000,1,-100.000,550.000,0.0000,0.0000,0,0,-224.067,-955.614,57.755,0.000,0,-1.000000,1.000,28.924,-1.000000,0.0000,0.0000,0,0,0.000,1.000,19.607,-224.067,-955.614,57.755,0,0,0,99.217446
405,59.8594,view-authored-tree,-246.069,-958.093,62.909,0.000,-71.628,275.094,-249.460,-972.910,-22.003,-232.479,-968.679,-22.003,0.0000,0.0000,-264.388,-971.881,57.766,-224.042,-955.685,57.766,0.8933,0.0000,1.6000,1,-100.000,550.000,0.0000,0.0000,0,0,-224.042,-955.685,57.766,0.000,0,-1.000000,1.000,28.924,-1.000000,0.0000,0.0000,0,0,0.000,1.000,19.607,-224.042,-955.685,57.766,0,0,0,99.215443
406,59.9965,view-authored-tree,-246.069,-958.093,62.909,0.000,-71.628,274.981,-249.460,-972.910,-22.003,-232.479,-968.679,-22.003,0.0000,0.0000,-264.376,-971.908,57.770,-224.033,-955.713,57.770,0.8933,0.0000,1.6000,1,-100.000,550.000,0.0000,0.0000,0,0,-224.033,-955.713,57.770,0.000,0,-1.000000,1.000,28.924,-1.000000,0.0000,0.0000,0,0,0.000,1.000,19.607,-224.033,-955.713,57.770,0,0,0,99.213249
407,60.1271,view-authored-tree,-246.069,-958.093,62.909,0.000,-71.628,274.913,-249.460,-972.910,-22.003,-232.479,-968.679,-22.003,0.0000,0.0000,-264.376,-971.908,57.770,-224.033,-955.713,57.770,0.8933,0.0000,1.6000,1,-100.000,550.000,0.0000,0.0000,0,0,-224.033,-955.713,57.770,0.000,0,-1.000000,1.000,28.924,-1.000000,0.0000,0.0000,0,0,0.000,1.000,19.607,-224.033,-955.713,57.770,0,0,0,99.211161
408,60.2558,view-authored-tree,-246.069,-958.093,62.909,0.000,-71.628,274.869,-249.460,-972.910,-22.003,-232.479,-968.679,-22.003,0.0000,0.0000,-264.347,-971.973,57.781,-224.009,-955.780,57.781,0.8933,0.0000,1.6000,1,-100.000,550.000,0.0000,0.0000,0,0,-224.009,-955.780,57.781,0.000,0,-1.000000,1.000,28.924,-1.000000,0.0000,0.0000,0,0,0.000,1.000,19.607,-224.009,-955.780,57.781,0,0,0,99.209098
409,60.4037,view-authored-tree,-246.069,-958.093,62.909,0.000,-71.628,274.836,-249.460,-972.910,-22.003,-232.479,-968.679,-22.003,0.0000,0.0000,-264.347,-971.973,57.781,-224.009,-955.780,57.781,0.8933,0.0000,1.6000,1,-100.000,550.000,0.0000,0.0000,0,0,-224.009,-955.780,57.781,0.000,0,-1.000000,1.000,28.924,-1.000000,0.0000,0.0000,0,0,0.000,1.000,19.607,-224.009,-955.780,57.781,0,0,0,99.206735
410,60.5495,view-authored-tree,-246.069,-958.093,62.909,0.000,-71.628,274.816,-249.460,-972.910,-22.003,-232.479,-968.679,-22.003,0.0000,0.0000,-264.381,-971.897,57.772,-224.037,-955.702,57.772,0.8933,0.0000,1.6000,1,-100.000,550.000,0.0000,0.0000,0,0,-224.037,-955.702,57.772,0.000,0,-1.000000,1.000,28.924,-1.000000,0.0000,0.0000,0,0,0.000,1.000,19.607,-224.037,-955.702,57.772,0,0,0,99.204400
411,60.6990,view-authored-tree,-246.069,-958.093,62.909,0.000,-71.628,274.804,-249.460,-972.910,-22.003,-232.479,-968.679,-22.003,0.0000,0.0000,-264.413,-971.825,57.765,-224.063,-955.627,57.765,0.8933,0.0000,1.6000,1,-100.000,550.000,0.0000,0.0000,0,0,-224.063,-955.627,57.765,0.000,0,-1.000000,1.000,28.924,-1.000000,0.0000,0.0000,0,0,0.000,1.000,19.607,-224.063,-955.627,57.765,0,0,0,99.202011
412,60.8424,view-authored-tree,-246.069,-958.093,62.909,0.000,-71.628,274.797,-249.460,-972.910,-22.003,-232.479,-968.679,-22.003,0.0000,0.0000,-264.448,-971.749,57.745,-224.090,-955.549,57.745,0.8933,0.0000,1.6000,1,-100.000,550.000,0.0000,0.0000,0,0,-224.090,-955.549,57.745,0.000,0,-1.000000,1.000,28.924,-1.000000,0.0000,0.0000,0,0,0.000,1.000,19.607,-224.090,-955.549,57.745,0,0,0,99.199713
413,60.9883,view-authored-tree,-246.069,-958.093,62.909,0.000,-71.628,274.792,-249.460,-972.910,-22.003,-232.479,-968.679,-22.003,0.0000,0.0000,-264.488,-971.661,57.731,-224.123,-955.457,57.731,0.8933,0.0000,1.6000,1,-100.000,550.000,0.0000,0.0000,0,0,-224.123,-955.457,57.731,0.000,0,-1.000000,1.000,28.924,-1.000000,0.0000,0.0000,0,0,0.000,1.000,19.607,-224.123,-955.457,57.731,0,0,0,99.197382
414,61.1375,view-authored-tree,-246.069,-958.093,62.909,0.000,-71.628,274.789,-249.460,-972.910,-22.003,-232.479,-968.679,-22.003,0.0000,0.0000,-264.531,-971.564,57.717,-224.158,-955.357,57.717,0.8933,0.0000,1.6000,1,-100.000,550.000,0.0000,0.0000,0,0,-224.158,-955.357,57.717,0.000,0,-1.000000,1.000,28.924,-1.000000,0.0000,0.0000,0,0,0.000,1.000,19.607,-224.158,-955.357,57.717,0,0,0,99.194991
415,61.2692,view-authored-tree,-246.069,-958.093,62.909,0.000,-71.628,274.788,-249.460,-972.910,-22.003,-232.479,-968.679,-22.003,0.0000,0.0000,-264.566,-971.487,57.705,-224.187,-955.277,57.705,0.8933,0.0000,1.6000,1,-100.000,550.000,0.0000,0.0000,0,0,-224.187,-955.277,57.705,0.000,0,-1.000000,1.000,28.924,-1.000000,0.0000,0.0000,0,0,0.000,1.000,19.607,-224.187,-955.277,57.705,0,0,0,99.192887
416,61.3985,view-authored-tree,-246.069,-958.093,62.909,0.000,-71.628,274.788,-249.460,-972.910,-22.003,-232.479,-968.679,-22.003,0.0000,0.0000,-264.574,-971.469,57.697,-224.194,-955.259,57.697,0.8933,0.0000,1.6000,1,-100.000,550.000,0.0000,0.0000,0,0,-224.194,-955.259,57.697,0.000,0,-1.000000,1.000,28.924,-1.000000,0.0000,0.0000,0,0,0.000,1.000,19.607,-224.194,-955.259,57.697,0,0,0,99.190816
417,61.5308,view-authored-tree,-246.069,-958.093,62.909,0.000,-71.628,274.788,-249.460,-972.910,-22.003,-232.479,-968.679,-22.003,0.0000,0.0000,-264.581,-971.450,57.689,-224.201,-955.240,57.689,0.8933,0.0000,1.6000,1,-100.000,550.000,0.0000,0.0000,0,0,-224.201,-955.240,57.689,0.000,0,-1.000000,1.000,28.924,-1.000000,0.0000,0.0000,0,0,0.000,1.000,19.607,-224.201,-955.240,57.689,0,0,0,99.188703
418,61.6722,view-authored-tree,-246.069,-958.093,62.909,0.000,-71.628,274.787,-249.460,-972.910,-22.003,-232.479,-968.679,-22.003,0.0000,0.0000,-264.619,-971.370,57.688,-224.229,-955.156,57.688,0.8933,0.0000,1.6000,1,-100.000,550.000,0.0000,0.0000,0,0,-224.229,-955.156,57.688,0.000,0,-1.000000,1.000,28.924,-1.000000,0.0000,0.0000,0,0,0.000,1.000,19.607,-224.229,-955.156,57.688,0,0,0,99.186436
419,61.8297,walk-into-authored-trunk,-246.069,-958.093,62.909,0.000,-71.628,274.787,-249.460,-972.910,-22.003,-232.479,-968.679,-22.003,0.0000,0.0000,-264.624,-971.359,57.687,-224.234,-955.145,57.687,0.8933,0.0000,1.6000,1,-100.000,550.000,0.0000,0.0000,0,0,-224.234,-955.145,57.687,0.000,0,-1.000000,1.000,28.924,-1.000000,0.0000,0.0000,0,0,0.000,1.000,19.607,-224.234,-955.145,57.687,0,0,0,99.183922
420,61.9854,walk-into-authored-trunk,-245.505,-964.824,62.861,68.220,-85.213,274.787,-248.844,-1002.725,-23.079,-238.067,-955.610,-23.079,0.7797,0.5685,-266.040,-974.680,53.123,-223.328,-966.124,52.926,0.9819,0.0000,1.6000,1,-100.000,550.000,0.0000,0.0000,0,0,-223.328,-966.124,52.926,0.000,0,-1.000000,1.000,28.924,-1.000000,0.0000,0.0000,0,0,0.000,1.000,19.607,-223.328,-966.124,52.926,0,0,0,99.181427
421,62.1354,walk-into-authored-trunk,-244.194,-980.476,62.750,112.500,-85.213,274.787,-248.624,-1010.427,-22.187,-236.704,-972.022,-18.078,1.0000,0.9375,-267.004,-980.359,52.850,-221.611,-991.717,54.298,0.1224,0.0000,1.6000,1,-100.000,550.000,0.0000,0.0000,0,0,-221.611,-991.717,54.298,0.000,0,-1.000000,1.000,28.924,-1.000000,0.0000,0.0000,0,0,0.000,1.000,19.607,-221.611,-991.717,54.298,0,0,0,99.179030
422,62.2769,walk-into-authored-trunk,-242.864,-996.368,62.646,112.500,-85.213,274.787,-249.579,-1010.587,-22.255,-232.193,-1009.596,-13.788,1.0000,0.9375,-266.457,-992.440,54.634,-220.263,-1011.045,56.550,0.2553,0.0000,1.6000,1,-100.000,550.000,0.0000,0.0000,0,0,-220.263,-1011.045,56.550,0.000,0,-1.000000,1.000,28.924,-1.000000,0.0000,0.0000,0,0,0.000,1.000,19.607,-220.263,-1011.045,56.550,0,0,0,99.176762
423,62.4097,walk-into-authored-trunk,-241.620,-1011.220,62.551,112.500,-85.213,274.787,-250.693,-1010.687,-22.306,-228.273,-1044.499,-18.301,1.0000,0.9375,-264.591,-1011.288,52.691,-219.233,-1022.373,54.128,0.3795,0.0000,1.6000,1,-100.000,550.000,0.0000,0.0000,0,0,-219.233,-1022.373,54.128,0.000,0,-1.000000,1.000,28.924,-1.000000,0.0000,0.0000,0,0,0.000,1.000,19.607,-219.233,-1022.373,54.128,0,0,0,99.174642
424,62.5383,walk-into-authored-trunk,-240.409,-1025.683,62.465,112.500,-85.213,274.787,-251.029,-1010.723,-22.445,-225.260,-1067.488,-22.491,1.0000,0.9375,-260.798,-1034.507,51.293,-217.768,-1028.205,51.293,0.5004,0.0000,1.6000,1,-100.000,550.000,0.0000,0.0000,0,0,-217.768,-1028.205,51.293,0.000,0,-1.000000,1.000,28.924,-1.000000,0.0000,0.0000,0,0,0.000,1.000,19.607,-217.768,-1028.205,51.293,0,0,0,99.172578
425,62.6845,walk-into-authored-trunk,-239.039,-1042.037,62.465,112.500,-85.213,274.787,-248.313,-1038.176,-17.637,-226.426,-1067.817,-22.465,1.0000,0.9375,-257.220,-1059.949,54.496,-217.214,-1034.621,52.858,0.6372,0.0000,1.6000,1,-100.000,550.000,0.0000,0.0000,0,0,-217.214,-1034.621,52.858,0.000,0,-1.000000,1.000,28.924,-1.000000,0.0000,0.0000,0,0,0.000,1.000,19.607,-217.214,-1034.621,52.858,0,0,0,99.170244
426,62.8321,walk-into-authored-trunk,-237.653,-1058.587,62.465,112.500,-85.213,274.787,-243.579,-1077.869,-14.129,-227.518,-1067.876,-22.382,1.0000,0.9375,-255.169,-1078.905,56.414,-216.123,-1048.249,54.407,0.7756,0.0000,1.6000,1,-100.000,550.000,0.0000,0.0000,0,0,-216.123,-1048.249,54.407,0.000,0,-1.000000,1.000,28.924,-1.000000,0.0000,0.0000,0,0,0.000,1.000,19.607,-216.123,-1048.249,54.407,0,0,0,99.167882
427,62.9753,walk-into-authored-trunk,-236.309,-1074.641,62.465,112.500,-85.213,274.787,-239.252,-1113.897,-20.175,-228.430,-1067.934,-22.602,1.0000,0.9375,-255.211,-1089.948,52.980,-214.275,-1070.080,51.809,0.9098,0.0000,1.6000,1,-100.000,550.000,0.0000,0.0000,0,0,-214.275,-1070.080,51.809,0.000,0,-1.000000,1.000,28.924,-1.000000,0.0000,0.0000,0,0,0.000,1.000,19.607,-214.275,-1070.080,51.809,0,0,0,99.165591
428,63.1225,walk-into-authored-trunk,-234.925,-1091.172,62.205,112.500,-85.213,274.787,-237.983,-1129.909,-22.627,-228.450,-1075.279,-21.851,1.0000,0.9375,-256.503,-1096.176,51.155,-212.388,-1097.513,51.813,0.0481,0.0000,1.6000,1,-100.000,550.000,0.0000,0.0000,0,0,-212.388,-1097.513,51.813,0.000,0,-1.000000,1.000,28.924,-1.000000,0.0000,0.0000,0,0,0.000,1.000,19.607,-212.388,-1097.513,51.813,0,0,0,99.163232
429,63.2652,walk-into-authored-trunk,-233.588,-1107.130,62.205,112.500,-85.213,274.787,-239.059,-1130.179,-22.827,-224.798,-1107.566,-15.898,1.0000,0.9375,-256.960,-1104.354,53.433,-211.010,-1120.791,55.213,0.1815,0.0000,1.6000,1,-100.000,550.000,0.0000,0.0000,0,0,-211.010,-1120.791,55.213,0.000,0,-1.000000,1.000,28.924,-1.000000,0.0000,0.0000,0,0,0.000,1.000,19.607,-211.010,-1120.791,55.213,0,0,0,99.160954
430,63.3992,walk-into-authored-trunk,-232.327,-1122.185,62.205,112.500,-85.213,274.787,-239.944,-1130.209,-22.763,-220.312,-1144.542,-15.321,1.0000,0.9375,-255.760,-1119.095,53.682,-209.728,-1136.183,55.521,0.3074,0.0000,1.6000,1,-100.000,550.000,0.0000,0.0000,0,0,-209.728,-1136.183,55.521,0.000,0,-1.000000,1.000,28.924,-1.000000,0.0000,0.0000,0,0,0.000,1.000,19.607,-209.728,-1136.183,55.521,0,0,0,99.158806
431,63.5363,walk-into-authored-trunk,-231.043,-1137.523,62.205,112.500,-85.213,274.787,-240.751,-1130.280,-22.570,-216.432,-1176.837,-21.229,1.0000,0.9375,-252.852,-1141.303,51.385,-208.408,-1145.108,52.257,0.4357,0.0000,1.6000,1,-100.000,550.000,0.0000,0.0000,0,0,-208.408,-1145.108,52.257,0.000,0,-1.000000,1.000,28.924,-1.000000,0.0000,0.0000,0,0,0.000,1.000,19.607,-208.408,-1145.108,52.257,0,0,0,99.156617
432,63.6898,walk-into-authored-trunk,-229.600,-1154.755,62.205,112.500,-85.213,274.787,-239.939,-1144.062,-20.739,-216.105,-1187.233,-22.716,1.0000,0.9375,-248.779,-1169.433,52.585,-207.612,-1150.986,51.521,0.5798,0.0000,1.6000,1,-100.000,550.000,0.0000,0.0000,0,0,-207.612,-1150.986,51.521,0.000,0,-1.000000,1.000,28.924,-1.000000,0.0000,0.0000,0,0,0.000,1.000,19.607,-207.612,-1150.986,51.521,0,0,0,99.154157
433,63.8400,walk-into-authored-trunk,-228.192,-1171.573,61.955,112.500,-85.213,274.730,-235.542,-1181.197,-14.686,-217.081,-1187.433,-22.857,1.0000,0.9375,-245.713,-1191.853,55.890,-206.653,-1161.282,53.887,0.7204,0.0000,1.6000,1,-100.000,550.000,0.0000,0.0000,0,0,-206.653,-1161.282,53.887,0.000,0,-1.000000,1.000,28.924,-1.000000,0.0000,0.0000,0,0,0.000,1.000,19.607,-206.653,-1161.282,53.887,0,0,0,99.151757
434,63.9915,walk-into-authored-trunk,-226.778,-1188.591,61.955,112.500,-85.270,274.587,-230.761,-1222.091,-17.848,-218.245,-1187.482,-22.738,1.0000,0.9375,-245.133,-1206.445,54.215,-205.110,-1181.140,52.630,0.8627,0.0000,1.6000,1,-100.000,550.000,0.0000,0.0000,0,0,-205.110,-1181.140,52.630,0.000,0,-1.000000,1.000,28.924,-1.000000,0.0000,0.0000,0,0,0.000,1.000,19.607,-205.110,-1181.140,52.630,0,0,0,99.149328
435,64.1396,walk-into-authored-trunk,-225.435,-1205.167,61.955,112.500,-85.413,274.391,-227.892,-1249.468,-22.977,-219.123,-1187.843,-22.961,1.0000,0.9375,-246.175,-1213.855,50.772,-203.095,-1207.861,50.784,0.0013,0.0000,1.6000,1,-100.000,550.000,0.0000,0.0000,0,0,-203.095,-1207.861,50.784,0.000,0,-1.000000,1.000,28.924,-1.000000,0.0000,0.0000,0,0,0.000,1.000,19.607,-203.095,-1207.861,50.784,0,0,0,99.146963
436,64.2776,walk-into-authored-trunk,-224.226,-1220.672,61.955,112.500,-85.609,274.170,-228.955,-1249.562,-22.920,-216.441,-1213.488,-18.377,1.0000,0.9375,-247.092,-1219.950,52.286,-201.675,-1232.535,53.815,0.1309,0.0000,1.6000,1,-100.000,550.000,0.0000,0.0000,0,0,-201.675,-1232.535,53.815,0.000,0,-1.000000,1.000,28.924,-1.000000,0.0000,0.0000,0,0,0.000,1.000,19.607,-201.675,-1232.535,53.815,0,0,0,99.144751
437,64.4118,walk-into-authored-trunk,-223.108,-1235.700,61.955,112.500,-85.830,273.933,-229.995,-1249.694,-22.946,-212.553,-1249.255,-14.485,1.0000,0.9375,-246.658,-1231.532,53.940,-200.667,-1250.613,55.856,0.2565,0.0000,1.6000,1,-100.000,550.000,0.0000,0.0000,0,0,-200.667,-1250.613,55.856,0.000,0,-1.000000,1.000,28.924,-1.000000,0.0000,0.0000,0,0,0.000,1.000,19.607,-200.667,-1250.613,55.856,0,0,0,99.142608
438,64.5489,walk-into-authored-trunk,-222.024,-1251.113,61.955,112.500,-86.067,273.670,-231.137,-1249.768,-22.887,-209.035,-1285.307,-19.187,1.0000,0.9375,-244.880,-1251.154,51.988,-199.759,-1262.273,53.374,0.3853,0.0000,1.6000,1,-100.000,550.000,0.0000,0.0000,0,0,-199.759,-1262.273,53.374,0.000,0,-1.000000,1.000,28.924,-1.000000,0.0000,0.0000,0,0,0.000,1.000,19.607,-199.759,-1262.273,53.374,0,0,0,99.140410
439,64.6996,walk-into-authored-trunk,-220.913,-1268.007,61.955,112.500,-86.330,273.363,-231.389,-1253.422,-22.787,-207.177,-1307.070,-23.071,1.0000,0.9375,-241.182,-1278.523,51.022,-198.583,-1268.826,50.642,0.5263,0.0000,1.6000,1,-100.000,550.000,0.0000,0.0000,0,0,-198.583,-1268.826,50.642,0.000,0,-1.000000,1.000,28.924,-1.000000,0.0000,0.0000,0,0,0.000,1.000,19.607,-198.583,-1268.826,50.642,0,0,0,99.138003
440,64.8467,walk-into-authored-trunk,-219.911,-1284.543,61.955,112.500,-86.637,273.046,-228.512,-1284.438,-16.825,-208.292,-1307.331,-23.069,1.0000,0.9375,-238.170,-1303.063,54.642,-197.923,-1276.321,52.838,0.6644,0.0000,1.6000,1,-100.000,550.000,0.0000,0.0000,0,0,-197.923,-1276.321,52.838,0.000,0,-1.000000,1.000,28.924,-1.000000,0.0000,0.0000,0,0,0.000,1.000,19.607,-197.923,-1276.321,52.838,0,0,0,99.135646
441,64.9973,walk-into-authored-trunk,-218.980,-1301.431,61.955,112.500,-86.954,272.705,-224.840,-1325.728,-15.427,-209.459,-1307.492,-22.954,1.0000,0.9375,-237.189,-1320.691,55.457,-197.050,-1292.364,53.523,0.8053,0.0000,1.6000,1,-100.000,550.000,0.0000,0.0000,0,0,-197.050,-1292.364,53.523,0.000,0,-1.000000,1.000,28.924,-1.000000,0.0000,0.0000,0,0,0.000,1.000,19.607,-197.050,-1292.364,53.523,0,0,0,99.133241
442,65.1461,walk-into-authored-trunk,-218.155,-1318.186,61.955,112.500,-87.295,272.350,-222.201,-1360.566,-22.227,-210.504,-1307.594,-23.245,1.0000,0.9375,-238.154,-1330.518,51.413,-195.914,-1317.102,50.632,0.9451,0.0000,1.6000,1,-100.000,550.000,0.0000,0.0000,0,0,-195.914,-1317.102,50.632,0.000,0,-1.000000,1.000,28.924,-1.000000,0.0000,0.0000,0,0,0.000,1.000,19.607,-195.914,-1317.102,50.632,0,0,0,99.130855
443,65.2819,walk-into-authored-trunk,-217.494,-1333.426,61.955,112.500,-87.650,272.013,-222.545,-1369.172,-22.974,-210.175,-1319.714,-21.329,1.0000,0.9375,-239.637,-1335.695,51.096,-195.296,-1342.516,52.053,0.0723,0.0000,1.6000,1,-100.000,550.000,0.0000,0.0000,0,0,-195.296,-1342.516,52.053,0.000,0,-1.000000,1.000,28.924,-1.000000,0.0000,0.0000,0,0,0.000,1.000,19.607,-195.296,-1342.516,52.053,0,0,0,99.128686
444,65.4170,walk-into-authored-trunk,-216.925,-1348.629,61.955,112.500,-87.987,271.663,-223.741,-1369.242,-23.079,-207.920,-1352.387,-15.406,1.0000,0.9375,-240.260,-1344.177,53.467,-195.094,-1363.850,55.311,0.1990,0.0000,1.6000,1,-100.000,550.000,0.0000,0.0000,0,0,-195.094,-1363.850,55.311,0.000,0,-1.000000,1.000,28.924,-1.000000,0.0000,0.0000,0,0,0.000,1.000,19.607,-195.094,-1363.850,55.311,0,0,0,99.126522
445,65.5569,walk-into-authored-trunk,-216.433,-1364.348,61.955,112.500,-88.337,271.286,-224.716,-1369.221,-22.957,-205.313,-1391.026,-16.442,1.0000,0.9375,-239.539,-1360.762,53.088,-194.579,-1378.906,54.851,0.3301,0.0000,1.6000,1,-100.000,550.000,0.0000,0.0000,0,0,-194.579,-1378.906,54.851,0.000,0,-1.000000,1.000,28.924,-1.000000,0.0000,0.0000,0,0,0.000,1.000,19.607,-194.579,-1378.906,54.851,0,0,0,99.124285
446,65.7094,walk-into-authored-trunk,-216.008,-1381.515,61.955,112.500,-88.714,270.857,-225.909,-1369.221,-23.053,-203.962,-1423.754,-22.800,1.0000,0.9375,-237.767,-1386.925,50.638,-194.074,-1387.635,51.017,0.4732,0.0000,1.6000,1,-100.000,550.000,0.0000,0.0000,0,0,-194.074,-1387.635,51.017,0.000,0,-1.000000,1.000,28.924,-1.000000,0.0000,0.0000,0,0,0.000,1.000,19.607,-194.074,-1387.635,51.017,0,0,0,99.121843
447,65.8597,walk-into-authored-trunk,-215.712,-1398.398,61.955,112.500,-89.143,270.412,-224.782,-1390.670,-19.230,-204.580,-1427.742,-22.883,1.0000,0.9375,-235.231,-1413.767,53.366,-193.333,-1393.759,51.957,0.6139,0.0000,1.6000,1,-100.000,550.000,0.0000,0.0000,0,0,-193.333,-1393.759,51.957,0.000,0,-1.000000,1.000,28.924,-1.000000,0.0000,0.0000,0,0,0.000,1.000,19.607,-193.333,-1393.759,51.957,0,0,0,99.119441
448,66.0096,walk-into-authored-trunk,-215.544,-1415.280,61.955,112.500,-89.588,269.945,-223.202,-1430.362,-14.469,-206.016,-1427.742,-22.949,1.0000,0.9375,-234.542,-1434.345,55.957,-193.310,-1406.447,53.930,0.7546,0.0000,1.6000,1,-100.000,550.000,0.0000,0.0000,0,0,-193.310,-1406.447,53.930,0.000,0,-1.000000,1.000,28.924,-1.000000,0.0000,0.0000,0,0,0.000,1.000,19.607,-193.310,-1406.447,53.930,0,0,0,99.117040
449,66.1571,walk-into-authored-trunk,-215.514,-1431.858,61.955,112.500,-90.055,269.461,-221.872,-1468.864,-19.796,-206.980,-1427.888,-23.093,1.0000,0.9375,-235.436,-1446.541,52.965,-193.166,-1427.979,51.632,0.8928,0.0000,1.6000,1,-100.000,550.000,0.0000,0.0000,0,0,-193.166,-1427.979,51.632,0.000,0,-1.000000,1.000,28.924,-1.000000,0.0000,0.0000,0,0,0.000,1.000,19.607,-193.166,-1427.979,51.632,0,0,0,99.114683
450,66.3133,walk-into-authored-trunk,-215.629,-1449.452,61.955,112.500,-90.539,268.919,-222.195,-1488.772,-23.002,-207.691,-1433.797,-22.454,1.0000,0.9375,-237.457,-1453.084,50.731,-193.711,-1457.191,51.275,0.0394,0.0000,1.6000,1,-100.000,550.000,0.0000,0.0000,0,0,-193.711,-1457.191,51.275,0.000,0,-1.000000,1.000,28.924,-1.000000,0.0000,0.0000,0,0,0.000,1.000,19.607,-193.711,-1457.191,51.275,0,0,0,99.112180
451,66.4629,walk-into-authored-trunk,-215.893,-1466.256,61.955,112.500,-91.081,268.368,-223.678,-1488.883,-23.073,-207.206,-1467.235,-16.225,1.0000,0.9375,-238.847,-1461.172,53.149,-194.820,-1482.095,54.921,0.1794,0.0000,1.6000,1,-100.000,550.000,0.0000,0.0000,0,0,-194.820,-1482.095,54.921,0.000,0,-1.000000,1.000,28.924,-1.000000,0.0000,0.0000,0,0,0.000,1.000,19.607,-194.820,-1482.095,54.921,0,0,0,99.109790
452,66.6083,walk-into-authored-trunk,-216.305,-1482.631,62.210,112.500,-91.632,267.797,-224.743,-1488.722,-22.660,-206.745,-1507.683,-15.514,1.0000,0.9375,-239.165,-1477.246,53.630,-195.323,-1498.876,55.458,0.3159,0.0000,1.6000,1,-100.000,550.000,0.0000,0.0000,0,0,-195.323,-1498.876,55.458,0.000,0,-1.000000,1.000,28.924,-1.000000,0.0000,0.0000,0,0,0.000,1.000,19.607,-195.323,-1498.876,55.458,0,0,0,99.107460
453,66.7552,walk-into-authored-trunk,-216.882,-1499.119,62.210,112.500,-92.203,267.185,-225.828,-1488.613,-22.916,-207.296,-1541.060,-22.213,1.0000,0.9375,-238.950,-1501.577,50.856,-195.337,-1508.072,51.501,0.4534,0.0000,1.6000,1,-100.000,550.000,0.0000,0.0000,0,0,-195.337,-1508.072,51.501,0.000,0,-1.000000,1.000,28.924,-1.000000,0.0000,0.0000,0,0,0.000,1.000,19.607,-195.337,-1508.072,51.501,0,0,0,99.105114
454,66.9016,walk-into-authored-trunk,-217.632,-1515.596,62.210,112.500,-92.815,266.529,-226.290,-1504.724,-20.353,-208.415,-1548.255,-22.838,1.0000,0.9375,-238.338,-1528.286,52.752,-195.136,-1513.948,51.575,0.5909,0.0000,1.6000,1,-100.000,550.000,0.0000,0.0000,0,0,-195.136,-1513.948,51.575,0.000,0,-1.000000,1.000,28.924,-1.000000,0.0000,0.0000,0,0,0.000,1.000,19.607,-195.136,-1513.948,51.575,0,0,0,99.102768
455,67.0467,walk-into-authored-trunk,-218.554,-1531.872,62.210,112.500,-93.471,265.832,-227.207,-1541.399,-14.374,-209.845,-1548.388,-22.631,1.0000,0.9375,-238.806,-1549.486,56.167,-195.763,-1524.705,54.157,0.7267,0.0000,1.6000,1,-100.000,550.000,0.0000,0.0000,0,0,-195.763,-1524.705,54.157,0.000,0,-1.000000,1.000,28.924,-1.000000,0.0000,0.0000,0,0,0.000,1.000,19.607,-195.763,-1524.705,54.157,0,0,0,99.100450
456,67.1949,walk-into-authored-trunk,-219.699,-1548.532,62.489,112.500,-94.168,265.060,-228.801,-1581.461,-17.424,-211.076,-1548.386,-22.153,1.0000,0.9375,-240.598,-1563.192,54.707,-197.139,-1544.685,53.143,0.8659,0.0000,1.6000,1,-100.000,550.000,0.0000,0.0000,0,0,-197.139,-1544.685,53.143,0.000,0,-1.000000,1.000,28.924,-1.000000,0.0000,0.0000,0,0,0.000,1.000,19.607,-197.139,-1544.685,53.143,0,0,0,99.098075
457,67.3413,walk-into-authored-trunk,-221.039,-1564.919,62.489,112.500,-94.940,264.230,-230.796,-1608.018,-22.452,-211.953,-1548.890,-22.420,1.0000,0.9375,-242.944,-1569.918,51.295,-199.472,-1571.405,51.330,0.0029,0.0000,1.6000,1,-100.000,550.000,0.0000,0.0000,0,0,-199.472,-1571.405,51.330,0.000,0,-1.000000,1.000,28.924,-1.000000,0.0000,0.0000,0,0,0.000,1.000,19.607,-199.472,-1571.405,51.330,0,0,0,99.095736
458,67.4728,walk-into-authored-trunk,-222.448,-1579.677,62.489,112.500,-95.770,263.410,-232.246,-1607.821,-22.420,-213.527,-1573.328,-18.109,1.0000,0.9375,-244.840,-1575.169,52.698,-202.324,-1595.087,54.185,0.1264,0.0000,1.6000,1,-100.000,550.000,0.0000,0.0000,0,0,-202.324,-1595.087,54.185,0.000,0,-1.000000,1.000,28.924,-1.000000,0.0000,0.0000,0,0,0.000,1.000,19.607,-202.324,-1595.087,54.185,0,0,0,99.093628
459,67.6067,walk-into-authored-trunk,-224.088,-1594.613,62.761,112.500,-96.590,262.500,-233.505,-1607.683,-22.139,-216.197,-1609.051,-13.651,1.0000,0.9375,-246.436,-1586.068,54.757,-204.830,-1613.479,56.672,0.2516,0.0000,1.6000,1,-100.000,550.000,0.0000,0.0000,0,0,-204.830,-1613.479,56.672,0.000,0,-1.000000,1.000,28.924,-1.000000,0.0000,0.0000,0,0,0.000,1.000,19.607,-204.830,-1613.479,56.672,0,0,0,99.091491
460,67.8053,walk-into-authored-trunk,-226.909,-1616.801,62.761,112.500,-97.500,261.004,-234.853,-1607.372,-22.078,-221.030,-1658.479,-20.831,1.0000,0.9375,-249.033,-1616.032,51.851,-206.388,-1628.854,52.693,0.4380,0.0000,1.6000,1,-100.000,550.000,0.0000,0.0000,0,0,-206.388,-1628.854,52.693,0.000,0,-1.000000,1.000,28.924,-1.000000,0.0000,0.0000,0,0,0.000,1.000,19.607,-206.388,-1628.854,52.693,0,0,0,99.088310
461,67.9510,walk-into-authored-trunk,-229.334,-1632.990,63.038,112.500,-98.996,259.680,-236.854,-1619.610,-20.066,-224.100,-1668.373,-21.810,1.0000,0.9375,-251.540,-1642.338,53.343,-207.223,-1634.951,52.335,0.5745,0.0000,1.6000,1,-100.000,550.000,0.0000,0.0000,0,0,-207.223,-1634.951,52.335,0.000,0,-1.000000,1.000,28.924,-1.000000,0.0000,0.0000,0,0,0.000,1.000,19.607,-207.223,-1634.951,52.335,0,0,0,99.085982
462,68.0828,walk-into-authored-trunk,-231.865,-1647.631,63.038,112.500,-100.320,258.291,-240.944,-1651.096,-14.075,-225.562,-1668.358,-21.697,1.0000,0.9375,-254.038,-1662.248,56.745,-208.422,-1643.773,54.798,0.6983,0.0000,1.6000,1,-100.000,550.000,0.0000,0.0000,0,0,-208.422,-1643.773,54.798,0.000,0,-1.000000,1.000,28.924,-1.000000,0.0000,0.0000,0,0,0.000,1.000,19.607,-208.422,-1643.773,54.798,0,0,0,99.083868
463,68.2316,walk-into-authored-trunk,-235.117,-1664.022,63.300,112.500,-101.709,256.481,-247.729,-1691.295,-15.591,-226.905,-1668.390,-21.749,1.0000,0.9375,-257.615,-1677.059,55.925,-211.815,-1661.865,54.146,0.8375,0.0000,1.6000,1,-100.000,550.000,0.0000,0.0000,0,0,-211.815,-1661.865,54.146,0.000,0,-1.000000,1.000,28.924,-1.000000,0.0000,0.0000,0,0,0.000,1.000,19.607,-211.815,-1661.865,54.146,0,0,0,99.081492
464,68.3736,walk-into-authored-trunk,-235.676,-1674.754,63.388,36.222,-103.519,254.362,-250.296,-1707.775,-17.723,-226.776,-1674.318,-21.710,1.0000,0.3018,-258.565,-1685.092,54.729,-212.923,-1675.435,53.283,0.8804,0.0000,1.6000,1,-100.000,550.000,0.0000,0.0000,0,0,-212.923,-1675.435,53.283,0.000,0,-1.000000,1.000,28.924,-1.000000,0.0000,0.0000,0,0,0.000,1.000,19.607,-212.923,-1675.435,53.283,0,0,0,99.079217
465,68.5215,walk-into-authored-trunk,-231.959,-1677.183,63.422,28.570,-105.638,251.575,-247.684,-1709.111,-20.697,-222.882,-1676.534,-22.224,0.8163,0.2381,-255.009,-1683.392,54.482,-210.276,-1682.171,53.567,0.9156,0.0000,1.6000,1,-100.000,550.000,0.0000,0.0000,0,0,-210.276,-1682.171,53.567,0.000,0,-1.000000,1.000,28.924,-1.000000,0.0000,0.0000,0,0,0.000,1.000,19.607,-210.276,-1682.171,53.567,0,0,0,99.076852
466,68.6525,walk-into-authored-trunk,-229.205,-1679.303,63.450,26.311,-108.425,248.858,-246.545,-1710.650,-22.013,-219.766,-1677.860,-22.534,0.7517,0.2193,-252.285,-1682.561,54.214,-208.538,-1687.300,53.615,0.9444,0.0000,1.6000,1,-100.000,550.000,0.0000,0.0000,0,0,-208.538,-1687.300,53.615,0.000,0,-1.000000,1.000,28.924,-1.000000,0.0000,0.0000,0,0,0.000,1.000,19.607,-208.538,-1687.300,53.615,0,0,0,99.074756
467,68.8008,walk-into-authored-trunk,-226.307,-1681.657,63.480,25.335,-111.142,245.774,-245.357,-1712.505,-22.589,-216.261,-1678.641,-22.613,0.7238,0.2111,-249.227,-1681.928,54.131,-206.916,-1692.382,53.877,0.9756,0.0000,1.6000,1,-100.000,550.000,0.0000,0.0000,0,0,-206.916,-1692.382,53.877,0.000,0,-1.000000,1.000,28.924,-1.000000,0.0000,0.0000,0,0,0.000,1.000,19.607,-206.916,-1692.382,53.877,0,0,0,99.072384
468,68.9559,walk-into-authored-trunk,-223.546,-1684.285,63.513,24.999,-114.226,242.599,-243.892,-1713.345,-22.746,-212.679,-1680.200,-22.763,0.7143,0.2083,-245.942,-1681.544,54.021,-205.586,-1697.780,54.104,0.0080,0.0000,1.6000,1,-100.000,550.000,0.0000,0.0000,0,0,-205.586,-1697.780,54.104,0.000,0,-1.000000,1.000,28.924,-1.000000,0.0000,0.0000,0,0,0.000,1.000,19.607,-205.586,-1697.780,54.104,0,0,0,99.069900
469,69.1057,walk-into-authored-trunk,-220.989,-1686.841,63.544,24.392,-117.401,239.605,-241.596,-1711.955,-22.462,-210.328,-1684.448,-22.402,0.6969,0.2033,-242.601,-1681.215,54.123,-204.589,-1702.798,54.506,0.0384,0.0000,1.6000,1,-100.000,550.000,0.0000,0.0000,0,0,-204.589,-1702.798,54.506,0.000,0,-1.000000,1.000,28.924,-1.000000,0.0000,0.0000,0,0,0.000,1.000,19.607,-204.589,-1702.798,54.506,0,0,0,99.067506
470,69.2475,walk-into-authored-trunk,-218.728,-1689.333,63.573,23.933,-120.395,236.815,-239.495,-1710.953,-22.245,-208.740,-1688.892,-21.708,0.6838,0.1994,-239.579,-1681.242,54.360,-204.036,-1707.332,55.004,0.0667,0.0000,1.6000,1,-100.000,550.000,0.0000,0.0000,0,0,-204.036,-1707.332,55.004,0.000,0,-1.000000,1.000,28.924,-1.000000,0.0000,0.0000,0,0,0.000,1.000,19.607,-204.036,-1707.332,55.004,0,0,0,99.065234
471,69.3937,retreat-from-authored-trunk,-216.557,-1691.964,63.604,23.631,-123.185,233.996,-237.041,-1710.352,-22.001,-207.579,-1693.856,-20.692,0.6752,0.1969,-236.400,-1681.615,54.763,-203.436,-1711.671,55.612,0.0955,0.0000,1.6000,1,-100.000,550.000,0.0000,0.0000,0,0,-203.436,-1711.671,55.612,0.000,0,-1.000000,1.000,28.924,-1.000000,0.0000,0.0000,0,0,0.000,1.000,19.607,-203.436,-1711.671,55.612,0,0,0,99.062897
472,69.5469,retreat-from-authored-trunk,-211.350,-1687.182,63.604,67.922,-77.145,231.085,-213.562,-1710.674,-21.430,-202.548,-1686.513,-14.468,1.0000,0.5660,-234.891,-1687.689,54.845,-187.076,-1697.561,56.628,0.1824,0.0000,1.6000,1,-100.000,550.000,0.0000,0.0000,0,0,-187.076,-1697.561,56.628,0.000,0,-1.000000,1.000,28.924,-1.000000,0.0000,0.0000,0,0,0.000,1.000,19.607,-187.076,-1697.561,56.628,0,0,0,99.060442
473,69.6983,retreat-from-authored-trunk,-202.160,-1675.949,63.604,101.250,-32.121,229.559,-200.479,-1686.757,-21.347,-176.821,-1679.886,-13.961,1.0000,0.8438,-218.647,-1692.846,55.070,-177.418,-1666.252,56.907,0.3090,0.0000,1.6000,1,-100.000,550.000,0.0000,0.0000,0,0,-177.418,-1666.252,56.907,0.000,0,-1.000000,1.000,28.924,-1.000000,0.0000,0.0000,0,0,0.000,1.000,19.607,-177.418,-1666.252,56.907,0,0,0,99.058040
474,69.8505,retreat-from-authored-trunk,-192.172,-1664.059,63.604,101.250,13.890,229.392,-198.095,-1674.910,-21.245,-155.486,-1643.381,-20.012,1.0000,0.8438,-184.794,-1684.932,52.681,-188.459,-1640.563,53.518,0.4384,0.0000,1.6000,1,-100.000,550.000,0.0000,0.0000,0,0,-188.459,-1640.563,53.518,0.000,0,-1.000000,1.000,28.924,-1.000000,0.0000,0.0000,0,0,0.000,1.000,19.607,-188.459,-1640.563,53.518,0,0,0,99.055586
475,70.0046,retreat-from-authored-trunk,-182.040,-1652.199,63.604,101.250,49.392,229.392,-182.941,-1668.065,-19.663,-167.448,-1618.798,-21.151,1.0000,0.8438,-158.354,-1656.253,53.828,-199.474,-1638.654,52.884,0.5684,0.0000,1.6000,1,-100.000,550.000,0.0000,0.0000,0,0,-199.474,-1638.654,52.884,0.000,0,-1.000000,1.000,28.924,-1.000000,0.0000,0.0000,0,0,0.000,1.000,19.607,-199.474,-1638.654,52.884,0,0,0,99.053121
476,70.1587,retreat-from-authored-trunk,-171.881,-1640.343,63.604,101.250,49.392,229.392,-162.271,-1641.902,-13.492,-166.885,-1619.288,-21.122,1.0000,0.8438,-145.359,-1638.900,57.324,-194.073,-1631.856,55.376,0.6985,0.0000,1.6000,1,-100.000,550.000,0.0000,0.0000,0,0,-194.073,-1631.856,55.376,0.000,0,-1.000000,1.000,28.924,-1.000000,0.0000,0.0000,0,0,0.000,1.000,19.607,-194.073,-1631.856,55.376,0,0,0,99.050654
477,70.3075,retreat-from-authored-trunk,-162.084,-1628.916,63.345,101.250,49.392,229.392,-139.228,-1612.863,-15.099,-166.194,-1619.751,-21.892,1.0000,0.8438,-135.897,-1627.955,56.131,-183.877,-1619.880,54.270,0.8239,0.0000,1.6000,1,-100.000,550.000,0.0000,0.0000,0,0,-183.877,-1619.880,54.270,0.000,0,-1.000000,1.000,28.924,-1.000000,0.0000,0.0000,0,0,0.000,1.000,19.607,-183.877,-1619.880,54.270,0,0,0,99.048276
478,70.4544,retreat-from-authored-trunk,-152.390,-1617.610,63.345,101.250,49.392,229.392,-120.267,-1589.369,-20.906,-165.440,-1620.323,-21.823,1.0000,0.8438,-129.503,-1622.527,52.764,-169.181,-1602.965,52.020,0.9480,0.0000,1.6000,1,-100.000,550.000,0.0000,0.0000,0,0,-169.181,-1602.965,52.020,0.000,0,-1.000000,1.000,28.924,-1.000000,0.0000,0.0000,0,0,0.000,1.000,19.607,-169.181,-1602.965,52.020,0,0,0,99.045922
479,70.6034,retreat-from-authored-trunk,-142.597,-1606.187,63.345,101.250,49.392,229.392,-114.630,-1583.572,-21.575,-157.240,-1611.145,-19.880,1.0000,0.8438,-124.900,-1619.688,52.513,-152.600,-1584.347,53.482,0.0734,0.0000,1.6000,1,-100.000,550.000,0.0000,0.0000,0,0,-152.600,-1584.347,53.482,0.000,0,-1.000000,1.000,28.924,-1.000000,0.0000,0.0000,0,0,0.000,1.000,19.607,-152.600,-1584.347,53.482,0,0,0,99.043545
480,70.7437,retreat-from-authored-trunk,-133.325,-1595.372,63.345,101.250,49.392,229.392,-113.846,-1584.133,-21.696,-138.106,-1587.410,-14.330,1.0000,0.8438,-119.058,-1614.257,54.743,-139.229,-1569.513,56.563,0.1921,0.0000,1.6000,1,-100.000,550.000,0.0000,0.0000,0,0,-139.229,-1569.513,56.563,0.000,0,-1.000000,1.000,28.924,-1.000000,0.0000,0.0000,0,0,0.000,1.000,19.607,-139.229,-1569.513,56.563,0,0,0,99.041293
481,70.8892,retreat-from-authored-trunk,-123.755,-1584.210,63.345,101.250,49.392,229.392,-113.263,-1584.664,-21.541,-115.557,-1558.907,-14.352,1.0000,0.8438,-109.390,-1602.818,54.773,-129.820,-1558.370,56.603,0.3147,0.0000,1.6000,1,-100.000,550.000,0.0000,0.0000,0,0,-129.820,-1558.370,56.603,0.000,0,-1.000000,1.000,28.924,-1.000000,0.0000,0.0000,0,0,0.000,1.000,19.607,-129.820,-1558.370,56.603,0,0,0,99.038970
482,71.0348,retreat-from-authored-trunk,-114.139,-1572.994,63.345,101.250,49.392,229.392,-112.617,-1585.204,-21.487,-96.311,-1534.886,-20.229,1.0000,0.8438,-96.040,-1585.741,52.445,-124.732,-1551.673,53.291,0.4378,0.0000,1.6000,1,-100.000,550.000,0.0000,0.0000,0,0,-124.732,-1551.673,53.291,0.000,0,-1.000000,1.000,28.924,-1.000000,0.0000,0.0000,0,0,0.000,1.000,19.607,-124.732,-1551.673,53.291,0,0,0,99.036635
483,71.1777,retreat-from-authored-trunk,-104.736,-1562.027,63.345,101.250,49.392,229.392,-106.200,-1578.534,-20.486,-89.406,-1527.620,-21.605,1.0000,0.8438,-81.478,-1566.749,53.102,-121.687,-1547.886,52.299,0.5581,0.0000,1.6000,1,-100.000,550.000,0.0000,0.0000,0,0,-121.687,-1547.886,52.299,0.000,0,-1.000000,1.000,28.924,-1.000000,0.0000,0.0000,0,0,0.000,1.000,19.607,-121.687,-1547.886,52.299,0,0,0,99.034353
484,71.3216,retreat-from-authored-trunk,-95.240,-1550.950,63.345,101.250,49.392,229.392,-87.537,-1554.971,-14.994,-88.914,-1528.029,-21.918,1.0000,0.8438,-68.988,-1549.903,56.169,-117.101,-1542.010,54.291,0.6797,0.0000,1.6000,1,-100.000,550.000,0.0000,0.0000,0,0,-117.101,-1542.010,54.291,0.000,0,-1.000000,1.000,28.924,-1.000000,0.0000,0.0000,0,0,0.000,1.000,19.607,-117.101,-1542.010,54.291,0,0,0,99.032047
485,71.4765,retreat-from-authored-trunk,-85.045,-1539.059,63.345,101.250,49.392,229.392,-63.535,-1524.847,-14.394,-88.120,-1528.571,-21.750,1.0000,0.8438,-58.642,-1537.795,56.569,-107.085,-1530.364,54.652,0.8103,0.0000,1.6000,1,-100.000,550.000,0.0000,0.0000,0,0,-107.085,-1530.364,54.652,0.000,0,-1.000000,1.000,28.924,-1.000000,0.0000,0.0000,0,0,0.000,1.000,19.607,-107.085,-1530.364,54.652,0,0,0,99.029572
486,71.6192,retreat-from-authored-trunk,-75.625,-1528.072,63.345,101.250,49.392,229.392,-44.213,-1500.945,-20.397,-87.398,-1529.245,-21.945,1.0000,0.8438,-52.040,-1531.976,53.065,-93.230,-1514.461,52.104,0.9309,0.0000,1.6000,1,-100.000,550.000,0.0000,0.0000,0,0,-93.230,-1514.461,52.104,0.000,0,-1.000000,1.000,28.924,-1.000000,0.0000,0.0000,0,0,0.000,1.000,19.607,-93.230,-1514.461,52.104,0,0,0,99.027285
487,71.7648,retreat-from-authored-trunk,-66.039,-1516.891,63.345,101.250,49.392,229.392,-36.684,-1492.400,-21.499,-81.662,-1523.156,-20.552,1.0000,0.8438,-47.531,-1529.107,52.336,-77.045,-1496.099,53.067,0.0536,0.0000,1.6000,1,-100.000,550.000,0.0000,0.0000,0,0,-77.045,-1496.099,53.067,0.000,0,-1.000000,1.000,28.924,-1.000000,0.0000,0.0000,0,0,0.000,1.000,19.607,-77.045,-1496.099,53.067,0,0,0,99.024957
488,71.9072,retreat-from-authored-trunk,-56.651,-1505.941,63.345,101.250,49.392,229.392,-35.835,-1492.884,-21.666,-63.310,-1500.411,-15.030,1.0000,0.8438,-42.093,-1524.314,54.449,-62.944,-1480.415,56.200,0.1738,0.0000,1.6000,1,-100.000,550.000,0.0000,0.0000,0,0,-62.944,-1480.415,56.200,0.000,0,-1.000000,1.000,28.924,-1.000000,0.0000,0.0000,0,0,0.000,1.000,19.607,-62.944,-1480.415,56.200,0,0,0,99.022678
489,72.0576,retreat-from-authored-trunk,-46.751,-1494.394,63.345,101.250,49.392,229.392,-35.146,-1493.547,-21.690,-39.947,-1471.130,-13.989,1.0000,0.8438,-32.601,-1513.479,54.869,-52.500,-1468.399,56.716,0.3005,0.0000,1.6000,1,-100.000,550.000,0.0000,0.0000,0,0,-52.500,-1468.399,56.716,0.000,0,-1.000000,1.000,28.924,-1.000000,0.0000,0.0000,0,0,0.000,1.000,19.607,-52.500,-1468.399,56.716,0,0,0,99.020275
490,72.2013,retreat-from-authored-trunk,-37.265,-1483.330,63.345,101.250,49.392,229.392,-34.692,-1493.980,-21.540,-20.396,-1446.308,-19.648,1.0000,0.8438,-19.865,-1496.997,52.648,-47.197,-1461.173,53.671,0.4220,0.0000,1.6000,1,-100.000,550.000,0.0000,0.0000,0,0,-47.197,-1461.173,53.671,0.000,0,-1.000000,1.000,28.924,-1.000000,0.0000,0.0000,0,0,0.000,1.000,19.607,-47.197,-1461.173,53.671,0,0,0,99.017972
491,72.3459,retreat-from-authored-trunk,-27.749,-1472.231,63.345,101.250,49.392,229.392,-29.868,-1489.429,-21.104,-11.454,-1436.412,-21.775,1.0000,0.8438,-5.125,-1477.826,52.611,-44.029,-1457.194,52.000,0.5438,0.0000,1.6000,1,-100.000,550.000,0.0000,0.0000,0,0,-44.029,-1457.194,52.000,0.000,0,-1.000000,1.000,28.924,-1.000000,0.0000,0.0000,0,0,0.000,1.000,19.607,-44.029,-1457.194,52.000,0,0,0,99.015661
