seconds,pass,wall_frame_ms,engine_delta_ms,captures_requested_before_tick,capture_requested_this_tick,x,y,speed,view_yaw
0.000027,close-notes,0.027198,16.666800,0,0,-1000.000,0.000,0.000,15.000
0.015990,close-notes,15.962400,16.666702,0,0,-1000.000,0.000,0.000,15.000
0.032729,close-notes,16.739603,16.666800,0,0,-1000.000,0.000,0.000,15.000
0.049479,close-notes,16.750097,16.666800,0,0,-1000.000,0.000,0.000,15.000
0.066040,close-notes,16.560599,16.666800,0,0,-1000.000,0.000,0.000,15.000
0.082867,close-notes,16.827002,16.666800,0,0,-1000.000,0.000,0.000,15.000
0.099381,close-notes,16.513601,16.666698,0,0,-1000.000,0.000,0.000,15.000
0.116046,close-notes,16.665898,16.666800,0,0,-1000.000,0.000,0.000,15.000
0.132644,close-notes,16.597699,16.666698,0,0,-1000.000,0.000,0.000,15.000
0.149353,close-notes,16.709302,16.666800,0,0,-1000.000,0.000,0.000,15.000
0.166025,close-notes,16.671501,16.666702,0,0,-1000.000,0.000,0.000,15.000
0.182678,close-notes,16.652998,16.666698,0,0,-1000.000,0.000,0.000,15.000
0.199395,close-notes,16.717501,16.666698,0,0,-1000.000,0.000,0.000,15.000
0.216092,close-notes,16.696401,16.666698,0,0,-1000.000,0.000,0.000,15.000
0.232819,close-notes,16.727399,16.666800,0,0,-1000.000,0.000,0.000,15.000
0.249348,close-notes,16.528398,16.666800,0,0,-1000.000,0.000,0.000,15.000
0.266002,close-notes,16.654801,16.666800,0,0,-1000.000,0.000,0.000,15.000
0.282645,close-notes,16.642202,16.666800,0,0,-1000.000,0.000,0.000,15.000
0.299344,close-notes,16.699400,16.666803,0,0,-1000.000,0.000,0.000,15.000
0.315932,close-notes,16.587999,16.666800,0,0,-1000.000,0.000,0.000,15.000
0.332837,close-notes,16.905401,16.666800,0,0,-1000.000,0.000,0.000,15.000
0.349366,close-notes,16.528599,16.666800,0,0,-1000.000,0.000,0.000,15.000
0.366001,close-notes,16.635001,16.666800,0,0,-1000.000,0.000,0.000,15.000
0.382589,close-notes,16.588200,16.666800,0,0,-1000.000,0.000,0.000,15.000
0.399332,close-notes,16.742501,16.666698,0,0,-1000.000,0.000,0.000,15.000
0.416026,close-notes,16.694497,16.666800,0,0,-1000.000,0.000,0.000,15.000
0.432758,close-notes,16.731802,16.666800,0,0,-1000.000,0.000,0.000,15.000
0.449332,close-notes,16.573898,16.666698,0,0,-1000.000,0.000,0.000,15.000
0.466037,close-notes,16.705200,16.666800,0,0,-1000.000,0.000,0.000,15.000
0.482689,close-notes,16.651500,16.666800,0,0,-1000.000,0.000,0.000,15.000
0.499335,close-notes,16.646400,16.666803,0,0,-1000.000,0.000,0.000,15.000
0.516049,close-notes,16.714301,16.666698,0,0,-1000.000,0.000,0.000,15.000
0.532632,close-notes,16.582500,16.666698,0,0,-1000.000,0.000,0.000,15.000
0.549351,close-notes,16.718999,16.666800,0,0,-1000.000,0.000,0.000,15.000
0.565994,close-notes,16.642801,16.666800,0,0,-1000.000,0.000,0.000,15.000
0.582967,close-notes,16.973700,16.666800,0,0,-1000.000,0.000,0.000,15.000
0.599354,close-notes,16.386300,16.666698,0,0,-1000.000,0.000,0.000,15.000
0.615899,close-notes,16.545899,16.666702,0,0,-1000.000,0.000,0.000,15.000
0.632645,close-notes,16.745899,16.666698,0,0,-1000.000,0.000,0.000,15.000
0.649254,close-notes,16.608499,16.666698,0,0,-1000.000,0.000,0.000,15.000
0.666003,close-notes,16.749300,16.666698,0,0,-1000.000,0.000,0.000,15.000
0.682595,close-notes,16.591702,16.666800,0,0,-1000.000,0.000,0.000,15.000
0.699305,close-notes,16.710501,16.666698,0,0,-1000.000,0.000,0.000,15.000
0.715988,close-notes,16.682599,16.666702,0,0,-1000.000,0.000,0.000,15.000
0.732727,close-notes,16.738500,16.666698,0,0,-1000.000,0.000,0.000,15.000
0.749303,close-notes,16.576499,16.666698,0,0,-1000.000,0.000,0.000,15.000
0.765986,close-notes,16.682800,16.666800,0,0,-1000.000,0.000,0.000,15.000
0.782643,close-notes,16.656902,16.666698,0,0,-1000.000,0.000,0.000,15.000
0.799307,close-notes,16.664300,16.666800,0,0,-1000.000,0.000,0.000,15.000
0.815961,close-notes,16.653698,16.666803,0,0,-1000.000,0.000,0.000,15.000
0.832993,close-notes,17.032102,16.666698,0,0,-1000.000,0.000,0.000,15.000
0.849337,close-notes,16.343798,16.666800,0,0,-1000.000,0.000,0.000,15.000
0.866005,close-notes,16.668301,16.666800,0,0,-1000.000,0.000,0.000,15.000
0.882690,close-notes,16.685098,16.666800,0,0,-1000.000,0.000,0.000,15.000
0.899345,close-notes,16.655102,16.666800,0,0,-1000.000,0.000,0.000,15.000
0.915968,close-notes,16.623300,16.666698,0,0,-1000.000,0.000,0.000,15.000
0.932643,close-notes,16.674500,16.666800,0,0,-1000.000,0.000,0.000,15.000
0.949251,close-notes,16.608600,16.666698,0,0,-1000.000,0.000,0.000,15.000
0.966005,close-notes,16.753700,16.666803,0,0,-1000.000,0.000,0.000,15.000
0.982637,close-notes,16.631600,16.666698,0,0,-1000.000,0.000,0.000,15.000
0.999316,close-notes,16.679600,16.666698,0,0,-1000.000,0.000,0.000,15.000
1.015917,close-notes,16.601000,16.666698,0,0,-1000.000,0.000,0.000,15.000
1.032676,warm-up-no-capture,16.758602,16.666698,0,0,-1000.000,0.000,0.000,15.000
1.049336,warm-up-no-capture,16.659699,16.666702,0,0,-1000.000,0.000,0.000,15.000
1.065998,warm-up-no-capture,16.662300,16.666698,0,0,-1000.000,0.000,0.000,15.000
1.082940,warm-up-no-capture,16.942099,16.666800,0,0,-1000.000,0.000,0.000,15.000
1.099346,warm-up-no-capture,16.405702,16.666698,0,0,-1000.000,0.000,0.000,15.000
1.116040,warm-up-no-capture,16.694099,16.666698,0,0,-1000.000,0.000,0.000,15.000
1.132783,warm-up-no-capture,16.743701,16.666800,0,0,-1000.000,0.000,0.000,15.000
1.149304,warm-up-no-capture,16.520601,16.666702,0,0,-1000.000,0.000,0.000,15.000
1.165990,warm-up-no-capture,16.686101,16.666698,0,0,-1000.000,0.000,0.000,15.000
1.182724,warm-up-no-capture,16.734097,16.666698,0,0,-1000.000,0.000,0.000,15.000
1.199328,warm-up-no-capture,16.604003,16.666698,0,0,-1000.000,0.000,0.000,15.000
1.215983,warm-up-no-capture,16.654700,16.666800,0,0,-1000.000,0.000,0.000,15.000
1.232666,warm-up-no-capture,16.683500,16.666698,0,0,-1000.000,0.000,0.000,15.000
1.249251,warm-up-no-capture,16.584300,16.666803,0,0,-1000.000,0.000,0.000,15.000
1.265974,warm-up-no-capture,16.723800,16.666698,0,0,-1000.000,0.000,0.000,15.000
1.282584,warm-up-no-capture,16.609799,16.666698,0,0,-1000.000,0.000,0.000,15.000
1.299314,warm-up-no-capture,16.729601,16.666800,0,0,-1000.000,0.000,0.000,15.000
1.315901,warm-up-no-capture,16.587399,16.666698,0,0,-1000.000,0.000,0.000,15.000
1.333024,warm-up-no-capture,17.122801,16.666698,0,0,-1000.000,0.000,0.000,15.000
1.349343,warm-up-no-capture,16.318899,16.666702,0,0,-1000.000,0.000,0.000,15.000
1.366013,warm-up-no-capture,16.670302,16.666698,0,0,-1000.000,0.000,0.000,15.000
1.382640,warm-up-no-capture,16.627297,16.666698,0,0,-1000.000,0.000,0.000,15.000
1.399326,warm-up-no-capture,16.685501,16.666698,0,0,-1000.000,0.000,0.000,15.000
1.416076,warm-up-no-capture,16.749900,16.666800,0,0,-1000.000,0.000,0.000,15.000
1.432835,warm-up-no-capture,16.758800,16.666702,0,0,-1000.000,0.000,0.000,15.000
1.449388,warm-up-no-capture,16.552903,16.666698,0,0,-1000.000,0.000,0.000,15.000
1.466064,warm-up-no-capture,16.676199,16.666800,0,0,-1000.000,0.000,0.000,15.000
1.482736,warm-up-no-capture,16.672298,16.666800,0,0,-1000.000,0.000,0.000,15.000
1.499395,warm-up-no-capture,16.658802,16.666800,0,0,-1000.000,0.000,0.000,15.000
1.515954,warm-up-no-capture,16.559701,16.666800,0,0,-1000.000,0.000,0.000,15.000
1.532694,warm-up-no-capture,16.739197,16.666800,0,0,-1000.000,0.000,0.000,15.000
1.549388,warm-up-no-capture,16.694702,16.666800,0,0,-1000.000,0.000,0.000,15.000
1.566033,warm-up-no-capture,16.644400,16.666698,0,0,-1000.000,0.000,0.000,15.000
1.582973,warm-up-no-capture,16.939901,16.666702,0,0,-1000.000,0.000,0.000,15.000
1.599357,warm-up-no-capture,16.384199,16.666800,0,0,-1000.000,0.000,0.000,15.000
1.615976,warm-up-no-capture,16.619001,16.666698,0,0,-1000.000,0.000,0.000,15.000
1.632616,warm-up-no-capture,16.640000,16.666698,0,0,-1000.000,0.000,0.000,15.000
1.649269,warm-up-no-capture,16.653199,16.666698,0,0,-1000.000,0.000,0.000,15.000
1.665966,warm-up-no-capture,16.696800,16.666702,0,0,-1000.000,0.000,0.000,15.000
1.682614,warm-up-no-capture,16.648602,16.666800,0,0,-1000.000,0.000,0.000,15.000
1.699294,warm-up-no-capture,16.679898,16.666800,0,0,-1000.000,0.000,0.000,15.000
1.716010,warm-up-no-capture,16.715299,16.666800,0,0,-1000.000,0.000,0.000,15.000
1.732665,warm-up-no-capture,16.655304,16.666800,0,0,-1000.000,0.000,0.000,15.000
1.749371,warm-up-no-capture,16.706299,16.666800,0,0,-1000.000,0.000,0.000,15.000
1.766029,warm-up-no-capture,16.657598,16.666800,0,0,-1000.000,0.000,0.000,15.000
1.782731,warm-up-no-capture,16.702201,16.666698,0,0,-1000.000,0.000,0.000,15.000
1.799324,warm-up-no-capture,16.592901,16.666698,0,0,-1000.000,0.000,0.000,15.000
1.815966,warm-up-no-capture,16.642600,16.666698,0,0,-1000.000,0.000,0.000,15.000
1.832989,warm-up-no-capture,17.022200,16.666803,0,0,-1000.000,0.000,0.000,15.000
1.849249,warm-up-no-capture,16.259898,16.666698,0,0,-1000.000,0.000,0.000,15.000
1.865975,warm-up-no-capture,16.725902,16.666800,0,0,-1000.000,0.000,0.000,15.000
1.882635,warm-up-no-capture,16.660098,16.666698,0,0,-1000.000,0.000,0.000,15.000
1.899321,warm-up-no-capture,16.686302,16.666698,0,0,-1000.000,0.000,0.000,15.000
1.915916,warm-up-no-capture,16.594801,16.666800,0,0,-1000.000,0.000,0.000,15.000
1.932638,warm-up-no-capture,16.722199,16.666800,0,0,-1000.000,0.000,0.000,15.000
1.949257,warm-up-no-capture,16.618598,16.666800,0,0,-1000.000,0.000,0.000,15.000
1.965980,warm-up-no-capture,16.723100,16.666702,0,0,-1000.000,0.000,0.000,15.000
1.982651,warm-up-no-capture,16.671401,16.666800,0,0,-1000.000,0.000,0.000,15.000
1.999410,warm-up-no-capture,16.759302,16.666800,0,0,-1000.000,0.000,0.000,15.000
2.016027,warm-up-no-capture,16.616698,16.666698,0,0,-1000.000,0.000,0.000,15.000
2.032666,warm-up-no-capture,16.638700,16.666698,0,0,-1000.000,0.000,0.000,15.000
2.049298,warm-up-no-capture,16.632099,16.666698,0,0,-1000.000,0.000,0.000,15.000
2.066061,warm-up-no-capture,16.763702,16.666800,0,0,-1000.000,0.000,0.000,15.000
2.082898,warm-up-no-capture,16.836099,16.666803,0,0,-1000.000,0.000,0.000,15.000
2.099470,warm-up-no-capture,16.572800,16.666800,0,0,-1000.000,0.000,0.000,15.000
2.116044,warm-up-no-capture,16.573399,16.666698,0,0,-1000.000,0.000,0.000,15.000
2.132753,warm-up-no-capture,16.709600,16.666698,0,0,-1000.000,0.000,0.000,15.000
2.149348,warm-up-no-capture,16.594600,16.673401,0,0,-1000.000,0.000,0.000,15.000
2.165986,warm-up-no-capture,16.637500,16.666698,0,0,-1000.000,0.000,0.000,15.000
2.182642,warm-up-no-capture,16.655900,16.666800,0,0,-1000.000,0.000,0.000,15.000
2.199310,warm-up-no-capture,16.668901,16.666800,0,0,-1000.000,0.000,0.000,15.000
2.215927,warm-up-no-capture,16.616501,16.666698,0,0,-1000.000,0.000,0.000,15.000
2.232649,warm-up-no-capture,16.722001,16.666698,0,0,-1000.000,0.000,0.000,15.000
2.249264,warm-up-no-capture,16.615599,16.666702,0,0,-1000.000,0.000,0.000,15.000
2.265953,warm-up-no-capture,16.688198,16.666698,0,0,-1000.000,0.000,0.000,15.000
2.282597,warm-up-no-capture,16.644500,16.673100,0,0,-1000.000,0.000,0.000,15.000
2.299378,warm-up-no-capture,16.781300,16.666800,0,0,-1000.000,0.000,0.000,15.000
2.315996,warm-up-no-capture,16.617302,16.666800,0,0,-1000.000,0.000,0.000,15.000
2.333054,warm-up-no-capture,17.058101,16.666800,0,0,-1000.000,0.000,0.000,15.000
2.349368,warm-up-no-capture,16.313698,16.666800,0,0,-1000.000,0.000,0.000,15.000
2.366060,warm-up-no-capture,16.692001,16.666800,0,0,-1000.000,0.000,0.000,15.000
2.382703,warm-up-no-capture,16.643498,16.666800,0,0,-1000.000,0.000,0.000,15.000
2.399364,warm-up-no-capture,16.660701,16.666702,0,0,-1000.000,0.000,0.000,15.000
2.416072,warm-up-no-capture,16.708300,16.666698,0,0,-1000.000,0.000,0.000,15.000
2.432774,warm-up-no-capture,16.702000,16.666800,0,0,-1000.000,0.000,0.000,15.000
2.449380,warm-up-no-capture,16.606200,16.666698,0,0,-1000.000,0.000,0.000,15.000
2.466050,warm-up-no-capture,16.669899,16.666698,0,0,-1000.000,0.000,0.000,15.000
2.482691,warm-up-no-capture,16.640399,16.666800,0,0,-1000.000,0.000,0.000,15.000
2.499331,warm-up-no-capture,16.639903,16.666702,0,0,-1000.000,0.000,0.000,15.000
2.515924,warm-up-no-capture,16.594000,16.666800,0,0,-1000.000,0.000,0.000,15.000
2.532675,warm-up-no-capture,16.750298,16.666698,0,0,-1000.000,0.000,0.000,15.000
2.549270,warm-up-no-capture,16.595699,16.666800,0,0,-1000.000,0.000,0.000,15.000
2.565963,warm-up-no-capture,16.692601,16.666698,0,0,-1000.000,0.000,0.000,15.000
2.582860,warm-up-no-capture,16.897000,16.666800,0,0,-1000.000,0.000,0.000,15.000
2.599419,warm-up-no-capture,16.558599,16.666800,0,0,-1000.000,0.000,0.000,15.000
2.615963,warm-up-no-capture,16.544599,16.666702,0,0,-1000.000,0.000,0.000,15.000
2.632696,warm-up-no-capture,16.732603,16.666698,0,0,-1000.000,0.000,0.000,15.000
2.649376,warm-up-no-capture,16.680598,16.666698,0,0,-1000.000,0.000,0.000,15.000
2.666020,warm-up-no-capture,16.643301,16.666800,0,0,-1000.000,0.000,0.000,15.000
2.682760,warm-up-no-capture,16.740300,16.666800,0,0,-1000.000,0.000,0.000,15.000
2.699412,warm-up-no-capture,16.652402,16.666800,0,0,-1000.000,0.000,0.000,15.000
2.715989,warm-up-no-capture,16.576599,16.666698,0,0,-1000.000,0.000,0.000,15.000
2.732743,warm-up-no-capture,16.754501,16.666702,0,0,-1000.000,0.000,0.000,15.000
2.749372,warm-up-no-capture,16.628500,16.666800,0,0,-1000.000,0.000,0.000,15.000
2.766023,warm-up-no-capture,16.651098,16.666698,0,0,-1000.000,0.000,0.000,15.000
2.782647,warm-up-no-capture,16.624302,16.666800,0,0,-1000.000,0.000,0.000,15.000
2.799367,warm-up-no-capture,16.719900,16.666800,0,0,-1000.000,0.000,0.000,15.000
2.815934,warm-up-no-capture,16.567297,16.666698,0,0,-1000.000,0.000,0.000,15.000
2.833124,warm-up-no-capture,17.189603,16.666800,0,0,-1000.000,0.000,0.000,15.000
2.849234,warm-up-no-capture,16.110297,16.666800,0,0,-1000.000,0.000,0.000,15.000
2.866021,warm-up-no-capture,16.787000,16.666800,0,0,-1000.000,0.000,0.000,15.000
2.882600,warm-up-no-capture,16.579200,16.666800,0,0,-1000.000,0.000,0.000,15.000
2.899350,warm-up-no-capture,16.749702,16.666800,0,0,-1000.000,0.000,0.000,15.000
2.915972,warm-up-no-capture,16.621798,16.666803,0,0,-1000.000,0.000,0.000,15.000
2.932693,warm-up-no-capture,16.720999,16.666698,0,0,-1000.000,0.000,0.000,15.000
2.949298,warm-up-no-capture,16.605802,16.666800,0,0,-1000.000,0.000,0.000,15.000
2.966019,warm-up-no-capture,16.720898,16.666698,0,0,-1000.000,0.000,0.000,15.000
2.982718,warm-up-no-capture,16.698901,16.666698,0,0,-1000.000,0.000,0.000,15.000
2.999379,warm-up-no-capture,16.661100,16.666698,0,0,-1000.000,0.000,0.000,15.000
3.016061,warm-up-no-capture,16.681600,16.666702,0,0,-1000.000,0.000,0.000,15.000
3.032689,warm-up-no-capture,16.628202,16.666698,0,0,-1000.000,0.000,0.000,15.000
3.049388,warm-up-no-capture,16.698498,16.666698,0,0,-1000.000,0.000,0.000,15.000
3.066069,warm-up-no-capture,16.681001,16.666698,0,0,-1000.000,0.000,0.000,15.000
3.083086,warm-up-no-capture,17.016798,16.666702,0,0,-1000.000,0.000,0.000,15.000
3.099358,warm-up-no-capture,16.272303,16.666800,0,0,-1000.000,0.000,0.000,15.000
3.116073,warm-up-no-capture,16.714897,16.666698,0,0,-1000.000,0.000,0.000,15.000
3.132722,warm-up-no-capture,16.648900,16.666698,0,0,-1000.000,0.000,0.000,15.000
3.149243,warm-up-no-capture,16.521003,16.666800,0,0,-1000.000,0.000,0.000,15.000
3.166036,warm-up-no-capture,16.792897,16.666800,0,0,-1000.000,0.000,0.000,15.000
3.182592,warm-up-no-capture,16.556200,16.666800,0,0,-1000.000,0.000,0.000,15.000
3.199314,warm-up-no-capture,16.721401,16.666698,0,0,-1000.000,0.000,0.000,15.000
3.215920,warm-up-no-capture,16.606700,16.666800,0,0,-1000.000,0.000,0.000,15.000
3.232716,warm-up-no-capture,16.795401,16.666803,0,0,-1000.000,0.000,0.000,15.000
3.249308,warm-up-no-capture,16.592402,16.666698,0,0,-1000.000,0.000,0.000,15.000
3.266030,warm-up-no-capture,16.721699,16.666800,0,0,-1000.000,0.000,0.000,15.000
3.282660,warm-up-no-capture,16.629599,16.666698,0,0,-1000.000,0.000,0.000,15.000
3.299374,warm-up-no-capture,16.714402,16.666800,0,0,-1000.000,0.000,0.000,15.000
3.316064,warm-up-no-capture,16.689699,16.666800,0,0,-1000.000,0.000,0.000,15.000
3.333037,warm-up-no-capture,16.972899,16.666698,0,0,-1000.000,0.000,0.000,15.000
3.349342,warm-up-no-capture,16.304899,16.666702,0,0,-1000.000,0.000,0.000,15.000
3.366011,warm-up-no-capture,16.669001,16.666800,0,0,-1000.000,0.000,0.000,15.000
3.382689,warm-up-no-capture,16.677700,16.666800,0,0,-1000.000,0.000,0.000,15.000
3.399372,warm-up-no-capture,16.683400,16.666698,0,0,-1000.000,0.000,0.000,15.000
3.415966,warm-up-no-capture,16.593799,16.666698,0,0,-1000.000,0.000,0.000,15.000
3.432720,warm-up-no-capture,16.754199,16.666800,0,0,-1000.000,0.000,0.000,15.000
3.449290,warm-up-no-capture,16.570400,16.666800,0,0,-1000.000,0.000,0.000,15.000
3.465970,warm-up-no-capture,16.680002,16.666698,0,0,-1000.000,0.000,0.000,15.000
3.482613,warm-up-no-capture,16.642798,16.666702,0,0,-1000.000,0.000,0.000,15.000
3.499370,warm-up-no-capture,16.757201,16.666698,0,0,-1000.000,0.000,0.000,15.000
3.515931,warm-up-no-capture,16.560499,16.666800,0,0,-1000.000,0.000,0.000,15.000
3.532683,warm-up-no-capture,16.752701,16.666800,0,0,-1000.000,0.000,0.000,15.000
3.549456,warm-up-no-capture,16.772501,16.666698,0,0,-1000.000,0.000,0.000,15.000
3.566022,warm-up-no-capture,16.565900,16.666800,0,0,-1000.000,0.000,0.000,15.000
3.582958,warm-up-no-capture,16.936097,16.666800,0,0,-1000.000,0.000,0.000,15.000
3.599400,warm-up-no-capture,16.441900,16.666702,0,0,-1000.000,0.000,0.000,15.000
3.616074,warm-up-no-capture,16.674303,16.666800,0,0,-1000.000,0.000,0.000,15.000
3.632702,warm-up-no-capture,16.628198,16.666800,0,0,-1000.000,0.000,0.000,15.000
3.649391,warm-up-no-capture,16.689301,16.666800,0,0,-1000.000,0.000,0.000,15.000
3.666120,warm-up-no-capture,16.728699,16.666698,0,0,-1000.000,0.000,0.000,15.000
3.682734,warm-up-no-capture,16.614199,16.666698,0,0,-1000.000,0.000,0.000,15.000
3.699492,warm-up-no-capture,16.758204,16.666698,0,0,-1000.000,0.000,0.000,15.000
3.716121,warm-up-no-capture,16.628999,16.666800,0,0,-1000.000,0.000,0.000,15.000
3.732646,warm-up-no-capture,16.524900,16.666800,0,0,-1000.000,0.000,0.000,15.000
3.749358,warm-up-no-capture,16.711798,16.666702,0,0,-1000.000,0.000,0.000,15.000
3.765968,warm-up-no-capture,16.609903,16.666800,0,0,-1000.000,0.000,0.000,15.000
3.782595,warm-up-no-capture,16.627099,16.666800,0,0,-1000.000,0.000,0.000,15.000
3.799341,warm-up-no-capture,16.746398,16.666800,0,0,-1000.000,0.000,0.000,15.000
3.815946,warm-up-no-capture,16.605202,16.666800,0,0,-1000.000,0.000,0.000,15.000
3.832875,warm-up-no-capture,16.929097,16.666800,0,0,-1000.000,0.000,0.000,15.000
3.849291,warm-up-no-capture,16.415302,16.666698,0,0,-1000.000,0.000,0.000,15.000
3.866038,warm-up-no-capture,16.747199,16.666800,0,0,-1000.000,0.000,0.000,15.000
3.882749,warm-up-no-capture,16.711302,16.666698,0,0,-1000.000,0.000,0.000,15.000
3.899487,warm-up-no-capture,16.737498,16.666901,0,0,-1000.000,0.000,0.000,15.000
3.916200,warm-up-no-capture,16.713601,16.671103,0,0,-1000.000,0.000,0.000,15.000
3.932753,warm-up-no-capture,16.552400,16.666800,0,0,-1000.000,0.000,0.000,15.000
3.949396,warm-up-no-capture,16.643099,16.666800,0,0,-1000.000,0.000,0.000,15.000
3.966111,warm-up-no-capture,16.715400,16.676798,0,0,-1000.000,0.000,0.000,15.000
3.982708,warm-up-no-capture,16.596701,16.666800,0,0,-1000.000,0.000,0.000,15.000
3.999460,warm-up-no-capture,16.751699,16.666698,0,0,-1000.000,0.000,0.000,15.000
4.016045,warm-up-no-capture,16.585499,16.666702,0,0,-1000.000,0.000,0.000,15.000
4.032832,timing-idle,16.786702,16.666800,0,0,-1000.000,0.000,0.000,15.000
4.049397,timing-idle,16.565301,16.666800,0,0,-1000.000,0.000,0.000,15.000
4.066112,timing-idle,16.714498,16.666698,0,0,-1000.000,0.000,0.000,15.000
4.083059,timing-idle,16.947899,16.666698,0,0,-1000.000,0.000,0.000,15.000
4.099413,timing-idle,16.354002,16.666698,0,0,-1000.000,0.000,0.000,15.000
4.116008,timing-idle,16.594399,16.666800,0,0,-1000.000,0.000,0.000,15.000
4.132777,timing-idle,16.769301,16.666803,0,0,-1000.000,0.000,0.000,15.000
4.149469,timing-idle,16.692400,16.666800,0,0,-1000.000,0.000,0.000,15.000
4.166097,timing-idle,16.627699,16.666698,0,0,-1000.000,0.000,0.000,15.000
4.182759,timing-idle,16.661800,16.666698,0,0,-1000.000,0.000,0.000,15.000
4.199437,timing-idle,16.677801,16.666698,0,0,-1000.000,0.000,0.000,15.000
4.216084,timing-idle,16.647998,16.666698,0,0,-1000.000,0.000,0.000,15.000
4.232776,timing-idle,16.691800,16.666803,0,0,-1000.000,0.000,0.000,15.000
4.249392,timing-idle,16.615901,16.666800,0,0,-1000.000,0.000,0.000,15.000
4.266119,timing-idle,16.727500,16.666698,0,0,-1000.000,0.000,0.000,15.000
4.282764,timing-idle,16.644500,16.666698,0,0,-1000.000,0.000,0.000,15.000
4.299407,timing-idle,16.643401,16.666901,0,0,-1000.000,0.000,0.000,15.000
4.316097,timing-idle,16.689099,16.666800,0,0,-1000.000,0.000,0.000,15.000
4.333014,timing-idle,16.916700,16.666800,0,0,-1000.000,0.000,0.000,15.000
4.349484,timing-idle,16.471099,16.666800,0,0,-1000.000,0.000,0.000,15.000
4.366118,timing-idle,16.633801,16.666800,0,0,-1000.000,0.000,0.000,15.000
4.382684,timing-idle,16.565699,16.666800,0,0,-1000.000,0.000,0.000,15.000
4.399466,timing-idle,16.781501,16.666698,0,0,-1000.000,0.000,0.000,15.000
4.416018,timing-idle,16.553000,16.666800,0,0,-1000.000,0.000,0.000,15.000
4.432744,timing-idle,16.725000,16.666702,0,0,-1000.000,0.000,0.000,15.000
4.449485,timing-idle,16.741097,16.666800,0,0,-1000.000,0.000,0.000,15.000
4.466176,timing-idle,16.690601,16.666698,0,0,-1000.000,0.000,0.000,15.000
4.482733,timing-idle,16.557202,16.666800,0,0,-1000.000,0.000,0.000,15.000
4.499404,timing-idle,16.671799,16.666698,0,0,-1000.000,0.000,0.000,15.000
4.516032,timing-idle,16.627301,16.666698,0,0,-1000.000,0.000,0.000,15.000
4.532728,timing-idle,16.696200,16.666702,0,0,-1000.000,0.000,0.000,15.000
4.549442,timing-idle,16.714402,16.666698,0,0,-1000.000,0.000,0.000,15.000
4.566163,timing-idle,16.720999,16.667097,0,0,-1000.000,0.000,0.000,15.000
4.582885,timing-idle,16.722001,16.666803,0,0,-1000.000,0.000,0.000,15.000
4.599483,timing-idle,16.598299,16.666698,0,0,-1000.000,0.000,0.000,15.000
4.616065,timing-idle,16.581301,16.666698,0,0,-1000.000,0.000,0.000,15.000
4.632825,timing-idle,16.759798,16.674198,0,0,-1000.000,0.000,0.000,15.000
4.649367,timing-idle,16.541902,16.666702,0,0,-1000.000,0.000,0.000,15.000
4.666070,timing-idle,16.703300,16.666698,0,0,-1000.000,0.000,0.000,15.000
4.682754,timing-idle,16.683400,16.666800,0,0,-1000.000,0.000,0.000,15.000
4.699388,timing-idle,16.633999,16.666698,0,0,-1000.000,0.000,0.000,15.000
4.716062,timing-idle,16.674500,16.666698,0,0,-1000.000,0.000,0.000,15.000
4.732906,timing-idle,16.843900,16.666702,0,0,-1000.000,0.000,0.000,15.000
4.749443,timing-idle,16.536899,16.666698,0,0,-1000.000,0.000,0.000,15.000
4.766119,timing-idle,16.676702,16.666800,0,0,-1000.000,0.000,0.000,15.000
4.782731,timing-idle,16.611099,16.666698,0,0,-1000.000,0.000,0.000,15.000
4.799372,timing-idle,16.640902,16.666698,0,0,-1000.000,0.000,0.000,15.000
4.815950,timing-idle,16.578499,16.666800,0,0,-1000.000,0.000,0.000,15.000
4.832902,timing-idle,16.952101,16.666702,0,0,-1000.000,0.000,0.000,15.000
4.849449,timing-idle,16.546898,16.666698,0,0,-1000.000,0.000,0.000,15.000
4.866019,timing-idle,16.569600,16.666698,0,0,-1000.000,0.000,0.000,15.000
4.882661,timing-idle,16.642701,16.666698,0,0,-1000.000,0.000,0.000,15.000
4.899395,timing-idle,16.734101,16.666698,0,0,-1000.000,0.000,0.000,15.000
4.916058,timing-idle,16.662400,16.666800,0,0,-1000.000,0.000,0.000,15.000
4.932745,timing-idle,16.687300,16.666702,0,0,-1000.000,0.000,0.000,15.000
4.949412,timing-idle,16.666699,16.666800,0,0,-1000.000,0.000,0.000,15.000
4.966046,timing-idle,16.633600,16.666800,0,0,-1000.000,0.000,0.000,15.000
4.982764,timing-idle,16.718101,16.666800,0,0,-1000.000,0.000,0.000,15.000
4.999777,timing-idle,17.013699,16.666698,0,0,-1000.000,0.000,0.000,15.000
5.016088,timing-idle,16.311102,16.666698,0,0,-1000.000,0.000,0.000,15.000
5.032718,timing-idle,16.629100,16.666800,0,0,-1000.000,0.000,0.000,15.000
5.049356,timing-idle,16.638398,16.666800,0,0,-1000.000,0.000,0.000,15.000
5.066068,timing-idle,16.711500,16.666800,0,0,-1000.000,0.000,0.000,15.000
5.082839,timing-idle,16.770802,16.666702,0,0,-1000.000,0.000,0.000,15.000
5.099410,timing-idle,16.571298,16.666698,0,0,-1000.000,0.000,0.000,15.000
5.115965,timing-idle,16.555499,16.666698,0,0,-1000.000,0.000,0.000,15.000
5.132688,timing-idle,16.722001,16.666800,0,0,-1000.000,0.000,0.000,15.000
5.149290,timing-idle,16.602401,16.666800,0,0,-1000.000,0.000,0.000,15.000
5.166018,timing-idle,16.728401,16.666698,0,0,-1000.000,0.000,0.000,15.000
5.182729,timing-idle,16.710699,16.666800,0,0,-1000.000,0.000,0.000,15.000
5.199426,timing-idle,16.696498,16.666702,0,0,-1000.000,0.000,0.000,15.000
5.216051,timing-idle,16.625401,16.666800,0,0,-1000.000,0.000,0.000,15.000
5.232730,timing-idle,16.678602,16.666698,0,0,-1000.000,0.000,0.000,15.000
5.249449,timing-idle,16.718898,16.666698,0,0,-1000.000,0.000,0.000,15.000
5.266082,timing-idle,16.632803,16.666698,0,0,-1000.000,0.000,0.000,15.000
5.282811,timing-idle,16.729400,16.666702,0,0,-1000.000,0.000,0.000,15.000
5.299432,timing-idle,16.621299,16.666698,0,0,-1000.000,0.000,0.000,15.000
5.316080,timing-idle,16.648002,16.666800,0,0,-1000.000,0.000,0.000,15.000
5.333052,timing-idle,16.971499,16.666698,0,0,-1000.000,0.000,0.000,15.000
5.349429,timing-idle,16.377199,16.666800,0,0,-1000.000,0.000,0.000,15.000
5.366060,timing-idle,16.631700,16.666800,0,0,-1000.000,0.000,0.000,15.000
5.382623,timing-idle,16.562700,16.666698,0,0,-1000.000,0.000,0.000,15.000
5.399364,timing-idle,16.740799,16.666800,0,0,-1000.000,0.000,0.000,15.000
5.415973,timing-idle,16.609702,16.666702,0,0,-1000.000,0.000,0.000,15.000
5.432706,timing-idle,16.733099,16.666800,0,0,-1000.000,0.000,0.000,15.000
5.449379,timing-idle,16.673300,16.666698,0,0,-1000.000,0.000,0.000,15.000
5.466074,timing-idle,16.694698,16.666698,0,0,-1000.000,0.000,0.000,15.000
5.482729,timing-idle,16.654901,16.666698,0,0,-1000.000,0.000,0.000,15.000
5.499389,timing-idle,16.659800,16.666702,0,0,-1000.000,0.000,0.000,15.000
5.516084,timing-idle,16.695499,16.666698,0,0,-1000.000,0.000,0.000,15.000
5.532703,timing-idle,16.619001,16.666698,0,0,-1000.000,0.000,0.000,15.000
5.549366,timing-idle,16.663201,16.666800,0,0,-1000.000,0.000,0.000,15.000
5.566072,timing-idle,16.704898,16.666698,0,0,-1000.000,0.000,0.000,15.000
5.582979,timing-idle,16.907901,16.666800,0,0,-1000.000,0.000,0.000,15.000
5.599430,timing-idle,16.450301,16.666702,0,0,-1000.000,0.000,0.000,15.000
5.616051,timing-idle,16.620997,16.666800,0,0,-1000.000,0.000,0.000,15.000
5.632701,timing-idle,16.650502,16.666698,0,0,-1000.000,0.000,0.000,15.000
5.649368,timing-idle,16.666200,16.666800,0,0,-1000.000,0.000,0.000,15.000
5.666042,timing-idle,16.674299,16.666800,0,0,-1000.000,0.000,0.000,15.000
5.682690,timing-idle,16.647600,16.666800,0,0,-1000.000,0.000,0.000,15.000
5.699389,timing-idle,16.698603,16.666800,0,0,-1000.000,0.000,0.000,15.000
5.715991,timing-idle,16.601797,16.666698,0,0,-1000.000,0.000,0.000,15.000
5.732706,timing-idle,16.715102,16.666800,0,0,-1000.000,0.000,0.000,15.000
5.749305,timing-idle,16.599700,16.666702,0,0,-1000.000,0.000,0.000,15.000
5.765996,timing-idle,16.691200,16.666698,0,0,-1000.000,0.000,0.000,15.000
5.782652,timing-idle,16.655501,16.666800,0,0,-1000.000,0.000,0.000,15.000
5.799401,timing-idle,16.748700,16.666698,0,0,-1000.000,0.000,0.000,15.000
5.816031,timing-idle,16.629897,16.666698,0,0,-1000.000,0.000,0.000,15.000
5.832926,timing-idle,16.895503,16.666702,0,0,-1000.000,0.000,0.000,15.000
5.849405,timing-idle,16.479697,16.666800,0,0,-1000.000,0.000,0.000,15.000
5.866177,timing-idle,16.771402,16.666698,0,0,-1000.000,0.000,0.000,15.000
5.882746,timing-idle,16.569700,16.666800,0,0,-1000.000,0.000,0.000,15.000
5.899406,timing-idle,16.660299,16.666800,0,0,-1000.000,0.000,0.000,15.000
5.916037,timing-idle,16.630501,16.666800,0,0,-1000.000,0.000,0.000,15.000
5.932738,timing-idle,16.700700,16.667101,0,0,-1000.000,0.000,0.000,15.000
5.949380,timing-idle,16.642500,16.666800,0,0,-1000.000,0.000,0.000,15.000
5.966095,timing-idle,16.714398,16.666800,0,0,-1000.000,0.000,0.000,15.000
5.982684,timing-idle,16.589202,16.666698,0,0,-1000.000,0.000,0.000,15.000
5.999351,timing-idle,16.666900,16.666698,0,0,-1000.000,0.000,0.000,15.000
6.015970,timing-idle,16.618598,16.666800,0,0,-1000.000,0.000,0.000,15.000
6.032684,timing-idle,16.714603,16.666698,0,0,-1000.000,0.000,0.000,15.000
6.049310,timing-walk,16.625598,16.666800,0,0,-1000.000,0.000,0.000,15.000
6.066082,timing-walk,16.772401,16.666800,0,0,-999.906,0.025,5.833,15.000
6.082928,timing-walk,16.846001,16.666702,0,0,-999.718,0.075,11.667,15.000
6.099414,timing-walk,16.485598,16.666698,0,0,-999.437,0.151,17.500,15.000
6.116096,timing-walk,16.682602,16.666800,0,0,-999.061,0.252,23.333,15.000
6.132903,timing-walk,16.806100,16.666800,0,0,-998.591,0.377,29.167,15.000
6.149426,timing-walk,16.523600,16.666698,0,0,-998.028,0.528,35.000,15.000
6.166124,timing-walk,16.697399,16.666698,0,0,-997.371,0.705,40.834,15.000
6.182837,timing-walk,16.713198,16.666800,0,0,-996.619,0.906,46.667,15.000
6.199462,timing-walk,16.625103,16.666702,0,0,-995.774,1.132,52.500,15.000
6.216135,timing-walk,16.673099,16.666698,0,0,-994.835,1.384,58.334,15.000
6.232817,timing-walk,16.681701,16.666698,0,0,-993.802,1.661,64.167,15.000
6.249467,timing-walk,16.650699,16.666698,0,0,-992.675,1.963,70.000,15.000
6.266124,timing-walk,16.656399,16.666702,0,0,-991.454,2.290,75.834,15.000
6.282689,timing-walk,16.565200,16.666800,0,0,-990.139,2.642,81.667,15.000
6.299444,timing-walk,16.755302,16.666698,0,0,-988.731,3.020,87.500,15.000
6.316018,timing-walk,16.573198,16.666698,0,0,-987.282,3.408,90.000,15.000
6.332954,timing-walk,16.936801,16.666800,0,0,-985.833,3.796,90.000,15.000
6.349352,timing-walk,16.397700,16.666698,0,0,-984.384,4.184,90.000,15.000
6.366085,timing-walk,16.733401,16.666702,0,0,-982.935,4.572,90.000,15.000
6.382684,timing-walk,16.598798,16.666800,0,0,-981.486,4.961,90.000,15.000
6.399395,timing-walk,16.711701,16.666698,0,0,-980.037,5.349,90.000,15.000
6.416073,timing-walk,16.677402,16.666800,0,0,-978.589,5.737,90.000,15.000
6.432745,timing-walk,16.672198,16.666698,0,0,-977.140,6.125,90.000,15.000
6.449474,timing-walk,16.728699,16.666800,0,0,-975.691,6.514,90.000,15.000
6.466120,timing-walk,16.646601,16.666698,0,0,-974.242,6.902,90.000,15.000
6.482789,timing-walk,16.668700,16.666702,0,0,-972.793,7.290,90.000,15.000
6.499473,timing-walk,16.683601,16.666800,0,0,-971.344,7.678,90.000,15.000
6.516162,timing-walk,16.689401,16.666698,0,0,-969.895,8.067,90.000,15.000
6.532823,timing-walk,16.660597,16.666800,0,0,-968.446,8.455,90.000,15.000
6.549500,timing-walk,16.676903,16.666698,0,0,-966.997,8.843,90.000,15.000
6.566155,timing-walk,16.656000,16.666800,0,0,-965.548,9.231,90.000,15.000
6.583096,timing-walk,16.940199,16.666800,0,0,-964.100,9.619,90.000,15.000
6.599508,timing-walk,16.412102,16.666698,0,0,-962.651,10.008,90.000,15.000
6.616031,timing-walk,16.523097,16.666803,0,0,-961.202,10.396,90.000,15.000
6.632733,timing-walk,16.702302,16.666800,0,0,-959.753,10.784,90.000,15.000
6.649349,timing-walk,16.615998,16.666698,0,0,-958.304,11.172,90.000,15.000
6.666055,timing-walk,16.706500,16.666698,0,0,-956.855,11.561,90.000,15.000
6.682678,timing-walk,16.622800,16.666698,0,0,-955.406,11.949,90.000,15.000
6.699461,timing-walk,16.782701,16.666800,0,0,-953.957,12.337,90.000,15.000
6.716007,timing-walk,16.546398,16.666800,0,0,-952.508,12.725,90.000,15.000
6.732775,timing-walk,16.767800,16.666800,0,0,-951.059,13.114,90.000,15.000
6.749454,timing-walk,16.678602,16.666702,0,0,-949.611,13.502,90.000,15.000
6.766127,timing-walk,16.672902,16.666800,0,0,-948.162,13.890,90.000,15.000
6.782792,timing-walk,16.664900,16.666800,0,0,-946.713,14.278,90.000,15.000
6.799477,timing-walk,16.685098,16.666698,0,0,-945.264,14.666,90.000,15.000
6.816168,timing-walk,16.691402,16.666698,0,0,-943.815,15.055,90.000,15.000
6.833055,timing-walk,16.886000,16.666698,0,0,-942.366,15.443,90.000,15.000
6.849461,timing-walk,16.406398,16.666702,0,0,-940.917,15.831,90.000,15.000
6.866166,timing-walk,16.704701,16.666800,0,0,-939.468,16.219,90.000,15.000
6.882774,timing-walk,16.608100,16.666698,0,0,-938.019,16.608,90.000,15.000
6.899417,timing-walk,16.643099,16.666698,0,0,-936.571,16.996,90.000,15.000
6.916130,timing-walk,16.713101,16.666698,0,0,-935.122,17.384,90.000,15.000
6.932733,timing-walk,16.602598,16.666698,0,0,-933.673,17.772,90.000,15.000
6.949399,timing-walk,16.666502,16.666803,0,0,-932.224,18.161,90.000,15.000
6.966120,timing-walk,16.721200,16.666800,0,0,-930.775,18.549,90.000,15.000
6.982713,timing-walk,16.592700,16.666698,0,0,-929.326,18.937,90.000,15.000
6.999515,timing-walk,16.802199,16.666800,0,0,-927.877,19.325,90.000,15.000
7.016154,timing-walk,16.639099,16.666698,0,0,-926.428,19.713,90.000,15.000
7.032753,timing-walk,16.598202,16.666800,0,0,-924.979,20.102,90.000,15.000
7.049469,timing-walk,16.716197,16.666698,0,0,-923.530,20.490,90.000,15.000
7.066203,timing-walk,16.734701,16.666702,0,0,-922.082,20.878,90.000,15.000
7.082935,timing-walk,16.731802,16.666698,0,0,-920.633,21.266,90.000,15.000
7.099444,timing-walk,16.508996,16.666698,0,0,-919.184,21.655,90.000,15.000
7.116150,timing-walk,16.706102,16.666800,0,0,-917.735,22.043,90.000,15.000
7.132799,timing-walk,16.648900,16.666800,0,0,-916.286,22.431,90.000,15.000
7.149459,timing-walk,16.660802,16.666800,0,0,-914.837,22.819,90.000,15.000
7.166214,timing-walk,16.754899,16.666800,0,0,-913.388,23.208,90.000,15.000
7.182762,timing-walk,16.547199,16.666698,0,0,-911.939,23.596,90.000,15.000
7.199399,timing-walk,16.637702,16.666803,0,0,-910.490,23.984,90.000,15.000
7.216063,timing-walk,16.663298,16.666800,0,0,-909.042,24.372,90.000,15.000
7.232790,timing-walk,16.727101,16.666698,0,0,-907.593,24.760,90.000,15.000
7.249377,timing-walk,16.587701,16.666698,0,0,-906.144,25.149,90.000,15.000
7.266114,timing-walk,16.736299,16.666800,0,0,-904.695,25.537,90.000,15.000
7.282712,timing-walk,16.598400,16.666800,0,0,-903.246,25.925,90.000,15.000
7.299403,timing-walk,16.690500,16.666698,0,0,-901.797,26.313,90.000,15.000
7.316046,timing-walk,16.642999,16.666702,0,0,-900.348,26.702,90.000,15.000
7.332926,timing-walk,16.880199,16.666800,0,0,-898.899,27.090,90.000,15.000
7.349460,timing-walk,16.534001,16.666698,0,0,-897.450,27.478,90.000,15.000
7.366156,timing-walk,16.696103,16.666698,0,0,-896.001,27.866,90.000,15.000
7.382811,timing-walk,16.655598,16.666800,0,0,-894.553,28.255,90.000,15.000
7.399496,timing-walk,16.684499,16.666800,0,0,-893.104,28.643,90.000,15.000
7.416133,timing-walk,16.637500,16.666800,0,0,-891.655,29.031,90.000,15.000
7.432810,timing-walk,16.677000,16.666698,0,0,-890.206,29.419,90.000,15.000
7.449467,timing-walk,16.657203,16.666702,0,0,-888.757,29.807,90.000,15.000
7.466138,timing-walk,16.671300,16.666698,0,0,-887.308,30.196,90.000,15.000
7.482852,timing-walk,16.713899,16.666800,0,0,-885.859,30.584,90.000,15.000
7.499476,timing-walk,16.624201,16.666800,0,0,-884.410,30.972,90.000,15.000
7.516090,timing-walk,16.613297,16.666800,0,0,-882.961,31.360,90.000,15.000
7.532842,timing-walk,16.752303,16.666698,0,0,-881.512,31.749,90.000,15.000
7.549348,timing-walk,16.505800,16.666698,0,0,-880.064,32.137,90.000,15.000
7.566055,timing-walk,16.706999,16.666803,0,0,-878.615,32.525,90.000,15.000
7.582892,timing-walk,16.837299,16.666698,0,0,-877.166,32.913,90.000,15.000
7.599404,timing-walk,16.512401,16.666698,0,0,-875.717,33.302,90.000,15.000
7.616070,timing-walk,16.665701,16.666698,0,0,-874.268,33.690,90.000,15.000
7.632710,timing-walk,16.639799,16.666698,0,0,-872.819,34.078,90.000,15.000
7.649395,timing-walk,16.684499,16.666800,0,0,-871.370,34.466,90.000,15.000
7.666114,timing-walk,16.719900,16.666800,0,0,-869.921,34.854,90.000,15.000
7.682739,timing-walk,16.624901,16.666803,0,0,-868.472,35.243,90.000,15.000
7.699461,timing-walk,16.721100,16.666800,0,0,-867.024,35.631,90.000,15.000
7.716076,timing-walk,16.615700,16.666800,0,0,-865.575,36.019,90.000,15.000
7.732784,timing-walk,16.707599,16.666698,0,0,-864.126,36.407,90.000,15.000
7.749448,timing-walk,16.664300,16.666800,0,0,-862.677,36.796,90.000,15.000
7.766159,timing-walk,16.710799,16.666800,0,0,-861.228,37.184,90.000,15.000
7.782741,timing-walk,16.581800,16.666698,0,0,-859.779,37.572,90.000,15.000
7.799463,timing-walk,16.722400,16.666800,0,0,-858.330,37.960,90.000,15.000
7.816061,timing-walk,16.597301,16.666698,0,0,-856.881,38.349,90.000,15.000
7.833064,timing-walk,17.003100,16.666702,0,0,-855.432,38.737,90.000,15.000
7.849439,timing-walk,16.374901,16.666698,0,0,-853.983,39.125,90.000,15.000
7.866121,timing-walk,16.682398,16.666800,0,0,-852.535,39.513,90.000,15.000
7.882789,timing-walk,16.667303,16.666698,0,0,-851.086,39.901,90.000,15.000
7.899395,timing-walk,16.605698,16.666698,0,0,-849.637,40.290,90.000,15.000
7.916189,timing-walk,16.794402,16.695700,0,0,-848.185,40.679,90.000,15.000
7.932798,timing-walk,16.609300,16.666800,0,0,-846.736,41.067,90.000,15.000
7.949373,timing-walk,16.575500,16.666800,0,0,-845.288,41.455,90.000,15.000
7.966224,timing-walk,16.850900,16.666702,0,0,-843.839,41.843,90.000,15.000
7.982960,timing-walk,16.735699,16.666800,0,0,-842.390,42.232,90.000,15.000
7.999643,timing-walk,16.683701,16.666698,0,0,-840.941,42.620,90.000,15.000
8.016334,timing-walk,16.690299,16.666698,0,0,-839.492,43.008,90.000,15.000
8.032960,timing-walk,16.626399,16.666800,0,0,-838.043,43.396,90.000,15.000
8.049505,timing-walk,16.545702,16.666800,0,0,-836.594,43.784,90.000,15.000
8.066160,timing-walk,16.654897,16.666698,0,0,-835.145,44.173,90.000,15.000
8.082990,timing-walk,16.829401,16.666702,0,0,-833.696,44.561,90.000,15.000
8.099511,timing-walk,16.521499,16.666800,0,0,-832.247,44.949,90.000,15.000
8.116271,timing-walk,16.759600,16.666800,0,0,-830.799,45.337,90.000,15.000
8.132830,timing-walk,16.558401,16.666800,0,0,-829.350,45.726,90.000,15.000
8.149517,timing-walk,16.687602,16.666698,0,0,-827.901,46.114,90.000,15.000
8.166100,timing-walk,16.582698,16.666800,0,0,-826.452,46.502,90.000,15.000
8.182743,timing-walk,16.643502,16.666698,0,0,-825.003,46.890,90.000,15.000
8.199496,timing-walk,16.752999,16.666800,0,0,-823.554,47.279,90.000,15.000
8.216055,timing-walk,16.558599,16.666702,0,0,-822.105,47.667,90.000,15.000
8.232775,timing-walk,16.720101,16.666800,0,0,-820.656,48.055,90.000,15.000
8.249430,timing-walk,16.654998,16.666698,0,0,-819.207,48.443,90.000,15.000
8.266089,timing-walk,16.660001,16.666800,0,0,-817.759,48.831,90.000,15.000
8.282728,timing-walk,16.638700,16.666698,0,0,-816.310,49.220,90.000,15.000
8.299647,timing-walk,16.919501,16.666698,0,0,-814.861,49.608,90.000,15.000
8.316133,timing-walk,16.484898,16.666800,0,0,-813.412,49.996,90.000,15.000
8.333186,timing-walk,17.053902,16.666702,0,0,-811.963,50.384,90.000,15.000
8.349478,timing-walk,16.291399,16.666698,0,0,-810.514,50.773,90.000,15.000
8.366158,timing-walk,16.680703,16.666800,0,0,-809.065,51.161,90.000,15.000
8.382876,timing-walk,16.718000,16.680201,0,0,-807.615,51.549,90.000,15.000
8.399517,timing-walk,16.640797,16.666800,0,0,-806.166,51.938,90.000,15.000
8.416191,timing-walk,16.674303,16.666698,0,0,-804.717,52.326,90.000,15.000
8.432866,timing-walk,16.674899,16.682901,0,0,-803.267,52.714,90.000,15.000
8.449416,timing-walk,16.550101,16.666698,0,0,-801.818,53.103,90.000,15.000
8.466179,timing-walk,16.762797,16.666800,0,0,-800.369,53.491,90.000,15.000
8.482869,timing-walk,16.690500,16.666800,0,0,-798.920,53.879,90.000,15.000
8.499502,timing-walk,16.633503,16.666800,0,0,-797.471,54.267,90.000,15.000
8.516097,timing-walk,16.594697,16.666702,0,0,-796.023,54.656,90.000,15.000
8.532808,timing-walk,16.711600,16.666800,0,0,-794.574,55.044,90.000,15.000
8.549418,timing-walk,16.609903,16.666800,0,0,-793.125,55.432,90.000,15.000
8.566123,timing-walk,16.704898,16.666800,0,0,-791.676,55.820,90.000,15.000
8.583014,timing-walk,16.891301,16.666698,0,0,-790.227,56.209,90.000,15.000
8.599490,timing-walk,16.475398,16.666800,0,0,-788.778,56.597,90.000,15.000
8.616182,timing-walk,16.692299,16.666698,0,0,-787.329,56.985,90.000,15.000
8.632848,timing-walk,16.665302,16.666800,0,0,-785.880,57.373,90.000,15.000
8.649492,timing-walk,16.644601,16.666800,0,0,-784.431,57.761,90.000,15.000
8.666204,timing-walk,16.711898,16.666702,0,0,-782.982,58.150,90.000,15.000
8.682826,timing-walk,16.621999,16.666800,0,0,-781.534,58.538,90.000,15.000
8.699544,timing-walk,16.718101,16.666698,0,0,-780.085,58.926,90.000,15.000
8.716241,timing-walk,16.697399,16.666800,0,0,-778.636,59.314,90.000,15.000
8.732857,timing-walk,16.616002,16.666800,0,0,-777.187,59.703,90.000,15.000
8.749533,timing-walk,16.676098,16.666800,0,0,-775.738,60.091,90.000,15.000
8.766202,timing-walk,16.669501,16.666800,0,0,-774.289,60.479,90.000,15.000
8.782961,timing-walk,16.758800,16.666698,0,0,-772.840,60.867,90.000,15.000
8.799585,timing-walk,16.624600,16.666702,0,0,-771.391,61.256,90.000,15.000
8.816170,timing-walk,16.584300,16.666698,0,0,-769.942,61.644,90.000,15.000
8.833119,timing-walk,16.950000,16.666698,0,0,-768.493,62.032,90.000,15.000
8.849404,timing-walk,16.285002,16.666800,0,0,-767.045,62.420,90.000,15.000
8.866154,timing-walk,16.749598,16.666800,0,0,-765.596,62.808,90.000,15.000
8.882765,timing-walk,16.610902,16.666698,0,0,-764.147,63.197,90.000,15.000
8.899568,timing-walk,16.802598,16.666800,0,0,-762.698,63.585,90.000,15.000
8.916199,timing-walk,16.631301,16.666800,0,0,-761.249,63.973,90.000,15.000
8.932914,timing-walk,16.714800,16.666702,0,0,-759.800,64.361,90.000,15.000
8.949553,timing-walk,16.638499,16.666698,0,0,-758.351,64.750,90.000,15.000
8.966206,timing-walk,16.652703,16.666698,0,0,-756.902,65.138,90.000,15.000
8.982878,timing-walk,16.672596,16.666800,0,0,-755.453,65.526,90.000,15.000
8.999514,timing-walk,16.635902,16.666698,0,0,-754.005,65.914,90.000,15.000
9.016300,timing-walk,16.786098,16.666800,0,0,-752.556,66.303,90.000,15.000
9.033014,timing-walk,16.713802,16.666803,0,0,-751.107,66.691,90.000,15.000
9.049553,timing-walk,16.538300,16.666800,0,0,-749.658,67.079,90.000,15.000
9.066264,timing-walk,16.710799,16.666800,0,0,-748.209,67.467,90.000,15.000
9.083142,timing-walk,16.878199,16.666698,0,0,-746.760,67.855,90.000,15.000
9.099566,timing-walk,16.423803,16.666800,0,0,-745.311,68.244,90.000,15.000
9.116196,timing-walk,16.628899,16.666698,0,0,-743.862,68.632,90.000,15.000
9.132855,timing-walk,16.659800,16.666698,0,0,-742.413,69.020,90.000,15.000
9.149418,timing-walk,16.562302,16.666702,0,0,-740.964,69.408,90.000,15.000
9.166182,timing-walk,16.763400,16.666800,0,0,-739.516,69.797,90.000,15.000
9.182738,timing-walk,16.556498,16.666698,0,0,-738.067,70.185,90.000,15.000
9.199532,timing-walk,16.792800,16.666800,0,0,-736.618,70.573,90.000,15.000
9.216096,timing-walk,16.564701,16.666800,0,0,-735.169,70.961,90.000,15.000
9.232885,timing-walk,16.789500,16.666800,0,0,-733.720,71.350,90.000,15.000
9.249479,timing-walk,16.594298,16.666800,0,0,-732.271,71.738,90.000,15.000
9.266436,timing-walk,16.956002,16.666698,0,0,-730.822,72.126,90.000,15.000
9.282773,timing-walk,16.337499,16.666698,0,0,-729.373,72.514,90.000,15.000
9.299506,timing-walk,16.733002,16.666803,0,0,-727.924,72.902,90.000,15.000
9.316200,timing-walk,16.693898,16.666800,0,0,-726.475,73.291,90.000,15.000
9.333124,timing-walk,16.924202,16.666800,0,0,-725.027,73.679,90.000,15.000
9.349545,timing-walk,16.420599,16.666800,0,0,-723.578,74.067,90.000,15.000
9.366205,timing-walk,16.660299,16.666800,0,0,-722.129,74.455,90.000,15.000
9.382873,timing-walk,16.667601,16.666698,0,0,-720.680,74.844,90.000,15.000
9.399556,timing-walk,16.683802,16.666800,0,0,-719.231,75.232,90.000,15.000
9.416186,timing-walk,16.630400,16.666800,0,0,-717.782,75.620,90.000,15.000
9.432910,timing-walk,16.723700,16.666800,0,0,-716.333,76.008,90.000,15.000
9.449411,timing-walk,16.500998,16.666698,0,0,-714.884,76.397,90.000,15.000
9.466142,timing-walk,16.729999,16.666800,0,0,-713.435,76.785,90.000,15.000
9.482740,timing-walk,16.599000,16.666800,0,0,-711.986,77.173,90.000,15.000
9.499524,timing-walk,16.783301,16.666803,0,0,-710.538,77.561,90.000,15.000
9.516095,timing-walk,16.571399,16.666800,0,0,-709.089,77.949,90.000,15.000
9.532814,timing-walk,16.718801,16.666698,0,0,-707.640,78.338,90.000,15.000
9.549458,timing-walk,16.643502,16.666800,0,0,-706.191,78.726,90.000,15.000
9.566169,timing-walk,16.711198,16.666698,0,0,-704.742,79.114,90.000,15.000
9.583062,timing-walk,16.893201,16.666698,0,0,-703.293,79.502,90.000,15.000
9.599497,timing-walk,16.435102,16.666702,0,0,-701.844,79.891,90.000,15.000
9.616155,timing-walk,16.658198,16.666800,0,0,-700.395,80.279,90.000,15.000
9.632857,timing-walk,16.702902,16.666698,0,0,-698.946,80.667,90.000,15.000
9.649582,timing-walk,16.724698,16.666698,0,0,-697.498,81.055,90.000,15.000
9.666176,timing-walk,16.593900,16.666800,0,0,-696.049,81.444,90.000,15.000
9.682899,timing-walk,16.722500,16.666800,0,0,-694.600,81.832,90.000,15.000
9.699587,timing-walk,16.688202,16.666800,0,0,-693.151,82.220,90.000,15.000
9.716216,timing-walk,16.629398,16.666800,0,0,-691.702,82.608,90.000,15.000
9.732861,timing-walk,16.644802,16.666698,0,0,-690.253,82.996,90.000,15.000
9.749504,timing-walk,16.643401,16.666803,0,0,-688.804,83.385,90.000,15.000
9.766151,timing-walk,16.647197,16.666800,0,0,-687.355,83.773,90.000,15.000
9.782743,timing-walk,16.591001,16.666800,0,0,-685.906,84.161,90.000,15.000
9.799512,timing-walk,16.769398,16.666698,0,0,-684.457,84.549,90.000,15.000
9.816203,timing-walk,16.690802,16.667002,0,0,-683.009,84.938,90.000,15.000
9.833183,timing-walk,16.980499,16.667799,0,0,-681.560,85.326,90.000,15.000
9.849431,timing-walk,16.247302,16.666698,0,0,-680.111,85.714,90.000,15.000
9.866223,timing-walk,16.792297,16.666800,0,0,-678.662,86.102,90.000,15.000
9.882829,timing-walk,16.605202,16.666800,0,0,-677.213,86.491,90.000,15.000
9.899525,timing-walk,16.695999,16.666800,0,0,-675.764,86.879,90.000,15.000
9.916239,timing-walk,16.713902,16.666702,0,0,-674.315,87.267,90.000,15.000
9.932868,timing-walk,16.629498,16.666698,0,0,-672.866,87.655,90.000,15.000
9.949558,timing-walk,16.690500,16.666698,0,0,-671.417,88.043,90.000,15.000
9.966318,timing-walk,16.759899,16.666800,0,0,-669.968,88.432,90.000,15.000
9.982878,timing-walk,16.559500,16.666901,0,0,-668.519,88.820,90.000,15.000
9.999541,timing-walk,16.663902,16.666800,0,0,-667.071,89.208,90.000,15.000
10.016139,timing-walk,16.597498,16.666698,0,0,-665.622,89.596,90.000,15.000
10.032865,timing-walk,16.725600,16.666702,0,0,-664.173,89.985,90.000,15.000
10.049488,timing-walk,16.623300,16.666698,0,0,-662.724,90.373,90.000,15.000
10.066188,timing-walk,16.700201,16.666698,0,0,-661.275,90.761,90.000,15.000
10.082965,timing-walk,16.777299,16.666698,0,0,-659.826,91.149,90.000,15.000
10.099517,timing-walk,16.551800,16.666698,0,0,-658.377,91.538,90.000,15.000
10.116124,timing-walk,16.607601,16.666702,0,0,-656.928,91.926,90.000,15.000
10.132818,timing-walk,16.694501,16.666800,0,0,-655.479,92.314,90.000,15.000
10.149426,timing-walk,16.608000,16.666698,0,0,-654.031,92.702,90.000,15.000
10.166131,timing-walk,16.704701,16.666800,0,0,-652.582,93.090,90.000,15.000
10.182949,timing-walk,16.818400,16.666800,0,0,-651.133,93.479,90.000,15.000
10.199522,timing-walk,16.572598,16.666698,0,0,-649.684,93.867,90.000,15.000
10.216131,timing-walk,16.609501,16.666800,0,0,-648.235,94.255,90.000,15.000
10.232868,timing-walk,16.736601,16.666702,0,0,-646.786,94.643,90.000,15.000
10.249566,timing-walk,16.697697,16.666800,0,0,-645.337,95.032,90.000,15.000
10.266215,timing-walk,16.648799,16.666800,0,0,-643.888,95.420,90.000,15.000
10.282894,timing-walk,16.679101,16.666800,0,0,-642.439,95.808,90.000,15.000
10.299582,timing-walk,16.688500,16.666800,0,0,-640.990,96.196,90.000,15.000
10.316232,timing-walk,16.649202,16.666800,0,0,-639.542,96.585,90.000,15.000
10.333158,timing-walk,16.925801,16.666800,0,0,-638.093,96.973,90.000,15.000
10.349477,timing-walk,16.319700,16.666800,0,0,-636.644,97.361,90.000,15.000
10.366158,timing-walk,16.681001,16.666800,0,0,-635.195,97.749,90.000,15.000
10.382748,timing-walk,16.589899,16.666800,0,0,-633.746,98.137,90.000,15.000
10.399468,timing-walk,16.720999,16.666800,0,0,-632.297,98.526,90.000,15.000
10.416080,timing-walk,16.610801,16.666698,0,0,-630.848,98.914,90.000,15.000
10.432816,timing-walk,16.736299,16.666702,0,0,-629.399,99.302,90.000,15.000
10.449431,timing-walk,16.615402,16.666698,0,0,-627.950,99.690,90.000,15.000
10.466185,timing-walk,16.753100,16.666800,0,0,-626.501,100.079,90.000,15.000
10.482801,timing-walk,16.616900,16.666800,0,0,-625.053,100.467,90.000,15.000
10.499578,timing-walk,16.775999,16.666800,0,0,-623.604,100.855,90.000,15.000
10.516164,timing-walk,16.586401,16.667601,0,0,-622.155,101.243,90.000,15.000
10.532872,timing-walk,16.707901,16.666800,0,0,-620.706,101.632,90.000,15.000
10.549501,timing-walk,16.629599,16.666698,0,0,-619.257,102.020,90.000,15.000
10.566189,timing-walk,16.687699,16.667299,0,0,-617.808,102.408,90.000,15.000
10.583144,timing-walk,16.955502,16.666800,0,0,-616.359,102.796,90.000,15.000
10.599566,timing-walk,16.422398,16.666702,0,0,-614.910,103.185,90.000,15.000
10.616231,timing-walk,16.664200,16.666800,0,0,-613.461,103.573,90.000,15.000
10.632873,timing-walk,16.641501,16.666698,0,0,-612.012,103.961,90.000,15.000
10.649510,timing-walk,16.637899,16.666800,0,0,-610.563,104.349,90.000,15.000
10.666325,timing-walk,16.813900,16.666698,0,0,-609.115,104.737,90.000,15.000
10.682802,timing-walk,16.477700,16.666698,0,0,-607.666,105.126,90.000,15.000
10.699536,timing-walk,16.734201,16.666702,0,0,-606.217,105.514,90.000,15.000
10.716105,timing-walk,16.569298,16.666800,0,0,-604.768,105.902,90.000,15.000
10.732914,timing-walk,16.808100,16.666800,0,0,-603.319,106.290,90.000,15.000
10.749435,timing-walk,16.521502,16.666698,0,0,-601.870,106.679,90.000,15.000
10.766190,timing-walk,16.753700,16.666800,0,0,-600.421,107.067,90.000,15.000
10.782769,timing-walk,16.579300,16.666800,0,0,-598.972,107.455,90.000,15.000
10.799534,timing-walk,16.764298,16.666698,0,0,-597.523,107.843,90.000,15.000
10.816145,timing-walk,16.610902,16.666698,0,0,-596.075,108.232,90.000,15.000
10.833182,timing-walk,17.037299,16.666702,0,0,-594.626,108.620,90.000,15.000
10.849580,timing-walk,16.397201,16.666698,0,0,-593.177,109.008,90.000,15.000
10.866198,timing-walk,16.617902,16.666698,0,0,-591.728,109.396,90.000,15.000
10.882903,timing-walk,16.705900,16.666800,0,0,-590.279,109.784,90.000,15.000
10.899551,timing-walk,16.647898,16.666800,0,0,-588.830,110.173,90.000,15.000
10.916141,timing-walk,16.588699,16.666800,0,0,-587.381,110.561,90.000,15.000
10.932892,timing-walk,16.751200,16.666800,0,0,-585.932,110.949,90.000,15.000
10.949547,timing-walk,16.654901,16.666698,0,0,-584.483,111.337,90.000,15.000
10.966188,timing-walk,16.642001,16.666803,0,0,-583.034,111.726,90.000,15.000
10.982896,timing-walk,16.707700,16.666800,0,0,-581.586,112.114,90.000,15.000
10.999497,timing-walk,16.601302,16.666698,0,0,-580.137,112.502,90.000,15.000
11.016093,timing-walk,16.595598,16.666698,0,0,-578.688,112.890,90.000,15.000
11.032907,timing-walk,16.813800,16.666800,0,0,-577.239,113.279,90.000,15.000
11.049447,timing-walk,16.539399,16.666698,0,0,-575.790,113.667,90.000,15.000
11.066165,timing-walk,16.718302,16.666800,0,0,-574.341,114.055,90.000,15.000
11.083256,timing-walk,17.090701,16.666702,0,0,-572.892,114.443,90.000,15.000
11.099639,timing-walk,16.383201,16.666800,0,0,-571.443,114.831,90.000,15.000
11.116376,timing-walk,16.737297,16.666800,0,0,-569.994,115.220,90.000,15.000
11.133139,timing-walk,16.762901,16.666698,0,0,-568.545,115.608,90.000,15.000
11.149745,timing-walk,16.606599,16.666800,0,0,-567.097,115.996,90.000,15.000
11.166246,timing-walk,16.501900,16.666800,0,0,-565.648,116.384,90.000,15.000
11.182910,timing-walk,16.663600,16.666800,0,0,-564.199,116.773,90.000,15.000
11.199525,timing-walk,16.615301,16.666698,0,0,-562.750,117.161,90.000,15.000
11.216228,timing-walk,16.703598,16.666698,0,0,-561.301,117.549,90.000,15.000
11.232888,timing-walk,16.659401,16.666803,0,0,-559.852,117.937,90.000,15.000
11.249567,timing-walk,16.678602,16.666698,0,0,-558.403,118.326,90.000,15.000
11.266243,timing-walk,16.675800,16.666698,0,0,-556.954,118.714,90.000,15.000
11.282808,timing-walk,16.565397,16.666800,0,0,-555.505,119.102,90.000,15.000
11.299543,timing-walk,16.735401,16.666698,0,0,-554.057,119.490,90.000,15.000
11.316423,timing-walk,16.880002,16.666698,0,0,-552.608,119.878,90.000,15.000
11.333108,timing-walk,16.684197,16.666702,0,0,-551.159,120.267,90.000,15.000
11.349425,timing-walk,16.317703,16.666800,0,0,-549.710,120.655,90.000,15.000
11.366218,timing-walk,16.792700,16.666698,0,0,-548.261,121.043,90.000,15.000
11.382806,timing-walk,16.588200,16.666698,0,0,-546.812,121.431,90.000,15.000
11.399487,timing-walk,16.682100,16.666800,0,0,-545.363,121.820,90.000,15.000
11.416121,timing-walk,16.634300,16.667902,0,0,-543.914,122.208,90.000,15.000
11.432878,timing-walk,16.755700,16.666800,0,0,-542.465,122.596,90.000,15.000
11.449496,timing-walk,16.618498,16.666800,0,0,-541.016,122.984,90.000,15.000
11.466210,timing-walk,16.714402,16.666800,0,0,-539.567,123.373,90.000,15.000
11.482875,timing-walk,16.664501,16.666800,0,0,-538.119,123.761,90.000,15.000
11.499556,timing-walk,16.680900,16.666800,0,0,-536.670,124.149,90.000,15.000
11.516191,timing-walk,16.635098,16.666800,0,0,-535.221,124.537,90.000,15.000
11.532915,timing-walk,16.724601,16.666800,0,0,-533.772,124.925,90.000,15.000
11.549591,timing-walk,16.676001,16.666800,0,0,-532.323,125.314,90.000,15.000
11.566243,timing-walk,16.652398,16.666800,0,0,-530.874,125.702,90.000,15.000
11.583155,timing-walk,16.911902,16.666800,0,0,-529.425,126.090,90.000,15.000
11.599527,timing-walk,16.372498,16.666698,0,0,-527.976,126.478,90.000,15.000
11.616186,timing-walk,16.659200,16.666800,0,0,-526.527,126.867,90.000,15.000
11.632854,timing-walk,16.668700,16.666800,0,0,-525.078,127.255,90.000,15.000
11.649433,timing-walk,16.578600,16.666702,0,0,-523.630,127.643,90.000,15.000
11.666143,timing-walk,16.710002,16.666800,0,0,-522.181,128.031,90.000,15.000
11.682760,timing-walk,16.616598,16.666698,0,0,-520.732,128.420,90.000,15.000
11.699468,timing-walk,16.707402,16.666698,0,0,-519.283,128.808,90.000,15.000
11.716087,timing-walk,16.620100,16.666698,0,0,-517.834,129.196,90.000,15.000
11.732788,timing-walk,16.700301,16.666800,0,0,-516.385,129.584,90.000,15.000
11.749570,timing-walk,16.781699,16.666702,0,0,-514.936,129.972,90.000,15.000
11.766171,timing-walk,16.602002,16.666800,0,0,-513.487,130.361,90.000,15.000
11.782904,timing-walk,16.732197,16.666698,0,0,-512.038,130.749,90.000,15.000
11.799563,timing-walk,16.660001,16.666800,0,0,-510.590,131.137,90.000,15.000
11.816276,timing-walk,16.711999,16.666698,0,0,-509.141,131.525,90.000,15.000
11.833155,timing-walk,16.879201,16.666800,0,0,-507.692,131.914,90.000,15.000
11.849567,timing-walk,16.412701,16.666800,0,0,-506.243,132.302,90.000,15.000
11.866338,timing-walk,16.770098,16.666800,0,0,-504.794,132.690,90.000,15.000
11.882913,timing-walk,16.574599,16.666702,0,0,-503.345,133.078,90.000,15.000
11.899544,timing-walk,16.630702,16.666800,0,0,-501.896,133.467,90.000,15.000
11.916142,timing-walk,16.598001,16.666698,0,0,-500.447,133.855,90.000,15.000
11.932899,timing-walk,16.756900,16.666800,0,0,-498.998,134.243,90.000,15.000
11.949445,timing-walk,16.545899,16.666800,0,0,-497.549,134.631,90.000,15.000
11.966141,timing-walk,16.696200,16.666698,0,0,-496.101,135.019,90.000,15.000
11.982767,timing-walk,16.626500,16.666698,0,0,-494.652,135.408,90.000,15.000
11.999538,timing-walk,16.771000,16.666702,0,0,-493.203,135.796,90.000,15.000
12.016121,timing-walk,16.582299,16.666698,0,0,-491.754,136.184,90.000,15.000
12.032911,timing-walk,16.790103,16.666800,0,0,-490.305,136.572,90.000,15.000
12.049555,timing-turn,16.643297,16.666800,0,0,-488.856,136.961,90.000,15.000
12.066222,timing-turn,16.667701,16.666698,0,0,-487.404,137.576,94.640,15.297
12.083153,timing-turn,16.930502,16.666800,0,0,-485.944,138.398,100.509,15.594
12.099558,timing-turn,16.405400,16.667002,0,0,-484.472,139.410,107.194,15.891
12.116238,timing-turn,16.679998,16.666698,0,0,-482.982,140.600,114.425,16.188
12.132898,timing-turn,16.661100,16.666800,0,0,-481.470,141.960,122.023,16.484
12.149592,timing-turn,16.694400,16.666800,0,0,-479.930,143.482,129.871,16.781
12.166216,timing-turn,16.623501,16.666702,0,0,-478.441,145.072,130.731,17.078
12.182908,timing-turn,16.691800,16.666698,0,0,-477.003,146.710,130.731,17.375
12.199574,timing-turn,16.666397,16.666800,0,0,-475.612,148.386,130.731,17.672
12.216265,timing-turn,16.690601,16.666698,0,0,-474.259,150.094,130.731,17.969
12.232878,timing-turn,16.612802,16.666698,0,0,-472.941,151.829,130.731,18.266
12.249517,timing-turn,16.639598,16.666698,0,0,-471.653,153.587,130.731,18.563
12.266174,timing-turn,16.656499,16.666702,0,0,-470.392,155.363,130.731,18.859
12.282778,timing-turn,16.603600,16.666698,0,0,-469.154,157.156,130.731,19.156
12.299557,timing-turn,16.779300,16.666698,0,0,-467.937,158.963,130.731,19.453
12.316113,timing-turn,16.557001,16.666800,0,0,-466.738,160.783,130.731,19.750
12.333029,timing-turn,16.915299,16.666698,0,0,-465.557,162.614,130.731,20.047
12.349448,timing-turn,16.419202,16.666800,0,0,-464.392,164.455,130.731,20.344
12.366203,timing-turn,16.755000,16.666702,0,0,-463.242,166.306,130.731,20.641
12.382916,timing-turn,16.713001,16.666800,0,0,-462.106,168.165,130.731,20.938
12.399564,timing-turn,16.647600,16.667097,0,0,-460.983,170.032,130.731,21.234
12.416242,timing-turn,16.677499,16.666702,0,0,-459.872,171.907,130.731,21.531
12.432879,timing-turn,16.638000,16.666800,0,0,-458.774,173.789,130.731,21.828
12.449559,timing-turn,16.680200,16.666800,0,0,-457.687,175.677,130.731,22.125
12.466266,timing-turn,16.706903,16.666698,0,0,-456.612,177.572,130.731,22.422
12.482872,timing-turn,16.606100,16.666698,0,0,-455.547,179.473,130.731,22.719
12.499623,timing-turn,16.751200,16.666800,0,0,-454.494,181.381,130.731,23.016
12.516242,timing-turn,16.619097,16.666800,0,0,-453.451,183.294,130.731,23.313
12.532835,timing-turn,16.592801,16.666800,0,0,-452.419,185.213,130.731,23.609
12.549555,timing-turn,16.719703,16.666800,0,0,-451.398,187.137,130.731,23.906
12.566179,timing-turn,16.624797,16.666698,0,0,-450.387,189.067,130.731,24.203
12.582993,timing-turn,16.813301,16.666803,0,0,-449.386,191.003,130.731,24.500
12.599560,timing-turn,16.566902,16.666800,0,0,-448.396,192.944,130.731,24.797
12.616127,timing-turn,16.567197,16.666698,0,0,-447.416,194.890,130.731,25.094
12.632836,timing-turn,16.709402,16.666698,0,0,-446.446,196.841,130.731,25.391
12.649478,timing-turn,16.641200,16.666800,0,0,-445.487,198.797,130.731,25.688
12.666221,timing-turn,16.742300,16.666800,0,0,-444.538,200.758,130.731,25.984
12.682839,timing-turn,16.618498,16.671099,0,0,-443.599,202.725,130.731,26.281
12.699640,timing-turn,16.801003,16.666803,0,0,-442.670,204.696,130.731,26.578
12.716234,timing-turn,16.594298,16.666800,0,0,-441.752,206.672,130.731,26.875
12.732896,timing-turn,16.661301,16.666800,0,0,-440.844,208.653,130.731,27.172
12.749587,timing-turn,16.691100,16.666800,0,0,-439.946,210.638,130.731,27.469
12.766253,timing-turn,16.665600,16.666698,0,0,-439.059,212.628,130.731,27.766
12.782825,timing-turn,16.573399,16.666698,0,0,-438.182,214.623,130.731,28.063
12.799525,timing-turn,16.700000,16.666800,0,0,-437.316,216.622,130.731,28.360
12.816222,timing-turn,16.696800,16.666800,0,0,-436.460,218.626,130.731,28.656
12.833130,timing-turn,16.907800,16.666800,0,0,-435.614,220.634,130.731,28.953
12.849514,timing-turn,16.383700,16.666800,0,0,-434.779,222.646,130.731,29.250
12.866218,timing-turn,16.703799,16.666702,0,0,-433.954,224.663,130.731,29.547
12.882865,timing-turn,16.647100,16.666698,0,0,-433.140,226.684,130.731,29.844
12.899555,timing-turn,16.689800,16.666800,0,0,-432.336,228.709,130.731,30.141
12.916117,timing-turn,16.561601,16.666800,0,0,-431.542,230.738,130.731,30.438
12.932880,timing-turn,16.763300,16.672701,0,0,-430.759,232.772,130.731,30.735
12.949456,timing-turn,16.575702,16.666698,0,0,-429.987,234.810,130.731,31.032
12.966228,timing-turn,16.772397,16.666698,0,0,-429.225,236.851,130.731,31.328
12.982850,timing-turn,16.622003,16.666800,0,0,-428.474,238.896,130.731,31.625
12.999578,timing-turn,16.728498,16.666698,0,0,-427.734,240.946,130.731,31.922
13.016185,timing-turn,16.606499,16.666803,0,0,-427.004,242.999,130.731,32.219
13.032900,timing-turn,16.714800,16.666698,0,0,-426.285,245.055,130.731,32.516
13.049515,timing-turn,16.615100,16.666800,0,0,-425.576,247.116,130.731,32.813
13.066270,timing-turn,16.755503,16.666698,0,0,-424.878,249.180,130.731,33.110
13.083132,timing-turn,16.861599,16.666698,0,0,-424.191,251.247,130.731,33.407
13.099592,timing-turn,16.460199,16.666800,0,0,-423.515,253.319,130.731,33.703
13.116261,timing-turn,16.669001,16.666698,0,0,-422.849,255.393,130.731,34.000
13.132907,timing-turn,16.645599,16.666803,0,0,-422.194,257.471,130.731,34.297
13.149553,timing-turn,16.646501,16.666698,0,0,-421.550,259.553,130.731,34.594
13.166262,timing-turn,16.708300,16.666800,0,0,-420.916,261.638,130.731,34.891
13.182823,timing-turn,16.561601,16.666698,0,0,-420.294,263.726,130.731,35.188
13.199560,timing-turn,16.737398,16.666698,0,0,-419.682,265.817,130.731,35.485
13.216110,timing-turn,16.549703,16.666800,0,0,-419.081,267.911,130.731,35.782
13.233027,timing-turn,16.916398,16.666702,0,0,-418.491,270.009,130.731,36.078
13.249507,timing-turn,16.480401,16.666800,0,0,-417.912,272.109,130.731,36.375
13.266227,timing-turn,16.719498,16.666800,0,0,-417.344,274.213,130.731,36.672
13.282842,timing-turn,16.614702,16.666800,0,0,-416.787,276.319,130.731,36.969
13.299591,timing-turn,16.749300,16.666800,0,0,-416.240,278.428,130.731,37.266
13.316206,timing-turn,16.614601,16.666698,0,0,-415.705,280.540,130.731,37.563
13.333204,timing-turn,16.998600,16.666800,0,0,-415.180,282.655,130.731,37.860
13.349591,timing-turn,16.386997,16.666698,0,0,-414.667,284.772,130.731,38.157
13.366255,timing-turn,16.663600,16.666698,0,0,-414.164,286.893,130.731,38.453
13.382960,timing-turn,16.705900,16.666702,0,0,-413.672,289.015,130.731,38.750
13.399578,timing-turn,16.617700,16.666800,0,0,-413.192,291.140,130.731,39.047
13.416278,timing-turn,16.699903,16.666698,0,0,-412.722,293.268,130.731,39.344
13.432938,timing-turn,16.659398,16.666800,0,0,-412.264,295.398,130.731,39.641
13.449606,timing-turn,16.668200,16.666698,0,0,-411.816,297.531,130.731,39.938
13.466232,timing-turn,16.626101,16.666698,0,0,-411.380,299.665,130.731,40.235
13.482900,timing-turn,16.667098,16.666702,0,0,-410.954,301.802,130.731,40.532
13.499590,timing-turn,16.690601,16.666698,0,0,-410.540,303.941,130.731,40.828
13.516121,timing-turn,16.530901,16.666800,0,0,-410.137,306.082,130.731,41.125
13.532902,timing-turn,16.781099,16.666800,0,0,-409.745,308.226,130.731,41.422
13.549471,timing-turn,16.569100,16.666698,0,0,-409.364,310.371,130.731,41.719
13.566166,timing-turn,16.695499,16.666698,0,0,-408.994,312.518,130.731,42.016
13.582987,timing-turn,16.820602,16.666702,0,0,-408.635,314.667,130.731,42.313
13.599533,timing-turn,16.546298,16.666698,0,0,-408.287,316.818,130.731,42.610
13.616244,timing-turn,16.711202,16.666800,0,0,-407.951,318.971,130.731,42.907
13.632878,timing-turn,16.633600,16.671501,0,0,-407.626,321.126,130.731,43.204
13.649591,timing-turn,16.712800,16.666698,0,0,-407.311,323.282,130.731,43.500
13.666215,timing-turn,16.623598,16.666800,0,0,-407.008,325.440,130.731,43.797
13.682847,timing-turn,16.632102,16.666698,0,0,-406.717,327.599,130.731,44.094
13.699656,timing-turn,16.808599,16.666800,0,0,-406.436,329.760,130.731,44.391
13.716186,timing-turn,16.530201,16.666698,0,0,-406.167,331.922,130.731,44.688
13.733023,timing-turn,16.836800,16.666800,0,0,-405.909,334.085,130.731,44.985
13.749575,timing-turn,16.551498,16.666800,0,0,-405.662,336.250,130.731,45.282
13.766206,timing-turn,16.631000,16.666702,0,0,-405.426,338.416,130.731,45.579
13.782877,timing-turn,16.671203,16.666800,0,0,-405.201,340.584,130.731,45.875
13.799597,timing-turn,16.720098,16.666800,0,0,-404.988,342.752,130.731,46.172
13.816110,timing-turn,16.513001,16.666800,0,0,-404.786,344.921,130.731,46.469
13.833191,timing-turn,17.081600,16.666698,0,0,-404.595,347.092,130.731,46.766
13.849478,timing-turn,16.286600,16.666800,0,0,-404.416,349.263,130.731,47.063
13.866230,timing-turn,16.752001,16.666800,0,0,-404.247,351.436,130.731,47.360
13.882795,timing-turn,16.565397,16.666698,0,0,-404.090,353.609,130.731,47.657
13.899644,timing-turn,16.848303,16.666800,0,0,-403.944,355.783,130.731,47.954
13.916267,timing-turn,16.623098,16.666702,0,0,-403.810,357.958,130.731,48.250
13.932908,timing-turn,16.641099,16.666698,0,0,-403.687,360.133,130.731,48.547
13.949531,timing-turn,16.622402,16.666698,0,0,-403.575,362.309,130.731,48.844
13.966253,timing-turn,16.723100,16.666800,0,0,-403.474,364.485,130.731,49.141
13.982836,timing-turn,16.582098,16.666698,0,0,-403.385,366.662,130.731,49.438
13.999576,timing-turn,16.740002,16.666800,0,0,-403.307,368.840,130.731,49.735
14.016206,timing-turn,16.630597,16.666702,0,0,-403.240,371.018,130.731,50.032
14.032901,timing-turn,16.694803,16.666800,0,0,-403.184,373.196,130.731,50.329
14.049609,timing-turn,16.708598,16.666800,0,0,-403.140,375.374,130.731,50.625
14.066273,timing-turn,16.663801,16.666698,0,0,-403.107,377.553,130.731,50.922
14.083074,timing-turn,16.801301,16.666800,0,0,-403.085,379.732,130.731,51.219
14.099566,timing-turn,16.492799,16.666698,0,0,-403.075,381.910,130.731,51.516
14.116132,timing-turn,16.565200,16.666698,0,0,-403.076,384.089,130.731,51.813
14.132894,timing-turn,16.762201,16.666702,0,0,-403.088,386.268,130.731,52.110
14.149545,timing-turn,16.651101,16.666800,0,0,-403.111,388.447,130.731,52.407
14.166160,timing-turn,16.614899,16.666800,0,0,-403.146,390.625,130.731,52.704
14.182851,timing-turn,16.691398,16.666800,0,0,-403.192,392.804,130.731,53.000
14.199522,timing-turn,16.670901,16.666698,0,0,-403.249,394.982,130.731,53.297
14.216192,timing-turn,16.670100,16.666698,0,0,-403.318,397.160,130.731,53.594
14.232907,timing-turn,16.714599,16.666800,0,0,-403.398,399.337,130.731,53.891
14.249574,timing-turn,16.666602,16.666702,0,0,-403.489,401.514,130.731,54.188
14.266274,timing-turn,16.701199,16.666698,0,0,-403.591,403.690,130.731,54.485
14.282856,timing-turn,16.581699,16.666698,0,0,-403.705,405.866,130.731,54.782
14.299607,timing-turn,16.750898,16.666698,0,0,-403.830,408.042,130.731,55.079
14.316253,timing-turn,16.645800,16.666800,0,0,-403.966,410.216,130.731,55.375
14.333261,timing-turn,17.008200,16.666800,0,0,-404.114,412.390,130.731,55.672
14.349608,timing-turn,16.347799,16.666702,0,0,-404.273,414.563,130.731,55.969
14.366274,timing-turn,16.665403,16.666800,0,0,-404.443,416.735,130.731,56.266
14.382999,timing-turn,16.725797,16.666698,0,0,-404.624,418.907,130.731,56.563
14.399559,timing-turn,16.559701,16.666698,0,0,-404.817,421.077,130.731,56.860
14.416155,timing-turn,16.595401,16.666800,0,0,-405.020,423.246,130.731,57.157
14.432899,timing-turn,16.745001,16.666800,0,0,-405.235,425.414,130.731,57.454
14.449475,timing-turn,16.575497,16.666698,0,0,-405.462,427.582,130.731,57.750
14.466231,timing-turn,16.756300,16.666702,0,0,-405.699,429.747,130.731,58.047
14.482991,timing-turn,16.760301,16.666800,0,0,-405.948,431.912,130.731,58.344
14.499542,timing-turn,16.550999,16.666698,0,0,-406.208,434.075,130.731,58.641
14.516202,timing-turn,16.659502,16.666698,0,0,-406.479,436.237,130.731,58.938
14.532922,timing-turn,16.720198,16.666800,0,0,-406.761,438.398,130.731,59.235
14.549543,timing-turn,16.621500,16.666698,0,0,-407.055,440.557,130.731,59.532
14.566246,timing-turn,16.703002,16.666702,0,0,-407.359,442.714,130.731,59.829
14.583042,timing-turn,16.795900,16.666698,0,0,-407.675,444.870,130.731,60.125
14.599578,timing-turn,16.535800,16.666698,0,0,-408.002,447.024,130.731,60.422
14.616282,timing-turn,16.704999,16.666800,0,0,-408.341,449.177,130.731,60.719
14.632839,timing-turn,16.557202,16.666698,0,0,-408.690,451.327,130.731,61.016
14.649520,timing-turn,16.680300,16.666800,0,0,-409.050,453.476,130.731,61.313
14.666273,timing-turn,16.753200,16.666702,0,0,-409.422,455.623,130.731,61.610
14.682913,timing-turn,16.639300,16.666800,0,0,-409.805,457.768,130.731,61.907
14.699588,timing-turn,16.674899,16.666698,0,0,-410.199,459.911,130.731,62.204
14.716225,timing-turn,16.636599,16.666800,0,0,-410.604,462.052,130.731,62.501
14.732869,timing-turn,16.644701,16.666800,0,0,-411.020,464.191,130.731,62.797
14.749459,timing-turn,16.590498,16.666698,0,0,-411.447,466.327,130.731,63.094
14.766210,timing-turn,16.750600,16.673603,0,0,-411.885,468.462,130.731,63.391
14.782893,timing-turn,16.683303,16.666800,0,0,-412.334,470.594,130.731,63.688
14.799561,timing-turn,16.667400,16.666800,0,0,-412.794,472.724,130.731,63.985
14.816146,timing-turn,16.585197,16.666800,0,0,-413.266,474.851,130.731,64.282
14.833148,timing-turn,17.001703,16.666800,0,0,-413.748,476.976,130.731,64.579
14.849538,timing-turn,16.389698,16.666800,0,0,-414.241,479.099,130.731,64.876
14.866284,timing-turn,16.746201,16.666800,0,0,-414.746,481.218,130.731,65.173
14.882880,timing-turn,16.596299,16.666800,0,0,-415.261,483.335,130.731,65.469
14.899554,timing-turn,16.674303,16.666698,0,0,-415.787,485.450,130.731,65.766
14.916206,timing-turn,16.652200,16.666698,0,0,-416.324,487.561,130.731,66.063
14.932939,timing-turn,16.732197,16.666702,0,0,-416.873,489.670,130.731,66.360
14.949559,timing-turn,16.620401,16.666698,0,0,-417.432,491.776,130.731,66.657
14.966310,timing-turn,16.750600,16.666698,0,0,-418.002,493.879,130.731,66.954
14.982886,timing-turn,16.576398,16.666800,0,0,-418.582,495.979,130.731,67.251
14.999587,timing-turn,16.700402,16.666800,0,0,-419.174,498.076,130.731,67.548
15.016209,timing-turn,16.621698,16.666698,0,0,-419.777,500.170,130.731,67.844
15.032885,timing-turn,16.676202,16.666800,0,0,-420.390,502.260,130.731,68.141
15.049459,timing-turn,16.573999,16.666702,0,0,-421.014,504.348,130.731,68.438
15.066231,timing-turn,16.772699,16.666698,0,0,-421.649,506.432,130.731,68.735
15.083028,timing-turn,16.796902,16.666800,0,0,-422.295,508.513,130.731,69.032
15.099556,timing-turn,16.528498,16.666698,0,0,-422.952,510.591,130.731,69.329
15.116227,timing-turn,16.670901,16.666698,0,0,-423.619,512.665,130.731,69.626
15.132900,timing-turn,16.672801,16.666702,0,0,-424.297,514.736,130.731,69.923
15.149552,timing-turn,16.651999,16.666698,0,0,-424.986,516.803,130.731,70.219
15.166268,timing-turn,16.716000,16.666800,0,0,-425.686,518.866,130.731,70.516
15.182868,timing-turn,16.599800,16.666698,0,0,-426.396,520.926,130.731,70.813
15.199644,timing-turn,16.776200,16.666800,0,0,-427.117,522.982,130.731,71.110
15.216211,timing-turn,16.566798,16.666698,0,0,-427.848,525.035,130.731,71.407
15.232971,timing-turn,16.760003,16.666702,0,0,-428.590,527.083,130.731,71.704
15.249569,timing-turn,16.597498,16.666698,0,0,-429.343,529.128,130.731,72.001
15.266258,timing-turn,16.689401,16.666698,0,0,-430.106,531.169,130.731,72.298
15.282895,timing-turn,16.636599,16.666800,0,0,-430.880,533.205,130.731,72.594
15.299599,timing-turn,16.703300,16.666800,0,0,-431.665,535.238,130.731,72.891
15.316281,timing-turn,16.682498,16.666698,0,0,-432.460,537.267,130.731,73.188
15.333199,timing-turn,16.917601,16.666800,0,0,-433.265,539.291,130.731,73.485
15.349564,timing-turn,16.364802,16.666702,0,0,-434.081,541.312,130.731,73.782
15.366220,timing-turn,16.656097,16.666698,0,0,-434.907,543.328,130.731,74.079
15.382941,timing-turn,16.721800,16.668297,0,0,-435.744,545.340,130.731,74.376
15.399596,timing-turn,16.655304,16.666803,0,0,-436.592,547.347,130.731,74.673
15.416176,timing-turn,16.579598,16.666698,0,0,-437.449,549.350,130.731,74.969
15.432901,timing-turn,16.725399,16.666698,0,0,-438.317,551.348,130.731,75.266
15.449472,timing-turn,16.571000,16.666698,0,0,-439.195,553.342,130.731,75.563
15.466260,timing-turn,16.787302,16.666698,0,0,-440.084,555.332,130.731,75.860
15.482928,timing-turn,16.668499,16.666702,0,0,-440.983,557.317,130.731,76.157
15.499610,timing-turn,16.681202,16.666698,0,0,-441.892,559.297,130.731,76.454
15.516223,timing-turn,16.612999,16.666800,0,0,-442.812,561.272,130.731,76.751
15.532938,timing-turn,16.715001,16.666800,0,0,-443.741,563.243,130.731,77.048
15.549546,timing-turn,16.608398,16.666800,0,0,-444.681,565.208,130.731,77.344
15.566214,timing-turn,16.667601,16.666800,0,0,-445.631,567.169,130.731,77.641
15.583158,timing-turn,16.944099,16.666800,0,0,-446.592,569.125,130.731,77.938
15.599573,timing-turn,16.415600,16.666698,0,0,-447.562,571.076,130.731,78.235
15.616268,timing-turn,16.694799,16.666702,0,0,-448.542,573.022,130.731,78.532
15.632867,timing-turn,16.599003,16.666800,0,0,-449.533,574.962,130.731,78.829
15.649527,timing-turn,16.659997,16.666800,0,0,-450.533,576.898,130.731,79.126
15.666192,timing-turn,16.665902,16.666698,0,0,-451.544,578.828,130.731,79.423
15.682803,timing-turn,16.610797,16.666800,0,0,-452.565,580.753,130.731,79.719
15.699512,timing-turn,16.708702,16.666800,0,0,-453.595,582.673,130.731,80.016
15.716161,timing-turn,16.648799,16.666800,0,0,-454.636,584.587,130.731,80.313
15.732833,timing-turn,16.671900,16.666800,0,0,-455.686,586.496,130.731,80.610
15.749477,timing-turn,16.644601,16.666800,0,0,-456.746,588.400,130.731,80.907
15.766181,timing-turn,16.704001,16.666800,0,0,-457.816,590.298,130.731,81.204
15.782875,timing-turn,16.693600,16.666698,0,0,-458.896,592.190,130.731,81.501
15.799578,timing-turn,16.703099,16.666800,0,0,-459.986,594.077,130.731,81.798
15.816287,timing-turn,16.709700,16.666803,0,0,-461.085,595.958,130.731,82.095
15.833105,timing-turn,16.818199,16.666698,0,0,-462.194,597.834,130.731,82.391
15.849644,timing-turn,16.538203,16.666800,0,0,-463.313,599.703,130.731,82.688
15.866280,timing-turn,16.636100,16.666800,0,0,-464.442,601.567,130.731,82.985
15.882959,timing-turn,16.679797,16.666698,0,0,-465.580,603.425,130.731,83.282
15.899614,timing-turn,16.655400,16.666800,0,0,-466.728,605.277,130.731,83.579
15.916207,timing-turn,16.593203,16.666800,0,0,-467.885,607.123,130.731,83.876
15.932955,timing-turn,16.747799,16.667902,0,0,-469.052,608.963,130.731,84.173
15.949572,timing-turn,16.616900,16.666800,0,0,-470.229,610.797,130.731,84.470
15.966242,timing-turn,16.670700,16.666800,0,0,-471.415,612.625,130.731,84.766
15.982965,timing-turn,16.723800,16.676598,0,0,-472.611,614.448,130.731,85.063
15.999588,timing-turn,16.622499,16.666702,0,0,-473.816,616.263,130.731,85.360
16.016184,timing-turn,16.595799,16.666698,0,0,-475.030,618.072,130.731,85.657
16.032990,timing-turn,16.806602,16.666800,0,0,-476.253,619.875,130.731,85.954
16.049551,timing-turn,16.561497,16.666698,0,0,-477.486,621.672,130.731,86.251
16.066288,timing-turn,16.737603,16.666800,0,0,-478.728,623.462,130.731,86.548
16.083075,timing-turn,16.787298,16.666698,0,0,-479.980,625.245,130.731,86.845
16.099596,timing-turn,16.522299,16.666800,0,0,-481.241,627.022,130.731,87.142
16.116274,timing-turn,16.677201,16.666800,0,0,-482.510,628.793,130.731,87.438
16.132990,timing-turn,16.715802,16.666803,0,0,-483.789,630.557,130.731,87.735
16.149618,timing-turn,16.627397,16.666698,0,0,-485.078,632.314,130.731,88.032
16.166306,timing-turn,16.688302,16.666698,0,0,-486.375,634.065,130.731,88.329
16.182920,timing-turn,16.614299,16.666800,0,0,-487.681,635.809,130.731,88.626
16.199625,timing-turn,16.704101,16.666698,0,0,-488.996,637.546,130.731,88.923
16.216228,timing-turn,16.604099,16.666698,0,0,-490.321,639.276,130.731,89.220
16.232944,timing-turn,16.715199,16.666702,0,0,-491.654,640.999,130.731,89.517
16.249533,timing-turn,16.588502,16.666800,0,0,-492.996,642.716,130.731,89.813
16.266350,timing-turn,16.816597,16.666698,0,0,-494.347,644.425,130.731,90.110
16.282846,timing-turn,16.497400,16.666800,0,0,-495.707,646.128,130.731,90.407
16.299606,timing-turn,16.760603,16.666698,0,0,-497.076,647.823,130.731,90.704
16.316296,timing-turn,16.689200,16.666698,0,0,-498.453,649.511,130.731,91.001
16.333288,timing-turn,16.993400,16.666702,0,0,-499.839,651.192,130.731,91.298
16.349482,timing-turn,16.193498,16.666698,0,0,-501.234,652.866,130.731,91.595
16.366259,timing-turn,16.776200,16.666698,0,0,-502.637,654.533,130.731,91.892
16.382853,timing-turn,16.593602,16.666698,0,0,-504.050,656.192,130.731,92.188
16.399595,timing-turn,16.741801,16.666698,0,0,-505.470,657.844,130.731,92.485
16.416201,timing-turn,16.605198,16.666803,0,0,-506.900,659.489,130.731,92.782
16.432953,timing-turn,16.751301,16.666800,0,0,-508.337,661.126,130.731,93.079
16.449560,timing-turn,16.607400,16.666800,0,0,-509.783,662.755,130.731,93.376
16.466259,timing-turn,16.698498,16.666698,0,0,-511.238,664.378,130.731,93.673
16.482971,timing-turn,16.712300,16.666698,0,0,-512.701,665.992,130.731,93.970
16.499830,timing-turn,16.860001,16.667299,0,0,-514.173,667.599,130.731,94.267
16.516249,timing-turn,16.417600,16.666800,0,0,-515.652,669.199,130.731,94.564
16.532934,timing-turn,16.685799,16.666800,0,0,-517.140,670.790,130.731,94.860
16.549620,timing-turn,16.684901,16.666803,0,0,-518.636,672.374,130.731,95.157
16.566259,timing-turn,16.640600,16.666800,0,0,-520.141,673.950,130.731,95.454
16.583158,timing-turn,16.898900,16.666800,0,0,-521.653,675.519,130.731,95.751
16.599592,timing-turn,16.433399,16.666800,0,0,-523.174,677.079,130.731,96.048
16.616163,timing-turn,16.571499,16.666800,0,0,-524.702,678.632,130.731,96.345
16.632895,timing-turn,16.731903,16.666698,0,0,-526.239,680.177,130.731,96.642
16.649479,timing-turn,16.584199,16.666800,0,0,-527.784,681.713,130.731,96.939
16.666237,timing-turn,16.758800,16.666800,0,0,-529.336,683.242,130.731,97.235
16.682856,timing-turn,16.619399,16.666800,0,0,-530.897,684.763,130.731,97.532
16.699587,timing-turn,16.730700,16.666800,0,0,-532.465,686.275,130.731,97.829
16.716364,timing-turn,16.777601,16.666698,0,0,-534.041,687.779,130.731,98.126
16.732944,timing-turn,16.581200,16.666702,0,0,-535.625,689.276,130.731,98.423
16.749578,timing-turn,16.634200,16.666800,0,0,-537.217,690.763,130.731,98.720
16.766321,timing-turn,16.743101,16.666698,0,0,-538.817,692.243,130.731,99.017
16.782921,timing-turn,16.599998,16.666698,0,0,-540.424,693.714,130.731,99.314
16.799623,timing-turn,16.701899,16.666698,0,0,-542.038,695.177,130.731,99.610
16.816273,timing-turn,16.648803,16.666800,0,0,-543.660,696.632,130.731,99.907
16.833202,timing-turn,16.929898,16.666702,0,0,-545.290,698.078,130.731,100.204
16.849617,timing-turn,16.414199,16.666698,0,0,-546.927,699.516,130.731,100.501
16.866240,timing-turn,16.621802,16.666800,0,0,-548.572,700.945,130.731,100.798
16.882952,timing-turn,16.712099,16.666800,0,0,-550.224,702.366,130.731,101.095
16.899666,timing-turn,16.714100,16.666698,0,0,-551.883,703.778,130.731,101.392
16.916176,timing-turn,16.510200,16.666698,0,0,-553.550,705.181,130.731,101.689
16.932926,timing-turn,16.750701,16.666800,0,0,-555.224,706.576,130.731,101.985
16.949492,timing-turn,16.564898,16.666800,0,0,-556.905,707.962,130.731,102.282
16.966225,timing-turn,16.733803,16.666702,0,0,-558.593,709.340,130.731,102.579
16.982897,timing-turn,16.671497,16.666698,0,0,-560.288,710.709,130.731,102.876
16.999626,timing-turn,16.730003,16.666800,0,0,-561.991,712.068,130.731,103.173
17.016190,timing-turn,16.563997,16.666698,0,0,-563.700,713.419,130.731,103.470
17.032940,timing-turn,16.751200,16.666800,0,0,-565.417,714.762,130.731,103.767
17.049591,timing-turn,16.651403,16.666800,0,0,-567.140,716.095,130.731,104.064
17.066370,timing-turn,16.778499,16.666702,0,0,-568.870,717.419,130.731,104.360
17.083233,timing-turn,16.863301,16.666698,0,0,-570.607,718.734,130.731,104.657
17.099693,timing-turn,16.459797,16.666800,0,0,-572.351,720.041,130.731,104.954
17.116285,timing-turn,16.592301,16.666800,0,0,-574.102,721.338,130.731,105.251
17.133038,timing-turn,16.752500,16.666698,0,0,-575.859,722.626,130.731,105.548
17.149605,timing-turn,16.567498,16.666698,0,0,-577.623,723.905,130.731,105.845
17.166302,timing-turn,16.697701,16.666800,0,0,-579.394,725.175,130.731,106.142
17.182995,timing-turn,16.693700,16.666800,0,0,-581.171,726.435,130.731,106.439
17.199606,timing-turn,16.611300,16.666702,0,0,-582.954,727.687,130.731,106.735
17.216322,timing-turn,16.716801,16.666800,0,0,-584.744,728.929,130.731,107.032
17.232962,timing-turn,16.638998,16.666698,0,0,-586.541,730.162,130.731,107.329
17.249508,timing-turn,16.546000,16.666800,0,0,-588.344,731.386,130.731,107.626
17.266264,timing-turn,16.757000,16.666800,0,0,-590.153,732.600,130.731,107.923
17.282827,timing-turn,16.564101,16.666698,0,0,-591.968,733.805,130.731,108.220
17.299582,timing-turn,16.754102,16.666800,0,0,-593.790,735.000,130.731,108.517
17.316162,timing-turn,16.580600,16.666800,0,0,-595.618,736.186,130.731,108.814
17.333191,timing-turn,17.028600,16.666702,0,0,-597.452,737.362,130.731,109.110
17.349617,timing-turn,16.425997,16.666698,0,0,-599.292,738.529,130.731,109.407
17.366268,timing-turn,16.650800,16.666800,0,0,-601.138,739.687,130.731,109.704
17.382940,timing-turn,16.671501,16.666800,0,0,-602.990,740.834,130.731,110.001
17.399601,timing-turn,16.660601,16.666800,0,0,-604.848,741.973,130.731,110.298
17.416334,timing-turn,16.733099,16.666800,0,0,-606.712,743.101,130.731,110.595
17.433022,timing-turn,16.687002,16.666800,0,0,-608.581,744.220,130.731,110.892
17.449602,timing-turn,16.580500,16.666800,0,0,-610.457,745.329,130.731,111.189
17.466312,timing-turn,16.711000,16.666800,0,0,-612.338,746.429,130.731,111.485
17.482952,timing-turn,16.639099,16.666698,0,0,-614.225,747.518,130.731,111.782
17.499603,timing-turn,16.651399,16.666702,0,0,-616.117,748.598,130.731,112.079
17.516228,timing-turn,16.624700,16.666800,0,0,-618.015,749.668,130.731,112.376
17.532925,timing-turn,16.696401,16.666698,0,0,-619.919,750.728,130.731,112.673
17.549494,timing-turn,16.568698,16.666698,0,0,-621.828,751.779,130.731,112.970
17.566191,timing-turn,16.697701,16.666800,0,0,-623.742,752.819,130.731,113.267
17.583000,timing-turn,16.809702,16.666698,0,0,-625.662,753.850,130.731,113.564
17.599524,timing-turn,16.523097,16.666702,0,0,-627.587,754.870,130.731,113.860
17.616146,timing-turn,16.621601,16.666800,0,0,-629.517,755.881,130.731,114.157
17.632956,timing-turn,16.809803,16.666698,0,0,-631.453,756.881,130.731,114.454
17.649559,timing-turn,16.603697,16.666800,0,0,-633.393,757.872,130.731,114.751
17.666225,timing-turn,16.666401,16.666698,0,0,-635.339,758.852,130.731,115.048
17.682873,timing-turn,16.647302,16.666800,0,0,-637.290,759.823,130.731,115.345
17.699596,timing-turn,16.722698,16.666800,0,0,-639.246,760.783,130.731,115.642
17.716230,timing-turn,16.633801,16.666800,0,0,-641.207,761.733,130.731,115.939
17.732910,timing-turn,16.679499,16.666800,0,0,-643.172,762.673,130.731,116.236
17.749575,timing-turn,16.664300,16.666800,0,0,-645.143,763.602,130.731,116.532
17.766249,timing-turn,16.674802,16.666800,0,0,-647.118,764.522,130.731,116.829
17.782900,timing-turn,16.650498,16.666803,0,0,-649.098,765.431,130.731,117.126
17.799593,timing-turn,16.692601,16.666800,0,0,-651.083,766.330,130.731,117.423
17.816246,timing-turn,16.653500,16.666698,0,0,-653.073,767.219,130.731,117.720
17.833216,timing-turn,16.968898,16.666698,0,0,-655.067,768.097,130.731,118.017
17.849522,timing-turn,16.305201,16.666800,0,0,-657.065,768.965,130.731,118.314
17.866241,timing-turn,16.720600,16.666698,0,0,-659.068,769.823,130.731,118.611
17.882841,timing-turn,16.599201,16.666800,0,0,-661.075,770.670,130.731,118.907
17.899614,timing-turn,16.773298,16.666800,0,0,-663.087,771.507,130.731,119.204
17.916162,timing-turn,16.547799,16.666800,0,0,-665.103,772.333,130.731,119.501
17.932928,timing-turn,16.765103,16.666702,0,0,-667.124,773.149,130.731,119.798
17.949602,timing-turn,16.673397,16.666698,0,0,-669.148,773.954,130.731,120.095
17.966225,timing-turn,16.622402,16.666698,0,0,-671.177,774.749,130.731,120.392
17.982908,timing-turn,16.683698,16.666698,0,0,-673.209,775.534,130.731,120.689
17.999628,timing-turn,16.719703,16.666800,0,0,-675.246,776.308,130.731,120.986
18.016293,timing-turn,16.664300,16.666702,0,0,-677.287,777.071,130.731,121.282
18.032946,timing-turn,16.652398,16.666698,0,0,-679.332,777.824,130.731,121.579
18.049631,timing-sweep,16.686101,16.666800,0,0,-681.380,778.566,130.731,121.876
18.066256,timing-sweep,16.623799,16.666800,0,0,-682.648,779.025,80.869,122.767
18.083147,timing-sweep,16.890600,16.666698,0,0,-683.342,779.276,44.304,123.657
18.099794,timing-sweep,16.647100,16.666698,0,0,-683.616,779.376,17.489,124.548
18.116261,timing-sweep,16.466301,16.666800,0,0,-683.616,779.376,0.000,125.439
18.132917,timing-sweep,16.656399,16.666702,0,0,-683.616,779.376,0.000,126.329
18.149498,timing-sweep,16.580403,16.666800,0,0,-683.616,779.376,0.000,127.220
18.166231,timing-sweep,16.732898,16.666800,0,0,-683.616,779.376,0.000,128.111
18.182878,timing-sweep,16.646899,16.666698,0,0,-683.616,779.376,0.000,129.001
18.199556,timing-sweep,16.677402,16.666800,0,0,-683.616,779.376,0.000,129.892
18.216146,timing-sweep,16.590800,16.666698,0,0,-683.616,779.376,0.000,130.782
18.232897,timing-sweep,16.751200,16.666800,0,0,-683.616,779.376,0.000,131.673
18.249458,timing-sweep,16.560800,16.666698,0,0,-683.616,779.376,0.000,132.564
18.266214,timing-sweep,16.755998,16.666702,0,0,-683.616,779.376,0.000,133.454
18.282852,timing-sweep,16.637903,16.666698,0,0,-683.616,779.376,0.000,134.345
18.299599,timing-sweep,16.747098,16.666800,0,0,-683.616,779.376,0.000,135.236
18.316208,timing-sweep,16.609401,16.666800,0,0,-683.616,779.376,0.000,136.126
18.333210,timing-sweep,17.002400,16.666800,0,0,-683.616,779.376,0.000,137.017
18.349541,timing-sweep,16.331498,16.666800,0,0,-683.616,779.376,0.000,137.908
18.366243,timing-sweep,16.701803,16.666800,0,0,-683.616,779.376,0.000,138.798
18.382914,timing-sweep,16.670201,16.666698,0,0,-683.616,779.376,0.000,139.689
18.399572,timing-sweep,16.659498,16.674402,0,0,-683.616,779.376,0.000,140.580
18.416178,timing-sweep,16.605601,16.666800,0,0,-683.616,779.376,0.000,141.470
18.432898,timing-sweep,16.719799,16.666698,0,0,-683.616,779.376,0.000,142.361
18.449598,timing-sweep,16.701400,16.666800,0,0,-683.616,779.376,0.000,143.252
18.466223,timing-sweep,16.624700,16.666698,0,0,-683.616,779.376,0.000,144.142
18.482826,timing-sweep,16.603399,16.666800,0,0,-683.616,779.376,0.000,145.033
18.499571,timing-sweep,16.744100,16.666698,0,0,-683.616,779.376,0.000,145.924
18.516134,timing-sweep,16.563002,16.666800,0,0,-683.616,779.376,0.000,146.814
18.532909,timing-sweep,16.774900,16.666702,0,0,-683.616,779.376,0.000,147.705
18.549503,timing-sweep,16.593099,16.666800,0,0,-683.616,779.376,0.000,148.595
18.566250,timing-sweep,16.746499,16.666698,0,0,-683.616,779.376,0.000,149.486
18.583080,timing-sweep,16.830701,16.666698,0,0,-683.616,779.376,0.000,150.377
18.599558,timing-sweep,16.477700,16.666698,0,0,-683.616,779.376,0.000,151.267
18.616203,timing-sweep,16.646098,16.666800,0,0,-683.616,779.376,0.000,152.158
18.632921,timing-sweep,16.718701,16.666803,0,0,-683.616,779.376,0.000,153.049
18.649599,timing-sweep,16.678002,16.666800,0,0,-683.616,779.376,0.000,153.939
18.666254,timing-sweep,16.654298,16.666800,0,0,-683.616,779.376,0.000,154.830
18.682901,timing-sweep,16.646702,16.666698,0,0,-683.616,779.376,0.000,155.721
18.699600,timing-sweep,16.698398,16.666698,0,0,-683.616,779.376,0.000,156.611
18.716219,timing-sweep,16.619001,16.666698,0,0,-683.616,779.376,0.000,157.502
18.732904,timing-sweep,16.684800,16.666800,0,0,-683.616,779.376,0.000,158.392
18.749563,timing-sweep,16.658500,16.666702,0,0,-683.616,779.376,0.000,159.283
18.766161,timing-sweep,16.597502,16.666800,0,0,-683.616,779.376,0.000,160.174
18.782803,timing-sweep,16.640700,16.666698,0,0,-683.616,779.376,0.000,161.064
18.799564,timing-sweep,16.762700,16.666698,0,0,-683.616,779.376,0.000,161.955
18.816158,timing-sweep,16.594600,16.666698,0,0,-683.616,779.376,0.000,162.846
18.833054,timing-sweep,16.894497,16.666800,0,0,-683.616,779.376,0.000,163.736
18.849463,timing-sweep,16.409803,16.666800,0,0,-683.616,779.376,0.000,164.627
18.866222,timing-sweep,16.759597,16.666702,0,0,-683.616,779.376,0.000,165.517
18.882862,timing-sweep,16.639203,16.666800,0,0,-683.616,779.376,0.000,166.408
18.899553,timing-sweep,16.690500,16.666698,0,0,-683.616,779.376,0.000,167.299
18.916203,timing-sweep,16.648397,16.673498,0,0,-683.616,779.376,0.000,168.190
18.932983,timing-sweep,16.780503,16.666800,0,0,-683.616,779.376,0.000,169.080
18.949606,timing-sweep,16.621698,16.666803,0,0,-683.616,779.376,0.000,169.971
18.966259,timing-sweep,16.653903,16.666800,0,0,-683.616,779.376,0.000,170.862
18.982925,timing-sweep,16.666599,16.666800,0,0,-683.616,779.376,0.000,171.752
18.999586,timing-sweep,16.661000,16.666698,0,0,-683.616,779.376,0.000,172.643
19.016289,timing-sweep,16.702998,16.666800,0,0,-683.616,779.376,0.000,173.533
19.032932,timing-sweep,16.643103,16.666698,0,0,-683.616,779.376,0.000,174.424
19.049530,timing-sweep,16.597100,16.666800,0,0,-683.616,779.376,0.000,175.315
19.066263,timing-sweep,16.732998,16.666698,0,0,-683.616,779.376,0.000,176.205
19.083038,timing-sweep,16.775500,16.666800,0,0,-683.616,779.376,0.000,177.096
19.099585,timing-sweep,16.547002,16.666803,0,0,-683.616,779.376,0.000,177.987
19.116158,timing-sweep,16.572300,16.666800,0,0,-683.616,779.376,0.000,178.877
19.132898,timing-sweep,16.740799,16.666698,0,0,-683.616,779.376,0.000,179.768
19.149481,timing-sweep,16.582098,16.666800,0,0,-683.616,779.376,0.000,180.659
19.166229,timing-sweep,16.748901,16.666800,0,0,-683.616,779.376,0.000,181.549
19.182901,timing-sweep,16.672201,16.666800,0,0,-683.616,779.376,0.000,182.440
19.199587,timing-sweep,16.685300,16.666800,0,0,-683.616,779.376,0.000,183.330
19.216206,timing-sweep,16.619600,16.666800,0,0,-683.616,779.376,0.000,184.221
19.232990,timing-sweep,16.783997,16.666800,0,0,-683.616,779.376,0.000,185.112
19.249559,timing-sweep,16.569503,16.666698,0,0,-683.616,779.376,0.000,186.002
19.266327,timing-sweep,16.767997,16.666702,0,0,-683.616,779.376,0.000,186.893
19.282881,timing-sweep,16.554501,16.666698,0,0,-683.616,779.376,0.000,187.784
19.299618,timing-sweep,16.736902,16.666800,0,0,-683.616,779.376,0.000,188.674
19.316208,timing-sweep,16.589597,16.666698,0,0,-683.616,779.376,0.000,189.565
19.333204,timing-sweep,16.995803,16.666698,0,0,-683.616,779.376,0.000,190.455
19.349627,timing-sweep,16.421400,16.666698,0,0,-683.616,779.376,0.000,191.346
19.366240,timing-sweep,16.612999,16.666702,0,0,-683.616,779.376,0.000,192.237
19.382895,timing-sweep,16.654599,16.666800,0,0,-683.616,779.376,0.000,193.127
19.399591,timing-sweep,16.696300,16.666698,0,0,-683.616,779.376,0.000,194.018
19.416143,timing-sweep,16.552001,16.666800,0,0,-683.616,779.376,0.000,194.909
19.432930,timing-sweep,16.785897,16.666800,0,0,-683.616,779.376,0.000,195.799
19.449472,timing-sweep,16.542103,16.666698,0,0,-683.616,779.376,0.000,196.690
19.466314,timing-sweep,16.840998,16.666800,0,0,-683.616,779.376,0.000,197.580
19.482874,timing-sweep,16.560100,16.666800,0,0,-683.616,779.376,0.000,198.471
19.499609,timing-sweep,16.736001,16.666702,0,0,-683.616,779.376,0.000,199.362
19.516228,timing-sweep,16.618498,16.666800,0,0,-683.616,779.376,0.000,200.252
19.532938,timing-sweep,16.710002,16.666698,0,0,-683.616,779.376,0.000,201.143
19.549582,timing-sweep,16.643099,16.666800,0,0,-683.616,779.376,0.000,202.034
19.566261,timing-sweep,16.679399,16.666698,0,0,-683.616,779.376,0.000,202.924
19.583193,timing-sweep,16.932402,16.666800,0,0,-683.616,779.376,0.000,203.815
19.599636,timing-sweep,16.443100,16.666698,0,0,-683.616,779.376,0.000,204.705
19.616188,timing-sweep,16.551699,16.666803,0,0,-683.616,779.376,0.000,205.596
19.632914,timing-sweep,16.725700,16.666698,0,0,-683.616,779.376,0.000,206.487
19.649593,timing-sweep,16.679801,16.666800,0,0,-683.616,779.376,0.000,207.377
19.666233,timing-sweep,16.640499,16.666800,0,0,-683.616,779.376,0.000,208.268
19.682863,timing-sweep,16.629498,16.666800,0,0,-683.616,779.376,0.000,209.159
19.699509,timing-sweep,16.645700,16.666800,0,0,-683.616,779.376,0.000,210.049
19.716127,timing-sweep,16.618401,16.666698,0,0,-683.616,779.376,0.000,210.940
19.732922,timing-sweep,16.793702,16.666800,0,0,-683.616,779.376,0.000,211.831
19.749565,timing-sweep,16.643997,16.666800,0,0,-683.616,779.376,0.000,212.721
19.766224,timing-sweep,16.658101,16.666702,0,0,-683.616,779.376,0.000,213.612
19.782816,timing-sweep,16.592499,16.666800,0,0,-683.616,779.376,0.000,214.502
19.799650,timing-sweep,16.834803,16.666800,0,0,-683.616,779.376,0.000,215.393
19.816231,timing-sweep,16.580097,16.666698,0,0,-683.616,779.376,0.000,216.284
19.833174,timing-sweep,16.943201,16.666800,0,0,-683.616,779.376,0.000,217.174
19.849558,timing-sweep,16.384099,16.666800,0,0,-683.616,779.376,0.000,218.065
19.866278,timing-sweep,16.719900,16.666800,0,0,-683.616,779.376,0.000,218.956
19.882931,timing-sweep,16.654000,16.666800,0,0,-683.616,779.376,0.000,219.846
19.899590,timing-sweep,16.658101,16.666698,0,0,-683.616,779.376,0.000,220.737
19.916231,timing-sweep,16.641099,16.666800,0,0,-683.616,779.376,0.000,221.627
19.932940,timing-sweep,16.709201,16.666800,0,0,-683.616,779.376,0.000,222.518
19.949644,timing-sweep,16.704399,16.666702,0,0,-683.616,779.376,0.000,223.409
19.966234,timing-sweep,16.589701,16.666800,0,0,-683.616,779.376,0.000,224.299
19.982891,timing-sweep,16.656999,16.666698,0,0,-683.616,779.376,0.000,225.190
19.999569,timing-sweep,16.677201,16.666698,0,0,-683.616,779.376,0.000,226.081
20.016176,timing-sweep,16.606901,16.666698,0,0,-683.616,779.376,0.000,226.971
20.032988,timing-sweep,16.810499,16.666702,0,0,-683.616,779.376,0.000,227.862
20.049482,timing-sweep,16.494501,16.666800,0,0,-683.616,779.376,0.000,228.753
20.066261,timing-sweep,16.778000,16.666800,0,0,-683.616,779.376,0.000,229.643
20.083033,timing-sweep,16.772099,16.666800,0,0,-683.616,779.376,0.000,230.534
20.099590,timing-sweep,16.558301,16.666698,0,0,-683.616,779.376,0.000,231.424
20.116207,timing-sweep,16.617499,16.666698,0,0,-683.616,779.376,0.000,232.315
20.132936,timing-sweep,16.730301,16.666800,0,0,-683.616,779.376,0.000,233.206
20.149611,timing-sweep,16.673099,16.666698,0,0,-683.616,779.376,0.000,234.096
20.166258,timing-sweep,16.647801,16.666800,0,0,-683.616,779.376,0.000,234.987
20.182951,timing-sweep,16.692601,16.666803,0,0,-683.616,779.376,0.000,235.878
20.199625,timing-sweep,16.673297,16.666800,0,0,-683.616,779.376,0.000,236.768
20.216316,timing-sweep,16.691603,16.666800,0,0,-683.616,779.376,0.000,237.659
20.232954,timing-sweep,16.638298,16.666800,0,0,-683.616,779.376,0.000,238.549
20.249592,timing-sweep,16.638301,16.666800,0,0,-683.616,779.376,0.000,239.440
20.266285,timing-sweep,16.693600,16.675598,0,0,-683.616,779.376,0.000,240.331
20.282875,timing-sweep,16.590502,16.666698,0,0,-683.616,779.376,0.000,241.222
20.299782,timing-sweep,16.906399,16.666698,0,0,-683.616,779.376,0.000,242.112
20.316244,timing-sweep,16.462900,16.666803,0,0,-683.616,779.376,0.000,243.003
20.333134,timing-sweep,16.889300,16.666698,0,0,-683.616,779.376,0.000,243.894
20.349508,timing-sweep,16.373999,16.666698,0,0,-683.616,779.376,0.000,244.784
20.366261,timing-sweep,16.752001,16.666698,0,0,-683.616,779.376,0.000,245.675
20.382833,timing-sweep,16.572099,16.666698,0,0,-683.616,779.376,0.000,246.566
20.399601,timing-sweep,16.768299,16.666702,0,0,-683.616,779.376,0.000,247.456
20.416180,timing-sweep,16.577799,16.666800,0,0,-683.616,779.376,0.000,248.347
20.432947,timing-sweep,16.767103,16.666800,0,0,-683.616,779.376,0.000,249.237
20.449617,timing-sweep,16.669497,16.666800,0,0,-683.616,779.376,0.000,250.128
20.466265,timing-sweep,16.648203,16.666800,0,0,-683.616,779.376,0.000,251.019
20.483013,timing-sweep,16.748197,16.666800,0,0,-683.616,779.376,0.000,251.909
20.499626,timing-sweep,16.612202,16.666800,0,0,-683.616,779.376,0.000,252.800
20.516367,timing-sweep,16.741499,16.666698,0,0,-683.616,779.376,0.000,253.691
20.532969,timing-sweep,16.602501,16.666800,0,0,-683.616,779.376,0.000,254.581
20.549635,timing-sweep,16.666297,16.666698,0,0,-683.616,779.376,0.000,255.472
20.566267,timing-sweep,16.632203,16.666803,0,0,-683.616,779.376,0.000,256.363
20.583088,timing-sweep,16.820200,16.666800,0,0,-683.616,779.376,0.000,257.253
20.599592,timing-sweep,16.505200,16.666698,0,0,-683.616,779.376,0.000,258.144
20.616241,timing-sweep,16.650099,16.666800,0,0,-683.616,779.376,0.000,259.034
20.632925,timing-sweep,16.684297,16.666800,0,0,-683.616,779.376,0.000,259.925
20.649498,timing-sweep,16.573302,16.666800,0,0,-683.616,779.376,0.000,260.816
20.666269,timing-sweep,16.771801,16.666698,0,0,-683.616,779.376,0.000,261.706
20.682850,timing-sweep,16.580299,16.666698,0,0,-683.616,779.376,0.000,262.597
20.699596,timing-sweep,16.745701,16.666800,0,0,-683.616,779.376,0.000,263.488
20.716171,timing-sweep,16.574100,16.666702,0,0,-683.616,779.376,0.000,264.378
20.733118,timing-sweep,16.946800,16.666800,0,0,-683.616,779.376,0.000,265.269
20.749535,timing-sweep,16.417399,16.666698,0,0,-683.616,779.376,0.000,266.159
20.766293,timing-sweep,16.757201,16.666800,0,0,-683.616,779.376,0.000,267.050
20.782873,timing-sweep,16.581398,16.666698,0,0,-683.616,779.376,0.000,267.941
20.799637,timing-sweep,16.764302,16.666698,0,0,-683.616,779.376,0.000,268.831
20.816305,timing-sweep,16.668700,16.666702,0,0,-683.616,779.376,0.000,269.722
20.833181,timing-sweep,16.876601,16.666698,0,0,-683.616,779.376,0.000,270.613
20.849606,timing-sweep,16.424399,16.666800,0,0,-683.616,779.376,0.000,271.503
20.866280,timing-sweep,16.674500,16.666698,0,0,-683.616,779.376,0.000,272.394
20.882950,timing-sweep,16.670600,16.666800,0,0,-683.616,779.376,0.000,273.284
20.899622,timing-sweep,16.671900,16.666698,0,0,-683.616,779.376,0.000,274.175
20.916313,timing-sweep,16.690802,16.666800,0,0,-683.616,779.376,0.000,275.066
20.932949,timing-sweep,16.636498,16.666800,0,0,-683.616,779.376,0.000,275.956
20.949492,timing-sweep,16.542900,16.666702,0,0,-683.616,779.376,0.000,276.847
20.966263,timing-sweep,16.771398,16.666698,0,0,-683.616,779.376,0.000,277.738
20.982929,timing-sweep,16.666200,16.666800,0,0,-683.616,779.376,0.000,278.628
20.999666,timing-sweep,16.736500,16.666800,0,0,-683.616,779.376,0.000,279.519
21.016155,timing-sweep,16.488601,16.666800,0,0,-683.616,779.376,0.000,280.410
21.032932,timing-sweep,16.776700,16.666698,0,0,-683.616,779.376,0.000,281.300
21.049587,timing-sweep,16.655102,16.666702,0,0,-683.616,779.376,0.000,282.191
21.066278,timing-sweep,16.690500,16.666800,0,0,-683.616,779.376,0.000,283.081
21.083134,timing-sweep,16.856100,16.666698,0,0,-683.616,779.376,0.000,283.972
21.099628,timing-sweep,16.495500,16.666800,0,0,-683.616,779.376,0.000,284.863
21.116301,timing-sweep,16.671799,16.666800,0,0,-683.616,779.376,0.000,285.753
21.132957,timing-sweep,16.657401,16.666698,0,0,-683.616,779.376,0.000,286.644
21.149641,timing-sweep,16.682800,16.666800,0,0,-683.616,779.376,0.000,287.535
21.166286,timing-sweep,16.644500,16.666800,0,0,-683.616,779.376,0.000,288.425
21.182934,timing-sweep,16.647797,16.666698,0,0,-683.616,779.376,0.000,289.316
21.199682,timing-sweep,16.747903,16.666803,0,0,-683.616,779.376,0.000,290.206
21.216225,timing-sweep,16.542099,16.666698,0,0,-683.616,779.376,0.000,291.097
21.232922,timing-sweep,16.696200,16.666800,0,0,-683.616,779.376,0.000,291.988
21.249531,timing-sweep,16.608499,16.666698,0,0,-683.616,779.376,0.000,292.878
21.266279,timing-sweep,16.747899,16.666800,0,0,-683.616,779.376,0.000,293.769
21.282873,timing-sweep,16.594402,16.666698,0,0,-683.616,779.376,0.000,294.660
21.299599,timing-sweep,16.726099,16.666698,0,0,-683.616,779.376,0.000,295.550
21.316204,timing-sweep,16.605198,16.666803,0,0,-683.616,779.376,0.000,296.441
21.333103,timing-sweep,16.899601,16.666698,0,0,-683.616,779.376,0.000,297.331
21.349506,timing-sweep,16.403202,16.666800,0,0,-683.616,779.376,0.000,298.222
21.366280,timing-sweep,16.773500,16.666800,0,0,-683.616,779.376,0.000,299.113
21.382948,timing-sweep,16.667798,16.666698,0,0,-683.616,779.376,0.000,300.003
21.399578,timing-sweep,16.629901,16.666698,0,0,-683.616,779.376,0.000,300.894
21.416216,timing-sweep,16.638301,16.666702,0,0,-683.616,779.376,0.000,301.785
21.432961,timing-sweep,16.744297,16.666800,0,0,-683.616,779.376,0.000,302.675
21.449547,timing-sweep,16.586501,16.666698,0,0,-683.616,779.376,0.000,303.566
21.466305,timing-sweep,16.758200,16.666800,0,0,-683.616,779.376,0.000,304.457
21.482964,timing-sweep,16.658999,16.666800,0,0,-683.616,779.376,0.000,305.347
21.499643,timing-sweep,16.680401,16.666698,0,0,-683.616,779.376,0.000,306.238
21.516294,timing-sweep,16.651701,16.666698,0,0,-683.616,779.376,0.000,307.128
21.532946,timing-sweep,16.651798,16.666702,0,0,-683.616,779.376,0.000,308.019
21.549601,timing-sweep,16.654700,16.666698,0,0,-683.616,779.376,0.000,308.910
21.566198,timing-sweep,16.597800,16.666800,0,0,-683.616,779.376,0.000,309.800
21.583048,timing-sweep,16.850401,16.666800,0,0,-683.616,779.376,0.000,310.691
21.599569,timing-sweep,16.521800,16.666698,0,0,-683.616,779.376,0.000,311.582
21.616234,timing-sweep,16.665302,16.666901,0,0,-683.616,779.376,0.000,312.472
21.632902,timing-sweep,16.668197,16.666800,0,0,-683.616,779.376,0.000,313.363
21.649473,timing-sweep,16.571201,16.666800,0,0,-683.616,779.376,0.000,314.253
21.666243,timing-sweep,16.770102,16.666800,0,0,-683.616,779.376,0.000,315.144
21.682892,timing-sweep,16.649500,16.666800,0,0,-683.616,779.376,0.000,316.035
21.699564,timing-sweep,16.672798,16.666800,0,0,-683.616,779.376,0.000,316.925
21.716290,timing-sweep,16.725201,16.666800,0,0,-683.616,779.376,0.000,317.816
21.732958,timing-sweep,16.668499,16.666702,0,0,-683.616,779.376,0.000,318.707
21.749598,timing-sweep,16.638901,16.666698,0,0,-683.616,779.376,0.000,319.597
21.766275,timing-sweep,16.677000,16.666698,0,0,-683.616,779.376,0.000,320.488
21.782959,timing-sweep,16.684100,16.666698,0,0,-683.616,779.376,0.000,321.378
21.799629,timing-sweep,16.669601,16.666800,0,0,-683.616,779.376,0.000,322.269
21.816208,timing-sweep,16.579401,16.666800,0,0,-683.616,779.376,0.000,323.160
21.833199,timing-sweep,16.991399,16.666800,0,0,-683.616,779.376,0.000,324.050
21.849590,timing-sweep,16.391199,16.666800,0,0,-683.616,779.376,0.000,324.941
21.866232,timing-sweep,16.641799,16.666702,0,0,-683.616,779.376,0.000,325.832
21.882824,timing-sweep,16.591702,16.666698,0,0,-683.616,779.376,0.000,326.722
21.899565,timing-sweep,16.740698,16.666800,0,0,-683.616,779.376,0.000,327.613
21.916265,timing-sweep,16.701400,16.666800,0,0,-683.616,779.376,0.000,328.504
21.932913,timing-sweep,16.646702,16.666698,0,0,-683.616,779.376,0.000,329.394
21.949528,timing-sweep,16.614698,16.666698,0,0,-683.616,779.376,0.000,330.285
21.966269,timing-sweep,16.740002,16.666702,0,0,-683.616,779.376,0.000,331.175
21.982882,timing-sweep,16.612999,16.666800,0,0,-683.616,779.376,0.000,332.066
21.999632,timing-sweep,16.750399,16.666800,0,0,-683.616,779.376,0.000,332.957
22.016283,timing-sweep,16.651500,16.666800,0,0,-683.616,779.376,0.000,333.847
22.032953,timing-sweep,16.669802,16.666698,0,0,-683.616,779.376,0.000,334.738
22.049620,timing-sweep,16.666498,16.666698,0,0,-683.616,779.376,0.000,335.629
22.066284,timing-sweep,16.663700,16.666698,0,0,-683.616,779.376,0.000,336.519
22.083252,timing-sweep,16.968500,16.666803,0,0,-683.616,779.376,0.000,337.410
22.099651,timing-sweep,16.399600,16.666698,0,0,-683.616,779.376,0.000,338.300
22.116287,timing-sweep,16.636100,16.666698,0,0,-683.616,779.376,0.000,339.191
22.132998,timing-sweep,16.710803,16.666698,0,0,-683.616,779.376,0.000,340.082
22.149595,timing-sweep,16.598698,16.666698,0,0,-683.616,779.376,0.000,340.972
22.166296,timing-sweep,16.701601,16.666702,0,0,-683.616,779.376,0.000,341.863
22.182882,timing-sweep,16.585898,16.666800,0,0,-683.616,779.376,0.000,342.754
22.199612,timing-sweep,16.729902,16.666800,0,0,-683.616,779.376,0.000,343.644
22.216158,timing-sweep,16.546600,16.666698,0,0,-683.616,779.376,0.000,344.535
22.232931,timing-sweep,16.773000,16.666800,0,0,-683.616,779.376,0.000,345.425
22.249535,timing-sweep,16.602598,16.666698,0,0,-683.616,779.376,0.000,346.316
22.266254,timing-sweep,16.720101,16.666800,0,0,-683.616,779.376,0.000,347.207
22.282833,timing-sweep,16.578101,16.666800,0,0,-683.616,779.376,0.000,348.097
22.299612,timing-sweep,16.779099,16.666702,0,0,-683.616,779.376,0.000,348.988
22.316231,timing-sweep,16.617801,16.666800,0,0,-683.616,779.376,0.000,349.879
22.333275,timing-sweep,17.044999,16.666800,0,0,-683.616,779.376,0.000,350.769
22.349596,timing-sweep,16.321201,16.666698,0,0,-683.616,779.376,0.000,351.660
22.366282,timing-sweep,16.685601,16.666800,0,0,-683.616,779.376,0.000,352.551
22.383104,timing-sweep,16.821899,16.666698,0,0,-683.616,779.376,0.000,353.441
22.399658,timing-sweep,16.554799,16.666800,0,0,-683.616,779.376,0.000,354.332
22.416231,timing-sweep,16.572900,16.666698,0,0,-683.616,779.376,0.000,355.222
22.432981,timing-sweep,16.749602,16.666702,0,0,-683.616,779.376,0.000,356.113
22.449579,timing-sweep,16.598098,16.666800,0,0,-683.616,779.376,0.000,357.004
22.466270,timing-sweep,16.691800,16.666698,0,0,-683.616,779.376,0.000,357.894
22.482864,timing-sweep,16.594000,16.666800,0,0,-683.616,779.376,0.000,358.785
22.499617,timing-sweep,16.752400,16.666800,0,0,-683.616,779.376,0.000,359.676
22.516176,timing-sweep,16.560003,16.666698,0,0,-683.616,779.376,0.000,0.566
22.532940,timing-sweep,16.762797,16.666800,0,0,-683.616,779.376,0.000,1.457
22.549520,timing-sweep,16.580202,16.666698,0,0,-683.616,779.376,0.000,2.347
22.566332,timing-sweep,16.811199,16.666803,0,0,-683.616,779.376,0.000,3.238
22.583035,timing-sweep,16.702600,16.666698,0,0,-683.616,779.376,0.000,4.129
22.599619,timing-sweep,16.583599,16.666800,0,0,-683.616,779.376,0.000,5.019
22.616228,timing-sweep,16.609002,16.666698,0,0,-683.616,779.376,0.000,5.910
22.632923,timing-sweep,16.695898,16.666698,0,0,-683.616,779.376,0.000,6.801
22.649712,timing-sweep,16.787801,16.666800,0,0,-683.616,779.376,0.000,7.691
22.666235,timing-sweep,16.523302,16.666800,0,0,-683.616,779.376,0.000,8.582
22.682878,timing-sweep,16.644400,16.666702,0,0,-683.616,779.376,0.000,9.472
22.699652,timing-sweep,16.772497,16.666698,0,0,-683.616,779.376,0.000,10.363
22.716265,timing-sweep,16.613301,16.666800,0,0,-683.616,779.376,0.000,11.254
22.732952,timing-sweep,16.687103,16.666698,0,0,-683.616,779.376,0.000,12.144
22.749611,timing-sweep,16.658697,16.666800,0,0,-683.616,779.376,0.000,13.035
22.766281,timing-sweep,16.669899,16.666698,0,0,-683.616,779.376,0.000,13.926
22.782906,timing-sweep,16.624101,16.666800,0,0,-683.616,779.376,0.000,14.816
22.799614,timing-sweep,16.707700,16.666702,0,0,-683.616,779.376,0.000,15.707
22.816175,timing-sweep,16.560800,16.666698,0,0,-683.616,779.376,0.000,16.598
22.833138,timing-sweep,16.961902,16.666698,0,0,-683.616,779.376,0.000,17.488
22.849493,timing-sweep,16.355600,16.666698,0,0,-683.616,779.376,0.000,18.379
22.866213,timing-sweep,16.720399,16.666800,0,0,-683.616,779.376,0.000,19.269
22.882826,timing-sweep,16.613301,16.666800,0,0,-683.616,779.376,0.000,20.160
22.899721,timing-sweep,16.895097,16.666702,0,0,-683.616,779.376,0.000,21.051
22.916197,timing-sweep,16.474802,16.666800,0,0,-683.616,779.376,0.000,21.941
22.932959,timing-sweep,16.762100,16.666800,0,0,-683.616,779.376,0.000,22.832
22.949598,timing-sweep,16.638801,16.666698,0,0,-683.616,779.376,0.000,23.723
22.966290,timing-sweep,16.691297,16.666800,0,0,-683.616,779.376,0.000,24.613
22.982916,timing-sweep,16.625900,16.675402,0,0,-683.616,779.376,0.000,25.504
22.999651,timing-sweep,16.736001,16.666800,0,0,-683.616,779.376,0.000,26.395
23.016268,timing-sweep,16.617201,16.666800,0,0,-683.616,779.376,0.000,27.286
23.032961,timing-sweep,16.693398,16.666800,0,0,-683.616,779.376,0.000,28.176
23.049595,timing-sweep,16.634703,16.666800,0,0,-683.616,779.376,0.000,29.067
23.066320,timing-sweep,16.724799,16.666698,0,0,-683.616,779.376,0.000,29.957
23.083246,timing-sweep,16.925801,16.666800,0,0,-683.616,779.376,0.000,30.848
23.099621,timing-sweep,16.374297,16.666800,0,0,-683.616,779.376,0.000,31.739
23.116211,timing-sweep,16.589701,16.666800,0,0,-683.616,779.376,0.000,32.629
23.132952,timing-sweep,16.740501,16.666800,0,0,-683.616,779.376,0.000,33.520
23.149504,timing-sweep,16.551200,16.666698,0,0,-683.616,779.376,0.000,34.411
23.166241,timing-sweep,16.737901,16.666702,0,0,-683.616,779.376,0.000,35.301
23.182888,timing-sweep,16.646698,16.666698,0,0,-683.616,779.376,0.000,36.192
23.199610,timing-sweep,16.721699,16.666800,0,0,-683.616,779.376,0.000,37.082
23.216188,timing-sweep,16.579401,16.666800,0,0,-683.616,779.376,0.000,37.973
23.232973,timing-sweep,16.785402,16.666698,0,0,-683.616,779.376,0.000,38.864
23.249561,timing-sweep,16.587600,16.666698,0,0,-683.616,779.376,0.000,39.754
23.266302,timing-sweep,16.741600,16.666803,0,0,-683.616,779.376,0.000,40.645
23.282904,timing-sweep,16.600698,16.666800,0,0,-683.616,779.376,0.000,41.536
23.299627,timing-sweep,16.723901,16.666698,0,0,-683.616,779.376,0.000,42.426
23.316311,timing-sweep,16.683798,16.666800,0,0,-683.616,779.376,0.000,43.317
23.333273,timing-sweep,16.961399,16.666800,0,0,-683.616,779.376,0.000,44.207
23.349636,timing-sweep,16.362201,16.666698,0,0,-683.616,779.376,0.000,45.098
23.366293,timing-sweep,16.656801,16.666698,0,0,-683.616,779.376,0.000,45.989
23.382994,timing-sweep,16.701199,16.666800,0,0,-683.616,779.376,0.000,46.879
23.399622,timing-sweep,16.628999,16.666702,0,0,-683.616,779.376,0.000,47.770
23.416302,timing-sweep,16.679902,16.666698,0,0,-683.616,779.376,0.000,48.661
23.432970,timing-sweep,16.668398,16.666698,0,0,-683.616,779.376,0.000,49.551
23.449492,timing-sweep,16.521603,16.666800,0,0,-683.616,779.376,0.000,50.442
23.466255,timing-sweep,16.762797,16.666698,0,0,-683.616,779.376,0.000,51.333
23.482944,timing-sweep,16.688600,16.666800,0,0,-683.616,779.376,0.000,52.223
23.499630,timing-sweep,16.684800,16.666800,0,0,-683.616,779.376,0.000,53.114
23.516207,timing-sweep,16.577501,16.666702,0,0,-683.616,779.376,0.000,54.004
23.532940,timing-sweep,16.733699,16.666800,0,0,-683.616,779.376,0.000,54.895
23.549591,timing-sweep,16.650200,16.666800,0,0,-683.616,779.376,0.000,55.786
23.566301,timing-sweep,16.710803,16.666698,0,0,-683.616,779.376,0.000,56.676
23.583214,timing-sweep,16.911797,16.666800,0,0,-683.616,779.376,0.000,57.567
23.599623,timing-sweep,16.409002,16.666800,0,0,-683.616,779.376,0.000,58.458
23.616306,timing-sweep,16.684100,16.666800,0,0,-683.616,779.376,0.000,59.348
23.632942,timing-sweep,16.636200,16.666800,0,0,-683.616,779.376,0.000,60.239
23.649551,timing-sweep,16.609099,16.666698,0,0,-683.616,779.376,0.000,61.129
23.666275,timing-sweep,16.722802,16.666702,0,0,-683.616,779.376,0.000,62.020
23.682970,timing-sweep,16.694397,16.666698,0,0,-683.616,779.376,0.000,62.911
23.699644,timing-sweep,16.673703,16.666698,0,0,-683.616,779.376,0.000,63.801
23.716297,timing-sweep,16.653799,16.666800,0,0,-683.616,779.376,0.000,64.692
23.732996,timing-sweep,16.699702,16.666800,0,0,-683.616,779.376,0.000,65.583
23.749578,timing-sweep,16.582198,16.666698,0,0,-683.616,779.376,0.000,66.473
23.766216,timing-sweep,16.638599,16.666702,0,0,-683.616,779.376,0.000,67.364
23.782856,timing-sweep,16.638901,16.666800,0,0,-683.616,779.376,0.000,68.254
23.799650,timing-sweep,16.794398,16.666698,0,0,-683.616,779.376,0.000,69.145
23.816200,timing-sweep,16.550902,16.666698,0,0,-683.616,779.376,0.000,70.036
23.833141,timing-sweep,16.941600,16.666800,0,0,-683.616,779.376,0.000,70.926
23.849560,timing-sweep,16.417600,16.666698,0,0,-683.616,779.376,0.000,71.817
23.866329,timing-sweep,16.768698,16.666702,0,0,-683.616,779.376,0.000,72.708
23.882893,timing-sweep,16.564101,16.666800,0,0,-683.616,779.376,0.000,73.598
23.899635,timing-sweep,16.743399,16.666698,0,0,-683.616,779.376,0.000,74.489
23.916306,timing-sweep,16.671102,16.666800,0,0,-683.616,779.376,0.000,75.380
23.932974,timing-sweep,16.668599,16.666698,0,0,-683.616,779.376,0.000,76.270
23.949644,timing-sweep,16.670600,16.666698,0,0,-683.616,779.376,0.000,77.161
23.966305,timing-sweep,16.660102,16.666702,0,0,-683.616,779.376,0.000,78.051
23.983038,timing-sweep,16.732898,16.666800,0,0,-683.616,779.376,0.000,78.942
23.999662,timing-sweep,16.625401,16.666800,0,0,-683.616,779.376,0.000,79.833
24.016237,timing-sweep,16.574599,16.666698,0,0,-683.616,779.376,0.000,80.723
24.032974,timing-sweep,16.736403,16.666698,0,0,-683.616,779.376,0.000,81.614
24.049543,capture-idle,16.569499,16.666698,0,0,-683.616,779.376,0.000,82.505
24.066263,capture-idle,16.719900,16.666800,0,0,-683.616,779.376,0.000,82.505
24.083063,capture-idle,16.800199,16.666702,0,0,-683.616,779.376,0.000,82.505
24.099615,capture-idle,16.552400,16.666800,0,0,-683.616,779.376,0.000,82.505
24.116194,capture-idle,16.577899,16.666800,0,0,-683.616,779.376,0.000,82.505
24.132935,capture-idle,16.741600,16.666698,0,0,-683.616,779.376,0.000,82.505
24.149509,capture-idle,16.575802,16.666800,0,0,-683.616,779.376,0.000,82.505
24.166285,capture-idle,16.774900,16.666800,0,1,-683.616,779.376,0.000,82.505
24.291443,capture-idle,125.157598,125.212700,1,1,-683.616,779.376,0.000,82.505
24.416954,capture-idle,125.511002,125.194504,2,1,-683.616,779.376,0.000,82.505
24.541475,capture-idle,124.520399,124.857101,3,0,-683.616,779.376,0.000,82.505
24.558228,capture-idle,16.752999,16.666800,3,1,-683.616,779.376,0.000,82.505
24.685797,capture-idle,127.569702,127.377007,4,1,-683.616,779.376,0.000,82.505
24.810051,capture-idle,124.253899,124.533806,5,0,-683.616,779.376,0.000,82.505
24.826843,capture-idle,16.791999,16.666698,5,1,-683.616,779.376,0.000,82.505
24.952471,capture-idle,125.627503,125.466110,6,1,-683.616,779.376,0.000,82.505
25.080814,capture-idle,128.343899,128.649094,7,1,-683.616,779.376,0.000,82.505
25.204311,capture-idle,123.497099,123.117996,8,0,-683.616,779.376,0.000,82.505
25.220686,capture-idle,16.373802,16.666702,8,1,-683.616,779.376,0.000,82.505
25.342041,capture-idle,121.354997,121.410591,9,0,-683.616,779.376,0.000,82.505
25.358725,capture-idle,16.683903,16.666702,9,1,-683.616,779.376,0.000,82.505
25.483871,capture-idle,125.147600,124.878494,10,1,-683.616,779.376,0.000,82.505
25.608793,capture-idle,124.922298,125.227005,11,0,-683.616,779.376,0.000,82.505
25.625435,capture-idle,16.641703,16.666702,11,1,-683.616,779.376,0.000,82.505
25.761662,capture-idle,136.227001,135.890991,12,1,-683.616,779.376,0.000,82.505
25.890659,capture-idle,128.997799,129.318100,13,1,-683.616,779.376,0.000,82.505
26.022259,capture-idle,131.599698,131.283112,14,1,-683.616,779.376,0.000,82.505
26.160854,capture-idle,138.596300,138.893204,15,1,-683.616,779.376,0.000,82.505
26.293097,capture-walk,132.242102,131.957794,16,1,-683.616,779.376,0.000,82.505
26.428595,capture-walk,135.498900,135.667587,17,1,-683.055,783.640,47.484,82.505
26.557394,capture-walk,128.799200,128.496307,18,1,-681.767,793.426,90.000,82.505
26.693977,capture-walk,136.584099,136.754501,19,1,-680.162,805.629,90.000,82.505
26.829901,capture-walk,135.923401,135.793900,20,1,-678.567,817.746,90.000,82.505
26.958725,capture-walk,128.824901,129.078888,21,1,-677.052,829.264,90.000,82.505
27.090448,capture-walk,131.722797,131.466110,22,1,-675.508,840.995,90.000,82.505
27.221758,capture-walk,131.310001,131.495300,23,1,-673.965,852.728,90.000,82.505
27.355762,capture-walk,134.003799,133.849899,24,1,-672.393,864.672,90.000,82.505
27.491062,capture-walk,135.300100,135.597702,25,1,-670.801,876.771,90.000,82.505
27.631420,capture-walk,140.357900,139.917603,26,1,-669.159,889.256,90.000,82.505
27.761604,capture-walk,130.185001,130.590500,27,1,-667.625,900.909,90.000,82.505
27.892681,capture-walk,131.076701,130.670700,28,1,-666.091,912.569,90.000,82.505
28.026812,capture-walk,134.131201,134.511902,29,1,-664.512,924.572,90.000,82.505
28.182774,capture-walk,155.961201,155.802505,30,1,-662.683,938.474,90.000,82.505
28.327284,capture-walk,144.510597,144.715500,31,1,-660.984,951.387,90.000,82.505
28.474297,capture-walk,147.013001,146.725693,32,1,-659.261,964.480,90.000,82.505
28.620443,capture-walk,146.146499,146.425690,33,1,-657.542,977.545,90.000,82.505
28.766556,capture-walk,146.113202,145.759811,34,1,-655.831,990.552,90.000,82.505
28.911657,capture-walk,145.100798,145.418304,35,1,-654.124,1003.527,90.000,82.505
29.065790,capture-walk,154.132202,153.819611,36,1,-652.318,1017.253,90.000,82.505
29.209049,capture-walk,143.259998,143.606689,37,1,-650.632,1030.067,90.000,82.505
29.350044,capture-walk,140.994601,140.779114,38,1,-648.979,1042.629,90.000,82.505
29.495810,capture-walk,145.765200,145.972290,39,1,-647.265,1055.654,90.000,82.505
29.638622,capture-walk,142.813001,142.529907,40,1,-645.592,1068.372,90.000,82.505
29.780003,capture-walk,141.379498,141.624008,41,1,-643.929,1081.010,90.000,82.505
29.923738,capture-walk,143.736001,143.396790,42,1,-642.246,1093.805,90.000,82.505
30.071627,capture-walk,147.887498,148.257111,43,1,-640.505,1107.034,90.000,82.505
30.213003,capture-walk,141.376901,141.086899,44,1,-638.849,1119.623,90.000,82.505
30.355915,capture-turn,142.912500,143.231491,45,1,-637.167,1132.404,90.000,82.505
30.500027,capture-turn,144.111801,143.745193,46,1,-643.637,1148.769,130.731,85.065
30.643232,capture-turn,143.204801,143.559799,47,1,-653.729,1164.588,130.731,87.622
30.783842,capture-turn,140.609998,140.329010,48,1,-664.586,1179.374,130.731,90.122
30.927910,capture-turn,144.067299,144.348206,49,1,-676.461,1194.040,130.731,92.693
31.076498,capture-turn,148.588803,148.339493,50,1,-689.338,1208.539,130.731,95.335
31.221004,capture-turn,144.506000,144.639404,51,1,-702.523,1222.091,130.731,97.912
31.374134,capture-turn,153.129701,153.004608,52,1,-717.108,1235.778,130.731,100.637
31.516336,capture-turn,142.202299,142.433197,53,1,-731.262,1247.876,130.731,103.174
31.658209,capture-turn,141.871899,141.692703,54,1,-745.869,1259.267,130.731,105.698
31.800993,capture-turn,142.784301,142.975998,55,1,-761.102,1270.097,130.731,108.245
31.942873,capture-turn,141.879398,141.546906,56,1,-776.643,1280.141,130.731,110.766
32.089779,capture-turn,146.905702,147.123688,57,1,-793.246,1289.849,130.731,113.387
32.237782,capture-turn,148.003399,147.796997,58,1,-810.352,1298.832,130.731,116.019
32.380222,capture-turn,142.439798,142.746994,59,1,-827.249,1306.751,130.731,118.562
32.524769,capture-turn,144.545402,144.243591,60,1,-844.665,1313.980,130.731,121.131
32.670795,capture-turn,146.027301,146.335007,61,1,-862.645,1320.511,130.731,123.738
32.814503,capture-turn,143.707499,143.462601,62,1,-880.543,1326.114,130.731,126.293
32.961803,capture-turn,147.301801,147.538391,63,1,-899.191,1331.038,130.731,128.921
33.105244,capture-turn,143.440899,143.152405,64,1,-917.482,1334.995,130.731,131.471
33.249622,capture-turn,144.378502,144.664307,65,1,-936.127,1338.159,130.731,134.048
33.398354,capture-turn,148.730900,148.343002,66,1,-955.373,1340.534,130.731,136.691
33.541939,capture-turn,143.584300,143.996994,67,1,-974.141,1341.989,130.731,139.256
33.680626,capture-turn,138.688900,138.412003,68,1,-992.225,1342.586,130.731,141.721
33.825203,capture-turn,144.577600,144.847092,69,1,-1011.160,1342.376,130.731,144.301
33.967625,capture-turn,142.422501,141.987991,70,1,-1029.693,1341.346,130.731,146.830
34.110920,capture-turn,143.295098,143.732605,71,1,-1048.389,1339.472,130.731,149.390
34.254894,capture-turn,143.975101,143.506088,72,1,-1066.953,1336.770,130.731,151.947
34.401886,capture-sweep,146.992300,147.448898,73,1,-1085.883,1333.137,130.731,154.573
34.540466,capture-sweep,138.581999,138.337006,74,1,-1086.425,1333.028,0.000,161.965
34.681259,capture-sweep,140.792899,141.098907,75,1,-1086.425,1333.028,0.000,169.505
34.821781,capture-sweep,140.520502,140.340805,76,1,-1086.425,1333.028,0.000,177.005
34.964069,capture-sweep,142.286800,142.327606,77,1,-1086.425,1333.028,0.000,184.611
35.104309,capture-sweep,140.238602,140.090103,78,1,-1086.425,1333.028,0.000,192.097
35.239475,capture-sweep,135.166097,135.459198,79,1,-1086.425,1333.028,0.000,199.335
35.376419,capture-sweep,136.944901,136.662003,80,1,-1086.425,1333.028,0.000,206.638
35.520382,capture-sweep,143.961601,144.256393,81,1,-1086.425,1333.028,0.000,214.347
35.666111,capture-sweep,145.730197,145.482605,82,1,-1086.425,1333.028,0.000,222.121
35.805218,capture-sweep,139.107801,139.317596,83,1,-1086.425,1333.028,0.000,229.566
35.948811,capture-sweep,143.592998,143.353409,84,1,-1086.425,1333.028,0.000,237.226
36.089287,capture-sweep,140.476100,140.749390,85,1,-1086.425,1333.028,0.000,244.748
36.232452,capture-sweep,143.166803,142.928604,86,1,-1086.425,1333.028,0.000,252.385
36.372120,capture-sweep,139.667299,139.903305,87,1,-1086.425,1333.028,0.000,259.861
36.527119,capture-sweep,154.998101,154.733902,88,1,-1086.425,1333.028,0.000,268.130
36.673080,capture-sweep,145.961899,146.221405,89,1,-1086.425,1333.028,0.000,275.944
36.826069,capture-sweep,152.986798,152.675003,90,1,-1086.425,1333.028,0.000,284.102
36.968674,capture-sweep,142.604101,142.889908,91,1,-1086.425,1333.028,0.000,291.738
37.108791,capture-sweep,140.119001,139.870407,92,1,-1086.425,1333.028,0.000,299.212
37.250015,capture-sweep,141.225498,141.500198,93,1,-1086.425,1333.028,0.000,306.774
37.394428,capture-sweep,144.413400,144.123108,94,1,-1086.425,1333.028,0.000,314.475
37.537334,capture-sweep,142.906301,143.218613,95,1,-1086.425,1333.028,0.000,322.128
37.675659,capture-sweep,138.322998,138.016403,96,1,-1086.425,1333.028,0.000,329.504
37.819546,capture-sweep,143.886503,144.185303,97,1,-1086.425,1333.028,0.000,337.209
37.960884,capture-sweep,141.338997,141.048111,98,1,-1086.425,1333.028,0.000,344.746
38.104122,capture-sweep,143.237803,143.548203,99,1,-1086.425,1333.028,0.000,352.417
38.247398,capture-sweep,143.277299,143.020996,100,1,-1086.425,1333.028,0.000,0.059
38.397511,capture-sweep,150.111102,150.125397,101,1,-1086.425,1333.028,0.000,8.082
38.540558,capture-sweep,143.046100,142.987991,102,1,-1086.425,1333.028,0.000,15.723
38.682442,capture-sweep,141.883999,142.175705,103,1,-1086.425,1333.028,0.000,23.320
38.824589,capture-sweep,142.146800,141.744904,104,1,-1086.425,1333.028,0.000,30.895
38.972576,capture-sweep,147.988901,148.396484,105,1,-1086.425,1333.028,0.000,38.825
39.113037,capture-sweep,140.459500,140.191605,106,1,-1086.425,1333.028,0.000,46.316
39.253830,capture-sweep,140.793499,141.051498,107,1,-1086.425,1333.028,0.000,53.854
39.395542,capture-sweep,141.711600,141.413895,108,1,-1086.425,1333.028,0.000,61.410
39.536015,capture-sweep,140.473902,140.644302,109,1,-1086.425,1333.028,0.000,68.926
39.682625,capture-sweep,146.609098,146.353897,110,1,-1086.425,1333.028,0.000,76.747
39.823067,capture-sweep,140.440099,140.771591,111,1,-1086.425,1333.028,0.000,84.269
39.966656,capture-sweep,143.590003,143.269089,112,1,-1086.425,1333.028,0.000,91.925
40.106060,capture-sweep,139.405999,139.745300,113,1,-1086.425,1333.028,0.000,99.393
40.245941,capture-sweep,139.881101,139.617096,114,1,-1086.425,1333.028,0.000,106.854
40.388241,capture-sweep,142.299298,142.570801,115,1,-1086.425,1333.028,0.000,114.472
