seconds,pass,wall_frame_ms,engine_delta_ms,captures_requested_before_tick,capture_requested_this_tick,x,y,speed,view_yaw
0.000023,close-notes,0.022899,16.666800,0,0,-1000.000,0.000,0.000,15.000
0.015552,close-notes,15.528902,16.666800,0,0,-1000.000,0.000,0.000,15.000
0.032038,close-notes,16.486399,16.666698,0,0,-1000.000,0.000,0.000,15.000
0.048640,close-notes,16.601998,16.666702,0,0,-1000.000,0.000,0.000,15.000
0.065317,close-notes,16.676601,16.666800,0,0,-1000.000,0.000,0.000,15.000
0.082336,close-notes,17.019302,16.666800,0,0,-1000.000,0.000,0.000,15.000
0.098655,close-notes,16.319297,16.666800,0,0,-1000.000,0.000,0.000,15.000
0.115332,close-notes,16.676299,16.666800,0,0,-1000.000,0.000,0.000,15.000
0.131992,close-notes,16.660102,16.666800,0,0,-1000.000,0.000,0.000,15.000
0.148670,close-notes,16.677700,16.666698,0,0,-1000.000,0.000,0.000,15.000
0.165313,close-notes,16.643699,16.666800,0,0,-1000.000,0.000,0.000,15.000
0.182062,close-notes,16.749199,16.666698,0,0,-1000.000,0.000,0.000,15.000
0.198641,close-notes,16.578101,16.666803,0,0,-1000.000,0.000,0.000,15.000
0.215360,close-notes,16.719900,16.666698,0,0,-1000.000,0.000,0.000,15.000
0.232300,close-notes,16.939100,16.666800,0,0,-1000.000,0.000,0.000,15.000
0.248675,close-notes,16.375102,16.666800,0,0,-1000.000,0.000,0.000,15.000
0.265310,close-notes,16.635198,16.666698,0,0,-1000.000,0.000,0.000,15.000
0.281990,close-notes,16.680401,16.666800,0,0,-1000.000,0.000,0.000,15.000
0.298669,close-notes,16.679101,16.666800,0,0,-1000.000,0.000,0.000,15.000
0.315272,close-notes,16.603000,16.666698,0,0,-1000.000,0.000,0.000,15.000
0.332372,close-notes,17.099198,16.666702,0,0,-1000.000,0.000,0.000,15.000
0.348564,close-notes,16.192101,16.666800,0,0,-1000.000,0.000,0.000,15.000
0.365258,close-notes,16.694099,16.666698,0,0,-1000.000,0.000,0.000,15.000
0.381875,close-notes,16.617600,16.666698,0,0,-1000.000,0.000,0.000,15.000
0.398557,close-notes,16.681902,16.666698,0,0,-1000.000,0.000,0.000,15.000
0.415225,close-notes,16.668100,16.666800,0,0,-1000.000,0.000,0.000,15.000
0.431899,close-notes,16.673300,16.666800,0,0,-1000.000,0.000,0.000,15.000
0.448560,close-notes,16.661398,16.666702,0,0,-1000.000,0.000,0.000,15.000
0.465231,close-notes,16.670901,16.666800,0,0,-1000.000,0.000,0.000,15.000
0.481928,close-notes,16.697299,16.666800,0,0,-1000.000,0.000,0.000,15.000
0.498612,close-notes,16.683999,16.666800,0,0,-1000.000,0.000,0.000,15.000
0.515309,close-notes,16.697101,16.666698,0,0,-1000.000,0.000,0.000,15.000
0.531906,close-notes,16.596802,16.666698,0,0,-1000.000,0.000,0.000,15.000
0.548654,close-notes,16.747497,16.666800,0,0,-1000.000,0.000,0.000,15.000
0.565276,close-notes,16.622502,16.666800,0,0,-1000.000,0.000,0.000,15.000
0.582174,close-notes,16.897898,16.666702,0,0,-1000.000,0.000,0.000,15.000
0.598613,close-notes,16.439300,16.666698,0,0,-1000.000,0.000,0.000,15.000
0.615259,close-notes,16.645502,16.666800,0,0,-1000.000,0.000,0.000,15.000
0.632002,close-notes,16.743399,16.666800,0,0,-1000.000,0.000,0.000,15.000
0.648625,close-notes,16.622700,16.666800,0,0,-1000.000,0.000,0.000,15.000
0.665245,close-notes,16.619898,16.666698,0,0,-1000.000,0.000,0.000,15.000
0.681902,close-notes,16.657300,16.666698,0,0,-1000.000,0.000,0.000,15.000
0.698551,close-notes,16.648702,16.666702,0,0,-1000.000,0.000,0.000,15.000
0.715269,close-notes,16.718198,16.666800,0,0,-1000.000,0.000,0.000,15.000
0.731895,close-notes,16.625501,16.666800,0,0,-1000.000,0.000,0.000,15.000
0.748542,close-notes,16.647600,16.666800,0,0,-1000.000,0.000,0.000,15.000
0.765233,close-notes,16.690601,16.666800,0,0,-1000.000,0.000,0.000,15.000
0.781864,close-notes,16.630698,16.666800,0,0,-1000.000,0.000,0.000,15.000
0.798562,close-notes,16.698603,16.666800,0,0,-1000.000,0.000,0.000,15.000
0.815255,close-notes,16.692899,16.666800,0,0,-1000.000,0.000,0.000,15.000
0.832195,close-notes,16.939599,16.666800,0,0,-1000.000,0.000,0.000,15.000
0.848631,close-notes,16.436402,16.666698,0,0,-1000.000,0.000,0.000,15.000
0.865281,close-notes,16.650397,16.666800,0,0,-1000.000,0.000,0.000,15.000
0.881977,close-notes,16.695403,16.666702,0,0,-1000.000,0.000,0.000,15.000
0.898594,close-notes,16.617198,16.666698,0,0,-1000.000,0.000,0.000,15.000
0.915311,close-notes,16.717102,16.666800,0,0,-1000.000,0.000,0.000,15.000
0.931986,close-notes,16.675200,16.666800,0,0,-1000.000,0.000,0.000,15.000
0.948627,close-notes,16.641300,16.666800,0,0,-1000.000,0.000,0.000,15.000
0.965350,close-notes,16.722798,16.666698,0,0,-1000.000,0.000,0.000,15.000
0.982010,close-notes,16.660199,16.666698,0,0,-1000.000,0.000,0.000,15.000
0.998670,close-notes,16.659003,16.666800,0,0,-1000.000,0.000,0.000,15.000
1.015202,close-notes,16.532097,16.666800,0,0,-1000.000,0.000,0.000,15.000
1.031910,warm-up-no-capture,16.708400,16.666702,0,0,-1000.000,0.000,0.000,15.000
1.048521,warm-up-no-capture,16.611200,16.666800,0,0,-1000.000,0.000,0.000,15.000
1.065259,warm-up-no-capture,16.737301,16.666800,0,0,-1000.000,0.000,0.000,15.000
1.082110,warm-up-no-capture,16.851202,16.666698,0,0,-1000.000,0.000,0.000,15.000
1.098569,warm-up-no-capture,16.458999,16.666698,0,0,-1000.000,0.000,0.000,15.000
1.115292,warm-up-no-capture,16.723800,16.666698,0,0,-1000.000,0.000,0.000,15.000
1.132005,warm-up-no-capture,16.713001,16.666803,0,0,-1000.000,0.000,0.000,15.000
1.148716,warm-up-no-capture,16.710300,16.666800,0,0,-1000.000,0.000,0.000,15.000
1.165264,warm-up-no-capture,16.548399,16.666698,0,0,-1000.000,0.000,0.000,15.000
1.181948,warm-up-no-capture,16.683701,16.666698,0,0,-1000.000,0.000,0.000,15.000
1.198609,warm-up-no-capture,16.661499,16.666800,0,0,-1000.000,0.000,0.000,15.000
1.215287,warm-up-no-capture,16.677298,16.666800,0,0,-1000.000,0.000,0.000,15.000
1.231953,warm-up-no-capture,16.666401,16.666698,0,0,-1000.000,0.000,0.000,15.000
1.248604,warm-up-no-capture,16.650699,16.666800,0,0,-1000.000,0.000,0.000,15.000
1.265352,warm-up-no-capture,16.748801,16.666702,0,0,-1000.000,0.000,0.000,15.000
1.281968,warm-up-no-capture,16.615100,16.666800,0,0,-1000.000,0.000,0.000,15.000
1.298669,warm-up-no-capture,16.701002,16.666800,0,0,-1000.000,0.000,0.000,15.000
1.315254,warm-up-no-capture,16.585499,16.666800,0,0,-1000.000,0.000,0.000,15.000
1.332108,warm-up-no-capture,16.854201,16.666698,0,0,-1000.000,0.000,0.000,15.000
1.348542,warm-up-no-capture,16.433500,16.666698,0,0,-1000.000,0.000,0.000,15.000
1.365219,warm-up-no-capture,16.677398,16.666698,0,0,-1000.000,0.000,0.000,15.000
1.381902,warm-up-no-capture,16.682502,16.666800,0,0,-1000.000,0.000,0.000,15.000
1.398565,warm-up-no-capture,16.663499,16.666803,0,0,-1000.000,0.000,0.000,15.000
1.415222,warm-up-no-capture,16.657200,16.666698,0,0,-1000.000,0.000,0.000,15.000
1.431939,warm-up-no-capture,16.717002,16.666698,0,0,-1000.000,0.000,0.000,15.000
1.448633,warm-up-no-capture,16.693898,16.678200,0,0,-1000.000,0.000,0.000,15.000
1.465343,warm-up-no-capture,16.709503,16.666800,0,0,-1000.000,0.000,0.000,15.000
1.481979,warm-up-no-capture,16.636498,16.666800,0,0,-1000.000,0.000,0.000,15.000
1.498653,warm-up-no-capture,16.674202,16.666702,0,0,-1000.000,0.000,0.000,15.000
1.515298,warm-up-no-capture,16.644798,16.666800,0,0,-1000.000,0.000,0.000,15.000
1.531999,warm-up-no-capture,16.700700,16.666800,0,0,-1000.000,0.000,0.000,15.000
1.548643,warm-up-no-capture,16.644001,16.666800,0,0,-1000.000,0.000,0.000,15.000
1.565301,warm-up-no-capture,16.658001,16.666698,0,0,-1000.000,0.000,0.000,15.000
1.582254,warm-up-no-capture,16.952999,16.666800,0,0,-1000.000,0.000,0.000,15.000
1.598690,warm-up-no-capture,16.435899,16.666800,0,0,-1000.000,0.000,0.000,15.000
1.615263,warm-up-no-capture,16.573101,16.666800,0,0,-1000.000,0.000,0.000,15.000
1.631889,warm-up-no-capture,16.626500,16.666800,0,0,-1000.000,0.000,0.000,15.000
1.648533,warm-up-no-capture,16.644001,16.666698,0,0,-1000.000,0.000,0.000,15.000
1.665235,warm-up-no-capture,16.701598,16.666702,0,0,-1000.000,0.000,0.000,15.000
1.681901,warm-up-no-capture,16.665600,16.666698,0,0,-1000.000,0.000,0.000,15.000
1.698595,warm-up-no-capture,16.694199,16.666698,0,0,-1000.000,0.000,0.000,15.000
1.715209,warm-up-no-capture,16.613800,16.666698,0,0,-1000.000,0.000,0.000,15.000
1.731927,warm-up-no-capture,16.718403,16.666698,0,0,-1000.000,0.000,0.000,15.000
1.748690,warm-up-no-capture,16.762801,16.666702,0,0,-1000.000,0.000,0.000,15.000
1.765327,warm-up-no-capture,16.637497,16.666800,0,0,-1000.000,0.000,0.000,15.000
1.781992,warm-up-no-capture,16.665101,16.666698,0,0,-1000.000,0.000,0.000,15.000
1.798729,warm-up-no-capture,16.737100,16.666800,0,0,-1000.000,0.000,0.000,15.000
1.815278,warm-up-no-capture,16.548499,16.666800,0,0,-1000.000,0.000,0.000,15.000
1.832292,warm-up-no-capture,17.013900,16.666800,0,0,-1000.000,0.000,0.000,15.000
1.848686,warm-up-no-capture,16.394101,16.666698,0,0,-1000.000,0.000,0.000,15.000
1.865361,warm-up-no-capture,16.674999,16.666800,0,0,-1000.000,0.000,0.000,15.000
1.882013,warm-up-no-capture,16.652301,16.666800,0,0,-1000.000,0.000,0.000,15.000
1.898661,warm-up-no-capture,16.647901,16.666702,0,0,-1000.000,0.000,0.000,15.000
1.915357,warm-up-no-capture,16.695399,16.671497,0,0,-1000.000,0.000,0.000,15.000
1.931991,warm-up-no-capture,16.634699,16.666702,0,0,-1000.000,0.000,0.000,15.000
1.948588,warm-up-no-capture,16.596600,16.666800,0,0,-1000.000,0.000,0.000,15.000
1.965254,warm-up-no-capture,16.665701,16.666698,0,0,-1000.000,0.000,0.000,15.000
1.981946,warm-up-no-capture,16.692400,16.666800,0,0,-1000.000,0.000,0.000,15.000
1.998614,warm-up-no-capture,16.668200,16.666698,0,0,-1000.000,0.000,0.000,15.000
2.015252,warm-up-no-capture,16.637899,16.666698,0,0,-1000.000,0.000,0.000,15.000
2.031938,warm-up-no-capture,16.685799,16.666800,0,0,-1000.000,0.000,0.000,15.000
2.048568,warm-up-no-capture,16.630001,16.666702,0,0,-1000.000,0.000,0.000,15.000
2.065294,warm-up-no-capture,16.726099,16.666800,0,0,-1000.000,0.000,0.000,15.000
2.082281,warm-up-no-capture,16.987402,16.666698,0,0,-1000.000,0.000,0.000,15.000
2.098629,warm-up-no-capture,16.348101,16.666698,0,0,-1000.000,0.000,0.000,15.000
2.115312,warm-up-no-capture,16.683098,16.666800,0,0,-1000.000,0.000,0.000,15.000
2.132011,warm-up-no-capture,16.698502,16.669703,0,0,-1000.000,0.000,0.000,15.000
2.148627,warm-up-no-capture,16.615897,16.666698,0,0,-1000.000,0.000,0.000,15.000
2.165305,warm-up-no-capture,16.678602,16.666698,0,0,-1000.000,0.000,0.000,15.000
2.181970,warm-up-no-capture,16.664300,16.666698,0,0,-1000.000,0.000,0.000,15.000
2.198695,warm-up-no-capture,16.725801,16.666800,0,0,-1000.000,0.000,0.000,15.000
2.215333,warm-up-no-capture,16.637597,16.666702,0,0,-1000.000,0.000,0.000,15.000
2.232020,warm-up-no-capture,16.687501,16.666800,0,0,-1000.000,0.000,0.000,15.000
2.248636,warm-up-no-capture,16.615301,16.666800,0,0,-1000.000,0.000,0.000,15.000
2.265245,warm-up-no-capture,16.608998,16.666698,0,0,-1000.000,0.000,0.000,15.000
2.281895,warm-up-no-capture,16.650300,16.666800,0,0,-1000.000,0.000,0.000,15.000
2.298720,warm-up-no-capture,16.825400,16.666800,0,0,-1000.000,0.000,0.000,15.000
2.315237,warm-up-no-capture,16.516499,16.666800,0,0,-1000.000,0.000,0.000,15.000
2.332150,warm-up-no-capture,16.912699,16.666698,0,0,-1000.000,0.000,0.000,15.000
2.348547,warm-up-no-capture,16.397502,16.666702,0,0,-1000.000,0.000,0.000,15.000
2.365298,warm-up-no-capture,16.751401,16.666800,0,0,-1000.000,0.000,0.000,15.000
2.382011,warm-up-no-capture,16.712599,16.666698,0,0,-1000.000,0.000,0.000,15.000
2.398688,warm-up-no-capture,16.677301,16.677399,0,0,-1000.000,0.000,0.000,15.000
2.415307,warm-up-no-capture,16.618799,16.666698,0,0,-1000.000,0.000,0.000,15.000
2.432030,warm-up-no-capture,16.723499,16.666803,0,0,-1000.000,0.000,0.000,15.000
2.448657,warm-up-no-capture,16.626298,16.666698,0,0,-1000.000,0.000,0.000,15.000
2.465369,warm-up-no-capture,16.711600,16.677896,0,0,-1000.000,0.000,0.000,15.000
2.482011,warm-up-no-capture,16.642202,16.666800,0,0,-1000.000,0.000,0.000,15.000
2.498698,warm-up-no-capture,16.687199,16.666803,0,0,-1000.000,0.000,0.000,15.000
2.515263,warm-up-no-capture,16.565301,16.666698,0,0,-1000.000,0.000,0.000,15.000
2.532044,warm-up-no-capture,16.781300,16.666800,0,0,-1000.000,0.000,0.000,15.000
2.548661,warm-up-no-capture,16.615998,16.666698,0,0,-1000.000,0.000,0.000,15.000
2.565265,warm-up-no-capture,16.604800,16.666800,0,0,-1000.000,0.000,0.000,15.000
2.582109,warm-up-no-capture,16.843300,16.666698,0,0,-1000.000,0.000,0.000,15.000
2.598613,warm-up-no-capture,16.504101,16.666702,0,0,-1000.000,0.000,0.000,15.000
2.615255,warm-up-no-capture,16.641900,16.666800,0,0,-1000.000,0.000,0.000,15.000
2.631934,warm-up-no-capture,16.679600,16.666698,0,0,-1000.000,0.000,0.000,15.000
2.648624,warm-up-no-capture,16.690299,16.666800,0,0,-1000.000,0.000,0.000,15.000
2.665266,warm-up-no-capture,16.641200,16.666800,0,0,-1000.000,0.000,0.000,15.000
2.681988,warm-up-no-capture,16.722001,16.666800,0,0,-1000.000,0.000,0.000,15.000
2.698646,warm-up-no-capture,16.658600,16.666698,0,0,-1000.000,0.000,0.000,15.000
2.715298,warm-up-no-capture,16.652402,16.666698,0,0,-1000.000,0.000,0.000,15.000
2.732005,warm-up-no-capture,16.706899,16.666800,0,0,-1000.000,0.000,0.000,15.000
2.748761,warm-up-no-capture,16.755801,16.666803,0,0,-1000.000,0.000,0.000,15.000
2.765361,warm-up-no-capture,16.599499,16.666698,0,0,-1000.000,0.000,0.000,15.000
2.782003,warm-up-no-capture,16.642001,16.666800,0,0,-1000.000,0.000,0.000,15.000
2.798719,warm-up-no-capture,16.716100,16.666800,0,0,-1000.000,0.000,0.000,15.000
2.815386,warm-up-no-capture,16.666900,16.666698,0,0,-1000.000,0.000,0.000,15.000
2.832298,warm-up-no-capture,16.912300,16.666800,0,0,-1000.000,0.000,0.000,15.000
2.848749,warm-up-no-capture,16.451299,16.666698,0,0,-1000.000,0.000,0.000,15.000
2.865422,warm-up-no-capture,16.672298,16.666800,0,0,-1000.000,0.000,0.000,15.000
2.881978,warm-up-no-capture,16.556300,16.666702,0,0,-1000.000,0.000,0.000,15.000
2.898589,warm-up-no-capture,16.611002,16.666698,0,0,-1000.000,0.000,0.000,15.000
2.915240,warm-up-no-capture,16.650699,16.666800,0,0,-1000.000,0.000,0.000,15.000
2.931941,warm-up-no-capture,16.701002,16.666800,0,0,-1000.000,0.000,0.000,15.000
2.948572,warm-up-no-capture,16.631298,16.666698,0,0,-1000.000,0.000,0.000,15.000
2.965403,warm-up-no-capture,16.830999,16.667601,0,0,-1000.000,0.000,0.000,15.000
2.981911,warm-up-no-capture,16.507801,16.666800,0,0,-1000.000,0.000,0.000,15.000
2.998646,warm-up-no-capture,16.735401,16.666698,0,0,-1000.000,0.000,0.000,15.000
3.015355,warm-up-no-capture,16.709000,16.666698,0,0,-1000.000,0.000,0.000,15.000
3.031999,warm-up-no-capture,16.643900,16.666800,0,0,-1000.000,0.000,0.000,15.000
3.048673,warm-up-no-capture,16.674299,16.666803,0,0,-1000.000,0.000,0.000,15.000
3.065343,warm-up-no-capture,16.669299,16.666800,0,0,-1000.000,0.000,0.000,15.000
3.082278,warm-up-no-capture,16.935501,16.666800,0,0,-1000.000,0.000,0.000,15.000
3.098773,warm-up-no-capture,16.494300,16.666698,0,0,-1000.000,0.000,0.000,15.000
3.115320,warm-up-no-capture,16.547300,16.666698,0,0,-1000.000,0.000,0.000,15.000
3.132047,warm-up-no-capture,16.727000,16.666800,0,0,-1000.000,0.000,0.000,15.000
3.148631,warm-up-no-capture,16.583998,16.666800,0,0,-1000.000,0.000,0.000,15.000
3.165380,warm-up-no-capture,16.749199,16.679100,0,0,-1000.000,0.000,0.000,15.000
3.181971,warm-up-no-capture,16.591404,16.666698,0,0,-1000.000,0.000,0.000,15.000
3.198668,warm-up-no-capture,16.696896,16.666698,0,0,-1000.000,0.000,0.000,15.000
3.215292,warm-up-no-capture,16.623400,16.666803,0,0,-1000.000,0.000,0.000,15.000
3.231955,warm-up-no-capture,16.663600,16.666698,0,0,-1000.000,0.000,0.000,15.000
3.248602,warm-up-no-capture,16.646903,16.666698,0,0,-1000.000,0.000,0.000,15.000
3.265291,warm-up-no-capture,16.688898,16.666800,0,0,-1000.000,0.000,0.000,15.000
3.281921,warm-up-no-capture,16.630702,16.666800,0,0,-1000.000,0.000,0.000,15.000
3.298646,warm-up-no-capture,16.724698,16.666800,0,0,-1000.000,0.000,0.000,15.000
3.315312,warm-up-no-capture,16.666301,16.666800,0,0,-1000.000,0.000,0.000,15.000
3.332310,warm-up-no-capture,16.997799,16.666698,0,0,-1000.000,0.000,0.000,15.000
3.348682,warm-up-no-capture,16.371902,16.666800,0,0,-1000.000,0.000,0.000,15.000
3.365522,warm-up-no-capture,16.839698,16.666803,0,0,-1000.000,0.000,0.000,15.000
3.382021,warm-up-no-capture,16.499102,16.666698,0,0,-1000.000,0.000,0.000,15.000
3.398754,warm-up-no-capture,16.732898,16.666800,0,0,-1000.000,0.000,0.000,15.000
3.415359,warm-up-no-capture,16.604699,16.666800,0,0,-1000.000,0.000,0.000,15.000
3.432023,warm-up-no-capture,16.664203,16.666698,0,0,-1000.000,0.000,0.000,15.000
3.448716,warm-up-no-capture,16.693499,16.666800,0,0,-1000.000,0.000,0.000,15.000
3.465379,warm-up-no-capture,16.662601,16.666800,0,0,-1000.000,0.000,0.000,15.000
3.481984,warm-up-no-capture,16.604699,16.666698,0,0,-1000.000,0.000,0.000,15.000
3.498644,warm-up-no-capture,16.660299,16.666702,0,0,-1000.000,0.000,0.000,15.000
3.515272,warm-up-no-capture,16.628198,16.666800,0,0,-1000.000,0.000,0.000,15.000
3.531951,warm-up-no-capture,16.679201,16.666800,0,0,-1000.000,0.000,0.000,15.000
3.548658,warm-up-no-capture,16.706500,16.666800,0,0,-1000.000,0.000,0.000,15.000
3.565284,warm-up-no-capture,16.626000,16.666800,0,0,-1000.000,0.000,0.000,15.000
3.582143,warm-up-no-capture,16.859401,16.666800,0,0,-1000.000,0.000,0.000,15.000
3.598610,warm-up-no-capture,16.467299,16.666698,0,0,-1000.000,0.000,0.000,15.000
3.615273,warm-up-no-capture,16.662098,16.666800,0,0,-1000.000,0.000,0.000,15.000
3.632172,warm-up-no-capture,16.899802,16.666800,0,0,-1000.000,0.000,0.000,15.000
3.648688,warm-up-no-capture,16.515598,16.666800,0,0,-1000.000,0.000,0.000,15.000
3.665372,warm-up-no-capture,16.684003,16.666800,0,0,-1000.000,0.000,0.000,15.000
3.682042,warm-up-no-capture,16.669799,16.666702,0,0,-1000.000,0.000,0.000,15.000
3.698675,warm-up-no-capture,16.633399,16.666800,0,0,-1000.000,0.000,0.000,15.000
3.715357,warm-up-no-capture,16.681701,16.666800,0,0,-1000.000,0.000,0.000,15.000
3.732101,warm-up-no-capture,16.744100,16.666698,0,0,-1000.000,0.000,0.000,15.000
3.748709,warm-up-no-capture,16.607899,16.666800,0,0,-1000.000,0.000,0.000,15.000
3.765393,warm-up-no-capture,16.684201,16.666698,0,0,-1000.000,0.000,0.000,15.000
3.782038,warm-up-no-capture,16.644500,16.666800,0,0,-1000.000,0.000,0.000,15.000
3.798751,warm-up-no-capture,16.713101,16.666698,0,0,-1000.000,0.000,0.000,15.000
3.815341,warm-up-no-capture,16.589999,16.666702,0,0,-1000.000,0.000,0.000,15.000
3.832150,warm-up-no-capture,16.809300,16.666800,0,0,-1000.000,0.000,0.000,15.000
3.848650,warm-up-no-capture,16.499601,16.666800,0,0,-1000.000,0.000,0.000,15.000
3.865403,warm-up-no-capture,16.752899,16.666800,0,0,-1000.000,0.000,0.000,15.000
3.881970,warm-up-no-capture,16.567301,16.666800,0,0,-1000.000,0.000,0.000,15.000
3.898645,warm-up-no-capture,16.675301,16.666698,0,0,-1000.000,0.000,0.000,15.000
3.915271,warm-up-no-capture,16.625699,16.666800,0,0,-1000.000,0.000,0.000,15.000
3.932014,warm-up-no-capture,16.743299,16.666800,0,0,-1000.000,0.000,0.000,15.000
3.948639,warm-up-no-capture,16.625103,16.666698,0,0,-1000.000,0.000,0.000,15.000
3.965341,warm-up-no-capture,16.702000,16.666702,0,0,-1000.000,0.000,0.000,15.000
3.981990,warm-up-no-capture,16.649198,16.666800,0,0,-1000.000,0.000,0.000,15.000
3.998682,warm-up-no-capture,16.691200,16.666800,0,0,-1000.000,0.000,0.000,15.000
4.015363,warm-up-no-capture,16.681101,16.666698,0,0,-1000.000,0.000,0.000,15.000
4.032012,timing-idle,16.649697,16.666698,0,0,-1000.000,0.000,0.000,15.000
4.048703,timing-idle,16.690601,16.666800,0,0,-1000.000,0.000,0.000,15.000
4.065415,timing-idle,16.712002,16.666800,0,0,-1000.000,0.000,0.000,15.000
4.082295,timing-idle,16.880199,16.666800,0,0,-1000.000,0.000,0.000,15.000
4.098748,timing-idle,16.452100,16.666800,0,0,-1000.000,0.000,0.000,15.000
4.115344,timing-idle,16.595799,16.666800,0,0,-1000.000,0.000,0.000,15.000
4.132072,timing-idle,16.728699,16.666702,0,0,-1000.000,0.000,0.000,15.000
4.148613,timing-idle,16.540799,16.666698,0,0,-1000.000,0.000,0.000,15.000
4.165303,timing-idle,16.689602,16.666800,0,0,-1000.000,0.000,0.000,15.000
4.181933,timing-idle,16.629998,16.666698,0,0,-1000.000,0.000,0.000,15.000
4.198648,timing-idle,16.714700,16.666800,0,0,-1000.000,0.000,0.000,15.000
4.215256,timing-idle,16.608302,16.666800,0,0,-1000.000,0.000,0.000,15.000
4.231969,timing-idle,16.713202,16.666800,0,0,-1000.000,0.000,0.000,15.000
4.248672,timing-idle,16.702998,16.666800,0,0,-1000.000,0.000,0.000,15.000
4.265338,timing-idle,16.665898,16.666702,0,0,-1000.000,0.000,0.000,15.000
4.282064,timing-idle,16.725801,16.666800,0,0,-1000.000,0.000,0.000,15.000
4.298717,timing-idle,16.652800,16.666800,0,0,-1000.000,0.000,0.000,15.000
4.315361,timing-idle,16.644102,16.666698,0,0,-1000.000,0.000,0.000,15.000
4.332320,timing-idle,16.959000,16.666698,0,0,-1000.000,0.000,0.000,15.000
4.348693,timing-idle,16.372599,16.666800,0,0,-1000.000,0.000,0.000,15.000
4.365373,timing-idle,16.680200,16.666698,0,0,-1000.000,0.000,0.000,15.000
4.381984,timing-idle,16.610399,16.666800,0,0,-1000.000,0.000,0.000,15.000
4.398724,timing-idle,16.740501,16.666702,0,0,-1000.000,0.000,0.000,15.000
4.415420,timing-idle,16.695399,16.666800,0,0,-1000.000,0.000,0.000,15.000
4.432086,timing-idle,16.666103,16.666800,0,0,-1000.000,0.000,0.000,15.000
4.448719,timing-idle,16.632799,16.666698,0,0,-1000.000,0.000,0.000,15.000
4.465297,timing-idle,16.578197,16.666800,0,0,-1000.000,0.000,0.000,15.000
4.481951,timing-idle,16.654301,16.666698,0,0,-1000.000,0.000,0.000,15.000
4.498633,timing-idle,16.681999,16.666800,0,0,-1000.000,0.000,0.000,15.000
4.515279,timing-idle,16.645700,16.666702,0,0,-1000.000,0.000,0.000,15.000
4.531990,timing-idle,16.710602,16.666800,0,0,-1000.000,0.000,0.000,15.000
4.548586,timing-idle,16.596500,16.666698,0,0,-1000.000,0.000,0.000,15.000
4.565298,timing-idle,16.711298,16.666800,0,0,-1000.000,0.000,0.000,15.000
4.582265,timing-idle,16.967300,16.666800,0,0,-1000.000,0.000,0.000,15.000
4.598716,timing-idle,16.451500,16.666800,0,0,-1000.000,0.000,0.000,15.000
4.615337,timing-idle,16.620502,16.666800,0,0,-1000.000,0.000,0.000,15.000
4.632025,timing-idle,16.688097,16.666800,0,0,-1000.000,0.000,0.000,15.000
4.648745,timing-idle,16.719602,16.666698,0,0,-1000.000,0.000,0.000,15.000
4.665397,timing-idle,16.652402,16.666702,0,0,-1000.000,0.000,0.000,15.000
4.682047,timing-idle,16.649798,16.666800,0,0,-1000.000,0.000,0.000,15.000
4.698771,timing-idle,16.724102,16.666800,0,0,-1000.000,0.000,0.000,15.000
4.715376,timing-idle,16.605500,16.666800,0,0,-1000.000,0.000,0.000,15.000
4.732069,timing-idle,16.692899,16.666800,0,0,-1000.000,0.000,0.000,15.000
4.748712,timing-idle,16.642198,16.666800,0,0,-1000.000,0.000,0.000,15.000
4.765398,timing-idle,16.686201,16.666698,0,0,-1000.000,0.000,0.000,15.000
4.782139,timing-idle,16.741201,16.666800,0,0,-1000.000,0.000,0.000,15.000
4.798635,timing-idle,16.495001,16.666698,0,0,-1000.000,0.000,0.000,15.000
4.815289,timing-idle,16.654599,16.666702,0,0,-1000.000,0.000,0.000,15.000
4.832319,timing-idle,17.030198,16.666698,0,0,-1000.000,0.000,0.000,15.000
4.848639,timing-idle,16.320299,16.666800,0,0,-1000.000,0.000,0.000,15.000
4.865334,timing-idle,16.694203,16.666698,0,0,-1000.000,0.000,0.000,15.000
4.881948,timing-idle,16.613897,16.666698,0,0,-1000.000,0.000,0.000,15.000
4.898668,timing-idle,16.720302,16.666800,0,0,-1000.000,0.000,0.000,15.000
4.915396,timing-idle,16.727898,16.666702,0,0,-1000.000,0.000,0.000,15.000
4.932079,timing-idle,16.683299,16.666698,0,0,-1000.000,0.000,0.000,15.000
4.948698,timing-idle,16.619202,16.666800,0,0,-1000.000,0.000,0.000,15.000
4.965538,timing-idle,16.839702,16.666698,0,0,-1000.000,0.000,0.000,15.000
4.982009,timing-idle,16.471397,16.666901,0,0,-1000.000,0.000,0.000,15.000
4.998683,timing-idle,16.674399,16.666698,0,0,-1000.000,0.000,0.000,15.000
5.015362,timing-idle,16.678903,16.666800,0,0,-1000.000,0.000,0.000,15.000
5.032034,timing-idle,16.672298,16.666698,0,0,-1000.000,0.000,0.000,15.000
5.048656,timing-idle,16.620900,16.666800,0,0,-1000.000,0.000,0.000,15.000
5.065364,timing-idle,16.708698,16.666803,0,0,-1000.000,0.000,0.000,15.000
5.082234,timing-idle,16.869903,16.666800,0,0,-1000.000,0.000,0.000,15.000
5.098626,timing-idle,16.391199,16.671598,0,0,-1000.000,0.000,0.000,15.000
5.115304,timing-idle,16.677801,16.666698,0,0,-1000.000,0.000,0.000,15.000
5.131988,timing-idle,16.684201,16.666800,0,0,-1000.000,0.000,0.000,15.000
5.148603,timing-idle,16.615897,16.666800,0,0,-1000.000,0.000,0.000,15.000
5.165319,timing-idle,16.715400,16.666702,0,0,-1000.000,0.000,0.000,15.000
5.181929,timing-idle,16.610101,16.666800,0,0,-1000.000,0.000,0.000,15.000
5.198662,timing-idle,16.733199,16.666698,0,0,-1000.000,0.000,0.000,15.000
5.215340,timing-idle,16.678002,16.666698,0,0,-1000.000,0.000,0.000,15.000
5.232050,timing-idle,16.710501,16.666698,0,0,-1000.000,0.000,0.000,15.000
5.248758,timing-idle,16.707599,16.689199,0,0,-1000.000,0.000,0.000,15.000
5.265386,timing-idle,16.628299,16.666800,0,0,-1000.000,0.000,0.000,15.000
5.282032,timing-idle,16.646001,16.666803,0,0,-1000.000,0.000,0.000,15.000
5.298735,timing-idle,16.702797,16.666698,0,0,-1000.000,0.000,0.000,15.000
5.315387,timing-idle,16.652603,16.666800,0,0,-1000.000,0.000,0.000,15.000
5.332319,timing-idle,16.931698,16.666698,0,0,-1000.000,0.000,0.000,15.000
5.348749,timing-idle,16.430002,16.666800,0,0,-1000.000,0.000,0.000,15.000
5.365383,timing-idle,16.634498,16.666800,0,0,-1000.000,0.000,0.000,15.000
5.382026,timing-idle,16.642403,16.666698,0,0,-1000.000,0.000,0.000,15.000
5.398713,timing-idle,16.686700,16.666800,0,0,-1000.000,0.000,0.000,15.000
5.415307,timing-idle,16.594198,16.666702,0,0,-1000.000,0.000,0.000,15.000
5.432014,timing-idle,16.706299,16.666698,0,0,-1000.000,0.000,0.000,15.000
5.448643,timing-idle,16.629901,16.666800,0,0,-1000.000,0.000,0.000,15.000
5.465336,timing-idle,16.692601,16.666800,0,0,-1000.000,0.000,0.000,15.000
5.481949,timing-idle,16.613100,16.666698,0,0,-1000.000,0.000,0.000,15.000
5.498729,timing-idle,16.779698,16.666698,0,0,-1000.000,0.000,0.000,15.000
5.515372,timing-idle,16.643602,16.666702,0,0,-1000.000,0.000,0.000,15.000
5.532105,timing-idle,16.733099,16.666800,0,0,-1000.000,0.000,0.000,15.000
5.548692,timing-idle,16.586199,16.666698,0,0,-1000.000,0.000,0.000,15.000
5.565418,timing-idle,16.726002,16.666800,0,0,-1000.000,0.000,0.000,15.000
5.582298,timing-idle,16.879801,16.666698,0,0,-1000.000,0.000,0.000,15.000
5.598770,timing-idle,16.472399,16.666698,0,0,-1000.000,0.000,0.000,15.000
5.615413,timing-idle,16.642399,16.666702,0,0,-1000.000,0.000,0.000,15.000
5.632122,timing-idle,16.709499,16.666800,0,0,-1000.000,0.000,0.000,15.000
5.648763,timing-idle,16.640801,16.666800,0,0,-1000.000,0.000,0.000,15.000
5.665461,timing-idle,16.697701,16.666800,0,0,-1000.000,0.000,0.000,15.000
5.682088,timing-idle,16.627301,16.666698,0,0,-1000.000,0.000,0.000,15.000
5.698703,timing-idle,16.614899,16.666698,0,0,-1000.000,0.000,0.000,15.000
5.715311,timing-idle,16.607899,16.666800,0,0,-1000.000,0.000,0.000,15.000
5.732015,timing-idle,16.704202,16.666800,0,0,-1000.000,0.000,0.000,15.000
5.748623,timing-idle,16.608898,16.666800,0,0,-1000.000,0.000,0.000,15.000
5.765341,timing-idle,16.717702,16.666702,0,0,-1000.000,0.000,0.000,15.000
5.781975,timing-idle,16.633898,16.666698,0,0,-1000.000,0.000,0.000,15.000
5.798685,timing-idle,16.709801,16.666800,0,0,-1000.000,0.000,0.000,15.000
5.815291,timing-idle,16.606499,16.666698,0,0,-1000.000,0.000,0.000,15.000
5.832261,timing-idle,16.969200,16.666800,0,0,-1000.000,0.000,0.000,15.000
5.848702,timing-idle,16.441800,16.666800,0,0,-1000.000,0.000,0.000,15.000
5.865427,timing-idle,16.724702,16.666800,0,0,-1000.000,0.000,0.000,15.000
5.882043,timing-idle,16.615700,16.666800,0,0,-1000.000,0.000,0.000,15.000
5.898726,timing-idle,16.682900,16.666698,0,0,-1000.000,0.000,0.000,15.000
5.915361,timing-idle,16.635098,16.666702,0,0,-1000.000,0.000,0.000,15.000
5.932105,timing-idle,16.743701,16.666698,0,0,-1000.000,0.000,0.000,15.000
5.948765,timing-idle,16.660701,16.667002,0,0,-1000.000,0.000,0.000,15.000
5.965437,timing-idle,16.671598,16.666800,0,0,-1000.000,0.000,0.000,15.000
5.982087,timing-idle,16.649902,16.666800,0,0,-1000.000,0.000,0.000,15.000
5.998779,timing-idle,16.692098,16.666698,0,0,-1000.000,0.000,0.000,15.000
6.015587,timing-idle,16.807802,16.678400,0,0,-1000.000,0.000,0.000,15.000
6.032123,timing-walk,16.535997,16.666800,0,0,-1000.000,0.000,0.000,15.000
6.048741,timing-walk,16.618602,16.666800,0,0,-999.906,0.025,5.833,15.000
6.065406,timing-walk,16.665101,16.666800,0,0,-999.718,0.075,11.667,15.000
6.082223,timing-walk,16.816400,16.666698,0,0,-999.437,0.151,17.500,15.000
6.098746,timing-walk,16.523298,16.666800,0,0,-999.061,0.252,23.333,15.000
6.115415,timing-walk,16.668402,16.666702,0,0,-998.591,0.377,29.167,15.000
6.132067,timing-walk,16.652700,16.666698,0,0,-998.028,0.528,35.000,15.000
6.148832,timing-walk,16.764898,16.666698,0,0,-997.371,0.705,40.834,15.000
6.165506,timing-walk,16.673900,16.666698,0,0,-996.619,0.906,46.667,15.000
6.182147,timing-walk,16.640902,16.666698,0,0,-995.774,1.132,52.500,15.000
6.198802,timing-walk,16.655501,16.666702,0,0,-994.835,1.384,58.334,15.000
6.215469,timing-walk,16.666200,16.666698,0,0,-993.802,1.661,64.167,15.000
6.232193,timing-walk,16.724300,16.666800,0,0,-992.675,1.963,70.000,15.000
6.248823,timing-walk,16.629700,16.666698,0,0,-991.454,2.290,75.834,15.000
6.265614,timing-walk,16.791400,16.666698,0,0,-990.139,2.642,81.667,15.000
6.282114,timing-walk,16.499799,16.666800,0,0,-988.731,3.020,87.500,15.000
6.298845,timing-walk,16.730800,16.666800,0,0,-987.282,3.408,90.000,15.000
6.315485,timing-walk,16.640801,16.666803,0,0,-985.833,3.796,90.000,15.000
6.332441,timing-walk,16.955700,16.666698,0,0,-984.384,4.184,90.000,15.000
6.348719,timing-walk,16.277902,16.666698,0,0,-982.935,4.573,90.000,15.000
6.365411,timing-walk,16.691700,16.666698,0,0,-981.486,4.961,90.000,15.000
6.382020,timing-walk,16.608797,16.666800,0,0,-980.037,5.349,90.000,15.000
6.398746,timing-walk,16.726103,16.666800,0,0,-978.588,5.737,90.000,15.000
6.415364,timing-walk,16.618300,16.666800,0,0,-977.140,6.125,90.000,15.000
6.432061,timing-walk,16.697399,16.666702,0,0,-975.691,6.514,90.000,15.000
6.448705,timing-walk,16.644098,16.666800,0,0,-974.242,6.902,90.000,15.000
6.465434,timing-walk,16.728401,16.666800,0,0,-972.793,7.290,90.000,15.000
6.482113,timing-walk,16.679600,16.666800,0,0,-971.344,7.678,90.000,15.000
6.498783,timing-walk,16.669601,16.666698,0,0,-969.895,8.067,90.000,15.000
6.515446,timing-walk,16.662799,16.666800,0,0,-968.446,8.455,90.000,15.000
6.532260,timing-walk,16.814899,16.666698,0,0,-966.997,8.843,90.000,15.000
6.548757,timing-walk,16.496301,16.666698,0,0,-965.548,9.231,90.000,15.000
6.565516,timing-walk,16.759399,16.666702,0,0,-964.100,9.620,90.000,15.000
6.582453,timing-walk,16.937301,16.666698,0,0,-962.651,10.008,90.000,15.000
6.598860,timing-walk,16.406700,16.666698,0,0,-961.202,10.396,90.000,15.000
6.615446,timing-walk,16.586401,16.666698,0,0,-959.753,10.784,90.000,15.000
6.632149,timing-walk,16.703300,16.666800,0,0,-958.304,11.172,90.000,15.000
6.648780,timing-walk,16.630702,16.666702,0,0,-956.855,11.561,90.000,15.000
6.665399,timing-walk,16.618900,16.666698,0,0,-955.406,11.949,90.000,15.000
6.682019,timing-walk,16.620398,16.666800,0,0,-953.957,12.337,90.000,15.000
6.698732,timing-walk,16.713101,16.666800,0,0,-952.508,12.725,90.000,15.000
6.715360,timing-walk,16.627599,16.666698,0,0,-951.059,13.114,90.000,15.000
6.732057,timing-walk,16.696800,16.666698,0,0,-949.611,13.502,90.000,15.000
6.748714,timing-walk,16.656701,16.666800,0,0,-948.162,13.890,90.000,15.000
6.765469,timing-walk,16.755201,16.666800,0,0,-946.713,14.278,90.000,15.000
6.782101,timing-walk,16.631398,16.666702,0,0,-945.264,14.666,90.000,15.000
6.798804,timing-walk,16.703203,16.666800,0,0,-943.815,15.055,90.000,15.000
6.815479,timing-walk,16.674899,16.666698,0,0,-942.366,15.443,90.000,15.000
6.832373,timing-walk,16.894501,16.666698,0,0,-940.917,15.831,90.000,15.000
6.848825,timing-walk,16.451199,16.666698,0,0,-939.468,16.219,90.000,15.000
6.865501,timing-walk,16.676802,16.666800,0,0,-938.019,16.608,90.000,15.000
6.882176,timing-walk,16.674399,16.666800,0,0,-936.571,16.996,90.000,15.000
6.898873,timing-walk,16.697098,16.666702,0,0,-935.122,17.384,90.000,15.000
6.915461,timing-walk,16.588002,16.666698,0,0,-933.673,17.772,90.000,15.000
6.932180,timing-walk,16.718797,16.666800,0,0,-932.224,18.161,90.000,15.000
6.948740,timing-walk,16.559701,16.666800,0,0,-930.775,18.549,90.000,15.000
6.965434,timing-walk,16.694602,16.666800,0,0,-929.326,18.937,90.000,15.000
6.982066,timing-walk,16.631499,16.666698,0,0,-927.877,19.325,90.000,15.000
6.998732,timing-walk,16.665999,16.666698,0,0,-926.428,19.713,90.000,15.000
7.015363,timing-walk,16.631600,16.666702,0,0,-924.979,20.102,90.000,15.000
7.032160,timing-walk,16.796499,16.666800,0,0,-923.530,20.490,90.000,15.000
7.048702,timing-walk,16.541902,16.666698,0,0,-922.082,20.878,90.000,15.000
7.065408,timing-walk,16.706601,16.666698,0,0,-920.633,21.266,90.000,15.000
7.082374,timing-walk,16.965598,16.666800,0,0,-919.184,21.655,90.000,15.000
7.098763,timing-walk,16.389802,16.666800,0,0,-917.735,22.043,90.000,15.000
7.115450,timing-walk,16.686399,16.666800,0,0,-916.286,22.431,90.000,15.000
7.132153,timing-walk,16.703200,16.666800,0,0,-914.837,22.819,90.000,15.000
7.148777,timing-walk,16.623802,16.666702,0,0,-913.388,23.208,90.000,15.000
7.165671,timing-walk,16.893797,16.666800,0,0,-911.939,23.596,90.000,15.000
7.182118,timing-walk,16.447101,16.666698,0,0,-910.490,23.984,90.000,15.000
7.198847,timing-walk,16.729303,16.666800,0,0,-909.041,24.372,90.000,15.000
7.215464,timing-walk,16.616900,16.666698,0,0,-907.593,24.760,90.000,15.000
7.232130,timing-walk,16.665999,16.666698,0,0,-906.144,25.149,90.000,15.000
7.248824,timing-walk,16.693499,16.666800,0,0,-904.695,25.537,90.000,15.000
7.265581,timing-walk,16.757000,16.666702,0,0,-903.246,25.925,90.000,15.000
7.282091,timing-walk,16.510200,16.666800,0,0,-901.797,26.313,90.000,15.000
7.298758,timing-walk,16.667601,16.666800,0,0,-900.348,26.702,90.000,15.000
7.315374,timing-walk,16.616300,16.666698,0,0,-898.899,27.090,90.000,15.000
7.332273,timing-walk,16.898699,16.666800,0,0,-897.450,27.478,90.000,15.000
7.348711,timing-walk,16.438100,16.666800,0,0,-896.001,27.866,90.000,15.000
7.365403,timing-walk,16.691901,16.666698,0,0,-894.553,28.255,90.000,15.000
7.382024,timing-walk,16.621001,16.666702,0,0,-893.104,28.643,90.000,15.000
7.398782,timing-walk,16.758397,16.666698,0,0,-891.655,29.031,90.000,15.000
7.415474,timing-walk,16.691901,16.666800,0,0,-890.206,29.419,90.000,15.000
7.432183,timing-walk,16.709201,16.666800,0,0,-888.757,29.807,90.000,15.000
7.448810,timing-walk,16.626500,16.666800,0,0,-887.308,30.196,90.000,15.000
7.465492,timing-walk,16.682200,16.666698,0,0,-885.859,30.584,90.000,15.000
7.482160,timing-walk,16.667701,16.666800,0,0,-884.410,30.972,90.000,15.000
7.498860,timing-walk,16.700298,16.666698,0,0,-882.961,31.360,90.000,15.000
7.515465,timing-walk,16.605400,16.666800,0,0,-881.512,31.749,90.000,15.000
7.532171,timing-walk,16.705301,16.666803,0,0,-880.064,32.137,90.000,15.000
7.548807,timing-walk,16.636401,16.666800,0,0,-878.615,32.525,90.000,15.000
7.565506,timing-walk,16.698301,16.666800,0,0,-877.166,32.913,90.000,15.000
7.582412,timing-walk,16.906500,16.666698,0,0,-875.717,33.302,90.000,15.000
7.598780,timing-walk,16.367998,16.666800,0,0,-874.268,33.690,90.000,15.000
7.615446,timing-walk,16.665801,16.666800,0,0,-872.819,34.078,90.000,15.000
7.632066,timing-walk,16.620401,16.666698,0,0,-871.370,34.466,90.000,15.000
7.648706,timing-walk,16.640298,16.666800,0,0,-869.921,34.854,90.000,15.000
7.665486,timing-walk,16.779900,16.666800,0,0,-868.472,35.243,90.000,15.000
7.682142,timing-walk,16.655602,16.666800,0,0,-867.023,35.631,90.000,15.000
7.698814,timing-walk,16.672101,16.666800,0,0,-865.575,36.019,90.000,15.000
7.715521,timing-walk,16.707297,16.666702,0,0,-864.126,36.407,90.000,15.000
7.732207,timing-walk,16.685899,16.666800,0,0,-862.677,36.796,90.000,15.000
7.748826,timing-walk,16.618203,16.667198,0,0,-861.228,37.184,90.000,15.000
7.765542,timing-walk,16.716499,16.666800,0,0,-859.779,37.572,90.000,15.000
7.782173,timing-walk,16.630698,16.666698,0,0,-858.330,37.960,90.000,15.000
7.798897,timing-walk,16.724501,16.666702,0,0,-856.881,38.349,90.000,15.000
7.815481,timing-walk,16.583402,16.666698,0,0,-855.432,38.737,90.000,15.000
7.832412,timing-walk,16.930997,16.666698,0,0,-853.983,39.125,90.000,15.000
7.848878,timing-walk,16.466800,16.666800,0,0,-852.534,39.513,90.000,15.000
7.865514,timing-walk,16.635802,16.666800,0,0,-851.086,39.901,90.000,15.000
7.882177,timing-walk,16.662400,16.666800,0,0,-849.637,40.290,90.000,15.000
7.898808,timing-walk,16.631201,16.667803,0,0,-848.188,40.678,90.000,15.000
7.915506,timing-walk,16.697798,16.666800,0,0,-846.739,41.066,90.000,15.000
7.932285,timing-walk,16.779300,16.666698,0,0,-845.290,41.454,90.000,15.000
7.948820,timing-walk,16.534701,16.666698,0,0,-843.841,41.843,90.000,15.000
7.965550,timing-walk,16.729999,16.666698,0,0,-842.392,42.231,90.000,15.000
7.982229,timing-walk,16.679399,16.666800,0,0,-840.943,42.619,90.000,15.000
7.998930,timing-walk,16.700201,16.666702,0,0,-839.494,43.007,90.000,15.000
8.015563,timing-walk,16.633499,16.666800,0,0,-838.045,43.396,90.000,15.000
8.032249,timing-walk,16.686000,16.666800,0,0,-836.597,43.784,90.000,15.000
8.048975,timing-walk,16.725402,16.666698,0,0,-835.148,44.172,90.000,15.000
8.065554,timing-walk,16.578201,16.669703,0,0,-833.698,44.560,90.000,15.000
8.082539,timing-walk,16.984999,16.667198,0,0,-832.250,44.949,90.000,15.000
8.098842,timing-walk,16.302899,16.666800,0,0,-830.801,45.337,90.000,15.000
8.115504,timing-walk,16.662501,16.666800,0,0,-829.352,45.725,90.000,15.000
8.132193,timing-walk,16.688399,16.666698,0,0,-827.903,46.113,90.000,15.000
8.148911,timing-walk,16.718902,16.666800,0,0,-826.454,46.502,90.000,15.000
8.165524,timing-walk,16.612999,16.666800,0,0,-825.005,46.890,90.000,15.000
8.182191,timing-walk,16.666401,16.666702,0,0,-823.556,47.278,90.000,15.000
8.198904,timing-walk,16.712800,16.666698,0,0,-822.107,47.666,90.000,15.000
8.215493,timing-walk,16.589399,16.666800,0,0,-820.658,48.054,90.000,15.000
8.232284,timing-walk,16.790301,16.666800,0,0,-819.209,48.443,90.000,15.000
8.248858,timing-walk,16.574699,16.666800,0,0,-817.761,48.831,90.000,15.000
8.265711,timing-walk,16.852800,16.666800,0,0,-816.312,49.219,90.000,15.000
8.282169,timing-walk,16.458701,16.666800,0,0,-814.863,49.607,90.000,15.000
8.298787,timing-walk,16.617600,16.666800,0,0,-813.414,49.996,90.000,15.000
8.315474,timing-walk,16.686600,16.666698,0,0,-811.965,50.384,90.000,15.000
8.332446,timing-walk,16.972698,16.666800,0,0,-810.516,50.772,90.000,15.000
8.348797,timing-walk,16.350999,16.666702,0,0,-809.067,51.160,90.000,15.000
8.365451,timing-walk,16.654201,16.666698,0,0,-807.618,51.549,90.000,15.000
8.382167,timing-walk,16.716201,16.666698,0,0,-806.169,51.937,90.000,15.000
8.398861,timing-walk,16.694099,16.666698,0,0,-804.721,52.325,90.000,15.000
8.415459,timing-walk,16.598102,16.666800,0,0,-803.272,52.713,90.000,15.000
8.432134,timing-walk,16.675100,16.666800,0,0,-801.823,53.101,90.000,15.000
8.448824,timing-walk,16.690098,16.666702,0,0,-800.374,53.490,90.000,15.000
8.465548,timing-walk,16.723301,16.666698,0,0,-798.925,53.878,90.000,15.000
8.482144,timing-walk,16.597200,16.666800,0,0,-797.476,54.266,90.000,15.000
8.498907,timing-walk,16.762700,16.666698,0,0,-796.027,54.654,90.000,15.000
8.515475,timing-walk,16.567901,16.666698,0,0,-794.578,55.043,90.000,15.000
8.532207,timing-walk,16.730800,16.666702,0,0,-793.129,55.431,90.000,15.000
8.548772,timing-walk,16.565099,16.666698,0,0,-791.680,55.819,90.000,15.000
8.565552,timing-walk,16.779598,16.666800,0,0,-790.232,56.207,90.000,15.000
8.582272,timing-walk,16.719401,16.666698,0,0,-788.783,56.596,90.000,15.000
8.598757,timing-walk,16.485102,16.666800,0,0,-787.334,56.984,90.000,15.000
8.615378,timing-walk,16.621597,16.666698,0,0,-785.885,57.372,90.000,15.000
8.632082,timing-walk,16.703300,16.666800,0,0,-784.436,57.760,90.000,15.000
8.648827,timing-walk,16.745001,16.666800,0,0,-782.987,58.148,90.000,15.000
8.665416,timing-walk,16.588699,16.666803,0,0,-781.538,58.537,90.000,15.000
8.682136,timing-walk,16.720101,16.666800,0,0,-780.089,58.925,90.000,15.000
8.698789,timing-walk,16.652700,16.666698,0,0,-778.640,59.313,90.000,15.000
8.715504,timing-walk,16.714700,16.666698,0,0,-777.191,59.701,90.000,15.000
8.732130,timing-walk,16.626500,16.666698,0,0,-775.743,60.090,90.000,15.000
8.748850,timing-walk,16.720001,16.666800,0,0,-774.294,60.478,90.000,15.000
8.765518,timing-walk,16.668499,16.666698,0,0,-772.845,60.866,90.000,15.000
8.782208,timing-walk,16.690403,16.666702,0,0,-771.396,61.254,90.000,15.000
8.798814,timing-walk,16.605299,16.666800,0,0,-769.947,61.643,90.000,15.000
8.815508,timing-walk,16.694400,16.666800,0,0,-768.498,62.031,90.000,15.000
8.832462,timing-walk,16.954098,16.666800,0,0,-767.049,62.419,90.000,15.000
8.848863,timing-walk,16.400702,16.666698,0,0,-765.600,62.807,90.000,15.000
8.865530,timing-walk,16.667798,16.666698,0,0,-764.151,63.195,90.000,15.000
8.882121,timing-walk,16.591500,16.666702,0,0,-762.703,63.584,90.000,15.000
8.898748,timing-walk,16.627301,16.666800,0,0,-761.254,63.972,90.000,15.000
8.915383,timing-walk,16.634800,16.666698,0,0,-759.805,64.360,90.000,15.000
8.932088,timing-walk,16.704600,16.666800,0,0,-758.356,64.748,90.000,15.000
8.948709,timing-walk,16.620599,16.666698,0,0,-756.907,65.137,90.000,15.000
8.965414,timing-walk,16.705703,16.666698,0,0,-755.458,65.525,90.000,15.000
8.982125,timing-walk,16.711399,16.666800,0,0,-754.009,65.913,90.000,15.000
8.998867,timing-walk,16.741499,16.666702,0,0,-752.560,66.301,90.000,15.000
9.015471,timing-walk,16.603000,16.666698,0,0,-751.111,66.690,90.000,15.000
9.032192,timing-walk,16.722098,16.666800,0,0,-749.662,67.078,90.000,15.000
9.048761,timing-walk,16.569000,16.666800,0,0,-748.214,67.466,90.000,15.000
9.065526,timing-walk,16.764503,16.666800,0,0,-746.765,67.854,90.000,15.000
9.082427,timing-walk,16.900998,16.666698,0,0,-745.316,68.242,90.000,15.000
9.098880,timing-walk,16.452402,16.666698,0,0,-743.867,68.631,90.000,15.000
9.115510,timing-walk,16.630400,16.666800,0,0,-742.418,69.019,90.000,15.000
9.132204,timing-walk,16.694300,16.666800,0,0,-740.969,69.407,90.000,15.000
9.148751,timing-walk,16.546901,16.666702,0,0,-739.520,69.795,90.000,15.000
9.165445,timing-walk,16.694099,16.666800,0,0,-738.071,70.184,90.000,15.000
9.182110,timing-walk,16.664501,16.666698,0,0,-736.622,70.572,90.000,15.000
9.198736,timing-walk,16.625900,16.666698,0,0,-735.174,70.960,90.000,15.000
9.215374,timing-walk,16.637899,16.666800,0,0,-733.725,71.348,90.000,15.000
9.232081,timing-walk,16.706999,16.666800,0,0,-732.276,71.737,90.000,15.000
9.248762,timing-walk,16.680699,16.666702,0,0,-730.827,72.125,90.000,15.000
9.265420,timing-walk,16.657602,16.666800,0,0,-729.378,72.513,90.000,15.000
9.282128,timing-walk,16.708098,16.668598,0,0,-727.929,72.901,90.000,15.000
9.298791,timing-walk,16.663000,16.666698,0,0,-726.480,73.289,90.000,15.000
9.315521,timing-walk,16.730301,16.666800,0,0,-725.031,73.678,90.000,15.000
9.332413,timing-walk,16.891498,16.666698,0,0,-723.582,74.066,90.000,15.000
9.348808,timing-walk,16.395602,16.666800,0,0,-722.133,74.454,90.000,15.000
9.365485,timing-walk,16.676500,16.666800,0,0,-720.684,74.842,90.000,15.000
9.382192,timing-walk,16.706098,16.666800,0,0,-719.235,75.231,90.000,15.000
9.398820,timing-walk,16.628601,16.666803,0,0,-717.787,75.619,90.000,15.000
9.415484,timing-walk,16.664799,16.666698,0,0,-716.338,76.007,90.000,15.000
9.432141,timing-walk,16.656402,16.666698,0,0,-714.889,76.395,90.000,15.000
9.448804,timing-walk,16.662598,16.666800,0,0,-713.440,76.784,90.000,15.000
9.465471,timing-walk,16.667701,16.666800,0,0,-711.991,77.172,90.000,15.000
9.482117,timing-walk,16.645499,16.666800,0,0,-710.542,77.560,90.000,15.000
9.498796,timing-walk,16.679499,16.666800,0,0,-709.093,77.948,90.000,15.000
9.515547,timing-walk,16.750202,16.666698,0,0,-707.644,78.336,90.000,15.000
9.532078,timing-walk,16.531300,16.666800,0,0,-706.195,78.725,90.000,15.000
9.548778,timing-walk,16.700100,16.666803,0,0,-704.746,79.113,90.000,15.000
9.565401,timing-walk,16.623702,16.666698,0,0,-703.298,79.501,90.000,15.000
9.582247,timing-walk,16.845699,16.666698,0,0,-701.849,79.889,90.000,15.000
9.598781,timing-walk,16.533699,16.666698,0,0,-700.400,80.278,90.000,15.000
9.615477,timing-walk,16.695600,16.666800,0,0,-698.951,80.666,90.000,15.000
9.632138,timing-walk,16.661301,16.666800,0,0,-697.502,81.054,90.000,15.000
9.648782,timing-walk,16.643997,16.666702,0,0,-696.053,81.442,90.000,15.000
9.665548,timing-walk,16.766600,16.666698,0,0,-694.604,81.831,90.000,15.000
9.682173,timing-walk,16.624700,16.666800,0,0,-693.155,82.219,90.000,15.000
9.698882,timing-walk,16.709100,16.666698,0,0,-691.706,82.607,90.000,15.000
9.715482,timing-walk,16.600098,16.666698,0,0,-690.258,82.995,90.000,15.000
9.732143,timing-walk,16.661800,16.666800,0,0,-688.809,83.383,90.000,15.000
9.748910,timing-walk,16.766600,16.679499,0,0,-687.359,83.772,90.000,15.000
9.765563,timing-walk,16.652603,16.666803,0,0,-685.910,84.160,90.000,15.000
9.782196,timing-walk,16.632598,16.666698,0,0,-684.461,84.548,90.000,15.000
9.798901,timing-walk,16.704701,16.666698,0,0,-683.012,84.937,90.000,15.000
9.815507,timing-walk,16.606398,16.666698,0,0,-681.563,85.325,90.000,15.000
9.832303,timing-walk,16.795702,16.666698,0,0,-680.114,85.713,90.000,15.000
9.848743,timing-walk,16.440298,16.666702,0,0,-678.665,86.101,90.000,15.000
9.865445,timing-walk,16.702000,16.666698,0,0,-677.216,86.490,90.000,15.000
9.882056,timing-walk,16.610801,16.666698,0,0,-675.768,86.878,90.000,15.000
9.898775,timing-walk,16.719099,16.666698,0,0,-674.319,87.266,90.000,15.000
9.915450,timing-walk,16.674601,16.666698,0,0,-672.870,87.654,90.000,15.000
9.932197,timing-walk,16.746599,16.666702,0,0,-671.421,88.043,90.000,15.000
9.948802,timing-walk,16.605701,16.666698,0,0,-669.972,88.431,90.000,15.000
9.965503,timing-walk,16.700700,16.666800,0,0,-668.523,88.819,90.000,15.000
9.982095,timing-walk,16.592100,16.666698,0,0,-667.074,89.207,90.000,15.000
9.998841,timing-walk,16.746800,16.666800,0,0,-665.625,89.595,90.000,15.000
10.015561,timing-walk,16.720001,16.666698,0,0,-664.176,89.984,90.000,15.000
10.032244,timing-walk,16.682997,16.667002,0,0,-662.727,90.372,90.000,15.000
10.048814,timing-walk,16.569700,16.666800,0,0,-661.279,90.760,90.000,15.000
10.065569,timing-walk,16.755503,16.666800,0,0,-659.830,91.148,90.000,15.000
10.082450,timing-walk,16.880997,16.666800,0,0,-658.381,91.537,90.000,15.000
10.098899,timing-walk,16.448900,16.666702,0,0,-656.932,91.925,90.000,15.000
10.115531,timing-walk,16.632300,16.666800,0,0,-655.483,92.313,90.000,15.000
10.132130,timing-walk,16.599003,16.666800,0,0,-654.034,92.701,90.000,15.000
10.148795,timing-walk,16.665898,16.666698,0,0,-652.585,93.090,90.000,15.000
10.165435,timing-walk,16.639300,16.666698,0,0,-651.136,93.478,90.000,15.000
10.182088,timing-walk,16.653102,16.666698,0,0,-649.687,93.866,90.000,15.000
10.198768,timing-walk,16.679797,16.666702,0,0,-648.238,94.254,90.000,15.000
10.215493,timing-walk,16.725600,16.666800,0,0,-646.790,94.642,90.000,15.000
10.232110,timing-walk,16.616601,16.666698,0,0,-645.341,95.031,90.000,15.000
10.248815,timing-walk,16.704898,16.666800,0,0,-643.892,95.419,90.000,15.000
10.265537,timing-walk,16.723100,16.666800,0,0,-642.443,95.807,90.000,15.000
10.282183,timing-walk,16.645800,16.666698,0,0,-640.994,96.195,90.000,15.000
10.298887,timing-walk,16.704202,16.666800,0,0,-639.545,96.584,90.000,15.000
10.315477,timing-walk,16.590398,16.666698,0,0,-638.096,96.972,90.000,15.000
10.332493,timing-walk,17.015502,16.666800,0,0,-636.647,97.360,90.000,15.000
10.348857,timing-walk,16.364399,16.666702,0,0,-635.198,97.748,90.000,15.000
10.365583,timing-walk,16.726501,16.666698,0,0,-633.750,98.137,90.000,15.000
10.382333,timing-walk,16.749799,16.666698,0,0,-632.301,98.525,90.000,15.000
10.398876,timing-walk,16.543400,16.666698,0,0,-630.852,98.913,90.000,15.000
10.415472,timing-walk,16.595799,16.666800,0,0,-629.403,99.301,90.000,15.000
10.432238,timing-walk,16.765401,16.666800,0,0,-627.954,99.689,90.000,15.000
10.448771,timing-walk,16.534299,16.666702,0,0,-626.505,100.078,90.000,15.000
10.465444,timing-walk,16.672201,16.666800,0,0,-625.056,100.466,90.000,15.000
10.482130,timing-walk,16.686700,16.682997,0,0,-623.606,100.855,90.000,15.000
10.498800,timing-walk,16.669799,16.666702,0,0,-622.157,101.243,90.000,15.000
10.515449,timing-walk,16.648300,16.666800,0,0,-620.708,101.631,90.000,15.000
10.532201,timing-walk,16.752303,16.666698,0,0,-619.259,102.019,90.000,15.000
10.548787,timing-walk,16.586699,16.666698,0,0,-617.810,102.407,90.000,15.000
10.565713,timing-walk,16.925599,16.666698,0,0,-616.361,102.796,90.000,15.000
10.582443,timing-walk,16.729999,16.666800,0,0,-614.912,103.184,90.000,15.000
10.598825,timing-walk,16.382203,16.666800,0,0,-613.464,103.572,90.000,15.000
10.615567,timing-walk,16.741499,16.666702,0,0,-612.015,103.960,90.000,15.000
10.632155,timing-walk,16.587898,16.666698,0,0,-610.566,104.349,90.000,15.000
10.648856,timing-walk,16.700502,16.666800,0,0,-609.117,104.737,90.000,15.000
10.665674,timing-walk,16.817700,16.666698,0,0,-607.668,105.125,90.000,15.000
10.682216,timing-walk,16.541898,16.666800,0,0,-606.219,105.513,90.000,15.000
10.698895,timing-walk,16.680200,16.666800,0,0,-604.770,105.902,90.000,15.000
10.715503,timing-walk,16.606901,16.666800,0,0,-603.321,106.290,90.000,15.000
10.732262,timing-walk,16.758800,16.666901,0,0,-601.872,106.678,90.000,15.000
10.748851,timing-walk,16.589601,16.666800,0,0,-600.423,107.066,90.000,15.000
10.765473,timing-walk,16.623002,16.666698,0,0,-598.975,107.454,90.000,15.000
10.782103,timing-walk,16.628999,16.666702,0,0,-597.526,107.843,90.000,15.000
10.798788,timing-walk,16.685698,16.666800,0,0,-596.077,108.231,90.000,15.000
10.815441,timing-walk,16.652599,16.666698,0,0,-594.628,108.619,90.000,15.000
10.832326,timing-walk,16.884800,16.666800,0,0,-593.179,109.007,90.000,15.000
10.848745,timing-walk,16.419701,16.666800,0,0,-591.730,109.396,90.000,15.000
10.865619,timing-walk,16.873099,16.666698,0,0,-590.281,109.784,90.000,15.000
10.882119,timing-walk,16.500302,16.666800,0,0,-588.832,110.172,90.000,15.000
10.898873,timing-walk,16.753800,16.666800,0,0,-587.383,110.560,90.000,15.000
10.915569,timing-walk,16.695600,16.666800,0,0,-585.935,110.949,90.000,15.000
10.932225,timing-walk,16.656101,16.666803,0,0,-584.486,111.337,90.000,15.000
10.948853,timing-walk,16.628299,16.666698,0,0,-583.037,111.725,90.000,15.000
10.965576,timing-walk,16.722899,16.666800,0,0,-581.588,112.113,90.000,15.000
10.982172,timing-walk,16.596202,16.666800,0,0,-580.139,112.501,90.000,15.000
10.998897,timing-walk,16.724799,16.666698,0,0,-578.690,112.890,90.000,15.000
11.015537,timing-walk,16.641002,16.666800,0,0,-577.241,113.278,90.000,15.000
11.032226,timing-walk,16.688500,16.666698,0,0,-575.792,113.666,90.000,15.000
11.048893,timing-walk,16.667198,16.666800,0,0,-574.343,114.054,90.000,15.000
11.065619,timing-walk,16.725499,16.666800,0,0,-572.894,114.443,90.000,15.000
11.082423,timing-walk,16.805101,16.666702,0,0,-571.446,114.831,90.000,15.000
11.098794,timing-walk,16.371001,16.666800,0,0,-569.997,115.219,90.000,15.000
11.115435,timing-walk,16.640801,16.666698,0,0,-568.548,115.607,90.000,15.000
11.132133,timing-walk,16.698800,16.666800,0,0,-567.099,115.996,90.000,15.000
11.148752,timing-walk,16.618397,16.666698,0,0,-565.650,116.384,90.000,15.000
11.165657,timing-walk,16.904801,16.666800,0,0,-564.201,116.772,90.000,15.000
11.182186,timing-walk,16.529001,16.666800,0,0,-562.752,117.160,90.000,15.000
11.198964,timing-walk,16.777799,16.666800,0,0,-561.303,117.548,90.000,15.000
11.215740,timing-walk,16.776301,16.666702,0,0,-559.854,117.937,90.000,15.000
11.232308,timing-walk,16.568501,16.666800,0,0,-558.405,118.325,90.000,15.000
11.248860,timing-walk,16.551699,16.666800,0,0,-556.957,118.713,90.000,15.000
11.265518,timing-walk,16.657598,16.666698,0,0,-555.508,119.101,90.000,15.000
11.282166,timing-walk,16.647000,16.666800,0,0,-554.059,119.490,90.000,15.000
11.298843,timing-walk,16.678203,16.666698,0,0,-552.610,119.878,90.000,15.000
11.315513,timing-walk,16.668897,16.666800,0,0,-551.161,120.266,90.000,15.000
11.332425,timing-walk,16.912002,16.666800,0,0,-549.712,120.654,90.000,15.000
11.348873,timing-walk,16.448397,16.666702,0,0,-548.263,121.043,90.000,15.000
11.365512,timing-walk,16.638704,16.666698,0,0,-546.814,121.431,90.000,15.000
11.382231,timing-walk,16.718697,16.666800,0,0,-545.365,121.819,90.000,15.000
11.398844,timing-walk,16.613200,16.666800,0,0,-543.916,122.207,90.000,15.000
11.415546,timing-walk,16.702201,16.666698,0,0,-542.468,122.595,90.000,15.000
11.432126,timing-walk,16.579501,16.666800,0,0,-541.019,122.984,90.000,15.000
11.448750,timing-walk,16.624600,16.666698,0,0,-539.570,123.372,90.000,15.000
11.465594,timing-walk,16.843397,16.666702,0,0,-538.121,123.760,90.000,15.000
11.482131,timing-walk,16.536500,16.666800,0,0,-536.672,124.148,90.000,15.000
11.498861,timing-walk,16.729902,16.666800,0,0,-535.223,124.537,90.000,15.000
11.515486,timing-walk,16.624298,16.666800,0,0,-533.774,124.925,90.000,15.000
11.532162,timing-walk,16.676400,16.666698,0,0,-532.325,125.313,90.000,15.000
11.548832,timing-walk,16.669802,16.666698,0,0,-530.876,125.701,90.000,15.000
11.565561,timing-walk,16.729299,16.666800,0,0,-529.428,126.090,90.000,15.000
11.582479,timing-walk,16.916800,16.666698,0,0,-527.979,126.478,90.000,15.000
11.598849,timing-walk,16.371198,16.666702,0,0,-526.530,126.866,90.000,15.000
11.615545,timing-walk,16.695503,16.666800,0,0,-525.081,127.254,90.000,15.000
11.632259,timing-walk,16.713798,16.666800,0,0,-523.632,127.642,90.000,15.000
11.648867,timing-walk,16.607199,16.666698,0,0,-522.183,128.031,90.000,15.000
11.665528,timing-walk,16.661700,16.666698,0,0,-520.734,128.419,90.000,15.000
11.682209,timing-walk,16.681101,16.669899,0,0,-519.285,128.807,90.000,15.000
11.698870,timing-walk,16.660802,16.666702,0,0,-517.836,129.195,90.000,15.000
11.715518,timing-walk,16.648300,16.687799,0,0,-516.385,129.584,90.000,15.000
11.732166,timing-walk,16.647898,16.666698,0,0,-514.936,129.972,90.000,15.000
11.748798,timing-walk,16.631700,16.666800,0,0,-513.488,130.361,90.000,15.000
11.765487,timing-walk,16.687900,16.666698,0,0,-512.039,130.749,90.000,15.000
11.782170,timing-walk,16.683802,16.666702,0,0,-510.590,131.137,90.000,15.000
11.798861,timing-walk,16.690399,16.666698,0,0,-509.141,131.525,90.000,15.000
11.815471,timing-walk,16.610198,16.666800,0,0,-507.692,131.914,90.000,15.000
11.832442,timing-walk,16.971502,16.666800,0,0,-506.243,132.302,90.000,15.000
11.848856,timing-walk,16.413998,16.666800,0,0,-504.794,132.690,90.000,15.000
11.865552,timing-walk,16.695902,16.666698,0,0,-503.345,133.078,90.000,15.000
11.882200,timing-walk,16.647898,16.668301,0,0,-501.896,133.466,90.000,15.000
11.898870,timing-walk,16.669802,16.666800,0,0,-500.447,133.855,90.000,15.000
11.915524,timing-walk,16.654398,16.666800,0,0,-498.998,134.243,90.000,15.000
11.932372,timing-walk,16.847201,16.666800,0,0,-497.550,134.631,90.000,15.000
11.948880,timing-walk,16.508501,16.666698,0,0,-496.101,135.019,90.000,15.000
11.965562,timing-walk,16.681898,16.666698,0,0,-494.652,135.408,90.000,15.000
11.982247,timing-walk,16.685203,16.666803,0,0,-493.203,135.796,90.000,15.000
11.998943,timing-walk,16.695898,16.666698,0,0,-491.754,136.184,90.000,15.000
12.015535,timing-walk,16.591601,16.666800,0,0,-490.305,136.572,90.000,15.000
12.032193,timing-walk,16.658198,16.666800,0,0,-488.856,136.961,90.000,15.000
12.048956,timing-turn,16.763203,16.666800,0,0,-487.407,137.349,90.000,15.000
12.065585,timing-turn,16.628798,16.666800,0,0,-485.955,137.964,94.640,15.297
12.082642,timing-turn,17.056800,16.666698,0,0,-484.495,138.786,100.509,15.594
12.098931,timing-turn,16.289901,16.666698,0,0,-483.023,139.798,107.194,15.891
12.115579,timing-turn,16.647398,16.666800,0,0,-481.533,140.988,114.425,16.188
12.132184,timing-turn,16.605400,16.666702,0,0,-480.021,142.348,122.023,16.484
12.148849,timing-turn,16.665902,16.666698,0,0,-478.481,143.870,129.871,16.781
12.165547,timing-turn,16.697600,16.666800,0,0,-476.992,145.460,130.731,17.078
12.182210,timing-turn,16.662300,16.666800,0,0,-475.555,147.098,130.731,17.375
12.198882,timing-turn,16.671799,16.666698,0,0,-474.163,148.774,130.731,17.672
12.215528,timing-turn,16.645901,16.666800,0,0,-472.811,150.483,130.731,17.969
12.232223,timing-turn,16.694598,16.666800,0,0,-471.493,152.218,130.731,18.266
12.248901,timing-turn,16.678702,16.666702,0,0,-470.205,153.975,130.731,18.563
12.265610,timing-turn,16.707998,16.666698,0,0,-468.943,155.751,130.731,18.859
12.282242,timing-turn,16.631901,16.666698,0,0,-467.705,157.544,130.731,19.156
12.298965,timing-turn,16.723499,16.666698,0,0,-466.488,159.352,130.731,19.453
12.315578,timing-turn,16.612001,16.666698,0,0,-465.290,161.171,130.731,19.750
12.332503,timing-turn,16.925599,16.666800,0,0,-464.109,163.002,130.731,20.047
12.348816,timing-turn,16.312301,16.666803,0,0,-462.944,164.844,130.731,20.344
12.365582,timing-turn,16.766299,16.666698,0,0,-461.793,166.694,130.731,20.641
12.382154,timing-turn,16.571201,16.666800,0,0,-460.657,168.553,130.731,20.938
12.398892,timing-turn,16.738601,16.666698,0,0,-459.534,170.420,130.731,21.234
12.415451,timing-turn,16.558498,16.666800,0,0,-458.424,172.295,130.731,21.531
12.432236,timing-turn,16.784701,16.666698,0,0,-457.325,174.177,130.731,21.828
12.448870,timing-turn,16.634099,16.666800,0,0,-456.238,176.065,130.731,22.125
12.465544,timing-turn,16.674500,16.666800,0,0,-455.163,177.960,130.731,22.422
12.482247,timing-turn,16.704001,16.666702,0,0,-454.099,179.861,130.731,22.719
12.498964,timing-turn,16.717099,16.666698,0,0,-453.045,181.769,130.731,23.016
12.515588,timing-turn,16.623501,16.666698,0,0,-452.003,183.682,130.731,23.313
12.532272,timing-turn,16.684100,16.666800,0,0,-450.971,185.601,130.731,23.609
12.548878,timing-turn,16.605500,16.666698,0,0,-449.949,187.525,130.731,23.906
12.565619,timing-turn,16.740598,16.666800,0,0,-448.938,189.455,130.731,24.203
12.582500,timing-turn,16.882300,16.666800,0,0,-447.937,191.391,130.731,24.500
12.598958,timing-turn,16.458001,16.666800,0,0,-446.947,193.332,130.731,24.797
12.615586,timing-turn,16.628101,16.666803,0,0,-445.967,195.278,130.731,25.094
12.632286,timing-turn,16.699899,16.666698,0,0,-444.997,197.229,130.731,25.391
12.648952,timing-turn,16.665898,16.666800,0,0,-444.038,199.185,130.731,25.688
12.665480,timing-turn,16.527802,16.666800,0,0,-443.089,201.147,130.731,25.984
12.682138,timing-turn,16.658802,16.666698,0,0,-442.150,203.113,130.731,26.281
12.698828,timing-turn,16.689599,16.666698,0,0,-441.222,205.084,130.731,26.578
12.715528,timing-turn,16.700599,16.666702,0,0,-440.303,207.060,130.731,26.875
12.732170,timing-turn,16.641401,16.666698,0,0,-439.396,209.040,130.731,27.172
12.748796,timing-turn,16.626202,16.666698,0,0,-438.498,211.026,130.731,27.469
12.765558,timing-turn,16.761698,16.666800,0,0,-437.611,213.016,130.731,27.766
12.782250,timing-turn,16.692102,16.666698,0,0,-436.734,215.011,130.731,28.063
12.798940,timing-turn,16.689397,16.666698,0,0,-435.867,217.010,130.731,28.359
12.815568,timing-turn,16.628202,16.666702,0,0,-435.011,219.013,130.731,28.656
12.832567,timing-turn,16.998798,16.666698,0,0,-434.166,221.021,130.731,28.953
12.848936,timing-turn,16.369302,16.666800,0,0,-433.330,223.034,130.731,29.250
12.865603,timing-turn,16.667601,16.666698,0,0,-432.505,225.050,130.731,29.547
12.882247,timing-turn,16.643599,16.666698,0,0,-431.691,227.071,130.731,29.844
12.898962,timing-turn,16.714700,16.666702,0,0,-430.887,229.096,130.731,30.141
12.915595,timing-turn,16.632702,16.666800,0,0,-430.094,231.126,130.731,30.438
12.932295,timing-turn,16.700197,16.666698,0,0,-429.311,233.159,130.731,30.734
12.948924,timing-turn,16.628802,16.666800,0,0,-428.539,235.197,130.731,31.031
12.965588,timing-turn,16.663600,16.666698,0,0,-427.777,237.238,130.731,31.328
12.982238,timing-turn,16.650099,16.666698,0,0,-427.026,239.283,130.731,31.625
12.998829,timing-turn,16.590700,16.666800,0,0,-426.285,241.332,130.731,31.922
13.015486,timing-turn,16.656801,16.666800,0,0,-425.556,243.385,130.731,32.219
13.032178,timing-turn,16.692601,16.666803,0,0,-424.836,245.442,130.731,32.516
13.048816,timing-turn,16.638100,16.666800,0,0,-424.128,247.502,130.731,32.813
13.065509,timing-turn,16.692799,16.666800,0,0,-423.430,249.567,130.731,33.109
13.082399,timing-turn,16.890898,16.666800,0,0,-422.743,251.634,130.731,33.406
13.098962,timing-turn,16.562402,16.666800,0,0,-422.066,253.705,130.731,33.703
13.115644,timing-turn,16.681798,16.666698,0,0,-421.401,255.780,130.731,34.000
13.132344,timing-turn,16.701002,16.666800,0,0,-420.746,257.858,130.731,34.297
13.148944,timing-turn,16.599599,16.666800,0,0,-420.102,259.940,130.731,34.594
13.165627,timing-turn,16.682900,16.666698,0,0,-419.468,262.024,130.731,34.891
13.182259,timing-turn,16.632099,16.666800,0,0,-418.846,264.112,130.731,35.188
13.199025,timing-turn,16.767003,16.666702,0,0,-418.234,266.204,130.731,35.484
13.215600,timing-turn,16.574699,16.679499,0,0,-417.633,268.300,130.731,35.782
13.232248,timing-turn,16.648199,16.666698,0,0,-417.043,270.397,130.731,36.078
13.248874,timing-turn,16.625598,16.666800,0,0,-416.463,272.498,130.731,36.375
13.265630,timing-turn,16.756400,16.666698,0,0,-415.895,274.601,130.731,36.672
13.282238,timing-turn,16.608000,16.666698,0,0,-415.338,276.707,130.731,36.969
13.298912,timing-turn,16.673602,16.666803,0,0,-414.791,278.817,130.731,37.266
13.315480,timing-turn,16.568400,16.666800,0,0,-414.256,280.929,130.731,37.563
13.332388,timing-turn,16.907498,16.666698,0,0,-413.731,283.043,130.731,37.860
13.348844,timing-turn,16.455799,16.666800,0,0,-413.218,285.161,130.731,38.157
13.365512,timing-turn,16.668703,16.666800,0,0,-412.715,287.281,130.731,38.453
13.382120,timing-turn,16.608600,16.666800,0,0,-412.224,289.404,130.731,38.750
13.398886,timing-turn,16.765397,16.666698,0,0,-411.743,291.529,130.731,39.047
13.415531,timing-turn,16.645402,16.666800,0,0,-411.273,293.656,130.731,39.344
13.432295,timing-turn,16.764101,16.670801,0,0,-410.815,295.787,130.731,39.641
13.449000,timing-turn,16.705800,16.666698,0,0,-410.367,297.919,130.731,39.938
13.465585,timing-turn,16.583998,16.666800,0,0,-409.931,300.054,130.731,40.235
13.482276,timing-turn,16.691402,16.666800,0,0,-409.505,302.191,130.731,40.532
13.498971,timing-turn,16.695201,16.666702,0,0,-409.091,304.330,130.731,40.829
13.515622,timing-turn,16.650997,16.666800,0,0,-408.688,306.471,130.731,41.125
13.532299,timing-turn,16.676601,16.666800,0,0,-408.296,308.615,130.731,41.422
13.548955,timing-turn,16.655702,16.666698,0,0,-407.915,310.760,130.731,41.719
13.565646,timing-turn,16.691498,16.666698,0,0,-407.545,312.907,130.731,42.016
13.582501,timing-turn,16.855400,16.666698,0,0,-407.186,315.056,130.731,42.313
13.598838,timing-turn,16.336199,16.666702,0,0,-406.839,317.207,130.731,42.610
13.615529,timing-turn,16.691603,16.666698,0,0,-406.502,319.360,130.731,42.907
13.632177,timing-turn,16.647898,16.666698,0,0,-406.177,321.514,130.731,43.204
13.648824,timing-turn,16.646300,16.666800,0,0,-405.863,323.670,130.731,43.500
13.665549,timing-turn,16.725101,16.666698,0,0,-405.560,325.828,130.731,43.797
13.682247,timing-turn,16.697500,16.666800,0,0,-405.268,327.987,130.731,44.094
13.698878,timing-turn,16.631301,16.666800,0,0,-404.987,330.148,130.731,44.391
13.715583,timing-turn,16.704701,16.666800,0,0,-404.718,332.310,130.731,44.688
13.732347,timing-turn,16.763899,16.666702,0,0,-404.460,334.474,130.731,44.985
13.749023,timing-turn,16.676500,16.666800,0,0,-404.213,336.639,130.731,45.282
13.765624,timing-turn,16.600899,16.666698,0,0,-403.977,338.805,130.731,45.579
13.782280,timing-turn,16.656198,16.666800,0,0,-403.753,340.972,130.731,45.875
13.798985,timing-turn,16.704500,16.666800,0,0,-403.539,343.140,130.731,46.172
13.815593,timing-turn,16.608402,16.666800,0,0,-403.337,345.310,130.731,46.469
13.832559,timing-turn,16.965598,16.666800,0,0,-403.146,347.480,130.731,46.766
13.848958,timing-turn,16.399603,16.666800,0,0,-402.967,349.652,130.731,47.063
13.865644,timing-turn,16.686697,16.666698,0,0,-402.799,351.824,130.731,47.360
13.882264,timing-turn,16.619503,16.666702,0,0,-402.641,353.997,130.731,47.657
13.898991,timing-turn,16.726397,16.666698,0,0,-402.496,356.171,130.731,47.954
13.915555,timing-turn,16.564000,16.666698,0,0,-402.361,358.346,130.731,48.250
13.932187,timing-turn,16.632400,16.666800,0,0,-402.238,360.521,130.731,48.547
13.948821,timing-turn,16.633902,16.666698,0,0,-402.126,362.697,130.731,48.844
13.965511,timing-turn,16.690399,16.666702,0,0,-402.025,364.874,130.731,49.141
13.982214,timing-turn,16.702998,16.666698,0,0,-401.936,367.051,130.731,49.438
13.998868,timing-turn,16.654301,16.666698,0,0,-401.858,369.228,130.731,49.735
14.015552,timing-turn,16.683400,16.666698,0,0,-401.791,371.406,130.731,50.032
14.032234,timing-turn,16.682599,16.666698,0,0,-401.735,373.584,130.731,50.329
14.048979,timing-turn,16.744301,16.666800,0,0,-401.691,375.763,130.731,50.625
14.065655,timing-turn,16.676299,16.666803,0,0,-401.658,377.941,130.731,50.922
14.082517,timing-turn,16.862102,16.666800,0,0,-401.636,380.120,130.731,51.219
14.098958,timing-turn,16.441498,16.666800,0,0,-401.626,382.299,130.731,51.516
14.115593,timing-turn,16.634800,16.666698,0,0,-401.627,384.478,130.731,51.813
14.132298,timing-turn,16.704600,16.666698,0,0,-401.639,386.656,130.731,52.110
14.148959,timing-turn,16.661901,16.666698,0,0,-401.662,388.835,130.731,52.407
14.165643,timing-turn,16.683199,16.666698,0,0,-401.697,391.014,130.731,52.704
14.182368,timing-turn,16.725503,16.666702,0,0,-401.743,393.192,130.731,53.000
14.198924,timing-turn,16.555898,16.666698,0,0,-401.801,395.370,130.731,53.297
14.215572,timing-turn,16.648401,16.666698,0,0,-401.869,397.548,130.731,53.594
14.232231,timing-turn,16.659100,16.666800,0,0,-401.949,399.725,130.731,53.891
14.248797,timing-turn,16.566399,16.666800,0,0,-402.040,401.902,130.731,54.188
14.265547,timing-turn,16.749002,16.666698,0,0,-402.143,404.079,130.731,54.485
14.282174,timing-turn,16.627599,16.666702,0,0,-402.256,406.255,130.731,54.782
14.298873,timing-turn,16.699001,16.666698,0,0,-402.381,408.430,130.731,55.079
14.315506,timing-turn,16.632799,16.666800,0,0,-402.518,410.604,130.731,55.375
14.332493,timing-turn,16.987100,16.666698,0,0,-402.665,412.778,130.731,55.672
14.348887,timing-turn,16.394902,16.666800,0,0,-402.824,414.951,130.731,55.969
14.365691,timing-turn,16.804099,16.666800,0,0,-402.994,417.124,130.731,56.266
14.382249,timing-turn,16.558100,16.666698,0,0,-403.175,419.295,130.731,56.563
14.398910,timing-turn,16.660400,16.666702,0,0,-403.368,421.465,130.731,56.860
14.415529,timing-turn,16.619399,16.666698,0,0,-403.572,423.635,130.731,57.157
14.432312,timing-turn,16.782999,16.666698,0,0,-403.787,425.803,130.731,57.454
14.448955,timing-turn,16.643003,16.666800,0,0,-404.013,427.970,130.731,57.750
14.465714,timing-turn,16.758598,16.666800,0,0,-404.250,430.136,130.731,58.047
14.482311,timing-turn,16.597301,16.666800,0,0,-404.499,432.300,130.731,58.344
14.499002,timing-turn,16.689800,16.666800,0,0,-404.759,434.464,130.731,58.641
14.515550,timing-turn,16.548101,16.666800,0,0,-405.030,436.626,130.731,58.938
14.532179,timing-turn,16.629100,16.666702,0,0,-405.313,438.786,130.731,59.235
14.548812,timing-turn,16.633198,16.666800,0,0,-405.606,440.945,130.731,59.532
14.565513,timing-turn,16.700700,16.666800,0,0,-405.911,443.102,130.731,59.829
14.582351,timing-turn,16.838003,16.666800,0,0,-406.227,445.258,130.731,60.126
14.598845,timing-turn,16.494799,16.666698,0,0,-406.554,447.412,130.731,60.422
14.615579,timing-turn,16.732998,16.666800,0,0,-406.892,449.565,130.731,60.719
14.632228,timing-turn,16.649302,16.666800,0,0,-407.241,451.716,130.731,61.016
14.649242,timing-turn,17.014600,16.666698,0,0,-407.602,453.864,130.731,61.313
14.665618,timing-turn,16.375098,16.666800,0,0,-407.973,456.011,130.731,61.610
14.682264,timing-turn,16.646199,16.666702,0,0,-408.356,458.156,130.731,61.907
14.698970,timing-turn,16.705200,16.666800,0,0,-408.750,460.299,130.731,62.204
14.715582,timing-turn,16.612101,16.666800,0,0,-409.155,462.440,130.731,62.501
14.732293,timing-turn,16.711399,16.666698,0,0,-409.571,464.579,130.731,62.797
14.748871,timing-turn,16.577702,16.666800,0,0,-409.998,466.716,130.731,63.094
14.765634,timing-turn,16.763099,16.666698,0,0,-410.436,468.850,130.731,63.391
14.782271,timing-turn,16.638201,16.666800,0,0,-410.885,470.982,130.731,63.688
14.798992,timing-turn,16.720299,16.666800,0,0,-411.346,473.112,130.731,63.985
14.815581,timing-turn,16.589399,16.668100,0,0,-411.817,475.239,130.731,64.282
14.832520,timing-turn,16.938102,16.666800,0,0,-412.299,477.364,130.731,64.579
14.848816,timing-turn,16.296100,16.666803,0,0,-412.793,479.486,130.731,64.876
14.865611,timing-turn,16.795300,16.666698,0,0,-413.297,481.606,130.731,65.172
14.882250,timing-turn,16.639102,16.671299,0,0,-413.812,483.723,130.731,65.469
14.898965,timing-turn,16.715199,16.666800,0,0,-414.338,485.838,130.731,65.766
14.915498,timing-turn,16.532801,16.666800,0,0,-414.876,487.949,130.731,66.063
14.932199,timing-turn,16.700897,16.666698,0,0,-415.424,490.058,130.731,66.360
14.948922,timing-turn,16.723502,16.666800,0,0,-415.983,492.164,130.731,66.657
14.965558,timing-turn,16.635697,16.666800,0,0,-416.553,494.267,130.731,66.954
14.982264,timing-turn,16.705502,16.666800,0,0,-417.134,496.367,130.731,67.251
14.998987,timing-turn,16.723700,16.666698,0,0,-417.725,498.464,130.731,67.548
15.015606,timing-turn,16.618799,16.666702,0,0,-418.328,500.558,130.731,67.844
15.032323,timing-turn,16.716700,16.666800,0,0,-418.941,502.649,130.731,68.141
15.048944,timing-turn,16.620401,16.666698,0,0,-419.566,504.736,130.731,68.438
15.065637,timing-turn,16.692899,16.666800,0,0,-420.201,506.820,130.731,68.735
15.082506,timing-turn,16.869601,16.666800,0,0,-420.846,508.901,130.731,69.032
15.099007,timing-turn,16.500797,16.666800,0,0,-421.503,510.979,130.731,69.329
15.115554,timing-turn,16.547401,16.666800,0,0,-422.170,513.053,130.731,69.626
15.132273,timing-turn,16.719200,16.666800,0,0,-422.848,515.124,130.731,69.923
15.148841,timing-turn,16.568501,16.666698,0,0,-423.537,517.191,130.731,70.219
15.165545,timing-turn,16.704701,16.666702,0,0,-424.237,519.254,130.731,70.516
15.182166,timing-turn,16.621102,16.666800,0,0,-424.947,521.314,130.731,70.813
15.198858,timing-turn,16.691796,16.666698,0,0,-425.668,523.370,130.731,71.110
15.215510,timing-turn,16.651802,16.666800,0,0,-426.399,525.423,130.731,71.407
15.232201,timing-turn,16.690101,16.666800,0,0,-427.142,527.471,130.731,71.704
15.248831,timing-turn,16.630597,16.666800,0,0,-427.894,529.516,130.731,72.001
15.265581,timing-turn,16.750202,16.666698,0,0,-428.658,531.557,130.731,72.298
15.282228,timing-turn,16.646300,16.666800,0,0,-429.431,533.594,130.731,72.594
15.298985,timing-turn,16.757201,16.666702,0,0,-430.216,535.626,130.731,72.891
15.315706,timing-turn,16.722098,16.666698,0,0,-431.011,537.655,130.731,73.188
15.332515,timing-turn,16.808301,16.666800,0,0,-431.816,539.680,130.731,73.485
15.348874,timing-turn,16.359400,16.666698,0,0,-432.632,541.700,130.731,73.782
15.365624,timing-turn,16.750500,16.666800,0,0,-433.459,543.716,130.731,74.079
15.382273,timing-turn,16.648199,16.666698,0,0,-434.295,545.728,130.731,74.376
15.399037,timing-turn,16.764201,16.668003,0,0,-435.143,547.735,130.731,74.673
15.415630,timing-turn,16.592599,16.666800,0,0,-436.000,549.738,130.731,74.969
15.432240,timing-turn,16.610000,16.666800,0,0,-436.868,551.737,130.731,75.266
15.448957,timing-turn,16.716901,16.666698,0,0,-437.747,553.731,130.731,75.563
15.465508,timing-turn,16.550798,16.666698,0,0,-438.635,555.720,130.731,75.860
15.482182,timing-turn,16.672999,16.666698,0,0,-439.534,557.705,130.731,76.157
15.498844,timing-turn,16.662303,16.666800,0,0,-440.444,559.685,130.731,76.454
15.515491,timing-turn,16.646899,16.666800,0,0,-441.363,561.660,130.731,76.751
15.532186,timing-turn,16.693700,16.666702,0,0,-442.293,563.631,130.731,77.048
15.548922,timing-turn,16.736198,16.666800,0,0,-443.233,565.597,130.731,77.344
15.565670,timing-turn,16.748700,16.666800,0,0,-444.183,567.557,130.731,77.641
15.582452,timing-turn,16.782101,16.666698,0,0,-445.143,569.513,130.731,77.938
15.599008,timing-turn,16.555998,16.666698,0,0,-446.113,571.464,130.731,78.235
15.615584,timing-turn,16.576301,16.666698,0,0,-447.094,573.410,130.731,78.532
15.632310,timing-turn,16.725201,16.666702,0,0,-448.084,575.351,130.731,78.829
15.648967,timing-turn,16.656999,16.666698,0,0,-449.085,577.286,130.731,79.126
15.665645,timing-turn,16.677801,16.666800,0,0,-450.095,579.216,130.731,79.423
15.682295,timing-turn,16.649898,16.666698,0,0,-451.116,581.141,130.731,79.719
15.698993,timing-turn,16.697600,16.666698,0,0,-452.146,583.061,130.731,80.016
15.715620,timing-turn,16.627502,16.666800,0,0,-453.187,584.976,130.731,80.313
15.732316,timing-turn,16.695600,16.666800,0,0,-454.237,586.885,130.731,80.610
15.748959,timing-turn,16.642399,16.666800,0,0,-455.297,588.788,130.731,80.907
15.765603,timing-turn,16.644500,16.666803,0,0,-456.367,590.686,130.731,81.204
15.782344,timing-turn,16.741000,16.666800,0,0,-457.447,592.579,130.731,81.501
15.799088,timing-turn,16.743600,16.674698,0,0,-458.538,594.466,130.731,81.798
15.815592,timing-turn,16.504601,16.666698,0,0,-459.637,596.347,130.731,82.095
15.832646,timing-turn,17.054297,16.666702,0,0,-460.746,598.223,130.731,82.392
15.848974,timing-turn,16.328100,16.666800,0,0,-461.865,600.092,130.731,82.688
15.865932,timing-turn,16.958501,16.666800,0,0,-462.994,601.956,130.731,82.985
15.882294,timing-turn,16.361501,16.666800,0,0,-464.132,603.814,130.731,83.282
15.899017,timing-turn,16.723998,16.666698,0,0,-465.280,605.666,130.731,83.579
15.915676,timing-turn,16.658500,16.666698,0,0,-466.437,607.512,130.731,83.876
15.932393,timing-turn,16.717300,16.666702,0,0,-467.604,609.352,130.731,84.173
15.948942,timing-turn,16.548701,16.666800,0,0,-468.780,611.186,130.731,84.470
15.965672,timing-turn,16.730502,16.666998,0,0,-469.966,613.014,130.731,84.767
15.982266,timing-turn,16.593497,16.666702,0,0,-471.162,614.836,130.731,85.063
15.999002,timing-turn,16.736202,16.666698,0,0,-472.367,616.651,130.731,85.360
16.015656,timing-turn,16.653299,16.666800,0,0,-473.581,618.460,130.731,85.657
16.032328,timing-turn,16.672902,16.666800,0,0,-474.804,620.263,130.731,85.954
16.049057,timing-turn,16.729299,16.666800,0,0,-476.037,622.060,130.731,86.251
16.065742,timing-turn,16.684700,16.666901,0,0,-477.279,623.850,130.731,86.548
16.082554,timing-turn,16.811699,16.666698,0,0,-478.531,625.633,130.731,86.845
16.099056,timing-turn,16.503200,16.666800,0,0,-479.792,627.410,130.731,87.142
16.115643,timing-turn,16.585600,16.666800,0,0,-481.061,629.181,130.731,87.438
16.132355,timing-turn,16.713101,16.666698,0,0,-482.340,630.945,130.731,87.735
16.148939,timing-turn,16.583800,16.666800,0,0,-483.629,632.702,130.731,88.032
16.165653,timing-turn,16.714100,16.666803,0,0,-484.926,634.453,130.731,88.329
16.182425,timing-turn,16.770799,16.666698,0,0,-486.232,636.197,130.731,88.626
16.199141,timing-turn,16.716700,16.666698,0,0,-487.547,637.934,130.731,88.923
16.215687,timing-turn,16.547199,16.666698,0,0,-488.872,639.664,130.731,89.220
16.232342,timing-turn,16.654402,16.666698,0,0,-490.205,641.387,130.731,89.517
16.248941,timing-turn,16.600199,16.666702,0,0,-491.547,643.104,130.731,89.813
16.265625,timing-turn,16.683601,16.666698,0,0,-492.898,644.813,130.731,90.110
16.282352,timing-turn,16.728200,16.666800,0,0,-494.258,646.516,130.731,90.407
16.298981,timing-turn,16.629100,16.666800,0,0,-495.627,648.211,130.731,90.704
16.315647,timing-turn,16.667102,16.666800,0,0,-497.004,649.899,130.731,91.001
16.332561,timing-turn,16.914800,16.666698,0,0,-498.390,651.580,130.731,91.298
16.348846,timing-turn,16.284697,16.666800,0,0,-499.785,653.254,130.731,91.595
16.365662,timing-turn,16.815200,16.666800,0,0,-501.189,654.921,130.731,91.892
16.382299,timing-turn,16.637702,16.666800,0,0,-502.601,656.580,130.731,92.188
16.398901,timing-turn,16.601600,16.666702,0,0,-504.021,658.232,130.731,92.485
16.415573,timing-turn,16.672101,16.666698,0,0,-505.451,659.877,130.731,92.782
16.432196,timing-turn,16.622100,16.666800,0,0,-506.888,661.514,130.731,93.079
16.448912,timing-turn,16.715299,16.666800,0,0,-508.335,663.143,130.731,93.376
16.465540,timing-turn,16.628500,16.666698,0,0,-509.789,664.766,130.731,93.673
16.482180,timing-turn,16.639899,16.666800,0,0,-511.252,666.380,130.731,93.970
16.498898,timing-turn,16.717501,16.666800,0,0,-512.724,667.987,130.731,94.267
16.515505,timing-turn,16.606499,16.666698,0,0,-514.203,669.587,130.731,94.563
16.532270,timing-turn,16.765099,16.666803,0,0,-515.691,671.178,130.731,94.860
16.548988,timing-turn,16.718201,16.666698,0,0,-517.187,672.762,130.731,95.157
16.565613,timing-turn,16.623899,16.666698,0,0,-518.692,674.338,130.731,95.454
16.582550,timing-turn,16.938202,16.666698,0,0,-520.204,675.907,130.731,95.751
16.598997,timing-turn,16.446799,16.666800,0,0,-521.725,677.467,130.731,96.048
16.615641,timing-turn,16.642801,16.666698,0,0,-523.253,679.020,130.731,96.345
16.632307,timing-turn,16.666699,16.666702,0,0,-524.790,680.565,130.731,96.642
16.648973,timing-turn,16.666800,16.666800,0,0,-526.335,682.101,130.731,96.938
16.665665,timing-turn,16.690798,16.666698,0,0,-527.887,683.630,130.731,97.235
16.682335,timing-turn,16.670402,16.666698,0,0,-529.448,685.150,130.731,97.532
16.699005,timing-turn,16.669501,16.666800,0,0,-531.016,686.663,130.731,97.829
16.715645,timing-turn,16.638998,16.666698,0,0,-532.592,688.167,130.731,98.126
16.732265,timing-turn,16.620800,16.666800,0,0,-534.176,689.663,130.731,98.423
16.748852,timing-turn,16.585901,16.666702,0,0,-535.768,691.151,130.731,98.720
16.765539,timing-turn,16.686998,16.666800,0,0,-537.367,692.631,130.731,99.017
16.782196,timing-turn,16.657602,16.666800,0,0,-538.974,694.102,130.731,99.313
16.798889,timing-turn,16.693000,16.666800,0,0,-540.589,695.565,130.731,99.610
16.815510,timing-turn,16.619798,16.666698,0,0,-542.211,697.020,130.731,99.907
16.832453,timing-turn,16.943902,16.666800,0,0,-543.841,698.466,130.731,100.204
16.848917,timing-turn,16.463600,16.666698,0,0,-545.478,699.904,130.731,100.501
16.865597,timing-turn,16.679600,16.666800,0,0,-547.123,701.333,130.731,100.798
16.882303,timing-turn,16.707398,16.666702,0,0,-548.775,702.754,130.731,101.095
16.898993,timing-turn,16.690101,16.666698,0,0,-550.434,704.166,130.731,101.392
16.915585,timing-turn,16.592301,16.666698,0,0,-552.101,705.569,130.731,101.689
16.932266,timing-turn,16.681600,16.666698,0,0,-553.775,706.964,130.731,101.985
16.948990,timing-turn,16.723197,16.666698,0,0,-555.456,708.350,130.731,102.282
16.965612,timing-turn,16.623002,16.666702,0,0,-557.144,709.728,130.731,102.579
16.982279,timing-turn,16.665898,16.666698,0,0,-558.839,711.096,130.731,102.876
16.998999,timing-turn,16.719602,16.666800,0,0,-560.542,712.456,130.731,103.173
17.015638,timing-turn,16.639501,16.666800,0,0,-562.251,713.807,130.731,103.470
17.032425,timing-turn,16.787197,16.666800,0,0,-563.967,715.149,130.731,103.767
17.048967,timing-turn,16.541600,16.666800,0,0,-565.691,716.483,130.731,104.064
17.065626,timing-turn,16.659502,16.666698,0,0,-567.421,717.807,130.731,104.360
17.082521,timing-turn,16.895600,16.666800,0,0,-569.158,719.122,130.731,104.657
17.098915,timing-turn,16.394500,16.666702,0,0,-570.902,720.429,130.731,104.954
17.115501,timing-turn,16.586699,16.666800,0,0,-572.653,721.726,130.731,105.251
17.132208,timing-turn,16.706601,16.666800,0,0,-574.410,723.014,130.731,105.548
17.148861,timing-turn,16.653601,16.666800,0,0,-576.174,724.293,130.731,105.845
17.165590,timing-turn,16.730200,16.666698,0,0,-577.944,725.563,130.731,106.142
17.182339,timing-turn,16.748101,16.666800,0,0,-579.722,726.823,130.731,106.439
17.198944,timing-turn,16.605698,16.666800,0,0,-581.505,728.075,130.731,106.735
17.215588,timing-turn,16.642600,16.666698,0,0,-583.295,729.317,130.731,107.032
17.232271,timing-turn,16.684499,16.666800,0,0,-585.092,730.550,130.731,107.329
17.248953,timing-turn,16.681504,16.666800,0,0,-586.895,731.773,130.731,107.626
17.265802,timing-turn,16.850200,16.679502,0,0,-588.705,732.989,130.731,107.923
17.282379,timing-turn,16.576897,16.666800,0,0,-590.521,734.193,130.731,108.220
17.298960,timing-turn,16.581301,16.666698,0,0,-592.342,735.389,130.731,108.517
17.315647,timing-turn,16.687799,16.666800,0,0,-594.170,736.575,130.731,108.814
17.332664,timing-turn,17.017700,16.666800,0,0,-596.004,737.751,130.731,109.111
17.348957,timing-turn,16.292702,16.666698,0,0,-597.844,738.918,130.731,109.408
17.365690,timing-turn,16.732298,16.666698,0,0,-599.690,740.075,130.731,109.704
17.382198,timing-turn,16.508702,16.666702,0,0,-601.542,741.223,130.731,110.001
17.398893,timing-turn,16.695198,16.666698,0,0,-603.400,742.361,130.731,110.298
17.415577,timing-turn,16.683202,16.666800,0,0,-605.264,743.490,130.731,110.595
17.432215,timing-turn,16.638398,16.666800,0,0,-607.134,744.609,130.731,110.892
17.448841,timing-turn,16.625602,16.666800,0,0,-609.009,745.718,130.731,111.189
17.465626,timing-turn,16.785298,16.666800,0,0,-610.890,746.817,130.731,111.486
17.482239,timing-turn,16.613901,16.666800,0,0,-612.777,747.907,130.731,111.783
17.498987,timing-turn,16.749300,16.666698,0,0,-614.669,748.987,130.731,112.079
17.515646,timing-turn,16.659603,16.666702,0,0,-616.567,750.057,130.731,112.376
17.532257,timing-turn,16.611397,16.666800,0,0,-618.471,751.117,130.731,112.673
17.548941,timing-turn,16.683903,16.666800,0,0,-620.380,752.168,130.731,112.970
17.565636,timing-turn,16.694099,16.666698,0,0,-622.294,753.208,130.731,113.267
17.582573,timing-turn,16.937301,16.666800,0,0,-624.214,754.239,130.731,113.564
17.598938,timing-turn,16.365599,16.666800,0,0,-626.139,755.259,130.731,113.861
17.615673,timing-turn,16.734600,16.666698,0,0,-628.069,756.270,130.731,114.158
17.632334,timing-turn,16.660102,16.666800,0,0,-630.005,757.270,130.731,114.454
17.648968,timing-turn,16.633898,16.666800,0,0,-631.946,758.261,130.731,114.751
17.665615,timing-turn,16.646501,16.666800,0,0,-633.892,759.241,130.731,115.048
17.682203,timing-turn,16.588200,16.666702,0,0,-635.842,760.211,130.731,115.345
17.698893,timing-turn,16.689401,16.666800,0,0,-637.798,761.172,130.731,115.642
17.715498,timing-turn,16.604699,16.666800,0,0,-639.759,762.122,130.731,115.939
17.732229,timing-turn,16.730700,16.666698,0,0,-641.725,763.061,130.731,116.236
17.748964,timing-turn,16.735401,16.666698,0,0,-643.695,763.991,130.731,116.533
17.765572,timing-turn,16.606499,16.666698,0,0,-645.671,764.911,130.731,116.829
17.782259,timing-turn,16.686801,16.666702,0,0,-647.651,765.820,130.731,117.126
17.798956,timing-turn,16.696300,16.666800,0,0,-649.636,766.719,130.731,117.423
17.815586,timing-turn,16.629398,16.666800,0,0,-651.625,767.607,130.731,117.720
17.832613,timing-turn,17.027602,16.666698,0,0,-653.619,768.486,130.731,118.017
17.848957,timing-turn,16.344398,16.666698,0,0,-655.617,769.354,130.731,118.314
17.865669,timing-turn,16.713001,16.666800,0,0,-657.620,770.211,130.731,118.611
17.882326,timing-turn,16.656902,16.666800,0,0,-659.628,771.059,130.731,118.908
17.898951,timing-turn,16.625401,16.666698,0,0,-661.640,771.895,130.731,119.204
17.915670,timing-turn,16.719997,16.666803,0,0,-663.656,772.722,130.731,119.501
17.932323,timing-turn,16.653303,16.666698,0,0,-665.676,773.538,130.731,119.798
17.948988,timing-turn,16.663600,16.666800,0,0,-667.700,774.343,130.731,120.095
17.965588,timing-turn,16.599201,16.666800,0,0,-669.729,775.138,130.731,120.392
17.982311,timing-turn,16.723096,16.666698,0,0,-671.762,775.922,130.731,120.689
17.998882,timing-turn,16.570400,16.666800,0,0,-673.799,776.696,130.731,120.986
18.015669,timing-turn,16.786501,16.666800,0,0,-675.839,777.460,130.731,121.283
18.032232,timing-turn,16.562901,16.666698,0,0,-677.884,778.212,130.731,121.579
18.048866,timing-sweep,16.634900,16.666702,0,0,-679.933,778.955,130.731,121.876
18.065563,timing-sweep,16.696099,16.666698,0,0,-681.200,779.414,80.869,122.767
18.082413,timing-sweep,16.849298,16.666800,0,0,-681.894,779.665,44.304,123.658
18.098995,timing-sweep,16.582500,16.666800,0,0,-682.168,779.764,17.489,124.548
18.115620,timing-sweep,16.625203,16.666698,0,0,-682.168,779.764,0.000,125.439
18.132254,timing-sweep,16.633198,16.666800,0,0,-682.168,779.764,0.000,126.329
18.148958,timing-sweep,16.705502,16.666698,0,0,-682.168,779.764,0.000,127.220
18.165613,timing-sweep,16.655099,16.666702,0,0,-682.168,779.764,0.000,128.111
18.182262,timing-sweep,16.649302,16.666698,0,0,-682.168,779.764,0.000,129.001
18.198980,timing-sweep,16.716998,16.666800,0,0,-682.168,779.764,0.000,129.892
18.215595,timing-sweep,16.614001,16.666698,0,0,-682.168,779.764,0.000,130.783
18.232267,timing-sweep,16.672798,16.666800,0,0,-682.168,779.764,0.000,131.673
18.249094,timing-sweep,16.827401,16.666698,0,0,-682.168,779.764,0.000,132.564
18.265642,timing-sweep,16.547799,16.666800,0,0,-682.168,779.764,0.000,133.455
18.282244,timing-sweep,16.602203,16.666803,0,0,-682.168,779.764,0.000,134.345
18.298851,timing-sweep,16.607799,16.666800,0,0,-682.168,779.764,0.000,135.236
18.315483,timing-sweep,16.631499,16.666698,0,0,-682.168,779.764,0.000,136.126
18.332424,timing-sweep,16.940299,16.666698,0,0,-682.168,779.764,0.000,137.017
18.348824,timing-sweep,16.399402,16.666800,0,0,-682.168,779.764,0.000,137.908
18.365526,timing-sweep,16.703498,16.666698,0,0,-682.168,779.764,0.000,138.798
18.382130,timing-sweep,16.603600,16.666702,0,0,-682.168,779.764,0.000,139.689
18.398895,timing-sweep,16.765200,16.666800,0,0,-682.168,779.764,0.000,140.580
18.415550,timing-sweep,16.654700,16.666698,0,0,-682.168,779.764,0.000,141.470
18.432266,timing-sweep,16.716603,16.666800,0,0,-682.168,779.764,0.000,142.361
18.448862,timing-sweep,16.596697,16.666698,0,0,-682.168,779.764,0.000,143.251
18.465567,timing-sweep,16.704001,16.666800,0,0,-682.168,779.764,0.000,144.142
18.482298,timing-sweep,16.731102,16.666698,0,0,-682.168,779.764,0.000,145.033
18.498930,timing-sweep,16.631797,16.666800,0,0,-682.168,779.764,0.000,145.923
18.515579,timing-sweep,16.649503,16.666702,0,0,-682.168,779.764,0.000,146.814
18.532238,timing-sweep,16.658898,16.666800,0,0,-682.168,779.764,0.000,147.705
18.548988,timing-sweep,16.751200,16.666698,0,0,-682.168,779.764,0.000,148.595
18.565649,timing-sweep,16.659901,16.666800,0,0,-682.168,779.764,0.000,149.486
18.582443,timing-sweep,16.794998,16.666800,0,0,-682.168,779.764,0.000,150.376
18.598913,timing-sweep,16.469203,16.666800,0,0,-682.168,779.764,0.000,151.267
18.615517,timing-sweep,16.604099,16.666800,0,0,-682.168,779.764,0.000,152.158
18.632189,timing-sweep,16.672097,16.666698,0,0,-682.168,779.764,0.000,153.048
18.648830,timing-sweep,16.641703,16.666800,0,0,-682.168,779.764,0.000,153.939
18.665504,timing-sweep,16.674001,16.666800,0,0,-682.168,779.764,0.000,154.830
18.682150,timing-sweep,16.645797,16.666702,0,0,-682.168,779.764,0.000,155.720
18.698889,timing-sweep,16.738702,16.666800,0,0,-682.168,779.764,0.000,156.611
18.715508,timing-sweep,16.619001,16.666800,0,0,-682.168,779.764,0.000,157.502
18.732321,timing-sweep,16.812999,16.666698,0,0,-682.168,779.764,0.000,158.392
18.748852,timing-sweep,16.530100,16.666800,0,0,-682.168,779.764,0.000,159.283
18.765598,timing-sweep,16.746502,16.666800,0,0,-682.168,779.764,0.000,160.173
18.782246,timing-sweep,16.647097,16.666800,0,0,-682.168,779.764,0.000,161.064
18.798904,timing-sweep,16.659401,16.666698,0,0,-682.168,779.764,0.000,161.955
18.815588,timing-sweep,16.684201,16.666800,0,0,-682.168,779.764,0.000,162.845
18.832544,timing-sweep,16.956400,16.666702,0,0,-682.168,779.764,0.000,163.736
18.848951,timing-sweep,16.407598,16.666698,0,0,-682.168,779.764,0.000,164.627
18.865643,timing-sweep,16.691402,16.666698,0,0,-682.168,779.764,0.000,165.517
18.882280,timing-sweep,16.637899,16.666698,0,0,-682.168,779.764,0.000,166.408
18.898880,timing-sweep,16.598903,16.666702,0,0,-682.168,779.764,0.000,167.298
18.915569,timing-sweep,16.689997,16.666698,0,0,-682.168,779.764,0.000,168.189
18.932201,timing-sweep,16.632102,16.666800,0,0,-682.168,779.764,0.000,169.080
18.948797,timing-sweep,16.596198,16.666800,0,0,-682.168,779.764,0.000,169.970
18.965528,timing-sweep,16.730901,16.666698,0,0,-682.168,779.764,0.000,170.861
18.982182,timing-sweep,16.653001,16.666698,0,0,-682.168,779.764,0.000,171.752
18.998869,timing-sweep,16.686600,16.666800,0,0,-682.168,779.764,0.000,172.642
19.015511,timing-sweep,16.642399,16.666702,0,0,-682.168,779.764,0.000,173.533
19.032211,timing-sweep,16.700599,16.666698,0,0,-682.168,779.764,0.000,174.423
19.048903,timing-sweep,16.690899,16.666800,0,0,-682.168,779.764,0.000,175.314
19.065619,timing-sweep,16.716801,16.666698,0,0,-682.168,779.764,0.000,176.205
19.082510,timing-sweep,16.890801,16.669300,0,0,-682.168,779.764,0.000,177.096
19.098963,timing-sweep,16.453099,16.666698,0,0,-682.168,779.764,0.000,177.986
19.115637,timing-sweep,16.673401,16.666702,0,0,-682.168,779.764,0.000,178.877
19.132303,timing-sweep,16.666099,16.666698,0,0,-682.168,779.764,0.000,179.767
19.148935,timing-sweep,16.632002,16.666698,0,0,-682.168,779.764,0.000,180.658
19.165607,timing-sweep,16.672097,16.666800,0,0,-682.168,779.764,0.000,181.549
19.182322,timing-sweep,16.714200,16.666698,0,0,-682.168,779.764,0.000,182.439
19.198936,timing-sweep,16.615801,16.666800,0,0,-682.168,779.764,0.000,183.330
19.215536,timing-sweep,16.599700,16.666702,0,0,-682.168,779.764,0.000,184.221
19.232307,timing-sweep,16.772199,16.666698,0,0,-682.168,779.764,0.000,185.111
19.248842,timing-sweep,16.535401,16.666698,0,0,-682.168,779.764,0.000,186.002
19.265539,timing-sweep,16.697198,16.666698,0,0,-682.168,779.764,0.000,186.892
19.282156,timing-sweep,16.617700,16.666698,0,0,-682.168,779.764,0.000,187.783
19.298910,timing-sweep,16.754903,16.666702,0,0,-682.168,779.764,0.000,188.674
19.315496,timing-sweep,16.587198,16.666800,0,0,-682.168,779.764,0.000,189.564
19.332434,timing-sweep,16.936902,16.666800,0,0,-682.168,779.764,0.000,190.455
19.348877,timing-sweep,16.443100,16.666800,0,0,-682.168,779.764,0.000,191.346
19.365559,timing-sweep,16.682100,16.666800,0,0,-682.168,779.764,0.000,192.236
19.382277,timing-sweep,16.717900,16.666698,0,0,-682.168,779.764,0.000,193.127
19.399073,timing-sweep,16.796499,16.666800,0,0,-682.168,779.764,0.000,194.017
19.415522,timing-sweep,16.448602,16.666698,0,0,-682.168,779.764,0.000,194.908
19.432280,timing-sweep,16.757298,16.666702,0,0,-682.168,779.764,0.000,195.799
19.449011,timing-sweep,16.730499,16.666698,0,0,-682.168,779.764,0.000,196.689
19.465727,timing-sweep,16.716503,16.666800,0,0,-682.168,779.764,0.000,197.580
19.482313,timing-sweep,16.586401,16.666800,0,0,-682.168,779.764,0.000,198.471
19.498905,timing-sweep,16.592797,16.666800,0,0,-682.168,779.764,0.000,199.361
19.515577,timing-sweep,16.672101,16.666800,0,0,-682.168,779.764,0.000,200.252
19.532230,timing-sweep,16.654000,16.666698,0,0,-682.168,779.764,0.000,201.142
19.548859,timing-sweep,16.629200,16.666800,0,0,-682.168,779.764,0.000,202.033
19.565519,timing-sweep,16.661499,16.666800,0,0,-682.168,779.764,0.000,202.924
19.582382,timing-sweep,16.862601,16.666800,0,0,-682.168,779.764,0.000,203.814
19.598852,timing-sweep,16.470499,16.666702,0,0,-682.168,779.764,0.000,204.705
19.615507,timing-sweep,16.654503,16.666800,0,0,-682.168,779.764,0.000,205.596
19.632215,timing-sweep,16.708899,16.666800,0,0,-682.168,779.764,0.000,206.486
19.648886,timing-sweep,16.670298,16.666698,0,0,-682.168,779.764,0.000,207.377
19.665731,timing-sweep,16.846001,16.666800,0,0,-682.168,779.764,0.000,208.268
19.682215,timing-sweep,16.483601,16.666698,0,0,-682.168,779.764,0.000,209.158
19.698927,timing-sweep,16.711898,16.666698,0,0,-682.168,779.764,0.000,210.049
19.715599,timing-sweep,16.671300,16.666702,0,0,-682.168,779.764,0.000,210.939
19.732269,timing-sweep,16.669802,16.666698,0,0,-682.168,779.764,0.000,211.830
19.748938,timing-sweep,16.668200,16.666698,0,0,-682.168,779.764,0.000,212.721
19.765642,timing-sweep,16.704097,16.666800,0,0,-682.168,779.764,0.000,213.611
19.782267,timing-sweep,16.625300,16.666800,0,0,-682.168,779.764,0.000,214.502
19.798975,timing-sweep,16.708300,16.666698,0,0,-682.168,779.764,0.000,215.393
19.815693,timing-sweep,16.718000,16.666800,0,0,-682.168,779.764,0.000,216.283
19.832483,timing-sweep,16.790900,16.666803,0,0,-682.168,779.764,0.000,217.174
19.848915,timing-sweep,16.431700,16.666698,0,0,-682.168,779.764,0.000,218.064
19.865528,timing-sweep,16.612701,16.666698,0,0,-682.168,779.764,0.000,218.955
19.882160,timing-sweep,16.633000,16.666698,0,0,-682.168,779.764,0.000,219.846
19.898872,timing-sweep,16.711898,16.666800,0,0,-682.168,779.764,0.000,220.736
19.915503,timing-sweep,16.629700,16.666698,0,0,-682.168,779.764,0.000,221.627
19.932194,timing-sweep,16.692001,16.666702,0,0,-682.168,779.764,0.000,222.518
19.948832,timing-sweep,16.638700,16.666698,0,0,-682.168,779.764,0.000,223.408
19.965553,timing-sweep,16.720802,16.666698,0,0,-682.168,779.764,0.000,224.299
19.982208,timing-sweep,16.655799,16.666800,0,0,-682.168,779.764,0.000,225.189
19.998924,timing-sweep,16.716201,16.666698,0,0,-682.168,779.764,0.000,226.080
20.015526,timing-sweep,16.601197,16.666702,0,0,-682.168,779.764,0.000,226.971
20.032276,timing-sweep,16.750202,16.666800,0,0,-682.168,779.764,0.000,227.861
20.048925,timing-sweep,16.648501,16.666800,0,0,-682.168,779.764,0.000,228.752
20.065611,timing-sweep,16.685497,16.666698,0,0,-682.168,779.764,0.000,229.643
20.082466,timing-sweep,16.855903,16.666800,0,0,-682.168,779.764,0.000,230.533
20.098896,timing-sweep,16.429499,16.666698,0,0,-682.168,779.764,0.000,231.424
20.115589,timing-sweep,16.693398,16.666800,0,0,-682.168,779.764,0.000,232.315
20.132286,timing-sweep,16.697802,16.666800,0,0,-682.168,779.764,0.000,233.205
20.148952,timing-sweep,16.666599,16.666800,0,0,-682.168,779.764,0.000,234.096
20.165527,timing-sweep,16.575400,16.666702,0,0,-682.168,779.764,0.000,234.986
20.182142,timing-sweep,16.614802,16.666800,0,0,-682.168,779.764,0.000,235.877
20.198843,timing-sweep,16.701199,16.666698,0,0,-682.168,779.764,0.000,236.768
20.215481,timing-sweep,16.638700,16.666698,0,0,-682.168,779.764,0.000,237.658
20.232174,timing-sweep,16.692899,16.666698,0,0,-682.168,779.764,0.000,238.549
20.248817,timing-sweep,16.643900,16.666800,0,0,-682.168,779.764,0.000,239.440
20.265532,timing-sweep,16.713802,16.666800,0,0,-682.168,779.764,0.000,240.330
20.282215,timing-sweep,16.683500,16.666702,0,0,-682.168,779.764,0.000,241.221
20.299082,timing-sweep,16.865898,16.666800,0,0,-682.168,779.764,0.000,242.111
20.315580,timing-sweep,16.498301,16.666800,0,0,-682.168,779.764,0.000,243.002
20.332493,timing-sweep,16.913101,16.666800,0,0,-682.168,779.764,0.000,243.893
20.348915,timing-sweep,16.421799,16.666698,0,0,-682.168,779.764,0.000,244.783
20.365627,timing-sweep,16.711298,16.666800,0,0,-682.168,779.764,0.000,245.674
20.382259,timing-sweep,16.631801,16.666800,0,0,-682.168,779.764,0.000,246.565
20.398970,timing-sweep,16.710199,16.666800,0,0,-682.168,779.764,0.000,247.455
20.415575,timing-sweep,16.605102,16.666698,0,0,-682.168,779.764,0.000,248.346
20.432289,timing-sweep,16.713299,16.666702,0,0,-682.168,779.764,0.000,249.236
20.448887,timing-sweep,16.597100,16.666800,0,0,-682.168,779.764,0.000,250.127
20.465565,timing-sweep,16.678102,16.666698,0,0,-682.168,779.764,0.000,251.018
20.482172,timing-sweep,16.607497,16.666698,0,0,-682.168,779.764,0.000,251.908
20.498880,timing-sweep,16.708601,16.666800,0,0,-682.168,779.764,0.000,252.799
20.515514,timing-sweep,16.633600,16.666698,0,0,-682.168,779.764,0.000,253.690
20.532230,timing-sweep,16.715102,16.666800,0,0,-682.168,779.764,0.000,254.580
20.548836,timing-sweep,16.604997,16.666800,0,0,-682.168,779.764,0.000,255.471
20.565552,timing-sweep,16.715303,16.666702,0,0,-682.168,779.764,0.000,256.362
20.582560,timing-sweep,17.006997,16.666698,0,0,-682.168,779.764,0.000,257.252
20.598888,timing-sweep,16.329702,16.666698,0,0,-682.168,779.764,0.000,258.143
20.615675,timing-sweep,16.787201,16.666800,0,0,-682.168,779.764,0.000,259.033
20.632248,timing-sweep,16.573597,16.666698,0,0,-682.168,779.764,0.000,259.924
20.648848,timing-sweep,16.600203,16.666702,0,0,-682.168,779.764,0.000,260.815
20.665571,timing-sweep,16.724497,16.666800,0,0,-682.168,779.764,0.000,261.705
20.682274,timing-sweep,16.702503,16.666698,0,0,-682.168,779.764,0.000,262.596
20.698997,timing-sweep,16.723499,16.666800,0,0,-682.168,779.764,0.000,263.487
20.715757,timing-sweep,16.760100,16.666698,0,0,-682.168,779.764,0.000,264.377
20.732246,timing-sweep,16.488101,16.666800,0,0,-682.168,779.764,0.000,265.268
20.748940,timing-sweep,16.692400,16.666800,0,0,-682.168,779.764,0.000,266.158
20.765568,timing-sweep,16.628999,16.666800,0,0,-682.168,779.764,0.000,267.049
20.782257,timing-sweep,16.688999,16.666702,0,0,-682.168,779.764,0.000,267.940
20.798914,timing-sweep,16.656000,16.666698,0,0,-682.168,779.764,0.000,268.830
20.815521,timing-sweep,16.607601,16.666698,0,0,-682.168,779.764,0.000,269.721
20.832399,timing-sweep,16.877700,16.666800,0,0,-682.168,779.764,0.000,270.612
20.848919,timing-sweep,16.520198,16.666698,0,0,-682.168,779.764,0.000,271.502
20.865530,timing-sweep,16.610201,16.666698,0,0,-682.168,779.764,0.000,272.393
20.882181,timing-sweep,16.651101,16.666702,0,0,-682.168,779.764,0.000,273.283
20.898872,timing-sweep,16.692098,16.666800,0,0,-682.168,779.764,0.000,274.174
20.915598,timing-sweep,16.726002,16.666800,0,0,-682.168,779.764,0.000,275.065
20.932289,timing-sweep,16.691297,16.668800,0,0,-682.168,779.764,0.000,275.955
20.948946,timing-sweep,16.656499,16.666800,0,0,-682.168,779.764,0.000,276.846
20.965578,timing-sweep,16.631402,16.666698,0,0,-682.168,779.764,0.000,277.737
20.982294,timing-sweep,16.716499,16.666800,0,0,-682.168,779.764,0.000,278.627
20.998959,timing-sweep,16.665302,16.666698,0,0,-682.168,779.764,0.000,279.518
21.015547,timing-sweep,16.589098,16.666698,0,0,-682.168,779.764,0.000,280.409
21.032293,timing-sweep,16.746502,16.666702,0,0,-682.168,779.764,0.000,281.299
21.048950,timing-sweep,16.656399,16.666698,0,0,-682.168,779.764,0.000,282.190
21.065649,timing-sweep,16.698800,16.666800,0,0,-682.168,779.764,0.000,283.080
21.082569,timing-sweep,16.919501,16.666698,0,0,-682.168,779.764,0.000,283.971
21.098928,timing-sweep,16.359698,16.666800,0,0,-682.168,779.764,0.000,284.862
21.115520,timing-sweep,16.592901,16.666698,0,0,-682.168,779.764,0.000,285.752
21.132206,timing-sweep,16.685300,16.666803,0,0,-682.168,779.764,0.000,286.643
21.148827,timing-sweep,16.621400,16.666698,0,0,-682.168,779.764,0.000,287.534
21.165539,timing-sweep,16.711399,16.666800,0,0,-682.168,779.764,0.000,288.424
21.182322,timing-sweep,16.782902,16.666800,0,0,-682.168,779.764,0.000,289.315
21.198851,timing-sweep,16.529500,16.666800,0,0,-682.168,779.764,0.000,290.206
21.215565,timing-sweep,16.714998,16.666800,0,0,-682.168,779.764,0.000,291.096
21.232275,timing-sweep,16.710401,16.666800,0,0,-682.168,779.764,0.000,291.987
21.248926,timing-sweep,16.651001,16.666800,0,0,-682.168,779.764,0.000,292.877
21.265570,timing-sweep,16.643900,16.666800,0,0,-682.168,779.764,0.000,293.768
21.282265,timing-sweep,16.695000,16.666800,0,0,-682.168,779.764,0.000,294.659
21.298927,timing-sweep,16.662199,16.666800,0,0,-682.168,779.764,0.000,295.549
21.315573,timing-sweep,16.644899,16.666698,0,0,-682.168,779.764,0.000,296.440
21.332548,timing-sweep,16.975202,16.666702,0,0,-682.168,779.764,0.000,297.331
21.348932,timing-sweep,16.384501,16.666698,0,0,-682.168,779.764,0.000,298.221
21.365641,timing-sweep,16.708598,16.666698,0,0,-682.168,779.764,0.000,299.112
21.382360,timing-sweep,16.720399,16.666698,0,0,-682.168,779.764,0.000,300.002
21.398893,timing-sweep,16.532101,16.666702,0,0,-682.168,779.764,0.000,300.893
21.415600,timing-sweep,16.706001,16.666698,0,0,-682.168,779.764,0.000,301.784
21.432312,timing-sweep,16.711399,16.666800,0,0,-682.168,779.764,0.000,302.674
21.448828,timing-sweep,16.515803,16.666800,0,0,-682.168,779.764,0.000,303.565
21.465517,timing-sweep,16.688596,16.666698,0,0,-682.168,779.764,0.000,304.456
21.482151,timing-sweep,16.633201,16.666698,0,0,-682.168,779.764,0.000,305.346
21.498852,timing-sweep,16.701099,16.666800,0,0,-682.168,779.764,0.000,306.237
21.515530,timing-sweep,16.678303,16.666702,0,0,-682.168,779.764,0.000,307.127
21.532228,timing-sweep,16.698997,16.666800,0,0,-682.168,779.764,0.000,308.018
21.548874,timing-sweep,16.644500,16.682297,0,0,-682.168,779.764,0.000,308.910
21.565628,timing-sweep,16.753402,16.666803,0,0,-682.168,779.764,0.000,309.800
21.582552,timing-sweep,16.923599,16.666800,0,0,-682.168,779.764,0.000,310.691
21.598997,timing-sweep,16.444299,16.666698,0,0,-682.168,779.764,0.000,311.581
21.615660,timing-sweep,16.662400,16.666800,0,0,-682.168,779.764,0.000,312.472
21.632345,timing-sweep,16.685199,16.666800,0,0,-682.168,779.764,0.000,313.363
21.648991,timing-sweep,16.644903,16.683098,0,0,-682.168,779.764,0.000,314.254
21.665693,timing-sweep,16.702298,16.666702,0,0,-682.168,779.764,0.000,315.145
21.682281,timing-sweep,16.588401,16.666698,0,0,-682.168,779.764,0.000,316.035
21.699011,timing-sweep,16.729001,16.666800,0,0,-682.168,779.764,0.000,316.926
21.715664,timing-sweep,16.653098,16.666698,0,0,-682.168,779.764,0.000,317.817
21.732269,timing-sweep,16.605299,16.666698,0,0,-682.168,779.764,0.000,318.707
21.748920,timing-sweep,16.650401,16.666702,0,0,-682.168,779.764,0.000,319.598
21.765636,timing-sweep,16.716402,16.666698,0,0,-682.168,779.764,0.000,320.489
21.782221,timing-sweep,16.584698,16.666800,0,0,-682.168,779.764,0.000,321.379
21.798901,timing-sweep,16.680699,16.666800,0,0,-682.168,779.764,0.000,322.270
21.815556,timing-sweep,16.654700,16.666698,0,0,-682.168,779.764,0.000,323.161
21.832455,timing-sweep,16.898502,16.666800,0,0,-682.168,779.764,0.000,324.051
21.848997,timing-sweep,16.543102,16.666800,0,0,-682.168,779.764,0.000,324.942
21.865740,timing-sweep,16.743299,16.666698,0,0,-682.168,779.764,0.000,325.832
21.882313,timing-sweep,16.573600,16.666702,0,0,-682.168,779.764,0.000,326.723
21.898991,timing-sweep,16.678199,16.666800,0,0,-682.168,779.764,0.000,327.614
21.915628,timing-sweep,16.637199,16.666698,0,0,-682.168,779.764,0.000,328.504
21.932331,timing-sweep,16.703401,16.666698,0,0,-682.168,779.764,0.000,329.395
21.948946,timing-sweep,16.615100,16.666800,0,0,-682.168,779.764,0.000,330.286
21.965605,timing-sweep,16.659200,16.666800,0,0,-682.168,779.764,0.000,331.176
21.982328,timing-sweep,16.724002,16.666698,0,0,-682.168,779.764,0.000,332.067
21.998980,timing-sweep,16.651299,16.666702,0,0,-682.168,779.764,0.000,332.957
22.015656,timing-sweep,16.675599,16.666800,0,0,-682.168,779.764,0.000,333.848
22.032333,timing-sweep,16.677201,16.666800,0,0,-682.168,779.764,0.000,334.739
22.048918,timing-sweep,16.583499,16.666698,0,0,-682.168,779.764,0.000,335.629
22.065615,timing-sweep,16.697101,16.666800,0,0,-682.168,779.764,0.000,336.520
22.082462,timing-sweep,16.848501,16.666698,0,0,-682.168,779.764,0.000,337.411
22.098900,timing-sweep,16.438399,16.666702,0,0,-682.168,779.764,0.000,338.301
22.115744,timing-sweep,16.844600,16.666698,0,0,-682.168,779.764,0.000,339.192
22.132288,timing-sweep,16.544502,16.666698,0,0,-682.168,779.764,0.000,340.082
22.148958,timing-sweep,16.669698,16.666698,0,0,-682.168,779.764,0.000,340.973
22.165665,timing-sweep,16.706299,16.666800,0,0,-682.168,779.764,0.000,341.864
22.182283,timing-sweep,16.619302,16.666800,0,0,-682.168,779.764,0.000,342.754
22.198935,timing-sweep,16.651697,16.666698,0,0,-682.168,779.764,0.000,343.645
22.215616,timing-sweep,16.681403,16.666702,0,0,-682.168,779.764,0.000,344.536
22.232363,timing-sweep,16.745798,16.666698,0,0,-682.168,779.764,0.000,345.426
22.248972,timing-sweep,16.609401,16.666698,0,0,-682.168,779.764,0.000,346.317
22.265682,timing-sweep,16.710799,16.666698,0,0,-682.168,779.764,0.000,347.208
22.282324,timing-sweep,16.641900,16.666702,0,0,-682.168,779.764,0.000,348.098
22.299036,timing-sweep,16.712900,16.666800,0,0,-682.168,779.764,0.000,348.989
22.315731,timing-sweep,16.695801,16.666800,0,0,-682.168,779.764,0.000,349.879
22.332613,timing-sweep,16.882699,16.666800,0,0,-682.168,779.764,0.000,350.770
22.348955,timing-sweep,16.341399,16.666698,0,0,-682.168,779.764,0.000,351.661
22.365753,timing-sweep,16.798399,16.666800,0,0,-682.168,779.764,0.000,352.551
22.382227,timing-sweep,16.474202,16.666800,0,0,-682.168,779.764,0.000,353.442
22.398899,timing-sweep,16.672198,16.666800,0,0,-682.168,779.764,0.000,354.333
22.415571,timing-sweep,16.672101,16.666800,0,0,-682.168,779.764,0.000,355.223
22.432234,timing-sweep,16.662400,16.666698,0,0,-682.168,779.764,0.000,356.114
22.448929,timing-sweep,16.695902,16.666800,0,0,-682.168,779.764,0.000,357.004
22.465607,timing-sweep,16.677197,16.666803,0,0,-682.168,779.764,0.000,357.895
22.482260,timing-sweep,16.653702,16.666698,0,0,-682.168,779.764,0.000,358.786
22.498955,timing-sweep,16.694199,16.666800,0,0,-682.168,779.764,0.000,359.676
22.515594,timing-sweep,16.639601,16.666800,0,0,-682.168,779.764,0.000,0.567
22.532351,timing-sweep,16.756799,16.666800,0,0,-682.168,779.764,0.000,1.458
22.548975,timing-sweep,16.624901,16.666800,0,0,-682.168,779.764,0.000,2.348
22.565655,timing-sweep,16.679198,16.666698,0,0,-682.168,779.764,0.000,3.239
22.582594,timing-sweep,16.938701,16.666698,0,0,-682.168,779.764,0.000,4.129
22.598995,timing-sweep,16.401101,16.666702,0,0,-682.168,779.764,0.000,5.020
22.615664,timing-sweep,16.667698,16.666698,0,0,-682.168,779.764,0.000,5.911
22.632267,timing-sweep,16.603701,16.666800,0,0,-682.168,779.764,0.000,6.801
22.648924,timing-sweep,16.657099,16.666800,0,0,-682.168,779.764,0.000,7.692
22.665560,timing-sweep,16.636800,16.666800,0,0,-682.168,779.764,0.000,8.583
22.682234,timing-sweep,16.674001,16.666698,0,0,-682.168,779.764,0.000,9.473
22.698885,timing-sweep,16.651399,16.666698,0,0,-682.168,779.764,0.000,10.364
22.715538,timing-sweep,16.653802,16.666702,0,0,-682.168,779.764,0.000,11.255
22.732231,timing-sweep,16.692299,16.666800,0,0,-682.168,779.764,0.000,12.145
22.748882,timing-sweep,16.650900,16.666698,0,0,-682.168,779.764,0.000,13.036
22.765564,timing-sweep,16.681798,16.666800,0,0,-682.168,779.764,0.000,13.926
22.782278,timing-sweep,16.713202,16.666800,0,0,-682.168,779.764,0.000,14.817
22.798935,timing-sweep,16.657401,16.666800,0,0,-682.168,779.764,0.000,15.708
22.815638,timing-sweep,16.703099,16.666698,0,0,-682.168,779.764,0.000,16.598
22.832586,timing-sweep,16.949598,16.666800,0,0,-682.168,779.764,0.000,17.489
22.848955,timing-sweep,16.369000,16.666800,0,0,-682.168,779.764,0.000,18.380
22.865665,timing-sweep,16.710002,16.666800,0,0,-682.168,779.764,0.000,19.270
22.882282,timing-sweep,16.615901,16.666702,0,0,-682.168,779.764,0.000,20.161
22.898949,timing-sweep,16.666397,16.666800,0,0,-682.168,779.764,0.000,21.051
22.915668,timing-sweep,16.719401,16.666698,0,0,-682.168,779.764,0.000,21.942
22.932335,timing-sweep,16.666099,16.666800,0,0,-682.168,779.764,0.000,22.833
22.948977,timing-sweep,16.640902,16.666800,0,0,-682.168,779.764,0.000,23.723
22.965649,timing-sweep,16.671799,16.666800,0,0,-682.168,779.764,0.000,24.614
22.982210,timing-sweep,16.561199,16.666800,0,0,-682.168,779.764,0.000,25.505
22.998899,timing-sweep,16.690101,16.666800,0,0,-682.168,779.764,0.000,26.395
23.015528,timing-sweep,16.628299,16.666698,0,0,-682.168,779.764,0.000,27.286
23.032227,timing-sweep,16.699001,16.666803,0,0,-682.168,779.764,0.000,28.177
23.048899,timing-sweep,16.672000,16.693096,0,0,-682.168,779.764,0.000,29.069
23.065588,timing-sweep,16.690098,16.666702,0,0,-682.168,779.764,0.000,29.959
23.082653,timing-sweep,17.064102,16.666800,0,0,-682.168,779.764,0.000,30.850
23.098961,timing-sweep,16.308200,16.666698,0,0,-682.168,779.764,0.000,31.740
23.115664,timing-sweep,16.702201,16.666800,0,0,-682.168,779.764,0.000,32.631
23.132318,timing-sweep,16.655099,16.666698,0,0,-682.168,779.764,0.000,33.522
23.148970,timing-sweep,16.650502,16.666800,0,0,-682.168,779.764,0.000,34.412
23.165709,timing-sweep,16.738199,16.666698,0,0,-682.168,779.764,0.000,35.303
23.182339,timing-sweep,16.629301,16.666702,0,0,-682.168,779.764,0.000,36.194
23.199022,timing-sweep,16.682900,16.666698,0,0,-682.168,779.764,0.000,37.084
23.215664,timing-sweep,16.640697,16.666800,0,0,-682.168,779.764,0.000,37.975
23.232384,timing-sweep,16.719900,16.666800,0,0,-682.168,779.764,0.000,38.865
23.249029,timing-sweep,16.644701,16.666800,0,0,-682.168,779.764,0.000,39.756
23.265661,timing-sweep,16.631700,16.666698,0,0,-682.168,779.764,0.000,40.647
23.282372,timing-sweep,16.710199,16.666698,0,0,-682.168,779.764,0.000,41.537
23.298916,timing-sweep,16.544301,16.666702,0,0,-682.168,779.764,0.000,42.428
23.315567,timing-sweep,16.651999,16.666698,0,0,-682.168,779.764,0.000,43.319
23.332563,timing-sweep,16.996801,16.666698,0,0,-682.168,779.764,0.000,44.209
23.348930,timing-sweep,16.367499,16.666800,0,0,-682.168,779.764,0.000,45.100
23.365593,timing-sweep,16.662199,16.666698,0,0,-682.168,779.764,0.000,45.990
23.382214,timing-sweep,16.621202,16.666702,0,0,-682.168,779.764,0.000,46.881
23.398975,timing-sweep,16.762499,16.666698,0,0,-682.168,779.764,0.000,47.772
23.415655,timing-sweep,16.680602,16.666800,0,0,-682.168,779.764,0.000,48.662
23.432331,timing-sweep,16.675398,16.666800,0,0,-682.168,779.764,0.000,49.553
23.449020,timing-sweep,16.688600,16.666800,0,0,-682.168,779.764,0.000,50.444
23.465645,timing-sweep,16.624402,16.666698,0,0,-682.168,779.764,0.000,51.334
23.482361,timing-sweep,16.716100,16.666800,0,0,-682.168,779.764,0.000,52.225
23.498964,timing-sweep,16.604200,16.666702,0,0,-682.168,779.764,0.000,53.116
23.515680,timing-sweep,16.715400,16.666698,0,0,-682.168,779.764,0.000,54.006
23.532356,timing-sweep,16.675498,16.666698,0,0,-682.168,779.764,0.000,54.897
23.549021,timing-sweep,16.665101,16.666698,0,0,-682.168,779.764,0.000,55.787
23.565660,timing-sweep,16.640600,16.666698,0,0,-682.168,779.764,0.000,56.678
23.582628,timing-sweep,16.968098,16.666800,0,0,-682.168,779.764,0.000,57.569
23.598917,timing-sweep,16.287901,16.666702,0,0,-682.168,779.764,0.000,58.459
23.615587,timing-sweep,16.669501,16.666698,0,0,-682.168,779.764,0.000,59.350
23.632275,timing-sweep,16.688202,16.666698,0,0,-682.168,779.764,0.000,60.241
23.648909,timing-sweep,16.634900,16.666698,0,0,-682.168,779.764,0.000,61.131
23.665676,timing-sweep,16.768400,16.666698,0,0,-682.168,779.764,0.000,62.022
23.682314,timing-sweep,16.637899,16.666803,0,0,-682.168,779.764,0.000,62.912
23.699087,timing-sweep,16.772900,16.666800,0,0,-682.168,779.764,0.000,63.803
23.715742,timing-sweep,16.654100,16.666800,0,0,-682.168,779.764,0.000,64.694
23.732405,timing-sweep,16.663302,16.666800,0,0,-682.168,779.764,0.000,65.584
23.749012,timing-sweep,16.608000,16.666800,0,0,-682.168,779.764,0.000,66.475
23.765837,timing-sweep,16.825300,16.666800,0,0,-682.168,779.764,0.000,67.366
23.782337,timing-sweep,16.500000,16.666698,0,0,-682.168,779.764,0.000,68.256
23.799076,timing-sweep,16.739599,16.666800,0,0,-682.168,779.764,0.000,69.147
23.815783,timing-sweep,16.707100,16.666800,0,0,-682.168,779.764,0.000,70.037
23.832727,timing-sweep,16.944300,16.666698,0,0,-682.168,779.764,0.000,70.928
23.848991,timing-sweep,16.264498,16.666901,0,0,-682.168,779.764,0.000,71.819
23.865803,timing-sweep,16.811103,16.666702,0,0,-682.168,779.764,0.000,72.709
23.882315,timing-sweep,16.512498,16.666800,0,0,-682.168,779.764,0.000,73.600
23.898975,timing-sweep,16.661402,16.666800,0,0,-682.168,779.764,0.000,74.491
23.915737,timing-sweep,16.761798,16.666800,0,0,-682.168,779.764,0.000,75.381
23.932404,timing-sweep,16.665600,16.666800,0,0,-682.168,779.764,0.000,76.272
23.949093,timing-sweep,16.689099,16.666800,0,0,-682.168,779.764,0.000,77.163
23.965746,timing-sweep,16.653702,16.666800,0,0,-682.168,779.764,0.000,78.053
23.982361,timing-sweep,16.615197,16.666800,0,0,-682.168,779.764,0.000,78.944
23.999075,timing-sweep,16.713500,16.666800,0,0,-682.168,779.764,0.000,79.834
24.015652,timing-sweep,16.577702,16.666698,0,0,-682.168,779.764,0.000,80.725
24.032417,timing-sweep,16.765699,16.666698,0,0,-682.168,779.764,0.000,81.616
24.049118,capture-idle,16.700901,16.667002,0,0,-682.168,779.764,0.000,82.506
24.065632,capture-idle,16.513798,16.666800,0,0,-682.168,779.764,0.000,82.506
24.082613,capture-idle,16.982000,16.666800,0,0,-682.168,779.764,0.000,82.506
24.099077,capture-idle,16.464200,16.666698,0,0,-682.168,779.764,0.000,82.506
24.115738,capture-idle,16.660202,16.668003,0,0,-682.168,779.764,0.000,82.506
24.132338,capture-idle,16.599197,16.666698,0,0,-682.168,779.764,0.000,82.506
24.149006,capture-idle,16.667601,16.666800,0,0,-682.168,779.764,0.000,82.506
24.165667,capture-idle,16.661599,16.666800,0,1,-682.168,779.764,0.000,82.506
24.306650,capture-idle,140.984103,141.027893,1,1,-682.168,779.764,0.000,82.506
24.444620,capture-idle,137.970600,137.652313,2,1,-682.168,779.764,0.000,82.506
24.573452,capture-idle,128.831699,129.205490,3,1,-682.168,779.764,0.000,82.506
24.702021,capture-idle,128.569499,128.040497,4,1,-682.168,779.764,0.000,82.506
24.836479,capture-idle,134.459201,134.931503,5,1,-682.168,779.764,0.000,82.506
24.962097,capture-idle,125.618201,125.377106,6,1,-682.168,779.764,0.000,82.506
25.094698,capture-idle,132.599998,132.816605,7,1,-682.168,779.764,0.000,82.506
25.221087,capture-idle,126.387998,126.066101,8,1,-682.168,779.764,0.000,82.506
25.347712,capture-idle,126.624800,127.005608,9,1,-682.168,779.764,0.000,82.506
25.475595,capture-idle,127.884701,127.626999,10,1,-682.168,779.764,0.000,82.506
25.601398,capture-idle,125.803702,126.070099,11,1,-682.168,779.764,0.000,82.506
25.727119,capture-idle,125.721797,125.437500,12,1,-682.168,779.764,0.000,82.506
25.850990,capture-idle,123.870302,124.140900,13,0,-682.168,779.764,0.000,82.506
25.867649,capture-idle,16.659398,16.666698,13,1,-682.168,779.764,0.000,82.506
25.991749,capture-idle,124.099404,123.848198,14,0,-682.168,779.764,0.000,82.506
26.008204,capture-idle,16.454298,16.666698,14,1,-682.168,779.764,0.000,82.506
26.132990,capture-idle,124.785800,124.837303,15,0,-682.168,779.764,0.000,82.506
26.149662,capture-walk,16.672801,16.666800,15,0,-682.168,779.764,0.000,82.506
26.166401,capture-walk,16.739201,16.666698,15,0,-682.156,779.861,5.833,82.506
26.183125,capture-walk,16.723700,16.666800,15,0,-682.130,780.054,11.667,82.506
26.199776,capture-walk,16.650397,16.666698,15,0,-682.092,780.343,17.500,82.506
26.216473,capture-walk,16.696300,16.666698,15,0,-682.041,780.728,23.333,82.506
26.233185,capture-walk,16.711902,16.666702,15,0,-681.978,781.210,29.167,82.506
26.250046,capture-walk,16.861200,16.666698,15,0,-681.902,781.789,35.000,82.506
26.266537,capture-walk,16.490698,16.666698,15,1,-681.813,782.463,40.833,82.506
26.394051,capture-walk,127.514400,127.599998,16,1,-680.636,791.410,85.493,82.506
26.518225,capture-walk,124.174200,123.665901,17,0,-679.185,802.445,90.000,82.506
26.534397,capture-walk,16.172502,16.666698,17,1,-678.989,803.932,90.000,82.506
26.658955,capture-walk,124.557897,124.564606,18,0,-677.527,815.047,90.000,82.506
26.675571,capture-walk,16.615901,16.666800,18,1,-677.331,816.535,90.000,82.506
26.813019,capture-walk,137.448102,137.104706,19,1,-675.722,828.769,90.000,82.506
26.938972,capture-walk,125.954598,126.302597,20,1,-674.240,840.039,90.000,82.506
27.064787,capture-walk,125.813801,125.510696,21,1,-672.767,851.238,90.000,82.506
27.191454,capture-walk,126.667898,126.882004,22,1,-671.277,862.560,90.000,82.506
27.321983,capture-walk,130.529400,130.191589,23,1,-669.749,874.177,90.000,82.506
27.456381,capture-walk,134.396899,134.584198,24,1,-668.169,886.187,90.000,82.506
27.591465,capture-walk,135.084603,134.791000,25,1,-666.587,898.214,90.000,82.506
27.716860,capture-walk,125.394899,125.882996,26,1,-665.110,909.447,90.000,82.506
27.839787,capture-walk,122.926001,122.898598,27,0,-663.667,920.413,90.000,82.506
27.856667,capture-walk,16.880497,16.666800,27,1,-663.472,921.900,90.000,82.506
27.981970,capture-walk,125.302400,125.568810,28,1,-661.998,933.105,90.000,82.506
28.108444,capture-walk,126.474701,126.204102,29,1,-660.516,944.366,90.000,82.506
28.243546,capture-walk,135.101900,135.361191,30,1,-658.928,956.445,90.000,82.506
28.374197,capture-walk,130.650900,130.197891,31,1,-657.399,968.063,90.000,82.506
28.508537,capture-walk,134.340201,134.756592,32,1,-655.818,980.087,90.000,82.506
28.641094,capture-walk,132.557500,132.285706,33,1,-654.265,991.891,90.000,82.506
28.781540,capture-walk,140.446201,140.748901,34,1,-652.613,1004.450,90.000,82.506
28.915184,capture-walk,133.643899,133.414001,35,1,-651.047,1016.355,90.000,82.506
29.048767,capture-walk,133.583900,133.743103,36,1,-649.477,1028.289,90.000,82.506
29.183947,capture-walk,135.180101,135.001999,37,1,-647.893,1040.336,90.000,82.506
29.324022,capture-walk,140.075698,140.316498,38,1,-646.246,1052.856,90.000,82.506
29.460194,capture-walk,136.171401,135.921509,39,1,-644.650,1064.985,90.000,82.506
29.600422,capture-walk,140.228301,140.462296,40,1,-643.002,1077.518,90.000,82.506
29.742592,capture-walk,142.169397,141.947296,41,1,-641.336,1090.184,90.000,82.506
29.880108,capture-walk,137.515701,137.769699,42,1,-639.718,1102.478,90.000,82.506
30.031534,capture-walk,151.426699,151.155289,43,1,-637.944,1115.966,90.000,82.506
30.165634,capture-walk,134.100202,134.372498,44,1,-636.367,1127.956,90.000,82.506
30.314598,capture-turn,148.962997,148.709991,45,1,-634.622,1141.225,90.000,82.506
30.447962,capture-turn,133.363303,133.615295,46,1,-640.346,1156.361,130.731,84.886
30.597479,capture-turn,149.517801,149.275299,47,1,-650.755,1172.862,130.731,87.545
30.745825,capture-turn,148.346197,148.576904,48,1,-662.238,1188.526,130.731,90.192
30.901426,capture-turn,155.601803,155.362793,49,1,-675.039,1204.295,130.731,92.959
31.051949,capture-turn,150.521800,150.579193,50,1,-688.161,1218.968,130.731,95.641
31.214306,capture-turn,162.357997,162.149002,51,1,-703.033,1234.072,130.731,98.530
31.355141,capture-turn,140.835501,141.253906,52,1,-716.609,1246.589,130.731,101.046
31.507900,capture-turn,152.759898,152.506393,53,1,-731.870,1259.417,130.731,103.762
31.660038,capture-turn,152.137201,152.316895,54,1,-747.696,1271.502,130.731,106.475
31.813616,capture-turn,153.578099,153.376511,55,1,-764.189,1282.902,130.731,109.207
31.950703,capture-turn,137.087002,137.323898,56,1,-779.415,1292.413,130.731,111.654
32.098663,capture-turn,147.960998,147.656693,57,1,-796.229,1301.894,130.731,114.284
32.254547,capture-turn,155.882400,156.139404,58,1,-814.447,1311.098,130.731,117.065
32.405338,capture-turn,150.791701,150.619293,59,1,-832.423,1319.134,130.731,119.748
32.540066,capture-turn,134.727802,134.958405,60,1,-848.842,1325.588,130.731,122.152
32.676231,capture-turn,136.163998,135.912994,61,1,-865.643,1331.368,130.731,124.573
32.811432,capture-turn,135.198798,135.450500,62,1,-882.616,1336.415,130.731,126.985
32.958904,capture-turn,147.473902,147.068100,63,1,-901.265,1341.089,130.731,129.605
33.144058,capture-turn,185.154501,185.412796,64,1,-925.029,1345.861,130.731,132.908
33.299686,capture-turn,155.629199,155.491196,65,1,-945.141,1348.809,130.731,135.677
33.456314,capture-turn,156.625800,156.913696,66,1,-965.560,1350.761,130.731,138.472
33.619186,capture-turn,162.870601,162.418610,67,1,-986.770,1351.737,130.731,141.366
33.755379,capture-turn,136.191498,136.619598,68,1,-1004.630,1351.700,130.731,143.799
33.891068,capture-turn,135.687500,135.545792,69,1,-1022.330,1350.881,130.731,146.213
34.038624,capture-turn,147.558101,147.631897,70,1,-1041.552,1349.146,130.731,148.843
34.198772,capture-turn,160.149399,160.018204,71,1,-1062.278,1346.316,130.731,151.694
34.333778,capture-sweep,135.005701,135.220001,72,1,-1079.661,1343.108,130.731,154.102
34.475609,capture-sweep,141.832199,141.602509,73,1,-1080.204,1343.003,0.000,161.669
34.619526,capture-sweep,143.918302,144.174606,74,1,-1080.204,1343.003,0.000,169.373
34.765934,capture-sweep,146.407500,146.082703,75,1,-1080.204,1343.003,0.000,177.180
34.913967,capture-sweep,148.032300,148.417297,76,1,-1080.204,1343.003,0.000,185.111
35.077194,capture-sweep,163.226798,162.947998,77,1,-1080.204,1343.003,0.000,193.818
35.231163,capture-sweep,153.970402,154.248108,78,1,-1080.204,1343.003,0.000,202.061
35.383293,capture-sweep,152.129900,151.917999,79,1,-1080.204,1343.003,0.000,210.179
35.528465,capture-sweep,145.172197,145.339996,80,1,-1080.204,1343.003,0.000,217.946
35.676308,capture-sweep,147.840600,147.581406,81,1,-1080.204,1343.003,0.000,225.832
35.825962,capture-sweep,149.653602,149.976593,82,1,-1080.204,1343.003,0.000,233.846
35.973351,capture-sweep,147.386800,147.010300,83,1,-1080.204,1343.003,0.000,241.702
36.124359,capture-sweep,151.009597,151.326996,84,1,-1080.204,1343.003,0.000,249.789
36.273819,capture-sweep,149.460502,149.138306,85,1,-1080.204,1343.003,0.000,257.758
36.434013,capture-sweep,160.194200,160.580795,86,1,-1080.204,1343.003,0.000,266.339
36.589134,capture-sweep,155.121900,154.720200,87,1,-1080.204,1343.003,0.000,274.607
36.724152,capture-sweep,135.019001,135.372803,88,1,-1080.204,1343.003,0.000,281.841
36.861065,capture-sweep,136.911698,136.668701,89,1,-1080.204,1343.003,0.000,289.144
36.996471,capture-sweep,135.408301,135.689606,90,1,-1080.204,1343.003,0.000,296.395
37.129631,capture-sweep,133.161400,132.755096,91,1,-1080.204,1343.003,0.000,303.489
37.281677,capture-sweep,152.047101,152.453003,92,1,-1080.204,1343.003,0.000,311.636
37.431450,capture-sweep,149.774101,149.524490,93,1,-1080.204,1343.003,0.000,319.626
37.580650,capture-sweep,149.200100,149.456604,94,1,-1080.204,1343.003,0.000,327.613
37.714657,capture-sweep,134.004898,133.568893,95,1,-1080.204,1343.003,0.000,334.751
37.849758,capture-sweep,135.101698,135.542099,96,1,-1080.204,1343.003,0.000,341.994
37.980293,capture-sweep,130.534202,130.244400,97,1,-1080.204,1343.003,0.000,348.953
38.126774,capture-sweep,146.481201,146.708603,98,1,-1080.204,1343.003,0.000,356.793
38.268353,capture-sweep,141.580399,141.342804,99,1,-1080.204,1343.003,0.000,4.346
38.415127,capture-sweep,146.775398,147.046005,100,1,-1080.204,1343.003,0.000,12.204
38.562008,capture-sweep,146.881301,146.621704,101,1,-1080.204,1343.003,0.000,20.039
38.709538,capture-sweep,147.531100,147.780502,102,1,-1080.204,1343.003,0.000,27.936
38.855270,capture-sweep,145.734202,145.464005,103,1,-1080.204,1343.003,0.000,35.709
38.997410,capture-sweep,142.137699,142.420105,104,1,-1080.204,1343.003,0.000,43.320
39.140564,capture-sweep,143.152598,142.749695,105,1,-1080.204,1343.003,0.000,50.948
39.293308,capture-sweep,152.743403,153.113312,106,1,-1080.204,1343.003,0.000,59.130
39.435478,capture-sweep,142.171700,141.959702,107,1,-1080.204,1343.003,0.000,66.716
39.578571,capture-sweep,143.093999,143.333115,108,1,-1080.204,1343.003,0.000,74.375
39.724552,capture-sweep,145.980999,145.728302,109,1,-1080.204,1343.003,0.000,82.163
39.882793,capture-sweep,158.240899,158.482590,110,1,-1080.204,1343.003,0.000,90.632
40.031925,capture-sweep,149.132002,148.918091,111,1,-1080.204,1343.003,0.000,98.590
40.183151,capture-sweep,151.224799,151.430603,112,1,-1080.204,1343.003,0.000,106.682
40.318600,capture-sweep,135.448199,135.163605,113,1,-1080.204,1343.003,0.000,113.904
