frame,seconds,pass,x,y,z,speed,yaw,view_yaw,left_toe_x,left_toe_y,left_toe_z,right_toe_x,right_toe_y,right_toe_z,walk_weight,gait_rate,left_hand_x,left_hand_y,left_hand_z,right_hand_x,right_hand_y,right_hand_z,walk_phase,gather_weight,gather_phase,gather_starts,forage_x,forage_y,water_weight,water_phase,water_starts,tool_visible,tool_x,tool_y,tool_z,can_pitch,water_stock,plot_moisture,tool_scale,tool_radius,plot_weeds,clear_weight,clear_phase,clear_starts,hatchet_visible,hatchet_pitch,hatchet_scale,hatchet_radius,hatchet_x,hatchet_y,hatchet_z,branch_stock,fiber_stock,resource_cleared,energy
0,0.1309,close-notes,-1000.000,0.000,88.150,0.000,0.000,15.000,-987.007,-7.889,3.238,-985.670,9.560,3.238,0.0000,0.0000,-992.659,-21.729,83.011,-995.313,21.663,83.011,0.0000,0.0000,0.0000,0,0.000,0.000,0.0000,0.0000,0,0,-995.313,21.663,83.011,0.000,0,-1.000000,1.000,28.924,-1.000000,0.0000,0.0000,0,0,0.000,1.000,19.607,-995.313,21.663,83.011,0,0,-1,99.997866
1,0.2697,close-notes,-1000.000,0.000,88.150,0.000,0.000,15.000,-987.007,-7.889,3.238,-985.670,9.560,3.238,0.0000,0.0000,-992.589,-21.721,83.022,-995.242,21.664,83.022,0.0000,0.0000,0.0000,0,0.000,0.000,0.0000,0.0000,0,0,-995.242,21.664,83.022,0.000,0,-1.000000,1.000,28.924,-1.000000,0.0000,0.0000,0,0,0.000,1.000,19.607,-995.242,21.664,83.022,0,0,-1,99.995648
2,0.4070,close-notes,-1000.000,0.000,88.150,0.000,0.000,15.000,-987.007,-7.889,3.238,-985.670,9.560,3.238,0.0000,0.0000,-992.589,-21.721,83.022,-995.242,21.664,83.022,0.0000,0.0000,0.0000,0,0.000,0.000,0.0000,0.0000,0,0,-995.242,21.664,83.022,0.000,0,-1.000000,1.000,28.924,-1.000000,0.0000,0.0000,0,0,0.000,1.000,19.607,-995.242,21.664,83.022,0,0,-1,99.993449
3,0.5478,close-notes,-1000.000,0.000,88.150,0.000,0.000,15.000,-987.007,-7.889,3.238,-985.670,9.560,3.238,0.0000,0.0000,-992.670,-21.730,83.013,-995.324,21.663,83.013,0.0000,0.0000,0.0000,0,0.000,0.000,0.0000,0.0000,0,0,-995.324,21.663,83.013,0.000,0,-1.000000,1.000,28.924,-1.000000,0.0000,0.0000,0,0,0.000,1.000,19.607,-995.324,21.663,83.013,0,0,-1,99.991197
4,0.6825,close-notes,-1000.000,0.000,88.150,0.000,0.000,15.000,-987.007,-7.889,3.238,-985.670,9.560,3.238,0.0000,0.0000,-992.741,-21.737,83.007,-995.395,21.661,83.007,0.0000,0.0000,0.0000,0,0.000,0.000,0.0000,0.0000,0,0,-995.395,21.661,83.007,0.000,0,-1.000000,1.000,28.924,-1.000000,0.0000,0.0000,0,0,0.000,1.000,19.607,-995.395,21.661,83.007,0,0,-1,99.989043
5,0.8223,close-notes,-1000.000,0.000,88.150,0.000,0.000,15.000,-987.007,-7.889,3.238,-985.670,9.560,3.238,0.0000,0.0000,-992.818,-21.745,82.988,-995.472,21.660,82.988,0.0000,0.0000,0.0000,0,0.000,0.000,0.0000,0.0000,0,0,-995.472,21.660,82.988,0.000,0,-1.000000,1.000,28.924,-1.000000,0.0000,0.0000,0,0,0.000,1.000,19.607,-995.472,21.660,82.988,0,0,-1,99.986806
6,0.9495,close-notes,-1000.000,0.000,88.150,0.000,0.000,15.000,-987.007,-7.889,3.238,-985.670,9.560,3.238,0.0000,0.0000,-992.908,-21.755,82.975,-995.563,21.658,82.975,0.0000,0.0000,0.0000,0,0.000,0.000,0.0000,0.0000,0,0,-995.563,21.658,82.975,0.000,0,-1.000000,1.000,28.924,-1.000000,0.0000,0.0000,0,0,0.000,1.000,19.607,-995.563,21.658,82.975,0,0,-1,99.984771
7,1.0789,close-notes,-1000.000,0.000,88.150,0.000,0.000,15.000,-987.007,-7.889,3.238,-985.670,9.560,3.238,0.0000,0.0000,-992.993,-21.763,82.963,-995.648,21.657,82.963,0.0000,0.0000,0.0000,0,0.000,0.000,0.0000,0.0000,0,0,-995.648,21.657,82.963,0.000,0,-1.000000,1.000,28.924,-1.000000,0.0000,0.0000,0,0,0.000,1.000,19.607,-995.648,21.657,82.963,0,0,-1,99.982704
8,1.2185,idle,-1000.000,0.000,88.150,0.000,0.000,15.000,-987.007,-7.889,3.238,-985.670,9.560,3.238,0.0000,0.0000,-993.091,-21.774,82.950,-995.747,21.655,82.950,0.0000,0.0000,0.0000,0,0.000,0.000,0.0000,0.0000,0,0,-995.747,21.655,82.950,0.000,0,-1.000000,1.000,28.924,-1.000000,0.0000,0.0000,0,0,0.000,1.000,19.607,-995.747,21.655,82.950,0,0,-1,99.980465
9,1.3454,idle,-1000.000,0.000,88.150,0.000,0.000,15.000,-987.007,-7.889,3.238,-985.670,9.560,3.238,0.0000,0.0000,-993.130,-21.777,82.941,-995.787,21.654,82.941,0.0000,0.0000,0.0000,0,0.000,0.000,0.0000,0.0000,0,0,-995.787,21.654,82.941,0.000,0,-1.000000,1.000,28.924,-1.000000,0.0000,0.0000,0,0,0.000,1.000,19.607,-995.787,21.654,82.941,0,0,-1,99.978440
10,1.4721,idle,-1000.000,0.000,88.150,0.000,0.000,15.000,-987.007,-7.889,3.238,-985.670,9.560,3.238,0.0000,0.0000,-993.149,-21.778,82.933,-995.806,21.652,82.933,0.0000,0.0000,0.0000,0,0.000,0.000,0.0000,0.0000,0,0,-995.806,21.652,82.933,0.000,0,-1.000000,1.000,28.924,-1.000000,0.0000,0.0000,0,0,0.000,1.000,19.607,-995.806,21.652,82.933,0,0,-1,99.976408
11,1.6023,idle,-1000.000,0.000,88.150,0.000,0.000,15.000,-987.007,-7.889,3.238,-985.670,9.560,3.238,0.0000,0.0000,-993.246,-21.789,82.929,-995.903,21.652,82.929,0.0000,0.0000,0.0000,0,0.000,0.000,0.0000,0.0000,0,0,-995.903,21.652,82.929,0.000,0,-1.000000,1.000,28.924,-1.000000,0.0000,0.0000,0,0,0.000,1.000,19.607,-995.903,21.652,82.929,0,0,-1,99.974330
12,1.7302,idle,-1000.000,0.000,88.150,0.000,0.000,15.000,-987.007,-7.889,3.238,-985.670,9.560,3.238,0.0000,0.0000,-993.246,-21.789,82.929,-995.903,21.652,82.929,0.0000,0.0000,0.0000,0,0.000,0.000,0.0000,0.0000,0,0,-995.903,21.652,82.929,0.000,0,-1.000000,1.000,28.924,-1.000000,0.0000,0.0000,0,0,0.000,1.000,19.607,-995.903,21.652,82.929,0,0,-1,99.972280
13,1.8558,idle,-1000.000,0.000,88.150,0.000,0.000,15.000,-987.007,-7.889,3.238,-985.670,9.560,3.238,0.0000,0.0000,-993.263,-21.791,82.927,-995.921,21.651,82.927,0.0000,0.0000,0.0000,0,0.000,0.000,0.0000,0.0000,0,0,-995.921,21.651,82.927,0.000,0,-1.000000,1.000,28.924,-1.000000,0.0000,0.0000,0,0,0.000,1.000,19.607,-995.921,21.651,82.927,0,0,-1,99.970275
14,1.9969,idle,-1000.000,0.000,88.150,0.000,0.000,15.000,-987.007,-7.889,3.238,-985.670,9.560,3.238,0.0000,0.0000,-993.263,-21.791,82.927,-995.921,21.651,82.927,0.0000,0.0000,0.0000,0,0.000,0.000,0.0000,0.0000,0,0,-995.921,21.651,82.927,0.000,0,-1.000000,1.000,28.924,-1.000000,0.0000,0.0000,0,0,0.000,1.000,19.607,-995.921,21.651,82.927,0,0,-1,99.968011
15,2.1231,idle,-1000.000,0.000,88.150,0.000,0.000,15.000,-987.007,-7.889,3.238,-985.670,9.560,3.238,0.0000,0.0000,-993.167,-21.781,82.940,-995.824,21.653,82.940,0.0000,0.0000,0.0000,0,0.000,0.000,0.0000,0.0000,0,0,-995.824,21.653,82.940,0.000,0,-1.000000,1.000,28.924,-1.000000,0.0000,0.0000,0,0,0.000,1.000,19.607,-995.824,21.653,82.940,0,0,-1,99.965998
16,2.2533,idle,-1000.000,0.000,88.150,0.000,0.000,15.000,-987.007,-7.889,3.238,-985.670,9.560,3.238,0.0000,0.0000,-993.083,-21.773,82.951,-995.739,21.655,82.951,0.0000,0.0000,0.0000,0,0.000,0.000,0.0000,0.0000,0,0,-995.739,21.655,82.951,0.000,0,-1.000000,1.000,28.924,-1.000000,0.0000,0.0000,0,0,0.000,1.000,19.607,-995.739,21.655,82.951,0,0,-1,99.963909
17,2.3891,idle,-1000.000,0.000,88.150,0.000,0.000,15.000,-987.007,-7.889,3.238,-985.670,9.560,3.238,0.0000,0.0000,-993.000,-21.764,82.962,-995.655,21.657,82.963,0.0000,0.0000,0.0000,0,0.000,0.000,0.0000,0.0000,0,0,-995.655,21.657,82.963,0.000,0,-1.000000,1.000,28.924,-1.000000,0.0000,0.0000,0,0,0.000,1.000,19.607,-995.655,21.657,82.963,0,0,-1,99.961741
18,2.5299,idle,-1000.000,0.000,88.150,0.000,0.000,15.000,-987.007,-7.889,3.238,-985.670,9.560,3.238,0.0000,0.0000,-992.898,-21.754,82.977,-995.552,21.659,82.977,0.0000,0.0000,0.0000,0,0.000,0.000,0.0000,0.0000,0,0,-995.552,21.659,82.977,0.000,0,-1.000000,1.000,28.924,-1.000000,0.0000,0.0000,0,0,0.000,1.000,19.607,-995.552,21.659,82.977,0,0,-1,99.959485
19,2.6591,idle,-1000.000,0.000,88.150,0.000,0.000,15.000,-987.007,-7.889,3.238,-985.670,9.560,3.238,0.0000,0.0000,-992.809,-21.744,82.989,-995.463,21.660,82.989,0.0000,0.0000,0.0000,0,0.000,0.000,0.0000,0.0000,0,0,-995.463,21.660,82.989,0.000,0,-1.000000,1.000,28.924,-1.000000,0.0000,0.0000,0,0,0.000,1.000,19.607,-995.463,21.660,82.989,0,0,-1,99.957421
20,2.8032,idle,-1000.000,0.000,88.150,0.000,0.000,15.000,-987.007,-7.889,3.238,-985.670,9.560,3.238,0.0000,0.0000,-992.722,-21.735,83.002,-995.376,21.662,83.002,0.0000,0.0000,0.0000,0,0.000,0.000,0.0000,0.0000,0,0,-995.376,21.662,83.002,0.000,0,-1.000000,1.000,28.924,-1.000000,0.0000,0.0000,0,0,0.000,1.000,19.607,-995.376,21.662,83.002,0,0,-1,99.955111
21,2.9322,idle,-1000.000,0.000,88.150,0.000,0.000,15.000,-987.007,-7.889,3.238,-985.670,9.560,3.238,0.0000,0.0000,-992.659,-21.729,83.011,-995.313,21.663,83.011,0.0000,0.0000,0.0000,0,0.000,0.000,0.0000,0.0000,0,0,-995.313,21.663,83.011,0.000,0,-1.000000,1.000,28.924,-1.000000,0.0000,0.0000,0,0,0.000,1.000,19.607,-995.313,21.663,83.011,0,0,-1,99.953051
22,3.0609,idle,-1000.000,0.000,88.150,0.000,0.000,15.000,-987.007,-7.889,3.238,-985.670,9.560,3.238,0.0000,0.0000,-992.659,-21.729,83.011,-995.313,21.663,83.011,0.0000,0.0000,0.0000,0,0.000,0.000,0.0000,0.0000,0,0,-995.313,21.663,83.011,0.000,0,-1.000000,1.000,28.924,-1.000000,0.0000,0.0000,0,0,0.000,1.000,19.607,-995.313,21.663,83.011,0,0,-1,99.950989
23,3.1924,idle,-1000.000,0.000,88.150,0.000,0.000,15.000,-987.007,-7.889,3.238,-985.670,9.560,3.238,0.0000,0.0000,-992.589,-21.721,83.022,-995.242,21.664,83.022,0.0000,0.0000,0.0000,0,0.000,0.000,0.0000,0.0000,0,0,-995.242,21.664,83.022,0.000,0,-1.000000,1.000,28.924,-1.000000,0.0000,0.0000,0,0,0.000,1.000,19.607,-995.242,21.664,83.022,0,0,-1,99.948887
24,3.3307,idle,-1000.000,0.000,88.150,0.000,0.000,15.000,-987.007,-7.889,3.238,-985.670,9.560,3.238,0.0000,0.0000,-992.589,-21.721,83.022,-995.242,21.664,83.022,0.0000,0.0000,0.0000,0,0.000,0.000,0.0000,0.0000,0,0,-995.242,21.664,83.022,0.000,0,-1.000000,1.000,28.924,-1.000000,0.0000,0.0000,0,0,0.000,1.000,19.607,-995.242,21.664,83.022,0,0,-1,99.946671
25,3.4767,idle,-1000.000,0.000,88.150,0.000,0.000,15.000,-987.007,-7.889,3.238,-985.670,9.560,3.238,0.0000,0.0000,-992.632,-21.726,83.016,-995.285,21.663,83.016,0.0000,0.0000,0.0000,0,0.000,0.000,0.0000,0.0000,0,0,-995.285,21.663,83.016,0.000,0,-1.000000,1.000,28.924,-1.000000,0.0000,0.0000,0,0,0.000,1.000,19.607,-995.285,21.663,83.016,0,0,-1,99.944339
26,3.6166,idle,-1000.000,0.000,88.150,0.000,0.000,15.000,-987.007,-7.889,3.238,-985.670,9.560,3.238,0.0000,0.0000,-992.706,-21.733,83.010,-995.360,21.662,83.010,0.0000,0.0000,0.0000,0,0.000,0.000,0.0000,0.0000,0,0,-995.360,21.662,83.010,0.000,0,-1.000000,1.000,28.924,-1.000000,0.0000,0.0000,0,0,0.000,1.000,19.607,-995.360,21.662,83.010,0,0,-1,99.942099
27,3.7570,idle,-1000.000,0.000,88.150,0.000,0.000,15.000,-987.007,-7.889,3.238,-985.670,9.560,3.238,0.0000,0.0000,-992.772,-21.740,82.995,-995.426,21.661,82.995,0.0000,0.0000,0.0000,0,0.000,0.000,0.0000,0.0000,0,0,-995.426,21.661,82.995,0.000,0,-1.000000,1.000,28.924,-1.000000,0.0000,0.0000,0,0,0.000,1.000,19.607,-995.426,21.661,82.995,0,0,-1,99.939854
28,3.8992,idle,-1000.000,0.000,88.150,0.000,0.000,15.000,-987.007,-7.889,3.238,-985.670,9.560,3.238,0.0000,0.0000,-992.872,-21.751,82.980,-995.527,21.659,82.980,0.0000,0.0000,0.0000,0,0.000,0.000,0.0000,0.0000,0,0,-995.527,21.659,82.980,0.000,0,-1.000000,1.000,28.924,-1.000000,0.0000,0.0000,0,0,0.000,1.000,19.607,-995.527,21.659,82.980,0,0,-1,99.937575
29,4.0402,idle,-1000.000,0.000,88.150,0.000,0.000,15.000,-987.007,-7.889,3.238,-985.670,9.560,3.238,0.0000,0.0000,-992.966,-21.761,82.967,-995.621,21.657,82.967,0.0000,0.0000,0.0000,0,0.000,0.000,0.0000,0.0000,0,0,-995.621,21.657,82.967,0.000,0,-1.000000,1.000,28.924,-1.000000,0.0000,0.0000,0,0,0.000,1.000,19.607,-995.621,21.657,82.967,0,0,-1,99.935323
30,4.1808,idle,-1000.000,0.000,88.150,0.000,0.000,15.000,-987.007,-7.889,3.238,-985.670,9.560,3.238,0.0000,0.0000,-993.065,-21.771,82.953,-995.720,21.655,82.953,0.0000,0.0000,0.0000,0,0.000,0.000,0.0000,0.0000,0,0,-995.720,21.655,82.953,0.000,0,-1.000000,1.000,28.924,-1.000000,0.0000,0.0000,0,0,0.000,1.000,19.607,-995.720,21.655,82.953,0,0,-1,99.933070
31,4.3259,slow-walk,-1000.000,0.000,88.150,0.000,0.000,15.000,-987.007,-7.889,3.238,-985.670,9.560,3.238,0.0000,0.0000,-993.127,-21.777,82.943,-995.784,21.654,82.943,0.0000,0.0000,0.0000,0,0.000,0.000,0.0000,0.0000,0,0,-995.784,21.654,82.943,0.000,0,-1.000000,1.000,28.924,-1.000000,0.0000,0.0000,0,0,0.000,1.000,19.607,-995.784,21.654,82.943,0,0,-1,99.930753
32,4.4613,slow-walk,-996.890,0.833,88.150,35.577,15.000,15.000,-965.062,2.340,2.138,-1005.250,7.287,2.200,0.6777,0.2965,-986.639,-18.997,78.853,-996.276,23.661,79.221,0.0402,0.0000,0.0000,0,0.000,0.000,0.0000,0.0000,0,0,-996.276,23.661,79.221,0.000,0,-1.000000,1.000,28.924,-1.000000,0.0000,0.0000,0,0,0.000,1.000,19.607,-996.276,23.661,79.221,0,0,-1,99.928584
33,4.5979,slow-walk,-989.213,2.890,88.150,67.500,15.000,15.000,-958.317,4.021,3.181,-999.600,8.469,7.028,1.0000,0.5625,-985.011,-19.488,78.105,-982.441,27.023,79.502,0.1169,0.0000,0.0000,0,0.000,0.000,0.0000,0.0000,0,0,-982.441,27.023,79.502,0.000,0,-1.000000,1.000,28.924,-1.000000,0.0000,0.0000,0,0,0.000,1.000,19.607,-982.441,27.023,79.502,0,0,-1,99.926401
34,4.7381,slow-walk,-980.058,5.344,88.150,67.500,15.000,15.000,-958.077,3.461,3.112,-978.908,14.807,10.645,1.0000,0.5625,-979.061,-18.352,79.611,-970.218,30.028,81.444,0.1959,0.0000,0.0000,0,0.000,0.000,0.0000,0.0000,0,0,-970.218,30.028,81.444,0.000,0,-1.000000,1.000,28.924,-1.000000,0.0000,0.0000,0,0,0.000,1.000,19.607,-970.218,30.028,81.444,0,0,-1,99.924154
35,4.8817,slow-walk,-970.722,7.845,88.150,67.500,15.000,15.000,-957.974,2.937,3.300,-956.072,21.843,11.551,1.0000,0.5625,-970.146,-16.021,80.087,-960.444,32.647,81.994,0.2765,0.0000,0.0000,0,0.000,0.000,0.0000,0.0000,0,0,-960.444,32.647,81.994,0.000,0,-1.000000,1.000,28.924,-1.000000,0.0000,0.0000,0,0,0.000,1.000,19.607,-960.444,32.647,81.994,0,0,-1,99.921863
36,5.0213,slow-walk,-961.595,10.291,88.150,67.500,15.000,15.000,-957.790,2.320,3.346,-934.370,28.434,8.648,1.0000,0.5625,-958.685,-12.701,78.873,-953.396,34.629,80.499,0.3552,0.0000,0.0000,0,0.000,0.000,0.0000,0.0000,0,0,-953.396,34.629,80.499,0.000,0,-1.000000,1.000,28.924,-1.000000,0.0000,0.0000,0,0,0.000,1.000,19.607,-953.396,34.629,80.499,0,0,-1,99.919623
37,5.1629,slow-walk,-952.370,12.762,88.150,67.500,15.000,15.000,-957.676,1.965,3.400,-916.329,34.101,4.777,1.0000,0.5625,-944.848,-8.052,77.364,-948.854,36.403,78.248,0.4348,0.0000,0.0000,0,0.000,0.000,0.0000,0.0000,0,0,-948.854,36.403,78.248,0.000,0,-1.000000,1.000,28.924,-1.000000,0.0000,0.0000,0,0,0.000,1.000,19.607,-948.854,36.403,78.248,0,0,-1,99.917360
38,5.3020,slow-walk,-943.289,15.196,88.150,67.500,15.000,15.000,-955.980,2.048,3.304,-906.192,36.961,3.187,1.0000,0.5625,-930.009,-2.967,77.083,-945.840,37.592,76.893,0.5131,0.0000,0.0000,0,0.000,0.000,0.0000,0.0000,0,0,-945.840,37.592,76.893,0.000,0,-1.000000,1.000,28.924,-1.000000,0.0000,0.0000,0,0,0.000,1.000,19.607,-945.840,37.592,76.893,0,0,-1,99.915131
39,5.4457,slow-walk,-933.943,17.700,88.150,67.500,15.000,15.000,-941.386,6.262,5.697,-906.010,36.395,3.075,1.0000,0.5625,-915.377,1.986,78.736,-942.615,38.597,77.531,0.5938,0.0000,0.0000,0,0.000,0.000,0.0000,0.0000,0,0,-942.615,38.597,77.531,0.000,0,-1.000000,1.000,28.924,-1.000000,0.0000,0.0000,0,0,0.000,1.000,19.607,-942.615,38.597,77.531,0,0,-1,99.912838
40,5.5892,slow-walk,-924.569,20.212,88.150,67.500,15.000,15.000,-921.311,12.293,9.653,-905.805,35.771,2.955,1.0000,0.5625,-902.457,6.199,80.922,-937.405,39.994,79.067,0.6746,0.0000,0.0000,0,0.000,0.000,0.0000,0.0000,0,0,-937.405,39.994,79.067,0.000,0,-1.000000,1.000,28.924,-1.000000,0.0000,0.0000,0,0,0.000,1.000,19.607,-937.405,39.994,79.067,0,0,-1,99.910537
41,5.7298,slow-walk,-915.415,22.665,88.150,67.500,15.000,15.000,-899.056,18.996,11.733,-905.645,35.059,3.245,1.0000,0.5625,-892.176,9.083,82.154,-929.567,41.955,80.126,0.7536,0.0000,0.0000,0,0.000,0.000,0.0000,0.0000,0,0,-929.567,41.955,80.126,0.000,0,-1.000000,1.000,28.924,-1.000000,0.0000,0.0000,0,0,0.000,1.000,19.607,-929.567,41.955,80.126,0,0,-1,99.908291
42,5.8831,slow-walk,-905.406,25.346,88.150,67.500,15.000,15.000,-874.993,26.418,9.173,-905.463,34.510,3.132,1.0000,0.5625,-883.724,11.022,80.737,-917.691,45.179,78.981,0.8400,0.0000,0.0000,0,0.000,0.000,0.0000,0.0000,0,0,-917.691,45.179,78.981,0.000,0,-1.000000,1.000,28.924,-1.000000,0.0000,0.0000,0,0,0.000,1.000,19.607,-917.691,45.179,78.981,0,0,-1,99.905835
43,6.0233,slow-walk,-896.276,27.793,88.150,67.500,15.000,15.000,-856.232,32.102,5.011,-905.281,33.985,2.975,1.0000,0.5625,-878.349,11.625,78.325,-904.016,48.798,77.240,0.9187,0.0000,0.0000,0,0.000,0.000,0.0000,0.0000,0,0,-904.016,48.798,77.240,0.000,0,-1.000000,1.000,28.924,-1.000000,0.0000,0.0000,0,0,0.000,1.000,19.607,-904.016,48.798,77.240,0,0,-1,99.903594
44,6.1644,slow-walk,-887.058,30.263,88.150,67.500,15.000,15.000,-842.897,35.902,3.247,-905.054,33.404,3.223,1.0000,0.5625,-874.538,11.539,76.992,-888.696,52.667,76.959,0.9983,0.0000,0.0000,0,0.000,0.000,0.0000,0.0000,0,0,-888.696,52.667,76.959,0.000,0,-1.000000,1.000,28.924,-1.000000,0.0000,0.0000,0,0,0.000,1.000,19.607,-888.696,52.667,76.959,0,0,-1,99.901332
45,6.3022,slow-walk,-878.099,32.663,88.150,67.500,15.000,15.000,-842.492,35.462,3.248,-892.799,36.918,5.039,1.0000,0.5625,-871.279,11.474,77.370,-873.881,56.378,78.359,0.0755,0.0000,0.0000,0,0.000,0.000,0.0000,0.0000,0,0,-873.881,56.378,78.359,0.000,0,-1.000000,1.000,28.924,-1.000000,0.0000,0.0000,0,0,0.000,1.000,19.607,-873.881,56.378,78.359,0,0,-1,99.899134
46,6.4455,slow-walk,-868.735,35.172,88.150,67.500,15.000,15.000,-842.286,34.830,3.284,-873.700,42.612,9.151,1.0000,0.5625,-866.404,12.036,79.056,-860.097,59.664,80.744,0.1563,0.0000,0.0000,0,0.000,0.000,0.0000,0.0000,0,0,-860.097,59.664,80.744,0.000,0,-1.000000,1.000,28.924,-1.000000,0.0000,0.0000,0,0,0.000,1.000,19.607,-860.097,59.664,80.744,0,0,-1,99.896836
47,6.6003,slow-walk,-858.660,37.872,88.150,67.500,15.000,15.000,-842.112,34.249,3.251,-849.612,50.018,11.706,1.0000,0.5625,-858.326,13.959,80.135,-848.230,62.716,82.051,0.2433,0.0000,0.0000,0,0.000,0.000,0.0000,0.0000,0,0,-848.230,62.716,82.051,0.000,0,-1.000000,1.000,28.924,-1.000000,0.0000,0.0000,0,0,0.000,1.000,19.607,-848.230,62.716,82.051,0,0,-1,99.894363
48,6.7435,slow-walk,-849.302,40.379,88.150,67.500,15.000,15.000,-841.962,33.703,3.257,-826.824,57.082,10.040,1.0000,0.5625,-847.658,17.014,79.411,-839.988,65.063,81.203,0.3240,0.0000,0.0000,0,0.000,0.000,0.0000,0.0000,0,0,-839.988,65.063,81.203,0.000,0,-1.000000,1.000,28.924,-1.000000,0.0000,0.0000,0,0,0.000,1.000,19.607,-839.988,65.063,81.203,0,0,-1,99.892067
49,6.9071,slow-walk,-838.655,43.232,88.150,67.500,15.000,15.000,-841.871,33.255,3.184,-804.432,64.089,5.343,1.0000,0.5625,-832.438,21.991,77.478,-833.957,67.244,78.565,0.4158,0.0000,0.0000,0,0.000,0.000,0.0000,0.0000,0,0,-833.957,67.244,78.565,0.000,0,-1.000000,1.000,28.924,-1.000000,0.0000,0.0000,0,0,0.000,1.000,19.607,-833.957,67.244,78.565,0,0,-1,99.889454
50,7.0509,slow-walk,-829.260,45.750,88.150,67.500,15.000,15.000,-841.723,32.667,3.223,-790.764,67.980,3.206,1.0000,0.5625,-817.191,27.034,76.953,-830.487,68.449,77.002,0.4969,0.0000,0.0000,0,0.000,0.000,0.0000,0.0000,0,0,-830.487,68.449,77.002,0.000,0,-1.000000,1.000,28.924,-1.000000,0.0000,0.0000,0,0,0.000,1.000,19.607,-830.487,68.449,77.002,0,0,-1,99.887149
51,7.1914,slow-walk,-820.125,48.197,88.150,67.500,15.000,15.000,-829.178,35.942,5.083,-790.076,67.338,3.285,1.0000,0.5625,-802.489,31.763,78.473,-827.422,69.189,77.451,0.5757,0.0000,0.0000,0,0.000,0.000,0.0000,0.0000,0,0,-827.422,69.189,77.451,0.000,0,-1.000000,1.000,28.924,-1.000000,0.0000,0.0000,0,0,0.000,1.000,19.607,-827.422,69.189,77.451,0,0,-1,99.884907
52,7.3469,slow-walk,-809.962,50.921,88.150,67.500,15.000,15.000,-808.471,42.416,9.342,-789.862,66.932,3.151,1.0000,0.5625,-788.168,36.747,80.837,-822.402,70.802,79.038,0.6634,0.0000,0.0000,0,0.000,0.000,0.0000,0.0000,0,0,-822.402,70.802,79.038,0.000,0,-1.000000,1.000,28.924,-1.000000,0.0000,0.0000,0,0,0.000,1.000,19.607,-822.402,70.802,79.038,0,0,-1,99.882413
53,7.4917,slow-walk,-800.536,53.446,88.150,67.500,15.000,15.000,-785.709,49.266,11.708,-789.745,66.190,3.249,1.0000,0.5625,-777.304,39.861,82.151,-814.681,72.740,80.125,0.7447,0.0000,0.0000,0,0.000,0.000,0.0000,0.0000,0,0,-814.681,72.740,80.125,0.000,0,-1.000000,1.000,28.924,-1.000000,0.0000,0.0000,0,0,0.000,1.000,19.607,-814.681,72.740,80.125,0,0,-1,99.880100
54,7.6315,slow-walk,-791.404,55.893,88.150,67.500,15.000,15.000,-763.539,56.208,9.721,-789.569,65.794,2.908,1.0000,0.5625,-769.239,41.899,80.941,-804.296,75.655,79.078,0.8235,0.0000,0.0000,0,0.000,0.000,0.0000,0.0000,0,0,-804.296,75.655,79.078,0.000,0,-1.000000,1.000,28.924,-1.000000,0.0000,0.0000,0,0,0.000,1.000,19.607,-804.296,75.655,79.078,0,0,-1,99.877859
55,7.7847,slow-walk,-781.440,58.563,88.150,67.500,15.000,15.000,-742.323,62.616,5.533,-789.395,65.143,3.088,1.0000,0.5625,-763.003,42.687,78.680,-789.864,79.433,77.505,0.9095,0.0000,0.0000,0,0.000,0.000,0.0000,0.0000,0,0,-789.864,79.433,77.505,0.000,0,-1.000000,1.000,28.924,-1.000000,0.0000,0.0000,0,0,0.000,1.000,19.607,-789.864,79.433,77.505,0,0,-1,99.875413
56,7.9294,slow-walk,-771.984,61.097,88.150,67.500,15.000,15.000,-727.821,66.710,3.324,-789.173,64.492,3.215,1.0000,0.5625,-758.955,42.597,77.056,-774.197,83.363,76.923,0.9910,0.0000,0.0000,0,0.000,0.000,0.0000,0.0000,0,0,-774.197,83.363,76.923,0.000,0,-1.000000,1.000,28.924,-1.000000,0.0000,0.0000,0,0,0.000,1.000,19.607,-774.197,83.363,76.923,0,0,-1,99.873093
57,8.0654,slow-walk,-763.129,63.469,88.150,67.500,15.000,15.000,-726.591,66.519,3.187,-778.523,67.438,4.624,1.0000,0.5625,-755.709,42.480,77.179,-759.429,87.023,78.089,0.0674,0.0000,0.0000,0,0.000,0.000,0.0000,0.0000,0,0,-759.429,87.023,78.089,0.000,0,-1.000000,1.000,28.924,-1.000000,0.0000,0.0000,0,0,0.000,1.000,19.607,-759.429,87.023,78.089,0,0,-1,99.870920
58,8.2024,slow-walk,-754.186,65.866,88.150,67.500,15.000,15.000,-726.470,65.972,3.334,-760.792,72.775,8.601,1.0000,0.5625,-751.312,42.949,78.856,-746.036,90.280,80.483,0.1446,0.0000,0.0000,0,0.000,0.000,0.0000,0.0000,0,0,-746.036,90.280,80.483,0.000,0,-1.000000,1.000,28.924,-1.000000,0.0000,0.0000,0,0,0.000,1.000,19.607,-746.036,90.280,80.483,0,0,-1,99.868726
59,8.3400,stop-from-slow-walk,-745.232,68.265,88.150,67.500,15.000,15.000,-726.284,65.440,3.303,-739.746,79.218,11.506,1.0000,0.5625,-744.633,44.403,80.083,-734.972,93.061,81.987,0.2218,0.0000,0.0000,0,0.000,0.000,0.0000,0.0000,0,0,-734.972,93.061,81.987,0.000,0,-1.000000,1.000,28.924,-1.000000,0.0000,0.0000,0,0,0.000,1.000,19.607,-734.972,93.061,81.987,0,0,-1,99.866528
60,8.4838,stop-from-slow-walk,-745.232,68.265,88.150,0.000,15.000,15.000,-729.366,64.419,3.053,-735.608,80.664,4.441,0.2789,0.0000,-736.034,47.606,81.805,-743.331,91.258,82.389,0.2218,0.0000,0.0000,0,0.000,0.000,0.0000,0.0000,0,0,-743.331,91.258,82.389,0.000,0,-1.000000,1.000,28.924,-1.000000,0.0000,0.0000,0,0,0.000,1.000,19.607,-743.331,91.258,82.389,0,0,-1,99.864221
61,8.6208,stop-from-slow-walk,-745.232,68.265,88.150,0.000,15.000,15.000,-730.640,64.008,3.238,-733.865,81.208,3.238,0.0000,0.0000,-732.679,49.115,82.986,-746.478,90.355,82.986,0.2218,0.0000,0.0000,0,0.000,0.000,0.0000,0.0000,0,0,-746.478,90.355,82.986,0.000,0,-1.000000,1.000,28.924,-1.000000,0.0000,0.0000,0,0,0.000,1.000,19.607,-746.478,90.355,82.986,0,0,-1,99.862034
62,8.7674,stop-from-slow-walk,-745.232,68.265,88.150,0.000,15.000,15.000,-730.640,64.008,3.238,-733.865,81.208,3.238,0.0000,0.0000,-732.597,49.146,82.999,-746.393,90.380,82.999,0.2218,0.0000,0.0000,0,0.000,0.000,0.0000,0.0000,0,0,-746.393,90.380,82.999,0.000,0,-1.000000,1.000,28.924,-1.000000,0.0000,0.0000,0,0,0.000,1.000,19.607,-746.393,90.380,82.999,0,0,-1,99.859684
63,8.9091,stop-from-slow-walk,-745.232,68.265,88.150,0.000,15.000,15.000,-730.640,64.008,3.238,-733.865,81.208,3.238,0.0000,0.0000,-732.519,49.176,83.011,-746.314,90.402,83.011,0.2218,0.0000,0.0000,0,0.000,0.000,0.0000,0.0000,0,0,-746.314,90.402,83.011,0.000,0,-1.000000,1.000,28.924,-1.000000,0.0000,0.0000,0,0,0.000,1.000,19.607,-746.314,90.402,83.011,0,0,-1,99.857420
64,9.0521,stop-from-slow-walk,-745.232,68.265,88.150,0.000,15.000,15.000,-730.640,64.008,3.238,-733.865,81.208,3.238,0.0000,0.0000,-732.517,49.177,83.011,-746.312,90.403,83.011,0.2218,0.0000,0.0000,0,0.000,0.000,0.0000,0.0000,0,0,-746.312,90.403,83.011,0.000,0,-1.000000,1.000,28.924,-1.000000,0.0000,0.0000,0,0,0.000,1.000,19.607,-746.312,90.403,83.011,0,0,-1,99.855129
65,9.1894,stop-from-slow-walk,-745.232,68.265,88.150,0.000,15.000,15.000,-730.640,64.008,3.238,-733.865,81.208,3.238,0.0000,0.0000,-732.451,49.202,83.022,-746.243,90.422,83.022,0.2218,0.0000,0.0000,0,0.000,0.000,0.0000,0.0000,0,0,-746.243,90.422,83.022,0.000,0,-1.000000,1.000,28.924,-1.000000,0.0000,0.0000,0,0,0.000,1.000,19.607,-746.243,90.422,83.022,0,0,-1,99.852938
66,9.3284,stop-from-slow-walk,-745.232,68.265,88.150,0.000,15.000,15.000,-730.640,64.008,3.238,-733.865,81.208,3.238,0.0000,0.0000,-732.451,49.202,83.022,-746.243,90.422,83.022,0.2218,0.0000,0.0000,0,0.000,0.000,0.0000,0.0000,0,0,-746.243,90.422,83.022,0.000,0,-1.000000,1.000,28.924,-1.000000,0.0000,0.0000,0,0,0.000,1.000,19.607,-746.243,90.422,83.022,0,0,-1,99.850707
67,9.4669,stop-from-slow-walk,-745.232,68.265,88.150,0.000,15.000,15.000,-730.640,64.008,3.238,-733.865,81.208,3.238,0.0000,0.0000,-732.487,49.188,83.016,-746.280,90.412,83.017,0.2218,0.0000,0.0000,0,0.000,0.000,0.0000,0.0000,0,0,-746.280,90.412,83.017,0.000,0,-1.000000,1.000,28.924,-1.000000,0.0000,0.0000,0,0,0.000,1.000,19.607,-746.280,90.412,83.017,0,0,-1,99.848495
68,9.6070,stop-from-slow-walk,-745.232,68.265,88.150,0.000,15.000,15.000,-730.640,64.008,3.238,-733.865,81.208,3.238,0.0000,0.0000,-732.557,49.162,83.010,-746.352,90.391,83.010,0.2218,0.0000,0.0000,0,0.000,0.000,0.0000,0.0000,0,0,-746.352,90.391,83.010,0.000,0,-1.000000,1.000,28.924,-1.000000,0.0000,0.0000,0,0,0.000,1.000,19.607,-746.352,90.391,83.010,0,0,-1,99.846250
69,9.7470,stop-from-slow-walk,-745.232,68.265,88.150,0.000,15.000,15.000,-730.640,64.008,3.238,-733.865,81.208,3.238,0.0000,0.0000,-732.616,49.139,82.996,-746.413,90.374,82.996,0.2218,0.0000,0.0000,0,0.000,0.000,0.0000,0.0000,0,0,-746.413,90.374,82.996,0.000,0,-1.000000,1.000,28.924,-1.000000,0.0000,0.0000,0,0,0.000,1.000,19.607,-746.413,90.374,82.996,0,0,-1,99.844015
70,9.8980,stop-from-slow-walk,-745.232,68.265,88.150,0.000,15.000,15.000,-730.640,64.008,3.238,-733.865,81.208,3.238,0.0000,0.0000,-732.717,49.100,82.980,-746.516,90.344,82.980,0.2218,0.0000,0.0000,0,0.000,0.000,0.0000,0.0000,0,0,-746.516,90.344,82.980,0.000,0,-1.000000,1.000,28.924,-1.000000,0.0000,0.0000,0,0,0.000,1.000,19.607,-746.516,90.344,82.980,0,0,-1,99.841595
71,10.0393,stop-from-slow-walk,-745.232,68.265,88.150,0.000,15.000,15.000,-730.640,64.008,3.238,-733.865,81.208,3.238,0.0000,0.0000,-732.804,49.067,82.967,-746.606,90.318,82.967,0.2218,0.0000,0.0000,0,0.000,0.000,0.0000,0.0000,0,0,-746.606,90.318,82.967,0.000,0,-1.000000,1.000,28.924,-1.000000,0.0000,0.0000,0,0,0.000,1.000,19.607,-746.606,90.318,82.967,0,0,-1,99.839338
72,10.1805,stop-from-slow-walk,-745.232,68.265,88.150,0.000,15.000,15.000,-730.640,64.008,3.238,-733.865,81.208,3.238,0.0000,0.0000,-732.898,49.031,82.953,-746.703,90.290,82.953,0.2218,0.0000,0.0000,0,0.000,0.000,0.0000,0.0000,0,0,-746.703,90.290,82.953,0.000,0,-1.000000,1.000,28.924,-1.000000,0.0000,0.0000,0,0,0.000,1.000,19.607,-746.703,90.290,82.953,0,0,-1,99.837075
73,10.3184,stop-from-slow-walk,-745.232,68.265,88.150,0.000,15.000,15.000,-730.640,64.008,3.238,-733.865,81.208,3.238,0.0000,0.0000,-732.956,49.009,82.943,-746.763,90.272,82.943,0.2218,0.0000,0.0000,0,0.000,0.000,0.0000,0.0000,0,0,-746.763,90.272,82.943,0.000,0,-1.000000,1.000,28.924,-1.000000,0.0000,0.0000,0,0,0.000,1.000,19.607,-746.763,90.272,82.943,0,0,-1,99.834871
74,10.4547,full-walk,-745.232,68.265,88.150,0.000,15.000,15.000,-730.640,64.008,3.238,-733.865,81.208,3.238,0.0000,0.0000,-732.976,49.003,82.935,-746.782,90.266,82.935,0.2218,0.0000,0.0000,0,0.000,0.000,0.0000,0.0000,0,0,-746.782,90.266,82.935,0.000,0,-1.000000,1.000,28.924,-1.000000,0.0000,0.0000,0,0,0.000,1.000,19.607,-746.782,90.266,82.935,0,0,-1,99.832687
75,10.5933,full-walk,-736.596,70.579,88.150,96.846,15.000,15.000,-727.871,64.330,2.933,-715.995,86.664,6.696,0.6918,0.8070,-731.471,48.391,80.084,-730.847,94.516,81.289,0.3335,0.0000,0.0000,0,0.000,0.000,0.0000,0.0000,0,0,-730.847,94.516,81.289,0.000,0,-1.000000,1.000,28.924,-1.000000,0.0000,0.0000,0,0,0.000,1.000,19.607,-730.847,94.516,81.289,0,0,-1,99.830474
76,10.7296,full-walk,-715.932,76.116,88.150,180.000,15.000,15.000,-727.652,63.055,3.578,-681.661,96.708,3.060,1.0000,1.5000,-700.783,58.602,77.353,-720.441,97.864,76.811,0.5383,0.0000,0.0000,0,0.000,0.000,0.0000,0.0000,0,0,-720.441,97.864,76.811,0.000,0,-1.000000,1.000,28.924,-1.000000,0.0000,0.0000,0,0,0.000,1.000,19.607,-720.441,97.864,76.811,0,0,-1,99.828289
77,10.8763,full-walk,-690.474,82.937,88.150,180.000,15.000,15.000,-673.397,79.515,11.709,-681.177,95.182,3.252,1.0000,1.5000,-667.254,69.347,82.147,-704.607,102.237,80.122,0.7579,0.0000,0.0000,0,0.000,0.000,0.0000,0.0000,0,0,-704.607,102.237,80.122,0.000,0,-1.000000,1.000,28.924,-1.000000,0.0000,0.0000,0,0,0.000,1.000,19.607,-704.607,102.237,80.122,0,0,-1,99.825947
78,11.0198,full-walk,-665.491,89.631,88.150,180.000,15.000,15.000,-621.620,95.043,3.525,-680.674,93.604,3.167,1.0000,1.5000,-651.178,71.635,77.230,-669.051,111.502,76.855,0.9734,0.0000,0.0000,0,0.000,0.000,0.0000,0.0000,0,0,-669.051,111.502,76.855,0.000,0,-1.000000,1.000,28.924,-1.000000,0.0000,0.0000,0,0,0.000,1.000,19.607,-669.051,111.502,76.855,0,0,-1,99.823648
79,11.1610,full-walk,-640.975,96.200,88.150,180.000,15.000,15.000,-617.719,94.764,3.112,-641.560,105.105,10.179,1.0000,1.5000,-639.662,72.658,79.433,-631.440,120.853,81.226,0.1849,0.0000,0.0000,0,0.000,0.000,0.0000,0.0000,0,0,-631.440,120.853,81.226,0.000,0,-1.000000,1.000,28.924,-1.000000,0.0000,0.0000,0,0,0.000,1.000,19.607,-631.440,120.853,81.226,0,0,-1,99.821391
80,11.3007,full-walk,-616.652,102.718,88.150,180.000,15.000,15.000,-617.453,93.456,3.113,-584.571,122.749,6.297,1.0000,1.5000,-611.775,80.838,77.779,-610.625,126.916,79.075,0.3948,0.0000,0.0000,0,0.000,0.000,0.0000,0.0000,0,0,-610.625,126.916,79.075,0.000,0,-1.000000,1.000,28.924,-1.000000,0.0000,0.0000,0,0,0.000,1.000,19.607,-610.625,126.916,79.075,0,0,-1,99.819153
81,11.4438,full-walk,-591.795,109.378,87.898,180.000,15.000,15.000,-597.611,98.536,6.359,-565.568,127.536,2.959,1.0000,1.5000,-572.386,94.108,79.063,-601.486,130.045,77.702,0.6092,0.0000,0.0000,0,0.000,0.000,0.0000,0.0000,0,0,-601.486,130.045,77.702,0.000,0,-1.000000,1.000,28.924,-1.000000,0.0000,0.0000,0,0,0.000,1.000,19.607,-601.486,130.045,77.702,0,0,-1,99.816866
82,11.5874,full-walk,-566.803,116.075,87.580,180.000,15.000,15.000,-538.730,116.463,9.105,-565.129,125.924,2.356,1.0000,1.5000,-544.677,102.067,80.356,-579.654,135.852,78.500,0.8249,0.0000,0.0000,0,0.000,0.000,0.0000,0.0000,0,0,-579.654,135.852,78.500,0.000,0,-1.000000,1.000,28.924,-1.000000,0.0000,0.0000,0,0,0.000,1.000,19.607,-579.654,135.852,78.500,0,0,-1,99.814566
83,11.7310,full-walk,-541.861,122.758,87.289,180.000,15.000,15.000,-502.293,126.939,2.341,-559.038,126.219,2.907,1.0000,1.5000,-532.559,102.678,76.079,-540.227,145.957,76.631,0.0400,0.0000,0.0000,0,0.000,0.000,0.0000,0.0000,0,0,-540.227,145.957,76.631,0.000,0,-1.000000,1.000,28.924,-1.000000,0.0000,0.0000,0,0,0.000,1.000,19.607,-540.227,145.957,76.631,0,0,-1,99.812271
84,11.8706,full-walk,-517.557,129.270,86.987,180.000,15.000,15.000,-501.711,125.399,2.087,-507.361,141.812,10.585,1.0000,1.5000,-517.295,105.343,78.986,-507.094,154.120,80.900,0.2497,0.0000,0.0000,0,0.000,0.000,0.0000,0.0000,0,0,-507.094,154.120,80.900,0.000,0,-1.000000,1.000,28.924,-1.000000,0.0000,0.0000,0,0,0.000,1.000,19.607,-507.094,154.120,80.900,0,0,-1,99.810034
85,12.0207,full-walk,-491.523,136.246,86.682,180.000,15.000,15.000,-501.251,123.663,1.681,-453.311,157.967,1.910,1.0000,1.5000,-481.022,116.418,75.369,-490.864,158.978,75.732,0.4743,0.0000,0.0000,0,0.000,0.000,0.0000,0.0000,0,0,-490.864,158.978,75.732,0.000,0,-1.000000,1.000,28.924,-1.000000,0.0000,0.0000,0,0,0.000,1.000,19.607,-490.864,158.978,75.732,0,0,-1,99.807638
86,12.1597,full-walk,-467.329,142.729,86.402,180.000,15.000,15.000,-462.708,135.223,8.176,-449.551,157.928,1.100,1.0000,1.5000,-444.982,128.798,79.262,-480.418,162.418,77.368,0.6830,0.0000,0.0000,0,0.000,0.000,0.0000,0.0000,0,0,-480.418,162.418,77.368,0.000,0,-1.000000,1.000,28.924,-1.000000,0.0000,0.0000,0,0,0.000,1.000,19.607,-480.418,162.418,77.368,0,0,-1,99.805412
87,12.2963,full-walk,-443.577,149.093,86.114,180.000,15.000,15.000,-406.705,152.355,4.565,-449.074,156.458,0.991,1.0000,1.5000,-423.960,133.770,77.200,-453.412,169.564,75.822,0.8880,0.0000,0.0000,0,0.000,0.000,0.0000,0.0000,0,0,-453.412,169.564,75.822,0.000,0,-1.000000,1.000,28.924,-1.000000,0.0000,0.0000,0,0,0.000,1.000,19.607,-453.412,169.564,75.822,0,0,-1,99.803226
88,12.4347,full-walk,-419.473,155.552,86.114,180.000,15.000,15.000,-386.188,157.573,1.201,-432.140,160.476,3.940,1.0000,1.5000,-413.993,133.791,75.717,-413.986,179.522,76.905,0.0959,0.0000,0.0000,0,0.000,0.000,0.0000,0.0000,0,0,-413.986,179.522,76.905,0.000,0,-1.000000,1.000,28.924,-1.000000,0.0000,0.0000,0,0,0.000,1.000,19.607,-413.986,179.522,76.905,0,0,-1,99.801008
89,12.5761,full-walk,-394.946,162.124,85.857,180.000,15.000,15.000,-385.710,156.047,0.890,-375.059,177.919,8.329,1.0000,1.5000,-393.829,138.516,77.333,-385.179,186.847,79.172,0.3075,0.0000,0.0000,0,0.000,0.000,0.0000,0.0000,0,0,-385.179,186.847,79.172,0.000,0,-1.000000,1.000,28.924,-1.000000,0.0000,0.0000,0,0,0.000,1.000,19.607,-385.179,186.847,79.172,0,0,-1,99.798751
90,12.7163,full-walk,-370.544,168.662,85.857,180.000,15.000,15.000,-383.136,155.505,1.041,-333.987,190.205,0.901,1.0000,1.5000,-356.889,150.632,74.836,-373.484,190.930,74.575,0.5180,0.0000,0.0000,0,0.000,0.000,0.0000,0.0000,0,0,-373.484,190.930,74.575,0.000,0,-1.000000,1.000,28.924,-1.000000,0.0000,0.0000,0,0,0.000,1.000,19.607,-373.484,190.930,74.575,0,0,-1,99.796505
91,12.8595,full-walk,-345.665,175.329,85.857,180.000,15.000,15.000,-332.940,170.462,9.345,-333.455,188.579,0.997,1.0000,1.5000,-322.488,161.719,79.836,-359.751,194.649,77.819,0.7327,0.0000,0.0000,0,0.000,0.000,0.0000,0.0000,0,0,-359.751,194.649,77.819,0.000,0,-1.000000,1.000,28.924,-1.000000,0.0000,0.0000,0,0,0.000,1.000,19.607,-359.751,194.649,77.819,0,0,-1,99.794216
92,12.9992,full-walk,-321.323,181.851,85.857,180.000,15.000,15.000,-279.214,186.848,1.737,-333.026,187.145,0.631,1.0000,1.5000,-304.845,164.997,75.350,-327.297,203.291,74.536,0.9427,0.0000,0.0000,0,0.000,0.000,0.0000,0.0000,0,0,-327.297,203.291,74.536,0.000,0,-1.000000,1.000,28.924,-1.000000,0.0000,0.0000,0,0,0.000,1.000,19.607,-327.297,203.291,74.536,0,0,-1,99.791976
93,13.1399,full-walk,-296.915,188.391,86.246,180.000,15.000,15.000,-270.147,188.153,1.417,-302.314,195.677,7.139,1.0000,1.5000,-294.438,165.299,77.128,-288.394,212.851,78.804,0.1533,0.0000,0.0000,0,0.000,0.000,0.0000,0.0000,0,0,-288.394,212.851,78.804,0.000,0,-1.000000,1.000,28.924,-1.000000,0.0000,0.0000,0,0,0.000,1.000,19.607,-288.394,212.851,78.804,0,0,-1,99.789729
94,13.2821,full-walk,-272.165,195.023,86.595,180.000,15.000,15.000,-269.746,186.544,1.570,-243.335,213.631,6.263,1.0000,1.5000,-268.673,172.223,76.818,-264.512,219.218,78.364,0.3668,0.0000,0.0000,0,0.000,0.000,0.0000,0.0000,0,0,-264.512,219.218,78.364,0.000,0,-1.000000,1.000,28.924,-1.000000,0.0000,0.0000,0,0,0.000,1.000,19.607,-264.512,219.218,78.364,0,0,-1,99.787452
95,13.4231,full-walk,-247.701,201.578,87.021,180.000,15.000,15.000,-256.564,189.419,4.018,-217.902,220.666,2.127,1.0000,1.5000,-229.955,185.228,77.374,-255.161,222.559,76.330,0.5778,0.0000,0.0000,0,0.000,0.000,0.0000,0.0000,0,0,-255.161,222.559,76.330,0.000,0,-1.000000,1.000,28.924,-1.000000,0.0000,0.0000,0,0,0.000,1.000,19.607,-255.161,222.559,76.330,0,0,-1,99.785201
96,13.5628,turn-while-moving,-223.347,208.104,87.544,180.000,15.000,15.000,-201.254,206.398,10.769,-217.390,219.288,2.756,1.0000,1.5000,-200.397,194.412,81.433,-237.156,227.530,79.448,0.7880,0.0000,0.0000,0,0.000,0.000,0.0000,0.0000,0,0,-237.156,227.530,79.448,0.000,0,-1.000000,1.000,28.924,-1.000000,0.0000,0.0000,0,0,0.000,1.000,19.607,-237.156,227.530,79.448,0,0,-1,99.782959
97,13.6984,turn-while-moving,-209.142,220.245,88.067,142.237,55.603,15.000,-180.252,251.818,3.808,-221.844,216.101,2.903,1.0000,1.1853,-185.870,217.810,77.481,-227.405,233.010,76.742,0.9484,0.0000,0.0000,0,0.000,0.000,0.0000,0.0000,0,0,-227.405,233.010,76.742,0.000,0,-1.000000,1.000,28.924,-1.000000,0.0000,0.0000,0,0,0.000,1.000,19.607,-227.405,233.010,76.742,0,0,-1,99.780794
98,13.8367,turn-while-moving,-201.526,238.412,88.605,142.237,72.265,15.000,-185.657,265.517,3.637,-211.973,232.224,7.250,1.0000,1.1853,-180.391,230.127,78.484,-218.276,256.923,79.838,0.1127,0.0000,0.0000,0,0.000,0.000,0.0000,0.0000,0,0,-218.276,256.923,79.838,0.000,0,-1.000000,1.000,28.924,-1.000000,0.0000,0.0000,0,0,0.000,1.000,19.607,-218.276,256.923,79.838,0,0,-1,99.778576
99,13.9847,turn-while-moving,-194.877,258.340,89.192,142.237,72.265,15.000,-184.159,265.118,4.311,-198.228,280.166,12.337,1.0000,1.1853,-174.446,246.067,81.008,-210.219,280.257,82.892,0.2877,0.0000,0.0000,0,0.000,0.000,0.0000,0.0000,0,0,-210.219,280.257,82.892,0.000,0,-1.000000,1.000,28.924,-1.000000,0.0000,0.0000,0,0,0.000,1.000,19.607,-210.219,280.257,82.892,0,0,-1,99.776213
100,14.1251,turn-while-moving,-188.758,277.358,89.775,142.237,72.265,15.000,-182.970,264.746,4.652,-186.744,320.379,5.336,1.0000,1.1853,-166.820,273.882,78.422,-207.134,291.696,79.056,0.4542,0.0000,0.0000,0,0.000,0.000,0.0000,0.0000,0,0,-207.134,291.696,79.056,0.000,0,-1.000000,1.000,28.924,-1.000000,0.0000,0.0000,0,0,0.000,1.000,19.607,-207.134,291.696,79.056,0,0,-1,99.773966
101,14.2626,turn-while-moving,-182.797,295.981,90.365,142.237,72.265,15.000,-176.549,286.150,9.411,-184.066,326.976,5.582,1.0000,1.1853,-159.355,304.513,81.931,-205.532,298.525,80.489,0.6172,0.0000,0.0000,0,0.000,0.000,0.0000,0.0000,0,0,-205.532,298.525,80.489,0.000,0,-1.000000,1.000,28.924,-1.000000,0.0000,0.0000,0,0,0.000,1.000,19.607,-205.532,298.525,80.489,0,0,-1,99.771766
102,14.4013,turn-while-moving,-176.775,314.808,90.987,142.237,72.265,15.000,-163.647,331.428,14.325,-182.768,326.560,6.167,1.0000,1.1853,-152.827,326.809,84.914,-200.606,313.580,82.914,0.7819,0.0000,0.0000,0,0.000,0.000,0.0000,0.0000,0,0,-200.606,313.580,82.914,0.000,0,-1.000000,1.000,28.924,-1.000000,0.0000,0.0000,0,0,0.000,1.000,19.607,-200.606,313.580,82.914,0,0,-1,99.769543
103,14.5376,turn-while-moving,-170.883,333.230,91.618,142.237,72.265,15.000,-152.312,371.380,7.489,-181.678,326.205,6.396,1.0000,1.1853,-147.802,337.949,81.106,-192.141,339.826,80.297,0.9431,0.0000,0.0000,0,0.000,0.000,0.0000,0.0000,0,0,-192.141,339.826,80.297,0.000,0,-1.000000,1.000,28.924,-1.000000,0.0000,0.0000,0,0,0.000,1.000,19.607,-192.141,339.826,80.297,0,0,-1,99.767367
104,14.6775,turn-while-moving,-164.806,352.231,92.289,142.237,72.265,15.000,-148.851,379.734,7.327,-175.363,345.682,10.757,1.0000,1.1853,-143.644,344.171,82.110,-181.646,370.555,83.431,0.1093,0.0000,0.0000,0,0.000,0.000,0.0000,0.0000,0,0,-181.646,370.555,83.431,0.000,0,-1.000000,1.000,28.924,-1.000000,0.0000,0.0000,0,0,0.000,1.000,19.607,-181.646,370.555,83.431,0,0,-1,99.765123
105,14.8210,turn-while-moving,-158.601,371.634,92.990,142.237,72.265,15.000,-147.648,379.408,8.151,-162.339,391.967,16.362,1.0000,1.1853,-138.200,359.246,84.920,-173.913,393.664,86.823,0.2791,0.0000,0.0000,0,0.000,0.000,0.0000,0.0000,0,0,-173.913,393.664,86.823,0.000,0,-1.000000,1.000,28.924,-1.000000,0.0000,0.0000,0,0,0.000,1.000,19.607,-173.913,393.664,86.823,0,0,-1,99.762831
106,14.9745,turn-while-moving,-151.943,392.451,93.757,142.237,72.265,15.000,-146.305,379.035,8.677,-149.769,435.846,9.192,1.0000,1.1853,-129.857,389.525,82.412,-170.445,406.288,82.956,0.4612,0.0000,0.0000,0,0.000,0.000,0.0000,0.0000,0,0,-170.445,406.288,82.956,0.000,0,-1.000000,1.000,28.924,-1.000000,0.0000,0.0000,0,0,0.000,1.000,19.607,-170.445,406.288,82.956,0,0,-1,99.760373
107,15.1179,turn-while-moving,-145.740,411.847,94.482,142.237,72.265,15.000,-138.908,403.871,14.011,-147.358,441.217,9.503,1.0000,1.1853,-122.149,421.125,86.278,-168.665,413.682,84.693,0.6309,0.0000,0.0000,0,0.000,0.000,0.0000,0.0000,0,0,-168.665,413.682,84.693,0.000,0,-1.000000,1.000,28.924,-1.000000,0.0000,0.0000,0,0,0.000,1.000,19.607,-168.665,413.682,84.693,0,0,-1,99.758082
108,15.2574,turn-while-moving,-139.686,430.776,95.194,142.237,72.265,15.000,-125.945,449.921,18.267,-146.152,440.850,10.465,1.0000,1.1853,-115.791,442.517,89.024,-163.457,429.852,87.062,0.7965,0.0000,0.0000,0,0.000,0.000,0.0000,0.0000,0,0,-163.457,429.852,87.062,0.000,0,-1.000000,1.000,28.924,-1.000000,0.0000,0.0000,0,0,0.000,1.000,19.607,-163.457,429.852,87.062,0,0,-1,99.755847
109,15.3966,turn-while-moving,-133.660,449.618,95.903,142.237,72.265,15.000,-114.662,488.914,11.433,-144.880,440.421,10.841,1.0000,1.1853,-110.669,452.893,85.130,-154.327,457.555,84.582,0.9614,0.0000,0.0000,0,0.000,0.000,0.0000,0.0000,0,0,-154.327,457.555,84.582,0.000,0,-1.000000,1.000,28.924,-1.000000,0.0000,0.0000,0,0,0.000,1.000,19.607,-154.327,457.555,84.582,0,0,-1,99.753621
110,15.5343,turn-while-moving,-127.682,468.309,96.600,142.237,72.265,15.000,-112.207,493.988,11.680,-137.768,463.729,15.914,1.0000,1.1853,-106.691,459.335,86.768,-144.198,487.476,88.240,0.1249,0.0000,0.0000,0,0.000,0.000,0.0000,0.0000,0,0,-144.198,487.476,88.240,0.000,0,-1.000000,1.000,28.924,-1.000000,0.0000,0.0000,0,0,0.000,1.000,19.607,-144.198,487.476,88.240,0,0,-1,99.751414
111,15.6864,turn-while-moving,-121.110,488.858,97.351,142.237,72.265,15.000,-110.900,493.669,12.355,-123.741,513.643,19.898,1.0000,1.1853,-100.651,476.926,88.846,-136.579,510.497,90.689,0.3047,0.0000,0.0000,0,0.000,0.000,0.0000,0.0000,0,0,-136.579,510.497,90.689,0.000,0,-1.000000,1.000,28.924,-1.000000,0.0000,0.0000,0,0,0.000,1.000,19.607,-136.579,510.497,90.689,0,0,-1,99.748987
112,15.8289,turn-while-moving,-114.923,508.205,98.040,142.237,72.265,15.000,-109.589,493.263,13.037,-112.534,552.084,13.274,1.0000,1.1853,-92.573,506.287,86.726,-133.680,521.080,87.094,0.4740,0.0000,0.0000,0,0.000,0.000,0.0000,0.0000,0,0,-133.680,521.080,87.094,0.000,0,-1.000000,1.000,28.924,-1.000000,0.0000,0.0000,0,0,0.000,1.000,19.607,-133.680,521.080,87.094,0,0,-1,99.746702
113,15.9699,turn-while-moving,-108.822,527.280,98.696,142.237,72.265,15.000,-101.590,520.661,18.859,-110.691,555.510,13.843,1.0000,1.1853,-85.130,537.024,90.910,-131.864,528.599,89.246,0.6408,0.0000,0.0000,0,0.000,0.000,0.0000,0.0000,0,0,-131.864,528.599,89.246,0.000,0,-1.000000,1.000,28.924,-1.000000,0.0000,0.0000,0,0,0.000,1.000,19.607,-131.864,528.599,89.246,0,0,-1,99.744450
114,16.1200,turn-while-moving,-102.306,547.654,99.365,142.237,72.265,15.000,-87.666,570.566,21.091,-109.500,555.078,14.066,1.0000,1.1853,-78.518,558.857,92.202,-125.931,547.358,90.318,0.8191,0.0000,0.0000,0,0.000,0.000,0.0000,0.0000,0,0,-125.931,547.358,90.318,0.000,0,-1.000000,1.000,28.924,-1.000000,0.0000,0.0000,0,0,0.000,1.000,19.607,-125.931,547.358,90.318,0,0,-1,99.742043
115,16.3265,turn-while-moving,-93.372,575.590,100.243,142.237,72.265,15.000,-76.077,608.424,15.300,-105.116,564.482,16.593,1.0000,1.1853,-71.660,570.777,89.247,-111.294,591.168,90.108,0.0635,0.0000,0.0000,0,0.000,0.000,0.0000,0.0000,0,0,-111.294,591.168,90.108,0.000,0,-1.000000,1.000,28.924,-1.000000,0.0000,0.0000,0,0,0.000,1.000,19.607,-111.294,591.168,90.108,0,0,-1,99.738744
116,16.4633,turn-while-moving,-87.434,594.154,100.812,142.237,72.265,15.000,-74.942,608.088,15.949,-93.509,605.344,24.226,1.0000,1.1853,-67.060,581.702,92.755,-102.733,616.236,94.665,0.2259,0.0000,0.0000,0,0.000,0.000,0.0000,0.0000,0,0,-102.733,616.236,94.665,0.000,0,-1.000000,1.000,28.924,-1.000000,0.0000,0.0000,0,0,0.000,1.000,19.607,-102.733,616.236,94.665,0,0,-1,99.736552
117,16.6043,stop-from-turn,-81.333,613.234,101.388,142.237,72.265,15.000,-73.851,607.767,16.389,-80.823,650.799,19.674,1.0000,1.1853,-60.247,605.368,91.099,-98.322,631.477,92.413,0.3929,0.0000,0.0000,0,0.000,0.000,0.0000,0.0000,0,0,-98.322,631.477,92.413,0.000,0,-1.000000,1.000,28.924,-1.000000,0.0000,0.0000,0,0,0.000,1.000,19.607,-98.322,631.477,92.413,0,0,-1,99.734298
118,16.7453,stop-from-turn,-81.101,613.958,101.410,0.000,72.265,15.000,-70.837,619.204,15.941,-84.253,637.102,16.488,0.2939,0.0000,-58.731,611.487,94.562,-99.841,626.772,94.935,0.3929,0.0000,0.0000,0,0.000,0.000,0.0000,0.0000,0,0,-99.841,626.772,94.935,0.000,0,-1.000000,1.000,28.924,-1.000000,0.0000,0.0000,0,0,0.000,1.000,19.607,-99.841,626.772,94.935,0,0,-1,99.732039
119,16.8866,stop-from-turn,-81.101,613.958,101.410,0.000,72.265,15.000,-69.629,623.930,16.497,-85.842,630.519,16.497,0.0000,0.0000,-58.293,613.736,96.186,-100.481,624.439,96.186,0.3929,0.0000,0.0000,0,0.000,0.000,0.0000,0.0000,0,0,-100.481,624.439,96.186,0.000,0,-1.000000,1.000,28.924,-1.000000,0.0000,0.0000,0,0,0.000,1.000,19.607,-100.481,624.439,96.186,0,0,-1,99.729782
120,17.0276,stop-from-turn,-81.101,613.958,101.410,0.000,72.265,15.000,-69.629,623.930,16.497,-85.842,630.519,16.497,0.0000,0.0000,-58.293,613.736,96.186,-100.481,624.439,96.186,0.3929,0.0000,0.0000,0,0.000,0.000,0.0000,0.0000,0,0,-100.481,624.439,96.186,0.000,0,-1.000000,1.000,28.924,-1.000000,0.0000,0.0000,0,0,0.000,1.000,19.607,-100.481,624.439,96.186,0,0,-1,99.727521
121,17.1638,stop-from-turn,-81.101,613.958,101.410,0.000,72.265,15.000,-69.629,623.930,16.497,-85.842,630.519,16.497,0.0000,0.0000,-58.268,613.857,96.203,-100.445,624.557,96.203,0.3929,0.0000,0.0000,0,0.000,0.000,0.0000,0.0000,0,0,-100.445,624.557,96.203,0.000,0,-1.000000,1.000,28.924,-1.000000,0.0000,0.0000,0,0,0.000,1.000,19.607,-100.445,624.557,96.203,0,0,-1,99.725345
122,17.3026,stop-from-turn,-81.101,613.958,101.410,0.000,72.265,15.000,-69.629,623.930,16.497,-85.842,630.519,16.497,0.0000,0.0000,-58.250,613.945,96.215,-100.420,624.643,96.215,0.3929,0.0000,0.0000,0,0.000,0.000,0.0000,0.0000,0,0,-100.420,624.643,96.215,0.000,0,-1.000000,1.000,28.924,-1.000000,0.0000,0.0000,0,0,0.000,1.000,19.607,-100.420,624.643,96.215,0,0,-1,99.723121
123,17.4449,stop-from-turn,-81.101,613.958,101.410,0.000,72.265,15.000,-69.629,623.930,16.497,-85.842,630.519,16.497,0.0000,0.0000,-58.231,614.035,96.228,-100.393,624.732,96.228,0.3929,0.0000,0.0000,0,0.000,0.000,0.0000,0.0000,0,0,-100.393,624.732,96.228,0.000,0,-1.000000,1.000,28.924,-1.000000,0.0000,0.0000,0,0,0.000,1.000,19.607,-100.393,624.732,96.228,0,0,-1,99.720848
124,17.5875,stop-from-turn,-81.101,613.958,101.410,0.000,72.265,15.000,-69.629,623.930,16.497,-85.842,630.519,16.497,0.0000,0.0000,-58.209,614.137,96.242,-100.363,624.832,96.242,0.3929,0.0000,0.0000,0,0.000,0.000,0.0000,0.0000,0,0,-100.363,624.832,96.242,0.000,0,-1.000000,1.000,28.924,-1.000000,0.0000,0.0000,0,0,0.000,1.000,19.607,-100.363,624.832,96.242,0,0,-1,99.718562
125,17.7284,stop-from-turn,-81.101,613.958,101.410,0.000,72.265,15.000,-69.629,623.930,16.497,-85.842,630.519,16.497,0.0000,0.0000,-58.191,614.224,96.255,-100.338,624.917,96.255,0.3929,0.0000,0.0000,0,0.000,0.000,0.0000,0.0000,0,0,-100.338,624.917,96.255,0.000,0,-1.000000,1.000,28.924,-1.000000,0.0000,0.0000,0,0,0.000,1.000,19.607,-100.338,624.917,96.255,0,0,-1,99.716312
126,17.8697,stop-from-turn,-81.101,613.958,101.410,0.000,72.265,15.000,-69.629,623.930,16.497,-85.842,630.519,16.497,0.0000,0.0000,-58.174,614.308,96.268,-100.313,624.999,96.268,0.3929,0.0000,0.0000,0,0.000,0.000,0.0000,0.0000,0,0,-100.313,624.999,96.268,0.000,0,-1.000000,1.000,28.924,-1.000000,0.0000,0.0000,0,0,0.000,1.000,19.607,-100.313,624.999,96.268,0,0,-1,99.714047
127,18.0115,stop-from-turn,-81.101,613.958,101.410,0.000,72.265,15.000,-69.629,623.930,16.497,-85.842,630.519,16.497,0.0000,0.0000,-58.169,614.331,96.271,-100.307,625.021,96.271,0.3929,0.0000,0.0000,0,0.000,0.000,0.0000,0.0000,0,0,-100.307,625.021,96.271,0.000,0,-1.000000,1.000,28.924,-1.000000,0.0000,0.0000,0,0,0.000,1.000,19.607,-100.307,625.021,96.271,0,0,-1,99.711784
128,18.1512,stop-from-turn,-81.101,613.958,101.410,0.000,72.265,15.000,-69.629,623.930,16.497,-85.842,630.519,16.497,0.0000,0.0000,-58.169,614.331,96.271,-100.307,625.021,96.271,0.3929,0.0000,0.0000,0,0.000,0.000,0.0000,0.0000,0,0,-100.307,625.021,96.271,0.000,0,-1.000000,1.000,28.924,-1.000000,0.0000,0.0000,0,0,0.000,1.000,19.607,-100.307,625.021,96.271,0,0,-1,99.709543
129,18.2894,stop-from-turn,-81.101,613.958,101.410,0.000,72.265,15.000,-69.629,623.930,16.497,-85.842,630.519,16.497,0.0000,0.0000,-58.154,614.400,96.282,-100.286,625.089,96.282,0.3929,0.0000,0.0000,0,0.000,0.000,0.0000,0.0000,0,0,-100.286,625.089,96.282,0.000,0,-1.000000,1.000,28.924,-1.000000,0.0000,0.0000,0,0,0.000,1.000,19.607,-100.286,625.089,96.282,0,0,-1,99.707335
130,18.4263,stop-from-turn,-81.101,613.958,101.410,0.000,72.265,15.000,-69.629,623.930,16.497,-85.842,630.519,16.497,0.0000,0.0000,-58.154,614.400,96.282,-100.286,625.089,96.282,0.3929,0.0000,0.0000,0,0.000,0.000,0.0000,0.0000,0,0,-100.286,625.089,96.282,0.000,0,-1.000000,1.000,28.924,-1.000000,0.0000,0.0000,0,0,0.000,1.000,19.607,-100.286,625.089,96.282,0,0,-1,99.705141
131,18.5666,stop-from-turn,-81.101,613.958,101.410,0.000,72.265,15.000,-69.629,623.930,16.497,-85.842,630.519,16.497,0.0000,0.0000,-58.173,614.310,96.271,-100.312,625.001,96.272,0.3929,0.0000,0.0000,0,0.000,0.000,0.0000,0.0000,0,0,-100.312,625.001,96.272,0.000,0,-1.000000,1.000,28.924,-1.000000,0.0000,0.0000,0,0,0.000,1.000,19.607,-100.312,625.001,96.272,0,0,-1,99.702901
132,18.7135,orbit-standing-character,-81.101,613.958,101.410,0.000,72.265,15.000,-69.629,623.930,16.497,-85.842,630.519,16.497,0.0000,0.0000,-58.187,614.245,96.260,-100.332,624.938,96.260,0.3929,0.0000,0.0000,0,0.000,0.000,0.0000,0.0000,0,0,-100.332,624.938,96.260,0.000,0,-1.000000,1.000,28.924,-1.000000,0.0000,0.0000,0,0,0.000,1.000,19.607,-100.332,624.938,96.260,0,0,-1,99.700546
133,18.8550,orbit-standing-character,-81.101,613.958,101.410,0.000,72.265,22.549,-69.629,623.930,16.497,-85.842,630.519,16.497,0.0000,0.0000,-58.206,614.152,96.244,-100.359,624.846,96.244,0.3929,0.0000,0.0000,0,0.000,0.000,0.0000,0.0000,0,0,-100.359,624.846,96.244,0.000,0,-1.000000,1.000,28.924,-1.000000,0.0000,0.0000,0,0,0.000,1.000,19.607,-100.359,624.846,96.244,0,0,-1,99.698286
134,18.9923,orbit-standing-character,-81.101,613.958,101.410,0.000,72.265,29.901,-69.629,623.930,16.497,-85.842,630.519,16.497,0.0000,0.0000,-58.225,614.062,96.231,-100.385,624.759,96.231,0.3929,0.0000,0.0000,0,0.000,0.000,0.0000,0.0000,0,0,-100.385,624.759,96.231,0.000,0,-1.000000,1.000,28.924,-1.000000,0.0000,0.0000,0,0,0.000,1.000,19.607,-100.385,624.759,96.231,0,0,-1,99.696085
135,19.1302,orbit-standing-character,-81.101,613.958,101.410,0.000,72.265,37.255,-69.629,623.930,16.497,-85.842,630.519,16.497,0.0000,0.0000,-58.245,613.967,96.218,-100.413,624.665,96.218,0.3929,0.0000,0.0000,0,0.000,0.000,0.0000,0.0000,0,0,-100.413,624.665,96.218,0.000,0,-1.000000,1.000,28.924,-1.000000,0.0000,0.0000,0,0,0.000,1.000,19.607,-100.413,624.665,96.218,0,0,-1,99.693883
136,19.2666,orbit-standing-character,-81.101,613.958,101.410,0.000,72.265,44.555,-69.629,623.930,16.497,-85.842,630.519,16.497,0.0000,0.0000,-58.263,613.879,96.206,-100.439,624.579,96.206,0.3929,0.0000,0.0000,0,0.000,0.000,0.0000,0.0000,0,0,-100.439,624.579,96.206,0.000,0,-1.000000,1.000,28.924,-1.000000,0.0000,0.0000,0,0,0.000,1.000,19.607,-100.439,624.579,96.206,0,0,-1,99.691697
137,19.4176,orbit-standing-character,-81.101,613.958,101.410,0.000,72.265,52.609,-69.629,623.930,16.497,-85.842,630.519,16.497,0.0000,0.0000,-58.269,613.857,96.196,-100.445,624.556,96.196,0.3929,0.0000,0.0000,0,0.000,0.000,0.0000,0.0000,0,0,-100.445,624.556,96.196,0.000,0,-1.000000,1.000,28.924,-1.000000,0.0000,0.0000,0,0,0.000,1.000,19.607,-100.445,624.556,96.196,0,0,-1,99.689286
138,19.5567,orbit-standing-character,-81.101,613.958,101.410,0.000,72.265,60.058,-69.629,623.930,16.497,-85.842,630.519,16.497,0.0000,0.0000,-58.290,613.753,96.189,-100.476,624.455,96.189,0.3929,0.0000,0.0000,0,0.000,0.000,0.0000,0.0000,0,0,-100.476,624.455,96.189,0.000,0,-1.000000,1.000,28.924,-1.000000,0.0000,0.0000,0,0,0.000,1.000,19.607,-100.476,624.455,96.189,0,0,-1,99.687055
139,19.7069,orbit-standing-character,-81.101,613.958,101.410,0.000,72.265,68.066,-69.629,623.930,16.497,-85.842,630.519,16.497,0.0000,0.0000,-58.290,613.753,96.189,-100.476,624.455,96.189,0.3929,0.0000,0.0000,0,0.000,0.000,0.0000,0.0000,0,0,-100.476,624.455,96.189,0.000,0,-1.000000,1.000,28.924,-1.000000,0.0000,0.0000,0,0,0.000,1.000,19.607,-100.476,624.455,96.189,0,0,-1,99.684658
140,19.8515,orbit-standing-character,-81.101,613.958,101.410,0.000,72.265,75.805,-69.629,623.930,16.497,-85.842,630.519,16.497,0.0000,0.0000,-58.293,613.736,96.186,-100.481,624.439,96.186,0.3929,0.0000,0.0000,0,0.000,0.000,0.0000,0.0000,0,0,-100.481,624.439,96.186,0.000,0,-1.000000,1.000,28.924,-1.000000,0.0000,0.0000,0,0,0.000,1.000,19.607,-100.481,624.439,96.186,0,0,-1,99.682340
141,19.9903,orbit-standing-character,-81.101,613.958,101.410,0.000,72.265,83.214,-69.629,623.930,16.497,-85.842,630.519,16.497,0.0000,0.0000,-58.293,613.736,96.186,-100.481,624.439,96.186,0.3929,0.0000,0.0000,0,0.000,0.000,0.0000,0.0000,0,0,-100.481,624.439,96.186,0.000,0,-1.000000,1.000,28.924,-1.000000,0.0000,0.0000,0,0,0.000,1.000,19.607,-100.481,624.439,96.186,0,0,-1,99.680122
142,20.1342,orbit-standing-character,-81.101,613.958,101.410,0.000,72.265,90.918,-69.629,623.930,16.497,-85.842,630.519,16.497,0.0000,0.0000,-58.272,613.838,96.200,-100.451,624.539,96.200,0.3929,0.0000,0.0000,0,0.000,0.000,0.0000,0.0000,0,0,-100.451,624.539,96.200,0.000,0,-1.000000,1.000,28.924,-1.000000,0.0000,0.0000,0,0,0.000,1.000,19.607,-100.451,624.539,96.200,0,0,-1,99.677816
143,20.2830,orbit-standing-character,-81.101,613.958,101.410,0.000,72.265,98.853,-69.629,623.930,16.497,-85.842,630.519,16.497,0.0000,0.0000,-58.252,613.932,96.213,-100.423,624.631,96.213,0.3929,0.0000,0.0000,0,0.000,0.000,0.0000,0.0000,0,0,-100.423,624.631,96.213,0.000,0,-1.000000,1.000,28.924,-1.000000,0.0000,0.0000,0,0,0.000,1.000,19.607,-100.423,624.631,96.213,0,0,-1,99.675439
144,20.4310,orbit-standing-character,-81.101,613.958,101.410,0.000,72.265,106.779,-69.629,623.930,16.497,-85.842,630.519,16.497,0.0000,0.0000,-58.233,614.025,96.226,-100.396,624.722,96.226,0.3929,0.0000,0.0000,0,0.000,0.000,0.0000,0.0000,0,0,-100.396,624.722,96.226,0.000,0,-1.000000,1.000,28.924,-1.000000,0.0000,0.0000,0,0,0.000,1.000,19.607,-100.396,624.722,96.226,0,0,-1,99.673066
145,20.5794,orbit-standing-character,-81.101,613.958,101.410,0.000,72.265,114.697,-69.629,623.930,16.497,-85.842,630.519,16.497,0.0000,0.0000,-58.210,614.131,96.241,-100.365,624.826,96.241,0.3929,0.0000,0.0000,0,0.000,0.000,0.0000,0.0000,0,0,-100.365,624.826,96.241,0.000,0,-1.000000,1.000,28.924,-1.000000,0.0000,0.0000,0,0,0.000,1.000,19.607,-100.365,624.826,96.241,0,0,-1,99.670696
146,20.7322,orbit-standing-character,-81.101,613.958,101.410,0.000,72.265,122.871,-69.629,623.930,16.497,-85.842,630.519,16.497,0.0000,0.0000,-58.190,614.227,96.255,-100.337,624.919,96.255,0.3929,0.0000,0.0000,0,0.000,0.000,0.0000,0.0000,0,0,-100.337,624.919,96.255,0.000,0,-1.000000,1.000,28.924,-1.000000,0.0000,0.0000,0,0,0.000,1.000,19.607,-100.337,624.919,96.255,0,0,-1,99.668248
147,20.8836,orbit-standing-character,-81.101,613.958,101.410,0.000,72.265,130.952,-69.629,623.930,16.497,-85.842,630.519,16.497,0.0000,0.0000,-58.172,614.316,96.269,-100.311,625.007,96.269,0.3929,0.0000,0.0000,0,0.000,0.000,0.0000,0.0000,0,0,-100.311,625.007,96.269,0.000,0,-1.000000,1.000,28.924,-1.000000,0.0000,0.0000,0,0,0.000,1.000,19.607,-100.311,625.007,96.269,0,0,-1,99.665829
148,21.0357,orbit-standing-character,-81.101,613.958,101.410,0.000,72.265,139.094,-69.629,623.930,16.497,-85.842,630.519,16.497,0.0000,0.0000,-58.169,614.331,96.271,-100.307,625.021,96.271,0.3929,0.0000,0.0000,0,0.000,0.000,0.0000,0.0000,0,0,-100.307,625.021,96.271,0.000,0,-1.000000,1.000,28.924,-1.000000,0.0000,0.0000,0,0,0.000,1.000,19.607,-100.307,625.021,96.271,0,0,-1,99.663391
149,21.1826,orbit-standing-character,-81.101,613.958,101.410,0.000,72.265,146.925,-69.629,623.930,16.497,-85.842,630.519,16.497,0.0000,0.0000,-58.156,614.392,96.280,-100.289,625.080,96.280,0.3929,0.0000,0.0000,0,0.000,0.000,0.0000,0.0000,0,0,-100.289,625.080,96.280,0.000,0,-1.000000,1.000,28.924,-1.000000,0.0000,0.0000,0,0,0.000,1.000,19.607,-100.289,625.080,96.280,0,0,-1,99.661046
150,21.3285,orbit-standing-character,-81.101,613.958,101.410,0.000,72.265,154.741,-69.629,623.930,16.497,-85.842,630.519,16.497,0.0000,0.0000,-58.154,614.400,96.282,-100.286,625.089,96.282,0.3929,0.0000,0.0000,0,0.000,0.000,0.0000,0.0000,0,0,-100.286,625.089,96.282,0.000,0,-1.000000,1.000,28.924,-1.000000,0.0000,0.0000,0,0,0.000,1.000,19.607,-100.286,625.089,96.282,0,0,-1,99.658706
151,21.4685,orbit-standing-character,-81.101,613.958,101.410,0.000,72.265,162.210,-69.629,623.930,16.497,-85.842,630.519,16.497,0.0000,0.0000,-58.162,614.362,96.276,-100.298,625.051,96.276,0.3929,0.0000,0.0000,0,0.000,0.000,0.0000,0.0000,0,0,-100.298,625.051,96.276,0.000,0,-1.000000,1.000,28.924,-1.000000,0.0000,0.0000,0,0,0.000,1.000,19.607,-100.298,625.051,96.276,0,0,-1,99.656470
152,21.6128,orbit-standing-character,-81.101,613.958,101.410,0.000,72.265,169.930,-69.629,623.930,16.497,-85.842,630.519,16.497,0.0000,0.0000,-58.178,614.286,96.269,-100.319,624.978,96.269,0.3929,0.0000,0.0000,0,0.000,0.000,0.0000,0.0000,0,0,-100.319,624.978,96.269,0.000,0,-1.000000,1.000,28.924,-1.000000,0.0000,0.0000,0,0,0.000,1.000,19.607,-100.319,624.978,96.269,0,0,-1,99.654158
153,21.7566,orbit-standing-character,-81.101,613.958,101.410,0.000,72.265,177.599,-69.629,623.930,16.497,-85.842,630.519,16.497,0.0000,0.0000,-58.192,614.220,96.254,-100.339,624.913,96.254,0.3929,0.0000,0.0000,0,0.000,0.000,0.0000,0.0000,0,0,-100.339,624.913,96.254,0.000,0,-1.000000,1.000,28.924,-1.000000,0.0000,0.0000,0,0,0.000,1.000,19.607,-100.339,624.913,96.254,0,0,-1,99.651862
154,21.8941,orbit-standing-character,-81.101,613.958,101.410,0.000,72.265,184.967,-69.629,623.930,16.497,-85.842,630.519,16.497,0.0000,0.0000,-58.212,614.124,96.240,-100.367,624.819,96.240,0.3929,0.0000,0.0000,0,0.000,0.000,0.0000,0.0000,0,0,-100.367,624.819,96.240,0.000,0,-1.000000,1.000,28.924,-1.000000,0.0000,0.0000,0,0,0.000,1.000,19.607,-100.367,624.819,96.240,0,0,-1,99.649656
155,22.0289,orbit-standing-character,-81.101,613.958,101.410,0.000,72.265,192.152,-69.629,623.930,16.497,-85.842,630.519,16.497,0.0000,0.0000,-58.230,614.037,96.228,-100.393,624.734,96.228,0.3929,0.0000,0.0000,0,0.000,0.000,0.0000,0.0000,0,0,-100.393,624.734,96.228,0.000,0,-1.000000,1.000,28.924,-1.000000,0.0000,0.0000,0,0,0.000,1.000,19.607,-100.393,624.734,96.228,0,0,-1,99.647504
156,22.1669,orbit-standing-character,-81.101,613.958,101.410,0.000,72.265,199.541,-69.629,623.930,16.497,-85.842,630.519,16.497,0.0000,0.0000,-58.250,613.941,96.214,-100.421,624.640,96.214,0.3929,0.0000,0.0000,0,0.000,0.000,0.0000,0.0000,0,0,-100.421,624.640,96.214,0.000,0,-1.000000,1.000,28.924,-1.000000,0.0000,0.0000,0,0,0.000,1.000,19.607,-100.421,624.640,96.214,0,0,-1,99.645292
157,22.3031,orbit-standing-character,-81.101,613.958,101.410,0.000,72.265,206.804,-69.629,623.930,16.497,-85.842,630.519,16.497,0.0000,0.0000,-58.265,613.874,96.204,-100.440,624.573,96.204,0.3929,0.0000,0.0000,0,0.000,0.000,0.0000,0.0000,0,0,-100.440,624.573,96.204,0.000,0,-1.000000,1.000,28.924,-1.000000,0.0000,0.0000,0,0,0.000,1.000,19.607,-100.440,624.573,96.204,0,0,-1,99.643117
158,22.4575,orbit-standing-character,-81.101,613.958,101.410,0.000,72.265,215.061,-69.629,623.930,16.497,-85.842,630.519,16.497,0.0000,0.0000,-58.270,613.851,96.194,-100.446,624.550,96.194,0.3929,0.0000,0.0000,0,0.000,0.000,0.0000,0.0000,0,0,-100.446,624.550,96.194,0.000,0,-1.000000,1.000,28.924,-1.000000,0.0000,0.0000,0,0,0.000,1.000,19.607,-100.446,624.550,96.194,0,0,-1,99.640645
159,22.5952,orbit-standing-character,-81.101,613.958,101.410,0.000,72.265,222.414,-69.629,623.930,16.497,-85.842,630.519,16.497,0.0000,0.0000,-58.290,613.753,96.189,-100.476,624.455,96.189,0.3929,0.0000,0.0000,0,0.000,0.000,0.0000,0.0000,0,0,-100.476,624.455,96.189,0.000,0,-1.000000,1.000,28.924,-1.000000,0.0000,0.0000,0,0,0.000,1.000,19.607,-100.476,624.455,96.189,0,0,-1,99.638444
160,22.7368,open-pack,-81.101,613.958,101.410,0.000,72.265,229.993,-69.629,623.930,16.497,-85.842,630.519,16.497,0.0000,0.0000,-58.290,613.753,96.189,-100.476,624.455,96.189,0.3929,0.0000,0.0000,0,0.000,0.000,0.0000,0.0000,0,0,-100.476,624.455,96.189,0.000,0,-1.000000,1.000,28.924,-1.000000,0.0000,0.0000,0,0,0.000,1.000,19.607,-100.476,624.455,96.189,0,0,-1,99.636174
161,22.8840,open-pack,-81.101,613.958,101.410,0.000,72.265,229.993,-69.629,623.930,16.497,-85.842,630.519,16.497,0.0000,0.0000,-58.293,613.736,96.186,-100.481,624.439,96.186,0.3929,0.0000,0.0000,0,0.000,0.000,0.0000,0.0000,0,0,-100.481,624.439,96.186,0.000,0,-1.000000,1.000,28.924,-1.000000,0.0000,0.0000,0,0,0.000,1.000,19.607,-100.481,624.439,96.186,0,0,-1,99.636174
162,23.0496,open-pack,-81.101,613.958,101.410,0.000,72.265,229.993,-69.629,623.930,16.497,-85.842,630.519,16.497,0.0000,0.0000,-58.293,613.736,96.186,-100.481,624.439,96.186,0.3929,0.0000,0.0000,0,0.000,0.000,0.0000,0.0000,0,0,-100.481,624.439,96.186,0.000,0,-1.000000,1.000,28.924,-1.000000,0.0000,0.0000,0,0,0.000,1.000,19.607,-100.481,624.439,96.186,0,0,-1,99.636174
163,23.2590,open-pack,-81.101,613.958,101.410,0.000,72.265,229.993,-69.629,623.930,16.497,-85.842,630.519,16.497,0.0000,0.0000,-58.255,613.917,96.211,-100.428,624.616,96.211,0.3929,0.0000,0.0000,0,0.000,0.000,0.0000,0.0000,0,0,-100.428,624.616,96.211,0.000,0,-1.000000,1.000,28.924,-1.000000,0.0000,0.0000,0,0,0.000,1.000,19.607,-100.428,624.616,96.211,0,0,-1,99.636174
164,23.4031,open-look,-81.101,613.958,101.410,0.000,72.265,229.993,-69.629,623.930,16.497,-85.842,630.519,16.497,0.0000,0.0000,-58.237,614.005,96.223,-100.402,624.703,96.224,0.3929,0.0000,0.0000,0,0.000,0.000,0.0000,0.0000,0,0,-100.402,624.703,96.224,0.000,0,-1.000000,1.000,28.924,-1.000000,0.0000,0.0000,0,0,0.000,1.000,19.607,-100.402,624.703,96.224,0,0,-1,99.636174
165,23.5509,open-look,-81.101,613.958,101.410,0.000,72.265,229.993,-69.629,623.930,16.497,-85.842,630.519,16.497,0.0000,0.0000,-58.215,614.111,96.238,-100.371,624.806,96.238,0.3929,0.0000,0.0000,0,0.000,0.000,0.0000,0.0000,0,0,-100.371,624.806,96.238,0.000,0,-1.000000,1.000,28.924,-1.000000,0.0000,0.0000,0,0,0.000,1.000,19.607,-100.371,624.806,96.238,0,0,-1,99.636174
166,23.6977,open-look,-81.101,613.958,101.410,0.000,72.265,229.993,-69.629,623.930,16.497,-85.842,630.519,16.497,0.0000,0.0000,-58.195,614.206,96.252,-100.343,624.899,96.252,0.3929,0.0000,0.0000,0,0.000,0.000,0.0000,0.0000,0,0,-100.343,624.899,96.252,0.000,0,-1.000000,1.000,28.924,-1.000000,0.0000,0.0000,0,0,0.000,1.000,19.607,-100.343,624.899,96.252,0,0,-1,99.636174
167,23.8415,open-look,-81.101,613.958,101.410,0.000,72.265,229.993,-69.629,623.930,16.497,-85.842,630.519,16.497,0.0000,0.0000,-58.177,614.291,96.265,-100.318,624.982,96.265,0.3929,0.0000,0.0000,0,0.000,0.000,0.0000,0.0000,0,0,-100.318,624.982,96.265,0.000,0,-1.000000,1.000,28.924,-1.000000,0.0000,0.0000,0,0,0.000,1.000,19.607,-100.318,624.982,96.265,0,0,-1,99.636174
168,23.9902,open-look,-81.101,613.958,101.410,0.000,72.265,229.993,-69.629,623.930,16.497,-85.842,630.519,16.497,0.0000,0.0000,-58.169,614.331,96.271,-100.307,625.021,96.271,0.3929,0.0000,0.0000,0,0.000,0.000,0.0000,0.0000,0,0,-100.307,625.021,96.271,0.000,0,-1.000000,1.000,28.924,-1.000000,0.0000,0.0000,0,0,0.000,1.000,19.607,-100.307,625.021,96.271,0,0,-1,99.636174
169,24.1300,open-look,-81.101,613.958,101.410,0.000,72.265,229.993,-69.629,623.930,16.497,-85.842,630.519,16.497,0.0000,0.0000,-58.169,614.331,96.271,-100.307,625.021,96.271,0.3929,0.0000,0.0000,0,0.000,0.000,0.0000,0.0000,0,0,-100.307,625.021,96.271,0.000,0,-1.000000,1.000,28.924,-1.000000,0.0000,0.0000,0,0,0.000,1.000,19.607,-100.307,625.021,96.271,0,0,-1,99.636174
170,24.2714,open-look,-81.101,613.958,101.410,0.000,72.265,229.993,-69.629,623.930,16.497,-85.842,630.519,16.497,0.0000,0.0000,-58.154,614.400,96.282,-100.286,625.089,96.282,0.3929,0.0000,0.0000,0,0.000,0.000,0.0000,0.0000,0,0,-100.286,625.089,96.282,0.000,0,-1.000000,1.000,28.924,-1.000000,0.0000,0.0000,0,0,0.000,1.000,19.607,-100.286,625.089,96.282,0,0,-1,99.636174
171,24.4186,open-look,-81.101,613.958,101.410,0.000,72.265,229.993,-69.629,623.930,16.497,-85.842,630.519,16.497,0.0000,0.0000,-58.154,614.400,96.282,-100.286,625.089,96.282,0.3929,0.0000,0.0000,0,0.000,0.000,0.0000,0.0000,0,0,-100.286,625.089,96.282,0.000,0,-1.000000,1.000,28.924,-1.000000,0.0000,0.0000,0,0,0.000,1.000,19.607,-100.286,625.089,96.282,0,0,-1,99.636174
172,24.5627,open-look,-81.101,613.958,101.410,0.000,72.265,229.993,-69.629,623.930,16.497,-85.842,630.519,16.497,0.0000,0.0000,-58.173,614.312,96.272,-100.312,625.003,96.272,0.3929,0.0000,0.0000,0,0.000,0.000,0.0000,0.0000,0,0,-100.312,625.003,96.272,0.000,0,-1.000000,1.000,28.924,-1.000000,0.0000,0.0000,0,0,0.000,1.000,19.607,-100.312,625.003,96.272,0,0,-1,99.636174
173,24.7110,open-look,-81.101,613.958,101.410,0.000,72.265,229.993,-69.629,623.930,16.497,-85.842,630.519,16.497,0.0000,0.0000,-58.187,614.244,96.261,-100.332,624.937,96.261,0.3929,0.0000,0.0000,0,0.000,0.000,0.0000,0.0000,0,0,-100.332,624.937,96.261,0.000,0,-1.000000,1.000,28.924,-1.000000,0.0000,0.0000,0,0,0.000,1.000,19.607,-100.332,624.937,96.261,0,0,-1,99.636174
174,24.8609,open-look,-81.101,613.958,101.410,0.000,72.265,229.993,-69.629,623.930,16.497,-85.842,630.519,16.497,0.0000,0.0000,-58.207,614.148,96.244,-100.360,624.842,96.244,0.3929,0.0000,0.0000,0,0.000,0.000,0.0000,0.0000,0,0,-100.360,624.842,96.244,0.000,0,-1.000000,1.000,28.924,-1.000000,0.0000,0.0000,0,0,0.000,1.000,19.607,-100.360,624.842,96.244,0,0,-1,99.636174
175,25.0064,open-look,-81.101,613.958,101.410,0.000,72.265,229.993,-69.629,623.930,16.497,-85.842,630.519,16.497,0.0000,0.0000,-58.227,614.053,96.230,-100.388,624.749,96.230,0.3929,0.0000,0.0000,0,0.000,0.000,0.0000,0.0000,0,0,-100.388,624.749,96.230,0.000,0,-1.000000,1.000,28.924,-1.000000,0.0000,0.0000,0,0,0.000,1.000,19.607,-100.388,624.749,96.230,0,0,-1,99.636174
176,25.1573,open-look,-81.101,613.958,101.410,0.000,72.265,229.993,-69.629,623.930,16.497,-85.842,630.519,16.497,0.0000,0.0000,-58.249,613.948,96.215,-100.419,624.647,96.215,0.3929,0.0000,0.0000,0,0.000,0.000,0.0000,0.0000,0,0,-100.419,624.647,96.215,0.000,0,-1.000000,1.000,28.924,-1.000000,0.0000,0.0000,0,0,0.000,1.000,19.607,-100.419,624.647,96.215,0,0,-1,99.636174
177,25.3016,open-look,-81.101,613.958,101.410,0.000,72.265,229.993,-69.629,623.930,16.497,-85.842,630.519,16.497,0.0000,0.0000,-58.264,613.874,96.204,-100.440,624.573,96.204,0.3929,0.0000,0.0000,0,0.000,0.000,0.0000,0.0000,0,0,-100.440,624.573,96.204,0.000,0,-1.000000,1.000,28.924,-1.000000,0.0000,0.0000,0,0,0.000,1.000,19.607,-100.440,624.573,96.204,0,0,-1,99.636174
178,25.4504,open-look,-81.101,613.958,101.410,0.000,72.265,229.993,-69.629,623.930,16.497,-85.842,630.519,16.497,0.0000,0.0000,-58.270,613.852,96.194,-100.446,624.551,96.194,0.3929,0.0000,0.0000,0,0.000,0.000,0.0000,0.0000,0,0,-100.446,624.551,96.194,0.000,0,-1.000000,1.000,28.924,-1.000000,0.0000,0.0000,0,0,0.000,1.000,19.607,-100.446,624.551,96.194,0,0,-1,99.636174
179,25.5963,open-look,-81.101,613.958,101.410,0.000,72.265,229.993,-69.629,623.930,16.497,-85.842,630.519,16.497,0.0000,0.0000,-58.290,613.753,96.189,-100.476,624.455,96.189,0.3929,0.0000,0.0000,0,0.000,0.000,0.0000,0.0000,0,0,-100.476,624.455,96.189,0.000,0,-1.000000,1.000,28.924,-1.000000,0.0000,0.0000,0,0,0.000,1.000,19.607,-100.476,624.455,96.189,0,0,-1,99.636174
180,25.7500,open-look,-81.101,613.958,101.410,0.000,72.265,229.993,-69.629,623.930,16.497,-85.842,630.519,16.497,0.0000,0.0000,-58.290,613.753,96.189,-100.476,624.455,96.189,0.3929,0.0000,0.0000,0,0.000,0.000,0.0000,0.0000,0,0,-100.476,624.455,96.189,0.000,0,-1.000000,1.000,28.924,-1.000000,0.0000,0.0000,0,0,0.000,1.000,19.607,-100.476,624.455,96.189,0,0,-1,99.636174
181,25.8980,open-look,-81.101,613.958,101.410,0.000,72.265,229.993,-69.629,623.930,16.497,-85.842,630.519,16.497,0.0000,0.0000,-58.293,613.736,96.186,-100.481,624.439,96.186,0.3929,0.0000,0.0000,0,0.000,0.000,0.0000,0.0000,0,0,-100.481,624.439,96.186,0.000,0,-1.000000,1.000,28.924,-1.000000,0.0000,0.0000,0,0,0.000,1.000,19.607,-100.481,624.439,96.186,0,0,-1,99.636174
182,26.0468,open-look,-81.101,613.958,101.410,0.000,72.265,229.993,-69.629,623.930,16.497,-85.842,630.519,16.497,0.0000,0.0000,-58.293,613.736,96.186,-100.481,624.439,96.186,0.3929,0.0000,0.0000,0,0.000,0.000,0.0000,0.0000,0,0,-100.481,624.439,96.186,0.000,0,-1.000000,1.000,28.924,-1.000000,0.0000,0.0000,0,0,0.000,1.000,19.607,-100.481,624.439,96.186,0,0,-1,99.636174
183,26.1872,open-look,-81.101,613.958,101.410,0.000,72.265,229.993,-69.629,623.930,16.497,-85.842,630.519,16.497,0.0000,0.0000,-58.265,613.871,96.205,-100.441,624.572,96.205,0.3929,0.0000,0.0000,0,0.000,0.000,0.0000,0.0000,0,0,-100.441,624.572,96.205,0.000,0,-1.000000,1.000,28.924,-1.000000,0.0000,0.0000,0,0,0.000,1.000,19.607,-100.441,624.572,96.205,0,0,-1,99.636174
184,26.3281,open-look,-81.101,613.958,101.410,0.000,72.265,229.993,-69.629,623.930,16.497,-85.842,630.519,16.497,0.0000,0.0000,-58.246,613.961,96.217,-100.415,624.659,96.217,0.3929,0.0000,0.0000,0,0.000,0.000,0.0000,0.0000,0,0,-100.415,624.659,96.217,0.000,0,-1.000000,1.000,28.924,-1.000000,0.0000,0.0000,0,0,0.000,1.000,19.607,-100.415,624.659,96.217,0,0,-1,99.636174
185,26.4714,portrait-idle,-81.101,613.958,101.410,0.000,72.265,229.993,-69.629,623.930,16.497,-85.842,630.519,16.497,0.0000,0.0000,-58.227,614.054,96.230,-100.388,624.751,96.230,0.3929,0.0000,0.0000,0,0.000,0.000,0.0000,0.0000,0,0,-100.388,624.751,96.230,0.000,0,-1.000000,1.000,28.924,-1.000000,0.0000,0.0000,0,0,0.000,1.000,19.607,-100.388,624.751,96.230,0,0,-1,99.636174
186,26.6215,portrait-idle,-81.101,613.958,101.410,0.000,72.265,229.993,-69.629,623.930,16.497,-85.842,630.519,16.497,0.0000,0.0000,-58.204,614.161,96.246,-100.356,624.855,96.246,0.3929,0.0000,0.0000,0,0.000,0.000,0.0000,0.0000,0,0,-100.356,624.855,96.246,0.000,0,-1.000000,1.000,28.924,-1.000000,0.0000,0.0000,0,0,0.000,1.000,19.607,-100.356,624.855,96.246,0,0,-1,99.636174
187,26.7649,portrait-idle,-81.101,613.958,101.410,0.000,72.265,229.993,-69.629,623.930,16.497,-85.842,630.519,16.497,0.0000,0.0000,-58.186,614.246,96.258,-100.332,624.938,96.258,0.3929,0.0000,0.0000,0,0.000,0.000,0.0000,0.0000,0,0,-100.332,624.938,96.258,0.000,0,-1.000000,1.000,28.924,-1.000000,0.0000,0.0000,0,0,0.000,1.000,19.607,-100.332,624.938,96.258,0,0,-1,99.636174
188,26.9182,portrait-idle,-81.101,613.958,101.410,0.000,72.265,229.993,-69.629,623.930,16.497,-85.842,630.519,16.497,0.0000,0.0000,-58.169,614.331,96.271,-100.307,625.021,96.271,0.3929,0.0000,0.0000,0,0.000,0.000,0.0000,0.0000,0,0,-100.307,625.021,96.271,0.000,0,-1.000000,1.000,28.924,-1.000000,0.0000,0.0000,0,0,0.000,1.000,19.607,-100.307,625.021,96.271,0,0,-1,99.636174
189,27.0619,portrait-idle,-81.101,613.958,101.410,0.000,72.265,229.993,-69.629,623.930,16.497,-85.842,630.519,16.497,0.0000,0.0000,-58.169,614.331,96.271,-100.307,625.021,96.271,0.3929,0.0000,0.0000,0,0.000,0.000,0.0000,0.0000,0,0,-100.307,625.021,96.271,0.000,0,-1.000000,1.000,28.924,-1.000000,0.0000,0.0000,0,0,0.000,1.000,19.607,-100.307,625.021,96.271,0,0,-1,99.636174
190,27.2049,portrait-idle,-81.101,613.958,101.410,0.000,72.265,229.993,-69.629,623.930,16.497,-85.842,630.519,16.497,0.0000,0.0000,-58.154,614.400,96.282,-100.286,625.089,96.282,0.3929,0.0000,0.0000,0,0.000,0.000,0.0000,0.0000,0,0,-100.286,625.089,96.282,0.000,0,-1.000000,1.000,28.924,-1.000000,0.0000,0.0000,0,0,0.000,1.000,19.607,-100.286,625.089,96.282,0,0,-1,99.636174
191,27.3522,portrait-idle,-81.101,613.958,101.410,0.000,72.265,229.993,-69.629,623.930,16.497,-85.842,630.519,16.497,0.0000,0.0000,-58.154,614.400,96.282,-100.286,625.089,96.282,0.3929,0.0000,0.0000,0,0.000,0.000,0.0000,0.0000,0,0,-100.286,625.089,96.282,0.000,0,-1.000000,1.000,28.924,-1.000000,0.0000,0.0000,0,0,0.000,1.000,19.607,-100.286,625.089,96.282,0,0,-1,99.636174
192,27.5019,portrait-idle,-81.101,613.958,101.410,0.000,72.265,229.993,-69.629,623.930,16.497,-85.842,630.519,16.497,0.0000,0.0000,-58.166,614.344,96.274,-100.303,625.034,96.274,0.3929,0.0000,0.0000,0,0.000,0.000,0.0000,0.0000,0,0,-100.303,625.034,96.274,0.000,0,-1.000000,1.000,28.924,-1.000000,0.0000,0.0000,0,0,0.000,1.000,19.607,-100.303,625.034,96.274,0,0,-1,99.636174
193,27.6496,portrait-idle,-81.101,613.958,101.410,0.000,72.265,229.993,-69.629,623.930,16.497,-85.842,630.519,16.497,0.0000,0.0000,-58.182,614.267,96.268,-100.325,624.959,96.268,0.3929,0.0000,0.0000,0,0.000,0.000,0.0000,0.0000,0,0,-100.325,624.959,96.268,0.000,0,-1.000000,1.000,28.924,-1.000000,0.0000,0.0000,0,0,0.000,1.000,19.607,-100.325,624.959,96.268,0,0,-1,99.636174
194,27.7965,portrait-idle,-81.101,613.958,101.410,0.000,72.265,229.993,-69.629,623.930,16.497,-85.842,630.519,16.497,0.0000,0.0000,-58.198,614.192,96.250,-100.347,624.886,96.250,0.3929,0.0000,0.0000,0,0.000,0.000,0.0000,0.0000,0,0,-100.347,624.886,96.250,0.000,0,-1.000000,1.000,28.924,-1.000000,0.0000,0.0000,0,0,0.000,1.000,19.607,-100.347,624.886,96.250,0,0,-1,99.636174
195,27.9400,portrait-idle,-81.101,613.958,101.410,0.000,72.265,229.993,-69.629,623.930,16.497,-85.842,630.519,16.497,0.0000,0.0000,-58.219,614.093,96.236,-100.376,624.788,96.236,0.3929,0.0000,0.0000,0,0.000,0.000,0.0000,0.0000,0,0,-100.376,624.788,96.236,0.000,0,-1.000000,1.000,28.924,-1.000000,0.0000,0.0000,0,0,0.000,1.000,19.607,-100.376,624.788,96.236,0,0,-1,99.636174
196,28.0873,portrait-idle,-81.101,613.958,101.410,0.000,72.265,229.993,-69.629,623.930,16.497,-85.842,630.519,16.497,0.0000,0.0000,-58.239,613.996,96.222,-100.405,624.694,96.222,0.3929,0.0000,0.0000,0,0.000,0.000,0.0000,0.0000,0,0,-100.405,624.694,96.222,0.000,0,-1.000000,1.000,28.924,-1.000000,0.0000,0.0000,0,0,0.000,1.000,19.607,-100.405,624.694,96.222,0,0,-1,99.636174
197,28.2289,portrait-idle,-81.101,613.958,101.410,0.000,72.265,229.993,-69.629,623.930,16.497,-85.842,630.519,16.497,0.0000,0.0000,-58.259,613.899,96.208,-100.433,624.598,96.208,0.3929,0.0000,0.0000,0,0.000,0.000,0.0000,0.0000,0,0,-100.433,624.598,96.208,0.000,0,-1.000000,1.000,28.924,-1.000000,0.0000,0.0000,0,0,0.000,1.000,19.607,-100.433,624.598,96.208,0,0,-1,99.636174
198,28.3737,portrait-idle,-81.101,613.958,101.410,0.000,72.265,229.993,-69.629,623.930,16.497,-85.842,630.519,16.497,0.0000,0.0000,-58.267,613.863,96.199,-100.443,624.563,96.199,0.3929,0.0000,0.0000,0,0.000,0.000,0.0000,0.0000,0,0,-100.443,624.563,96.199,0.000,0,-1.000000,1.000,28.924,-1.000000,0.0000,0.0000,0,0,0.000,1.000,19.607,-100.443,624.563,96.199,0,0,-1,99.636174
199,28.5183,portrait-idle,-81.101,613.958,101.410,0.000,72.265,229.993,-69.629,623.930,16.497,-85.842,630.519,16.497,0.0000,0.0000,-58.273,613.842,96.190,-100.449,624.541,96.190,0.3929,0.0000,0.0000,0,0.000,0.000,0.0000,0.0000,0,0,-100.449,624.541,96.190,0.000,0,-1.000000,1.000,28.924,-1.000000,0.0000,0.0000,0,0,0.000,1.000,19.607,-100.449,624.541,96.190,0,0,-1,99.636174
200,28.6598,portrait-idle,-81.101,613.958,101.410,0.000,72.265,229.993,-69.629,623.930,16.497,-85.842,630.519,16.497,0.0000,0.0000,-58.290,613.753,96.189,-100.476,624.455,96.189,0.3929,0.0000,0.0000,0,0.000,0.000,0.0000,0.0000,0,0,-100.476,624.455,96.189,0.000,0,-1.000000,1.000,28.924,-1.000000,0.0000,0.0000,0,0,0.000,1.000,19.607,-100.476,624.455,96.189,0,0,-1,99.636174
201,28.8028,portrait-idle,-81.101,613.958,101.410,0.000,72.265,229.993,-69.629,623.930,16.497,-85.842,630.519,16.497,0.0000,0.0000,-58.290,613.753,96.189,-100.476,624.455,96.189,0.3929,0.0000,0.0000,0,0.000,0.000,0.0000,0.0000,0,0,-100.476,624.455,96.189,0.000,0,-1.000000,1.000,28.924,-1.000000,0.0000,0.0000,0,0,0.000,1.000,19.607,-100.476,624.455,96.189,0,0,-1,99.636174
202,28.9536,portrait-idle,-81.101,613.958,101.410,0.000,72.265,229.993,-69.629,623.930,16.497,-85.842,630.519,16.497,0.0000,0.0000,-58.293,613.736,96.186,-100.481,624.439,96.186,0.3929,0.0000,0.0000,0,0.000,0.000,0.0000,0.0000,0,0,-100.481,624.439,96.186,0.000,0,-1.000000,1.000,28.924,-1.000000,0.0000,0.0000,0,0,0.000,1.000,19.607,-100.481,624.439,96.186,0,0,-1,99.636174
203,29.0948,portrait-idle,-81.101,613.958,101.410,0.000,72.265,229.993,-69.629,623.930,16.497,-85.842,630.519,16.497,0.0000,0.0000,-58.293,613.736,96.186,-100.481,624.439,96.186,0.3929,0.0000,0.0000,0,0.000,0.000,0.0000,0.0000,0,0,-100.481,624.439,96.186,0.000,0,-1.000000,1.000,28.924,-1.000000,0.0000,0.0000,0,0,0.000,1.000,19.607,-100.481,624.439,96.186,0,0,-1,99.636174
204,29.2364,portrait-idle,-81.101,613.958,101.410,0.000,72.265,229.993,-69.629,623.930,16.497,-85.842,630.519,16.497,0.0000,0.0000,-58.258,613.903,96.209,-100.432,624.602,96.209,0.3929,0.0000,0.0000,0,0.000,0.000,0.0000,0.0000,0,0,-100.432,624.602,96.209,0.000,0,-1.000000,1.000,28.924,-1.000000,0.0000,0.0000,0,0,0.000,1.000,19.607,-100.432,624.602,96.209,0,0,-1,99.636174
205,29.3803,portrait-idle,-81.101,613.958,101.410,0.000,72.265,229.993,-69.629,623.930,16.497,-85.842,630.519,16.497,0.0000,0.0000,-58.240,613.990,96.221,-100.406,624.688,96.221,0.3929,0.0000,0.0000,0,0.000,0.000,0.0000,0.0000,0,0,-100.406,624.688,96.221,0.000,0,-1.000000,1.000,28.924,-1.000000,0.0000,0.0000,0,0,0.000,1.000,19.607,-100.406,624.688,96.221,0,0,-1,99.636174
206,29.5383,portrait-orbit,-81.101,613.958,101.410,0.000,72.265,229.993,-69.629,623.930,16.497,-85.842,630.519,16.497,0.0000,0.0000,-58.217,614.102,96.237,-100.374,624.797,96.237,0.3929,0.0000,0.0000,0,0.000,0.000,0.0000,0.0000,0,0,-100.374,624.797,96.237,0.000,0,-1.000000,1.000,28.924,-1.000000,0.0000,0.0000,0,0,0.000,1.000,19.607,-100.374,624.797,96.237,0,0,-1,99.636174
207,29.6854,portrait-orbit,-81.101,613.958,101.410,0.000,72.265,229.993,-69.629,623.930,16.497,-85.842,630.519,16.497,0.0000,0.0000,-58.196,614.199,96.251,-100.345,624.892,96.251,0.3929,0.0000,0.0000,0,0.000,0.000,0.0000,0.0000,0,0,-100.345,624.892,96.251,0.000,0,-1.000000,1.000,28.924,-1.000000,0.0000,0.0000,0,0,0.000,1.000,19.607,-100.345,624.892,96.251,0,0,-1,99.636174
208,29.8397,portrait-orbit,-81.101,613.958,101.410,0.000,72.265,229.993,-69.629,623.930,16.497,-85.842,630.519,16.497,0.0000,0.0000,-58.177,614.290,96.265,-100.319,624.982,96.265,0.3929,0.0000,0.0000,0,0.000,0.000,0.0000,0.0000,0,0,-100.319,624.982,96.265,0.000,0,-1.000000,1.000,28.924,-1.000000,0.0000,0.0000,0,0,0.000,1.000,19.607,-100.319,624.982,96.265,0,0,-1,99.636174
209,29.9887,portrait-orbit,-81.101,613.958,101.410,0.000,72.265,229.993,-69.629,623.930,16.497,-85.842,630.519,16.497,0.0000,0.0000,-58.169,614.331,96.271,-100.307,625.021,96.271,0.3929,0.0000,0.0000,0,0.000,0.000,0.0000,0.0000,0,0,-100.307,625.021,96.271,0.000,0,-1.000000,1.000,28.924,-1.000000,0.0000,0.0000,0,0,0.000,1.000,19.607,-100.307,625.021,96.271,0,0,-1,99.636174
210,30.1451,portrait-orbit,-81.101,613.958,101.410,0.000,72.265,229.993,-69.629,623.930,16.497,-85.842,630.519,16.497,0.0000,0.0000,-58.169,614.331,96.271,-100.307,625.021,96.271,0.3929,0.0000,0.0000,0,0.000,0.000,0.0000,0.0000,0,0,-100.307,625.021,96.271,0.000,0,-1.000000,1.000,28.924,-1.000000,0.0000,0.0000,0,0,0.000,1.000,19.607,-100.307,625.021,96.271,0,0,-1,99.636174
211,30.2882,portrait-orbit,-81.101,613.958,101.410,0.000,72.265,229.993,-69.629,623.930,16.497,-85.842,630.519,16.497,0.0000,0.0000,-58.154,614.400,96.282,-100.286,625.089,96.282,0.3929,0.0000,0.0000,0,0.000,0.000,0.0000,0.0000,0,0,-100.286,625.089,96.282,0.000,0,-1.000000,1.000,28.924,-1.000000,0.0000,0.0000,0,0,0.000,1.000,19.607,-100.286,625.089,96.282,0,0,-1,99.636174
212,30.4286,portrait-orbit,-81.101,613.958,101.410,0.000,72.265,229.993,-69.629,623.930,16.497,-85.842,630.519,16.497,0.0000,0.0000,-58.154,614.400,96.282,-100.286,625.089,96.282,0.3929,0.0000,0.0000,0,0.000,0.000,0.0000,0.0000,0,0,-100.286,625.089,96.282,0.000,0,-1.000000,1.000,28.924,-1.000000,0.0000,0.0000,0,0,0.000,1.000,19.607,-100.286,625.089,96.282,0,0,-1,99.636174
213,30.5727,portrait-orbit,-81.101,613.958,101.410,0.000,72.265,229.993,-69.629,623.930,16.497,-85.842,630.519,16.497,0.0000,0.0000,-58.174,614.307,96.271,-100.313,624.998,96.271,0.3929,0.0000,0.0000,0,0.000,0.000,0.0000,0.0000,0,0,-100.313,624.998,96.271,0.000,0,-1.000000,1.000,28.924,-1.000000,0.0000,0.0000,0,0,0.000,1.000,19.607,-100.313,624.998,96.271,0,0,-1,99.636174
214,30.7172,portrait-orbit,-81.101,613.958,101.410,0.000,72.265,229.993,-69.629,623.930,16.497,-85.842,630.519,16.497,0.0000,0.0000,-58.186,614.247,96.259,-100.331,624.939,96.259,0.3929,0.0000,0.0000,0,0.000,0.000,0.0000,0.0000,0,0,-100.331,624.939,96.259,0.000,0,-1.000000,1.000,28.924,-1.000000,0.0000,0.0000,0,0,0.000,1.000,19.607,-100.331,624.939,96.259,0,0,-1,99.636174
215,30.8627,portrait-orbit,-81.101,613.958,101.410,0.000,72.265,229.993,-69.629,623.930,16.497,-85.842,630.519,16.497,0.0000,0.0000,-58.207,614.147,96.244,-100.361,624.841,96.244,0.3929,0.0000,0.0000,0,0.000,0.000,0.0000,0.0000,0,0,-100.361,624.841,96.244,0.000,0,-1.000000,1.000,28.924,-1.000000,0.0000,0.0000,0,0,0.000,1.000,19.607,-100.361,624.841,96.244,0,0,-1,99.636174
216,31.0213,portrait-orbit,-81.101,613.958,101.410,0.000,72.265,229.993,-69.629,623.930,16.497,-85.842,630.519,16.497,0.0000,0.0000,-58.229,614.042,96.228,-100.391,624.739,96.229,0.3929,0.0000,0.0000,0,0.000,0.000,0.0000,0.0000,0,0,-100.391,624.739,96.229,0.000,0,-1.000000,1.000,28.924,-1.000000,0.0000,0.0000,0,0,0.000,1.000,19.607,-100.391,624.739,96.229,0,0,-1,99.636174
217,31.1641,portrait-orbit,-81.101,613.958,101.410,0.000,72.265,229.993,-69.629,623.930,16.497,-85.842,630.519,16.497,0.0000,0.0000,-58.250,613.943,96.215,-100.420,624.642,96.215,0.3929,0.0000,0.0000,0,0.000,0.000,0.0000,0.0000,0,0,-100.420,624.642,96.215,0.000,0,-1.000000,1.000,28.924,-1.000000,0.0000,0.0000,0,0,0.000,1.000,19.607,-100.420,624.642,96.215,0,0,-1,99.636174
218,31.3107,portrait-orbit,-81.101,613.958,101.410,0.000,72.265,229.993,-69.629,623.930,16.497,-85.842,630.519,16.497,0.0000,0.0000,-58.265,613.872,96.203,-100.441,624.572,96.203,0.3929,0.0000,0.0000,0,0.000,0.000,0.0000,0.0000,0,0,-100.441,624.572,96.203,0.000,0,-1.000000,1.000,28.924,-1.000000,0.0000,0.0000,0,0,0.000,1.000,19.607,-100.441,624.572,96.203,0,0,-1,99.636174
219,31.4608,portrait-orbit,-81.101,613.958,101.410,0.000,72.265,229.993,-69.629,623.930,16.497,-85.842,630.519,16.497,0.0000,0.0000,-58.270,613.850,96.194,-100.446,624.550,96.194,0.3929,0.0000,0.0000,0,0.000,0.000,0.0000,0.0000,0,0,-100.446,624.550,96.194,0.000,0,-1.000000,1.000,28.924,-1.000000,0.0000,0.0000,0,0,0.000,1.000,19.607,-100.446,624.550,96.194,0,0,-1,99.636174
220,31.6036,portrait-orbit,-81.101,613.958,101.410,0.000,72.265,229.993,-69.629,623.930,16.497,-85.842,630.519,16.497,0.0000,0.0000,-58.290,613.753,96.189,-100.476,624.455,96.189,0.3929,0.0000,0.0000,0,0.000,0.000,0.0000,0.0000,0,0,-100.476,624.455,96.189,0.000,0,-1.000000,1.000,28.924,-1.000000,0.0000,0.0000,0,0,0.000,1.000,19.607,-100.476,624.455,96.189,0,0,-1,99.636174
221,31.7502,portrait-orbit,-81.101,613.958,101.410,0.000,72.265,229.993,-69.629,623.930,16.497,-85.842,630.519,16.497,0.0000,0.0000,-58.290,613.753,96.189,-100.476,624.455,96.189,0.3929,0.0000,0.0000,0,0.000,0.000,0.0000,0.0000,0,0,-100.476,624.455,96.189,0.000,0,-1.000000,1.000,28.924,-1.000000,0.0000,0.0000,0,0,0.000,1.000,19.607,-100.476,624.455,96.189,0,0,-1,99.636174
222,31.8965,portrait-orbit,-81.101,613.958,101.410,0.000,72.265,229.993,-69.629,623.930,16.497,-85.842,630.519,16.497,0.0000,0.0000,-58.293,613.736,96.186,-100.481,624.439,96.186,0.3929,0.0000,0.0000,0,0.000,0.000,0.0000,0.0000,0,0,-100.481,624.439,96.186,0.000,0,-1.000000,1.000,28.924,-1.000000,0.0000,0.0000,0,0,0.000,1.000,19.607,-100.481,624.439,96.186,0,0,-1,99.636174
223,32.0400,portrait-orbit,-81.101,613.958,101.410,0.000,72.265,229.993,-69.629,623.930,16.497,-85.842,630.519,16.497,0.0000,0.0000,-58.293,613.736,96.186,-100.481,624.439,96.186,0.3929,0.0000,0.0000,0,0.000,0.000,0.0000,0.0000,0,0,-100.481,624.439,96.186,0.000,0,-1.000000,1.000,28.924,-1.000000,0.0000,0.0000,0,0,0.000,1.000,19.607,-100.481,624.439,96.186,0,0,-1,99.636174
224,32.1856,portrait-orbit,-81.101,613.958,101.410,0.000,72.265,229.993,-69.629,623.930,16.497,-85.842,630.519,16.497,0.0000,0.0000,-58.265,613.870,96.205,-100.441,624.571,96.205,0.3929,0.0000,0.0000,0,0.000,0.000,0.0000,0.0000,0,0,-100.441,624.571,96.205,0.000,0,-1.000000,1.000,28.924,-1.000000,0.0000,0.0000,0,0,0.000,1.000,19.607,-100.441,624.571,96.205,0,0,-1,99.636174
225,32.3288,portrait-orbit,-81.101,613.958,101.410,0.000,72.265,229.993,-69.629,623.930,16.497,-85.842,630.519,16.497,0.0000,0.0000,-58.246,613.961,96.217,-100.415,624.659,96.217,0.3929,0.0000,0.0000,0,0.000,0.000,0.0000,0.0000,0,0,-100.415,624.659,96.217,0.000,0,-1.000000,1.000,28.924,-1.000000,0.0000,0.0000,0,0,0.000,1.000,19.607,-100.415,624.659,96.217,0,0,-1,99.636174
226,32.4715,portrait-orbit,-81.101,613.958,101.410,0.000,72.265,229.993,-69.629,623.930,16.497,-85.842,630.519,16.497,0.0000,0.0000,-58.227,614.054,96.230,-100.388,624.751,96.230,0.3929,0.0000,0.0000,0,0.000,0.000,0.0000,0.0000,0,0,-100.388,624.751,96.230,0.000,0,-1.000000,1.000,28.924,-1.000000,0.0000,0.0000,0,0,0.000,1.000,19.607,-100.388,624.751,96.230,0,0,-1,99.636174
227,32.6205,portrait-orbit,-81.101,613.958,101.410,0.000,72.265,229.993,-69.629,623.930,16.497,-85.842,630.519,16.497,0.0000,0.0000,-58.204,614.161,96.246,-100.356,624.855,96.246,0.3929,0.0000,0.0000,0,0.000,0.000,0.0000,0.0000,0,0,-100.356,624.855,96.246,0.000,0,-1.000000,1.000,28.924,-1.000000,0.0000,0.0000,0,0,0.000,1.000,19.607,-100.356,624.855,96.246,0,0,-1,99.636174
228,32.7714,portrait-orbit,-81.101,613.958,101.410,0.000,72.265,229.993,-69.629,623.930,16.497,-85.842,630.519,16.497,0.0000,0.0000,-58.186,614.250,96.259,-100.330,624.942,96.259,0.3929,0.0000,0.0000,0,0.000,0.000,0.0000,0.0000,0,0,-100.330,624.942,96.259,0.000,0,-1.000000,1.000,28.924,-1.000000,0.0000,0.0000,0,0,0.000,1.000,19.607,-100.330,624.942,96.259,0,0,-1,99.636174
229,32.9257,portrait-orbit,-81.101,613.958,101.410,0.000,72.265,229.993,-69.629,623.930,16.497,-85.842,630.519,16.497,0.0000,0.0000,-58.169,614.331,96.271,-100.307,625.021,96.271,0.3929,0.0000,0.0000,0,0.000,0.000,0.0000,0.0000,0,0,-100.307,625.021,96.271,0.000,0,-1.000000,1.000,28.924,-1.000000,0.0000,0.0000,0,0,0.000,1.000,19.607,-100.307,625.021,96.271,0,0,-1,99.636174
230,33.0681,portrait-orbit,-81.101,613.958,101.410,0.000,72.265,229.993,-69.629,623.930,16.497,-85.842,630.519,16.497,0.0000,0.0000,-58.169,614.331,96.271,-100.307,625.021,96.271,0.3929,0.0000,0.0000,0,0.000,0.000,0.0000,0.0000,0,0,-100.307,625.021,96.271,0.000,0,-1.000000,1.000,28.924,-1.000000,0.0000,0.0000,0,0,0.000,1.000,19.607,-100.307,625.021,96.271,0,0,-1,99.636174
231,33.2162,portrait-orbit,-81.101,613.958,101.410,0.000,72.265,229.993,-69.629,623.930,16.497,-85.842,630.519,16.497,0.0000,0.0000,-58.154,614.400,96.282,-100.286,625.089,96.282,0.3929,0.0000,0.0000,0,0.000,0.000,0.0000,0.0000,0,0,-100.286,625.089,96.282,0.000,0,-1.000000,1.000,28.924,-1.000000,0.0000,0.0000,0,0,0.000,1.000,19.607,-100.286,625.089,96.282,0,0,-1,99.636174
232,33.3589,portrait-orbit,-81.101,613.958,101.410,0.000,72.265,229.993,-69.629,623.930,16.497,-85.842,630.519,16.497,0.0000,0.0000,-58.154,614.400,96.282,-100.286,625.089,96.282,0.3929,0.0000,0.0000,0,0.000,0.000,0.0000,0.0000,0,0,-100.286,625.089,96.282,0.000,0,-1.000000,1.000,28.924,-1.000000,0.0000,0.0000,0,0,0.000,1.000,19.607,-100.286,625.089,96.282,0,0,-1,99.636174
233,33.5063,portrait-orbit,-81.101,613.958,101.410,0.000,72.265,229.993,-69.629,623.930,16.497,-85.842,630.519,16.497,0.0000,0.0000,-58.167,614.342,96.274,-100.303,625.032,96.274,0.3929,0.0000,0.0000,0,0.000,0.000,0.0000,0.0000,0,0,-100.303,625.032,96.274,0.000,0,-1.000000,1.000,28.924,-1.000000,0.0000,0.0000,0,0,0.000,1.000,19.607,-100.303,625.032,96.274,0,0,-1,99.636174
234,33.6600,return-to-world,-81.101,613.958,101.410,0.000,72.265,229.993,-69.629,623.930,16.497,-85.842,630.519,16.497,0.0000,0.0000,-58.184,614.262,96.267,-100.327,624.953,96.267,0.3929,0.0000,0.0000,0,0.000,0.000,0.0000,0.0000,0,0,-100.327,624.953,96.267,0.000,0,-1.000000,1.000,28.924,-1.000000,0.0000,0.0000,0,0,0.000,1.000,19.607,-100.327,624.953,96.267,0,0,-1,99.636174
235,33.8055,return-to-world,-81.101,613.958,101.410,0.000,72.265,229.993,-69.629,623.930,16.497,-85.842,630.519,16.497,0.0000,0.0000,-58.199,614.186,96.249,-100.349,624.880,96.249,0.3929,0.0000,0.0000,0,0.000,0.000,0.0000,0.0000,0,0,-100.349,624.880,96.249,0.000,0,-1.000000,1.000,28.924,-1.000000,0.0000,0.0000,0,0,0.000,1.000,19.607,-100.349,624.880,96.249,0,0,-1,99.633851
236,33.9479,return-to-world,-81.101,613.958,101.410,0.000,72.265,229.993,-69.629,623.930,16.497,-85.842,630.519,16.497,0.0000,0.0000,-58.220,614.087,96.235,-100.378,624.783,96.235,0.3929,0.0000,0.0000,0,0.000,0.000,0.0000,0.0000,0,0,-100.378,624.783,96.235,0.000,0,-1.000000,1.000,28.924,-1.000000,0.0000,0.0000,0,0,0.000,1.000,19.607,-100.378,624.783,96.235,0,0,-1,99.631570
237,34.0895,return-to-world,-81.101,613.958,101.410,0.000,72.265,229.993,-69.629,623.930,16.497,-85.842,630.519,16.497,0.0000,0.0000,-58.239,613.995,96.222,-100.405,624.693,96.222,0.3929,0.0000,0.0000,0,0.000,0.000,0.0000,0.0000,0,0,-100.405,624.693,96.222,0.000,0,-1.000000,1.000,28.924,-1.000000,0.0000,0.0000,0,0,0.000,1.000,19.607,-100.405,624.693,96.222,0,0,-1,99.629308
238,34.2277,return-to-world,-81.101,613.958,101.410,0.000,72.265,229.993,-69.629,623.930,16.497,-85.842,630.519,16.497,0.0000,0.0000,-58.259,613.899,96.208,-100.433,624.599,96.209,0.3929,0.0000,0.0000,0,0.000,0.000,0.0000,0.0000,0,0,-100.433,624.599,96.209,0.000,0,-1.000000,1.000,28.924,-1.000000,0.0000,0.0000,0,0,0.000,1.000,19.607,-100.433,624.599,96.209,0,0,-1,99.627092
239,34.3714,return-to-world,-81.101,613.958,101.410,0.000,72.265,229.993,-69.629,623.930,16.497,-85.842,630.519,16.497,0.0000,0.0000,-58.267,613.864,96.199,-100.443,624.563,96.199,0.3929,0.0000,0.0000,0,0.000,0.000,0.0000,0.0000,0,0,-100.443,624.563,96.199,0.000,0,-1.000000,1.000,28.924,-1.000000,0.0000,0.0000,0,0,0.000,1.000,19.607,-100.443,624.563,96.199,0,0,-1,99.624799
240,34.5135,return-to-world,-81.101,613.958,101.410,0.000,72.265,229.993,-69.629,623.930,16.497,-85.842,630.519,16.497,0.0000,0.0000,-58.272,613.842,96.190,-100.448,624.542,96.190,0.3929,0.0000,0.0000,0,0.000,0.000,0.0000,0.0000,0,0,-100.448,624.542,96.190,0.000,0,-1.000000,1.000,28.924,-1.000000,0.0000,0.0000,0,0,0.000,1.000,19.607,-100.448,624.542,96.190,0,0,-1,99.622520
241,34.6612,walk-to-forage,-81.101,613.958,101.410,0.000,72.265,229.993,-69.629,623.930,16.497,-85.842,630.519,16.497,0.0000,0.0000,-58.290,613.753,96.189,-100.476,624.455,96.189,0.3929,0.0000,0.0000,0,-100.000,550.000,0.0000,0.0000,0,0,-100.476,624.455,96.189,0.000,0,-1.000000,1.000,28.924,-1.000000,0.0000,0.0000,0,0,0.000,1.000,19.607,-100.476,624.455,96.189,0,0,0,99.620162
242,34.7989,walk-to-forage,-82.529,612.256,101.337,24.139,113.646,235.287,-74.433,615.206,15.760,-105.186,636.975,16.790,0.6897,0.2012,-63.408,623.559,92.264,-106.010,611.242,92.963,0.4206,0.0000,0.0000,0,-100.000,550.000,0.0000,0.0000,0,0,-106.010,611.242,92.963,0.000,0,-1.000000,1.000,28.924,-1.000000,0.0000,0.0000,0,0,0.000,1.000,19.607,-106.010,611.242,92.963,0,0,0,99.617955
243,34.9544,walk-to-forage,-86.175,607.231,101.137,45.000,160.223,239.399,-70.458,611.882,16.168,-130.068,611.245,16.299,1.0000,0.3750,-83.845,629.610,89.840,-99.333,588.826,90.139,0.4788,0.0000,0.0000,0,-100.000,550.000,0.0000,0.0000,0,0,-99.333,588.826,90.139,0.000,0,-1.000000,1.000,28.924,-1.000000,0.0000,0.0000,0,0,0.000,1.000,19.607,-99.333,588.826,90.139,0,0,0,99.615471
244,35.0944,walk-to-forage,-89.527,601.880,100.934,45.000,-157.685,242.369,-79.269,616.429,16.241,-121.597,576.696,15.885,1.0000,0.3750,-106.341,617.537,90.060,-82.790,580.641,89.606,0.5314,0.0000,0.0000,0,-100.000,550.000,0.0000,0.0000,0,0,-82.790,580.641,89.606,0.000,0,-1.000000,1.000,28.924,-1.000000,0.0000,0.0000,0,0,0.000,1.000,19.607,-82.790,580.641,89.606,0,0,0,99.613226
245,35.2375,walk-to-forage,-92.620,596.246,100.730,45.000,-117.631,245.090,-95.757,610.313,17.958,-98.319,562.132,15.746,1.0000,0.3750,-116.708,593.798,91.185,-71.788,587.951,90.068,0.5850,0.0000,0.0000,0,-100.000,550.000,0.0000,0.0000,0,0,-71.788,587.951,90.068,0.000,0,-1.000000,1.000,28.924,-1.000000,0.0000,0.0000,0,0,0.000,1.000,19.607,-71.788,587.951,90.068,0,0,0,99.610941
246,35.3810,walk-to-forage,-95.445,590.430,100.529,45.000,-114.910,247.685,-101.684,598.154,20.551,-97.193,561.975,15.635,1.0000,0.3750,-120.139,583.804,92.646,-72.782,586.145,90.996,0.6389,0.0000,0.0000,0,-100.000,550.000,0.0000,0.0000,0,0,-72.782,586.145,90.996,0.000,0,-1.000000,1.000,28.924,-1.000000,0.0000,0.0000,0,0,0.000,1.000,19.607,-72.782,586.145,90.996,0,0,0,99.608642
247,35.5259,walk-to-forage,-98.013,584.451,100.329,45.000,-112.315,250.313,-107.336,583.747,22.822,-96.340,562.269,15.392,1.0000,0.3750,-122.706,574.882,93.745,-74.327,583.208,91.816,0.6931,0.0000,0.0000,0,-100.000,550.000,0.0000,0.0000,0,0,-74.327,583.208,91.816,0.000,0,-1.000000,1.000,28.924,-1.000000,0.0000,0.0000,0,0,0.000,1.000,19.607,-74.327,583.208,91.816,0,0,0,99.606328
248,35.6710,settle-forage,-98.013,584.451,100.329,0.000,-112.315,250.313,-109.418,577.935,16.410,-95.097,566.044,15.197,0.2725,0.0000,-121.512,582.999,94.503,-78.083,575.023,93.932,0.6931,0.0000,0.0000,0,-100.000,550.000,0.0000,0.0000,0,0,-78.083,575.023,93.932,0.000,0,-1.000000,1.000,28.924,-1.000000,0.0000,0.0000,0,0,0.000,1.000,19.607,-78.083,575.023,93.932,0,0,0,99.604000
249,35.8199,settle-forage,-98.013,584.451,100.329,0.000,-112.315,250.313,-110.245,575.426,15.416,-94.610,567.564,15.416,0.0000,0.0000,-120.887,585.961,95.182,-79.733,571.939,95.182,0.6931,0.0000,0.0000,0,-100.000,550.000,0.0000,0.0000,0,0,-79.733,571.939,95.182,0.000,0,-1.000000,1.000,28.924,-1.000000,0.0000,0.0000,0,0,0.000,1.000,19.607,-79.733,571.939,95.182,0,0,0,99.601622
250,35.9658,settle-forage,-98.013,584.451,100.329,0.000,-112.315,250.313,-110.245,575.426,15.416,-94.610,567.564,15.416,0.0000,0.0000,-120.902,585.910,95.190,-79.752,571.889,95.190,0.6931,0.0000,0.0000,0,-100.000,550.000,0.0000,0.0000,0,0,-79.752,571.889,95.190,0.000,0,-1.000000,1.000,28.924,-1.000000,0.0000,0.0000,0,0,0.000,1.000,19.607,-79.752,571.889,95.190,0,0,0,99.599282
251,36.1073,settle-forage,-98.013,584.451,100.329,0.000,-112.315,250.313,-110.245,575.426,15.416,-94.610,567.564,15.416,0.0000,0.0000,-120.902,585.910,95.190,-79.752,571.889,95.190,0.6931,0.0000,0.0000,0,-100.000,550.000,0.0000,0.0000,0,0,-79.752,571.889,95.190,0.000,0,-1.000000,1.000,28.924,-1.000000,0.0000,0.0000,0,0,0.000,1.000,19.607,-79.752,571.889,95.190,0,0,0,99.597025
252,36.2493,settle-forage,-98.013,584.451,100.329,0.000,-112.315,250.313,-110.245,575.426,15.416,-94.610,567.564,15.416,0.0000,0.0000,-120.922,585.842,95.201,-79.778,571.823,95.201,0.6931,0.0000,0.0000,0,-100.000,550.000,0.0000,0.0000,0,0,-79.778,571.823,95.201,0.000,0,-1.000000,1.000,28.924,-1.000000,0.0000,0.0000,0,0,0.000,1.000,19.607,-79.778,571.823,95.201,0,0,0,99.594747
253,36.3992,view-picking-side,-98.013,584.451,100.329,0.000,-112.315,250.313,-110.245,575.426,15.416,-94.610,567.564,15.416,0.0000,0.0000,-120.922,585.842,95.201,-79.778,571.823,95.201,0.6931,0.0000,0.0000,0,-100.000,550.000,0.0000,0.0000,0,0,-79.778,571.823,95.201,0.000,0,-1.000000,1.000,28.924,-1.000000,0.0000,0.0000,0,0,0.000,1.000,19.607,-79.778,571.823,95.201,0,0,0,99.592356
254,36.5419,view-picking-side,-98.013,584.451,100.329,0.000,-112.315,242.661,-110.245,575.426,15.416,-94.610,567.564,15.416,0.0000,0.0000,-120.900,585.917,95.192,-79.750,571.896,95.192,0.6931,0.0000,0.0000,0,-100.000,550.000,0.0000,0.0000,0,0,-79.750,571.896,95.192,0.000,0,-1.000000,1.000,28.924,-1.000000,0.0000,0.0000,0,0,0.000,1.000,19.607,-79.750,571.896,95.192,0,0,0,99.590065
255,36.6855,view-picking-side,-98.013,584.451,100.329,0.000,-112.315,235.003,-110.245,575.426,15.416,-94.610,567.564,15.416,0.0000,0.0000,-120.878,585.991,95.185,-79.722,571.967,95.185,0.6931,0.0000,0.0000,0,-100.000,550.000,0.0000,0.0000,0,0,-79.722,571.967,95.185,0.000,0,-1.000000,1.000,28.924,-1.000000,0.0000,0.0000,0,0,0.000,1.000,19.607,-79.722,571.967,95.185,0,0,0,99.587772
256,36.8279,view-picking-side,-98.013,584.451,100.329,0.000,-112.315,227.376,-110.245,575.426,15.416,-94.610,567.564,15.416,0.0000,0.0000,-120.856,586.067,95.166,-79.693,572.041,95.166,0.6931,0.0000,0.0000,0,-100.000,550.000,0.0000,0.0000,0,0,-79.693,572.041,95.166,0.000,0,-1.000000,1.000,28.924,-1.000000,0.0000,0.0000,0,0,0.000,1.000,19.607,-79.693,572.041,95.166,0,0,0,99.585488
257,36.9669,view-picking-side,-98.013,584.451,100.329,0.000,-112.315,219.970,-110.245,575.426,15.416,-94.610,567.564,15.416,0.0000,0.0000,-120.828,586.162,95.152,-79.657,572.133,95.152,0.6931,0.0000,0.0000,0,-100.000,550.000,0.0000,0.0000,0,0,-79.657,572.133,95.152,0.000,0,-1.000000,1.000,28.924,-1.000000,0.0000,0.0000,0,0,0.000,1.000,19.607,-79.657,572.133,95.152,0,0,0,99.583271
258,37.1164,view-picking-side,-98.013,584.451,100.329,0.000,-112.315,211.962,-110.245,575.426,15.416,-94.610,567.564,15.416,0.0000,0.0000,-120.800,586.257,95.138,-79.621,572.226,95.138,0.6931,0.0000,0.0000,0,-100.000,550.000,0.0000,0.0000,0,0,-79.621,572.226,95.138,0.000,0,-1.000000,1.000,28.924,-1.000000,0.0000,0.0000,0,0,0.000,1.000,19.607,-79.621,572.226,95.138,0,0,0,99.580873
259,37.2583,view-picking-side,-98.013,584.451,100.329,0.000,-112.315,204.396,-110.245,575.426,15.416,-94.610,567.564,15.416,0.0000,0.0000,-120.772,586.351,95.125,-79.586,572.317,95.125,0.6931,0.0000,0.0000,0,-100.000,550.000,0.0000,0.0000,0,0,-79.586,572.317,95.125,0.000,0,-1.000000,1.000,28.924,-1.000000,0.0000,0.0000,0,0,0.000,1.000,19.607,-79.586,572.317,95.125,0,0,0,99.578607
260,37.3990,view-picking-side,-98.013,584.451,100.329,0.000,-112.315,196.863,-110.245,575.426,15.416,-94.610,567.564,15.416,0.0000,0.0000,-120.765,586.372,95.117,-79.578,572.339,95.117,0.6931,0.0000,0.0000,0,-100.000,550.000,0.0000,0.0000,0,0,-79.578,572.339,95.117,0.000,0,-1.000000,1.000,28.924,-1.000000,0.0000,0.0000,0,0,0.000,1.000,19.607,-79.578,572.339,95.117,0,0,0,99.576352
261,37.5400,view-picking-side,-98.013,584.451,100.329,0.000,-112.315,189.338,-110.245,575.426,15.416,-94.610,567.564,15.416,0.0000,0.0000,-120.751,586.419,95.108,-79.561,572.385,95.108,0.6931,0.0000,0.0000,0,-100.000,550.000,0.0000,0.0000,0,0,-79.561,572.385,95.108,0.000,0,-1.000000,1.000,28.924,-1.000000,0.0000,0.0000,0,0,0.000,1.000,19.607,-79.561,572.385,95.108,0,0,0,99.574099
262,37.6835,before-pick,-98.013,584.451,100.329,0.000,-112.315,181.663,-110.245,575.426,15.416,-94.610,567.564,15.416,0.0000,0.0000,-120.735,586.476,95.108,-79.539,572.439,95.108,0.6931,0.0000,0.0000,0,-100.000,550.000,0.0000,0.0000,0,0,-79.539,572.439,95.108,0.000,0,-1.000000,1.000,28.924,-1.000000,0.0000,0.0000,0,0,0.000,1.000,19.607,-79.539,572.439,95.108,0,0,0,99.571801
263,37.8236,before-pick,-98.013,584.451,100.329,0.000,-112.315,181.663,-110.245,575.426,15.416,-94.610,567.564,15.416,0.0000,0.0000,-120.734,586.482,95.107,-79.536,572.445,95.107,0.6931,0.0000,0.0000,0,-100.000,550.000,0.0000,0.0000,0,0,-79.536,572.445,95.107,0.000,0,-1.000000,1.000,28.924,-1.000000,0.0000,0.0000,0,0,0.000,1.000,19.607,-79.536,572.445,95.107,0,0,0,99.569563
264,37.9676,before-pick,-98.013,584.451,100.329,0.000,-112.315,181.663,-110.245,575.426,15.416,-94.610,567.564,15.416,0.0000,0.0000,-120.730,586.493,95.105,-79.532,572.456,95.105,0.6931,0.0000,0.0000,0,-100.000,550.000,0.0000,0.0000,0,0,-79.532,572.456,95.105,0.000,0,-1.000000,1.000,28.924,-1.000000,0.0000,0.0000,0,0,0.000,1.000,19.607,-79.532,572.456,95.105,0,0,0,99.567254
265,38.1062,before-pick,-98.013,584.451,100.329,0.000,-112.315,181.663,-110.245,575.426,15.416,-94.610,567.564,15.416,0.0000,0.0000,-120.738,586.466,95.109,-79.542,572.430,95.109,0.6931,0.0000,0.0000,0,-100.000,550.000,0.0000,0.0000,0,0,-79.542,572.430,95.109,0.000,0,-1.000000,1.000,28.924,-1.000000,0.0000,0.0000,0,0,0.000,1.000,19.607,-79.542,572.430,95.109,0,0,0,99.565041
266,38.2505,before-pick,-98.013,584.451,100.329,0.000,-112.315,181.663,-110.245,575.426,15.416,-94.610,567.564,15.416,0.0000,0.0000,-120.781,586.321,95.129,-79.597,572.288,95.129,0.6931,0.0000,0.0000,0,-100.000,550.000,0.0000,0.0000,0,0,-79.597,572.288,95.129,0.000,0,-1.000000,1.000,28.924,-1.000000,0.0000,0.0000,0,0,0.000,1.000,19.607,-79.597,572.288,95.129,0,0,0,99.562727
267,38.3894,before-pick,-98.013,584.451,100.329,0.000,-112.315,181.663,-110.245,575.426,15.416,-94.610,567.564,15.416,0.0000,0.0000,-120.805,586.239,95.141,-79.628,572.208,95.141,0.6931,0.0000,0.0000,0,-100.000,550.000,0.0000,0.0000,0,0,-79.628,572.208,95.141,0.000,0,-1.000000,1.000,28.924,-1.000000,0.0000,0.0000,0,0,0.000,1.000,19.607,-79.628,572.208,95.141,0,0,0,99.560510
268,38.5283,gather,-98.013,584.451,100.329,0.000,-112.315,181.663,-110.245,575.426,15.416,-94.610,567.564,15.416,0.0000,0.0000,-120.834,586.141,95.155,-79.665,572.113,95.155,0.6931,0.0000,0.0000,0,-100.000,550.000,0.0000,0.0000,0,0,-79.665,572.113,95.155,0.000,0,-1.000000,1.000,28.924,-1.000000,0.0000,0.0000,0,0,0.000,1.000,19.607,-79.665,572.113,95.155,0,0,0,99.558282
269,38.6645,gather,-98.013,584.451,100.329,0.000,-112.315,181.663,-110.232,575.459,15.320,-94.604,567.602,15.319,0.0000,0.0000,-120.289,587.746,92.558,-79.605,572.842,92.596,0.6931,1.0000,0.1358,1,-100.000,550.000,0.0000,0.0000,0,0,-79.605,572.842,92.596,0.000,0,-1.000000,1.000,28.924,-1.000000,0.0000,0.0000,0,0,0.000,1.000,19.607,-79.605,572.842,92.596,0,0,0,99.556110
270,38.8009,gather,-98.013,584.451,100.329,0.000,-112.315,181.663,-110.224,575.457,15.349,-94.593,567.645,15.325,0.0000,0.0000,-119.174,591.017,87.593,-82.866,567.417,88.696,0.6931,1.0000,0.2726,1,-100.000,550.000,0.0000,0.0000,0,0,-82.866,567.417,88.696,0.000,0,-1.000000,1.000,28.924,-1.000000,0.0000,0.0000,0,0,0.000,1.000,19.607,-82.866,567.417,88.696,0,0,0,99.553921
271,38.9400,gather,-98.013,584.451,100.329,0.000,-112.315,181.663,-110.249,575.398,15.459,-94.610,567.548,15.467,0.0000,0.0000,-118.157,594.003,83.549,-90.685,553.040,92.342,0.6931,1.0000,0.4114,1,-100.000,550.000,0.0000,0.0000,0,0,-90.685,553.040,92.342,0.000,0,-1.000000,1.000,28.924,-1.000000,0.0000,0.0000,0,0,0.000,1.000,19.607,-90.685,553.040,92.342,0,0,0,99.551700
272,39.0834,gather,-98.013,584.451,100.329,0.000,-112.315,181.663,-110.262,575.407,15.435,-94.620,567.499,15.444,0.0000,0.0000,-117.912,594.720,82.547,-92.995,549.605,95.824,0.6931,1.0000,0.5550,1,-100.000,550.000,0.0000,0.0000,0,0,-92.995,549.605,95.824,0.000,0,-1.000000,1.000,28.924,-1.000000,0.0000,0.0000,0,0,0.000,1.000,19.607,-92.995,549.605,95.824,0,0,0,99.549402
273,39.2232,gather,-98.013,584.451,100.329,0.000,-112.315,181.663,-110.302,575.309,15.454,-94.616,567.497,15.444,0.0000,0.0000,-117.912,594.720,82.547,-92.084,552.295,97.809,0.6931,1.0000,0.6946,1,-100.000,550.000,0.0000,0.0000,0,0,-92.084,552.295,97.809,0.000,0,-1.000000,1.000,28.924,-1.000000,0.0000,0.0000,0,0,0.000,1.000,19.607,-92.084,552.295,97.809,0,0,0,99.547168
274,39.3586,gather,-98.013,584.451,100.329,0.000,-112.315,181.663,-110.302,575.309,15.454,-94.616,567.497,15.444,0.0000,0.0000,-117.912,594.720,82.547,-92.471,551.109,96.932,0.6931,1.0000,0.8303,1,-100.000,550.000,0.0000,0.0000,0,0,-92.471,551.109,96.932,0.000,0,-1.000000,1.000,28.924,-1.000000,0.0000,0.0000,0,0,0.000,1.000,19.607,-92.471,551.109,96.932,0,0,0,99.544998
275,39.4965,gather,-98.013,584.451,100.329,0.000,-112.315,181.663,-110.208,575.514,15.414,-94.614,567.523,15.396,0.0000,0.0000,-118.100,594.170,83.281,-91.193,552.203,92.803,0.6931,1.0000,0.9679,1,-100.000,550.000,0.0000,0.0000,0,0,-91.193,552.203,92.803,0.000,0,-1.000000,1.000,28.924,-1.000000,0.0000,0.0000,0,0,0.000,1.000,19.607,-91.193,552.203,92.803,0,0,0,99.542795
276,39.6330,gather,-98.013,584.451,100.329,0.000,-112.315,181.663,-110.215,575.461,15.273,-94.603,567.566,15.272,0.0000,0.0000,-118.680,592.466,85.523,-85.951,561.556,88.792,0.6931,1.0000,1.1047,1,-100.000,550.000,0.0000,0.0000,0,0,-85.951,561.556,88.792,0.000,0,-1.000000,1.000,28.924,-1.000000,0.0000,0.0000,0,0,0.000,1.000,19.607,-85.951,561.556,88.792,0,0,0,99.540607
277,39.7718,gather,-98.013,584.451,100.329,0.000,-112.315,181.663,-110.271,575.392,15.438,-94.593,567.685,15.425,0.0000,0.0000,-119.482,590.113,89.012,-81.479,569.965,89.521,0.6931,1.0000,1.2432,1,-100.000,550.000,0.0000,0.0000,0,0,-81.479,569.965,89.521,0.000,0,-1.000000,1.000,28.924,-1.000000,0.0000,0.0000,0,0,0.000,1.000,19.607,-81.479,569.965,89.521,0,0,0,99.538391
278,39.9099,gather,-98.013,584.451,100.329,0.000,-112.315,181.663,-110.293,575.340,15.229,-94.619,567.571,15.222,0.0000,0.0000,-120.225,587.934,92.164,-79.633,572.837,92.208,0.6931,1.0000,1.3816,1,-100.000,550.000,0.0000,0.0000,0,0,-79.633,572.837,92.208,0.000,0,-1.000000,1.000,28.924,-1.000000,0.0000,0.0000,0,0,0.000,1.000,19.607,-79.633,572.837,92.208,0,0,0,99.536177
279,40.0500,gather,-98.013,584.451,100.329,0.000,-112.315,181.663,-110.250,575.417,15.438,-94.612,567.554,15.439,0.0000,0.0000,-120.805,586.235,95.114,-79.631,572.205,95.114,0.6931,0.1257,1.5214,1,-100.000,550.000,0.0000,0.0000,0,0,-79.631,572.205,95.114,0.000,0,-1.000000,1.000,28.924,-1.000000,0.0000,0.0000,0,0,0.000,1.000,19.607,-79.631,572.205,95.114,0,0,0,99.533939
280,40.1824,gather,-98.013,584.451,100.329,0.000,-112.315,181.663,-110.245,575.426,15.416,-94.610,567.564,15.416,0.0000,0.0000,-120.787,586.302,95.132,-79.604,572.270,95.132,0.6931,0.0000,1.6000,1,-100.000,550.000,0.0000,0.0000,0,0,-79.604,572.270,95.132,0.000,0,-1.000000,1.000,28.924,-1.000000,0.0000,0.0000,0,0,0.000,1.000,19.607,-79.604,572.270,95.132,0,0,0,99.531817
281,40.3202,gather,-98.013,584.451,100.329,0.000,-112.315,181.663,-110.245,575.426,15.416,-94.610,567.564,15.416,0.0000,0.0000,-120.769,586.360,95.122,-79.582,572.327,95.122,0.6931,0.0000,1.6000,1,-100.000,550.000,0.0000,0.0000,0,0,-79.582,572.327,95.122,0.000,0,-1.000000,1.000,28.924,-1.000000,0.0000,0.0000,0,0,0.000,1.000,19.607,-79.582,572.327,95.122,0,0,0,99.529615
282,40.4550,gather,-98.013,584.451,100.329,0.000,-112.315,181.663,-110.245,575.426,15.416,-94.610,567.564,15.416,0.0000,0.0000,-120.762,586.380,95.113,-79.576,572.347,95.113,0.6931,0.0000,1.6000,1,-100.000,550.000,0.0000,0.0000,0,0,-79.576,572.347,95.113,0.000,0,-1.000000,1.000,28.924,-1.000000,0.0000,0.0000,0,0,0.000,1.000,19.607,-79.576,572.347,95.113,0,0,0,99.527457
283,40.5993,gather,-98.013,584.451,100.329,0.000,-112.315,181.663,-110.245,575.426,15.416,-94.610,567.564,15.416,0.0000,0.0000,-120.735,586.476,95.108,-79.539,572.439,95.108,0.6931,0.0000,1.6000,1,-100.000,550.000,0.0000,0.0000,0,0,-79.539,572.439,95.108,0.000,0,-1.000000,1.000,28.924,-1.000000,0.0000,0.0000,0,0,0.000,1.000,19.607,-79.539,572.439,95.108,0,0,0,99.525156
284,40.7407,gather,-98.013,584.451,100.329,0.000,-112.315,181.663,-110.245,575.426,15.416,-94.610,567.564,15.416,0.0000,0.0000,-120.735,586.476,95.108,-79.539,572.439,95.108,0.6931,0.0000,1.6000,1,-100.000,550.000,0.0000,0.0000,0,0,-79.539,572.439,95.108,0.000,0,-1.000000,1.000,28.924,-1.000000,0.0000,0.0000,0,0,0.000,1.000,19.607,-79.539,572.439,95.108,0,0,0,99.522886
285,40.8788,gather,-98.013,584.451,100.329,0.000,-112.315,181.663,-110.245,575.426,15.416,-94.610,567.564,15.416,0.0000,0.0000,-120.730,586.493,95.105,-79.532,572.456,95.105,0.6931,0.0000,1.6000,1,-100.000,550.000,0.0000,0.0000,0,0,-79.532,572.456,95.105,0.000,0,-1.000000,1.000,28.924,-1.000000,0.0000,0.0000,0,0,0.000,1.000,19.607,-79.532,572.456,95.105,0,0,0,99.520678
286,41.0184,gather,-98.013,584.451,100.329,0.000,-112.315,181.663,-110.245,575.426,15.416,-94.610,567.564,15.416,0.0000,0.0000,-120.730,586.493,95.105,-79.532,572.456,95.105,0.6931,0.0000,1.6000,1,-100.000,550.000,0.0000,0.0000,0,0,-79.532,572.456,95.105,0.000,0,-1.000000,1.000,28.924,-1.000000,0.0000,0.0000,0,0,0.000,1.000,19.607,-79.532,572.456,95.105,0,0,0,99.518443
287,41.1653,gather,-98.013,584.451,100.329,0.000,-112.315,181.663,-110.245,575.426,15.416,-94.610,567.564,15.416,0.0000,0.0000,-120.765,586.374,95.122,-79.577,572.339,95.122,0.6931,0.0000,1.6000,1,-100.000,550.000,0.0000,0.0000,0,0,-79.577,572.339,95.122,0.000,0,-1.000000,1.000,28.924,-1.000000,0.0000,0.0000,0,0,0.000,1.000,19.607,-79.577,572.339,95.122,0,0,0,99.516094
288,41.3088,gather,-98.013,584.451,100.329,0.000,-112.315,181.663,-110.245,575.426,15.416,-94.610,567.564,15.416,0.0000,0.0000,-120.792,586.285,95.134,-79.611,572.253,95.134,0.6931,0.0000,1.6000,1,-100.000,550.000,0.0000,0.0000,0,0,-79.611,572.253,95.134,0.000,0,-1.000000,1.000,28.924,-1.000000,0.0000,0.0000,0,0,0.000,1.000,19.607,-79.611,572.253,95.134,0,0,0,99.513796
289,41.4603,gather,-98.013,584.451,100.329,0.000,-112.315,181.663,-110.245,575.426,15.416,-94.610,567.564,15.416,0.0000,0.0000,-120.820,586.189,95.148,-79.647,572.160,95.148,0.6931,0.0000,1.6000,1,-100.000,550.000,0.0000,0.0000,0,0,-79.647,572.160,95.148,0.000,0,-1.000000,1.000,28.924,-1.000000,0.0000,0.0000,0,0,0.000,1.000,19.607,-79.647,572.160,95.148,0,0,0,99.511375
290,41.6045,after-gather,-98.013,584.451,100.329,0.000,-112.315,181.663,-110.245,575.426,15.416,-94.610,567.564,15.416,0.0000,0.0000,-120.850,586.088,95.163,-79.685,572.061,95.163,0.6931,0.0000,1.6000,1,-100.000,550.000,0.0000,0.0000,0,0,-79.685,572.061,95.163,0.000,0,-1.000000,1.000,28.924,-1.000000,0.0000,0.0000,0,0,0.000,1.000,19.607,-79.685,572.061,95.163,0,0,0,99.509065
291,41.7498,after-gather,-98.013,584.451,100.329,0.000,-112.315,181.663,-110.245,575.426,15.416,-94.610,567.564,15.416,0.0000,0.0000,-120.875,586.002,95.176,-79.717,571.978,95.176,0.6931,0.0000,1.6000,1,-100.000,550.000,0.0000,0.0000,0,0,-79.717,571.978,95.176,0.000,0,-1.000000,1.000,28.924,-1.000000,0.0000,0.0000,0,0,0.000,1.000,19.607,-79.717,571.978,95.176,0,0,0,99.506745
292,41.8913,after-gather,-98.013,584.451,100.329,0.000,-112.315,181.663,-110.245,575.426,15.416,-94.610,567.564,15.416,0.0000,0.0000,-120.899,585.920,95.189,-79.748,571.898,95.189,0.6931,0.0000,1.6000,1,-100.000,550.000,0.0000,0.0000,0,0,-79.748,571.898,95.189,0.000,0,-1.000000,1.000,28.924,-1.000000,0.0000,0.0000,0,0,0.000,1.000,19.607,-79.748,571.898,95.189,0,0,0,99.504475
293,42.0304,after-gather,-98.013,584.451,100.329,0.000,-112.315,181.663,-110.245,575.426,15.416,-94.610,567.564,15.416,0.0000,0.0000,-120.902,585.910,95.190,-79.752,571.889,95.190,0.6931,0.0000,1.6000,1,-100.000,550.000,0.0000,0.0000,0,0,-79.752,571.889,95.190,0.000,0,-1.000000,1.000,28.924,-1.000000,0.0000,0.0000,0,0,0.000,1.000,19.607,-79.752,571.889,95.190,0,0,0,99.502254
294,42.1685,after-gather,-98.013,584.451,100.329,0.000,-112.315,181.663,-110.245,575.426,15.416,-94.610,567.564,15.416,0.0000,0.0000,-120.903,585.907,95.190,-79.753,571.886,95.190,0.6931,0.0000,1.6000,1,-100.000,550.000,0.0000,0.0000,0,0,-79.753,571.886,95.190,0.000,0,-1.000000,1.000,28.924,-1.000000,0.0000,0.0000,0,0,0.000,1.000,19.607,-79.753,571.886,95.190,0,0,0,99.500039
295,42.3060,after-gather,-98.013,584.451,100.329,0.000,-112.315,181.663,-110.245,575.426,15.416,-94.610,567.564,15.416,0.0000,0.0000,-120.922,585.842,95.201,-79.778,571.823,95.201,0.6931,0.0000,1.6000,1,-100.000,550.000,0.0000,0.0000,0,0,-79.778,571.823,95.201,0.000,0,-1.000000,1.000,28.924,-1.000000,0.0000,0.0000,0,0,0.000,1.000,19.607,-79.778,571.823,95.201,0,0,0,99.497845
296,42.4480,after-gather,-98.013,584.451,100.329,0.000,-112.315,181.663,-110.245,575.426,15.416,-94.610,567.564,15.416,0.0000,0.0000,-120.915,585.865,95.197,-79.769,571.846,95.197,0.6931,0.0000,1.6000,1,-100.000,550.000,0.0000,0.0000,0,0,-79.769,571.846,95.197,0.000,0,-1.000000,1.000,28.924,-1.000000,0.0000,0.0000,0,0,0.000,1.000,19.607,-79.769,571.846,95.197,0,0,0,99.495570
297,42.5848,after-gather,-98.013,584.451,100.329,0.000,-112.315,181.663,-110.245,575.426,15.416,-94.610,567.564,15.416,0.0000,0.0000,-120.893,585.939,95.190,-79.741,571.917,95.190,0.6931,0.0000,1.6000,1,-100.000,550.000,0.0000,0.0000,0,0,-79.741,571.917,95.190,0.000,0,-1.000000,1.000,28.924,-1.000000,0.0000,0.0000,0,0,0.000,1.000,19.607,-79.741,571.917,95.190,0,0,0,99.493382
298,42.7321,after-gather,-98.013,584.451,100.329,0.000,-112.315,181.663,-110.245,575.426,15.416,-94.610,567.564,15.416,0.0000,0.0000,-120.875,586.002,95.176,-79.718,571.978,95.176,0.6931,0.0000,1.6000,1,-100.000,550.000,0.0000,0.0000,0,0,-79.718,571.978,95.176,0.000,0,-1.000000,1.000,28.924,-1.000000,0.0000,0.0000,0,0,0.000,1.000,19.607,-79.718,571.978,95.176,0,0,0,99.491021
299,42.8732,after-gather,-98.013,584.451,100.329,0.000,-112.315,181.663,-110.245,575.426,15.416,-94.610,567.564,15.416,0.0000,0.0000,-120.847,586.098,95.162,-79.681,572.071,95.162,0.6931,0.0000,1.6000,1,-100.000,550.000,0.0000,0.0000,0,0,-79.681,572.071,95.162,0.000,0,-1.000000,1.000,28.924,-1.000000,0.0000,0.0000,0,0,0.000,1.000,19.607,-79.681,572.071,95.162,0,0,0,99.488768
300,43.0122,after-gather,-98.013,584.451,100.329,0.000,-112.315,181.663,-110.245,575.426,15.416,-94.610,567.564,15.416,0.0000,0.0000,-120.821,586.187,95.148,-79.648,572.157,95.149,0.6931,0.0000,1.6000,1,-100.000,550.000,0.0000,0.0000,0,0,-79.648,572.157,95.149,0.000,0,-1.000000,1.000,28.924,-1.000000,0.0000,0.0000,0,0,0.000,1.000,19.607,-79.648,572.157,95.149,0,0,0,99.486540
301,43.1504,after-gather,-98.013,584.451,100.329,0.000,-112.315,181.663,-110.245,575.426,15.416,-94.610,567.564,15.416,0.0000,0.0000,-120.793,586.280,95.135,-79.612,572.249,95.135,0.6931,0.0000,1.6000,1,-100.000,550.000,0.0000,0.0000,0,0,-79.612,572.249,95.135,0.000,0,-1.000000,1.000,28.924,-1.000000,0.0000,0.0000,0,0,0.000,1.000,19.607,-79.612,572.249,95.135,0,0,0,99.484334
302,43.2859,after-gather,-98.013,584.451,100.329,0.000,-112.315,181.663,-110.245,575.426,15.416,-94.610,567.564,15.416,0.0000,0.0000,-120.771,586.356,95.124,-79.584,572.322,95.124,0.6931,0.0000,1.6000,1,-100.000,550.000,0.0000,0.0000,0,0,-79.584,572.322,95.124,0.000,0,-1.000000,1.000,28.924,-1.000000,0.0000,0.0000,0,0,0.000,1.000,19.607,-79.584,572.322,95.124,0,0,0,99.482161
303,43.4251,after-gather,-98.013,584.451,100.329,0.000,-112.315,181.663,-110.245,575.426,15.416,-94.610,567.564,15.416,0.0000,0.0000,-120.764,586.376,95.115,-79.577,572.342,95.115,0.6931,0.0000,1.6000,1,-100.000,550.000,0.0000,0.0000,0,0,-79.577,572.342,95.115,0.000,0,-1.000000,1.000,28.924,-1.000000,0.0000,0.0000,0,0,0.000,1.000,19.607,-79.577,572.342,95.115,0,0,0,99.479937
304,43.5660,after-gather,-98.013,584.451,100.329,0.000,-112.315,181.663,-110.245,575.426,15.416,-94.610,567.564,15.416,0.0000,0.0000,-120.735,586.476,95.108,-79.539,572.439,95.108,0.6931,0.0000,1.6000,1,-100.000,550.000,0.0000,0.0000,0,0,-79.539,572.439,95.108,0.000,0,-1.000000,1.000,28.924,-1.000000,0.0000,0.0000,0,0,0.000,1.000,19.607,-79.539,572.439,95.108,0,0,0,99.477679
305,43.7124,walk-to-authored-tree,-98.013,584.451,100.329,0.000,-112.315,181.663,-110.245,575.426,15.416,-94.610,567.564,15.416,0.0000,0.0000,-120.735,586.476,95.108,-79.539,572.439,95.108,0.6931,0.0000,1.6000,1,-100.000,550.000,0.0000,0.0000,0,0,-79.539,572.439,95.108,0.000,0,-1.000000,1.000,28.924,-1.000000,0.0000,0.0000,0,0,0.000,1.000,19.607,-79.539,572.439,95.108,0,0,0,99.475340
306,43.8567,walk-to-authored-tree,-98.013,584.451,100.329,0.000,-112.315,190.240,-110.245,575.426,15.416,-94.610,567.564,15.416,0.0000,0.0000,-120.730,586.493,95.105,-79.532,572.456,95.105,0.6931,0.0000,1.6000,1,-100.000,550.000,0.0000,0.0000,0,0,-79.532,572.456,95.105,0.000,0,-1.000000,1.000,28.924,-1.000000,0.0000,0.0000,0,0,0.000,1.000,19.607,-79.532,572.456,95.105,0,0,0,99.473029
307,43.9992,walk-to-authored-tree,-98.013,584.451,100.329,0.000,-112.315,198.686,-110.245,575.426,15.416,-94.610,567.564,15.416,0.0000,0.0000,-120.730,586.493,95.105,-79.532,572.456,95.105,0.6931,0.0000,1.6000,1,-100.000,550.000,0.0000,0.0000,0,0,-79.532,572.456,95.105,0.000,0,-1.000000,1.000,28.924,-1.000000,0.0000,0.0000,0,0,0.000,1.000,19.607,-79.532,572.456,95.105,0,0,0,99.470753
308,44.1355,walk-to-authored-tree,-98.013,584.451,100.329,0.000,-112.315,206.795,-110.245,575.426,15.416,-94.610,567.564,15.416,0.0000,0.0000,-120.760,586.392,95.119,-79.570,572.357,95.119,0.6931,0.0000,1.6000,1,-100.000,550.000,0.0000,0.0000,0,0,-79.570,572.357,95.119,0.000,0,-1.000000,1.000,28.924,-1.000000,0.0000,0.0000,0,0,0.000,1.000,19.607,-79.570,572.357,95.119,0,0,0,99.468568
309,44.2768,walk-to-authored-tree,-98.013,584.451,100.329,0.000,-112.315,215.168,-110.245,575.426,15.416,-94.610,567.564,15.416,0.0000,0.0000,-120.786,586.305,95.132,-79.603,572.272,95.132,0.6931,0.0000,1.6000,1,-100.000,550.000,0.0000,0.0000,0,0,-79.603,572.272,95.132,0.000,0,-1.000000,1.000,28.924,-1.000000,0.0000,0.0000,0,0,0.000,1.000,19.607,-79.603,572.272,95.132,0,0,0,99.466312
310,44.4186,walk-to-authored-tree,-98.013,584.451,100.329,0.000,-112.315,223.603,-110.245,575.426,15.416,-94.610,567.564,15.416,0.0000,0.0000,-120.811,586.218,95.144,-79.636,572.188,95.144,0.6931,0.0000,1.6000,1,-100.000,550.000,0.0000,0.0000,0,0,-79.636,572.188,95.144,0.000,0,-1.000000,1.000,28.924,-1.000000,0.0000,0.0000,0,0,0.000,1.000,19.607,-79.636,572.188,95.144,0,0,0,99.464038
311,44.5577,walk-to-authored-tree,-98.013,584.451,100.329,0.000,-112.315,231.851,-110.245,575.426,15.416,-94.610,567.564,15.416,0.0000,0.0000,-120.840,586.121,95.158,-79.673,572.093,95.158,0.6931,0.0000,1.6000,1,-100.000,550.000,0.0000,0.0000,0,0,-79.673,572.093,95.158,0.000,0,-1.000000,1.000,28.924,-1.000000,0.0000,0.0000,0,0,0.000,1.000,19.607,-79.673,572.093,95.158,0,0,0,99.461816
312,44.6949,walk-to-authored-tree,-98.013,584.451,100.329,0.000,-112.315,240.013,-110.245,575.426,15.416,-94.610,567.564,15.416,0.0000,0.0000,-120.866,586.034,95.171,-79.705,572.009,95.171,0.6931,0.0000,1.6000,1,-100.000,550.000,0.0000,0.0000,0,0,-79.705,572.009,95.171,0.000,0,-1.000000,1.000,28.924,-1.000000,0.0000,0.0000,0,0,0.000,1.000,19.607,-79.705,572.009,95.171,0,0,0,99.459617
313,44.8360,walk-to-authored-tree,-98.013,584.451,100.329,0.000,-112.315,246.202,-110.245,575.426,15.416,-94.610,567.564,15.416,0.0000,0.0000,-120.890,585.952,95.184,-79.736,571.930,95.184,0.6931,0.0000,1.6000,1,-100.000,550.000,0.0000,0.0000,0,0,-79.736,571.930,95.184,0.000,0,-1.000000,1.000,28.924,-1.000000,0.0000,0.0000,0,0,0.000,1.000,19.607,-79.736,571.930,95.184,0,0,0,99.457363
314,44.9798,walk-to-authored-tree,-100.452,578.920,100.141,62.978,-113.798,250.177,-114.182,566.933,20.258,-96.614,564.291,15.062,0.7197,0.5248,-125.109,572.616,94.062,-78.052,574.412,92.534,0.7687,0.0000,1.6000,1,-100.000,550.000,0.0000,0.0000,0,0,-78.052,574.412,92.534,0.000,0,-1.000000,1.000,28.924,-1.000000,0.0000,0.0000,0,0,0.000,1.000,19.607,-78.052,574.412,92.534,0,0,0,99.455060
315,45.1219,walk-to-authored-tree,-105.506,565.639,99.709,112.500,-109.823,252.632,-124.242,531.991,17.581,-95.801,567.489,14.761,1.0000,0.9375,-129.108,559.072,90.548,-83.327,561.182,89.299,0.9016,0.0000,1.6000,1,-100.000,550.000,0.0000,0.0000,0,0,-83.327,561.182,89.299,0.000,0,-1.000000,1.000,28.924,-1.000000,0.0000,0.0000,0,0,0.000,1.000,19.607,-83.327,561.182,89.299,0,0,0,99.452792
316,45.2664,walk-to-authored-tree,-110.612,550.166,99.214,112.500,-107.368,254.259,-128.334,514.195,14.233,-98.450,562.946,14.727,1.0000,0.9375,-132.573,552.855,87.952,-91.814,536.557,88.469,0.0373,0.0000,1.6000,1,-100.000,550.000,0.0000,0.0000,0,0,-91.814,536.557,88.469,0.000,0,-1.000000,1.000,28.924,-1.000000,0.0000,0.0000,0,0,0.000,1.000,19.607,-91.814,536.557,88.469,0,0,0,99.450475
317,45.4107,walk-to-authored-tree,-115.176,534.622,98.725,112.500,-105.741,255.314,-128.607,513.847,13.721,-106.755,532.645,20.303,1.0000,0.9375,-136.115,545.124,89.806,-98.716,514.145,91.552,0.1723,0.0000,1.6000,1,-100.000,550.000,0.0000,0.0000,0,0,-98.716,514.145,91.552,0.000,0,-1.000000,1.000,28.924,-1.000000,0.0000,0.0000,0,0,0.000,1.000,19.607,-98.716,514.145,91.552,0,0,0,99.448171
318,45.5573,walk-to-authored-tree,-119.478,518.667,98.204,112.500,-104.686,256.032,-129.253,513.949,13.265,-115.670,493.128,20.613,1.0000,0.9375,-140.537,529.295,89.663,-102.797,497.988,91.499,0.3100,0.0000,1.6000,1,-100.000,550.000,0.0000,0.0000,0,0,-102.797,497.988,91.499,0.000,0,-1.000000,1.000,28.924,-1.000000,0.0000,0.0000,0,0,0.000,1.000,19.607,-102.797,497.988,91.499,0,0,0,99.445820
319,45.7051,walk-to-authored-tree,-123.560,502.577,97.674,112.500,-103.968,256.522,-130.246,514.093,12.573,-122.627,459.852,13.420,1.0000,0.9375,-145.589,505.063,86.379,-104.364,489.051,87.088,0.4484,0.0000,1.6000,1,-100.000,550.000,0.0000,0.0000,0,0,-104.364,489.051,87.088,0.000,0,-1.000000,1.000,28.924,-1.000000,0.0000,0.0000,0,0,0.000,1.000,19.607,-104.364,489.051,87.088,0,0,0,99.443460
320,45.8517,walk-to-authored-tree,-127.463,486.517,97.139,112.500,-103.478,256.864,-133.948,499.279,14.404,-124.611,452.171,12.141,1.0000,0.9375,-150.211,478.182,87.610,-105.200,483.644,86.481,0.5861,0.0000,1.6000,1,-100.000,550.000,0.0000,0.0000,0,0,-105.200,483.644,86.481,0.000,0,-1.000000,1.000,28.924,-1.000000,0.0000,0.0000,0,0,0.000,1.000,19.607,-105.200,483.644,86.481,0,0,0,99.441109
321,45.9931,walk-to-authored-tree,-131.108,471.061,96.609,112.500,-103.136,257.108,-141.008,464.498,19.955,-125.455,452.309,11.809,1.0000,0.9375,-154.016,457.175,90.537,-107.451,474.200,88.537,0.7184,0.0000,1.6000,1,-100.000,550.000,0.0000,0.0000,0,0,-107.451,474.200,88.537,0.000,0,-1.000000,1.000,28.924,-1.000000,0.0000,0.0000,0,0,0.000,1.000,19.607,-107.451,474.200,88.537,0,0,0,99.438850
322,46.1338,walk-to-authored-tree,-134.673,455.604,96.078,112.500,-102.892,257.300,-148.404,426.589,16.758,-126.504,452.675,11.209,1.0000,0.9375,-157.639,443.614,88.506,-111.674,456.766,86.842,0.8506,0.0000,1.6000,1,-100.000,550.000,0.0000,0.0000,0,0,-111.674,456.766,86.842,0.000,0,-1.000000,1.000,28.924,-1.000000,0.0000,0.0000,0,0,0.000,1.000,19.607,-111.674,456.766,86.842,0,0,0,99.436594
323,46.2795,walk-to-authored-tree,-138.287,439.662,95.527,112.500,-102.700,257.464,-153.859,397.958,10.747,-127.377,452.818,10.601,1.0000,0.9375,-160.742,436.405,84.472,-117.461,431.605,84.282,0.9869,0.0000,1.6000,1,-100.000,550.000,0.0000,0.0000,0,0,-117.461,431.605,84.282,0.000,0,-1.000000,1.000,28.924,-1.000000,0.0000,0.0000,0,0,0.000,1.000,19.607,-117.461,431.605,84.282,0,0,0,99.434270
324,46.4251,walk-to-authored-tree,-141.867,423.639,94.972,112.500,-102.536,257.607,-154.982,396.518,10.043,-132.219,429.291,14.216,1.0000,0.9375,-163.596,430.610,85.107,-123.669,406.113,86.567,0.1237,0.0000,1.6000,1,-100.000,550.000,0.0000,0.0000,0,0,-123.669,406.113,86.567,0.000,0,-1.000000,1.000,28.924,-1.000000,0.0000,0.0000,0,0,0.000,1.000,19.607,-123.669,406.113,86.567,0,0,0,99.431935
325,46.5680,walk-to-authored-tree,-145.321,407.989,94.434,112.500,-102.393,257.734,-155.896,396.629,9.534,-139.089,391.861,17.991,1.0000,0.9375,-166.707,418.689,86.417,-128.061,387.301,88.334,0.2572,0.0000,1.6000,1,-100.000,550.000,0.0000,0.0000,0,0,-128.061,387.301,88.334,0.000,0,-1.000000,1.000,28.924,-1.000000,0.0000,0.0000,0,0,0.000,1.000,19.607,-128.061,387.301,88.334,0,0,0,99.429655
326,46.7139,walk-to-authored-tree,-148.831,391.905,93.882,112.500,-102.266,257.857,-156.717,396.816,8.852,-145.729,354.261,12.056,1.0000,0.9375,-170.525,397.619,83.527,-130.102,375.443,84.827,0.3944,0.0000,1.6000,1,-100.000,550.000,0.0000,0.0000,0,0,-130.102,375.443,84.827,0.000,0,-1.000000,1.000,28.924,-1.000000,0.0000,0.0000,0,0,0.000,1.000,19.607,-130.102,375.443,84.827,0,0,0,99.427314
327,46.8570,walk-to-authored-tree,-152.222,376.203,93.349,112.500,-102.143,257.973,-158.360,393.015,8.626,-149.632,335.116,8.314,1.0000,0.9375,-174.611,371.452,82.439,-130.936,369.485,82.031,0.5283,0.0000,1.6000,1,-100.000,550.000,0.0000,0.0000,0,0,-130.936,369.485,82.031,0.000,0,-1.000000,1.000,28.924,-1.000000,0.0000,0.0000,0,0,0.000,1.000,19.607,-130.936,369.485,82.031,0,0,0,99.425029
328,47.0111,walk-to-authored-tree,-155.847,359.248,92.785,112.500,-102.027,258.095,-164.325,360.259,14.234,-150.542,335.231,7.615,1.0000,0.9375,-178.370,345.973,85.537,-132.399,361.632,83.691,0.6728,0.0000,1.6000,1,-100.000,550.000,0.0000,0.0000,0,0,-132.399,361.632,83.691,0.000,0,-1.000000,1.000,28.924,-1.000000,0.0000,0.0000,0,0,0.000,1.000,19.607,-132.399,361.632,83.691,0,0,0,99.422563
329,47.1552,walk-to-authored-tree,-159.205,343.379,92.265,112.500,-101.905,258.208,-171.194,320.979,14.693,-151.518,335.378,7.258,1.0000,0.9375,-181.761,329.533,85.621,-135.688,346.406,83.695,0.8079,0.0000,1.6000,1,-100.000,550.000,0.0000,0.0000,0,0,-135.688,346.406,83.695,0.000,0,-1.000000,1.000,28.924,-1.000000,0.0000,0.0000,0,0,0.000,1.000,19.607,-135.688,346.406,83.695,0,0,0,99.420257
330,47.2986,walk-to-authored-tree,-162.519,327.563,91.754,112.500,-101.792,258.321,-177.039,287.729,7.637,-152.519,335.614,6.527,1.0000,0.9375,-184.991,320.445,81.248,-140.686,323.239,80.433,0.9426,0.0000,1.6000,1,-100.000,550.000,0.0000,0.0000,0,0,-140.686,323.239,80.433,0.000,0,-1.000000,1.000,28.924,-1.000000,0.0000,0.0000,0,0,0.000,1.000,19.607,-140.686,323.239,80.433,0,0,0,99.417958
331,47.4452,walk-to-authored-tree,-165.859,311.458,91.243,112.500,-101.679,258.436,-179.248,278.865,6.379,-155.486,322.303,8.354,1.0000,0.9375,-187.808,315.195,80.564,-146.610,296.771,81.591,0.0797,0.0000,1.6000,1,-100.000,550.000,0.0000,0.0000,0,0,-146.610,296.771,81.591,0.000,0,-1.000000,1.000,28.924,-1.000000,0.0000,0.0000,0,0,0.000,1.000,19.607,-146.610,296.771,81.591,0,0,0,99.415619
332,47.5939,walk-to-authored-tree,-169.234,295.024,90.739,112.500,-101.564,258.555,-180.279,279.058,5.903,-161.832,285.605,14.065,1.0000,0.9375,-190.853,305.128,82.665,-151.639,274.783,84.566,0.2195,0.0000,1.6000,1,-100.000,550.000,0.0000,0.0000,0,0,-151.639,274.783,84.566,0.000,0,-1.000000,1.000,28.924,-1.000000,0.0000,0.0000,0,0,0.000,1.000,19.607,-151.639,274.783,84.566,0,0,0,99.413233
333,47.7432,walk-to-authored-tree,-172.568,278.613,90.244,112.500,-101.445,258.674,-181.346,279.241,5.363,-168.546,245.615,10.458,1.0000,0.9375,-194.479,286.047,80.800,-154.390,260.615,82.400,0.3590,0.0000,1.6000,1,-100.000,550.000,0.0000,0.0000,0,0,-154.390,260.615,82.400,0.000,0,-1.000000,1.000,28.924,-1.000000,0.0000,0.0000,0,0,0.000,1.000,19.607,-154.390,260.615,82.400,0,0,0,99.410851
334,47.8920,walk-to-authored-tree,-175.876,262.160,89.765,112.500,-101.326,258.795,-181.979,279.356,4.847,-172.963,217.764,4.815,1.0000,0.9375,-197.943,259.473,78.583,-154.887,253.336,78.604,0.4989,0.0000,1.6000,1,-100.000,550.000,0.0000,0.0000,0,0,-154.887,253.336,78.604,0.000,0,-1.000000,1.000,28.924,-1.000000,0.0000,0.0000,0,0,0.000,1.000,19.607,-154.887,253.336,78.604,0,0,0,99.408465
335,48.0379,walk-to-authored-tree,-179.071,246.093,89.315,112.500,-101.205,258.915,-186.879,252.614,9.084,-174.069,217.628,4.347,1.0000,0.9375,-201.474,233.966,81.255,-156.056,247.115,79.630,0.6354,0.0000,1.6000,1,-100.000,550.000,0.0000,0.0000,0,0,-156.056,247.115,79.630,0.000,0,-1.000000,1.000,28.924,-1.000000,0.0000,0.0000,0,0,0.000,1.000,19.607,-156.056,247.115,79.630,0,0,0,99.406135
336,48.1835,walk-to-authored-tree,-182.239,229.983,88.869,112.500,-101.085,259.036,-193.137,213.646,12.321,-175.088,217.888,4.012,1.0000,0.9375,-204.648,215.198,82.831,-158.698,234.080,80.820,0.7722,0.0000,1.6000,1,-100.000,550.000,0.0000,0.0000,0,0,-158.698,234.080,80.820,0.000,0,-1.000000,1.000,28.924,-1.000000,0.0000,0.0000,0,0,0.000,1.000,19.607,-158.698,234.080,80.820,0,0,0,99.403800
337,48.3220,walk-to-authored-tree,-185.207,214.728,88.470,112.500,-100.964,259.152,-198.541,178.580,6.331,-175.901,218.070,3.520,1.0000,0.9375,-207.517,204.615,79.302,-162.609,213.729,78.055,0.9017,0.0000,1.6000,1,-100.000,550.000,0.0000,0.0000,0,0,-162.609,213.729,78.055,0.000,0,-1.000000,1.000,28.924,-1.000000,0.0000,0.0000,0,0,0.000,1.000,19.607,-162.609,213.729,78.055,0,0,0,99.401589
338,48.4677,walk-to-authored-tree,-188.311,198.593,88.058,112.500,-100.848,259.277,-201.817,160.996,3.093,-177.692,212.609,3.622,1.0000,0.9375,-210.436,198.870,76.821,-168.116,187.111,77.355,0.0386,0.0000,1.6000,1,-100.000,550.000,0.0000,0.0000,0,0,-168.116,187.111,77.355,0.000,0,-1.000000,1.000,28.924,-1.000000,0.0000,0.0000,0,0,0.000,1.000,19.607,-168.116,187.111,77.355,0,0,0,99.399252
339,48.6138,walk-to-authored-tree,-191.374,182.487,87.657,112.500,-100.723,259.403,-202.895,160.974,2.642,-182.878,180.764,9.332,1.0000,0.9375,-213.151,191.211,78.785,-173.212,163.452,80.542,0.1753,0.0000,1.6000,1,-100.000,550.000,0.0000,0.0000,0,0,-173.212,163.452,80.542,0.000,0,-1.000000,1.000,28.924,-1.000000,0.0000,0.0000,0,0,0.000,1.000,19.607,-173.212,163.452,80.542,0,0,0,99.396921
340,48.7570,walk-to-authored-tree,-194.353,166.629,87.272,112.500,-100.597,259.529,-203.775,161.188,2.329,-188.730,141.484,9.688,1.0000,0.9375,-216.118,175.740,78.733,-176.245,147.185,80.570,0.3097,0.0000,1.6000,1,-100.000,550.000,0.0000,0.0000,0,0,-176.245,147.185,80.570,0.000,0,-1.000000,1.000,28.924,-1.000000,0.0000,0.0000,0,0,0.000,1.000,19.607,-176.245,147.185,80.570,0,0,0,99.394626
341,48.8990,walk-to-authored-tree,-197.266,150.939,86.908,112.500,-100.471,259.655,-204.680,161.336,1.947,-193.634,108.712,3.011,1.0000,0.9375,-219.360,152.504,75.823,-177.344,138.186,76.605,0.4427,0.0000,1.6000,1,-100.000,550.000,0.0000,0.0000,0,0,-177.344,138.186,76.605,0.000,0,-1.000000,1.000,28.924,-1.000000,0.0000,0.0000,0,0,0.000,1.000,19.607,-177.344,138.186,76.605,0,0,0,99.392356
342,49.0506,walk-to-authored-tree,-200.347,134.135,86.528,112.500,-100.345,259.792,-207.522,146.627,3.758,-195.651,99.876,1.543,1.0000,0.9375,-222.619,124.636,76.984,-177.989,132.409,75.866,0.5851,0.0000,1.6000,1,-100.000,550.000,0.0000,0.0000,0,0,-177.989,132.409,75.866,0.000,0,-1.000000,1.000,28.924,-1.000000,0.0000,0.0000,0,0,0.000,1.000,19.607,-177.989,132.409,75.866,0,0,0,99.389927
343,49.1918,walk-to-authored-tree,-203.170,118.537,86.192,112.500,-100.208,259.921,-212.697,111.691,9.530,-196.584,99.942,1.399,1.0000,0.9375,-225.338,103.512,80.116,-179.705,122.865,78.117,0.7172,0.0000,1.6000,1,-100.000,550.000,0.0000,0.0000,0,0,-179.705,122.865,78.117,0.000,0,-1.000000,1.000,28.924,-1.000000,0.0000,0.0000,0,0,0.000,1.000,19.607,-179.705,122.865,78.117,0,0,0,99.387672
344,49.3335,walk-to-authored-tree,-205.976,102.828,85.854,112.500,-100.079,260.052,-218.261,73.241,6.555,-197.682,100.247,0.978,1.0000,0.9375,-228.328,89.704,78.288,-183.059,105.141,76.622,0.8502,0.0000,1.6000,1,-100.000,550.000,0.0000,0.0000,0,0,-183.059,105.141,76.622,0.000,0,-1.000000,1.000,28.924,-1.000000,0.0000,0.0000,0,0,0.000,1.000,19.607,-183.059,105.141,76.622,0,0,0,99.385403
345,49.4777,walk-to-authored-tree,-208.789,86.862,85.526,112.500,-99.948,260.188,-222.346,44.461,0.764,-198.549,100.340,0.607,1.0000,0.9375,-231.064,82.407,74.488,-187.576,79.944,74.275,0.9852,0.0000,1.6000,1,-100.000,550.000,0.0000,0.0000,0,0,-187.576,79.944,74.275,0.000,0,-1.000000,1.000,28.924,-1.000000,0.0000,0.0000,0,0,0.000,1.000,19.607,-187.576,79.944,74.275,0,0,0,99.383097
346,49.6236,walk-to-authored-tree,-211.603,70.669,85.206,112.500,-99.812,260.328,-223.442,42.782,0.268,-202.223,76.986,4.369,1.0000,0.9375,-233.648,76.523,75.302,-192.582,54.108,76.748,0.1222,0.0000,1.6000,1,-100.000,550.000,0.0000,0.0000,0,0,-192.582,54.108,76.748,0.000,0,-1.000000,1.000,28.924,-1.000000,0.0000,0.0000,0,0,0.000,1.000,19.607,-192.582,54.108,76.748,0,0,0,99.380759
347,49.7665,walk-to-authored-tree,-214.312,54.862,84.890,112.500,-99.672,260.466,-224.356,42.843,-0.011,-207.293,39.287,8.453,1.0000,0.9375,-236.178,64.551,76.876,-196.091,35.010,78.793,0.2559,0.0000,1.6000,1,-100.000,550.000,0.0000,0.0000,0,0,-196.091,35.010,78.793,0.000,0,-1.000000,1.000,28.924,-1.000000,0.0000,0.0000,0,0,0.000,1.000,19.607,-196.091,35.010,78.793,0,0,0,99.378479
348,49.9122,walk-to-authored-tree,-217.045,38.675,84.578,112.500,-99.534,260.610,-225.240,42.994,-0.418,-212.195,1.447,2.879,1.0000,0.9375,-239.043,43.465,74.297,-197.636,23.031,75.613,0.3927,0.0000,1.6000,1,-100.000,550.000,0.0000,0.0000,0,0,-197.636,23.031,75.613,0.000,0,-1.000000,1.000,28.924,-1.000000,0.0000,0.0000,0,0,0.000,1.000,19.607,-197.636,23.031,75.613,0,0,0,99.376144
349,50.1148,walk-to-authored-tree,-220.774,16.218,84.156,112.500,-99.390,260.813,-228.169,28.859,1.296,-215.578,-18.275,-0.797,1.0000,0.9375,-242.926,6.520,74.573,-198.463,14.671,73.483,0.5824,0.0000,1.6000,1,-100.000,550.000,0.0000,0.0000,0,0,-198.463,14.671,73.483,0.000,0,-1.000000,1.000,28.924,-1.000000,0.0000,0.0000,0,0,0.000,1.000,19.607,-198.463,14.671,73.483,0,0,0,99.372906
350,50.2545,walk-to-authored-tree,-223.310,0.656,83.869,112.500,-99.187,260.957,-232.644,-5.754,7.138,-216.431,-18.204,-0.903,1.0000,0.9375,-245.204,-14.702,77.770,-199.929,5.331,75.780,0.7138,0.0000,1.6000,1,-100.000,550.000,0.0000,0.0000,0,0,-199.929,5.331,75.780,0.000,0,-1.000000,1.000,28.924,-1.000000,0.0000,0.0000,0,0,0.000,1.000,19.607,-199.929,5.331,75.780,0,0,0,99.370664
351,50.3926,walk-to-authored-tree,-225.761,-14.649,83.588,112.500,-99.043,261.100,-237.273,-43.323,4.511,-217.386,-17.966,-1.391,1.0000,0.9375,-247.735,-28.486,76.130,-202.717,-11.629,74.400,0.8429,0.0000,1.6000,1,-100.000,550.000,0.0000,0.0000,0,0,-202.717,-11.629,74.400,0.000,0,-1.000000,1.000,28.924,-1.000000,0.0000,0.0000,0,0,0.000,1.000,19.607,-202.717,-11.629,74.400,0,0,0,99.368459
352,50.5363,walk-to-authored-tree,-228.282,-30.649,83.305,112.500,-98.900,261.253,-241.089,-73.104,-1.375,-218.415,-17.851,-1.651,1.0000,0.9375,-250.506,-36.090,72.339,-206.877,-36.602,72.025,0.9779,0.0000,1.6000,1,-100.000,550.000,0.0000,0.0000,0,0,-206.877,-36.602,72.025,0.000,0,-1.000000,1.000,28.924,-1.000000,0.0000,0.0000,0,0,0.000,1.000,19.607,-206.877,-36.602,72.025,0,0,0,99.366156
353,50.6842,walk-to-authored-tree,-230.822,-47.060,83.002,112.500,-98.747,261.412,-242.236,-75.873,-1.968,-221.526,-39.718,1.846,1.0000,0.9375,-252.999,-41.934,72.944,-211.451,-62.940,74.334,0.1163,0.0000,1.6000,1,-100.000,550.000,0.0000,0.0000,0,0,-211.451,-62.940,74.334,0.000,0,-1.000000,1.000,28.924,-1.000000,0.0000,0.0000,0,0,0.000,1.000,19.607,-211.451,-62.940,74.334,0,0,0,99.363794
354,50.8241,walk-to-authored-tree,-233.194,-62.657,82.720,112.500,-98.588,261.566,-243.099,-75.854,-2.181,-225.750,-76.654,6.302,1.0000,0.9375,-255.231,-53.344,74.715,-214.604,-82.180,76.629,0.2478,0.0000,1.6000,1,-100.000,550.000,0.0000,0.0000,0,0,-214.604,-82.180,76.629,0.000,0,-1.000000,1.000,28.924,-1.000000,0.0000,0.0000,0,0,0.000,1.000,19.607,-214.604,-82.180,76.629,0,0,0,99.361550
355,50.9663,walk-to-authored-tree,-235.550,-78.440,82.438,112.500,-98.435,261.724,-244.258,-75.702,-2.400,-230.191,-114.050,1.540,1.0000,0.9375,-257.934,-73.320,72.570,-216.299,-94.351,73.996,0.3807,0.0000,1.6000,1,-100.000,550.000,0.0000,0.0000,0,0,-216.299,-94.351,73.996,0.000,0,-1.000000,1.000,28.924,-1.000000,0.0000,0.0000,0,0,0.000,1.000,19.607,-216.299,-94.351,73.996,0,0,0,99.359280
356,51.1107,walk-to-authored-tree,-237.909,-94.546,82.135,112.500,-98.276,261.888,-244.997,-77.722,-2.693,-232.568,-136.843,-2.807,1.0000,0.9375,-259.858,-99.831,71.099,-216.304,-100.779,70.861,0.5164,0.0000,1.6000,1,-100.000,550.000,0.0000,0.0000,0,0,-216.304,-100.779,70.861,0.000,0,-1.000000,1.000,28.924,-1.000000,0.0000,0.0000,0,0,0.000,1.000,19.607,-216.304,-100.779,70.861,0,0,0,99.356966
357,51.2549,walk-to-authored-tree,-240.210,-110.576,81.838,112.500,-98.112,262.054,-248.596,-106.756,2.731,-233.575,-136.863,-2.844,1.0000,0.9375,-261.946,-124.611,74.516,-217.233,-107.478,72.782,0.6513,0.0000,1.6000,1,-100.000,550.000,0.0000,0.0000,0,0,-217.233,-107.478,72.782,0.000,0,-1.000000,1.000,28.924,-1.000000,0.0000,0.0000,0,0,0.000,1.000,19.607,-217.233,-107.478,72.782,0,0,0,99.354662
358,51.3977,walk-to-authored-tree,-242.452,-126.517,81.542,112.500,-97.946,262.222,-252.607,-145.761,4.819,-234.506,-136.655,-3.260,1.0000,0.9375,-264.009,-142.359,75.448,-219.178,-121.320,73.456,0.7855,0.0000,1.6000,1,-100.000,550.000,0.0000,0.0000,0,0,-219.178,-121.320,73.456,0.000,0,-1.000000,1.000,28.924,-1.000000,0.0000,0.0000,0,0,0.000,1.000,19.607,-219.178,-121.320,73.456,0,0,0,99.352373
359,51.5405,walk-to-authored-tree,-244.639,-142.403,81.238,112.500,-97.778,262.393,-256.175,-181.034,-1.922,-235.442,-136.450,-3.941,1.0000,0.9375,-266.490,-152.648,71.398,-222.282,-143.429,70.317,0.9191,0.0000,1.6000,1,-100.000,550.000,0.0000,0.0000,0,0,-222.282,-143.429,70.317,0.000,0,-1.000000,1.000,28.924,-1.000000,0.0000,0.0000,0,0,0.000,1.000,19.607,-222.282,-143.429,70.317,0,0,0,99.350092
360,51.6883,walk-to-authored-tree,-246.860,-158.903,80.912,112.500,-97.607,262.573,-258.128,-194.930,-3.978,-237.205,-145.469,-2.883,1.0000,0.9375,-269.056,-158.414,69.908,-226.379,-170.666,70.695,0.0579,0.0000,1.6000,1,-100.000,550.000,0.0000,0.0000,0,0,-226.379,-170.666,70.695,0.000,0,-1.000000,1.000,28.924,-1.000000,0.0000,0.0000,0,0,0.000,1.000,19.607,-226.379,-170.666,70.695,0,0,0,99.347724
361,51.8294,walk-to-authored-tree,-248.926,-174.612,80.593,112.500,-97.427,262.749,-259.093,-194.952,-4.448,-240.538,-178.294,2.824,1.0000,0.9375,-271.198,-166.686,71.956,-229.815,-192.964,73.767,0.1899,0.0000,1.6000,1,-100.000,550.000,0.0000,0.0000,0,0,-229.815,-192.964,73.767,0.000,0,-1.000000,1.000,28.924,-1.000000,0.0000,0.0000,0,0,0.000,1.000,19.607,-229.815,-192.964,73.767,0,0,0,99.345471
362,51.9702,walk-to-authored-tree,-250.946,-190.341,80.263,112.500,-97.251,262.928,-259.910,-194.839,-4.623,-243.969,-217.170,2.248,1.0000,0.9375,-273.186,-182.950,71.565,-231.632,-208.371,73.366,0.3221,0.0000,1.6000,1,-100.000,550.000,0.0000,0.0000,0,0,-231.632,-208.371,73.366,0.000,0,-1.000000,1.000,28.924,-1.000000,0.0000,0.0000,0,0,0.000,1.000,19.607,-231.632,-208.371,73.366,0,0,0,99.343216
363,52.1142,walk-to-authored-tree,-252.956,-206.396,79.930,112.500,-97.072,263.114,-260.978,-194.761,-5.179,-247.008,-249.199,-4.560,1.0000,0.9375,-275.175,-207.256,68.579,-232.232,-216.890,69.179,0.4569,0.0000,1.6000,1,-100.000,550.000,0.0000,0.0000,0,0,-232.232,-216.890,69.179,0.000,0,-1.000000,1.000,28.924,-1.000000,0.0000,0.0000,0,0,0.000,1.000,19.607,-232.232,-216.890,69.179,0,0,0,99.340914
364,52.2540,walk-to-authored-tree,-254.864,-222.043,79.584,112.500,-96.886,263.299,-262.752,-210.323,-3.074,-248.044,-255.582,-5.436,1.0000,0.9375,-276.466,-233.068,70.087,-232.368,-222.186,68.937,0.5882,0.0000,1.6000,1,-100.000,550.000,0.0000,0.0000,0,0,-232.368,-222.186,68.937,0.000,0,-1.000000,1.000,28.924,-1.000000,0.0000,0.0000,0,0,0.000,1.000,19.607,-232.368,-222.186,68.937,0,0,0,99.338672
365,52.3931,walk-to-authored-tree,-256.706,-237.557,79.234,112.500,-96.701,263.487,-265.808,-245.189,2.580,-248.987,-255.558,-5.566,1.0000,0.9375,-277.914,-253.923,73.162,-233.550,-231.787,71.163,0.7184,0.0000,1.6000,1,-100.000,550.000,0.0000,0.0000,0,0,-233.550,-231.787,71.163,0.000,0,-1.000000,1.000,28.924,-1.000000,0.0000,0.0000,0,0,0.000,1.000,19.607,-233.550,-231.787,71.163,0,0,0,99.336451
366,52.5350,walk-to-authored-tree,-258.538,-253.439,78.871,112.500,-96.513,263.682,-268.962,-283.946,-0.494,-250.083,-255.320,-5.984,1.0000,0.9375,-280.030,-267.861,71.284,-235.813,-249.782,69.627,0.8517,0.0000,1.6000,1,-100.000,550.000,0.0000,0.0000,0,0,-235.813,-249.782,69.627,0.000,0,-1.000000,1.000,28.924,-1.000000,0.0000,0.0000,0,0,0.000,1.000,19.607,-235.813,-249.782,69.627,0,0,0,99.334177
367,52.6786,walk-to-authored-tree,-260.333,-269.469,78.481,112.500,-96.318,263.884,-271.175,-312.645,-6.290,-250.960,-255.272,-6.442,1.0000,0.9375,-282.284,-275.262,67.434,-238.733,-275.098,67.233,0.9861,0.0000,1.6000,1,-100.000,550.000,0.0000,0.0000,0,0,-238.733,-275.098,67.233,0.000,0,-1.000000,1.000,28.924,-1.000000,0.0000,0.0000,0,0,0.000,1.000,19.607,-238.733,-275.098,67.233,0,0,0,99.331883
368,52.8224,walk-to-authored-tree,-262.079,-285.573,78.086,112.500,-96.116,264.092,-272.108,-314.304,-6.860,-253.127,-278.496,-2.815,1.0000,0.9375,-284.458,-281.213,68.151,-242.024,-300.810,69.586,0.1211,0.0000,1.6000,1,-100.000,550.000,0.0000,0.0000,0,0,-242.024,-300.810,69.586,0.000,0,-1.000000,1.000,28.924,-1.000000,0.0000,0.0000,0,0,0.000,1.000,19.607,-242.024,-300.810,69.586,0,0,0,99.329579
369,52.9655,walk-to-authored-tree,-263.750,-301.521,77.681,112.500,-95.908,264.302,-272.991,-314.320,-7.220,-255.715,-316.399,1.250,1.0000,0.9375,-286.203,-293.276,69.670,-244.266,-320.141,71.586,0.2547,0.0000,1.6000,1,-100.000,550.000,0.0000,0.0000,0,0,-244.266,-320.141,71.586,0.000,0,-1.000000,1.000,28.924,-1.000000,0.0000,0.0000,0,0,0.000,1.000,19.607,-244.266,-320.141,71.586,0,0,0,99.327298
370,53.1113,walk-to-authored-tree,-265.407,-317.914,77.251,112.500,-95.698,264.523,-273.899,-314.234,-7.732,-258.100,-354.651,-4.400,1.0000,0.9375,-287.701,-314.564,66.998,-245.024,-332.262,68.320,0.3920,0.0000,1.6000,1,-100.000,550.000,0.0000,0.0000,0,0,-245.024,-332.262,68.320,0.000,0,-1.000000,1.000,28.924,-1.000000,0.0000,0.0000,0,0,0.000,1.000,19.607,-245.024,-332.262,68.320,0,0,0,99.324955
371,53.2565,walk-to-authored-tree,-266.985,-334.140,76.812,112.500,-95.477,264.747,-275.028,-318.136,-7.916,-259.641,-374.702,-8.222,1.0000,0.9375,-288.671,-341.422,65.896,-245.064,-338.376,65.494,0.5279,0.0000,1.6000,1,-100.000,550.000,0.0000,0.0000,0,0,-245.064,-338.376,65.494,0.000,0,-1.000000,1.000,28.924,-1.000000,0.0000,0.0000,0,0,0.000,1.000,19.607,-245.064,-338.376,65.494,0,0,0,99.322637
372,53.3985,walk-to-authored-tree,-268.473,-350.074,76.367,112.500,-95.253,264.972,-276.980,-348.197,-2.502,-260.432,-374.749,-8.577,1.0000,0.9375,-289.345,-365.534,69.052,-245.544,-345.384,67.264,0.6612,0.0000,1.6000,1,-100.000,550.000,0.0000,0.0000,0,0,-245.544,-345.384,67.264,0.000,0,-1.000000,1.000,28.924,-1.000000,0.0000,0.0000,0,0,0.000,1.000,19.607,-245.544,-345.384,67.264,0,0,0,99.320360
373,53.5562,walk-to-authored-tree,-270.049,-367.718,75.861,112.500,-95.028,265.228,-279.271,-391.548,-1.775,-261.454,-374.632,-9.180,1.0000,0.9375,-290.785,-384.144,69.167,-247.064,-361.924,67.244,0.8088,0.0000,1.6000,1,-100.000,550.000,0.0000,0.0000,0,0,-247.064,-361.924,67.244,0.000,0,-1.000000,1.000,28.924,-1.000000,0.0000,0.0000,0,0,0.000,1.000,19.607,-247.064,-361.924,67.244,0,0,0,99.317841
374,53.6980,walk-to-authored-tree,-271.403,-383.639,75.394,112.500,-94.772,265.466,-280.950,-424.905,-8.708,-262.468,-374.497,-9.839,1.0000,0.9375,-292.837,-393.495,64.896,-249.205,-385.217,64.074,0.9420,0.0000,1.6000,1,-100.000,550.000,0.0000,0.0000,0,0,-249.205,-385.217,64.074,0.000,0,-1.000000,1.000,28.924,-1.000000,0.0000,0.0000,0,0,0.000,1.000,19.607,-249.205,-385.217,64.074,0,0,0,99.315569
375,53.8451,walk-to-authored-tree,-272.734,-400.111,74.894,112.500,-94.534,265.718,-281.964,-434.111,-9.969,-263.790,-388.065,-7.992,1.0000,0.9375,-294.976,-399.130,64.217,-251.807,-412.294,65.244,0.0797,0.0000,1.6000,1,-100.000,550.000,0.0000,0.0000,0,0,-251.807,-412.294,65.244,0.000,0,-1.000000,1.000,28.924,-1.000000,0.0000,0.0000,0,0,0.000,1.000,19.607,-251.807,-412.294,65.244,0,0,0,99.313218
376,53.9860,walk-to-authored-tree,-273.944,-415.936,74.405,112.500,-94.282,265.968,-282.913,-434.089,-10.482,-265.399,-423.019,-2.489,1.0000,0.9375,-296.669,-408.757,66.214,-253.923,-433.678,68.097,0.2120,0.0000,1.6000,1,-100.000,550.000,0.0000,0.0000,0,0,-253.923,-433.678,68.097,0.000,0,-1.000000,1.000,28.924,-1.000000,0.0000,0.0000,0,0,0.000,1.000,19.607,-253.923,-433.678,68.097,0,0,0,99.310961
377,54.1262,walk-to-authored-tree,-275.077,-431.650,73.914,112.500,-94.033,266.222,-283.830,-434.112,-10.877,-266.732,-461.439,-4.983,1.0000,0.9375,-297.742,-426.333,64.911,-254.766,-447.837,66.607,0.3433,0.0000,1.6000,1,-100.000,550.000,0.0000,0.0000,0,0,-254.766,-447.837,66.607,0.000,0,-1.000000,1.000,28.924,-1.000000,0.0000,0.0000,0,0,0.000,1.000,19.607,-254.766,-447.837,66.607,0,0,0,99.308720
378,54.2727,walk-to-authored-tree,-276.190,-448.120,73.386,112.500,-93.778,266.496,-285.003,-434.044,-11.565,-267.963,-491.475,-11.479,1.0000,0.9375,-298.345,-452.210,62.098,-254.869,-455.534,62.369,0.4808,0.0000,1.6000,1,-100.000,550.000,0.0000,0.0000,0,0,-254.869,-455.534,62.369,0.000,0,-1.000000,1.000,28.924,-1.000000,0.0000,0.0000,0,0,0.000,1.000,19.607,-254.869,-455.534,62.369,0,0,0,99.306373
379,54.4248,walk-to-authored-tree,-277.262,-465.166,72.837,112.500,-93.504,266.788,-285.784,-458.020,-7.922,-268.439,-494.175,-12.037,1.0000,0.9375,-297.871,-479.530,64.501,-254.594,-461.723,62.997,0.6231,0.0000,1.6000,1,-100.000,550.000,0.0000,0.0000,0,0,-254.594,-461.723,62.997,0.000,0,-1.000000,1.000,28.924,-1.000000,0.0000,0.0000,0,0,0.000,1.000,19.607,-254.594,-461.723,62.997,0,0,0,99.303944
380,54.5682,walk-to-authored-tree,-278.197,-481.300,72.311,112.500,-93.212,267.074,-286.785,-496.437,-4.130,-269.471,-493.968,-12.587,1.0000,0.9375,-298.363,-499.110,66.308,-255.447,-473.906,64.283,0.7578,0.0000,1.6000,1,-100.000,550.000,0.0000,0.0000,0,0,-255.447,-473.906,64.283,0.000,0,-1.000000,1.000,28.924,-1.000000,0.0000,0.0000,0,0,0.000,1.000,19.607,-255.447,-473.906,64.283,0,0,0,99.301645
381,54.7128,walk-to-authored-tree,-279.054,-497.508,71.779,112.500,-92.926,267.371,-287.255,-534.188,-9.986,-270.330,-493.932,-13.264,1.0000,0.9375,-299.687,-511.156,62.784,-256.539,-494.774,61.454,0.8931,0.0000,1.6000,1,-100.000,550.000,0.0000,0.0000,0,0,-256.539,-494.774,61.454,0.000,0,-1.000000,1.000,28.924,-1.000000,0.0000,0.0000,0,0,0.000,1.000,19.607,-256.539,-494.774,61.454,0,0,0,99.299337
382,54.8538,walk-to-authored-tree,-279.813,-513.382,71.256,112.500,-92.629,267.670,-287.840,-554.113,-13.746,-271.359,-497.436,-13.491,1.0000,0.9375,-301.678,-517.327,59.940,-258.131,-520.845,60.302,0.0255,0.0000,1.6000,1,-100.000,550.000,0.0000,0.0000,0,0,-258.131,-520.845,60.302,0.000,0,-1.000000,1.000,28.924,-1.000000,0.0000,0.0000,0,0,0.000,1.000,19.607,-258.131,-520.845,60.302,0,0,0,99.297076
383,54.9952,walk-to-authored-tree,-280.489,-529.249,70.724,112.500,-92.330,267.980,-288.696,-554.229,-14.159,-271.899,-526.951,-8.219,1.0000,0.9375,-303.268,-524.507,61.642,-259.684,-544.849,63.336,0.1579,0.0000,1.6000,1,-100.000,550.000,0.0000,0.0000,0,0,-259.684,-544.849,63.336,0.000,0,-1.000000,1.000,28.924,-1.000000,0.0000,0.0000,0,0,0.000,1.000,19.607,-259.684,-544.849,63.336,0,0,0,99.294818
384,55.1352,walk-to-authored-tree,-281.076,-545.021,70.207,112.500,-92.020,268.299,-289.565,-554.253,-14.697,-271.932,-565.420,-6.715,1.0000,0.9375,-304.065,-538.763,61.984,-260.371,-561.937,63.863,0.2894,0.0000,1.6000,1,-100.000,550.000,0.0000,0.0000,0,0,-260.371,-561.937,63.863,0.000,0,-1.000000,1.000,28.924,-1.000000,0.0000,0.0000,0,0,0.000,1.000,19.607,-260.371,-561.937,63.863,0,0,0,99.292573
385,55.2805,walk-to-authored-tree,-281.593,-561.327,69.677,112.500,-91.701,268.640,-290.316,-554.261,-15.159,-271.478,-601.073,-13.407,1.0000,0.9375,-303.711,-561.862,58.969,-259.951,-572.115,59.957,0.4253,0.0000,1.6000,1,-100.000,550.000,0.0000,0.0000,0,0,-259.951,-572.115,59.957,0.000,0,-1.000000,1.000,28.924,-1.000000,0.0000,0.0000,0,0,0.000,1.000,19.607,-259.951,-572.115,59.957,0,0,0,99.290253
386,55.4219,walk-to-authored-tree,-282.005,-577.267,69.153,112.500,-91.360,268.986,-291.316,-563.564,-14.674,-272.109,-613.603,-15.795,1.0000,0.9375,-303.004,-588.331,58.913,-259.932,-577.489,58.110,0.5582,0.0000,1.6000,1,-100.000,550.000,0.0000,0.0000,0,0,-259.932,-577.489,58.110,0.000,0,-1.000000,1.000,28.924,-1.000000,0.0000,0.0000,0,0,0.000,1.000,19.607,-259.932,-577.489,58.110,0,0,0,99.287985
387,55.5725,walk-to-authored-tree,-282.340,-594.176,68.622,112.500,-91.014,269.368,-290.734,-599.207,-8.423,-272.776,-613.504,-16.077,1.0000,0.9375,-301.855,-612.208,62.379,-259.831,-586.552,60.429,0.6991,0.0000,1.6000,1,-100.000,550.000,0.0000,0.0000,0,0,-259.831,-586.552,60.429,0.000,0,-1.000000,1.000,28.924,-1.000000,0.0000,0.0000,0,0,0.000,1.000,19.607,-259.831,-586.552,60.429,0,0,0,99.285580
388,55.7158,walk-to-authored-tree,-282.556,-610.314,68.111,112.500,-90.632,269.749,-289.654,-638.889,-10.635,-273.568,-613.492,-16.984,1.0000,0.9375,-302.031,-627.584,60.796,-260.032,-603.553,58.982,0.8336,0.0000,1.6000,1,-100.000,550.000,0.0000,0.0000,0,0,-260.032,-603.553,58.982,0.000,0,-1.000000,1.000,28.924,-1.000000,0.0000,0.0000,0,0,0.000,1.000,19.607,-260.032,-603.553,58.982,0,0,0,99.283284
389,55.8644,walk-to-authored-tree,-282.668,-627.010,67.596,112.500,-90.251,270.159,-288.993,-670.737,-17.020,-274.841,-613.486,-17.391,1.0000,0.9375,-303.791,-636.137,56.684,-260.633,-629.277,56.299,0.9728,0.0000,1.6000,1,-100.000,550.000,0.0000,0.0000,0,0,-260.633,-629.277,56.299,0.000,0,-1.000000,1.000,28.924,-1.000000,0.0000,0.0000,0,0,0.000,1.000,19.607,-260.633,-629.277,56.299,0,0,0,99.280910
390,56.0072,walk-to-authored-tree,-282.663,-643.108,67.140,112.500,-89.841,270.574,-289.367,-674.471,-17.817,-274.634,-633.366,-14.514,1.0000,0.9375,-305.247,-642.099,56.921,-260.987,-655.227,58.218,0.1069,0.0000,1.6000,1,-100.000,550.000,0.0000,0.0000,0,0,-260.987,-655.227,58.218,0.000,0,-1.000000,1.000,28.924,-1.000000,0.0000,0.0000,0,0,0.000,1.000,19.607,-260.987,-655.227,58.218,0,0,0,99.278620
391,56.1511,walk-to-authored-tree,-282.543,-659.249,66.682,112.500,-89.426,271.010,-290.156,-674.580,-18.216,-273.063,-670.697,-9.770,1.0000,0.9375,-305.786,-653.635,58.662,-261.081,-675.530,60.580,0.2414,0.0000,1.6000,1,-100.000,550.000,0.0000,0.0000,0,0,-261.081,-675.530,60.580,0.000,0,-1.000000,1.000,28.924,-1.000000,0.0000,0.0000,0,0,0.000,1.000,19.607,-261.081,-675.530,60.580,0,0,0,99.276325
392,56.2985,walk-to-authored-tree,-282.294,-675.878,66.234,112.500,-88.991,271.480,-291.322,-674.686,-18.615,-271.167,-710.034,-14.638,1.0000,0.9375,-305.218,-674.461,56.371,-260.692,-688.452,57.803,0.3800,0.0000,1.6000,1,-100.000,550.000,0.0000,0.0000,0,0,-260.692,-688.452,57.803,0.000,0,-1.000000,1.000,28.924,-1.000000,0.0000,0.0000,0,0,0.000,1.000,19.607,-260.692,-688.452,57.803,0,0,0,99.273959
393,56.4400,walk-to-authored-tree,-281.930,-691.759,65.863,112.500,-88.520,271.954,-291.742,-676.338,-18.986,-269.428,-733.001,-19.103,1.0000,0.9375,-302.700,-700.365,54.790,-259.553,-694.575,54.611,0.5124,0.0000,1.6000,1,-100.000,550.000,0.0000,0.0000,0,0,-259.553,-694.575,54.611,0.000,0,-1.000000,1.000,28.924,-1.000000,0.0000,0.0000,0,0,0.000,1.000,19.607,-259.553,-694.575,54.611,0,0,0,99.271700
394,56.5826,walk-to-authored-tree,-281.430,-707.818,65.493,112.500,-88.046,272.460,-290.421,-704.796,-13.932,-270.240,-733.138,-19.238,1.0000,0.9375,-300.424,-725.222,57.982,-259.331,-701.009,56.281,0.6463,0.0000,1.6000,1,-100.000,550.000,0.0000,0.0000,0,0,-259.331,-701.009,56.281,0.000,0,-1.000000,1.000,28.924,-1.000000,0.0000,0.0000,0,0,0.000,1.000,19.607,-259.331,-701.009,56.281,0,0,0,99.269415
395,56.7208,walk-to-authored-tree,-280.814,-723.325,65.182,112.500,-87.540,272.976,-287.518,-742.358,-11.412,-271.066,-733.012,-19.664,1.0000,0.9375,-299.140,-742.915,59.132,-258.882,-713.870,57.124,0.7756,0.0000,1.6000,1,-100.000,550.000,0.0000,0.0000,0,0,-258.882,-713.870,57.124,0.000,0,-1.000000,1.000,28.924,-1.000000,0.0000,0.0000,0,0,0.000,1.000,19.607,-258.882,-713.870,57.124,0,0,0,99.267208
396,56.8619,walk-to-authored-tree,-280.041,-739.206,64.890,112.500,-87.024,273.537,-284.234,-778.170,-17.648,-271.925,-732.955,-20.154,1.0000,0.9375,-299.384,-754.011,55.471,-257.873,-735.213,54.284,0.9081,0.0000,1.6000,1,-100.000,550.000,0.0000,0.0000,0,0,-257.873,-735.213,54.284,0.000,0,-1.000000,1.000,28.924,-1.000000,0.0000,0.0000,0,0,0.000,1.000,19.607,-257.873,-735.213,54.284,0,0,0,99.264947
397,57.0165,walk-to-authored-tree,-279.029,-756.535,64.634,112.500,-86.463,274.188,-283.020,-794.648,-20.201,-272.187,-741.096,-19.281,1.0000,0.9375,-300.802,-760.720,53.625,-256.648,-763.727,54.345,0.0528,0.0000,1.6000,1,-100.000,550.000,0.0000,0.0000,0,0,-256.648,-763.727,54.345,0.000,0,-1.000000,1.000,28.924,-1.000000,0.0000,0.0000,0,0,0.000,1.000,19.607,-256.648,-763.727,54.345,0,0,0,99.262478
398,57.1606,walk-to-authored-tree,-277.906,-772.743,64.434,112.500,-85.812,274.844,-283.739,-794.925,-20.606,-268.984,-774.373,-13.407,1.0000,0.9375,-301.304,-769.516,55.769,-255.487,-786.823,57.574,0.1882,0.0000,1.6000,1,-100.000,550.000,0.0000,0.0000,0,0,-255.487,-786.823,57.574,0.000,0,-1.000000,1.000,28.924,-1.000000,0.0000,0.0000,0,0,0.000,1.000,19.607,-255.487,-786.823,57.574,0,0,0,99.260167
399,57.3023,walk-to-authored-tree,-276.628,-788.598,64.253,112.500,-85.156,275.537,-284.422,-795.032,-20.627,-264.208,-813.165,-13.695,1.0000,0.9375,-299.928,-785.987,55.583,-253.960,-802.224,57.391,0.3207,0.0000,1.6000,1,-100.000,550.000,0.0000,0.0000,0,0,-253.960,-802.224,57.391,0.000,0,-1.000000,1.000,28.924,-1.000000,0.0000,0.0000,0,0,0.000,1.000,19.607,-253.960,-802.224,57.391,0,0,0,99.257905
400,57.4449,walk-to-authored-tree,-275.146,-804.607,64.082,112.500,-84.463,276.292,-285.459,-795.253,-21.038,-259.999,-844.951,-20.366,1.0000,0.9375,-296.667,-810.120,52.730,-252.606,-810.483,53.358,0.4547,0.0000,1.6000,1,-100.000,550.000,0.0000,0.0000,0,0,-252.606,-810.483,53.358,0.000,0,-1.000000,1.000,28.924,-1.000000,0.0000,0.0000,0,0,0.000,1.000,19.607,-252.606,-810.483,53.358,0,0,0,99.255618
401,57.5835,walk-to-authored-tree,-273.516,-820.083,63.927,112.500,-83.708,277.088,-283.989,-810.103,-18.867,-259.203,-851.646,-21.050,1.0000,0.9375,-292.158,-835.523,54.373,-251.604,-815.388,53.262,0.5844,0.0000,1.6000,1,-100.000,550.000,0.0000,0.0000,0,0,-251.604,-815.388,53.262,0.000,0,-1.000000,1.000,28.924,-1.000000,0.0000,0.0000,0,0,0.000,1.000,19.607,-251.604,-815.388,53.262,0,0,0,99.253405
402,57.7224,walk-to-authored-tree,-271.663,-835.634,63.778,112.500,-82.912,277.962,-278.793,-844.604,-12.928,-259.798,-851.686,-21.001,1.0000,0.9375,-288.371,-856.533,57.687,-250.536,-824.569,55.694,0.7149,0.0000,1.6000,1,-100.000,550.000,0.0000,0.0000,0,0,-250.536,-824.569,55.694,0.000,0,-1.000000,1.000,28.924,-1.000000,0.0000,0.0000,0,0,0.000,1.000,19.607,-250.536,-824.569,55.694,0,0,0,99.251178
403,57.8637,walk-to-authored-tree,-269.551,-851.370,63.635,112.500,-82.038,278.940,-272.114,-882.837,-15.575,-260.748,-851.597,-21.284,1.0000,0.9375,-286.651,-870.877,56.113,-248.447,-841.937,54.421,0.8472,0.0000,1.6000,1,-100.000,550.000,0.0000,0.0000,0,0,-248.447,-841.937,54.421,0.000,0,-1.000000,1.000,28.924,-1.000000,0.0000,0.0000,0,0,0.000,1.000,19.607,-248.447,-841.937,54.421,0,0,0,99.248920
404,58.0067,walk-to-authored-tree,-267.145,-867.294,63.503,112.500,-81.060,280.046,-266.280,-911.741,-21.217,-261.739,-851.675,-21.425,1.0000,0.9375,-286.697,-879.009,52.502,-244.888,-866.670,52.237,0.9814,0.0000,1.6000,1,-100.000,550.000,0.0000,0.0000,0,0,-244.888,-866.670,52.237,0.000,0,-1.000000,1.000,28.924,-1.000000,0.0000,0.0000,0,0,0.000,1.000,19.607,-244.888,-866.670,52.237,0,0,0,99.246629
405,58.1444,walk-to-authored-tree,-264.557,-882.532,63.383,112.500,-79.954,281.249,-265.883,-914.197,-21.581,-258.250,-871.917,-18.102,1.0000,0.9375,-287.058,-885.208,53.219,-241.115,-890.951,54.549,0.1102,0.0000,1.6000,1,-100.000,550.000,0.0000,0.0000,0,0,-241.115,-890.951,54.549,0.000,0,-1.000000,1.000,28.924,-1.000000,0.0000,0.0000,0,0,0.000,1.000,19.607,-241.115,-890.951,54.549,0,0,0,99.244431
406,58.2835,walk-to-authored-tree,-261.616,-897.938,63.272,112.500,-78.751,282.645,-266.241,-914.473,-21.626,-250.205,-907.336,-13.182,1.0000,0.9375,-285.496,-896.733,55.251,-237.510,-909.958,57.168,0.2409,0.0000,1.6000,1,-100.000,550.000,0.0000,0.0000,0,0,-237.510,-909.958,57.168,0.000,0,-1.000000,1.000,28.924,-1.000000,0.0000,0.0000,0,0,0.000,1.000,19.607,-237.510,-909.958,57.168,0,0,0,99.242200
407,58.4205,walk-to-authored-tree,-258.386,-912.972,63.172,112.500,-77.355,284.246,-267.045,-914.797,-21.825,-240.912,-942.824,-17.259,1.0000,0.9375,-281.278,-915.642,53.380,-234.554,-921.495,54.906,0.3691,0.0000,1.6000,1,-100.000,550.000,0.0000,0.0000,0,0,-234.554,-921.495,54.906,0.000,0,-1.000000,1.000,28.924,-1.000000,0.0000,0.0000,0,0,0.000,1.000,19.607,-234.554,-921.495,54.906,0,0,0,99.240013
408,58.5623,walk-to-authored-tree,-254.608,-928.506,63.080,112.500,-75.754,286.235,-267.549,-915.516,-21.820,-232.872,-967.056,-21.885,1.0000,0.9375,-273.223,-940.705,51.922,-231.906,-927.123,51.894,0.5023,0.0000,1.6000,1,-100.000,550.000,0.0000,0.0000,0,0,-231.906,-927.123,51.894,0.000,0,-1.000000,1.000,28.924,-1.000000,0.0000,0.0000,0,0,0.000,1.000,19.607,-231.906,-927.123,51.894,0,0,0,99.237740
409,58.7026,walk-to-authored-tree,-250.388,-943.696,63.002,112.500,-73.765,288.691,-260.398,-941.272,-17.349,-232.758,-966.840,-22.001,1.0000,0.9375,-264.710,-964.709,54.856,-230.399,-932.269,53.244,0.6337,0.0000,1.6000,1,-100.000,550.000,0.0000,0.0000,0,0,-230.399,-932.269,53.244,0.000,0,-1.000000,1.000,28.924,-1.000000,0.0000,0.0000,0,0,0.000,1.000,19.607,-230.399,-932.269,53.244,0,0,0,99.235497
410,58.8441,walk-to-authored-tree,-245.514,-958.857,62.936,112.500,-71.309,291.958,-247.250,-977.505,-13.525,-233.051,-966.436,-21.936,1.0000,0.9375,-257.601,-982.869,56.918,-227.145,-943.547,54.900,0.7664,0.0000,1.6000,1,-100.000,550.000,0.0000,0.0000,0,0,-227.145,-943.547,54.900,0.000,0,-1.000000,1.000,28.924,-1.000000,0.0000,0.0000,0,0,0.000,1.000,19.607,-227.145,-943.547,54.900,0,0,0,99.233232
411,58.9860,view-authored-tree,-245.514,-958.857,62.936,0.000,-71.309,291.958,-248.299,-975.092,-20.629,-232.217,-968.499,-22.169,0.2913,0.0000,-262.270,-975.453,57.122,-224.544,-952.141,56.548,0.7664,0.0000,1.6000,1,-100.000,550.000,0.0000,0.0000,0,0,-224.544,-952.141,56.548,0.000,0,-1.000000,1.000,28.924,-1.000000,0.0000,0.0000,0,0,0.000,1.000,19.607,-224.544,-952.141,56.548,0,0,0,99.230965
412,59.1287,view-authored-tree,-245.514,-958.857,62.936,0.000,-71.309,285.412,-248.823,-973.692,-21.976,-231.866,-969.367,-21.976,0.0000,0.0000,-263.956,-972.313,57.726,-223.663,-955.877,57.726,0.7664,0.0000,1.6000,1,-100.000,550.000,0.0000,0.0000,0,0,-223.663,-955.877,57.726,0.000,0,-1.000000,1.000,28.924,-1.000000,0.0000,0.0000,0,0,0.000,1.000,19.607,-223.663,-955.877,57.726,0,0,0,99.228676
413,59.2669,view-authored-tree,-245.514,-958.857,62.936,0.000,-71.309,281.498,-248.823,-973.692,-21.976,-231.866,-969.367,-21.976,0.0000,0.0000,-263.918,-972.394,57.738,-223.633,-955.961,57.738,0.7664,0.0000,1.6000,1,-100.000,550.000,0.0000,0.0000,0,0,-223.633,-955.961,57.738,0.000,0,-1.000000,1.000,28.924,-1.000000,0.0000,0.0000,0,0,0.000,1.000,19.607,-223.633,-955.961,57.738,0,0,0,99.226469
414,59.4087,view-authored-tree,-245.514,-958.857,62.936,0.000,-71.309,278.947,-248.823,-973.692,-21.976,-231.866,-969.367,-21.976,0.0000,0.0000,-263.881,-972.475,57.750,-223.603,-956.045,57.750,0.7664,0.0000,1.6000,1,-100.000,550.000,0.0000,0.0000,0,0,-223.603,-956.045,57.750,0.000,0,-1.000000,1.000,28.924,-1.000000,0.0000,0.0000,0,0,0.000,1.000,19.607,-223.603,-956.045,57.750,0,0,0,99.224196
415,59.5456,view-authored-tree,-245.514,-958.857,62.936,0.000,-71.309,277.421,-248.823,-973.692,-21.976,-231.866,-969.367,-21.976,0.0000,0.0000,-263.840,-972.566,57.764,-223.569,-956.139,57.764,0.7664,0.0000,1.6000,1,-100.000,550.000,0.0000,0.0000,0,0,-223.569,-956.139,57.764,0.000,0,-1.000000,1.000,28.924,-1.000000,0.0000,0.0000,0,0,0.000,1.000,19.607,-223.569,-956.139,57.764,0,0,0,99.222010
416,59.6873,view-authored-tree,-245.514,-958.857,62.936,0.000,-71.309,276.413,-248.823,-973.692,-21.976,-231.866,-969.367,-21.976,0.0000,0.0000,-263.800,-972.652,57.778,-223.537,-956.229,57.778,0.7664,0.0000,1.6000,1,-100.000,550.000,0.0000,0.0000,0,0,-223.537,-956.229,57.778,0.000,0,-1.000000,1.000,28.924,-1.000000,0.0000,0.0000,0,0,0.000,1.000,19.607,-223.537,-956.229,57.778,0,0,0,99.219738
417,59.8241,view-authored-tree,-245.514,-958.857,62.936,0.000,-71.309,275.810,-248.823,-973.692,-21.976,-231.866,-969.367,-21.976,0.0000,0.0000,-263.766,-972.727,57.790,-223.509,-956.306,57.790,0.7664,0.0000,1.6000,1,-100.000,550.000,0.0000,0.0000,0,0,-223.509,-956.306,57.790,0.000,0,-1.000000,1.000,28.924,-1.000000,0.0000,0.0000,0,0,0.000,1.000,19.607,-223.509,-956.306,57.790,0,0,0,99.217553
418,59.9657,view-authored-tree,-245.514,-958.857,62.936,0.000,-71.309,275.413,-248.823,-973.692,-21.976,-231.866,-969.367,-21.976,0.0000,0.0000,-263.744,-972.774,57.797,-223.492,-956.354,57.797,0.7664,0.0000,1.6000,1,-100.000,550.000,0.0000,0.0000,0,0,-223.492,-956.354,57.797,0.000,0,-1.000000,1.000,28.924,-1.000000,0.0000,0.0000,0,0,0.000,1.000,19.607,-223.492,-956.354,57.797,0,0,0,99.215285
419,60.1574,view-authored-tree,-245.514,-958.857,62.936,0.000,-71.309,275.079,-248.823,-973.692,-21.976,-231.866,-969.367,-21.976,0.0000,0.0000,-263.744,-972.774,57.797,-223.492,-956.354,57.797,0.7664,0.0000,1.6000,1,-100.000,550.000,0.0000,0.0000,0,0,-223.492,-956.354,57.797,0.000,0,-1.000000,1.000,28.924,-1.000000,0.0000,0.0000,0,0,0.000,1.000,19.607,-223.492,-956.354,57.797,0,0,0,99.212223
420,60.2897,view-authored-tree,-245.514,-958.857,62.936,0.000,-71.309,274.966,-248.823,-973.692,-21.976,-231.866,-969.367,-21.976,0.0000,0.0000,-263.715,-972.838,57.808,-223.468,-956.421,57.808,0.7664,0.0000,1.6000,1,-100.000,550.000,0.0000,0.0000,0,0,-223.468,-956.421,57.808,0.000,0,-1.000000,1.000,28.924,-1.000000,0.0000,0.0000,0,0,0.000,1.000,19.607,-223.468,-956.421,57.808,0,0,0,99.210100
421,60.4238,view-authored-tree,-245.514,-958.857,62.936,0.000,-71.309,274.893,-248.823,-973.692,-21.976,-231.866,-969.367,-21.976,0.0000,0.0000,-263.715,-972.838,57.808,-223.468,-956.421,57.808,0.7664,0.0000,1.6000,1,-100.000,550.000,0.0000,0.0000,0,0,-223.468,-956.421,57.808,0.000,0,-1.000000,1.000,28.924,-1.000000,0.0000,0.0000,0,0,0.000,1.000,19.607,-223.468,-956.421,57.808,0,0,0,99.207959
422,60.5582,view-authored-tree,-245.514,-958.857,62.936,0.000,-71.309,274.845,-248.823,-973.692,-21.976,-231.866,-969.367,-21.976,0.0000,0.0000,-263.751,-972.759,57.798,-223.497,-956.339,57.798,0.7664,0.0000,1.6000,1,-100.000,550.000,0.0000,0.0000,0,0,-223.497,-956.339,57.798,0.000,0,-1.000000,1.000,28.924,-1.000000,0.0000,0.0000,0,0,0.000,1.000,19.607,-223.497,-956.339,57.798,0,0,0,99.205804
423,60.6957,view-authored-tree,-245.514,-958.857,62.936,0.000,-71.309,274.814,-248.823,-973.692,-21.976,-231.866,-969.367,-21.976,0.0000,0.0000,-263.781,-972.692,57.792,-223.522,-956.270,57.792,0.7664,0.0000,1.6000,1,-100.000,550.000,0.0000,0.0000,0,0,-223.522,-956.270,57.792,0.000,0,-1.000000,1.000,28.924,-1.000000,0.0000,0.0000,0,0,0.000,1.000,19.607,-223.522,-956.270,57.792,0,0,0,99.203608
424,60.8342,view-authored-tree,-245.514,-958.857,62.936,0.000,-71.309,274.794,-248.823,-973.692,-21.976,-231.866,-969.367,-21.976,0.0000,0.0000,-263.815,-972.621,57.773,-223.548,-956.196,57.773,0.7664,0.0000,1.6000,1,-100.000,550.000,0.0000,0.0000,0,0,-223.548,-956.196,57.773,0.000,0,-1.000000,1.000,28.924,-1.000000,0.0000,0.0000,0,0,0.000,1.000,19.607,-223.548,-956.196,57.773,0,0,0,99.201388
425,60.9753,view-authored-tree,-245.514,-958.857,62.936,0.000,-71.309,274.781,-248.823,-973.692,-21.976,-231.866,-969.367,-21.976,0.0000,0.0000,-263.855,-972.532,57.759,-223.581,-956.104,57.759,0.7664,0.0000,1.6000,1,-100.000,550.000,0.0000,0.0000,0,0,-223.581,-956.104,57.759,0.000,0,-1.000000,1.000,28.924,-1.000000,0.0000,0.0000,0,0,0.000,1.000,19.607,-223.581,-956.104,57.759,0,0,0,99.199134
426,61.1172,view-authored-tree,-245.514,-958.857,62.936,0.000,-71.309,274.773,-248.823,-973.692,-21.976,-231.866,-969.367,-21.976,0.0000,0.0000,-263.896,-972.444,57.745,-223.614,-956.013,57.746,0.7664,0.0000,1.6000,1,-100.000,550.000,0.0000,0.0000,0,0,-223.614,-956.013,57.746,0.000,0,-1.000000,1.000,28.924,-1.000000,0.0000,0.0000,0,0,0.000,1.000,19.607,-223.614,-956.013,57.746,0,0,0,99.196861
427,61.2558,view-authored-tree,-245.514,-958.857,62.936,0.000,-71.309,274.768,-248.823,-973.692,-21.976,-231.866,-969.367,-21.976,0.0000,0.0000,-263.936,-972.357,57.732,-223.647,-955.922,57.733,0.7664,0.0000,1.6000,1,-100.000,550.000,0.0000,0.0000,0,0,-223.647,-955.922,57.733,0.000,0,-1.000000,1.000,28.924,-1.000000,0.0000,0.0000,0,0,0.000,1.000,19.607,-223.647,-955.922,57.733,0,0,0,99.194647
428,61.3871,view-authored-tree,-245.514,-958.857,62.936,0.000,-71.309,274.766,-248.823,-973.692,-21.976,-231.866,-969.367,-21.976,0.0000,0.0000,-263.944,-972.337,57.725,-223.655,-955.902,57.725,0.7664,0.0000,1.6000,1,-100.000,550.000,0.0000,0.0000,0,0,-223.655,-955.902,57.725,0.000,0,-1.000000,1.000,28.924,-1.000000,0.0000,0.0000,0,0,0.000,1.000,19.607,-223.655,-955.902,57.725,0,0,0,99.192541
429,61.5237,view-authored-tree,-245.514,-958.857,62.936,0.000,-71.309,274.764,-248.823,-973.692,-21.976,-231.866,-969.367,-21.976,0.0000,0.0000,-263.952,-972.318,57.716,-223.663,-955.883,57.716,0.7664,0.0000,1.6000,1,-100.000,550.000,0.0000,0.0000,0,0,-223.663,-955.883,57.716,0.000,0,-1.000000,1.000,28.924,-1.000000,0.0000,0.0000,0,0,0.000,1.000,19.607,-223.663,-955.883,57.716,0,0,0,99.190360
430,61.6600,view-authored-tree,-245.514,-958.857,62.936,0.000,-71.309,274.762,-248.823,-973.692,-21.976,-231.866,-969.367,-21.976,0.0000,0.0000,-263.990,-972.237,57.715,-223.692,-955.799,57.715,0.7664,0.0000,1.6000,1,-100.000,550.000,0.0000,0.0000,0,0,-223.692,-955.799,57.715,0.000,0,-1.000000,1.000,28.924,-1.000000,0.0000,0.0000,0,0,0.000,1.000,19.607,-223.692,-955.799,57.715,0,0,0,99.188175
431,61.7991,view-authored-tree,-245.514,-958.857,62.936,0.000,-71.309,274.762,-248.823,-973.692,-21.976,-231.866,-969.367,-21.976,0.0000,0.0000,-263.990,-972.237,57.715,-223.692,-955.799,57.715,0.7664,0.0000,1.6000,1,-100.000,550.000,0.0000,0.0000,0,0,-223.692,-955.799,57.715,0.000,0,-1.000000,1.000,28.924,-1.000000,0.0000,0.0000,0,0,0.000,1.000,19.607,-223.692,-955.799,57.715,0,0,0,99.185959
432,61.9409,view-authored-tree,-245.514,-958.857,62.936,0.000,-71.309,274.762,-248.823,-973.692,-21.976,-231.866,-969.367,-21.976,0.0000,0.0000,-263.997,-972.221,57.713,-223.698,-955.782,57.713,0.7664,0.0000,1.6000,1,-100.000,550.000,0.0000,0.0000,0,0,-223.698,-955.782,57.713,0.000,0,-1.000000,1.000,28.924,-1.000000,0.0000,0.0000,0,0,0.000,1.000,19.607,-223.698,-955.782,57.713,0,0,0,99.183681
433,62.0883,walk-into-authored-trunk,-245.514,-958.857,62.936,0.000,-71.309,274.762,-248.823,-973.692,-21.976,-231.866,-969.367,-21.976,0.0000,0.0000,-263.997,-972.221,57.713,-223.698,-955.782,57.713,0.7664,0.0000,1.6000,1,-100.000,550.000,0.0000,0.0000,0,0,-223.698,-955.782,57.713,0.000,0,-1.000000,1.000,28.924,-1.000000,0.0000,0.0000,0,0,0.000,1.000,19.607,-223.698,-955.782,57.713,0,0,0,99.181326
434,62.2262,walk-into-authored-trunk,-245.052,-964.406,62.896,60.423,-85.238,274.762,-250.137,-989.653,-18.866,-235.428,-969.847,-22.516,0.6905,0.5035,-264.026,-980.256,55.939,-223.106,-959.079,54.697,0.8359,0.0000,1.6000,1,-100.000,550.000,0.0000,0.0000,0,0,-223.106,-959.079,54.697,0.000,0,-1.000000,1.000,28.924,-1.000000,0.0000,0.0000,0,0,0.000,1.000,19.607,-223.106,-959.079,54.697,0,0,0,99.179116
435,62.3605,walk-into-authored-trunk,-243.968,-977.422,62.803,112.500,-85.238,274.762,-246.484,-1021.004,-21.669,-237.124,-964.618,-22.258,1.0000,0.9375,-263.960,-989.237,52.028,-221.838,-976.856,51.482,0.9615,0.0000,1.6000,1,-100.000,550.000,0.0000,0.0000,0,0,-221.838,-976.856,51.482,0.000,0,-1.000000,1.000,28.924,-1.000000,0.0000,0.0000,0,0,0.000,1.000,19.607,-221.838,-976.856,51.482,0,0,0,99.176973
436,62.4945,walk-into-authored-trunk,-242.713,-992.479,62.702,112.500,-85.238,274.762,-246.455,-1026.610,-22.156,-235.715,-979.931,-19.827,1.0000,0.9375,-264.939,-994.560,52.175,-220.076,-1001.612,53.276,0.0874,0.0000,1.6000,1,-100.000,550.000,0.0000,0.0000,0,0,-220.076,-1001.612,53.276,0.000,0,-1.000000,1.000,28.924,-1.000000,0.0000,0.0000,0,0,0.000,1.000,19.607,-220.076,-1001.612,53.276,0,0,0,99.174824
437,62.6344,walk-into-authored-trunk,-241.409,-1008.135,62.600,112.500,-85.238,274.762,-247.503,-1026.701,-22.230,-231.683,-1014.904,-14.087,1.0000,0.9375,-264.997,-1004.532,54.524,-218.836,-1022.601,56.423,0.2183,0.0000,1.6000,1,-100.000,550.000,0.0000,0.0000,0,0,-218.836,-1022.601,56.423,0.000,0,-1.000000,1.000,28.924,-1.000000,0.0000,0.0000,0,0,0.000,1.000,19.607,-218.836,-1022.601,56.423,0,0,0,99.172590
438,62.7759,walk-into-authored-trunk,-240.085,-1024.031,62.506,112.500,-85.238,274.762,-248.518,-1026.859,-22.214,-227.129,-1053.480,-16.692,1.0000,0.9375,-263.256,-1022.601,53.403,-217.576,-1036.617,55.057,0.3512,0.0000,1.6000,1,-100.000,550.000,0.0000,0.0000,0,0,-217.576,-1036.617,55.057,0.000,0,-1.000000,1.000,28.924,-1.000000,0.0000,0.0000,0,0,0.000,1.000,19.607,-217.576,-1036.617,55.057,0,0,0,99.170321
439,62.9243,walk-into-authored-trunk,-238.703,-1040.616,62.473,112.500,-85.238,274.762,-249.468,-1026.883,-22.468,-223.906,-1082.394,-22.450,1.0000,0.9375,-259.632,-1048.646,51.231,-216.349,-1044.027,51.376,0.4899,0.0000,1.6000,1,-100.000,550.000,0.0000,0.0000,0,0,-216.349,-1044.027,51.376,0.000,0,-1.000000,1.000,28.924,-1.000000,0.0000,0.0000,0,0,0.000,1.000,19.607,-216.349,-1044.027,51.376,0,0,0,99.167955
440,63.0687,walk-into-authored-trunk,-237.351,-1056.844,62.473,112.500,-85.238,274.762,-246.781,-1051.348,-18.198,-224.502,-1083.988,-22.437,1.0000,0.9375,-255.654,-1074.156,54.178,-215.431,-1050.047,52.648,0.6256,0.0000,1.6000,1,-100.000,550.000,0.0000,0.0000,0,0,-215.431,-1050.047,52.648,0.000,0,-1.000000,1.000,28.924,-1.000000,0.0000,0.0000,0,0,0.000,1.000,19.607,-215.431,-1050.047,52.648,0,0,0,99.165638
441,63.2196,walk-into-authored-trunk,-235.943,-1073.737,62.473,112.500,-85.238,274.762,-242.103,-1091.510,-13.992,-225.679,-1084.034,-22.397,1.0000,0.9375,-253.455,-1094.131,56.454,-214.428,-1063.304,54.436,0.7669,0.0000,1.6000,1,-100.000,550.000,0.0000,0.0000,0,0,-214.428,-1063.304,54.436,0.000,0,-1.000000,1.000,28.924,-1.000000,0.0000,0.0000,0,0,0.000,1.000,19.607,-214.428,-1063.304,54.436,0,0,0,99.163228
442,63.3558,walk-into-authored-trunk,-234.668,-1089.045,62.219,112.500,-85.238,274.762,-237.845,-1126.698,-19.617,-226.522,-1084.117,-22.793,1.0000,0.9375,-253.310,-1105.225,53.196,-212.702,-1083.436,51.884,0.8949,0.0000,1.6000,1,-100.000,550.000,0.0000,0.0000,0,0,-212.702,-1083.436,51.884,0.000,0,-1.000000,1.000,28.924,-1.000000,0.0000,0.0000,0,0,0.000,1.000,19.607,-212.702,-1083.436,51.884,0,0,0,99.161043
443,63.4938,walk-into-authored-trunk,-233.383,-1104.474,62.219,112.500,-85.238,274.762,-236.089,-1146.094,-22.773,-227.073,-1087.516,-22.548,1.0000,0.9375,-254.538,-1111.332,50.909,-210.937,-1108.964,51.250,0.0239,0.0000,1.6000,1,-100.000,550.000,0.0000,0.0000,0,0,-210.937,-1108.964,51.250,0.000,0,-1.000000,1.000,28.924,-1.000000,0.0000,0.0000,0,0,0.000,1.000,19.607,-210.937,-1108.964,51.250,0,0,0,99.158841
444,63.6316,walk-into-authored-trunk,-232.093,-1119.958,62.219,112.500,-85.238,274.762,-237.086,-1146.242,-22.611,-223.959,-1115.961,-16.883,1.0000,0.9375,-255.258,-1118.285,53.102,-209.536,-1132.697,54.779,0.1534,0.0000,1.6000,1,-100.000,550.000,0.0000,0.0000,0,0,-209.536,-1132.697,54.779,0.000,0,-1.000000,1.000,28.924,-1.000000,0.0000,0.0000,0,0,0.000,1.000,19.607,-209.536,-1132.697,54.779,0,0,0,99.156631
445,63.7718,walk-into-authored-trunk,-230.787,-1135.633,62.219,112.500,-85.238,274.762,-238.032,-1146.382,-22.615,-219.422,-1153.931,-14.498,1.0000,0.9375,-254.371,-1132.068,54.112,-208.218,-1150.063,56.005,0.2845,0.0000,1.6000,1,-100.000,550.000,0.0000,0.0000,0,0,-208.218,-1150.063,56.005,0.000,0,-1.000000,1.000,28.924,-1.000000,0.0000,0.0000,0,0,0.000,1.000,19.607,-208.218,-1150.063,56.005,0,0,0,99.154394
446,63.9221,walk-into-authored-trunk,-229.379,-1152.531,62.219,112.500,-85.238,274.762,-238.853,-1146.440,-22.610,-214.851,-1190.930,-20.877,1.0000,0.9375,-251.292,-1155.584,51.510,-206.664,-1160.786,52.493,0.4258,0.0000,1.6000,1,-100.000,550.000,0.0000,0.0000,0,0,-206.664,-1160.786,52.493,0.000,0,-1.000000,1.000,28.924,-1.000000,0.0000,0.0000,0,0,0.000,1.000,19.607,-206.664,-1160.786,52.493,0,0,0,99.151983
447,64.0588,walk-into-authored-trunk,-228.104,-1167.833,61.966,112.500,-85.238,274.718,-238.829,-1154.840,-22.122,-214.289,-1203.445,-23.088,1.0000,0.9375,-247.867,-1180.718,51.498,-206.083,-1166.032,50.758,0.5537,0.0000,1.6000,1,-100.000,550.000,0.0000,0.0000,0,0,-206.083,-1166.032,50.758,0.000,0,-1.000000,1.000,28.924,-1.000000,0.0000,0.0000,0,0,0.000,1.000,19.607,-206.083,-1166.032,50.758,0,0,0,99.149799
448,64.1984,walk-into-authored-trunk,-226.808,-1183.499,61.966,112.500,-85.282,274.599,-234.981,-1186.985,-16.152,-215.061,-1203.502,-23.288,1.0000,0.9375,-244.496,-1203.043,54.908,-205.106,-1174.085,53.008,0.6847,0.0000,1.6000,1,-100.000,550.000,0.0000,0.0000,0,0,-205.106,-1174.085,53.008,0.000,0,-1.000000,1.000,28.924,-1.000000,0.0000,0.0000,0,0,0.000,1.000,19.607,-205.106,-1174.085,53.008,0,0,0,99.147563
449,64.3387,walk-into-authored-trunk,-225.532,-1199.217,61.966,112.500,-85.401,274.426,-230.443,-1225.497,-16.182,-216.011,-1203.713,-23.344,1.0000,0.9375,-243.265,-1218.703,54.858,-203.808,-1189.873,52.961,0.8161,0.0000,1.6000,1,-100.000,550.000,0.0000,0.0000,0,0,-203.808,-1189.873,52.961,0.000,0,-1.000000,1.000,28.924,-1.000000,0.0000,0.0000,0,0,0.000,1.000,19.607,-203.808,-1189.873,52.961,0,0,0,99.145320
450,64.4767,walk-into-authored-trunk,-224.318,-1214.695,61.966,112.500,-85.574,274.218,-227.082,-1257.205,-22.225,-216.992,-1203.833,-23.229,1.0000,0.9375,-243.942,-1227.594,51.420,-202.116,-1212.973,50.643,0.9455,0.0000,1.6000,1,-100.000,550.000,0.0000,0.0000,0,0,-202.116,-1212.973,50.643,0.000,0,-1.000000,1.000,28.924,-1.000000,0.0000,0.0000,0,0,0.000,1.000,19.607,-202.116,-1212.973,50.643,0,0,0,99.143112
451,64.6181,walk-into-authored-trunk,-223.127,-1230.558,61.966,112.500,-85.782,273.976,-227.062,-1265.758,-22.912,-216.150,-1217.144,-21.008,1.0000,0.9375,-245.244,-1233.097,51.249,-200.602,-1239.307,52.261,0.0781,0.0000,1.6000,1,-100.000,550.000,0.0000,0.0000,0,0,-200.602,-1239.307,52.261,0.000,0,-1.000000,1.000,28.924,-1.000000,0.0000,0.0000,0,0,0.000,1.000,19.607,-200.602,-1239.307,52.261,0,0,0,99.140850
452,64.7598,walk-into-authored-trunk,-221.997,-1246.476,61.966,112.500,-86.024,273.711,-228.255,-1265.838,-22.932,-212.548,-1252.097,-14.961,1.0000,0.9375,-245.515,-1242.648,53.755,-199.637,-1261.144,55.635,0.2111,0.0000,1.6000,1,-100.000,550.000,0.0000,0.0000,0,0,-199.637,-1261.144,55.635,0.000,0,-1.000000,1.000,28.924,-1.000000,0.0000,0.0000,0,0,0.000,1.000,19.607,-199.637,-1261.144,55.635,0,0,0,99.138580
453,64.9062,walk-into-authored-trunk,-220.905,-1262.889,61.966,112.500,-86.289,273.418,-229.333,-1265.934,-22.754,-208.539,-1292.090,-17.082,1.0000,0.9375,-244.061,-1260.889,52.931,-198.620,-1276.013,54.602,0.3482,0.0000,1.6000,1,-100.000,550.000,0.0000,0.0000,0,0,-198.620,-1276.013,54.602,0.000,0,-1.000000,1.000,28.924,-1.000000,0.0000,0.0000,0,0,0.000,1.000,19.607,-198.620,-1276.013,54.602,0,0,0,99.136241
454,65.0521,walk-into-authored-trunk,-219.897,-1279.292,61.966,112.500,-86.582,273.108,-230.423,-1265.902,-22.967,-206.248,-1321.363,-22.940,1.0000,0.9375,-241.251,-1286.463,50.698,-197.781,-1283.627,50.909,0.4851,0.0000,1.6000,1,-100.000,550.000,0.0000,0.0000,0,0,-197.781,-1283.627,50.909,0.000,0,-1.000000,1.000,28.924,-1.000000,0.0000,0.0000,0,0,0.000,1.000,19.607,-197.781,-1283.627,50.909,0,0,0,99.133903
455,65.1958,walk-into-authored-trunk,-218.990,-1295.414,61.966,112.500,-86.892,272.788,-228.307,-1288.803,-18.909,-206.821,-1323.631,-22.856,1.0000,0.9375,-237.840,-1311.865,53.573,-196.851,-1289.569,52.105,0.6197,0.0000,1.6000,1,-100.000,550.000,0.0000,0.0000,0,0,-196.851,-1289.569,52.105,0.000,0,-1.000000,1.000,28.924,-1.000000,0.0000,0.0000,0,0,0.000,1.000,19.607,-196.851,-1289.569,52.105,0,0,0,99.131607
456,65.3365,walk-into-authored-trunk,-218.187,-1311.244,61.966,112.500,-87.212,272.459,-225.272,-1326.130,-14.437,-208.120,-1323.629,-22.941,1.0000,0.9375,-236.376,-1331.093,55.974,-196.341,-1301.484,53.945,0.7518,0.0000,1.6000,1,-100.000,550.000,0.0000,0.0000,0,0,-196.341,-1301.484,53.945,0.000,0,-1.000000,1.000,28.924,-1.000000,0.0000,0.0000,0,0,0.000,1.000,19.607,-196.341,-1301.484,53.945,0,0,0,99.129353
457,65.4817,walk-into-authored-trunk,-217.455,-1327.525,61.966,112.500,-87.541,272.105,-222.285,-1364.181,-19.566,-209.070,-1323.806,-23.163,1.0000,0.9375,-236.669,-1343.370,53.059,-195.341,-1322.345,51.676,0.8876,0.0000,1.6000,1,-100.000,550.000,0.0000,0.0000,0,0,-195.341,-1322.345,51.676,0.000,0,-1.000000,1.000,28.924,-1.000000,0.0000,0.0000,0,0,0.000,1.000,19.607,-195.341,-1322.345,51.676,0,0,0,99.127035
458,65.6228,walk-into-authored-trunk,-216.835,-1343.429,61.966,112.500,-87.895,271.745,-221.458,-1385.333,-22.999,-209.791,-1326.644,-22.849,1.0000,0.9375,-238.253,-1349.608,50.671,-194.648,-1348.664,50.962,0.0202,0.0000,1.6000,1,-100.000,550.000,0.0000,0.0000,0,0,-194.648,-1348.664,50.962,0.000,0,-1.000000,1.000,28.924,-1.000000,0.0000,0.0000,0,0,0.000,1.000,19.607,-194.648,-1348.664,50.962,0,0,0,99.124771
459,65.7603,walk-into-authored-trunk,-216.329,-1358.841,61.966,112.500,-88.255,271.381,-222.647,-1385.350,-22.829,-208.061,-1354.586,-17.331,1.0000,0.9375,-239.347,-1356.183,52.787,-194.468,-1372.558,54.442,0.1487,0.0000,1.6000,1,-100.000,550.000,0.0000,0.0000,0,0,-194.468,-1372.558,54.442,0.000,0,-1.000000,1.000,28.924,-1.000000,0.0000,0.0000,0,0,0.000,1.000,19.607,-194.468,-1372.558,54.442,0,0,0,99.122578
460,65.8994,walk-into-authored-trunk,-215.914,-1374.528,61.966,112.500,-88.619,270.994,-223.721,-1385.414,-22.870,-205.718,-1392.585,-14.666,1.0000,0.9375,-239.246,-1369.509,53.896,-194.232,-1390.324,55.798,0.2795,0.0000,1.6000,1,-100.000,550.000,0.0000,0.0000,0,0,-194.232,-1390.324,55.798,0.000,0,-1.000000,1.000,28.924,-1.000000,0.0000,0.0000,0,0,0.000,1.000,19.607,-194.232,-1390.324,55.798,0,0,0,99.120346
461,66.0392,walk-into-authored-trunk,-215.603,-1390.215,61.966,112.500,-89.006,270.590,-224.420,-1385.339,-23.067,-203.661,-1427.886,-20.649,1.0000,0.9375,-237.742,-1390.700,51.321,-193.422,-1400.945,52.465,0.4102,0.0000,1.6000,1,-100.000,550.000,0.0000,0.0000,0,0,-193.422,-1400.945,52.465,0.000,0,-1.000000,1.000,28.924,-1.000000,0.0000,0.0000,0,0,0.000,1.000,19.607,-193.422,-1400.945,52.465,0,0,0,99.118115
462,66.1763,walk-into-authored-trunk,-215.402,-1405.681,61.966,112.500,-89.410,270.173,-225.136,-1391.119,-22.587,-203.999,-1443.902,-23.128,1.0000,0.9375,-236.132,-1416.052,51.179,-193.221,-1406.657,50.626,0.5391,0.0000,1.6000,1,-100.000,550.000,0.0000,0.0000,0,0,-193.221,-1406.657,50.626,0.000,0,-1.000000,1.000,28.924,-1.000000,0.0000,0.0000,0,0,0.000,1.000,19.607,-193.221,-1406.657,50.626,0,0,0,99.115915
463,66.3154,walk-into-authored-trunk,-215.313,-1421.290,61.966,112.500,-89.827,269.733,-223.833,-1421.481,-16.682,-205.012,-1444.087,-23.151,1.0000,0.9375,-234.529,-1438.918,54.682,-192.888,-1414.118,52.854,0.6692,0.0000,1.6000,1,-100.000,550.000,0.0000,0.0000,0,0,-192.888,-1414.118,52.854,0.000,0,-1.000000,1.000,28.924,-1.000000,0.0000,0.0000,0,0,0.000,1.000,19.607,-192.888,-1414.118,52.854,0,0,0,99.113695
464,66.4521,walk-into-authored-trunk,-215.340,-1436.700,61.966,112.500,-90.267,269.276,-222.688,-1459.282,-14.977,-206.152,-1444.238,-22.754,1.0000,0.9375,-234.611,-1455.051,55.789,-192.940,-1428.707,53.830,0.7976,0.0000,1.6000,1,-100.000,550.000,0.0000,0.0000,0,0,-192.940,-1428.707,53.830,0.000,0,-1.000000,1.000,28.924,-1.000000,0.0000,0.0000,0,0,0.000,1.000,19.607,-192.940,-1428.707,53.830,0,0,0,99.111503
465,66.5890,walk-into-authored-trunk,-215.488,-1452.072,61.966,112.500,-90.724,268.796,-222.195,-1492.505,-21.531,-207.156,-1444.242,-23.279,1.0000,0.9375,-236.014,-1464.517,51.879,-193.216,-1450.840,50.864,0.9257,0.0000,1.6000,1,-100.000,550.000,0.0000,0.0000,0,0,-193.216,-1450.840,50.864,0.000,0,-1.000000,1.000,28.924,-1.000000,0.0000,0.0000,0,0,0.000,1.000,19.607,-193.216,-1450.840,50.864,0,0,0,99.109317
466,66.7298,walk-into-authored-trunk,-215.773,-1467.941,61.966,112.500,-91.204,268.273,-222.954,-1504.986,-22.925,-207.676,-1453.522,-21.826,1.0000,0.9375,-237.885,-1469.921,50.962,-194.108,-1477.355,51.750,0.0580,0.0000,1.6000,1,-100.000,550.000,0.0000,0.0000,0,0,-194.108,-1477.355,51.750,0.000,0,-1.000000,1.000,28.924,-1.000000,0.0000,0.0000,0,0,0.000,1.000,19.607,-194.108,-1477.355,51.750,0,0,0,99.107060
467,66.8714,walk-into-authored-trunk,-216.199,-1483.838,62.237,112.500,-91.727,267.718,-224.299,-1505.014,-22.804,-207.485,-1486.767,-15.507,1.0000,0.9375,-239.152,-1478.144,53.610,-195.363,-1500.218,55.423,0.1905,0.0000,1.6000,1,-100.000,550.000,0.0000,0.0000,0,0,-195.363,-1500.218,55.423,0.000,0,-1.000000,1.000,28.924,-1.000000,0.0000,0.0000,0,0,0.000,1.000,19.607,-195.363,-1500.218,55.423,0,0,0,99.104798
468,67.0150,walk-into-authored-trunk,-216.787,-1499.989,62.237,112.500,-92.282,267.117,-225.351,-1504.871,-22.660,-207.519,-1526.600,-15.930,1.0000,0.9375,-239.587,-1494.657,53.473,-195.986,-1516.176,55.260,0.3252,0.0000,1.6000,1,-100.000,550.000,0.0000,0.0000,0,0,-195.986,-1516.176,55.260,0.000,0,-1.000000,1.000,28.924,-1.000000,0.0000,0.0000,0,0,0.000,1.000,19.607,-195.986,-1516.176,55.260,0,0,0,99.102499
469,67.1667,walk-into-authored-trunk,-217.583,-1517.024,62.237,112.500,-92.883,266.438,-226.523,-1504.783,-22.796,-208.610,-1559.854,-22.424,1.0000,0.9375,-239.681,-1520.354,50.904,-196.158,-1525.200,51.367,0.4673,0.0000,1.6000,1,-100.000,550.000,0.0000,0.0000,0,0,-196.158,-1525.200,51.367,0.000,0,-1.000000,1.000,28.924,-1.000000,0.0000,0.0000,0,0,0.000,1.000,19.607,-196.158,-1525.200,51.367,0,0,0,99.100074
470,67.3079,walk-into-authored-trunk,-218.506,-1532.920,62.237,112.500,-93.562,265.753,-226.887,-1522.839,-19.964,-209.589,-1564.611,-22.890,1.0000,0.9375,-239.175,-1545.899,52.920,-195.819,-1530.892,51.654,0.6000,0.0000,1.6000,1,-100.000,550.000,0.0000,0.0000,0,0,-195.819,-1530.892,51.654,0.000,0,-1.000000,1.000,28.924,-1.000000,0.0000,0.0000,0,0,0.000,1.000,19.607,-195.819,-1530.892,51.654,0,0,0,99.097809
471,67.4491,walk-into-authored-trunk,-219.609,-1548.712,62.495,112.500,-94.247,265.018,-228.397,-1558.991,-14.026,-211.124,-1564.702,-22.363,1.0000,0.9375,-240.098,-1566.099,56.472,-196.725,-1541.791,54.455,0.7319,0.0000,1.6000,1,-100.000,550.000,0.0000,0.0000,0,0,-196.725,-1541.791,54.455,0.000,0,-1.000000,1.000,28.924,-1.000000,0.0000,0.0000,0,0,0.000,1.000,19.607,-196.725,-1541.791,54.455,0,0,0,99.095558
472,67.5901,walk-into-authored-trunk,-220.917,-1564.565,62.495,112.500,-94.982,264.216,-230.490,-1597.159,-17.369,-212.305,-1564.708,-22.170,1.0000,0.9375,-242.021,-1578.989,54.732,-198.303,-1560.965,53.159,0.8645,0.0000,1.6000,1,-100.000,550.000,0.0000,0.0000,0,0,-198.303,-1560.965,53.159,0.000,0,-1.000000,1.000,28.924,-1.000000,0.0000,0.0000,0,0,0.000,1.000,19.607,-198.303,-1560.965,53.159,0,0,0,99.093296
473,67.7287,walk-into-authored-trunk,-222.406,-1580.058,62.495,112.500,-95.784,263.359,-232.817,-1623.343,-22.364,-213.110,-1564.825,-22.440,1.0000,0.9375,-244.337,-1585.434,51.372,-200.835,-1586.145,51.283,0.9942,0.0000,1.6000,1,-100.000,550.000,0.0000,0.0000,0,0,-200.835,-1586.145,51.283,0.000,0,-1.000000,1.000,28.924,-1.000000,0.0000,0.0000,0,0,0.000,1.000,19.607,-200.835,-1586.145,51.283,0,0,0,99.091082
474,67.8704,walk-into-authored-trunk,-224.164,-1595.910,62.764,112.500,-96.641,262.392,-234.382,-1623.824,-22.141,-215.148,-1589.793,-17.797,1.0000,0.9375,-246.483,-1591.028,52.991,-204.280,-1611.660,54.483,0.1271,0.0000,1.6000,1,-100.000,550.000,0.0000,0.0000,0,0,-204.280,-1611.660,54.483,0.000,0,-1.000000,1.000,28.924,-1.000000,0.0000,0.0000,0,0,0.000,1.000,19.607,-204.280,-1611.660,54.483,0,0,0,99.088814
475,68.0639,walk-into-authored-trunk,-226.943,-1617.498,62.764,112.500,-97.608,260.921,-236.088,-1623.574,-22.193,-220.011,-1642.097,-14.789,1.0000,0.9375,-249.161,-1609.489,54.233,-207.862,-1635.999,56.071,0.3085,0.0000,1.6000,1,-100.000,550.000,0.0000,0.0000,0,0,-207.862,-1635.999,56.071,0.000,0,-1.000000,1.000,28.924,-1.000000,0.0000,0.0000,0,0,0.000,1.000,19.607,-207.862,-1635.999,56.071,0,0,0,99.085718
476,68.2021,walk-into-authored-trunk,-229.269,-1632.903,63.040,112.500,-99.079,259.655,-236.950,-1623.227,-21.806,-224.546,-1674.744,-20.569,1.0000,0.9375,-251.366,-1631.544,52.120,-209.086,-1645.498,52.959,0.4383,0.0000,1.6000,1,-100.000,550.000,0.0000,0.0000,0,0,-209.086,-1645.498,52.959,0.000,0,-1.000000,1.000,28.924,-1.000000,0.0000,0.0000,0,0,0.000,1.000,19.607,-209.086,-1645.498,52.959,0,0,0,99.083502
477,68.3417,walk-into-authored-trunk,-231.957,-1648.352,63.040,112.500,-100.345,258.194,-239.174,-1634.252,-20.212,-227.710,-1684.486,-21.725,1.0000,0.9375,-254.450,-1656.825,53.272,-210.055,-1651.222,52.321,0.5690,0.0000,1.6000,1,-100.000,550.000,0.0000,0.0000,0,0,-210.055,-1651.222,52.321,0.000,0,-1.000000,1.000,28.924,-1.000000,0.0000,0.0000,0,0,0.000,1.000,19.607,-210.055,-1651.222,52.321,0,0,0,99.081272
478,68.4821,walk-into-authored-trunk,-235.047,-1663.848,63.299,112.500,-101.806,256.469,-244.274,-1667.473,-13.669,-229.248,-1684.451,-21.371,1.0000,0.9375,-257.596,-1677.940,57.109,-211.504,-1660.535,55.155,0.7006,0.0000,1.6000,1,-100.000,550.000,0.0000,0.0000,0,0,-211.504,-1660.535,55.155,0.000,0,-1.000000,1.000,28.924,-1.000000,0.0000,0.0000,0,0,0.000,1.000,19.607,-211.504,-1660.535,55.155,0,0,0,99.079025
479,68.6175,walk-into-authored-trunk,-236.005,-1674.579,63.385,33.863,-103.531,254.462,-246.575,-1684.550,-13.523,-230.076,-1690.875,-21.528,0.9675,0.2822,-259.055,-1688.094,57.355,-212.390,-1671.805,55.390,0.7388,0.0000,1.6000,1,-100.000,550.000,0.0000,0.0000,0,0,-212.390,-1671.805,55.390,0.000,0,-1.000000,1.000,28.924,-1.000000,0.0000,0.0000,0,0,0.000,1.000,19.607,-212.390,-1671.805,55.390,0,0,0,99.076861
480,68.7532,walk-into-authored-trunk,-232.725,-1676.697,63.415,27.546,-105.538,251.972,-244.673,-1690.970,-15.733,-226.750,-1690.280,-21.626,0.7870,0.2296,-256.229,-1687.236,57.317,-209.660,-1677.078,55.678,0.7700,0.0000,1.6000,1,-100.000,550.000,0.0000,0.0000,0,0,-209.660,-1677.078,55.678,0.000,0,-1.000000,1.000,28.924,-1.000000,0.0000,0.0000,0,0,0.000,1.000,19.607,-209.660,-1677.078,55.678,0,0,0,99.074688
481,68.8907,walk-into-authored-trunk,-229.877,-1678.762,63.443,25.437,-108.028,249.238,-243.350,-1696.124,-16.690,-223.864,-1690.348,-21.570,0.7268,0.2120,-253.697,-1687.274,57.266,-207.200,-1681.281,55.777,0.7991,0.0000,1.6000,1,-100.000,550.000,0.0000,0.0000,0,0,-207.200,-1681.281,55.777,0.000,0,-1.000000,1.000,28.924,-1.000000,0.0000,0.0000,0,0,0.000,1.000,19.607,-207.200,-1681.281,55.777,0,0,0,99.072490
482,69.0270,walk-into-authored-trunk,-227.275,-1680.848,63.470,24.544,-110.762,246.506,-242.464,-1700.617,-18.007,-221.109,-1690.547,-21.989,0.7013,0.2045,-251.288,-1687.427,56.600,-205.057,-1685.317,55.243,0.8270,0.0000,1.6000,1,-100.000,550.000,0.0000,0.0000,0,0,-205.057,-1685.317,55.243,0.000,0,-1.000000,1.000,28.924,-1.000000,0.0000,0.0000,0,0,0.000,1.000,19.607,-205.057,-1685.317,55.243,0,0,0,99.070305
483,69.1646,walk-into-authored-trunk,-224.815,-1683.007,63.497,24.036,-113.494,243.793,-242.053,-1704.597,-18.744,-218.527,-1690.856,-21.822,0.6867,0.2003,-249.071,-1687.489,56.443,-203.423,-1689.343,55.256,0.8545,0.0000,1.6000,1,-100.000,550.000,0.0000,0.0000,0,0,-203.423,-1689.343,55.256,0.000,0,-1.000000,1.000,28.924,-1.000000,0.0000,0.0000,0,0,0.000,1.000,19.607,-203.423,-1689.343,55.256,0,0,0,99.068108
484,69.3025,walk-into-authored-trunk,-222.480,-1685.247,63.525,23.670,-116.207,241.112,-241.535,-1708.194,-19.991,-215.671,-1691.488,-22.157,0.6763,0.1973,-246.552,-1687.671,55.801,-201.884,-1693.635,54.774,0.8818,0.0000,1.6000,1,-100.000,550.000,0.0000,0.0000,0,0,-201.884,-1693.635,54.774,0.000,0,-1.000000,1.000,28.924,-1.000000,0.0000,0.0000,0,0,0.000,1.000,19.607,-201.884,-1693.635,54.774,0,0,0,99.065898
485,69.4438,walk-into-authored-trunk,-220.224,-1687.606,63.553,23.392,-118.888,238.419,-241.050,-1711.275,-20.991,-212.755,-1692.268,-22.238,0.6684,0.1949,-243.960,-1687.799,55.429,-200.673,-1698.087,54.606,0.9093,0.0000,1.6000,1,-100.000,550.000,0.0000,0.0000,0,0,-200.673,-1698.087,54.606,0.000,0,-1.000000,1.000,28.924,-1.000000,0.0000,0.0000,0,0,0.000,1.000,19.607,-200.673,-1698.087,54.606,0,0,0,99.063639
486,69.5838,walk-into-authored-trunk,-218.121,-1690.025,63.581,23.136,-121.581,235.788,-240.799,-1713.965,-22.001,-209.954,-1693.218,-22.548,0.6610,0.1928,-241.429,-1687.943,54.900,-199.901,-1702.527,54.294,0.9363,0.0000,1.6000,1,-100.000,550.000,0.0000,0.0000,0,0,-199.901,-1702.527,54.294,0.000,0,-1.000000,1.000,28.924,-1.000000,0.0000,0.0000,0,0,0.000,1.000,19.607,-199.901,-1702.527,54.294,0,0,0,99.061397
487,69.7246,walk-into-authored-trunk,-216.137,-1692.516,63.610,22.913,-124.212,233.185,-240.428,-1716.155,-22.495,-207.164,-1694.353,-22.575,0.6547,0.1909,-238.778,-1688.055,54.744,-199.404,-1706.930,54.396,0.9632,0.0000,1.6000,1,-100.000,550.000,0.0000,0.0000,0,0,-199.404,-1706.930,54.396,0.000,0,-1.000000,1.000,28.924,-1.000000,0.0000,0.0000,0,0,0.000,1.000,19.607,-199.404,-1706.930,54.396,0,0,0,99.059147
488,69.8610,walk-into-authored-trunk,-214.348,-1694.992,63.638,22.682,-126.815,230.697,-239.794,-1717.765,-22.781,-204.409,-1695.756,-22.720,0.6480,0.1890,-236.083,-1688.311,54.641,-199.076,-1711.195,54.535,0.9889,0.0000,1.6000,1,-100.000,550.000,0.0000,0.0000,0,0,-199.076,-1711.195,54.535,0.000,0,-1.000000,1.000,28.924,-1.000000,0.0000,0.0000,0,0,0.000,1.000,19.607,-199.076,-1711.195,54.535,0,0,0,99.056968
489,70.0010,walk-into-authored-trunk,-212.615,-1697.584,63.666,22.520,-129.303,228.164,-238.271,-1718.167,-22.654,-202.365,-1698.256,-22.765,0.6434,0.1877,-233.330,-1688.710,54.563,-198.996,-1715.461,54.705,0.0152,0.0000,1.6000,1,-100.000,550.000,0.0000,0.0000,0,0,-198.996,-1715.461,54.705,0.000,0,-1.000000,1.000,28.924,-1.000000,0.0000,0.0000,0,0,0.000,1.000,19.607,-198.996,-1715.461,54.705,0,0,0,99.054725
490,70.1381,walk-into-authored-trunk,-211.051,-1700.180,63.694,22.352,-131.836,225.710,-236.214,-1718.012,-22.370,-201.256,-1701.936,-22.342,0.6386,0.1863,-230.570,-1689.285,54.642,-199.047,-1719.570,55.000,0.0408,0.0000,1.6000,1,-100.000,550.000,0.0000,0.0000,0,0,-199.047,-1719.570,55.000,0.000,0,-1.000000,1.000,28.924,-1.000000,0.0000,0.0000,0,0,0.000,1.000,19.607,-199.047,-1719.570,55.000,0,0,0,99.052529
491,70.2772,walk-into-authored-trunk,-209.580,-1702.850,63.723,22.221,-134.290,223.248,-234.208,-1718.010,-22.160,-200.658,-1705.849,-21.729,0.6349,0.1852,-227.934,-1690.060,54.782,-199.333,-1723.535,55.344,0.0665,0.0000,1.6000,1,-100.000,550.000,0.0000,0.0000,0,0,-199.333,-1723.535,55.344,0.000,0,-1.000000,1.000,28.924,-1.000000,0.0000,0.0000,0,0,0.000,1.000,19.607,-199.333,-1723.535,55.344,0,0,0,99.050305
492,70.4169,walk-into-authored-trunk,-208.221,-1705.584,63.753,22.113,-136.752,220.790,-232.033,-1718.221,-21.907,-200.519,-1710.166,-20.837,0.6318,0.1843,-225.244,-1691.086,55.107,-199.626,-1727.410,55.829,0.0923,0.0000,1.6000,1,-100.000,550.000,0.0000,0.0000,0,0,-199.626,-1727.410,55.829,0.000,0,-1.000000,1.000,28.924,-1.000000,0.0000,0.0000,0,0,0.000,1.000,19.607,-199.626,-1727.410,55.829,0,0,0,99.048068
493,70.5565,walk-into-authored-trunk,-206.991,-1708.352,63.782,22.010,-139.210,218.358,-229.897,-1718.490,-21.774,-200.846,-1714.478,-19.991,0.6289,0.1834,-222.711,-1692.254,55.358,-200.107,-1731.064,56.231,0.1179,0.0000,1.6000,1,-100.000,550.000,0.0000,0.0000,0,0,-200.107,-1731.064,56.231,0.000,0,-1.000000,1.000,28.924,-1.000000,0.0000,0.0000,0,0,0.000,1.000,19.607,-200.107,-1731.064,56.231,0,0,0,99.045837
494,70.6941,walk-into-authored-trunk,-205.897,-1711.124,63.810,21.907,-141.642,215.969,-227.703,-1718.974,-21.530,-201.724,-1719.092,-19.045,0.6259,0.1826,-220.378,-1693.786,55.767,-200.612,-1734.591,56.768,0.1430,0.0000,1.6000,1,-100.000,550.000,0.0000,0.0000,0,0,-200.612,-1734.591,56.768,0.000,0,-1.000000,1.000,28.924,-1.000000,0.0000,0.0000,0,0,0.000,1.000,19.607,-200.612,-1734.591,56.768,0,0,0,99.043633
495,70.8350,walk-into-authored-trunk,-204.892,-1713.984,63.839,21.844,-144.031,213.544,-225.561,-1719.714,-21.501,-202.949,-1723.671,-18.345,0.6241,0.1820,-218.081,-1695.523,55.960,-201.106,-1738.004,57.041,0.1686,0.0000,1.6000,1,-100.000,550.000,0.0000,0.0000,0,0,-201.106,-1738.004,57.041,0.000,0,-1.000000,1.000,28.924,-1.000000,0.0000,0.0000,0,0,0.000,1.000,19.607,-201.106,-1738.004,57.041,0,0,0,99.041382
496,70.9735,walk-into-authored-trunk,-204.031,-1716.838,63.868,21.769,-146.456,211.163,-223.341,-1720.468,-21.420,-204.747,-1728.267,-17.746,0.6220,0.1814,-216.096,-1697.474,56.200,-201.639,-1741.192,57.342,0.1938,0.0000,1.6000,1,-100.000,550.000,0.0000,0.0000,0,0,-201.639,-1741.192,57.342,0.000,0,-1.000000,1.000,28.924,-1.000000,0.0000,0.0000,0,0,0.000,1.000,19.607,-201.639,-1741.192,57.342,0,0,0,99.039162
497,71.1173,retreat-from-authored-trunk,-203.251,-1719.814,63.897,21.745,-148.837,208.711,-220.997,-1721.516,-21.206,-206.967,-1732.982,-17.140,0.6213,0.1812,-214.316,-1699.785,56.510,-202.148,-1744.421,57.713,0.2198,0.0000,1.6000,1,-100.000,550.000,0.0000,0.0000,0,0,-202.148,-1744.421,57.713,0.000,0,-1.000000,1.000,28.924,-1.000000,0.0000,0.0000,0,0,0.000,1.000,19.607,-202.148,-1744.421,57.713,0,0,0,99.036866
498,71.2542,retreat-from-authored-trunk,-197.588,-1718.104,63.897,60.931,-107.634,206.373,-208.245,-1724.692,-21.009,-194.279,-1740.239,-13.031,1.0000,0.5078,-218.044,-1705.891,55.671,-182.199,-1739.966,57.549,0.2895,0.0000,1.6000,1,-100.000,550.000,0.0000,0.0000,0,0,-182.199,-1739.966,57.549,0.000,0,-1.000000,1.000,28.924,-1.000000,0.0000,0.0000,0,0,0.000,1.000,19.607,-182.199,-1739.966,57.549,0,0,0,99.034668
499,71.3940,retreat-from-authored-trunk,-185.909,-1712.494,63.897,101.250,-65.781,204.957,-195.755,-1711.792,-21.168,-160.207,-1742.122,-18.609,1.0000,0.8438,-206.159,-1721.478,53.267,-161.210,-1713.779,54.441,0.4072,0.0000,1.6000,1,-100.000,550.000,0.0000,0.0000,0,0,-161.210,-1713.779,54.441,0.000,0,-1.000000,1.000,28.924,-1.000000,0.0000,0.0000,0,0,0.000,1.000,19.607,-161.210,-1713.779,54.441,0,0,0,99.032436
500,71.5312,retreat-from-authored-trunk,-173.332,-1706.549,63.897,101.250,-24.561,204.696,-191.245,-1708.800,-20.874,-132.039,-1713.039,-21.106,1.0000,0.8438,-173.896,-1729.292,52.930,-161.806,-1687.356,52.595,0.5232,0.0000,1.6000,1,-100.000,550.000,0.0000,0.0000,0,0,-161.806,-1687.356,52.595,0.000,0,-1.000000,1.000,28.924,-1.000000,0.0000,0.0000,0,0,0.000,1.000,19.607,-161.806,-1687.356,52.595,0,0,0,99.030238
501,71.6696,retreat-from-authored-trunk,-160.634,-1700.673,63.897,101.250,16.895,204.696,-162.113,-1710.433,-16.017,-138.352,-1683.046,-20.978,1.0000,0.8438,-139.197,-1714.648,56.058,-172.590,-1680.942,54.402,0.6398,0.0000,1.6000,1,-100.000,550.000,0.0000,0.0000,0,0,-172.590,-1680.942,54.402,0.000,0,-1.000000,1.000,28.924,-1.000000,0.0000,0.0000,0,0,0.000,1.000,19.607,-172.590,-1680.942,54.402,0,0,0,99.028027
502,71.8129,retreat-from-authored-trunk,-147.433,-1694.597,63.897,101.250,24.696,204.696,-129.562,-1694.841,-12.555,-140.635,-1681.118,-20.993,1.0000,0.8438,-122.267,-1704.090,57.889,-164.603,-1677.945,55.866,0.7609,0.0000,1.6000,1,-100.000,550.000,0.0000,0.0000,0,0,-164.603,-1677.945,55.866,0.000,0,-1.000000,1.000,28.924,-1.000000,0.0000,0.0000,0,0,0.000,1.000,19.607,-164.603,-1677.945,55.866,0,0,0,99.025730
503,71.9516,retreat-from-authored-trunk,-134.693,-1688.737,63.897,101.250,24.696,204.696,-100.031,-1679.986,-16.994,-140.252,-1681.874,-21.112,1.0000,0.8438,-112.290,-1700.258,55.408,-148.368,-1670.513,53.939,0.8777,0.0000,1.6000,1,-100.000,550.000,0.0000,0.0000,0,0,-148.368,-1670.513,53.939,0.000,0,-1.000000,1.000,28.924,-1.000000,0.0000,0.0000,0,0,0.000,1.000,19.607,-148.368,-1670.513,53.939,0,0,0,99.023515
504,72.0900,retreat-from-authored-trunk,-121.941,-1682.873,63.897,101.250,24.696,204.696,-79.357,-1669.888,-20.968,-139.839,-1682.617,-21.038,1.0000,0.8438,-106.218,-1699.069,52.770,-127.597,-1661.179,52.688,0.9947,0.0000,1.6000,1,-100.000,550.000,0.0000,0.0000,0,0,-127.597,-1661.179,52.688,0.000,0,-1.000000,1.000,28.924,-1.000000,0.0000,0.0000,0,0,0.000,1.000,19.607,-127.597,-1661.179,52.688,0,0,0,99.021296
505,72.2267,retreat-from-authored-trunk,-109.392,-1677.102,63.897,101.250,24.696,204.696,-78.378,-1670.351,-21.066,-121.299,-1673.705,-17.609,1.0000,0.8438,-101.089,-1698.178,53.727,-107.200,-1652.300,55.052,0.1098,0.0000,1.6000,1,-100.000,550.000,0.0000,0.0000,0,0,-107.200,-1652.300,55.052,0.000,0,-1.000000,1.000,28.924,-1.000000,0.0000,0.0000,0,0,0.000,1.000,19.607,-107.200,-1652.300,55.052,0,0,0,99.019114
506,72.3650,retreat-from-authored-trunk,-96.644,-1671.239,63.897,101.250,24.696,204.696,-78.016,-1671.102,-20.968,-92.368,-1659.145,-12.677,1.0000,0.8438,-92.098,-1694.682,55.842,-90.660,-1645.045,57.753,0.2267,0.0000,1.6000,1,-100.000,550.000,0.0000,0.0000,0,0,-90.660,-1645.045,57.753,0.000,0,-1.000000,1.000,28.924,-1.000000,0.0000,0.0000,0,0,0.000,1.000,19.607,-90.660,-1645.045,57.753,0,0,0,99.016896
507,72.5060,retreat-from-authored-trunk,-83.701,-1665.287,63.897,101.250,24.696,204.696,-77.561,-1671.907,-20.863,-61.267,-1643.487,-15.070,1.0000,0.8438,-77.383,-1687.676,54.879,-79.340,-1639.734,56.565,0.3454,0.0000,1.6000,1,-100.000,550.000,0.0000,0.0000,0,0,-79.340,-1639.734,56.565,0.000,0,-1.000000,1.000,28.924,-1.000000,0.0000,0.0000,0,0,0.000,1.000,19.607,-79.340,-1639.734,56.565,0,0,0,99.014645
508,72.6549,retreat-from-authored-trunk,-69.977,-1658.976,63.897,101.250,24.696,204.696,-77.123,-1672.826,-21.120,-36.054,-1631.157,-20.829,1.0000,0.8438,-56.503,-1676.867,52.575,-72.940,-1636.348,52.980,0.4713,0.0000,1.6000,1,-100.000,550.000,0.0000,0.0000,0,0,-72.940,-1636.348,52.980,0.000,0,-1.000000,1.000,28.924,-1.000000,0.0000,0.0000,0,0,0.000,1.000,19.607,-72.940,-1636.348,52.980,0,0,0,99.012258
509,72.7996,retreat-from-authored-trunk,-56.689,-1652.865,63.897,101.250,24.696,204.696,-62.145,-1665.427,-18.577,-32.242,-1629.708,-21.173,1.0000,0.8438,-35.767,-1665.255,54.475,-68.716,-1633.717,53.275,0.5932,0.0000,1.6000,1,-100.000,550.000,0.0000,0.0000,0,0,-68.716,-1633.717,53.275,0.000,0,-1.000000,1.000,28.924,-1.000000,0.0000,0.0000,0,0,0.000,1.000,19.607,-68.716,-1633.717,53.275,0,0,0,99.009947
510,72.9537,retreat-from-authored-trunk,-42.485,-1646.333,63.897,101.250,24.696,204.696,-30.479,-1649.722,-12.718,-31.688,-1630.668,-20.930,1.0000,0.8438,-17.424,-1655.887,57.843,-59.527,-1629.605,55.837,0.7235,0.0000,1.6000,1,-100.000,550.000,0.0000,0.0000,0,0,-59.527,-1629.605,55.837,0.000,0,-1.000000,1.000,28.924,-1.000000,0.0000,0.0000,0,0,0.000,1.000,19.607,-59.527,-1629.605,55.837,0,0,0,99.007476
511,73.0995,retreat-from-authored-trunk,-29.106,-1640.180,63.897,101.250,24.696,204.696,1.620,-1633.633,-15.284,-31.325,-1631.612,-21.036,1.0000,0.8438,-5.477,-1650.900,56.390,-44.262,-1622.688,54.689,0.8462,0.0000,1.6000,1,-100.000,550.000,0.0000,0.0000,0,0,-44.262,-1622.688,54.689,0.000,0,-1.000000,1.000,28.924,-1.000000,0.0000,0.0000,0,0,0.000,1.000,19.607,-44.262,-1622.688,54.689,0,0,0,99.005149
512,73.2396,retreat-from-authored-trunk,-16.196,-1634.244,64.153,101.250,24.696,204.696,25.828,-1621.704,-20.357,-30.887,-1632.401,-20.878,1.0000,0.8438,1.537,-1649.191,53.336,-24.020,-1613.574,52.837,0.9646,0.0000,1.6000,1,-100.000,550.000,0.0000,0.0000,0,0,-24.020,-1613.574,52.837,0.000,0,-1.000000,1.000,28.924,-1.000000,0.0000,0.0000,0,0,0.000,1.000,19.607,-24.020,-1613.574,52.837,0,0,0,99.002904
513,73.3779,retreat-from-authored-trunk,-3.491,-1628.401,64.153,101.250,24.696,204.696,30.531,-1619.925,-20.696,-18.257,-1626.407,-18.653,1.0000,0.8438,6.415,-1648.343,53.511,-2.992,-1604.147,54.552,0.0812,0.0000,1.6000,1,-100.000,550.000,0.0000,0.0000,0,0,-2.992,-1604.147,54.552,0.000,0,-1.000000,1.000,28.924,-1.000000,0.0000,0.0000,0,0,0.000,1.000,19.607,-2.992,-1604.147,54.552,0,0,0,99.000694
514,73.5186,retreat-from-authored-trunk,9.478,-1622.437,64.153,101.250,24.696,204.696,31.010,-1620.840,-20.877,9.631,-1612.596,-13.158,1.0000,0.8438,14.344,-1645.702,55.683,15.131,-1596.416,57.532,0.2001,0.0000,1.6000,1,-100.000,550.000,0.0000,0.0000,0,0,15.131,-1596.416,57.532,0.000,0,-1.000000,1.000,28.924,-1.000000,0.0000,0.0000,0,0,0.000,1.000,19.607,15.131,-1596.416,57.532,0,0,0,98.998438
515,73.6553,retreat-from-authored-trunk,22.028,-1616.666,64.153,101.250,24.696,204.696,31.307,-1621.491,-20.726,40.133,-1597.051,-13.556,1.0000,0.8438,27.320,-1639.560,55.578,27.299,-1590.655,57.407,0.3152,0.0000,1.6000,1,-100.000,550.000,0.0000,0.0000,0,0,27.299,-1590.655,57.407,0.000,0,-1.000000,1.000,28.924,-1.000000,0.0000,0.0000,0,0,0.000,1.000,19.607,27.299,-1590.655,57.407,0,0,0,98.996255
516,73.7945,retreat-from-authored-trunk,34.858,-1610.766,64.408,101.250,24.696,204.696,31.640,-1622.181,-20.308,66.659,-1583.714,-18.856,1.0000,0.8438,45.654,-1630.083,53.679,34.465,-1586.809,54.586,0.4329,0.0000,1.6000,1,-100.000,550.000,0.0000,0.0000,0,0,34.465,-1586.809,54.586,0.000,0,-1.000000,1.000,28.924,-1.000000,0.0000,0.0000,0,0,0.000,1.000,19.607,34.465,-1586.809,54.586,0,0,0,98.994024
517,73.9310,retreat-from-authored-trunk,47.393,-1605.001,64.408,101.250,24.696,204.696,38.462,-1619.661,-19.945,76.765,-1579.512,-20.725,1.0000,0.8438,65.855,-1619.405,53.724,38.592,-1584.696,53.064,0.5479,0.0000,1.6000,1,-100.000,550.000,0.0000,0.0000,0,0,38.592,-1584.696,53.064,0.000,0,-1.000000,1.000,28.924,-1.000000,0.0000,0.0000,0,0,0.000,1.000,19.607,38.592,-1584.696,53.064,0,0,0,98.991844
518,74.0708,retreat-from-authored-trunk,60.265,-1599.081,64.408,101.250,24.696,204.696,63.495,-1607.006,-14.326,77.088,-1580.052,-20.653,1.0000,0.8438,84.196,-1609.305,57.097,44.537,-1581.608,55.285,0.6659,0.0000,1.6000,1,-100.000,550.000,0.0000,0.0000,0,0,44.537,-1581.608,55.285,0.000,0,-1.000000,1.000,28.924,-1.000000,0.0000,0.0000,0,0,0.000,1.000,19.607,44.537,-1581.608,55.285,0,0,0,98.989605
