seconds,pass,wall_frame_ms,engine_delta_ms,captures_requested_before_tick,capture_requested_this_tick,x,y,speed,view_yaw
0.000020,close-notes,0.020102,16.666803,0,0,-1000.000,0.000,0.000,15.000
0.002861,close-notes,2.840698,37.134399,0,0,-1000.000,0.000,0.000,15.000
0.019395,close-notes,16.534302,16.666698,0,0,-1000.000,0.000,0.000,15.000
0.036236,close-notes,16.840797,16.666800,0,0,-1000.000,0.000,0.000,15.000
0.052743,close-notes,16.507301,16.666702,0,0,-1000.000,0.000,0.000,15.000
0.069347,close-notes,16.603999,16.666698,0,0,-1000.000,0.000,0.000,15.000
0.086080,close-notes,16.732402,16.666698,0,0,-1000.000,0.000,0.000,15.000
0.102768,close-notes,16.688701,16.666800,0,0,-1000.000,0.000,0.000,15.000
0.119393,close-notes,16.624898,16.666800,0,0,-1000.000,0.000,0.000,15.000
0.136076,close-notes,16.683102,16.666698,0,0,-1000.000,0.000,0.000,15.000
0.152750,close-notes,16.673699,16.666800,0,0,-1000.000,0.000,0.000,15.000
0.169399,close-notes,16.649000,16.666803,0,0,-1000.000,0.000,0.000,15.000
0.186067,close-notes,16.668499,16.666800,0,0,-1000.000,0.000,0.000,15.000
0.202698,close-notes,16.630299,16.666698,0,0,-1000.000,0.000,0.000,15.000
0.219419,close-notes,16.721301,16.666698,0,0,-1000.000,0.000,0.000,15.000
0.236110,close-notes,16.690902,16.666800,0,0,-1000.000,0.000,0.000,15.000
0.252747,close-notes,16.636699,16.666800,0,0,-1000.000,0.000,0.000,15.000
0.269401,close-notes,16.654700,16.666800,0,0,-1000.000,0.000,0.000,15.000
0.286299,close-notes,16.897999,16.666698,0,0,-1000.000,0.000,0.000,15.000
0.302708,close-notes,16.408201,16.666702,0,0,-1000.000,0.000,0.000,15.000
0.319387,close-notes,16.679399,16.666800,0,0,-1000.000,0.000,0.000,15.000
0.336049,close-notes,16.662199,16.666698,0,0,-1000.000,0.000,0.000,15.000
0.352741,close-notes,16.691800,16.666698,0,0,-1000.000,0.000,0.000,15.000
0.369371,close-notes,16.629502,16.666698,0,0,-1000.000,0.000,0.000,15.000
0.386105,close-notes,16.734898,16.666800,0,0,-1000.000,0.000,0.000,15.000
0.402700,close-notes,16.594902,16.666702,0,0,-1000.000,0.000,0.000,15.000
0.419526,close-notes,16.825199,16.666698,0,0,-1000.000,0.000,0.000,15.000
0.436045,close-notes,16.519301,16.666800,0,0,-1000.000,0.000,0.000,15.000
0.452744,close-notes,16.699500,16.666800,0,0,-1000.000,0.000,0.000,15.000
0.469367,close-notes,16.622998,16.666800,0,0,-1000.000,0.000,0.000,15.000
0.486103,close-notes,16.735703,16.666800,0,0,-1000.000,0.000,0.000,15.000
0.502718,close-notes,16.615197,16.666698,0,0,-1000.000,0.000,0.000,15.000
0.519394,close-notes,16.675800,16.666800,0,0,-1000.000,0.000,0.000,15.000
0.536248,close-notes,16.853999,16.666702,0,0,-1000.000,0.000,0.000,15.000
0.552727,close-notes,16.478803,16.666800,0,0,-1000.000,0.000,0.000,15.000
0.569369,close-notes,16.641900,16.666800,0,0,-1000.000,0.000,0.000,15.000
0.586074,close-notes,16.705498,16.666698,0,0,-1000.000,0.000,0.000,15.000
0.602693,close-notes,16.619101,16.666800,0,0,-1000.000,0.000,0.000,15.000
0.619409,close-notes,16.715601,16.666698,0,0,-1000.000,0.000,0.000,15.000
0.636048,close-notes,16.639099,16.666698,0,0,-1000.000,0.000,0.000,15.000
0.652959,close-notes,16.910698,16.666800,0,0,-1000.000,0.000,0.000,15.000
0.669491,close-notes,16.532801,16.666800,0,0,-1000.000,0.000,0.000,15.000
0.686131,close-notes,16.639799,16.666803,0,0,-1000.000,0.000,0.000,15.000
0.702689,close-notes,16.558003,16.666698,0,0,-1000.000,0.000,0.000,15.000
0.719391,close-notes,16.702000,16.666800,0,0,-1000.000,0.000,0.000,15.000
0.736024,close-notes,16.632598,16.666800,0,0,-1000.000,0.000,0.000,15.000
0.752714,close-notes,16.689703,16.666800,0,0,-1000.000,0.000,0.000,15.000
0.769342,close-notes,16.628299,16.666698,0,0,-1000.000,0.000,0.000,15.000
0.786270,close-notes,16.927700,16.666800,0,0,-1000.000,0.000,0.000,15.000
0.802724,close-notes,16.454197,16.666698,0,0,-1000.000,0.000,0.000,15.000
0.819400,close-notes,16.676303,16.666800,0,0,-1000.000,0.000,0.000,15.000
0.836029,close-notes,16.628999,16.666803,0,0,-1000.000,0.000,0.000,15.000
0.852746,close-notes,16.716599,16.666800,0,0,-1000.000,0.000,0.000,15.000
0.869367,close-notes,16.620900,16.666800,0,0,-1000.000,0.000,0.000,15.000
0.886061,close-notes,16.694598,16.666800,0,0,-1000.000,0.000,0.000,15.000
0.902702,close-notes,16.641200,16.666698,0,0,-1000.000,0.000,0.000,15.000
0.919466,close-notes,16.764101,16.666698,0,0,-1000.000,0.000,0.000,15.000
0.936028,close-notes,16.561899,16.666800,0,0,-1000.000,0.000,0.000,15.000
0.952731,close-notes,16.702201,16.666698,0,0,-1000.000,0.000,0.000,15.000
0.969362,close-notes,16.631402,16.666800,0,0,-1000.000,0.000,0.000,15.000
0.986060,close-notes,16.697500,16.666702,0,0,-1000.000,0.000,0.000,15.000
1.002694,close-notes,16.634800,16.666698,0,0,-1000.000,0.000,0.000,15.000
1.019386,warm-up-no-capture,16.691297,16.666800,0,0,-1000.000,0.000,0.000,15.000
1.036236,warm-up-no-capture,16.849902,16.666698,0,0,-1000.000,0.000,0.000,15.000
1.052715,warm-up-no-capture,16.479298,16.666800,0,0,-1000.000,0.000,0.000,15.000
1.069375,warm-up-no-capture,16.660102,16.666800,0,0,-1000.000,0.000,0.000,15.000
1.086017,warm-up-no-capture,16.641799,16.666698,0,0,-1000.000,0.000,0.000,15.000
1.102661,warm-up-no-capture,16.644701,16.666803,0,0,-1000.000,0.000,0.000,15.000
1.119593,warm-up-no-capture,16.931001,16.666698,0,0,-1000.000,0.000,0.000,15.000
1.136105,warm-up-no-capture,16.512100,16.666698,0,0,-1000.000,0.000,0.000,15.000
1.152720,warm-up-no-capture,16.615700,16.666800,0,0,-1000.000,0.000,0.000,15.000
1.169373,warm-up-no-capture,16.652297,16.666698,0,0,-1000.000,0.000,0.000,15.000
1.186071,warm-up-no-capture,16.697802,16.666698,0,0,-1000.000,0.000,0.000,15.000
1.202789,warm-up-no-capture,16.718701,16.671001,0,0,-1000.000,0.000,0.000,15.000
1.219406,warm-up-no-capture,16.616400,16.666698,0,0,-1000.000,0.000,0.000,15.000
1.236042,warm-up-no-capture,16.636100,16.666698,0,0,-1000.000,0.000,0.000,15.000
1.252730,warm-up-no-capture,16.688298,16.666800,0,0,-1000.000,0.000,0.000,15.000
1.269396,warm-up-no-capture,16.666099,16.666702,0,0,-1000.000,0.000,0.000,15.000
1.286291,warm-up-no-capture,16.895201,16.666698,0,0,-1000.000,0.000,0.000,15.000
1.302711,warm-up-no-capture,16.419601,16.666698,0,0,-1000.000,0.000,0.000,15.000
1.319416,warm-up-no-capture,16.704999,16.666800,0,0,-1000.000,0.000,0.000,15.000
1.336017,warm-up-no-capture,16.600799,16.666800,0,0,-1000.000,0.000,0.000,15.000
1.352973,warm-up-no-capture,16.955603,16.666800,0,0,-1000.000,0.000,0.000,15.000
1.369357,warm-up-no-capture,16.384900,16.666698,0,0,-1000.000,0.000,0.000,15.000
1.386095,warm-up-no-capture,16.737301,16.666800,0,0,-1000.000,0.000,0.000,15.000
1.402718,warm-up-no-capture,16.622897,16.666702,0,0,-1000.000,0.000,0.000,15.000
1.419439,warm-up-no-capture,16.721100,16.666800,0,0,-1000.000,0.000,0.000,15.000
1.436085,warm-up-no-capture,16.645800,16.666698,0,0,-1000.000,0.000,0.000,15.000
1.452732,warm-up-no-capture,16.647700,16.666800,0,0,-1000.000,0.000,0.000,15.000
1.469360,warm-up-no-capture,16.628001,16.666800,0,0,-1000.000,0.000,0.000,15.000
1.486062,warm-up-no-capture,16.702201,16.666800,0,0,-1000.000,0.000,0.000,15.000
1.502723,warm-up-no-capture,16.660798,16.666698,0,0,-1000.000,0.000,0.000,15.000
1.519421,warm-up-no-capture,16.697902,16.666800,0,0,-1000.000,0.000,0.000,15.000
1.536297,warm-up-no-capture,16.875897,16.666702,0,0,-1000.000,0.000,0.000,15.000
1.552740,warm-up-no-capture,16.443200,16.666698,0,0,-1000.000,0.000,0.000,15.000
1.569368,warm-up-no-capture,16.627800,16.666698,0,0,-1000.000,0.000,0.000,15.000
1.586099,warm-up-no-capture,16.730800,16.666698,0,0,-1000.000,0.000,0.000,15.000
1.602725,warm-up-no-capture,16.626500,16.666800,0,0,-1000.000,0.000,0.000,15.000
1.619412,warm-up-no-capture,16.686302,16.666800,0,0,-1000.000,0.000,0.000,15.000
1.636025,warm-up-no-capture,16.613901,16.666800,0,0,-1000.000,0.000,0.000,15.000
1.652894,warm-up-no-capture,16.868800,16.666803,0,0,-1000.000,0.000,0.000,15.000
1.669453,warm-up-no-capture,16.558401,16.666800,0,0,-1000.000,0.000,0.000,15.000
1.686101,warm-up-no-capture,16.648699,16.666800,0,0,-1000.000,0.000,0.000,15.000
1.702707,warm-up-no-capture,16.605899,16.666800,0,0,-1000.000,0.000,0.000,15.000
1.719413,warm-up-no-capture,16.705800,16.666698,0,0,-1000.000,0.000,0.000,15.000
1.736091,warm-up-no-capture,16.678300,16.666698,0,0,-1000.000,0.000,0.000,15.000
1.752760,warm-up-no-capture,16.669203,16.666698,0,0,-1000.000,0.000,0.000,15.000
1.769381,warm-up-no-capture,16.620100,16.666800,0,0,-1000.000,0.000,0.000,15.000
1.786303,warm-up-no-capture,16.922001,16.666800,0,0,-1000.000,0.000,0.000,15.000
1.802701,warm-up-no-capture,16.398299,16.666803,0,0,-1000.000,0.000,0.000,15.000
1.819402,warm-up-no-capture,16.701300,16.666800,0,0,-1000.000,0.000,0.000,15.000
1.836044,warm-up-no-capture,16.642198,16.666698,0,0,-1000.000,0.000,0.000,15.000
1.852749,warm-up-no-capture,16.704902,16.666698,0,0,-1000.000,0.000,0.000,15.000
1.869380,warm-up-no-capture,16.630597,16.666800,0,0,-1000.000,0.000,0.000,15.000
1.886070,warm-up-no-capture,16.689502,16.666800,0,0,-1000.000,0.000,0.000,15.000
1.902763,warm-up-no-capture,16.693301,16.666800,0,0,-1000.000,0.000,0.000,15.000
1.919477,warm-up-no-capture,16.713697,16.666698,0,0,-1000.000,0.000,0.000,15.000
1.936041,warm-up-no-capture,16.564701,16.666702,0,0,-1000.000,0.000,0.000,15.000
1.952716,warm-up-no-capture,16.674802,16.666698,0,0,-1000.000,0.000,0.000,15.000
1.969392,warm-up-no-capture,16.676098,16.666698,0,0,-1000.000,0.000,0.000,15.000
1.986072,warm-up-no-capture,16.680002,16.666698,0,0,-1000.000,0.000,0.000,15.000
2.002702,warm-up-no-capture,16.630199,16.666698,0,0,-1000.000,0.000,0.000,15.000
2.019402,warm-up-no-capture,16.699299,16.666702,0,0,-1000.000,0.000,0.000,15.000
2.036268,warm-up-no-capture,16.865902,16.666698,0,0,-1000.000,0.000,0.000,15.000
2.052745,warm-up-no-capture,16.477097,16.666698,0,0,-1000.000,0.000,0.000,15.000
2.069354,warm-up-no-capture,16.609102,16.666698,0,0,-1000.000,0.000,0.000,15.000
2.086060,warm-up-no-capture,16.705900,16.666800,0,0,-1000.000,0.000,0.000,15.000
2.102704,warm-up-no-capture,16.644198,16.666800,0,0,-1000.000,0.000,0.000,15.000
2.119412,warm-up-no-capture,16.707499,16.666702,0,0,-1000.000,0.000,0.000,15.000
2.136040,warm-up-no-capture,16.628802,16.666698,0,0,-1000.000,0.000,0.000,15.000
2.152871,warm-up-no-capture,16.830701,16.666698,0,0,-1000.000,0.000,0.000,15.000
2.169419,warm-up-no-capture,16.547397,16.666698,0,0,-1000.000,0.000,0.000,15.000
2.186111,warm-up-no-capture,16.692702,16.666702,0,0,-1000.000,0.000,0.000,15.000
2.202705,warm-up-no-capture,16.593698,16.666800,0,0,-1000.000,0.000,0.000,15.000
2.219406,warm-up-no-capture,16.701501,16.666800,0,0,-1000.000,0.000,0.000,15.000
2.236035,warm-up-no-capture,16.628999,16.666800,0,0,-1000.000,0.000,0.000,15.000
2.252726,warm-up-no-capture,16.690902,16.666800,0,0,-1000.000,0.000,0.000,15.000
2.269355,warm-up-no-capture,16.628299,16.666698,0,0,-1000.000,0.000,0.000,15.000
2.286277,warm-up-no-capture,16.922299,16.666698,0,0,-1000.000,0.000,0.000,15.000
2.302682,warm-up-no-capture,16.405303,16.666698,0,0,-1000.000,0.000,0.000,15.000
2.319402,warm-up-no-capture,16.719997,16.666800,0,0,-1000.000,0.000,0.000,15.000
2.336073,warm-up-no-capture,16.670901,16.666702,0,0,-1000.000,0.000,0.000,15.000
2.352741,warm-up-no-capture,16.667601,16.666698,0,0,-1000.000,0.000,0.000,15.000
2.369414,warm-up-no-capture,16.673401,16.666698,0,0,-1000.000,0.000,0.000,15.000
2.386091,warm-up-no-capture,16.676899,16.666698,0,0,-1000.000,0.000,0.000,15.000
2.402707,warm-up-no-capture,16.616400,16.666800,0,0,-1000.000,0.000,0.000,15.000
2.419415,warm-up-no-capture,16.708199,16.666800,0,0,-1000.000,0.000,0.000,15.000
2.436117,warm-up-no-capture,16.701400,16.666800,0,0,-1000.000,0.000,0.000,15.000
2.452740,warm-up-no-capture,16.623400,16.666803,0,0,-1000.000,0.000,0.000,15.000
2.469372,warm-up-no-capture,16.631499,16.666698,0,0,-1000.000,0.000,0.000,15.000
2.486109,warm-up-no-capture,16.736500,16.666698,0,0,-1000.000,0.000,0.000,15.000
2.502703,warm-up-no-capture,16.594499,16.666800,0,0,-1000.000,0.000,0.000,15.000
2.519433,warm-up-no-capture,16.729500,16.666800,0,0,-1000.000,0.000,0.000,15.000
2.536268,warm-up-no-capture,16.835403,16.666800,0,0,-1000.000,0.000,0.000,15.000
2.552802,warm-up-no-capture,16.533699,16.666698,0,0,-1000.000,0.000,0.000,15.000
2.569433,warm-up-no-capture,16.631901,16.666702,0,0,-1000.000,0.000,0.000,15.000
2.586074,warm-up-no-capture,16.640298,16.666800,0,0,-1000.000,0.000,0.000,15.000
2.602734,warm-up-no-capture,16.660400,16.666800,0,0,-1000.000,0.000,0.000,15.000
2.619401,warm-up-no-capture,16.666301,16.666800,0,0,-1000.000,0.000,0.000,15.000
2.636045,warm-up-no-capture,16.644798,16.666698,0,0,-1000.000,0.000,0.000,15.000
2.652749,warm-up-no-capture,16.703900,16.666800,0,0,-1000.000,0.000,0.000,15.000
2.669464,warm-up-no-capture,16.714901,16.666698,0,0,-1000.000,0.000,0.000,15.000
2.686079,warm-up-no-capture,16.615402,16.666698,0,0,-1000.000,0.000,0.000,15.000
2.702697,warm-up-no-capture,16.617797,16.666702,0,0,-1000.000,0.000,0.000,15.000
2.719425,warm-up-no-capture,16.728401,16.666800,0,0,-1000.000,0.000,0.000,15.000
2.736121,warm-up-no-capture,16.695801,16.666698,0,0,-1000.000,0.000,0.000,15.000
2.752763,warm-up-no-capture,16.641799,16.666698,0,0,-1000.000,0.000,0.000,15.000
2.769379,warm-up-no-capture,16.616099,16.666800,0,0,-1000.000,0.000,0.000,15.000
2.786295,warm-up-no-capture,16.916301,16.666698,0,0,-1000.000,0.000,0.000,15.000
2.802693,warm-up-no-capture,16.398001,16.666702,0,0,-1000.000,0.000,0.000,15.000
2.819417,warm-up-no-capture,16.724199,16.666698,0,0,-1000.000,0.000,0.000,15.000
2.836064,warm-up-no-capture,16.646698,16.666800,0,0,-1000.000,0.000,0.000,15.000
2.852737,warm-up-no-capture,16.673103,16.666800,0,0,-1000.000,0.000,0.000,15.000
2.869365,warm-up-no-capture,16.627599,16.666698,0,0,-1000.000,0.000,0.000,15.000
2.886065,warm-up-no-capture,16.700499,16.666800,0,0,-1000.000,0.000,0.000,15.000
2.902702,warm-up-no-capture,16.636800,16.666698,0,0,-1000.000,0.000,0.000,15.000
2.919667,warm-up-no-capture,16.965102,16.843203,0,0,-1000.000,0.000,0.000,15.000
2.936239,warm-up-no-capture,16.571898,16.666800,0,0,-1000.000,0.000,0.000,15.000
2.952914,warm-up-no-capture,16.674303,16.666698,0,0,-1000.000,0.000,0.000,15.000
2.969589,warm-up-no-capture,16.675398,16.666698,0,0,-1000.000,0.000,0.000,15.000
2.986260,warm-up-no-capture,16.671501,16.666800,0,0,-1000.000,0.000,0.000,15.000
3.002903,warm-up-no-capture,16.642198,16.666698,0,0,-1000.000,0.000,0.000,15.000
3.019581,warm-up-no-capture,16.678501,16.666702,0,0,-1000.000,0.000,0.000,15.000
3.036431,warm-up-no-capture,16.849700,16.666698,0,0,-1000.000,0.000,0.000,15.000
3.052912,warm-up-no-capture,16.480699,16.666698,0,0,-1000.000,0.000,0.000,15.000
3.069577,warm-up-no-capture,16.665403,16.666698,0,0,-1000.000,0.000,0.000,15.000
3.086243,warm-up-no-capture,16.665697,16.666800,0,0,-1000.000,0.000,0.000,15.000
3.102862,warm-up-no-capture,16.619001,16.666698,0,0,-1000.000,0.000,0.000,15.000
3.119664,warm-up-no-capture,16.802102,16.666800,0,0,-1000.000,0.000,0.000,15.000
3.136258,warm-up-no-capture,16.594399,16.666702,0,0,-1000.000,0.000,0.000,15.000
3.152919,warm-up-no-capture,16.661100,16.666800,0,0,-1000.000,0.000,0.000,15.000
3.169563,warm-up-no-capture,16.643599,16.666698,0,0,-1000.000,0.000,0.000,15.000
3.186260,warm-up-no-capture,16.697500,16.666698,0,0,-1000.000,0.000,0.000,15.000
3.202942,warm-up-no-capture,16.681701,16.666698,0,0,-1000.000,0.000,0.000,15.000
3.219654,warm-up-no-capture,16.712300,16.666800,0,0,-1000.000,0.000,0.000,15.000
3.236261,warm-up-no-capture,16.607299,16.666803,0,0,-1000.000,0.000,0.000,15.000
3.252906,warm-up-no-capture,16.644299,16.666698,0,0,-1000.000,0.000,0.000,15.000
3.269550,warm-up-no-capture,16.644400,16.666800,0,0,-1000.000,0.000,0.000,15.000
3.286458,warm-up-no-capture,16.907703,16.666800,0,0,-1000.000,0.000,0.000,15.000
3.302931,warm-up-no-capture,16.473297,16.666698,0,0,-1000.000,0.000,0.000,15.000
3.319587,warm-up-no-capture,16.655900,16.666698,0,0,-1000.000,0.000,0.000,15.000
3.336296,warm-up-no-capture,16.709201,16.666698,0,0,-1000.000,0.000,0.000,15.000
3.352999,warm-up-no-capture,16.702801,16.666702,0,0,-1000.000,0.000,0.000,15.000
3.369568,warm-up-no-capture,16.569000,16.666698,0,0,-1000.000,0.000,0.000,15.000
3.386258,warm-up-no-capture,16.689900,16.666698,0,0,-1000.000,0.000,0.000,15.000
3.402887,warm-up-no-capture,16.629200,16.666800,0,0,-1000.000,0.000,0.000,15.000
3.419652,warm-up-no-capture,16.764298,16.666800,0,0,-1000.000,0.000,0.000,15.000
3.436242,warm-up-no-capture,16.590003,16.666698,0,0,-1000.000,0.000,0.000,15.000
3.452935,warm-up-no-capture,16.692799,16.666702,0,0,-1000.000,0.000,0.000,15.000
3.469594,warm-up-no-capture,16.658999,16.666800,0,0,-1000.000,0.000,0.000,15.000
3.486251,warm-up-no-capture,16.657401,16.666800,0,0,-1000.000,0.000,0.000,15.000
3.502895,warm-up-no-capture,16.643800,16.666800,0,0,-1000.000,0.000,0.000,15.000
3.519578,warm-up-no-capture,16.683899,16.666698,0,0,-1000.000,0.000,0.000,15.000
3.536408,warm-up-no-capture,16.830001,16.666698,0,0,-1000.000,0.000,0.000,15.000
3.552925,warm-up-no-capture,16.516399,16.666698,0,0,-1000.000,0.000,0.000,15.000
3.569563,warm-up-no-capture,16.638603,16.666803,0,0,-1000.000,0.000,0.000,15.000
3.586307,warm-up-no-capture,16.743299,16.666698,0,0,-1000.000,0.000,0.000,15.000
3.603019,warm-up-no-capture,16.712599,16.666800,0,0,-1000.000,0.000,0.000,15.000
3.619594,warm-up-no-capture,16.574901,16.666698,0,0,-1000.000,0.000,0.000,15.000
3.636294,warm-up-no-capture,16.700201,16.666800,0,0,-1000.000,0.000,0.000,15.000
3.652914,warm-up-no-capture,16.619701,16.666698,0,0,-1000.000,0.000,0.000,15.000
3.669584,warm-up-no-capture,16.669899,16.666800,0,0,-1000.000,0.000,0.000,15.000
3.686237,warm-up-no-capture,16.652700,16.666702,0,0,-1000.000,0.000,0.000,15.000
3.702893,warm-up-no-capture,16.656302,16.666698,0,0,-1000.000,0.000,0.000,15.000
3.719623,warm-up-no-capture,16.730297,16.666698,0,0,-1000.000,0.000,0.000,15.000
3.736229,warm-up-no-capture,16.605701,16.666698,0,0,-1000.000,0.000,0.000,15.000
3.752925,warm-up-no-capture,16.695801,16.666800,0,0,-1000.000,0.000,0.000,15.000
3.769603,warm-up-no-capture,16.678300,16.666800,0,0,-1000.000,0.000,0.000,15.000
3.786467,warm-up-no-capture,16.863897,16.666702,0,0,-1000.000,0.000,0.000,15.000
3.803000,warm-up-no-capture,16.533401,16.666800,0,0,-1000.000,0.000,0.000,15.000
3.819568,warm-up-no-capture,16.567800,16.666698,0,0,-1000.000,0.000,0.000,15.000
3.836220,warm-up-no-capture,16.651999,16.666698,0,0,-1000.000,0.000,0.000,15.000
3.852899,warm-up-no-capture,16.679101,16.666698,0,0,-1000.000,0.000,0.000,15.000
3.869558,warm-up-no-capture,16.658701,16.666800,0,0,-1000.000,0.000,0.000,15.000
3.886248,warm-up-no-capture,16.690299,16.666800,0,0,-1000.000,0.000,0.000,15.000
3.902869,warm-up-no-capture,16.621400,16.666702,0,0,-1000.000,0.000,0.000,15.000
3.919580,warm-up-no-capture,16.711000,16.666800,0,0,-1000.000,0.000,0.000,15.000
3.936234,warm-up-no-capture,16.653799,16.666698,0,0,-1000.000,0.000,0.000,15.000
3.952914,warm-up-no-capture,16.679604,16.666800,0,0,-1000.000,0.000,0.000,15.000
3.969567,warm-up-no-capture,16.653497,16.666800,0,0,-1000.000,0.000,0.000,15.000
3.986264,warm-up-no-capture,16.696502,16.666698,0,0,-1000.000,0.000,0.000,15.000
4.002984,warm-up-no-capture,16.720299,16.666698,0,0,-1000.000,0.000,0.000,15.000
4.019592,timing-idle,16.607802,16.666800,0,0,-1000.000,0.000,0.000,15.000
4.036429,timing-idle,16.836997,16.666803,0,0,-1000.000,0.000,0.000,15.000
4.052962,timing-idle,16.533203,16.666800,0,0,-1000.000,0.000,0.000,15.000
4.069653,timing-idle,16.690399,16.666698,0,0,-1000.000,0.000,0.000,15.000
4.086287,timing-idle,16.634099,16.666698,0,0,-1000.000,0.000,0.000,15.000
4.102958,timing-idle,16.671300,16.666698,0,0,-1000.000,0.000,0.000,15.000
4.119633,timing-idle,16.675100,16.666800,0,0,-1000.000,0.000,0.000,15.000
4.136230,timing-idle,16.596898,16.666800,0,0,-1000.000,0.000,0.000,15.000
4.152907,timing-idle,16.677402,16.666800,0,0,-1000.000,0.000,0.000,15.000
4.169549,timing-idle,16.642600,16.666702,0,0,-1000.000,0.000,0.000,15.000
4.186265,timing-idle,16.715899,16.666698,0,0,-1000.000,0.000,0.000,15.000
4.202880,timing-idle,16.614299,16.666800,0,0,-1000.000,0.000,0.000,15.000
4.219579,timing-idle,16.699500,16.666800,0,0,-1000.000,0.000,0.000,15.000
4.236399,timing-idle,16.820099,16.666698,0,0,-1000.000,0.000,0.000,15.000
4.252940,timing-idle,16.541000,16.666698,0,0,-1000.000,0.000,0.000,15.000
4.269568,timing-idle,16.627800,16.666702,0,0,-1000.000,0.000,0.000,15.000
4.286505,timing-idle,16.937003,16.666800,0,0,-1000.000,0.000,0.000,15.000
4.302881,timing-idle,16.376000,16.666800,0,0,-1000.000,0.000,0.000,15.000
4.319598,timing-idle,16.717300,16.666698,0,0,-1000.000,0.000,0.000,15.000
4.336232,timing-idle,16.633600,16.666698,0,0,-1000.000,0.000,0.000,15.000
4.352939,timing-idle,16.707201,16.666698,0,0,-1000.000,0.000,0.000,15.000
4.369562,timing-idle,16.622700,16.666800,0,0,-1000.000,0.000,0.000,15.000
4.386260,timing-idle,16.697798,16.666702,0,0,-1000.000,0.000,0.000,15.000
4.402872,timing-idle,16.612001,16.666800,0,0,-1000.000,0.000,0.000,15.000
4.419600,timing-idle,16.728200,16.666698,0,0,-1000.000,0.000,0.000,15.000
4.436255,timing-idle,16.654998,16.666800,0,0,-1000.000,0.000,0.000,15.000
4.452917,timing-idle,16.661502,16.666800,0,0,-1000.000,0.000,0.000,15.000
4.469652,timing-idle,16.735099,16.666698,0,0,-1000.000,0.000,0.000,15.000
4.486257,timing-idle,16.605500,16.666800,0,0,-1000.000,0.000,0.000,15.000
4.502908,timing-idle,16.650900,16.666800,0,0,-1000.000,0.000,0.000,15.000
4.519588,timing-idle,16.680401,16.666702,0,0,-1000.000,0.000,0.000,15.000
4.536411,timing-idle,16.822800,16.666800,0,0,-1000.000,0.000,0.000,15.000
4.552940,timing-idle,16.529799,16.666800,0,0,-1000.000,0.000,0.000,15.000
4.569560,timing-idle,16.619500,16.666698,0,0,-1000.000,0.000,0.000,15.000
4.586271,timing-idle,16.711302,16.666800,0,0,-1000.000,0.000,0.000,15.000
4.602938,timing-idle,16.666699,16.666800,0,0,-1000.000,0.000,0.000,15.000
4.619663,timing-idle,16.725197,16.666800,0,0,-1000.000,0.000,0.000,15.000
4.636327,timing-idle,16.663503,16.666698,0,0,-1000.000,0.000,0.000,15.000
4.652977,timing-idle,16.650200,16.666698,0,0,-1000.000,0.000,0.000,15.000
4.669638,timing-idle,16.660597,16.666803,0,0,-1000.000,0.000,0.000,15.000
4.686285,timing-idle,16.648002,16.666698,0,0,-1000.000,0.000,0.000,15.000
4.702943,timing-idle,16.657598,16.666698,0,0,-1000.000,0.000,0.000,15.000
4.719612,timing-idle,16.668301,16.666800,0,0,-1000.000,0.000,0.000,15.000
4.736311,timing-idle,16.699400,16.666800,0,0,-1000.000,0.000,0.000,15.000
4.752934,timing-idle,16.623601,16.666698,0,0,-1000.000,0.000,0.000,15.000
4.769594,timing-idle,16.659498,16.666800,0,0,-1000.000,0.000,0.000,15.000
4.786484,timing-idle,16.889501,16.666702,0,0,-1000.000,0.000,0.000,15.000
4.802934,timing-idle,16.450301,16.666800,0,0,-1000.000,0.000,0.000,15.000
4.819579,timing-idle,16.644299,16.666800,0,0,-1000.000,0.000,0.000,15.000
4.836296,timing-idle,16.717501,16.666698,0,0,-1000.000,0.000,0.000,15.000
4.852975,timing-idle,16.678799,16.666698,0,0,-1000.000,0.000,0.000,15.000
4.869646,timing-idle,16.671199,16.666800,0,0,-1000.000,0.000,0.000,15.000
4.886326,timing-idle,16.679600,16.666800,0,0,-1000.000,0.000,0.000,15.000
4.902921,timing-idle,16.595200,16.666800,0,0,-1000.000,0.000,0.000,15.000
4.919610,timing-idle,16.688403,16.666800,0,0,-1000.000,0.000,0.000,15.000
4.936317,timing-idle,16.707700,16.666800,0,0,-1000.000,0.000,0.000,15.000
4.953112,timing-idle,16.794197,16.682901,0,0,-1000.000,0.000,0.000,15.000
4.969668,timing-idle,16.556103,16.666800,0,0,-1000.000,0.000,0.000,15.000
4.986287,timing-idle,16.619299,16.666800,0,0,-1000.000,0.000,0.000,15.000
5.003020,timing-idle,16.732901,16.666702,0,0,-1000.000,0.000,0.000,15.000
5.019615,timing-idle,16.595598,16.666698,0,0,-1000.000,0.000,0.000,15.000
5.036459,timing-idle,16.844001,16.666800,0,0,-1000.000,0.000,0.000,15.000
5.052937,timing-idle,16.477600,16.666800,0,0,-1000.000,0.000,0.000,15.000
5.069580,timing-idle,16.643301,16.666800,0,0,-1000.000,0.000,0.000,15.000
5.086253,timing-idle,16.672999,16.666800,0,0,-1000.000,0.000,0.000,15.000
5.102904,timing-idle,16.650900,16.666698,0,0,-1000.000,0.000,0.000,15.000
5.119617,timing-idle,16.712800,16.666800,0,0,-1000.000,0.000,0.000,15.000
5.136224,timing-idle,16.607702,16.666800,0,0,-1000.000,0.000,0.000,15.000
5.152936,timing-idle,16.711000,16.666800,0,0,-1000.000,0.000,0.000,15.000
5.169569,timing-idle,16.633999,16.666702,0,0,-1000.000,0.000,0.000,15.000
5.186258,timing-idle,16.688600,16.666698,0,0,-1000.000,0.000,0.000,15.000
5.202934,timing-idle,16.675700,16.666698,0,0,-1000.000,0.000,0.000,15.000
5.219778,timing-idle,16.844101,16.666698,0,0,-1000.000,0.000,0.000,15.000
5.236262,timing-idle,16.483597,16.666702,0,0,-1000.000,0.000,0.000,15.000
5.252967,timing-idle,16.705103,16.666800,0,0,-1000.000,0.000,0.000,15.000
5.269578,timing-idle,16.611297,16.666800,0,0,-1000.000,0.000,0.000,15.000
5.286513,timing-idle,16.935501,16.666800,0,0,-1000.000,0.000,0.000,15.000
5.302942,timing-idle,16.428802,16.666800,0,0,-1000.000,0.000,0.000,15.000
5.319613,timing-idle,16.671300,16.666800,0,0,-1000.000,0.000,0.000,15.000
5.336289,timing-idle,16.675998,16.666698,0,0,-1000.000,0.000,0.000,15.000
5.352952,timing-idle,16.663302,16.666800,0,0,-1000.000,0.000,0.000,15.000
5.369582,timing-idle,16.629498,16.666698,0,0,-1000.000,0.000,0.000,15.000
5.386286,timing-idle,16.704202,16.666800,0,0,-1000.000,0.000,0.000,15.000
5.402913,timing-idle,16.626999,16.666702,0,0,-1000.000,0.000,0.000,15.000
5.419608,timing-idle,16.695201,16.666800,0,0,-1000.000,0.000,0.000,15.000
5.436236,timing-idle,16.628198,16.666698,0,0,-1000.000,0.000,0.000,15.000
5.453125,timing-idle,16.888700,16.666800,0,0,-1000.000,0.000,0.000,15.000
5.469636,timing-idle,16.511399,16.666800,0,0,-1000.000,0.000,0.000,15.000
5.486274,timing-idle,16.638000,16.666800,0,0,-1000.000,0.000,0.000,15.000
5.502954,timing-idle,16.679101,16.666698,0,0,-1000.000,0.000,0.000,15.000
5.519634,timing-idle,16.680501,16.666698,0,0,-1000.000,0.000,0.000,15.000
5.536458,timing-idle,16.823500,16.666702,0,0,-1000.000,0.000,0.000,15.000
5.552930,timing-idle,16.472999,16.666698,0,0,-1000.000,0.000,0.000,15.000
5.569596,timing-idle,16.665701,16.666800,0,0,-1000.000,0.000,0.000,15.000
5.586289,timing-idle,16.692799,16.666698,0,0,-1000.000,0.000,0.000,15.000
5.602948,timing-idle,16.659100,16.666800,0,0,-1000.000,0.000,0.000,15.000
5.619639,timing-idle,16.690999,16.666698,0,0,-1000.000,0.000,0.000,15.000
5.636264,timing-idle,16.624700,16.666800,0,0,-1000.000,0.000,0.000,15.000
5.652949,timing-idle,16.684402,16.666803,0,0,-1000.000,0.000,0.000,15.000
5.669720,timing-idle,16.771499,16.666800,0,0,-1000.000,0.000,0.000,15.000
5.686327,timing-idle,16.606301,16.666698,0,0,-1000.000,0.000,0.000,15.000
5.702993,timing-idle,16.666800,16.666698,0,0,-1000.000,0.000,0.000,15.000
5.719598,timing-idle,16.604699,16.666698,0,0,-1000.000,0.000,0.000,15.000
5.736232,timing-idle,16.634099,16.666800,0,0,-1000.000,0.000,0.000,15.000
5.752948,timing-idle,16.715400,16.666698,0,0,-1000.000,0.000,0.000,15.000
5.769611,timing-idle,16.663000,16.666803,0,0,-1000.000,0.000,0.000,15.000
5.786534,timing-idle,16.923402,16.666800,0,0,-1000.000,0.000,0.000,15.000
5.802909,timing-idle,16.375098,16.666800,0,0,-1000.000,0.000,0.000,15.000
5.819637,timing-idle,16.727600,16.666698,0,0,-1000.000,0.000,0.000,15.000
5.836221,timing-idle,16.584203,16.666800,0,0,-1000.000,0.000,0.000,15.000
5.853041,timing-idle,16.819797,16.666698,0,0,-1000.000,0.000,0.000,15.000
5.869721,timing-idle,16.680099,16.666800,0,0,-1000.000,0.000,0.000,15.000
5.886299,timing-idle,16.577400,16.666698,0,0,-1000.000,0.000,0.000,15.000
5.902934,timing-idle,16.635101,16.666800,0,0,-1000.000,0.000,0.000,15.000
5.919628,timing-idle,16.694002,16.666803,0,0,-1000.000,0.000,0.000,15.000
5.936291,timing-idle,16.663000,16.666800,0,0,-1000.000,0.000,0.000,15.000
5.952955,timing-idle,16.664397,16.668297,0,0,-1000.000,0.000,0.000,15.000
5.969627,timing-idle,16.671702,16.666800,0,0,-1000.000,0.000,0.000,15.000
5.986294,timing-idle,16.667400,16.666702,0,0,-1000.000,0.000,0.000,15.000
6.002982,timing-idle,16.687900,16.666698,0,0,-1000.000,0.000,0.000,15.000
6.019614,timing-idle,16.631801,16.666698,0,0,-1000.000,0.000,0.000,15.000
6.036468,timing-walk,16.854100,16.666800,0,0,-1000.000,0.000,0.000,15.000
6.052998,timing-walk,16.529899,16.666698,0,0,-999.906,0.025,5.833,15.000
6.069681,timing-walk,16.683001,16.666800,0,0,-999.718,0.075,11.667,15.000
6.086352,timing-walk,16.670998,16.666800,0,0,-999.437,0.151,17.500,15.000
6.102951,timing-walk,16.598899,16.666800,0,0,-999.061,0.252,23.333,15.000
6.119800,timing-walk,16.849201,16.666803,0,0,-998.591,0.377,29.167,15.000
6.136376,timing-walk,16.576100,16.666800,0,0,-998.028,0.528,35.000,15.000
6.153027,timing-walk,16.650699,16.666800,0,0,-997.370,0.705,40.834,15.000
6.169651,timing-walk,16.623501,16.666800,0,0,-996.619,0.906,46.667,15.000
6.186335,timing-walk,16.683999,16.666698,0,0,-995.774,1.132,52.500,15.000
6.202949,timing-walk,16.614500,16.666800,0,0,-994.835,1.384,58.334,15.000
6.219689,timing-walk,16.740501,16.666800,0,0,-993.802,1.661,64.167,15.000
6.236354,timing-walk,16.665202,16.666800,0,0,-992.675,1.963,70.000,15.000
6.253019,timing-walk,16.664300,16.666698,0,0,-991.454,2.290,75.834,15.000
6.269649,timing-walk,16.630098,16.666800,0,0,-990.139,2.642,81.667,15.000
6.286564,timing-walk,16.915500,16.666702,0,0,-988.731,3.020,87.501,15.000
6.302969,timing-walk,16.404700,16.666698,0,0,-987.282,3.408,90.000,15.000
6.319690,timing-walk,16.720600,16.666698,0,0,-985.833,3.796,90.000,15.000
6.336404,timing-walk,16.714200,16.666698,0,0,-984.384,4.184,90.000,15.000
6.353027,timing-walk,16.623601,16.666698,0,0,-982.935,4.573,90.000,15.000
6.369649,timing-walk,16.622197,16.666800,0,0,-981.486,4.961,90.000,15.000
6.386396,timing-walk,16.746502,16.666702,0,0,-980.037,5.349,90.000,15.000
6.402956,timing-walk,16.559798,16.666800,0,0,-978.588,5.737,90.000,15.000
6.419650,timing-walk,16.694702,16.666698,0,0,-977.140,6.125,90.000,15.000
6.436348,timing-walk,16.697697,16.666800,0,0,-975.691,6.514,90.000,15.000
6.453032,timing-walk,16.684599,16.666800,0,0,-974.242,6.902,90.000,15.000
6.469646,timing-walk,16.614001,16.666800,0,0,-972.793,7.290,90.000,15.000
6.486341,timing-walk,16.694900,16.666800,0,0,-971.344,7.678,90.000,15.000
6.502975,timing-walk,16.633000,16.666800,0,0,-969.895,8.067,90.000,15.000
6.519704,timing-walk,16.729400,16.666800,0,0,-968.446,8.455,90.000,15.000
6.536573,timing-walk,16.869102,16.666800,0,0,-966.997,8.843,90.000,15.000
6.553053,timing-walk,16.480401,16.666800,0,0,-965.548,9.231,90.000,15.000
6.569624,timing-walk,16.570397,16.666702,0,0,-964.099,9.620,90.000,15.000
6.586355,timing-walk,16.730901,16.666800,0,0,-962.651,10.008,90.000,15.000
6.602956,timing-walk,16.601499,16.666698,0,0,-961.202,10.396,90.000,15.000
6.619747,timing-walk,16.790200,16.666800,0,0,-959.753,10.784,90.000,15.000
6.636304,timing-walk,16.557001,16.666800,0,0,-958.304,11.172,90.000,15.000
6.652979,timing-walk,16.675700,16.666800,0,0,-956.855,11.561,90.000,15.000
6.669622,timing-walk,16.642600,16.666698,0,0,-955.406,11.949,90.000,15.000
6.686342,timing-walk,16.720001,16.666800,0,0,-953.957,12.337,90.000,15.000
6.702955,timing-walk,16.612902,16.666800,0,0,-952.508,12.725,90.000,15.000
6.719665,timing-walk,16.710300,16.666702,0,0,-951.059,13.114,90.000,15.000
6.736353,timing-walk,16.687799,16.666698,0,0,-949.611,13.502,90.000,15.000
6.753028,timing-walk,16.675599,16.666800,0,0,-948.162,13.890,90.000,15.000
6.769619,timing-walk,16.589999,16.666698,0,0,-946.713,14.278,90.000,15.000
6.786550,timing-walk,16.931601,16.666800,0,0,-945.264,14.667,90.000,15.000
6.802985,timing-walk,16.435198,16.666698,0,0,-943.815,15.055,90.000,15.000
6.819698,timing-walk,16.712900,16.666702,0,0,-942.366,15.443,90.000,15.000
6.836340,timing-walk,16.642600,16.666800,0,0,-940.917,15.831,90.000,15.000
6.853015,timing-walk,16.674601,16.666800,0,0,-939.468,16.219,90.000,15.000
6.869630,timing-walk,16.614899,16.666698,0,0,-938.019,16.608,90.000,15.000
6.886339,timing-walk,16.709402,16.666800,0,0,-936.570,16.996,90.000,15.000
6.902966,timing-walk,16.627397,16.666800,0,0,-935.122,17.384,90.000,15.000
6.919662,timing-walk,16.696103,16.666800,0,0,-933.673,17.772,90.000,15.000
6.936324,timing-walk,16.661201,16.666800,0,0,-932.224,18.161,90.000,15.000
6.952988,timing-walk,16.663998,16.666800,0,0,-930.775,18.549,90.000,15.000
6.969643,timing-walk,16.654801,16.666800,0,0,-929.326,18.937,90.000,15.000
6.986361,timing-walk,16.718600,16.666800,0,0,-927.877,19.325,90.000,15.000
7.002947,timing-walk,16.586300,16.666800,0,0,-926.428,19.714,90.000,15.000
7.019643,timing-walk,16.695499,16.666800,0,0,-924.979,20.102,90.000,15.000
7.036731,timing-walk,17.088600,16.666803,0,0,-923.530,20.490,90.000,15.000
7.053005,timing-walk,16.273901,16.666698,0,0,-922.081,20.878,90.000,15.000
7.069706,timing-walk,16.701400,16.666698,0,0,-920.633,21.266,90.000,15.000
7.086360,timing-walk,16.654201,16.666698,0,0,-919.184,21.655,90.000,15.000
7.102986,timing-walk,16.625699,16.666800,0,0,-917.735,22.043,90.000,15.000
7.119664,timing-walk,16.677499,16.666698,0,0,-916.286,22.431,90.000,15.000
7.136321,timing-walk,16.657401,16.666803,0,0,-914.837,22.819,90.000,15.000
7.153007,timing-walk,16.686000,16.666800,0,0,-913.388,23.208,90.000,15.000
7.169707,timing-walk,16.700301,16.666800,0,0,-911.939,23.596,90.000,15.000
7.186387,timing-walk,16.679898,16.666800,0,0,-910.490,23.984,90.000,15.000
7.202986,timing-walk,16.598701,16.666698,0,0,-909.041,24.372,90.000,15.000
7.219669,timing-walk,16.683698,16.666698,0,0,-907.592,24.761,90.000,15.000
7.236295,timing-walk,16.625501,16.666800,0,0,-906.144,25.149,90.000,15.000
7.253005,timing-walk,16.710199,16.666698,0,0,-904.695,25.537,90.000,15.000
7.269638,timing-walk,16.632803,16.666800,0,0,-903.246,25.925,90.000,15.000
7.286554,timing-walk,16.915899,16.666702,0,0,-901.797,26.313,90.000,15.000
7.303036,timing-walk,16.482100,16.666698,0,0,-900.348,26.702,90.000,15.000
7.319670,timing-walk,16.633898,16.666698,0,0,-898.899,27.090,90.000,15.000
7.336308,timing-walk,16.638801,16.666698,0,0,-897.450,27.478,90.000,15.000
7.352991,timing-walk,16.682200,16.666800,0,0,-896.001,27.866,90.000,15.000
7.369664,timing-walk,16.673602,16.666800,0,0,-894.552,28.255,90.000,15.000
7.386333,timing-walk,16.669199,16.666702,0,0,-893.104,28.643,90.000,15.000
7.403005,timing-walk,16.671199,16.666698,0,0,-891.655,29.031,90.000,15.000
7.419696,timing-walk,16.691301,16.666698,0,0,-890.206,29.419,90.000,15.000
7.436386,timing-walk,16.689599,16.666698,0,0,-888.757,29.808,90.000,15.000
7.453098,timing-walk,16.712401,16.666698,0,0,-887.308,30.196,90.000,15.000
7.469713,timing-walk,16.615499,16.666702,0,0,-885.859,30.584,90.000,15.000
7.486369,timing-walk,16.655602,16.666698,0,0,-884.410,30.972,90.000,15.000
7.502986,timing-walk,16.617801,16.666698,0,0,-882.961,31.360,90.000,15.000
7.519709,timing-walk,16.722798,16.666800,0,0,-881.512,31.749,90.000,15.000
7.536551,timing-walk,16.841300,16.666698,0,0,-880.063,32.137,90.000,15.000
7.553020,timing-walk,16.469501,16.666800,0,0,-878.615,32.525,90.000,15.000
7.569665,timing-walk,16.644899,16.666803,0,0,-877.166,32.913,90.000,15.000
7.586381,timing-walk,16.716599,16.666698,0,0,-875.717,33.302,90.000,15.000
7.602966,timing-walk,16.584400,16.666698,0,0,-874.268,33.690,90.000,15.000
7.619669,timing-walk,16.703103,16.666800,0,0,-872.819,34.078,90.000,15.000
7.636314,timing-walk,16.644899,16.666800,0,0,-871.370,34.466,90.000,15.000
7.652993,timing-walk,16.678799,16.666698,0,0,-869.921,34.855,90.000,15.000
7.669644,timing-walk,16.651101,16.666800,0,0,-868.472,35.243,90.000,15.000
7.686340,timing-walk,16.695999,16.666800,0,0,-867.023,35.631,90.000,15.000
7.703019,timing-walk,16.679101,16.666800,0,0,-865.575,36.019,90.000,15.000
7.719685,timing-walk,16.666099,16.666702,0,0,-864.126,36.407,90.000,15.000
7.736368,timing-walk,16.682401,16.727299,0,0,-862.671,36.797,90.000,15.000
7.753109,timing-walk,16.741101,16.666800,0,0,-861.223,37.185,90.000,15.000
7.769696,timing-walk,16.586699,16.666698,0,0,-859.774,37.574,90.000,15.000
7.786601,timing-walk,16.905200,16.666800,0,0,-858.325,37.962,90.000,15.000
7.803044,timing-walk,16.442802,16.666800,0,0,-856.876,38.350,90.000,15.000
7.819855,timing-walk,16.811199,16.666702,0,0,-855.427,38.738,90.000,15.000
7.836445,timing-walk,16.590200,16.666698,0,0,-853.978,39.126,90.000,15.000
7.853162,timing-walk,16.716700,16.666698,0,0,-852.529,39.515,90.000,15.000
7.869749,timing-walk,16.586699,16.666800,0,0,-851.080,39.903,90.000,15.000
7.886408,timing-walk,16.659498,16.666698,0,0,-849.631,40.291,90.000,15.000
7.903054,timing-walk,16.645800,16.666800,0,0,-848.182,40.679,90.000,15.000
7.919742,timing-walk,16.688302,16.666702,0,0,-846.734,41.068,90.000,15.000
7.936383,timing-walk,16.640998,16.666698,0,0,-845.285,41.456,90.000,15.000
7.953069,timing-walk,16.685300,16.666698,0,0,-843.836,41.844,90.000,15.000
7.969681,timing-walk,16.612500,16.666800,0,0,-842.387,42.232,90.000,15.000
7.986398,timing-walk,16.717102,16.666698,0,0,-840.938,42.621,90.000,15.000
8.003012,timing-walk,16.613297,16.666800,0,0,-839.489,43.009,90.000,15.000
8.019757,timing-walk,16.745601,16.666702,0,0,-838.040,43.397,90.000,15.000
8.036623,timing-walk,16.865402,16.666800,0,0,-836.591,43.785,90.000,15.000
8.053088,timing-walk,16.464897,16.666698,0,0,-835.142,44.173,90.000,15.000
8.069898,timing-walk,16.809303,16.666698,0,0,-833.694,44.562,90.000,15.000
8.086413,timing-walk,16.516197,16.666698,0,0,-832.245,44.950,90.000,15.000
8.103051,timing-walk,16.637601,16.666702,0,0,-830.796,45.338,90.000,15.000
8.119748,timing-walk,16.697101,16.666800,0,0,-829.347,45.726,90.000,15.000
8.136374,timing-walk,16.625300,16.668997,0,0,-827.898,46.115,90.000,15.000
8.153090,timing-walk,16.716897,16.666698,0,0,-826.449,46.503,90.000,15.000
8.169688,timing-walk,16.597800,16.666702,0,0,-825.000,46.891,90.000,15.000
8.186429,timing-walk,16.741101,16.666698,0,0,-823.551,47.279,90.000,15.000
8.203088,timing-walk,16.658399,16.666800,0,0,-822.102,47.668,90.000,15.000
8.219743,timing-walk,16.654801,16.666698,0,0,-820.653,48.056,90.000,15.000
8.236394,timing-walk,16.650900,16.666698,0,0,-819.204,48.444,90.000,15.000
8.253054,timing-walk,16.659599,16.666702,0,0,-817.756,48.832,90.000,15.000
8.269715,timing-walk,16.661402,16.666698,0,0,-816.307,49.220,90.000,15.000
8.286616,timing-walk,16.900901,16.666698,0,0,-814.858,49.609,90.000,15.000
8.303037,timing-walk,16.420100,16.666698,0,0,-813.409,49.997,90.000,15.000
8.319732,timing-walk,16.694900,16.666698,0,0,-811.960,50.385,90.000,15.000
8.336389,timing-walk,16.656701,16.666702,0,0,-810.511,50.773,90.000,15.000
8.353121,timing-walk,16.731899,16.666698,0,0,-809.062,51.162,90.000,15.000
8.369699,timing-walk,16.578000,16.666698,0,0,-807.613,51.550,90.000,15.000
8.386403,timing-walk,16.704198,16.666800,0,0,-806.164,51.938,90.000,15.000
8.403077,timing-walk,16.674403,16.666800,0,0,-804.715,52.326,90.000,15.000
8.419756,timing-walk,16.679097,16.666698,0,0,-803.267,52.715,90.000,15.000
8.436378,timing-walk,16.622800,16.666702,0,0,-801.818,53.103,90.000,15.000
8.453086,timing-walk,16.707700,16.666800,0,0,-800.369,53.491,90.000,15.000
8.469714,timing-walk,16.628500,16.666698,0,0,-798.920,53.879,90.000,15.000
8.486423,timing-walk,16.708802,16.666698,0,0,-797.471,54.267,90.000,15.000
8.503032,timing-walk,16.609598,16.666698,0,0,-796.022,54.656,90.000,15.000
8.519741,timing-walk,16.709600,16.666800,0,0,-794.573,55.044,90.000,15.000
8.536584,timing-walk,16.843002,16.666702,0,0,-793.124,55.432,90.000,15.000
8.553075,timing-walk,16.490601,16.666800,0,0,-791.675,55.820,90.000,15.000
8.569679,timing-walk,16.604397,16.666800,0,0,-790.227,56.209,90.000,15.000
8.586389,timing-walk,16.709700,16.666698,0,0,-788.778,56.597,90.000,15.000
8.603014,timing-walk,16.625501,16.666698,0,0,-787.329,56.985,90.000,15.000
8.619760,timing-walk,16.745400,16.666698,0,0,-785.880,57.373,90.000,15.000
8.636401,timing-walk,16.641598,16.667303,0,0,-784.431,57.762,90.000,15.000
8.653090,timing-walk,16.688101,16.666698,0,0,-782.982,58.150,90.000,15.000
8.669740,timing-walk,16.650401,16.666698,0,0,-781.533,58.538,90.000,15.000
8.686416,timing-walk,16.675599,16.666698,0,0,-780.084,58.926,90.000,15.000
8.703029,timing-walk,16.613200,16.666698,0,0,-778.635,59.314,90.000,15.000
8.719745,timing-walk,16.716398,16.666702,0,0,-777.186,59.703,90.000,15.000
8.736378,timing-walk,16.632903,16.666698,0,0,-775.738,60.091,90.000,15.000
8.753091,timing-walk,16.713299,16.666800,0,0,-774.289,60.479,90.000,15.000
8.769732,timing-walk,16.641099,16.666698,0,0,-772.840,60.867,90.000,15.000
8.786619,timing-walk,16.888101,16.666698,0,0,-771.391,61.256,90.000,15.000
8.803038,timing-walk,16.418502,16.666702,0,0,-769.942,61.644,90.000,15.000
8.819864,timing-walk,16.826600,16.705799,0,0,-768.490,62.033,90.000,15.000
8.836418,timing-walk,16.553499,16.666800,0,0,-767.041,62.421,90.000,15.000
8.853163,timing-walk,16.744301,16.666698,0,0,-765.592,62.809,90.000,15.000
8.869728,timing-walk,16.565099,16.666698,0,0,-764.143,63.198,90.000,15.000
8.886437,timing-walk,16.709398,16.666800,0,0,-762.694,63.586,90.000,15.000
8.903097,timing-walk,16.659800,16.666698,0,0,-761.245,63.974,90.000,15.000
8.919765,timing-walk,16.667701,16.666800,0,0,-759.796,64.362,90.000,15.000
8.936434,timing-walk,16.668800,16.666702,0,0,-758.347,64.751,90.000,15.000
8.953118,timing-walk,16.684201,16.666800,0,0,-756.899,65.139,90.000,15.000
8.969734,timing-walk,16.616099,16.666698,0,0,-755.450,65.527,90.000,15.000
8.986446,timing-walk,16.712599,16.666698,0,0,-754.001,65.915,90.000,15.000
9.003068,timing-walk,16.621500,16.666800,0,0,-752.552,66.304,90.000,15.000
9.019779,timing-walk,16.710900,16.666800,0,0,-751.103,66.692,90.000,15.000
9.036601,timing-walk,16.822003,16.666702,0,0,-749.654,67.080,90.000,15.000
9.053102,timing-walk,16.500700,16.666698,0,0,-748.205,67.468,90.000,15.000
9.069759,timing-walk,16.657900,16.666698,0,0,-746.756,67.856,90.000,15.000
9.086446,timing-walk,16.686298,16.666698,0,0,-745.307,68.245,90.000,15.000
9.103112,timing-walk,16.666099,16.666800,0,0,-743.858,68.633,90.000,15.000
9.119768,timing-walk,16.656201,16.666800,0,0,-742.410,69.021,90.000,15.000
9.136411,timing-walk,16.642600,16.666800,0,0,-740.961,69.409,90.000,15.000
9.153102,timing-walk,16.690798,16.666800,0,0,-739.512,69.798,90.000,15.000
9.169752,timing-walk,16.650602,16.666800,0,0,-738.063,70.186,90.000,15.000
9.186444,timing-walk,16.692597,16.666800,0,0,-736.614,70.574,90.000,15.000
9.203056,timing-walk,16.612403,16.666803,0,0,-735.165,70.962,90.000,15.000
9.219783,timing-walk,16.726799,16.666698,0,0,-733.716,71.351,90.000,15.000
9.236419,timing-walk,16.635999,16.666698,0,0,-732.267,71.739,90.000,15.000
9.253110,timing-walk,16.691599,16.666698,0,0,-730.818,72.127,90.000,15.000
9.269786,timing-walk,16.675800,16.666800,0,0,-729.369,72.515,90.000,15.000
9.286667,timing-walk,16.880803,16.666800,0,0,-727.921,72.903,90.000,15.000
9.303076,timing-walk,16.409200,16.666702,0,0,-726.472,73.292,90.000,15.000
9.319907,timing-walk,16.831800,16.666698,0,0,-725.023,73.680,90.000,15.000
9.336409,timing-walk,16.501099,16.666800,0,0,-723.574,74.068,90.000,15.000
9.353136,timing-walk,16.727898,16.666800,0,0,-722.125,74.456,90.000,15.000
9.369773,timing-walk,16.637202,16.666800,0,0,-720.676,74.845,90.000,15.000
9.386472,timing-walk,16.699199,16.666698,0,0,-719.227,75.233,90.000,15.000
9.403090,timing-walk,16.618300,16.666698,0,0,-717.778,75.621,90.000,15.000
9.419781,timing-walk,16.690101,16.668301,0,0,-716.329,76.009,90.000,15.000
9.436427,timing-walk,16.646199,16.666698,0,0,-714.880,76.398,90.000,15.000
9.453122,timing-walk,16.695201,16.666698,0,0,-713.432,76.786,90.000,15.000
9.469744,timing-walk,16.621299,16.666702,0,0,-711.983,77.174,90.000,15.000
9.486438,timing-walk,16.693898,16.666698,0,0,-710.534,77.562,90.000,15.000
9.503071,timing-walk,16.633000,16.666698,0,0,-709.085,77.950,90.000,15.000
9.519761,timing-walk,16.690202,16.666800,0,0,-707.636,78.339,90.000,15.000
9.536650,timing-walk,16.888600,16.666800,0,0,-706.187,78.727,90.000,15.000
9.553143,timing-walk,16.493201,16.666800,0,0,-704.738,79.115,90.000,15.000
9.569726,timing-walk,16.583197,16.666800,0,0,-703.289,79.503,90.000,15.000
9.586454,timing-walk,16.728003,16.666702,0,0,-701.840,79.892,90.000,15.000
9.603294,timing-walk,16.840398,16.666698,0,0,-700.391,80.280,90.000,15.000
9.619795,timing-walk,16.500600,16.666698,0,0,-698.943,80.668,90.000,15.000
9.636412,timing-walk,16.616702,16.666698,0,0,-697.494,81.056,90.000,15.000
9.653120,timing-walk,16.708698,16.666698,0,0,-696.045,81.445,90.000,15.000
9.669749,timing-walk,16.628902,16.668402,0,0,-694.596,81.833,90.000,15.000
9.686450,timing-walk,16.700700,16.666698,0,0,-693.147,82.221,90.000,15.000
9.703089,timing-walk,16.638499,16.666800,0,0,-691.698,82.609,90.000,15.000
9.719816,timing-walk,16.727600,16.666698,0,0,-690.249,82.998,90.000,15.000
9.736425,timing-walk,16.608801,16.666702,0,0,-688.800,83.386,90.000,15.000
9.753127,timing-walk,16.701497,16.666698,0,0,-687.351,83.774,90.000,15.000
9.769768,timing-walk,16.640302,16.666800,0,0,-685.902,84.162,90.000,15.000
9.786648,timing-walk,16.880099,16.666698,0,0,-684.453,84.550,90.000,15.000
9.803076,timing-walk,16.428001,16.666800,0,0,-683.005,84.939,90.000,15.000
9.819889,timing-walk,16.812898,16.666800,0,0,-681.556,85.327,90.000,15.000
9.836448,timing-walk,16.558800,16.666702,0,0,-680.107,85.715,90.000,15.000
9.853200,timing-walk,16.752001,16.666800,0,0,-678.658,86.103,90.000,15.000
9.869727,timing-walk,16.527001,16.666800,0,0,-677.209,86.492,90.000,15.000
9.886467,timing-walk,16.739801,16.666800,0,0,-675.760,86.880,90.000,15.000
9.903098,timing-walk,16.631298,16.666800,0,0,-674.311,87.268,90.000,15.000
9.919793,timing-walk,16.694602,16.666800,0,0,-672.862,87.656,90.000,15.000
9.936443,timing-walk,16.650200,16.666800,0,0,-671.413,88.045,90.000,15.000
9.953130,timing-walk,16.686101,16.666800,0,0,-669.964,88.433,90.000,15.000
9.969765,timing-walk,16.634699,16.666698,0,0,-668.516,88.821,90.000,15.000
9.986472,timing-walk,16.707700,16.666800,0,0,-667.067,89.209,90.000,15.000
10.003088,timing-walk,16.616002,16.666800,0,0,-665.618,89.597,90.000,15.000
10.019795,timing-walk,16.707499,16.666800,0,0,-664.169,89.986,90.000,15.000
10.036780,timing-walk,16.985200,16.666702,0,0,-662.720,90.374,90.000,15.000
10.053203,timing-walk,16.421899,16.666897,0,0,-661.271,90.762,90.000,15.000
10.069789,timing-walk,16.586002,16.666800,0,0,-659.822,91.150,90.000,15.000
10.086448,timing-walk,16.658898,16.666702,0,0,-658.373,91.539,90.000,15.000
10.103102,timing-walk,16.653702,16.666698,0,0,-656.924,91.927,90.000,15.000
10.119771,timing-walk,16.669501,16.666800,0,0,-655.476,92.315,90.000,15.000
10.136393,timing-walk,16.621299,16.666698,0,0,-654.027,92.703,90.000,15.000
10.153133,timing-walk,16.740400,16.666698,0,0,-652.578,93.092,90.000,15.000
10.169784,timing-walk,16.649898,16.666702,0,0,-651.129,93.480,90.000,15.000
10.186481,timing-walk,16.697600,16.666800,0,0,-649.680,93.868,90.000,15.000
10.203115,timing-walk,16.633701,16.666698,0,0,-648.231,94.256,90.000,15.000
10.219805,timing-walk,16.689599,16.666800,0,0,-646.782,94.644,90.000,15.000
10.236448,timing-walk,16.643099,16.666698,0,0,-645.333,95.033,90.000,15.000
10.253140,timing-walk,16.691703,16.666800,0,0,-643.884,95.421,90.000,15.000
10.270003,timing-walk,16.862497,16.666698,0,0,-642.435,95.809,90.000,15.000
10.286722,timing-walk,16.718403,16.666702,0,0,-640.987,96.197,90.000,15.000
10.303190,timing-walk,16.468197,16.672798,0,0,-639.537,96.586,90.000,15.000
10.319879,timing-walk,16.688801,16.666702,0,0,-638.088,96.974,90.000,15.000
10.336474,timing-walk,16.595900,16.666800,0,0,-636.639,97.362,90.000,15.000
10.353125,timing-walk,16.650300,16.666698,0,0,-635.190,97.750,90.000,15.000
10.369777,timing-walk,16.652498,16.666698,0,0,-633.742,98.139,90.000,15.000
10.386469,timing-walk,16.692601,16.666698,0,0,-632.293,98.527,90.000,15.000
10.403104,timing-walk,16.635299,16.666698,0,0,-630.844,98.915,90.000,15.000
10.419776,timing-walk,16.672600,16.666800,0,0,-629.395,99.303,90.000,15.000
10.436460,timing-walk,16.683202,16.707800,0,0,-627.942,99.693,90.000,15.000
10.453187,timing-walk,16.727198,16.666702,0,0,-626.494,100.081,90.000,15.000
10.469799,timing-walk,16.611703,16.666800,0,0,-625.045,100.469,90.000,15.000
10.486496,timing-walk,16.696800,16.666800,0,0,-623.596,100.857,90.000,15.000
10.503112,timing-walk,16.615700,16.666698,0,0,-622.147,101.245,90.000,15.000
10.519840,timing-walk,16.728397,16.666800,0,0,-620.698,101.634,90.000,15.000
10.536746,timing-walk,16.905900,16.666800,0,0,-619.249,102.022,90.000,15.000
10.553182,timing-walk,16.435303,16.666800,0,0,-617.800,102.410,90.000,15.000
10.569799,timing-walk,16.617600,16.666698,0,0,-616.351,102.798,90.000,15.000
10.586638,timing-walk,16.839199,16.666702,0,0,-614.902,103.187,90.000,15.000
10.603164,timing-walk,16.525298,16.666800,0,0,-613.453,103.575,90.000,15.000
10.619871,timing-walk,16.707402,16.666698,0,0,-612.005,103.963,90.000,15.000
10.636472,timing-walk,16.600199,16.666698,0,0,-610.556,104.351,90.000,15.000
10.653183,timing-walk,16.710803,16.666698,0,0,-609.107,104.740,90.000,15.000
10.669800,timing-walk,16.617097,16.666698,0,0,-607.658,105.128,90.000,15.000
10.686511,timing-walk,16.711500,16.666702,0,0,-606.209,105.516,90.000,15.000
10.703173,timing-walk,16.661800,16.666800,0,0,-604.760,105.904,90.000,15.000
10.719858,timing-walk,16.685601,16.666698,0,0,-603.311,106.292,90.000,15.000
10.736503,timing-walk,16.644798,16.666698,0,0,-601.862,106.681,90.000,15.000
10.753159,timing-walk,16.656000,16.666698,0,0,-600.413,107.069,90.000,15.000
10.769774,timing-walk,16.616102,16.666800,0,0,-598.965,107.457,90.000,15.000
10.786791,timing-walk,17.016500,16.666803,0,0,-597.516,107.845,90.000,15.000
10.803154,timing-walk,16.362999,16.666800,0,0,-596.067,108.234,90.000,15.000
10.819829,timing-walk,16.674999,16.666800,0,0,-594.618,108.622,90.000,15.000
10.836517,timing-walk,16.687900,16.666800,0,0,-593.169,109.010,90.000,15.000
10.853191,timing-walk,16.674500,16.666698,0,0,-591.720,109.398,90.000,15.000
10.869845,timing-walk,16.654000,16.666800,0,0,-590.271,109.787,90.000,15.000
10.886499,timing-walk,16.653601,16.666800,0,0,-588.822,110.175,90.000,15.000
10.903138,timing-walk,16.638502,16.666800,0,0,-587.373,110.563,90.000,15.000
10.919829,timing-walk,16.691100,16.666698,0,0,-585.924,110.951,90.000,15.000
10.936477,timing-walk,16.647499,16.666702,0,0,-584.476,111.339,90.000,15.000
10.953198,timing-walk,16.722199,16.666698,0,0,-583.027,111.728,90.000,15.000
10.969830,timing-walk,16.631201,16.666698,0,0,-581.578,112.116,90.000,15.000
10.986506,timing-walk,16.676601,16.666800,0,0,-580.129,112.504,90.000,15.000
11.003132,timing-walk,16.625699,16.666800,0,0,-578.680,112.892,90.000,15.000
11.019986,timing-walk,16.854201,16.666698,0,0,-577.231,113.281,90.000,15.000
11.036718,timing-walk,16.731899,16.666698,0,0,-575.782,113.669,90.000,15.000
11.053204,timing-walk,16.485501,16.666803,0,0,-574.333,114.057,90.000,15.000
11.069809,timing-walk,16.605698,16.666698,0,0,-572.884,114.445,90.000,15.000
11.086493,timing-walk,16.683802,16.666698,0,0,-571.435,114.834,90.000,15.000
11.103142,timing-walk,16.648799,16.666800,0,0,-569.987,115.222,90.000,15.000
11.119834,timing-walk,16.692400,16.666800,0,0,-568.538,115.610,90.000,15.000
11.136445,timing-walk,16.611200,16.666698,0,0,-567.089,115.998,90.000,15.000
11.153178,timing-walk,16.732801,16.666702,0,0,-565.640,116.386,90.000,15.000
11.169805,timing-walk,16.626202,16.666698,0,0,-564.191,116.775,90.000,15.000
11.186507,timing-walk,16.702197,16.666800,0,0,-562.742,117.163,90.000,15.000
11.203134,timing-walk,16.626600,16.666698,0,0,-561.293,117.551,90.000,15.000
11.219856,timing-walk,16.722899,16.666698,0,0,-559.844,117.939,90.000,15.000
11.236523,timing-walk,16.666804,16.666698,0,0,-558.395,118.328,90.000,15.000
11.253205,timing-walk,16.682599,16.666702,0,0,-556.947,118.716,90.000,15.000
11.269797,timing-walk,16.592100,16.666800,0,0,-555.498,119.104,90.000,15.000
11.286736,timing-walk,16.939200,16.666698,0,0,-554.049,119.492,90.000,15.000
11.303174,timing-walk,16.437598,16.666800,0,0,-552.600,119.881,90.000,15.000
11.319843,timing-walk,16.669501,16.666698,0,0,-551.151,120.269,90.000,15.000
11.336530,timing-walk,16.686201,16.666800,0,0,-549.702,120.657,90.000,15.000
11.353150,timing-walk,16.621001,16.666698,0,0,-548.253,121.045,90.000,15.000
11.369798,timing-walk,16.647499,16.666803,0,0,-546.804,121.433,90.000,15.000
11.386490,timing-walk,16.691800,16.666800,0,0,-545.355,121.822,90.000,15.000
11.403143,timing-walk,16.653500,16.666698,0,0,-543.906,122.210,90.000,15.000
11.419832,timing-walk,16.688999,16.666800,0,0,-542.458,122.598,90.000,15.000
11.436446,timing-walk,16.614299,16.666698,0,0,-541.009,122.986,90.000,15.000
11.453166,timing-walk,16.719602,16.666698,0,0,-539.560,123.375,90.000,15.000
11.469845,timing-walk,16.679000,16.666698,0,0,-538.111,123.763,90.000,15.000
11.486509,timing-walk,16.664397,16.666702,0,0,-536.662,124.151,90.000,15.000
11.503122,timing-walk,16.612802,16.666800,0,0,-535.213,124.539,90.000,15.000
11.519855,timing-walk,16.733501,16.666698,0,0,-533.764,124.928,90.000,15.000
11.536816,timing-walk,16.959999,16.666698,0,0,-532.315,125.316,90.000,15.000
11.553216,timing-walk,16.400099,16.666800,0,0,-530.866,125.704,90.000,15.000
11.569826,timing-walk,16.610101,16.666698,0,0,-529.418,126.092,90.000,15.000
11.586516,timing-walk,16.690202,16.666803,0,0,-527.969,126.480,90.000,15.000
11.603183,timing-walk,16.666397,16.666698,0,0,-526.520,126.869,90.000,15.000
11.619871,timing-walk,16.688500,16.666698,0,0,-525.071,127.257,90.000,15.000
11.636528,timing-walk,16.657300,16.666800,0,0,-523.622,127.645,90.000,15.000
11.653207,timing-walk,16.679000,16.666800,0,0,-522.173,128.033,90.000,15.000
11.669809,timing-walk,16.602099,16.666698,0,0,-520.724,128.422,90.000,15.000
11.686492,timing-walk,16.683001,16.666800,0,0,-519.275,128.810,90.000,15.000
11.703174,timing-walk,16.681202,16.666800,0,0,-517.826,129.198,90.000,15.000
11.719849,timing-walk,16.675200,16.666800,0,0,-516.377,129.586,90.000,15.000
11.736450,timing-walk,16.601197,16.666803,0,0,-514.929,129.975,90.000,15.000
11.753212,timing-walk,16.761400,16.666800,0,0,-513.480,130.363,90.000,15.000
11.769862,timing-walk,16.650103,16.666698,0,0,-512.031,130.751,90.000,15.000
11.786832,timing-walk,16.969997,16.666800,0,0,-510.582,131.139,90.000,15.000
11.803476,timing-walk,16.644400,16.666800,0,0,-509.133,131.527,90.000,15.000
11.820086,timing-walk,16.609300,16.666800,0,0,-507.684,131.916,90.000,15.000
11.836829,timing-walk,16.743902,16.666698,0,0,-506.235,132.304,90.000,15.000
11.853256,timing-walk,16.426798,16.666800,0,0,-504.786,132.692,90.000,15.000
11.869907,timing-walk,16.651001,16.667902,0,0,-503.337,133.080,90.000,15.000
11.886596,timing-walk,16.688202,16.666800,0,0,-501.888,133.469,90.000,15.000
11.903296,timing-walk,16.700998,16.666800,0,0,-500.439,133.857,90.000,15.000
11.919930,timing-walk,16.633801,16.666901,0,0,-498.991,134.245,90.000,15.000
11.936512,timing-walk,16.581099,16.667999,0,0,-497.542,134.633,90.000,15.000
11.953268,timing-walk,16.756199,16.666800,0,0,-496.093,135.022,90.000,15.000
11.969907,timing-walk,16.638801,16.666800,0,0,-494.644,135.410,90.000,15.000
11.986618,timing-walk,16.710900,16.666698,0,0,-493.195,135.798,90.000,15.000
12.003393,timing-walk,16.775101,16.666698,0,0,-491.746,136.186,90.000,15.000
12.019942,timing-walk,16.549200,16.666702,0,0,-490.297,136.574,90.000,15.000
12.036811,timing-turn,16.868699,16.666698,0,0,-488.848,136.963,90.000,15.000
12.053213,timing-turn,16.402200,16.667500,0,0,-487.396,137.578,94.640,15.297
12.069848,timing-turn,16.634699,16.666800,0,0,-485.936,138.400,100.509,15.594
12.086578,timing-turn,16.730603,16.666698,0,0,-484.464,139.412,107.195,15.891
12.103262,timing-turn,16.683199,16.666800,0,0,-482.974,140.602,114.425,16.188
12.119943,timing-turn,16.680300,16.666800,0,0,-481.462,141.962,122.023,16.484
12.136605,timing-turn,16.662899,16.666800,0,0,-479.922,143.484,129.871,16.781
12.153246,timing-turn,16.640399,16.666800,0,0,-478.433,145.074,130.731,17.078
12.169913,timing-turn,16.667102,16.666698,0,0,-476.996,146.712,130.731,17.375
12.186654,timing-turn,16.740602,16.666800,0,0,-475.604,148.388,130.731,17.672
12.203273,timing-turn,16.618598,16.666702,0,0,-474.252,150.097,130.731,17.969
12.219945,timing-turn,16.671702,16.668201,0,0,-472.933,151.832,130.731,18.266
12.236616,timing-turn,16.671598,16.666698,0,0,-471.645,153.589,130.731,18.563
12.253220,timing-turn,16.603500,16.666698,0,0,-470.384,155.366,130.731,18.859
12.269840,timing-turn,16.620900,16.666800,0,0,-469.146,157.159,130.731,19.156
12.286743,timing-turn,16.902700,16.666698,0,0,-467.928,158.966,130.731,19.453
12.303168,timing-turn,16.424801,16.666800,0,0,-466.730,160.786,130.731,19.750
12.319877,timing-turn,16.708098,16.666702,0,0,-465.549,162.617,130.731,20.047
12.336491,timing-turn,16.613599,16.666800,0,0,-464.384,164.458,130.731,20.344
12.353189,timing-turn,16.697902,16.666698,0,0,-463.234,166.308,130.731,20.641
12.369818,timing-turn,16.629498,16.666800,0,0,-462.098,168.168,130.731,20.938
12.386508,timing-turn,16.689800,16.666698,0,0,-460.975,170.035,130.731,21.234
12.403132,timing-turn,16.624201,16.666698,0,0,-459.864,171.909,130.731,21.531
12.419873,timing-turn,16.740698,16.666800,0,0,-458.766,173.791,130.731,21.828
12.436509,timing-turn,16.636301,16.666702,0,0,-457.679,175.679,130.731,22.125
12.453429,timing-turn,16.919799,16.666800,0,0,-456.604,177.574,130.731,22.422
12.469852,timing-turn,16.423102,16.666800,0,0,-455.539,179.476,130.731,22.719
12.486552,timing-turn,16.699500,16.666800,0,0,-454.486,181.383,130.731,23.016
12.503172,timing-turn,16.619697,16.666698,0,0,-453.443,183.296,130.731,23.313
12.519889,timing-turn,16.716901,16.666800,0,0,-452.411,185.215,130.731,23.609
12.536716,timing-turn,16.826302,16.666698,0,0,-451.390,187.140,130.731,23.906
12.553210,timing-turn,16.494900,16.666800,0,0,-450.379,189.070,130.731,24.203
12.569877,timing-turn,16.666397,16.666702,0,0,-449.378,191.005,130.731,24.500
12.586555,timing-turn,16.678203,16.666698,0,0,-448.388,192.946,130.731,24.797
12.603172,timing-turn,16.618099,16.666800,0,0,-447.408,194.892,130.731,25.094
12.619875,timing-turn,16.702499,16.666800,0,0,-446.438,196.843,130.731,25.391
12.636655,timing-turn,16.780101,16.666800,0,0,-445.479,198.799,130.731,25.688
12.653206,timing-turn,16.550697,16.666800,0,0,-444.530,200.761,130.731,25.984
12.669842,timing-turn,16.636103,16.666800,0,0,-443.591,202.727,130.731,26.281
12.686501,timing-turn,16.659200,16.666800,0,0,-442.662,204.698,130.731,26.578
12.703130,timing-turn,16.628798,16.666800,0,0,-441.744,206.674,130.731,26.875
12.719854,timing-turn,16.725000,16.666698,0,0,-440.836,208.655,130.731,27.172
12.736517,timing-turn,16.662601,16.666702,0,0,-439.939,210.640,130.731,27.469
12.753211,timing-turn,16.693700,16.666698,0,0,-439.051,212.630,130.731,27.766
12.769832,timing-turn,16.620699,16.666800,0,0,-438.175,214.625,130.731,28.063
12.786753,timing-turn,16.920701,16.666800,0,0,-437.308,216.624,130.731,28.359
12.803158,timing-turn,16.404700,16.666800,0,0,-436.452,218.628,130.731,28.656
12.819879,timing-turn,16.721100,16.666698,0,0,-435.606,220.636,130.731,28.953
12.836537,timing-turn,16.658999,16.666800,0,0,-434.771,222.648,130.731,29.250
12.853243,timing-turn,16.705699,16.666800,0,0,-433.946,224.665,130.731,29.547
12.869848,timing-turn,16.605102,16.666800,0,0,-433.132,226.686,130.731,29.844
12.886606,timing-turn,16.757701,16.666702,0,0,-432.328,228.711,130.731,30.141
12.903152,timing-turn,16.545899,16.666800,0,0,-431.535,230.740,130.731,30.438
12.919874,timing-turn,16.721901,16.666800,0,0,-430.752,232.773,130.731,30.735
12.936523,timing-turn,16.649500,16.666698,0,0,-429.980,234.811,130.731,31.031
12.953313,timing-turn,16.789701,16.666698,0,0,-429.218,236.852,130.731,31.328
12.969895,timing-turn,16.582798,16.666698,0,0,-428.467,238.897,130.731,31.625
12.986586,timing-turn,16.689900,16.666702,0,0,-427.726,240.947,130.731,31.922
13.003288,timing-turn,16.702801,16.666800,0,0,-426.996,243.000,130.731,32.219
13.019921,timing-turn,16.633499,16.666698,0,0,-426.277,245.056,130.731,32.516
13.036948,timing-turn,17.027300,16.666800,0,0,-425.569,247.117,130.731,32.813
13.053279,timing-turn,16.330499,16.666800,0,0,-424.871,249.181,130.731,33.110
13.069902,timing-turn,16.623400,16.666800,0,0,-424.184,251.249,130.731,33.406
13.086637,timing-turn,16.734701,16.666800,0,0,-423.507,253.320,130.731,33.703
13.103235,timing-turn,16.598102,16.666800,0,0,-422.841,255.394,130.731,34.000
13.119902,timing-turn,16.665999,16.666698,0,0,-422.186,257.472,130.731,34.297
13.136576,timing-turn,16.674399,16.666702,0,0,-421.542,259.554,130.731,34.594
13.153214,timing-turn,16.638000,16.666800,0,0,-420.909,261.639,130.731,34.891
13.169951,timing-turn,16.738001,16.666698,0,0,-420.286,263.727,130.731,35.188
13.186701,timing-turn,16.749598,16.666800,0,0,-419.675,265.818,130.731,35.485
13.203346,timing-turn,16.645100,16.666800,0,0,-419.074,267.912,130.731,35.781
13.220107,timing-turn,16.761202,16.666698,0,0,-418.484,270.010,130.731,36.078
13.236661,timing-turn,16.553897,16.666698,0,0,-417.905,272.110,130.731,36.375
13.253283,timing-turn,16.621303,16.666800,0,0,-417.336,274.214,130.731,36.672
13.269919,timing-turn,16.636901,16.666702,0,0,-416.779,276.320,130.731,36.969
13.286818,timing-turn,16.898498,16.666800,0,0,-416.233,278.429,130.731,37.266
13.303231,timing-turn,16.413402,16.666800,0,0,-415.697,280.541,130.731,37.563
13.319944,timing-turn,16.712800,16.666698,0,0,-415.173,282.656,130.731,37.860
13.336560,timing-turn,16.615801,16.666800,0,0,-414.659,284.774,130.731,38.156
13.353290,timing-turn,16.729496,16.666698,0,0,-414.156,286.894,130.731,38.453
13.369947,timing-turn,16.657900,16.666800,0,0,-413.665,289.016,130.731,38.750
13.386610,timing-turn,16.662803,16.666800,0,0,-413.184,291.141,130.731,39.047
13.403282,timing-turn,16.672000,16.666800,0,0,-412.715,293.269,130.731,39.344
13.419991,timing-turn,16.709398,16.666702,0,0,-412.256,295.399,130.731,39.641
13.436771,timing-turn,16.779501,16.666800,0,0,-411.808,297.532,130.731,39.938
13.453327,timing-turn,16.555700,16.666800,0,0,-411.372,299.666,130.731,40.235
13.469978,timing-turn,16.651001,16.666800,0,0,-410.947,301.803,130.731,40.531
13.486612,timing-turn,16.633600,16.666800,0,0,-410.532,303.942,130.731,40.828
13.503271,timing-turn,16.658798,16.666800,0,0,-410.129,306.084,130.731,41.125
13.519984,timing-turn,16.713299,16.666698,0,0,-409.737,308.227,130.731,41.422
13.536802,timing-turn,16.818400,16.672600,0,0,-409.356,310.373,130.731,41.719
13.553272,timing-turn,16.470302,16.666698,0,0,-408.986,312.520,130.731,42.016
13.569919,timing-turn,16.645998,16.666702,0,0,-408.627,314.669,130.731,42.313
13.586606,timing-turn,16.687501,16.666800,0,0,-408.280,316.820,130.731,42.610
13.603282,timing-turn,16.675901,16.666698,0,0,-407.943,318.973,130.731,42.907
13.620006,timing-turn,16.723499,16.666698,0,0,-407.618,321.127,130.731,43.203
13.636568,timing-turn,16.562000,16.666698,0,0,-407.304,323.283,130.731,43.500
13.653275,timing-turn,16.707700,16.666901,0,0,-407.001,325.441,130.731,43.797
13.669893,timing-turn,16.617302,16.666698,0,0,-406.709,327.600,130.731,44.094
13.686570,timing-turn,16.677201,16.666702,0,0,-406.428,329.761,130.731,44.391
13.703270,timing-turn,16.700100,16.666698,0,0,-406.159,331.923,130.731,44.688
13.720058,timing-turn,16.788200,16.666800,0,0,-405.901,334.087,130.731,44.985
13.736615,timing-turn,16.557198,16.666800,0,0,-405.654,336.251,130.731,45.282
13.753291,timing-turn,16.675800,16.666800,0,0,-405.418,338.418,130.731,45.578
13.769926,timing-turn,16.635302,16.666800,0,0,-405.194,340.585,130.731,45.875
13.786809,timing-turn,16.882800,16.666698,0,0,-404.980,342.753,130.731,46.172
13.803246,timing-turn,16.437497,16.666698,0,0,-404.778,344.923,130.731,46.469
13.819957,timing-turn,16.710300,16.666702,0,0,-404.587,347.093,130.731,46.766
13.836821,timing-turn,16.864102,16.666698,0,0,-404.408,349.265,130.731,47.063
13.853466,timing-turn,16.645301,16.666698,0,0,-404.240,351.437,130.731,47.360
13.869966,timing-turn,16.499899,16.666800,0,0,-404.082,353.610,130.731,47.657
13.886625,timing-turn,16.659800,16.666698,0,0,-403.937,355.784,130.731,47.953
13.903347,timing-turn,16.722098,16.666800,0,0,-403.802,357.959,130.731,48.250
13.919964,timing-turn,16.616702,16.674002,0,0,-403.679,360.135,130.731,48.547
13.936609,timing-turn,16.645800,16.666698,0,0,-403.567,362.311,130.731,48.844
13.953248,timing-turn,16.638797,16.666800,0,0,-403.466,364.488,130.731,49.141
13.969895,timing-turn,16.647503,16.666702,0,0,-403.377,366.665,130.731,49.438
13.986546,timing-turn,16.649798,16.666800,0,0,-403.299,368.842,130.731,49.735
14.003229,timing-turn,16.683102,16.666698,0,0,-403.232,371.020,130.731,50.032
14.019912,timing-turn,16.682699,16.666800,0,0,-403.176,373.198,130.731,50.329
14.036726,timing-turn,16.814299,16.666800,0,0,-403.132,375.376,130.731,50.625
14.053188,timing-turn,16.461901,16.666800,0,0,-403.099,377.555,130.731,50.922
14.069860,timing-turn,16.670801,16.666800,0,0,-403.077,379.734,130.731,51.219
14.086635,timing-turn,16.774900,16.666800,0,0,-403.067,381.913,130.731,51.516
14.103384,timing-turn,16.748998,16.666800,0,0,-403.068,384.091,130.731,51.813
14.120019,timing-turn,16.635001,16.666702,0,0,-403.080,386.270,130.731,52.110
14.136628,timing-turn,16.609401,16.666698,0,0,-403.103,388.449,130.731,52.407
14.153281,timing-turn,16.652599,16.666698,0,0,-403.138,390.628,130.731,52.704
14.170024,timing-turn,16.742300,16.666698,0,0,-403.184,392.806,130.731,53.000
14.186594,timing-turn,16.570199,16.666800,0,0,-403.241,394.984,130.731,53.297
14.203282,timing-turn,16.688600,16.666698,0,0,-403.310,397.162,130.731,53.594
14.219923,timing-turn,16.641103,16.666702,0,0,-403.390,399.339,130.731,53.891
14.236570,timing-turn,16.647499,16.666800,0,0,-403.481,401.516,130.731,54.188
14.253277,timing-turn,16.706299,16.666800,0,0,-403.584,403.693,130.731,54.485
14.269934,timing-turn,16.656600,16.666698,0,0,-403.697,405.869,130.731,54.782
14.286767,timing-turn,16.833000,16.666800,0,0,-403.822,408.044,130.731,55.079
14.303255,timing-turn,16.487598,16.666698,0,0,-403.959,410.218,130.731,55.375
14.319918,timing-turn,16.662702,16.666698,0,0,-404.106,412.392,130.731,55.672
14.336578,timing-turn,16.661100,16.666803,0,0,-404.265,414.565,130.731,55.969
14.353219,timing-turn,16.640998,16.666800,0,0,-404.435,416.737,130.731,56.266
14.369944,timing-turn,16.724601,16.666698,0,0,-404.616,418.909,130.731,56.563
14.386674,timing-turn,16.730200,16.666800,0,0,-404.809,421.079,130.731,56.860
14.403290,timing-turn,16.616199,16.666800,0,0,-405.013,423.248,130.731,57.157
14.419972,timing-turn,16.682301,16.666800,0,0,-405.228,425.417,130.731,57.454
14.436598,timing-turn,16.624998,16.666800,0,0,-405.454,427.584,130.731,57.750
14.453233,timing-turn,16.635101,16.666800,0,0,-405.691,429.750,130.731,58.047
14.469933,timing-turn,16.699798,16.666800,0,0,-405.940,431.914,130.731,58.344
14.486568,timing-turn,16.636003,16.666698,0,0,-406.200,434.078,130.731,58.641
14.503302,timing-turn,16.733199,16.666702,0,0,-406.471,436.239,130.731,58.938
14.519907,timing-turn,16.605500,16.666698,0,0,-406.753,438.400,130.731,59.235
14.536877,timing-turn,16.969800,16.666698,0,0,-407.047,440.559,130.731,59.532
14.553246,timing-turn,16.368598,16.666698,0,0,-407.352,442.716,130.731,59.829
14.569934,timing-turn,16.688403,16.666698,0,0,-407.667,444.872,130.731,60.126
14.586614,timing-turn,16.679600,16.666800,0,0,-407.995,447.026,130.731,60.422
14.603563,timing-turn,16.950000,16.666702,0,0,-408.333,449.179,130.731,60.719
14.619989,timing-turn,16.425997,16.666800,0,0,-408.682,451.329,130.731,61.016
14.636593,timing-turn,16.603902,16.666800,0,0,-409.043,453.478,130.731,61.313
14.653255,timing-turn,16.661599,16.666698,0,0,-409.414,455.625,130.731,61.610
14.669926,timing-turn,16.670901,16.666800,0,0,-409.797,457.770,130.731,61.907
14.686648,timing-turn,16.722601,16.666698,0,0,-410.191,459.913,130.731,62.204
14.703233,timing-turn,16.584400,16.666702,0,0,-410.596,462.054,130.731,62.501
14.719994,timing-turn,16.760997,16.666800,0,0,-411.012,464.193,130.731,62.797
14.736621,timing-turn,16.627602,16.666698,0,0,-411.439,466.329,130.731,63.094
14.753284,timing-turn,16.663898,16.666800,0,0,-411.877,468.464,130.731,63.391
14.769983,timing-turn,16.698502,16.666698,0,0,-412.326,470.596,130.731,63.688
14.786800,timing-turn,16.816799,16.666800,0,0,-412.786,472.725,130.731,63.985
14.803264,timing-turn,16.463101,16.666800,0,0,-413.258,474.853,130.731,64.282
14.820007,timing-turn,16.743399,16.666698,0,0,-413.740,476.978,130.731,64.579
14.836653,timing-turn,16.645402,16.666702,0,0,-414.233,479.100,130.731,64.876
14.853408,timing-turn,16.755000,16.666800,0,0,-414.738,481.220,130.731,65.172
14.869976,timing-turn,16.568400,16.666800,0,0,-415.253,483.337,130.731,65.469
14.886615,timing-turn,16.638897,16.666800,0,0,-415.779,485.451,130.731,65.766
14.903266,timing-turn,16.651001,16.666698,0,0,-416.316,487.563,130.731,66.063
14.920007,timing-turn,16.740400,16.666698,0,0,-416.864,489.671,130.731,66.360
14.936567,timing-turn,16.560499,16.666800,0,0,-417.423,491.777,130.731,66.657
14.953238,timing-turn,16.671102,16.666698,0,0,-417.993,493.880,130.731,66.954
14.969909,timing-turn,16.670000,16.666702,0,0,-418.574,495.980,130.731,67.251
14.986558,timing-turn,16.649198,16.666698,0,0,-419.166,498.077,130.731,67.547
15.003241,timing-turn,16.682401,16.666800,0,0,-419.769,500.171,130.731,67.844
15.019897,timing-turn,16.657099,16.666698,0,0,-420.382,502.262,130.731,68.141
15.036819,timing-turn,16.922202,16.666800,0,0,-421.006,504.349,130.731,68.438
15.053482,timing-turn,16.662598,16.666698,0,0,-421.641,506.434,130.731,68.735
15.069997,timing-turn,16.515203,16.666702,0,0,-422.287,508.515,130.731,69.032
15.086616,timing-turn,16.619198,16.666698,0,0,-422.944,510.592,130.731,69.329
15.103384,timing-turn,16.768400,16.666698,0,0,-423.611,512.666,130.731,69.626
15.120028,timing-turn,16.643900,16.666800,0,0,-424.289,514.737,130.731,69.922
15.136705,timing-turn,16.677700,16.666698,0,0,-424.978,516.804,130.731,70.219
15.153360,timing-turn,16.654901,16.666800,0,0,-425.677,518.867,130.731,70.516
15.169986,timing-turn,16.625300,16.666702,0,0,-426.388,520.927,130.731,70.813
15.186642,timing-turn,16.656000,16.666698,0,0,-427.108,522.983,130.731,71.110
15.203344,timing-turn,16.702197,16.666800,0,0,-427.840,525.036,130.731,71.407
15.219999,timing-turn,16.655203,16.666698,0,0,-428.582,527.084,130.731,71.704
15.236656,timing-turn,16.656399,16.666698,0,0,-429.335,529.129,130.731,72.001
15.253300,timing-turn,16.643800,16.666800,0,0,-430.098,531.170,130.731,72.297
15.269983,timing-turn,16.683102,16.666702,0,0,-430.872,533.207,130.731,72.594
15.286854,timing-turn,16.870599,16.666698,0,0,-431.656,535.239,130.731,72.891
15.303275,timing-turn,16.420998,16.666698,0,0,-432.451,537.268,130.731,73.188
15.320005,timing-turn,16.730100,16.666800,0,0,-433.257,539.293,130.731,73.485
15.336526,timing-turn,16.520701,16.666698,0,0,-434.073,541.313,130.731,73.782
15.353263,timing-turn,16.737401,16.666800,0,0,-434.899,543.329,130.731,74.079
15.369910,timing-turn,16.647197,16.666702,0,0,-435.736,545.341,130.731,74.376
15.386557,timing-turn,16.646601,16.666698,0,0,-436.583,547.348,130.731,74.672
15.403275,timing-turn,16.718902,16.666800,0,0,-437.441,549.351,130.731,74.969
15.419922,timing-turn,16.646497,16.666698,0,0,-438.309,551.350,130.731,75.266
15.436538,timing-turn,16.616203,16.666800,0,0,-439.187,553.344,130.731,75.563
15.453303,timing-turn,16.765397,16.666698,0,0,-440.076,555.333,130.731,75.860
15.469912,timing-turn,16.608402,16.666702,0,0,-440.975,557.318,130.731,76.157
15.486599,timing-turn,16.686998,16.666800,0,0,-441.884,559.298,130.731,76.454
15.503292,timing-turn,16.693201,16.666698,0,0,-442.803,561.273,130.731,76.751
15.519958,timing-turn,16.665101,16.666698,0,0,-443.733,563.244,130.731,77.047
15.536782,timing-turn,16.824298,16.689800,0,0,-444.674,565.212,130.731,77.345
15.553378,timing-turn,16.596302,16.666800,0,0,-445.624,567.173,130.731,77.642
15.569978,timing-turn,16.599499,16.666698,0,0,-446.585,569.129,130.731,77.938
15.586807,timing-turn,16.829100,16.666702,0,0,-447.555,571.080,130.731,78.235
15.603348,timing-turn,16.540702,16.666698,0,0,-448.535,573.025,130.731,78.532
15.619962,timing-turn,16.613897,16.666800,0,0,-449.526,574.966,130.731,78.829
15.636610,timing-turn,16.648401,16.666698,0,0,-450.526,576.902,130.731,79.126
15.653300,timing-turn,16.690701,16.666800,0,0,-451.537,578.832,130.731,79.423
15.669991,timing-turn,16.690701,16.666800,0,0,-452.558,580.757,130.731,79.720
15.686632,timing-turn,16.641900,16.666698,0,0,-453.588,582.677,130.731,80.017
15.703275,timing-turn,16.642697,16.669102,0,0,-454.629,584.591,130.731,80.314
15.719984,timing-turn,16.709600,16.666800,0,0,-455.679,586.500,130.731,80.610
15.736621,timing-turn,16.636603,16.666800,0,0,-456.739,588.404,130.731,80.907
15.753222,timing-turn,16.601998,16.666800,0,0,-457.809,590.302,130.731,81.204
15.770056,timing-turn,16.833100,16.666698,0,0,-458.889,592.194,130.731,81.501
15.786854,timing-turn,16.797598,16.666698,0,0,-459.979,594.081,130.731,81.798
15.803341,timing-turn,16.487204,16.666702,0,0,-461.078,595.962,130.731,82.095
15.819907,timing-turn,16.565897,16.666800,0,0,-462.188,597.838,130.731,82.392
15.836595,timing-turn,16.687300,16.666800,0,0,-463.307,599.707,130.731,82.689
15.853423,timing-turn,16.828101,16.666698,0,0,-464.435,601.571,130.731,82.985
15.870123,timing-turn,16.699601,16.666698,0,0,-465.573,603.429,130.731,83.282
15.886794,timing-turn,16.671401,16.666698,0,0,-466.721,605.281,130.731,83.579
15.903355,timing-turn,16.560800,16.666803,0,0,-467.878,607.127,130.731,83.876
15.920037,timing-turn,16.682398,16.666800,0,0,-469.045,608.967,130.731,84.173
15.936704,timing-turn,16.666099,16.666698,0,0,-470.222,610.801,130.731,84.470
15.953525,timing-turn,16.820803,16.666698,0,0,-471.408,612.629,130.731,84.767
15.969942,timing-turn,16.417198,16.666698,0,0,-472.603,614.450,130.731,85.064
15.986691,timing-turn,16.749300,16.666800,0,0,-473.808,616.266,130.731,85.360
16.003532,timing-turn,16.841602,16.677599,0,0,-475.023,618.076,130.731,85.658
16.020090,timing-turn,16.557898,16.666800,0,0,-476.247,619.879,130.731,85.954
16.036865,timing-turn,16.774800,16.666702,0,0,-477.480,621.676,130.731,86.251
16.053286,timing-turn,16.420200,16.666800,0,0,-478.722,623.466,130.731,86.548
16.069904,timing-turn,16.618300,16.666698,0,0,-479.973,625.249,130.731,86.845
16.086670,timing-turn,16.764801,16.666800,0,0,-481.234,627.026,130.731,87.142
16.103306,timing-turn,16.635600,16.666698,0,0,-482.504,628.797,130.731,87.439
16.119961,timing-turn,16.654599,16.666800,0,0,-483.783,630.561,130.731,87.736
16.136650,timing-turn,16.689699,16.666702,0,0,-485.071,632.318,130.731,88.033
16.153349,timing-turn,16.697999,16.666698,0,0,-486.368,634.069,130.731,88.329
16.170128,timing-turn,16.778000,16.666698,0,0,-487.674,635.813,130.731,88.626
16.186659,timing-turn,16.531501,16.666800,0,0,-488.990,637.550,130.731,88.923
16.203348,timing-turn,16.688701,16.666698,0,0,-490.314,639.280,130.731,89.220
16.220194,timing-turn,16.845398,16.666800,0,0,-491.647,641.003,130.731,89.517
16.236874,timing-turn,16.679302,16.666800,0,0,-492.989,642.720,130.731,89.814
16.253550,timing-turn,16.675700,16.666800,0,0,-494.341,644.429,130.731,90.111
16.270008,timing-turn,16.458701,16.666702,0,0,-495.700,646.131,130.731,90.408
16.286852,timing-turn,16.843498,16.666800,0,0,-497.069,647.827,130.731,90.704
16.303381,timing-turn,16.528603,16.666698,0,0,-498.446,649.515,130.731,91.001
16.320158,timing-turn,16.777597,16.666800,0,0,-499.833,651.196,130.731,91.298
16.336697,timing-turn,16.538803,16.666698,0,0,-501.228,652.870,130.731,91.595
16.353355,timing-turn,16.659297,16.666698,0,0,-502.631,654.536,130.731,91.892
16.370136,timing-turn,16.781602,16.666800,0,0,-504.043,656.196,130.731,92.189
16.386671,timing-turn,16.534001,16.666702,0,0,-505.464,657.848,130.731,92.486
16.403456,timing-turn,16.784098,16.666698,0,0,-506.893,659.492,130.731,92.783
16.420019,timing-turn,16.564101,16.666800,0,0,-508.331,661.129,130.731,93.079
16.436609,timing-turn,16.589999,16.666698,0,0,-509.777,662.759,130.731,93.376
16.453278,timing-turn,16.668599,16.666800,0,0,-511.232,664.381,130.731,93.673
16.470036,timing-turn,16.758002,16.666800,0,0,-512.695,665.996,130.731,93.970
16.486799,timing-turn,16.764399,16.666698,0,0,-514.166,667.603,130.731,94.267
16.503489,timing-turn,16.688600,16.666803,0,0,-515.646,669.202,130.731,94.564
16.520149,timing-turn,16.660102,16.666800,0,0,-517.134,670.794,130.731,94.861
16.537081,timing-turn,16.930901,16.666800,0,0,-518.630,672.378,130.731,95.158
16.553539,timing-turn,16.459297,16.666698,0,0,-520.134,673.954,130.731,95.454
16.570028,timing-turn,16.488701,16.666698,0,0,-521.647,675.522,130.731,95.751
16.586721,timing-turn,16.693499,16.666800,0,0,-523.167,677.083,130.731,96.048
16.603405,timing-turn,16.684502,16.666698,0,0,-524.696,678.636,130.731,96.345
16.620155,timing-turn,16.750697,16.666702,0,0,-526.233,680.180,130.731,96.642
16.636766,timing-turn,16.611803,16.666800,0,0,-527.777,681.717,130.731,96.939
16.653416,timing-turn,16.649697,16.666698,0,0,-529.330,683.246,130.731,97.236
16.669956,timing-turn,16.540702,16.666698,0,0,-530.891,684.766,130.731,97.533
16.686655,timing-turn,16.698398,16.666698,0,0,-532.459,686.279,130.731,97.829
16.703409,timing-turn,16.755100,16.666800,0,0,-534.035,687.783,130.731,98.126
16.720034,timing-turn,16.624600,16.666702,0,0,-535.619,689.279,130.731,98.423
16.736782,timing-turn,16.747802,16.666800,0,0,-537.211,690.767,130.731,98.720
16.753273,timing-turn,16.490400,16.666698,0,0,-538.810,692.247,130.731,99.017
16.769932,timing-turn,16.659100,16.666800,0,0,-540.417,693.718,130.731,99.314
16.786835,timing-turn,16.902801,16.666698,0,0,-542.032,695.181,130.731,99.611
16.803396,timing-turn,16.561098,16.666698,0,0,-543.654,696.636,130.731,99.908
16.819967,timing-turn,16.570900,16.666800,0,0,-545.284,698.082,130.731,100.204
16.836611,timing-turn,16.644202,16.666800,0,0,-546.921,699.519,130.731,100.501
16.853264,timing-turn,16.653497,16.666702,0,0,-548.566,700.949,130.731,100.798
16.869986,timing-turn,16.721800,16.666698,0,0,-550.218,702.369,130.731,101.095
16.886675,timing-turn,16.689900,16.711298,0,0,-551.881,703.785,130.731,101.393
16.903364,timing-turn,16.689099,16.666698,0,0,-553.548,705.189,130.731,101.690
16.920073,timing-turn,16.708501,16.666702,0,0,-555.222,706.583,130.731,101.987
16.936785,timing-turn,16.712703,16.666698,0,0,-556.903,707.970,130.731,102.283
16.953363,timing-turn,16.579300,16.666800,0,0,-558.591,709.347,130.731,102.580
16.970074,timing-turn,16.709499,16.666698,0,0,-560.287,710.716,130.731,102.877
16.986660,timing-turn,16.586497,16.666800,0,0,-561.989,712.075,130.731,103.174
17.003328,timing-turn,16.668200,16.666800,0,0,-563.698,713.426,130.731,103.471
17.019970,timing-turn,16.642500,16.666800,0,0,-565.415,714.768,130.731,103.768
17.036922,timing-turn,16.951602,16.666702,0,0,-567.138,716.102,130.731,104.065
17.053299,timing-turn,16.375601,16.666698,0,0,-568.869,717.426,130.731,104.362
17.070000,timing-turn,16.701497,16.666698,0,0,-570.606,718.741,130.731,104.658
17.086678,timing-turn,16.677901,16.666698,0,0,-572.350,720.047,130.731,104.955
17.103292,timing-turn,16.614098,16.666698,0,0,-574.100,721.345,130.731,105.252
17.120058,timing-turn,16.765300,16.666800,0,0,-575.858,722.633,130.731,105.549
17.136621,timing-turn,16.562503,16.666702,0,0,-577.621,723.912,130.731,105.846
17.153360,timing-turn,16.739801,16.666698,0,0,-579.392,725.181,130.731,106.143
17.170021,timing-turn,16.660798,16.666800,0,0,-581.169,726.442,130.731,106.440
17.186705,timing-turn,16.684402,16.666698,0,0,-582.953,727.694,130.731,106.737
17.203417,timing-turn,16.712897,16.666698,0,0,-584.743,728.936,130.731,107.033
17.220135,timing-turn,16.717903,16.666800,0,0,-586.539,730.168,130.731,107.330
17.236744,timing-turn,16.608499,16.666803,0,0,-588.342,731.392,130.731,107.627
17.253355,timing-turn,16.611401,16.666800,0,0,-590.152,732.606,130.731,107.924
17.269957,timing-turn,16.601399,16.666800,0,0,-591.967,733.811,130.731,108.221
17.286943,timing-turn,16.986199,16.666698,0,0,-593.789,735.006,130.731,108.518
17.303375,timing-turn,16.432602,16.666800,0,0,-595.617,736.192,130.731,108.815
17.319973,timing-turn,16.597301,16.666698,0,0,-597.451,737.369,130.731,109.112
17.336636,timing-turn,16.661797,16.666800,0,0,-599.291,738.536,130.731,109.408
17.353321,timing-turn,16.686201,16.666698,0,0,-601.137,739.693,130.731,109.705
17.369953,timing-turn,16.632900,16.666702,0,0,-602.989,740.841,130.731,110.002
17.386642,timing-turn,16.688801,16.666698,0,0,-604.847,741.979,130.731,110.299
17.403250,timing-turn,16.606800,16.666800,0,0,-606.710,743.107,130.731,110.596
17.419979,timing-turn,16.728900,16.666800,0,0,-608.580,744.226,130.731,110.893
17.436747,timing-turn,16.767900,16.679802,0,0,-610.457,745.336,130.731,111.190
17.453396,timing-turn,16.648598,16.666800,0,0,-612.338,746.436,130.731,111.487
17.470003,timing-turn,16.606901,16.666800,0,0,-614.225,747.525,130.731,111.784
17.486691,timing-turn,16.688298,16.666800,0,0,-616.117,748.605,130.731,112.081
17.503305,timing-turn,16.615100,16.666698,0,0,-618.016,749.675,130.731,112.377
17.520014,timing-turn,16.709302,16.666698,0,0,-619.919,750.735,130.731,112.674
17.536856,timing-turn,16.842801,16.666800,0,0,-621.828,751.785,130.731,112.971
17.553328,timing-turn,16.472500,16.666702,0,0,-623.742,752.826,130.731,113.268
17.569994,timing-turn,16.666498,16.666800,0,0,-625.662,753.856,130.731,113.565
17.586668,timing-turn,16.673900,16.666800,0,0,-627.587,754.877,130.731,113.862
17.603313,timing-turn,16.645301,16.666698,0,0,-629.518,755.887,130.731,114.159
17.620026,timing-turn,16.712099,16.666800,0,0,-631.453,756.888,130.731,114.456
17.636641,timing-turn,16.615201,16.666800,0,0,-633.394,757.878,130.731,114.752
17.653334,timing-turn,16.693700,16.666698,0,0,-635.340,758.859,130.731,115.049
17.670004,timing-turn,16.669400,16.666698,0,0,-637.291,759.829,130.731,115.346
17.686769,timing-turn,16.765799,16.666800,0,0,-639.247,760.789,130.731,115.643
17.703489,timing-turn,16.718999,16.666803,0,0,-641.207,761.739,130.731,115.940
17.720020,timing-turn,16.531300,16.666698,0,0,-643.173,762.679,130.731,116.237
17.736647,timing-turn,16.627301,16.666800,0,0,-645.144,763.609,130.731,116.534
17.753336,timing-turn,16.689200,16.666800,0,0,-647.119,764.528,130.731,116.831
17.769964,timing-turn,16.628802,16.666698,0,0,-649.099,765.437,130.731,117.127
17.786867,timing-turn,16.902700,16.666698,0,0,-651.084,766.336,130.731,117.424
17.803291,timing-turn,16.424898,16.666800,0,0,-653.073,767.225,130.731,117.721
17.819990,timing-turn,16.698100,16.666702,0,0,-655.067,768.103,130.731,118.018
17.836630,timing-turn,16.640600,16.666698,0,0,-657.066,768.971,130.731,118.315
17.853310,timing-turn,16.679000,16.666800,0,0,-659.069,769.829,130.731,118.612
17.869942,timing-turn,16.632300,16.666800,0,0,-661.076,770.676,130.731,118.909
17.886730,timing-turn,16.788401,16.666800,0,0,-663.088,771.512,130.731,119.206
17.903299,timing-turn,16.568601,16.666698,0,0,-665.104,772.339,130.731,119.502
17.920258,timing-turn,16.958900,16.666800,0,0,-667.125,773.155,130.731,119.799
17.936661,timing-turn,16.403198,16.666698,0,0,-669.149,773.960,130.731,120.096
17.953342,timing-turn,16.681500,16.666702,0,0,-671.178,774.755,130.731,120.393
17.969963,timing-turn,16.620703,16.666698,0,0,-673.210,775.539,130.731,120.690
17.986664,timing-turn,16.700700,16.666698,0,0,-675.247,776.313,130.731,120.987
18.003296,timing-turn,16.631700,16.666800,0,0,-677.288,777.076,130.731,121.284
18.019989,timing-turn,16.693898,16.666698,0,0,-679.333,777.829,130.731,121.581
18.036804,timing-sweep,16.814601,16.666702,0,0,-681.381,778.571,130.731,121.877
18.053329,timing-sweep,16.524602,16.666698,0,0,-682.649,779.030,80.869,122.768
18.069954,timing-sweep,16.624298,16.666698,0,0,-683.343,779.282,44.304,123.659
18.086624,timing-sweep,16.670000,16.666800,0,0,-683.617,779.381,17.489,124.549
18.103283,timing-sweep,16.658902,16.666698,0,0,-683.617,779.381,0.000,125.440
18.119944,timing-sweep,16.661599,16.666698,0,0,-683.617,779.381,0.000,126.331
18.136595,timing-sweep,16.651601,16.666803,0,0,-683.617,779.381,0.000,127.221
18.153337,timing-sweep,16.743399,16.666800,0,0,-683.617,779.381,0.000,128.112
18.169903,timing-sweep,16.565900,16.666698,0,0,-683.617,779.381,0.000,129.002
18.186619,timing-sweep,16.716000,16.666698,0,0,-683.617,779.381,0.000,129.893
18.203266,timing-sweep,16.646601,16.666698,0,0,-683.617,779.381,0.000,130.784
18.219954,timing-sweep,16.687699,16.666698,0,0,-683.617,779.381,0.000,131.674
18.236698,timing-sweep,16.744200,16.666702,0,0,-683.617,779.381,0.000,132.565
18.253317,timing-sweep,16.619198,16.666800,0,0,-683.617,779.381,0.000,133.456
18.269913,timing-sweep,16.596403,16.666698,0,0,-683.617,779.381,0.000,134.346
18.286831,timing-sweep,16.918499,16.666800,0,0,-683.617,779.381,0.000,135.237
18.303261,timing-sweep,16.430300,16.666800,0,0,-683.617,779.381,0.000,136.128
18.319937,timing-sweep,16.675800,16.666698,0,0,-683.617,779.381,0.000,137.018
18.336575,timing-sweep,16.636901,16.666702,0,0,-683.617,779.381,0.000,137.909
18.353273,timing-sweep,16.699199,16.666800,0,0,-683.617,779.381,0.000,138.799
18.369917,timing-sweep,16.643200,16.666800,0,0,-683.617,779.381,0.000,139.690
18.386608,timing-sweep,16.691700,16.666698,0,0,-683.617,779.381,0.000,140.581
18.403263,timing-sweep,16.654301,16.666698,0,0,-683.617,779.381,0.000,141.471
18.419952,timing-sweep,16.688999,16.666698,0,0,-683.617,779.381,0.000,142.362
18.436699,timing-sweep,16.746599,16.666800,0,0,-683.617,779.381,0.000,143.253
18.453299,timing-sweep,16.599603,16.666702,0,0,-683.617,779.381,0.000,144.143
18.469919,timing-sweep,16.621098,16.666800,0,0,-683.617,779.381,0.000,145.034
18.486637,timing-sweep,16.717099,16.666698,0,0,-683.617,779.381,0.000,145.924
18.503277,timing-sweep,16.639803,16.666800,0,0,-683.617,779.381,0.000,146.815
18.519983,timing-sweep,16.707100,16.666800,0,0,-683.617,779.381,0.000,147.706
18.536806,timing-sweep,16.823500,16.666698,0,0,-683.617,779.381,0.000,148.596
18.553310,timing-sweep,16.503498,16.666800,0,0,-683.617,779.381,0.000,149.487
18.569901,timing-sweep,16.590800,16.666800,0,0,-683.617,779.381,0.000,150.378
18.586609,timing-sweep,16.709100,16.666698,0,0,-683.617,779.381,0.000,151.268
18.603262,timing-sweep,16.652301,16.666702,0,0,-683.617,779.381,0.000,152.159
18.619923,timing-sweep,16.659800,16.666800,0,0,-683.617,779.381,0.000,153.049
18.636604,timing-sweep,16.680900,16.666698,0,0,-683.617,779.381,0.000,153.940
18.653276,timing-sweep,16.672999,16.666800,0,0,-683.617,779.381,0.000,154.831
18.669901,timing-sweep,16.623601,16.666800,0,0,-683.617,779.381,0.000,155.721
18.686684,timing-sweep,16.783100,16.666698,0,0,-683.617,779.381,0.000,156.612
18.703245,timing-sweep,16.561601,16.666702,0,0,-683.617,779.381,0.000,157.503
18.719969,timing-sweep,16.723499,16.666698,0,0,-683.617,779.381,0.000,158.393
18.736654,timing-sweep,16.686000,16.666698,0,0,-683.617,779.381,0.000,159.284
18.753288,timing-sweep,16.633801,16.666698,0,0,-683.617,779.381,0.000,160.175
18.769924,timing-sweep,16.635597,16.666800,0,0,-683.617,779.381,0.000,161.065
18.786842,timing-sweep,16.919002,16.666698,0,0,-683.617,779.381,0.000,161.956
18.803246,timing-sweep,16.402401,16.666702,0,0,-683.617,779.381,0.000,162.846
18.819960,timing-sweep,16.714297,16.666800,0,0,-683.617,779.381,0.000,163.737
18.836601,timing-sweep,16.640801,16.666800,0,0,-683.617,779.381,0.000,164.628
18.853285,timing-sweep,16.682699,16.666800,0,0,-683.617,779.381,0.000,165.518
18.869921,timing-sweep,16.636003,16.666800,0,0,-683.617,779.381,0.000,166.409
18.886629,timing-sweep,16.707998,16.666800,0,0,-683.617,779.381,0.000,167.300
18.903307,timing-sweep,16.678199,16.666800,0,0,-683.617,779.381,0.000,168.190
18.919952,timing-sweep,16.645402,16.666698,0,0,-683.617,779.381,0.000,169.081
18.936588,timing-sweep,16.635299,16.666800,0,0,-683.617,779.381,0.000,169.971
18.953270,timing-sweep,16.681500,16.666698,0,0,-683.617,779.381,0.000,170.862
18.970081,timing-sweep,16.811300,16.666803,0,0,-683.617,779.381,0.000,171.753
18.986599,timing-sweep,16.516902,16.666698,0,0,-683.617,779.381,0.000,172.643
19.003262,timing-sweep,16.663000,16.666698,0,0,-683.617,779.381,0.000,173.534
19.019930,timing-sweep,16.668499,16.666698,0,0,-683.617,779.381,0.000,174.425
19.036818,timing-sweep,16.887300,16.666800,0,0,-683.617,779.381,0.000,175.315
19.053251,timing-sweep,16.433500,16.666698,0,0,-683.617,779.381,0.000,176.206
19.069921,timing-sweep,16.670801,16.666803,0,0,-683.617,779.381,0.000,177.096
19.086639,timing-sweep,16.717803,16.666800,0,0,-683.617,779.381,0.000,177.987
19.103296,timing-sweep,16.657598,16.666698,0,0,-683.617,779.381,0.000,178.878
19.119963,timing-sweep,16.667001,16.666800,0,0,-683.617,779.381,0.000,179.768
19.136589,timing-sweep,16.625799,16.666698,0,0,-683.617,779.381,0.000,180.659
19.153290,timing-sweep,16.700100,16.666698,0,0,-683.617,779.381,0.000,181.550
19.169945,timing-sweep,16.654599,16.666698,0,0,-683.617,779.381,0.000,182.440
19.186636,timing-sweep,16.690899,16.666803,0,0,-683.617,779.381,0.000,183.331
19.203283,timing-sweep,16.646400,16.666800,0,0,-683.617,779.381,0.000,184.222
19.219965,timing-sweep,16.682301,16.666800,0,0,-683.617,779.381,0.000,185.112
19.236599,timing-sweep,16.633701,16.666800,0,0,-683.617,779.381,0.000,186.003
19.253296,timing-sweep,16.696300,16.666698,0,0,-683.617,779.381,0.000,186.893
19.269928,timing-sweep,16.631600,16.666800,0,0,-683.617,779.381,0.000,187.784
19.286806,timing-sweep,16.878501,16.666698,0,0,-683.617,779.381,0.000,188.675
19.303251,timing-sweep,16.445100,16.666698,0,0,-683.617,779.381,0.000,189.565
19.319950,timing-sweep,16.699299,16.666702,0,0,-683.617,779.381,0.000,190.456
19.336596,timing-sweep,16.644701,16.666698,0,0,-683.617,779.381,0.000,191.347
19.353298,timing-sweep,16.702600,16.666698,0,0,-683.617,779.381,0.000,192.237
19.369904,timing-sweep,16.604997,16.666800,0,0,-683.617,779.381,0.000,193.128
19.386772,timing-sweep,16.868103,16.666800,0,0,-683.617,779.381,0.000,194.018
19.403490,timing-sweep,16.717996,16.666800,0,0,-683.617,779.381,0.000,194.909
19.419968,timing-sweep,16.478002,16.666800,0,0,-683.617,779.381,0.000,195.800
19.436611,timing-sweep,16.643200,16.666698,0,0,-683.617,779.381,0.000,196.690
19.453300,timing-sweep,16.689900,16.666702,0,0,-683.617,779.381,0.000,197.581
19.469933,timing-sweep,16.632698,16.666800,0,0,-683.617,779.381,0.000,198.472
19.486633,timing-sweep,16.700901,16.666698,0,0,-683.617,779.381,0.000,199.362
19.503281,timing-sweep,16.646501,16.666698,0,0,-683.617,779.381,0.000,200.253
19.520037,timing-sweep,16.755398,16.666800,0,0,-683.617,779.381,0.000,201.143
19.536806,timing-sweep,16.769301,16.666800,0,0,-683.617,779.381,0.000,202.034
19.553289,timing-sweep,16.483799,16.666800,0,0,-683.617,779.381,0.000,202.925
19.569918,timing-sweep,16.629100,16.666800,0,0,-683.617,779.381,0.000,203.815
19.586613,timing-sweep,16.695600,16.666702,0,0,-683.617,779.381,0.000,204.706
19.603258,timing-sweep,16.645201,16.666800,0,0,-683.617,779.381,0.000,205.597
19.619986,timing-sweep,16.727902,16.666698,0,0,-683.617,779.381,0.000,206.487
19.636576,timing-sweep,16.590700,16.666698,0,0,-683.617,779.381,0.000,207.378
19.653284,timing-sweep,16.708501,16.666800,0,0,-683.617,779.381,0.000,208.269
19.669949,timing-sweep,16.663600,16.666698,0,0,-683.617,779.381,0.000,209.159
19.686642,timing-sweep,16.693197,16.666800,0,0,-683.617,779.381,0.000,210.050
19.703430,timing-sweep,16.788702,16.666702,0,0,-683.617,779.381,0.000,210.940
19.719965,timing-sweep,16.534999,16.666800,0,0,-683.617,779.381,0.000,211.831
19.736616,timing-sweep,16.651802,16.666800,0,0,-683.617,779.381,0.000,212.722
19.753296,timing-sweep,16.680297,16.666800,0,0,-683.617,779.381,0.000,213.612
19.769968,timing-sweep,16.671903,16.666698,0,0,-683.617,779.381,0.000,214.503
19.786840,timing-sweep,16.871899,16.666800,0,0,-683.617,779.381,0.000,215.394
19.803268,timing-sweep,16.428199,16.666800,0,0,-683.617,779.381,0.000,216.284
19.819965,timing-sweep,16.697500,16.666800,0,0,-683.617,779.381,0.000,217.175
19.836599,timing-sweep,16.634900,16.666800,0,0,-683.617,779.381,0.000,218.065
19.853289,timing-sweep,16.688801,16.666702,0,0,-683.617,779.381,0.000,218.956
19.869921,timing-sweep,16.631398,16.666698,0,0,-683.617,779.381,0.000,219.847
19.886616,timing-sweep,16.694099,16.666698,0,0,-683.617,779.381,0.000,220.737
19.903263,timing-sweep,16.646400,16.666800,0,0,-683.617,779.381,0.000,221.628
19.919958,timing-sweep,16.695902,16.666698,0,0,-683.617,779.381,0.000,222.519
19.936615,timing-sweep,16.656399,16.666800,0,0,-683.617,779.381,0.000,223.409
19.953289,timing-sweep,16.674500,16.666800,0,0,-683.617,779.381,0.000,224.300
19.969955,timing-sweep,16.665801,16.666800,0,0,-683.617,779.381,0.000,225.190
19.986639,timing-sweep,16.682800,16.666800,0,0,-683.617,779.381,0.000,226.081
20.003292,timing-sweep,16.653199,16.666800,0,0,-683.617,779.381,0.000,226.972
20.019983,timing-sweep,16.690701,16.666702,0,0,-683.617,779.381,0.000,227.862
20.036873,timing-sweep,16.889401,16.666800,0,0,-683.617,779.381,0.000,228.753
20.053318,timing-sweep,16.445700,16.666698,0,0,-683.617,779.381,0.000,229.644
20.069941,timing-sweep,16.623400,16.666800,0,0,-683.617,779.381,0.000,230.534
20.086626,timing-sweep,16.684700,16.666698,0,0,-683.617,779.381,0.000,231.425
20.103275,timing-sweep,16.649999,16.666698,0,0,-683.617,779.381,0.000,232.316
20.119936,timing-sweep,16.661100,16.666803,0,0,-683.617,779.381,0.000,233.206
20.136581,timing-sweep,16.644999,16.666800,0,0,-683.617,779.381,0.000,234.097
20.153305,timing-sweep,16.724102,16.666800,0,0,-683.617,779.381,0.000,234.987
20.170088,timing-sweep,16.783398,16.666698,0,0,-683.617,779.381,0.000,235.878
20.186607,timing-sweep,16.518801,16.666698,0,0,-683.617,779.381,0.000,236.769
20.203285,timing-sweep,16.677201,16.666698,0,0,-683.617,779.381,0.000,237.659
20.219957,timing-sweep,16.672701,16.666702,0,0,-683.617,779.381,0.000,238.550
20.236584,timing-sweep,16.625997,16.666800,0,0,-683.617,779.381,0.000,239.441
20.253288,timing-sweep,16.705003,16.666698,0,0,-683.617,779.381,0.000,240.331
20.269939,timing-sweep,16.650997,16.666800,0,0,-683.617,779.381,0.000,241.222
20.286846,timing-sweep,16.906600,16.666800,0,0,-683.617,779.381,0.000,242.112
20.303280,timing-sweep,16.433202,16.666698,0,0,-683.617,779.381,0.000,243.003
20.320015,timing-sweep,16.735800,16.666698,0,0,-683.617,779.381,0.000,243.894
20.336637,timing-sweep,16.622301,16.666800,0,0,-683.617,779.381,0.000,244.784
20.353331,timing-sweep,16.693197,16.666800,0,0,-683.617,779.381,0.000,245.675
20.369963,timing-sweep,16.631901,16.666702,0,0,-683.617,779.381,0.000,246.566
20.386644,timing-sweep,16.682599,16.666800,0,0,-683.617,779.381,0.000,247.456
20.403292,timing-sweep,16.646601,16.666800,0,0,-683.617,779.381,0.000,248.347
20.419970,timing-sweep,16.678199,16.666800,0,0,-683.617,779.381,0.000,249.237
20.436632,timing-sweep,16.663402,16.666698,0,0,-683.617,779.381,0.000,250.128
20.453400,timing-sweep,16.767398,16.666698,0,0,-683.617,779.381,0.000,251.019
20.469952,timing-sweep,16.552601,16.666800,0,0,-683.617,779.381,0.000,251.909
20.486725,timing-sweep,16.773902,16.666702,0,0,-683.617,779.381,0.000,252.800
20.503258,timing-sweep,16.532399,16.666698,0,0,-683.617,779.381,0.000,253.691
20.519951,timing-sweep,16.693700,16.666698,0,0,-683.617,779.381,0.000,254.581
20.536804,timing-sweep,16.853198,16.666698,0,0,-683.617,779.381,0.000,255.472
20.553324,timing-sweep,16.519301,16.666698,0,0,-683.617,779.381,0.000,256.363
20.569920,timing-sweep,16.596101,16.666800,0,0,-683.617,779.381,0.000,257.253
20.586630,timing-sweep,16.710900,16.666803,0,0,-683.617,779.381,0.000,258.144
20.603258,timing-sweep,16.628500,16.666698,0,0,-683.617,779.381,0.000,259.034
20.619961,timing-sweep,16.703598,16.666800,0,0,-683.617,779.381,0.000,259.925
20.636900,timing-sweep,16.938601,16.666698,0,0,-683.617,779.381,0.000,260.816
20.653366,timing-sweep,16.465299,16.666800,0,0,-683.617,779.381,0.000,261.706
20.670067,timing-sweep,16.700502,16.666800,0,0,-683.617,779.381,0.000,262.597
20.686646,timing-sweep,16.579598,16.666800,0,0,-683.617,779.381,0.000,263.488
20.703375,timing-sweep,16.728502,16.666800,0,0,-683.617,779.381,0.000,264.378
20.719988,timing-sweep,16.612098,16.666800,0,0,-683.617,779.381,0.000,265.269
20.736605,timing-sweep,16.617302,16.666800,0,0,-683.617,779.381,0.000,266.159
20.753319,timing-sweep,16.714599,16.666702,0,0,-683.617,779.381,0.000,267.050
20.769932,timing-sweep,16.613800,16.666698,0,0,-683.617,779.381,0.000,267.941
20.786829,timing-sweep,16.897302,16.666800,0,0,-683.617,779.381,0.000,268.831
20.803320,timing-sweep,16.490400,16.666698,0,0,-683.617,779.381,0.000,269.722
20.819931,timing-sweep,16.611300,16.666800,0,0,-683.617,779.381,0.000,270.613
20.836588,timing-sweep,16.657200,16.666800,0,0,-683.617,779.381,0.000,271.503
20.853287,timing-sweep,16.699299,16.666698,0,0,-683.617,779.381,0.000,272.394
20.870001,timing-sweep,16.714200,16.666702,0,0,-683.617,779.381,0.000,273.284
20.886612,timing-sweep,16.610399,16.666800,0,0,-683.617,779.381,0.000,274.175
20.903273,timing-sweep,16.661100,16.666800,0,0,-683.617,779.381,0.000,275.066
20.919958,timing-sweep,16.686101,16.666698,0,0,-683.617,779.381,0.000,275.956
20.936623,timing-sweep,16.665000,16.666800,0,0,-683.617,779.381,0.000,276.847
20.953320,timing-sweep,16.696800,16.666800,0,0,-683.617,779.381,0.000,277.738
20.969957,timing-sweep,16.636901,16.666800,0,0,-683.617,779.381,0.000,278.628
20.986633,timing-sweep,16.676400,16.666800,0,0,-683.617,779.381,0.000,279.519
21.003305,timing-sweep,16.672798,16.666800,0,0,-683.617,779.381,0.000,280.410
21.019953,timing-sweep,16.648002,16.666698,0,0,-683.617,779.381,0.000,281.300
21.036791,timing-sweep,16.837999,16.666702,0,0,-683.617,779.381,0.000,282.191
21.053288,timing-sweep,16.496599,16.666800,0,0,-683.617,779.381,0.000,283.081
21.070206,timing-sweep,16.918801,16.695000,0,0,-683.617,779.381,0.000,283.974
21.086729,timing-sweep,16.522702,16.666800,0,0,-683.617,779.381,0.000,284.864
21.103302,timing-sweep,16.571999,16.666698,0,0,-683.617,779.381,0.000,285.755
21.119989,timing-sweep,16.687300,16.666698,0,0,-683.617,779.381,0.000,286.645
21.136654,timing-sweep,16.665000,16.666698,0,0,-683.617,779.381,0.000,287.536
21.153315,timing-sweep,16.661599,16.666702,0,0,-683.617,779.381,0.000,288.427
21.169952,timing-sweep,16.637500,16.666698,0,0,-683.617,779.381,0.000,289.317
21.186659,timing-sweep,16.706299,16.666800,0,0,-683.617,779.381,0.000,290.208
21.203291,timing-sweep,16.631301,16.666698,0,0,-683.617,779.381,0.000,291.099
21.219992,timing-sweep,16.700100,16.666800,0,0,-683.617,779.381,0.000,291.989
21.236673,timing-sweep,16.681001,16.723700,0,0,-683.617,779.381,0.000,292.883
21.253382,timing-sweep,16.708400,16.666698,0,0,-683.617,779.381,0.000,293.774
21.270029,timing-sweep,16.647700,16.666702,0,0,-683.617,779.381,0.000,294.664
21.287104,timing-sweep,17.074998,16.666800,0,0,-683.617,779.381,0.000,295.555
21.303425,timing-sweep,16.321402,16.666800,0,0,-683.617,779.381,0.000,296.445
21.320166,timing-sweep,16.741198,16.666698,0,0,-683.617,779.381,0.000,297.336
21.336798,timing-sweep,16.632102,16.666698,0,0,-683.617,779.381,0.000,298.227
21.353401,timing-sweep,16.603198,16.666698,0,0,-683.617,779.381,0.000,299.117
21.370039,timing-sweep,16.638201,16.666702,0,0,-683.617,779.381,0.000,300.008
21.386726,timing-sweep,16.687199,16.666800,0,0,-683.617,779.381,0.000,300.899
21.403360,timing-sweep,16.634200,16.666800,0,0,-683.617,779.381,0.000,301.789
21.420055,timing-sweep,16.694099,16.666698,0,0,-683.617,779.381,0.000,302.680
21.436708,timing-sweep,16.653202,16.666800,0,0,-683.617,779.381,0.000,303.570
21.453390,timing-sweep,16.681399,16.666800,0,0,-683.617,779.381,0.000,304.461
21.470005,timing-sweep,16.615100,16.666698,0,0,-683.617,779.381,0.000,305.352
21.486713,timing-sweep,16.709100,16.666800,0,0,-683.617,779.381,0.000,306.242
21.503347,timing-sweep,16.634200,16.666800,0,0,-683.617,779.381,0.000,307.133
21.520029,timing-sweep,16.682100,16.666702,0,0,-683.617,779.381,0.000,308.024
21.536877,timing-sweep,16.848199,16.666800,0,0,-683.617,779.381,0.000,308.914
21.553392,timing-sweep,16.515899,16.666698,0,0,-683.617,779.381,0.000,309.805
21.570040,timing-sweep,16.646903,16.666800,0,0,-683.617,779.381,0.000,310.695
21.586905,timing-sweep,16.865697,16.666800,0,0,-683.617,779.381,0.000,311.586
21.603361,timing-sweep,16.457301,16.666698,0,0,-683.617,779.381,0.000,312.477
21.620047,timing-sweep,16.685802,16.666698,0,0,-683.617,779.381,0.000,313.367
21.636677,timing-sweep,16.630698,16.666800,0,0,-683.617,779.381,0.000,314.258
21.653429,timing-sweep,16.752202,16.666800,0,0,-683.617,779.381,0.000,315.149
21.670027,timing-sweep,16.597699,16.666702,0,0,-683.617,779.381,0.000,316.039
21.686712,timing-sweep,16.685400,16.666698,0,0,-683.617,779.381,0.000,316.930
21.703367,timing-sweep,16.654499,16.666698,0,0,-683.617,779.381,0.000,317.821
21.720049,timing-sweep,16.680900,16.666800,0,0,-683.617,779.381,0.000,318.711
21.736704,timing-sweep,16.654499,16.666698,0,0,-683.617,779.381,0.000,319.602
21.753386,timing-sweep,16.681403,16.666702,0,0,-683.617,779.381,0.000,320.492
21.770031,timing-sweep,16.645897,16.666698,0,0,-683.617,779.381,0.000,321.383
21.787025,timing-sweep,16.995002,16.666698,0,0,-683.617,779.381,0.000,322.274
21.803398,timing-sweep,16.372100,16.666698,0,0,-683.617,779.381,0.000,323.164
21.820038,timing-sweep,16.639300,16.666698,0,0,-683.617,779.381,0.000,324.055
21.836676,timing-sweep,16.638201,16.666702,0,0,-683.617,779.381,0.000,324.946
21.853401,timing-sweep,16.725298,16.666698,0,0,-683.617,779.381,0.000,325.836
21.870045,timing-sweep,16.642701,16.666800,0,0,-683.617,779.381,0.000,326.727
21.886721,timing-sweep,16.675599,16.666698,0,0,-683.617,779.381,0.000,327.617
21.903362,timing-sweep,16.640801,16.666698,0,0,-683.617,779.381,0.000,328.508
21.920052,timing-sweep,16.689602,16.666800,0,0,-683.617,779.381,0.000,329.399
21.936691,timing-sweep,16.638998,16.666800,0,0,-683.617,779.381,0.000,330.289
21.953388,timing-sweep,16.696002,16.666803,0,0,-683.617,779.381,0.000,331.180
21.970036,timing-sweep,16.647696,16.666698,0,0,-683.617,779.381,0.000,332.071
21.986725,timing-sweep,16.689103,16.666800,0,0,-683.617,779.381,0.000,332.961
22.003384,timing-sweep,16.659599,16.666698,0,0,-683.617,779.381,0.000,333.852
22.020054,timing-sweep,16.671099,16.666800,0,0,-683.617,779.381,0.000,334.742
22.036894,timing-sweep,16.840503,16.666800,0,0,-683.617,779.381,0.000,335.633
22.053404,timing-sweep,16.509499,16.666800,0,0,-683.617,779.381,0.000,336.524
22.070047,timing-sweep,16.643599,16.666800,0,0,-683.617,779.381,0.000,337.414
22.086746,timing-sweep,16.698200,16.666800,0,0,-683.617,779.381,0.000,338.305
22.103384,timing-sweep,16.638000,16.666702,0,0,-683.617,779.381,0.000,339.196
22.120018,timing-sweep,16.634602,16.666698,0,0,-683.617,779.381,0.000,340.086
22.136686,timing-sweep,16.669199,16.666800,0,0,-683.617,779.381,0.000,340.977
22.153332,timing-sweep,16.645901,16.666800,0,0,-683.617,779.381,0.000,341.868
22.170010,timing-sweep,16.677398,16.666698,0,0,-683.617,779.381,0.000,342.758
22.186716,timing-sweep,16.707201,16.666698,0,0,-683.617,779.381,0.000,343.649
22.203367,timing-sweep,16.650699,16.666800,0,0,-683.617,779.381,0.000,344.539
22.220060,timing-sweep,16.693801,16.666800,0,0,-683.617,779.381,0.000,345.430
22.236712,timing-sweep,16.651999,16.666800,0,0,-683.617,779.381,0.000,346.321
22.253399,timing-sweep,16.687002,16.666803,0,0,-683.617,779.381,0.000,347.211
22.270071,timing-sweep,16.672298,16.666698,0,0,-683.617,779.381,0.000,348.102
22.286940,timing-sweep,16.869299,16.673698,0,0,-683.617,779.381,0.000,348.993
22.303484,timing-sweep,16.544100,16.666698,0,0,-683.617,779.381,0.000,349.884
22.320166,timing-sweep,16.681302,16.666800,0,0,-683.617,779.381,0.000,350.774
22.336704,timing-sweep,16.538098,16.666698,0,0,-683.617,779.381,0.000,351.665
22.353390,timing-sweep,16.684800,16.666803,0,0,-683.617,779.381,0.000,352.555
22.370068,timing-sweep,16.677499,16.666698,0,0,-683.617,779.381,0.000,353.446
22.386717,timing-sweep,16.649000,16.666698,0,0,-683.617,779.381,0.000,354.337
22.403347,timing-sweep,16.630400,16.666698,0,0,-683.617,779.381,0.000,355.227
22.420042,timing-sweep,16.695403,16.666698,0,0,-683.617,779.381,0.000,356.118
22.436682,timing-sweep,16.638897,16.666800,0,0,-683.617,779.381,0.000,357.009
22.453392,timing-sweep,16.711101,16.666702,0,0,-683.617,779.381,0.000,357.899
22.470039,timing-sweep,16.647600,16.666698,0,0,-683.617,779.381,0.000,358.790
22.486723,timing-sweep,16.683102,16.666800,0,0,-683.617,779.381,0.000,359.680
22.503401,timing-sweep,16.677201,16.666698,0,0,-683.617,779.381,0.000,0.571
22.520065,timing-sweep,16.663998,16.666800,0,0,-683.617,779.381,0.000,1.462
22.536896,timing-sweep,16.830198,16.666800,0,0,-683.617,779.381,0.000,2.352
22.553516,timing-sweep,16.621400,16.666698,0,0,-683.617,779.381,0.000,3.243
22.570066,timing-sweep,16.549602,16.666803,0,0,-683.617,779.381,0.000,4.134
22.586805,timing-sweep,16.738500,16.666800,0,0,-683.617,779.381,0.000,5.024
22.603455,timing-sweep,16.650200,16.666800,0,0,-683.617,779.381,0.000,5.915
22.620056,timing-sweep,16.600799,16.666800,0,0,-683.617,779.381,0.000,6.806
22.636696,timing-sweep,16.640302,16.666800,0,0,-683.617,779.381,0.000,7.696
22.653463,timing-sweep,16.767297,16.666800,0,0,-683.617,779.381,0.000,8.587
22.670029,timing-sweep,16.565900,16.666698,0,0,-683.617,779.381,0.000,9.477
22.686817,timing-sweep,16.789101,16.666698,0,0,-683.617,779.381,0.000,10.368
22.703381,timing-sweep,16.563602,16.666800,0,0,-683.617,779.381,0.000,11.259
22.720057,timing-sweep,16.674999,16.666800,0,0,-683.617,779.381,0.000,12.149
22.736698,timing-sweep,16.642101,16.666800,0,0,-683.617,779.381,0.000,13.040
22.753403,timing-sweep,16.704500,16.666702,0,0,-683.617,779.381,0.000,13.931
22.770008,timing-sweep,16.604997,16.666800,0,0,-683.617,779.381,0.000,14.821
22.786930,timing-sweep,16.921401,16.666698,0,0,-683.617,779.381,0.000,15.712
22.803377,timing-sweep,16.447801,16.666800,0,0,-683.617,779.381,0.000,16.602
22.820068,timing-sweep,16.690999,16.666698,0,0,-683.617,779.381,0.000,17.493
22.836699,timing-sweep,16.629301,16.666800,0,0,-683.617,779.381,0.000,18.384
22.853518,timing-sweep,16.819198,16.666800,0,0,-683.617,779.381,0.000,19.274
22.870033,timing-sweep,16.515203,16.666702,0,0,-683.617,779.381,0.000,20.165
22.886732,timing-sweep,16.698800,16.666800,0,0,-683.617,779.381,0.000,21.056
22.903385,timing-sweep,16.653597,16.666698,0,0,-683.617,779.381,0.000,21.946
22.920073,timing-sweep,16.687300,16.666800,0,0,-683.617,779.381,0.000,22.837
22.936716,timing-sweep,16.643800,16.666800,0,0,-683.617,779.381,0.000,23.727
22.953400,timing-sweep,16.684301,16.666698,0,0,-683.617,779.381,0.000,24.618
22.970045,timing-sweep,16.645499,16.666800,0,0,-683.617,779.381,0.000,25.509
22.986713,timing-sweep,16.668301,16.666698,0,0,-683.617,779.381,0.000,26.399
23.003376,timing-sweep,16.661700,16.666800,0,0,-683.617,779.381,0.000,27.290
23.020046,timing-sweep,16.670801,16.666803,0,0,-683.617,779.381,0.000,28.181
23.036964,timing-sweep,16.918201,16.666698,0,0,-683.617,779.381,0.000,29.071
23.053381,timing-sweep,16.417500,16.666698,0,0,-683.617,779.381,0.000,29.962
23.070141,timing-sweep,16.759899,16.666800,0,0,-683.617,779.381,0.000,30.853
23.086777,timing-sweep,16.635600,16.666698,0,0,-683.617,779.381,0.000,31.743
23.103357,timing-sweep,16.581200,16.666800,0,0,-683.617,779.381,0.000,32.634
23.120068,timing-sweep,16.710900,16.666702,0,0,-683.617,779.381,0.000,33.524
23.136681,timing-sweep,16.612701,16.666800,0,0,-683.617,779.381,0.000,34.415
23.153418,timing-sweep,16.737301,16.666800,0,0,-683.617,779.381,0.000,35.306
23.170065,timing-sweep,16.646698,16.666800,0,0,-683.617,779.381,0.000,36.196
23.186735,timing-sweep,16.670302,16.666698,0,0,-683.617,779.381,0.000,37.087
23.203402,timing-sweep,16.665798,16.666698,0,0,-683.617,779.381,0.000,37.978
23.220051,timing-sweep,16.648799,16.666800,0,0,-683.617,779.381,0.000,38.868
23.236698,timing-sweep,16.646400,16.666800,0,0,-683.617,779.381,0.000,39.759
23.253403,timing-sweep,16.705401,16.666800,0,0,-683.617,779.381,0.000,40.649
23.270041,timing-sweep,16.637001,16.666800,0,0,-683.617,779.381,0.000,41.540
23.286968,timing-sweep,16.927700,16.666702,0,0,-683.617,779.381,0.000,42.431
23.303503,timing-sweep,16.534299,16.666800,0,0,-683.617,779.381,0.000,43.321
23.320129,timing-sweep,16.626701,16.666698,0,0,-683.617,779.381,0.000,44.212
23.336704,timing-sweep,16.575500,16.666800,0,0,-683.617,779.381,0.000,45.103
23.353376,timing-sweep,16.671699,16.666800,0,0,-683.617,779.381,0.000,45.993
23.370039,timing-sweep,16.663302,16.666698,0,0,-683.617,779.381,0.000,46.884
23.386726,timing-sweep,16.688097,16.666698,0,0,-683.617,779.381,0.000,47.774
23.403385,timing-sweep,16.659200,16.666702,0,0,-683.617,779.381,0.000,48.665
23.420059,timing-sweep,16.673103,16.666698,0,0,-683.617,779.381,0.000,49.556
23.436686,timing-sweep,16.626798,16.666800,0,0,-683.617,779.381,0.000,50.446
23.453403,timing-sweep,16.717199,16.666800,0,0,-683.617,779.381,0.000,51.337
23.470032,timing-sweep,16.627703,16.666698,0,0,-683.617,779.381,0.000,52.228
23.486752,timing-sweep,16.719900,16.666800,0,0,-683.617,779.381,0.000,53.118
23.503366,timing-sweep,16.615100,16.666800,0,0,-683.617,779.381,0.000,54.009
23.520079,timing-sweep,16.712297,16.666800,0,0,-683.617,779.381,0.000,54.900
23.536922,timing-sweep,16.842902,16.666800,0,0,-683.617,779.381,0.000,55.790
23.553425,timing-sweep,16.502801,16.666702,0,0,-683.617,779.381,0.000,56.681
23.570034,timing-sweep,16.609997,16.666698,0,0,-683.617,779.381,0.000,57.571
23.586752,timing-sweep,16.718801,16.666698,0,0,-683.617,779.381,0.000,58.462
23.603487,timing-sweep,16.734902,16.666698,0,0,-683.617,779.381,0.000,59.353
23.620094,timing-sweep,16.608000,16.666800,0,0,-683.617,779.381,0.000,60.243
23.636755,timing-sweep,16.660899,16.666698,0,0,-683.617,779.381,0.000,61.134
23.653374,timing-sweep,16.619500,16.666803,0,0,-683.617,779.381,0.000,62.025
23.670029,timing-sweep,16.655501,16.666800,0,0,-683.617,779.381,0.000,62.915
23.686714,timing-sweep,16.684998,16.666698,0,0,-683.617,779.381,0.000,63.806
23.703363,timing-sweep,16.650002,16.666800,0,0,-683.617,779.381,0.000,64.696
23.720053,timing-sweep,16.688600,16.666698,0,0,-683.617,779.381,0.000,65.587
23.736818,timing-sweep,16.765598,16.666698,0,0,-683.617,779.381,0.000,66.478
23.753508,timing-sweep,16.689502,16.666800,0,0,-683.617,779.381,0.000,67.368
23.770042,timing-sweep,16.535699,16.666702,0,0,-683.617,779.381,0.000,68.259
23.786938,timing-sweep,16.894601,16.666800,0,0,-683.617,779.381,0.000,69.150
23.803394,timing-sweep,16.457498,16.666800,0,0,-683.617,779.381,0.000,70.040
23.820078,timing-sweep,16.684499,16.666698,0,0,-683.617,779.381,0.000,70.931
23.836691,timing-sweep,16.613401,16.666800,0,0,-683.617,779.381,0.000,71.821
23.853399,timing-sweep,16.708102,16.666800,0,0,-683.617,779.381,0.000,72.712
23.870029,timing-sweep,16.630698,16.666698,0,0,-683.617,779.381,0.000,73.603
23.886738,timing-sweep,16.708899,16.666800,0,0,-683.617,779.381,0.000,74.493
23.903379,timing-sweep,16.641401,16.666702,0,0,-683.617,779.381,0.000,75.384
23.920076,timing-sweep,16.695999,16.666698,0,0,-683.617,779.381,0.000,76.275
23.936674,timing-sweep,16.597003,16.666698,0,0,-683.617,779.381,0.000,77.165
23.953390,timing-sweep,16.715199,16.666800,0,0,-683.617,779.381,0.000,78.056
23.970039,timing-sweep,16.650200,16.666698,0,0,-683.617,779.381,0.000,78.947
23.986725,timing-sweep,16.685899,16.666698,0,0,-683.617,779.381,0.000,79.837
24.003414,timing-sweep,16.688701,16.666702,0,0,-683.617,779.381,0.000,80.728
24.020086,timing-sweep,16.672801,16.666698,0,0,-683.617,779.381,0.000,81.618
24.036911,capture-idle,16.824599,16.666800,0,0,-683.617,779.381,0.000,82.509
24.053566,capture-idle,16.654298,16.666698,0,0,-683.617,779.381,0.000,82.509
24.070211,capture-idle,16.644701,16.666698,0,0,-683.617,779.381,0.000,82.509
24.086782,capture-idle,16.570099,16.666702,0,0,-683.617,779.381,0.000,82.509
24.104000,capture-idle,17.217603,16.666698,0,0,-683.617,779.381,0.000,82.509
24.120131,capture-idle,16.130198,16.666698,0,0,-683.617,779.381,0.000,82.509
24.136707,capture-idle,16.576901,16.666698,0,0,-683.617,779.381,0.000,82.509
24.153393,capture-idle,16.685899,16.666698,0,1,-683.617,779.381,0.000,82.509
24.276047,capture-idle,122.653402,122.483597,1,0,-683.617,779.381,0.000,82.509
24.292747,capture-idle,16.701598,16.666702,1,1,-683.617,779.381,0.000,82.509
24.407051,capture-idle,114.303600,114.366905,2,0,-683.617,779.381,0.000,82.509
24.423555,capture-idle,16.503502,16.666698,2,1,-683.617,779.381,0.000,82.509
24.539083,capture-idle,115.528397,115.406898,3,0,-683.617,779.381,0.000,82.509
24.555845,capture-idle,16.762502,16.666698,3,1,-683.617,779.381,0.000,82.509
24.672272,capture-idle,116.426200,116.553398,4,0,-683.617,779.381,0.000,82.509
24.688860,capture-idle,16.589001,16.666698,4,1,-683.617,779.381,0.000,82.509
24.804747,capture-idle,115.886699,115.829094,5,0,-683.617,779.381,0.000,82.509
24.821613,capture-idle,16.867500,16.666800,5,1,-683.617,779.381,0.000,82.509
24.935516,capture-idle,113.902900,114.184898,6,0,-683.617,779.381,0.000,82.509
24.952227,capture-idle,16.710099,16.666698,6,1,-683.617,779.381,0.000,82.509
25.068241,capture-idle,116.014000,115.929001,7,0,-683.617,779.381,0.000,82.509
25.085022,capture-idle,16.781602,16.666702,7,1,-683.617,779.381,0.000,82.509
25.197701,capture-idle,112.678699,112.858902,8,0,-683.617,779.381,0.000,82.509
25.214376,capture-idle,16.675200,16.666800,8,1,-683.617,779.381,0.000,82.509
25.329868,capture-idle,115.492400,115.536598,9,0,-683.617,779.381,0.000,82.509
25.346754,capture-idle,16.885098,16.666698,9,1,-683.617,779.381,0.000,82.509
25.463278,capture-idle,116.524100,116.607300,10,0,-683.617,779.381,0.000,82.509
25.479828,capture-idle,16.549300,16.666800,10,1,-683.617,779.381,0.000,82.509
25.598373,capture-idle,118.544899,118.309799,11,0,-683.617,779.381,0.000,82.509
25.614801,capture-idle,16.428601,16.666698,11,1,-683.617,779.381,0.000,82.509
25.731155,capture-idle,116.354201,116.347496,12,0,-683.617,779.381,0.000,82.509
25.747818,capture-idle,16.662098,16.666702,12,1,-683.617,779.381,0.000,82.509
25.864477,capture-idle,116.658300,116.351395,13,0,-683.617,779.381,0.000,82.509
25.880840,capture-idle,16.362701,16.666698,13,1,-683.617,779.381,0.000,82.509
25.996181,capture-idle,115.341298,115.352005,14,0,-683.617,779.381,0.000,82.509
26.012861,capture-idle,16.680300,16.666698,14,1,-683.617,779.381,0.000,82.509
26.128754,capture-idle,115.892202,115.662300,15,0,-683.617,779.381,0.000,82.509
26.145203,capture-walk,16.448501,16.666800,15,0,-683.617,779.381,0.000,82.509
26.161850,capture-walk,16.647398,16.666800,15,0,-683.604,779.477,5.833,82.509
26.178556,capture-walk,16.706798,16.666698,15,0,-683.579,779.670,11.667,82.509
26.195240,capture-walk,16.682900,16.666702,15,0,-683.541,779.959,17.500,82.509
26.211895,capture-walk,16.655300,16.666800,15,0,-683.490,780.345,23.333,82.509
26.228540,capture-walk,16.645901,16.666698,15,0,-683.427,780.827,29.167,82.509
26.245251,capture-walk,16.710099,16.666698,15,0,-683.351,781.405,35.000,82.509
26.261841,capture-walk,16.591001,16.666698,15,1,-683.262,782.080,40.833,82.509
26.379377,capture-walk,117.537100,117.139000,16,0,-682.217,790.028,81.832,82.509
26.395716,capture-walk,16.338401,16.666698,16,1,-682.026,791.477,87.665,82.509
26.512600,capture-walk,116.885100,116.710007,17,0,-680.657,801.891,90.000,82.509
26.529119,capture-walk,16.519200,16.666800,17,1,-680.462,803.378,90.000,82.509
26.648865,capture-walk,119.745400,119.428101,18,0,-679.060,814.035,90.000,82.509
26.665188,capture-walk,16.322199,16.666800,18,1,-678.865,815.522,90.000,82.509
26.781946,capture-walk,116.759103,116.759102,19,0,-677.495,825.941,90.000,82.509
26.798561,capture-walk,16.615398,16.666800,19,1,-677.299,827.428,90.000,82.509
26.915850,capture-walk,117.287900,116.925903,20,0,-675.927,837.861,90.000,82.509
26.932182,capture-walk,16.332600,16.666698,20,1,-675.732,839.349,90.000,82.509
27.048094,capture-walk,115.911499,115.844597,21,0,-674.372,849.686,90.000,82.509
27.064697,capture-walk,16.603500,16.666800,21,1,-674.177,851.173,90.000,82.509
27.183411,capture-walk,118.713003,118.432205,22,0,-672.787,861.741,90.000,82.509
27.199780,capture-walk,16.369298,16.666698,22,1,-672.592,863.228,90.000,82.509
27.315641,capture-walk,115.861602,115.772606,23,0,-671.233,873.559,90.000,82.509
27.332338,capture-walk,16.696699,16.666698,23,1,-671.038,875.046,90.000,82.509
27.454163,capture-walk,121.824600,121.311600,24,0,-669.614,885.871,90.000,82.509
27.470285,capture-walk,16.122900,16.666800,24,1,-669.419,887.358,90.000,82.509
27.589062,capture-walk,118.775498,118.793999,25,0,-668.025,897.958,90.000,82.509
27.605768,capture-walk,16.706403,16.666698,25,1,-667.829,899.445,90.000,82.509
27.727051,capture-walk,121.281698,121.117500,26,0,-666.408,910.253,90.000,82.509
27.743471,capture-walk,16.420100,16.666698,26,1,-666.213,911.740,90.000,82.509
27.858582,capture-walk,115.110502,114.878998,27,0,-664.865,921.991,90.000,82.509
27.875120,capture-walk,16.539298,16.666698,27,1,-664.669,923.478,90.000,82.509
27.994226,capture-walk,119.106699,118.978607,28,0,-663.273,934.095,90.000,82.509
28.010668,capture-walk,16.440403,16.667496,28,1,-663.078,935.582,90.000,82.509
28.126041,capture-walk,115.373500,115.301300,29,0,-661.725,945.871,90.000,82.509
28.142643,capture-walk,16.600799,16.666698,29,1,-661.529,947.358,90.000,82.509
28.258469,capture-walk,115.825601,115.525093,30,0,-660.174,957.666,90.000,82.509
28.274864,capture-walk,16.396500,16.666800,30,1,-659.978,959.154,90.000,82.509
28.389511,capture-walk,114.646498,114.681496,31,0,-658.633,969.387,90.000,82.509
28.406199,capture-walk,16.687002,16.666800,31,1,-658.437,970.874,90.000,82.509
28.522533,capture-walk,116.335697,116.128799,32,0,-657.075,981.236,90.000,82.509
28.539072,capture-walk,16.538400,16.666800,32,1,-656.879,982.724,90.000,82.509
28.653990,capture-walk,114.917703,115.017296,33,0,-655.529,992.987,90.000,82.509
28.670641,capture-walk,16.651399,16.666702,33,1,-655.334,994.474,90.000,82.509
28.786110,capture-walk,115.468200,115.221901,34,0,-653.982,1004.756,90.000,82.509
28.802505,capture-walk,16.395599,16.666698,34,1,-653.786,1006.243,90.000,82.509
28.917864,capture-walk,115.357801,115.307899,35,0,-652.433,1016.532,90.000,82.509
28.934484,capture-walk,16.619898,16.666800,35,1,-652.238,1018.019,90.000,82.509
29.050508,capture-walk,116.023801,115.773201,36,0,-650.879,1028.350,90.000,82.509
29.066942,capture-walk,16.434100,16.666800,36,1,-650.684,1029.837,90.000,82.509
29.182888,capture-walk,115.945499,115.857300,37,0,-649.325,1040.175,90.000,82.509
29.199547,capture-walk,16.659401,16.666800,37,1,-649.129,1041.662,90.000,82.509
29.314676,capture-walk,115.128998,114.949799,38,0,-647.780,1051.920,90.000,82.509
29.331091,capture-walk,16.415302,16.666698,38,1,-647.585,1053.407,90.000,82.509
29.446718,capture-walk,115.627199,115.576500,39,0,-646.229,1063.720,90.000,82.509
29.463461,capture-walk,16.741998,16.666803,39,1,-646.033,1065.207,90.000,82.509
29.578970,capture-walk,115.509301,115.409698,40,0,-644.679,1075.505,90.000,82.509
29.595387,capture-walk,16.415998,16.666698,40,1,-644.483,1076.993,90.000,82.509
29.710121,capture-walk,114.735004,114.677399,41,0,-643.138,1087.225,90.000,82.509
29.726725,capture-walk,16.604200,16.666702,41,1,-642.942,1088.713,90.000,82.509
29.850651,capture-walk,123.926200,123.658897,42,0,-641.491,1099.747,90.000,82.509
29.867043,capture-walk,16.391300,16.666698,42,1,-641.296,1101.234,90.000,82.509
29.989229,capture-walk,122.187197,122.129997,43,0,-639.863,1112.132,90.000,82.509
30.005932,capture-walk,16.701903,16.666800,43,1,-639.667,1113.619,90.000,82.509
30.132074,capture-walk,126.143299,125.928192,44,1,-638.190,1124.856,90.000,82.509
30.254620,capture-turn,122.545298,122.797295,45,0,-636.749,1135.813,90.000,82.509
30.271244,capture-turn,16.625103,16.666800,45,1,-636.762,1137.391,94.640,82.806
30.396603,capture-turn,125.359498,125.115501,46,1,-642.680,1151.771,130.731,85.035
30.521280,capture-turn,124.676801,124.898491,47,0,-651.359,1165.598,130.731,87.259
30.537907,capture-turn,16.626600,16.666702,47,1,-652.579,1167.403,130.731,87.556
30.663887,capture-turn,125.981200,125.712097,48,1,-662.289,1180.662,130.731,89.795
30.786385,capture-turn,122.498300,122.681198,49,0,-672.292,1193.198,130.731,91.981
30.802992,capture-turn,16.606599,16.666800,49,1,-673.680,1194.878,130.731,92.278
30.927855,capture-turn,124.862701,124.629105,50,0,-684.411,1207.137,130.731,94.497
30.944319,capture-turn,16.464800,16.666698,50,1,-685.872,1208.753,130.731,94.794
31.067440,capture-turn,123.121098,123.154999,51,0,-696.999,1220.389,130.731,96.988
31.084146,capture-turn,16.705900,16.666698,51,1,-698.529,1221.940,130.731,97.285
31.209967,capture-turn,125.820599,125.521301,52,1,-710.379,1233.291,130.731,99.521
31.332026,capture-turn,122.058600,122.351898,53,0,-722.334,1243.918,130.731,101.700
31.348665,capture-turn,16.639601,16.666698,53,1,-723.986,1245.338,130.731,101.997
31.472269,capture-turn,123.603798,123.328300,54,0,-736.501,1255.502,130.731,104.194
31.488636,capture-turn,16.366500,16.666800,54,1,-738.214,1256.849,130.731,104.491
31.612015,capture-turn,123.378102,123.326492,55,0,-751.161,1266.456,130.731,106.687
31.628611,capture-turn,16.596399,16.666698,55,1,-752.931,1267.727,130.731,106.984
31.756327,capture-turn,127.716798,127.367706,56,1,-766.725,1277.052,130.731,109.253
31.879158,capture-turn,122.831300,122.998001,57,0,-780.375,1285.550,130.731,111.444
31.895706,capture-turn,16.549002,16.666702,57,1,-782.244,1286.671,130.731,111.741
32.022774,capture-turn,127.068099,126.894890,58,1,-796.708,1294.794,130.731,114.001
32.146946,capture-turn,124.171901,124.307495,59,0,-811.168,1302.208,130.731,116.215
32.163540,capture-turn,16.595598,16.666702,59,1,-813.123,1303.170,130.731,116.512
32.290543,capture-turn,127.004500,126.728806,60,1,-828.192,1310.054,130.731,118.770
32.412075,capture-turn,121.531900,121.744392,61,0,-842.907,1316.118,130.731,120.938
32.428680,capture-turn,16.606800,16.666698,61,1,-844.935,1316.915,130.731,121.235
32.553165,capture-turn,124.485198,124.266800,62,0,-860.217,1322.427,130.731,123.449
32.569588,capture-turn,16.423702,16.666698,62,1,-862.278,1323.134,130.731,123.745
32.693283,capture-turn,123.695500,123.642899,63,0,-877.708,1327.947,130.731,125.948
32.709949,capture-turn,16.664900,16.666698,63,1,-879.798,1328.563,130.731,126.245
32.832275,capture-turn,122.327298,122.144203,64,0,-895.234,1332.650,130.731,128.420
32.848927,capture-turn,16.649701,16.666800,64,1,-897.348,1333.175,130.731,128.717
32.973831,capture-turn,124.903999,124.819298,65,0,-913.289,1336.662,130.731,130.941
32.990379,capture-turn,16.548302,16.666698,65,1,-915.425,1337.094,130.731,131.238
33.121799,capture-turn,131.420400,131.205704,66,1,-932.327,1340.010,130.731,133.575
33.251816,capture-turn,130.014699,130.326996,67,1,-949.217,1342.249,130.731,135.896
33.391567,capture-turn,139.752399,139.402802,68,1,-967.366,1343.896,130.731,138.379
33.535847,capture-turn,144.279201,144.563004,69,1,-986.243,1344.787,130.731,140.954
33.666359,capture-turn,130.511303,130.201004,70,1,-1003.264,1344.859,130.731,143.273
33.795143,capture-turn,128.785398,129.012299,71,1,-1020.118,1344.237,130.731,145.571
33.931309,capture-turn,136.166099,135.985199,72,1,-1037.841,1342.851,130.731,147.994
34.058758,capture-turn,127.450101,127.745003,73,1,-1054.422,1340.869,130.731,150.269
34.203159,capture-turn,144.400299,144.138199,74,1,-1073.022,1337.850,130.731,152.837
34.347424,capture-sweep,144.262802,144.456100,75,1,-1091.511,1334.008,130.731,155.410
34.477440,capture-sweep,130.014498,129.947601,76,1,-1092.052,1333.891,0.000,162.354
34.603447,capture-sweep,126.008801,126.197800,77,1,-1092.052,1333.891,0.000,169.097
34.731342,capture-sweep,127.894901,127.710999,78,1,-1092.052,1333.891,0.000,175.922
34.858673,capture-sweep,127.329901,127.452896,79,1,-1092.052,1333.891,0.000,182.733
35.007683,capture-sweep,149.011198,148.629700,80,1,-1092.052,1333.891,0.000,190.675
35.205734,capture-sweep,198.051602,198.104904,81,1,-1092.052,1333.891,0.000,201.261
35.348934,capture-sweep,143.201601,143.326599,82,1,-1092.052,1333.891,0.000,208.920
35.475304,capture-sweep,126.370698,126.643509,83,1,-1092.052,1333.891,0.000,215.688
35.601627,capture-sweep,126.323700,125.991402,84,1,-1092.052,1333.891,0.000,222.421
35.732952,capture-sweep,131.323900,131.613785,85,1,-1092.052,1333.891,0.000,229.454
35.860867,capture-sweep,127.916198,127.674904,86,1,-1092.052,1333.891,0.000,236.276
36.005733,capture-sweep,144.865900,144.797699,87,1,-1092.052,1333.891,0.000,244.014
36.151253,capture-sweep,145.519901,145.368103,88,1,-1092.052,1333.891,0.000,251.782
36.277550,capture-sweep,126.297999,126.643600,89,1,-1092.052,1333.891,0.000,258.550
36.411503,capture-sweep,133.951202,133.794098,90,1,-1092.052,1333.891,0.000,265.699
36.540615,capture-sweep,129.111700,129.238205,91,1,-1092.052,1333.891,0.000,272.605
36.674751,capture-sweep,134.135999,133.996796,92,1,-1092.052,1333.891,0.000,279.766
36.806229,capture-sweep,131.476801,131.776306,93,1,-1092.052,1333.891,0.000,286.808
36.937748,capture-sweep,131.520100,131.342209,94,1,-1092.052,1333.891,0.000,293.826
37.088406,capture-sweep,150.658298,150.808197,95,1,-1092.052,1333.891,0.000,301.885
37.236763,capture-sweep,148.359302,148.257202,96,1,-1092.052,1333.891,0.000,309.808
37.380100,capture-sweep,143.338799,143.555695,97,1,-1092.052,1333.891,0.000,317.479
37.526836,capture-sweep,146.737799,146.543808,98,1,-1092.052,1333.891,0.000,325.310
37.654274,capture-sweep,127.435699,127.609001,99,1,-1092.052,1333.891,0.000,332.129
37.795715,capture-sweep,141.442303,141.235611,100,1,-1092.052,1333.891,0.000,339.676
37.932678,capture-sweep,136.963200,137.214600,101,1,-1092.052,1333.891,0.000,347.009
38.058102,capture-sweep,125.421599,125.158401,102,1,-1092.052,1333.891,0.000,353.697
38.202251,capture-sweep,144.148700,144.420212,103,1,-1092.052,1333.891,0.000,1.414
38.341290,capture-sweep,139.038801,138.726807,104,1,-1092.052,1333.891,0.000,8.827
38.475655,capture-sweep,134.366900,134.549606,105,1,-1092.052,1333.891,0.000,16.017
38.619576,capture-sweep,143.922798,143.725494,106,1,-1092.052,1333.891,0.000,23.698
38.757290,capture-sweep,137.716200,138.022797,107,1,-1092.052,1333.891,0.000,31.073
38.900181,capture-sweep,142.890301,142.672302,108,1,-1092.052,1333.891,0.000,38.697
39.035709,capture-sweep,135.528702,135.750198,109,1,-1092.052,1333.891,0.000,45.951
39.173290,capture-sweep,137.581997,137.345200,110,1,-1092.052,1333.891,0.000,53.291
39.308594,capture-sweep,135.302801,135.406494,111,1,-1092.052,1333.891,0.000,60.527
39.442982,capture-sweep,134.387899,134.294495,112,1,-1092.052,1333.891,0.000,67.703
39.576694,capture-sweep,133.712500,133.927307,113,1,-1092.052,1333.891,0.000,74.860
39.711147,capture-sweep,134.452600,134.234100,114,1,-1092.052,1333.891,0.000,82.033
39.846371,capture-sweep,135.224901,135.450790,115,1,-1092.052,1333.891,0.000,89.271
39.983521,capture-sweep,137.148298,136.864395,116,1,-1092.052,1333.891,0.000,96.585
40.123562,capture-sweep,140.042800,140.305405,117,1,-1092.052,1333.891,0.000,104.082
40.250397,capture-sweep,126.833901,126.640709,118,1,-1092.052,1333.891,0.000,110.850
