mesh,instance,x,y,z,yaw,triangles,scale_error,ground_error_cm,home_margin_cm,resource_margin_cm,structure_margin_cm,plot_margin_cm,grass_weight,materials_ready,nonblocking
/Game/Trials/GrassGround_20260921_01/Meshes/SM_GrassMedium01_mid_b.SM_GrassMedium01_mid_b,0,-1787.235717,261.676637,-19.568401,161.596613,1257,0.000000,0.000000,159.587088,651.837193,1000000000.000000,1000000000.000000,0.403477,1,1
/Game/Trials/GrassGround_20260921_01/Meshes/SM_GrassMedium01_mid_b.SM_GrassMedium01_mid_b,1,-1844.989992,-24.715372,-21.204140,-126.538339,1257,0.000000,0.000000,175.351369,644.223970,1000000000.000000,1000000000.000000,0.474574,1,1
/Game/Trials/GrassGround_20260921_01/Meshes/SM_GrassMedium01_mid_b.SM_GrassMedium01_mid_b,2,-1799.613406,-318.812807,-22.633831,-54.673290,1257,0.000000,0.000000,190.827047,512.270696,1000000000.000000,1000000000.000000,0.504600,1,1
/Game/Trials/GrassGround_20260921_01/Meshes/SM_GrassMedium01_mid_b.SM_GrassMedium01_mid_b,3,-1653.060669,-583.900696,-24.205204,17.191715,1257,0.000000,0.000000,206.029828,268.738500,1000000000.000000,1000000000.000000,0.500927,1,1
/Game/Trials/GrassGround_20260921_01/Meshes/SM_GrassMedium01_mid_b.SM_GrassMedium01_mid_b,4,-453.991091,694.626344,4.800143,-126.875739,1257,0.000000,0.000000,213.533523,10.327062,1000000000.000000,1000000000.000000,0.443687,1,1
/Game/Trials/GrassGround_20260921_01/Meshes/SM_GrassMedium01_mid_b.SM_GrassMedium01_mid_b,5,-1420.178954,-785.674622,-25.655861,89.056764,1257,0.000000,0.000000,220.974166,138.017078,1000000000.000000,1000000000.000000,0.505508,1,1
/Game/Trials/GrassGround_20260921_01/Meshes/SM_GrassMedium01_mid_b.SM_GrassMedium01_mid_b,6,-720.802127,853.866148,2.022215,-55.010691,1257,0.000000,0.000000,228.353411,317.585111,1000000000.000000,1000000000.000000,0.508992,1,1
/Game/Trials/GrassGround_20260921_01/Meshes/SM_GrassMedium01_mid_b.SM_GrassMedium01_mid_b,7,-1127.229247,-896.691649,-26.715628,160.921812,1257,0.000000,0.000000,235.672786,155.485707,1000000000.000000,1000000000.000000,0.540401,1,1
/Game/Trials/GrassGround_20260921_01/Meshes/SM_GrassMedium01_mid_b.SM_GrassMedium01_mid_b,8,-1031.151489,912.401733,-3.898028,16.854358,1257,0.000000,0.000000,242.933370,626.812184,1000000000.000000,1000000000.000000,0.559052,1,1
/Game/Trials/GrassGround_20260921_01/Meshes/SM_GrassMedium01_mid_b.SM_GrassMedium01_mid_b,9,-808.904360,-900.074706,-26.951904,-127.213140,1257,0.000000,0.000000,250.136957,169.225607,1000000000.000000,1000000000.000000,0.569407,1,1
/Game/Trials/GrassGround_20260921_01/Meshes/SM_GrassMedium01_mid_b.SM_GrassMedium01_mid_b,10,-1347.630858,859.656250,-11.654144,88.719406,1257,0.000000,0.000000,257.284251,615.346780,1000000000.000000,1000000000.000000,0.584423,1,1
/Game/Trials/GrassGround_20260921_01/Meshes/SM_GrassMedium01_mid_b.SM_GrassMedium01_mid_b,11,-504.183017,-791.975771,-25.009073,-55.348091,1257,0.000000,0.000000,264.376853,124.224338,1000000000.000000,1000000000.000000,0.565769,1,1
/Game/Trials/GrassGround_20260921_01/Meshes/SM_GrassMedium01_mid_b.SM_GrassMedium01_mid_b,12,-1630.902709,698.731325,-18.745193,160.584455,1257,0.000000,0.000000,271.415792,407.507922,1000000000.000000,1000000000.000000,0.636122,1,1
/Game/Trials/GrassGround_20260921_01/Meshes/SM_GrassMedium01_mid_b.SM_GrassMedium01_mid_b,13,-1844.620119,446.414796,-22.975098,-127.550497,1257,0.000000,0.000000,285.337279,459.651918,1000000000.000000,1000000000.000000,0.734895,1,1
/Game/Trials/GrassGround_20260921_01/Meshes/SM_GrassMedium01_mid_b.SM_GrassMedium01_mid_b,14,-1960.101077,131.450483,-24.592600,-55.685449,1257,0.000000,0.000000,299.057948,650.293395,1000000000.000000,1000000000.000000,0.819985,1,1
/Game/Trials/GrassGround_20260921_01/Meshes/SM_GrassMedium01_mid_b.SM_GrassMedium01_mid_b,15,-24.896545,38.056444,0.321262,160.247054,1257,0.000000,0.000000,305.845808,188.971971,1000000000.000000,1000000000.000000,0.644876,1,1
/Game/Trials/GrassGround_20260921_01/Meshes/SM_GrassMedium01_mid_b.SM_GrassMedium01_mid_b,16,-1960.155640,-208.752991,-25.580296,16.179600,1257,0.000000,0.000000,312.586721,643.530422,1000000000.000000,1000000000.000000,0.825865,1,1
/Game/Trials/GrassGround_20260921_01/Meshes/SM_GrassMedium01_mid_b.SM_GrassMedium01_mid_b,17,-84.688662,375.344820,7.481438,-127.887897,1257,0.000000,0.000000,319.281851,25.325038,1000000000.000000,1000000000.000000,0.632700,1,1
/Game/Trials/GrassGround_20260921_01/Meshes/SM_GrassMedium01_mid_b.SM_GrassMedium01_mid_b,18,-1841.559814,-532.595215,-27.009731,88.044648,1257,0.000000,0.000000,325.932017,319.248816,1000000000.000000,1000000000.000000,0.752785,1,1
/Game/Trials/GrassGround_20260921_01/Meshes/SM_GrassMedium01_mid_b.SM_GrassMedium01_mid_b,19,-1615.829467,-799.400206,-28.452745,159.909697,1257,0.000000,0.000000,339.101889,67.542998,1000000000.000000,1000000000.000000,0.676255,1,1
/Game/Trials/GrassGround_20260921_01/Meshes/SM_GrassMedium01_mid_b.SM_GrassMedium01_mid_b,20,-529.807617,900.227478,8.311508,15.842199,1257,0.000000,0.000000,345.623153,189.743038,1000000000.000000,1000000000.000000,0.657210,1,1
/Game/Trials/GrassGround_20260921_01/Meshes/SM_GrassMedium01_mid_b.SM_GrassMedium01_mid_b,21,-1308.153933,-974.543822,-29.380262,-128.225255,1257,0.000000,0.000000,352.102982,239.846569,1000000000.000000,1000000000.000000,0.672091,1,1
/Game/Trials/GrassGround_20260921_01/Meshes/SM_GrassMedium01_mid_b.SM_GrassMedium01_mid_b,22,-865.463256,1019.705261,2.353902,87.707248,1257,0.000000,0.000000,358.542150,525.596532,1000000000.000000,1000000000.000000,0.698773,1,1
/Game/Trials/GrassGround_20260921_01/Meshes/SM_GrassMedium01_mid_b.SM_GrassMedium01_mid_b,23,-954.584353,-1033.944460,-29.738159,-56.360250,1257,0.000000,0.000000,364.941412,348.534486,1000000000.000000,1000000000.000000,0.701251,1,1
/Game/Trials/GrassGround_20260921_01/Meshes/SM_GrassMedium01_mid_b.SM_GrassMedium01_mid_b,24,-1226.197753,1016.436464,-6.644481,159.572296,1257,0.000000,0.000000,371.301354,570.017035,1000000000.000000,1000000000.000000,0.683060,1,1
/Game/Trials/GrassGround_20260921_01/Meshes/SM_GrassMedium01_mid_b.SM_GrassMedium01_mid_b,25,-597.788025,-967.335938,-28.689379,15.504799,1257,0.000000,0.000000,377.622685,231.291200,1000000000.000000,1000000000.000000,0.680045,1,1
/Game/Trials/GrassGround_20260921_01/Meshes/SM_GrassMedium01_mid_b.SM_GrassMedium01_mid_b,26,-1567.941896,887.783510,-16.040327,-128.562655,1257,0.000000,0.000000,383.905858,393.763153,1000000000.000000,1000000000.000000,0.666991,1,1
/Game/Trials/GrassGround_20260921_01/Meshes/SM_GrassMedium01_mid_b.SM_GrassMedium01_mid_b,27,-281.873534,-779.881653,-23.843121,87.369847,1257,0.000000,0.000000,390.151411,47.637761,1000000000.000000,1000000000.000000,0.635902,1,1
/Game/Trials/GrassGround_20260921_01/Meshes/SM_GrassMedium01_mid_b.SM_GrassMedium01_mid_b,28,-1847.927005,646.640440,-22.303822,-56.697607,1257,0.000000,0.000000,396.360194,284.055035,1000000000.000000,1000000000.000000,0.730782,1,1
/Game/Trials/GrassGround_20260921_01/Meshes/SM_GrassMedium01_mid_b.SM_GrassMedium01_mid_b,29,-2030.053223,320.185394,-24.416790,15.167441,1257,0.000000,0.000000,408.669703,455.873480,1000000000.000000,1000000000.000000,0.830676,1,1
/Game/Trials/GrassGround_20260921_01/Meshes/SM_GrassMedium01_mid_b.SM_GrassMedium01_mid_b,30,76.131346,-136.642561,-1.562435,-128.900056,1257,0.000000,0.000000,414.771802,15.091991,1000000000.000000,1000000000.000000,0.698308,1,1
/Game/Trials/GrassGround_20260921_01/Meshes/SM_GrassMedium01_mid_b.SM_GrassMedium01_mid_b,31,-2089.542235,-53.185310,-24.897125,87.032490,1257,0.000000,0.000000,420.839567,757.914752,1000000000.000000,1000000000.000000,0.867957,1,1
/Game/Trials/GrassGround_20260921_01/Meshes/SM_GrassMedium01_mid_b.SM_GrassMedium01_mid_b,32,69.506589,243.491301,8.451509,-57.035007,1257,0.000000,0.000000,426.873902,200.257143,1000000000.000000,1000000000.000000,0.693630,1,1
/Game/Trials/GrassGround_20260921_01/Meshes/SM_GrassMedium01_mid_b.SM_GrassMedium01_mid_b,33,-2016.275512,-428.390074,-26.086710,158.897538,1257,0.000000,0.000000,432.875320,433.316297,1000000000.000000,1000000000.000000,0.807461,1,1
/Game/Trials/GrassGround_20260921_01/Meshes/SM_GrassMedium01_mid_b.SM_GrassMedium01_mid_b,34,-1816.372316,-759.127684,-27.777697,-129.237413,1257,0.000000,0.000000,444.781862,91.428096,1000000000.000000,1000000000.000000,0.702062,1,1
/Game/Trials/GrassGround_20260921_01/Meshes/SM_GrassMedium01_mid_b.SM_GrassMedium01_mid_b,35,-324.776183,894.435425,13.358601,86.695089,1257,0.000000,0.000000,450.688151,95.687884,1000000000.000000,1000000000.000000,0.658192,1,1
/Game/Trials/GrassGround_20260921_01/Meshes/SM_GrassMedium01_mid_b.SM_GrassMedium01_mid_b,36,-1511.836673,-1003.578066,-28.888464,-57.372365,1257,0.000000,0.000000,456.563675,38.197344,1000000000.000000,1000000000.000000,0.664036,1,1
/Game/Trials/GrassGround_20260921_01/Meshes/SM_GrassMedium01_mid_b.SM_GrassMedium01_mid_b,37,-669.085815,1082.980226,8.691383,158.560138,1257,0.000000,0.000000,462.409099,418.943068,1000000000.000000,1000000000.000000,0.721617,1,1
/Game/Trials/GrassGround_20260921_01/Meshes/SM_GrassMedium01_mid_b.SM_GrassMedium01_mid_b,38,-1137.923706,-1129.837280,-29.340750,14.492683,1257,0.000000,0.000000,468.224595,383.461348,1000000000.000000,1000000000.000000,0.715348,1,1
/Game/Trials/GrassGround_20260921_01/Meshes/SM_GrassMedium01_mid_b.SM_GrassMedium01_mid_b,39,-1061.292726,1142.367433,0.115369,-129.574814,1257,0.000000,0.000000,474.010555,410.990978,1000000000.000000,1000000000.000000,0.726714,1,1
/Game/Trials/GrassGround_20260921_01/Meshes/SM_GrassMedium01_mid_b.SM_GrassMedium01_mid_b,40,-739.359008,-1119.835693,-29.273102,86.357732,1257,0.000000,0.000000,479.767675,371.323584,1000000000.000000,1000000000.000000,0.735252,1,1
/Game/Trials/GrassGround_20260921_01/Meshes/SM_GrassMedium01_mid_b.SM_GrassMedium01_mid_b,41,-1453.962405,1062.585570,-10.603643,-57.709765,1257,0.000000,0.000000,485.495547,497.120092,1000000000.000000,1000000000.000000,0.669424,1,1
/Game/Trials/GrassGround_20260921_01/Meshes/SM_GrassMedium01_mid_b.SM_GrassMedium01_mid_b,42,-364.775878,-972.041624,-26.712818,158.222737,1257,0.000000,0.000000,491.195334,256.898096,1000000000.000000,1000000000.000000,0.677160,1,1
/Game/Trials/GrassGround_20260921_01/Meshes/SM_GrassMedium01_mid_b.SM_GrassMedium01_mid_b,43,-1798.707764,850.672729,-19.471817,14.155283,1257,0.000000,0.000000,496.866824,186.267223,1000000000.000000,1000000000.000000,0.680871,1,1
/Game/Trials/GrassGround_20260921_01/Meshes/SM_GrassMedium01_mid_b.SM_GrassMedium01_mid_b,44,-60.809206,-701.927306,-18.504250,-129.912214,1257,0.000000,0.000000,502.510678,22.520297,1000000000.000000,1000000000.000000,0.654907,1,1
/Game/Trials/GrassGround_20260921_01/Meshes/SM_GrassMedium01_mid_b.SM_GrassMedium01_mid_b,45,-2052.112548,530.134582,-23.275736,86.020331,1257,0.000000,0.000000,508.127111,290.287432,1000000000.000000,1000000000.000000,0.787752,1,1
/Game/Trials/GrassGround_20260921_01/Meshes/SM_GrassMedium01_mid_b.SM_GrassMedium01_mid_b,46,-2181.205322,138.348421,-23.683901,157.885380,1257,0.000000,0.000000,519.279739,546.888746,1000000000.000000,1000000000.000000,0.872266,1,1
/Game/Trials/GrassGround_20260921_01/Meshes/SM_GrassMedium01_mid_b.SM_GrassMedium01_mid_b,47,192.774170,69.835396,7.280071,13.817883,1257,0.000000,0.000000,524.816807,230.338446,1000000000.000000,1000000000.000000,0.749084,1,1
/Game/Trials/GrassGround_20260921_01/Meshes/SM_GrassMedium01_mid_b.SM_GrassMedium01_mid_b,48,-2167.738283,-277.804137,-24.509031,-130.249572,1257,0.000000,0.000000,530.328220,620.227663,1000000000.000000,1000000000.000000,0.854016,1,1
/Game/Trials/GrassGround_20260921_01/Meshes/SM_GrassMedium01_mid_b.SM_GrassMedium01_mid_b,49,106.533570,479.137695,15.061884,85.682931,1257,0.000000,0.000000,535.814859,68.351968,1000000000.000000,1000000000.000000,0.697732,1,1
/Game/Trials/GrassGround_20260921_01/Meshes/SM_GrassMedium01_mid_b.SM_GrassMedium01_mid_b,50,-2010.718020,-667.562929,-26.579269,-58.384523,1257,0.000000,0.000000,541.276674,200.389621,1000000000.000000,1000000000.000000,0.745109,1,1
/Game/Trials/GrassGround_20260921_01/Meshes/SM_GrassMedium01_mid_b.SM_GrassMedium01_mid_b,51,-117.064880,837.149599,17.072523,157.547979,1257,0.000000,0.000000,546.714378,37.926002,1000000000.000000,1000000000.000000,0.657303,1,1
/Game/Trials/GrassGround_20260921_01/Meshes/SM_GrassMedium01_mid_b.SM_GrassMedium01_mid_b,52,-453.003420,1098.906618,14.123657,-130.586972,1257,0.000000,0.000000,557.518233,324.264903,1000000000.000000,1000000000.000000,0.716286,1,1
/Game/Trials/GrassGround_20260921_01/Meshes/SM_GrassMedium01_mid_b.SM_GrassMedium01_mid_b,53,-1348.742065,-1182.533325,-28.833912,85.345573,1257,0.000000,0.000000,562.885272,210.823900,1000000000.000000,1000000000.000000,0.692841,1,1
/Game/Trials/GrassGround_20260921_01/Meshes/SM_GrassMedium01_mid_b.SM_GrassMedium01_mid_b,54,-861.970401,1230.511717,6.846243,-58.721924,1257,0.000000,0.000000,568.229081,339.358169,1000000000.000000,1000000000.000000,0.768978,1,1
/Game/Trials/GrassGround_20260921_01/Meshes/SM_GrassMedium01_mid_b.SM_GrassMedium01_mid_b,55,-921.248901,-1241.054076,-28.988935,157.210622,1257,0.000000,0.000000,573.550141,528.160308,1000000000.000000,1000000000.000000,0.768130,1,1
/Game/Trials/GrassGround_20260921_01/Meshes/SM_GrassMedium01_mid_b.SM_GrassMedium01_mid_b,56,-1294.968384,1213.513916,-3.987298,13.143125,1257,0.000000,0.000000,578.848418,418.924474,1000000000.000000,1000000000.000000,0.706628,1,1
/Game/Trials/GrassGround_20260921_01/Meshes/SM_GrassMedium01_mid_b.SM_GrassMedium01_mid_b,57,-496.048311,-1148.416380,-28.265402,-130.924330,1257,0.000000,0.000000,584.124191,435.112654,1000000000.000000,1000000000.000000,0.734104,1,1
/Game/Trials/GrassGround_20260921_01/Meshes/SM_GrassMedium01_mid_b.SM_GrassMedium01_mid_b,58,-1699.197997,1047.451294,-15.189341,85.008173,1257,0.000000,0.000000,589.377645,253.601128,1000000000.000000,1000000000.000000,0.646461,1,1
/Game/Trials/GrassGround_20260921_01/Meshes/SM_GrassMedium01_mid_b.SM_GrassMedium01_mid_b,59,-125.425479,-913.430360,-22.919769,-59.059281,1257,0.000000,0.000000,594.608879,172.179996,1000000000.000000,1000000000.000000,0.663994,1,1
/Game/Trials/GrassGround_20260921_01/Meshes/SM_GrassMedium01_mid_b.SM_GrassMedium01_mid_b,60,-2024.511352,750.210085,-21.719322,156.873221,1257,0.000000,0.000000,599.818365,110.947385,1000000000.000000,1000000000.000000,0.721067,1,1
/Game/Trials/GrassGround_20260921_01/Meshes/SM_GrassMedium01_mid_b.SM_GrassMedium01_mid_b,61,144.178711,-562.579773,-10.665989,12.805724,1257,0.000000,0.000000,605.006245,10.251513,1000000000.000000,1000000000.000000,0.701956,1,1
/Game/Trials/GrassGround_20260921_01/Meshes/SM_GrassMedium01_mid_b.SM_GrassMedium01_mid_b,62,-2229.641847,356.121706,-22.768044,-131.261730,1257,0.000000,0.000000,610.172544,325.446990,1000000000.000000,1000000000.000000,0.841708,1,1
/Game/Trials/GrassGround_20260921_01/Meshes/SM_GrassMedium01_mid_b.SM_GrassMedium01_mid_b,63,277.991090,-137.044693,4.111795,84.670773,1257,0.000000,0.000000,615.318044,53.569659,1000000000.000000,1000000000.000000,0.780303,1,1
/Game/Trials/GrassGround_20260921_01/Meshes/SM_GrassMedium01_mid_b.SM_GrassMedium01_mid_b,64,-2287.438723,-88.003458,-22.914753,-59.396682,1257,0.000000,0.000000,620.442976,745.109033,1000000000.000000,1000000000.000000,0.876714,1,1
/Game/Trials/GrassGround_20260921_01/Meshes/SM_GrassMedium01_mid_b.SM_GrassMedium01_mid_b,65,257.383790,312.137697,14.956120,156.535821,1257,0.000000,0.000000,625.547736,46.302212,1000000000.000000,1000000000.000000,0.760419,1,1
/Game/Trials/GrassGround_20260921_01/Meshes/SM_GrassMedium01_mid_b.SM_GrassMedium01_mid_b,66,-2188.439453,-528.446961,-25.016209,12.468367,1257,0.000000,0.000000,630.632355,402.774445,1000000000.000000,1000000000.000000,0.798012,1,1
/Game/Trials/GrassGround_20260921_01/Meshes/SM_GrassMedium01_mid_b.SM_GrassMedium01_mid_b,67,82.424681,730.207582,19.457193,-131.599131,1257,0.000000,0.000000,635.697631,49.278751,1000000000.000000,1000000000.000000,0.676980,1,1
/Game/Trials/GrassGround_20260921_01/Meshes/SM_GrassMedium01_mid_b.SM_GrassMedium01_mid_b,68,-227.836245,1065.371336,18.412018,-59.734082,1257,0.000000,0.000000,645.770857,266.303019,1000000000.000000,1000000000.000000,0.688562,1,1
/Game/Trials/GrassGround_20260921_01/Meshes/SM_GrassMedium01_mid_b.SM_GrassMedium01_mid_b,69,-1576.977783,-1188.088133,-28.555052,156.198463,1257,0.000000,0.000000,650.778851,1.307585,1000000000.000000,1000000000.000000,0.649207,1,1
/Game/Trials/GrassGround_20260921_01/Meshes/SM_GrassMedium01_mid_b.SM_GrassMedium01_mid_b,70,-637.422485,1275.225342,12.857589,12.130966,1257,0.000000,0.000000,655.768504,408.476467,1000000000.000000,1000000000.000000,0.782636,1,1
/Game/Trials/GrassGround_20260921_01/Meshes/SM_GrassMedium01_mid_b.SM_GrassMedium01_mid_b,71,-1135.418459,-1323.831297,-28.476059,-131.936488,1257,0.000000,0.000000,660.739442,457.332501,1000000000.000000,1000000000.000000,0.757830,1,1
/Game/Trials/GrassGround_20260921_01/Meshes/SM_GrassMedium01_mid_b.SM_GrassMedium01_mid_b,72,-1097.601928,1332.121338,3.101481,83.996015,1257,0.000000,0.000000,665.692103,230.605894,1000000000.000000,1000000000.000000,0.767068,1,1
/Game/Trials/GrassGround_20260921_01/Meshes/SM_GrassMedium01_mid_b.SM_GrassMedium01_mid_b,73,-670.645877,-1299.540285,-28.474319,-60.071440,1257,0.000000,0.000000,670.626380,550.155893,1000000000.000000,1000000000.000000,0.791438,1,1
/Game/Trials/GrassGround_20260921_01/Meshes/SM_GrassMedium01_mid_b.SM_GrassMedium01_mid_b,74,-1552.695312,1226.789552,-9.295000,155.861063,1257,0.000000,0.000000,675.542535,411.798907,1000000000.000000,1000000000.000000,0.652427,1,1
/Game/Trials/GrassGround_20260921_01/Meshes/SM_GrassMedium01_mid_b.SM_GrassMedium01_mid_b,75,-239.309998,-1115.813477,-26.114826,11.793609,1257,0.000000,0.000000,680.440297,367.309210,1000000000.000000,1000000000.000000,0.698173,1,1
/Game/Trials/GrassGround_20260921_01/Meshes/SM_GrassMedium01_mid_b.SM_GrassMedium01_mid_b,76,-1946.825197,969.750002,-19.078152,-132.273889,1257,0.000000,0.000000,685.320265,6.133221,1000000000.000000,1000000000.000000,0.651443,1,1
/Game/Trials/GrassGround_20260921_01/Meshes/SM_GrassMedium01_mid_b.SM_GrassMedium01_mid_b,77,105.214967,-792.840149,-16.524857,83.658657,1257,0.000000,0.000000,690.182203,124.095845,1000000000.000000,1000000000.000000,0.675419,1,1
/Game/Trials/GrassGround_20260921_01/Meshes/SM_GrassMedium01_mid_b.SM_GrassMedium01_mid_b,78,-2230.786380,590.306944,-22.048542,-60.408840,1257,0.000000,0.000000,695.026520,119.452086,1000000000.000000,1000000000.000000,0.780483,1,1
/Game/Trials/GrassGround_20260921_01/Meshes/SM_GrassMedium01_mid_b.SM_GrassMedium01_mid_b,79,-2368.193359,133.213928,-21.602322,11.456208,1257,0.000000,0.000000,704.663238,517.544252,1000000000.000000,1000000000.000000,0.867425,1,1
/Game/Trials/GrassGround_20260921_01/Meshes/SM_GrassMedium01_mid_b.SM_GrassMedium01_mid_b,80,375.260130,107.511377,13.026708,-132.611289,1257,0.000000,0.000000,709.456096,103.745503,1000000000.000000,1000000000.000000,0.814891,1,1
/Game/Trials/GrassGround_20260921_01/Meshes/SM_GrassMedium01_mid_b.SM_GrassMedium01_mid_b,81,-2340.134276,-346.610535,-23.108170,83.321257,1257,0.000000,0.000000,714.232185,637.804528,1000000000.000000,1000000000.000000,0.840113,1,1
/Game/Trials/GrassGround_20260921_01/Meshes/SM_GrassMedium01_mid_b.SM_GrassMedium01_mid_b,82,263.604978,576.717101,20.465044,-60.746241,1257,0.000000,0.000000,718.992496,137.638510,1000000000.000000,1000000000.000000,0.727922,1,1
/Game/Trials/GrassGround_20260921_01/Meshes/SM_GrassMedium01_mid_b.SM_GrassMedium01_mid_b,83,-2147.740966,-790.691100,-26.397198,155.186305,1257,0.000000,0.000000,723.736611,174.323607,1000000000.000000,1000000000.000000,0.712324,1,1
/Game/Trials/GrassGround_20260921_01/Meshes/SM_GrassMedium01_mid_b.SM_GrassMedium01_mid_b,84,-4.162476,981.840942,21.528347,11.118808,1257,0.000000,0.000000,728.464877,195.403014,1000000000.000000,1000000000.000000,0.665184,1,1
/Game/Trials/GrassGround_20260921_01/Meshes/SM_GrassMedium01_mid_b.SM_GrassMedium01_mid_b,85,-397.373473,1272.380859,17.773361,82.983856,1257,0.000000,0.000000,737.874917,479.952004,1000000000.000000,1000000000.000000,0.753928,1,1
/Game/Trials/GrassGround_20260921_01/Meshes/SM_GrassMedium01_mid_b.SM_GrassMedium01_mid_b,86,-1373.023684,-1362.413698,-28.304697,-61.083598,1257,0.000000,0.000000,742.557168,269.254648,1000000000.000000,1000000000.000000,0.702238,1,1
/Game/Trials/GrassGround_20260921_01/Meshes/SM_GrassMedium01_mid_b.SM_GrassMedium01_mid_b,87,-869.558105,1411.208253,9.792206,154.848905,1257,0.000000,0.000000,747.223985,166.884460,1000000000.000000,1000000000.000000,0.818269,1,1
/Game/Trials/GrassGround_20260921_01/Meshes/SM_GrassMedium01_mid_b.SM_GrassMedium01_mid_b,88,-882.254822,-1416.991821,-27.958822,10.781450,1257,0.000000,0.000000,751.875434,687.073746,1000000000.000000,1000000000.000000,0.818514,1,1
/Game/Trials/GrassGround_20260921_01/Meshes/SM_GrassMedium01_mid_b.SM_GrassMedium01_mid_b,89,-1363.942995,1379.304933,-2.229921,-133.286047,1257,0.000000,0.000000,756.512041,335.077137,1000000000.000000,1000000000.000000,0.706145,1,1
/Game/Trials/GrassGround_20260921_01/Meshes/SM_GrassMedium01_mid_b.SM_GrassMedium01_mid_b,90,-399.431090,-1299.022095,-27.534782,82.646499,1257,0.000000,0.000000,761.132914,576.914472,1000000000.000000,1000000000.000000,0.760192,1,1
/Game/Trials/GrassGround_20260921_01/Meshes/SM_GrassMedium01_mid_b.SM_GrassMedium01_mid_b,91,-1820.286136,1178.336668,-14.718878,-61.420999,1257,0.000000,0.000000,765.739060,140.476298,1000000000.000000,1000000000.000000,0.608281,1,1
/Game/Trials/GrassGround_20260921_01/Meshes/SM_GrassMedium01_mid_b.SM_GrassMedium01_mid_b,92,16.230714,-1020.698546,-21.784069,154.511547,1257,0.000000,0.000000,770.329957,323.014786,1000000000.000000,1000000000.000000,0.663801,1,1
/Game/Trials/GrassGround_20260921_01/Meshes/SM_GrassMedium01_mid_b.SM_GrassMedium01_mid_b,93,-2182.227051,830.717590,-21.004494,10.444050,1257,0.000000,0.000000,774.905711,20.212843,1000000000.000000,1000000000.000000,0.698666,1,1
/Game/Trials/GrassGround_20260921_01/Meshes/SM_GrassMedium01_mid_b.SM_GrassMedium01_mid_b,94,-2404.255370,377.123321,-20.835825,82.309098,1257,0.000000,0.000000,784.013461,272.898089,1000000000.000000,1000000000.000000,0.827642,1,1
/Game/Trials/GrassGround_20260921_01/Meshes/SM_GrassMedium01_mid_b.SM_GrassMedium01_mid_b,95,452.992185,-127.157129,9.126400,-61.758356,1257,0.000000,0.000000,788.545585,29.121168,1000000000.000000,1000000000.000000,0.835971,1,1
/Game/Trials/GrassGround_20260921_01/Meshes/SM_GrassMedium01_mid_b.SM_GrassMedium01_mid_b,96,-2457.429687,-128.268645,-21.119728,154.174147,1257,0.000000,0.000000,793.063272,780.043464,1000000000.000000,1000000000.000000,0.854174,1,1
/Game/Trials/GrassGround_20260921_01/Meshes/SM_GrassMedium01_mid_b.SM_GrassMedium01_mid_b,97,-2333.138429,-624.257200,-24.617334,-133.960805,1257,0.000000,0.000000,802.058125,423.403480,1000000000.000000,1000000000.000000,0.768043,1,1
/Game/Trials/GrassGround_20260921_01/Meshes/SM_GrassMedium01_mid_b.SM_GrassMedium01_mid_b,98,207.685914,849.500488,23.502365,81.971698,1257,0.000000,0.000000,806.535251,216.702968,1000000000.000000,1000000000.000000,0.676472,1,1
/Game/Trials/GrassGround_20260921_01/Meshes/SM_GrassMedium01_mid_b.SM_GrassMedium01_mid_b,99,-2044.403689,-1050.038209,-28.027298,-62.095757,1257,0.000000,0.000000,810.999429,2.802507,1000000000.000000,1000000000.000000,0.623241,1,1
/Game/Trials/GrassGround_20260921_01/Meshes/SM_GrassMedium01_mid_b.SM_GrassMedium01_mid_b,100,-151.919860,1219.558473,21.547264,153.836746,1257,0.000000,0.000000,815.450367,421.584249,1000000000.000000,1000000000.000000,0.697475,1,1
/Game/Trials/GrassGround_20260921_01/Meshes/SM_GrassMedium01_mid_b.SM_GrassMedium01_mid_b,101,-1624.549561,-1352.666016,-28.621119,9.769292,1257,0.000000,0.000000,819.888420,113.690888,1000000000.000000,1000000000.000000,0.626816,1,1
/Game/Trials/GrassGround_20260921_01/Meshes/SM_GrassMedium01_mid_b.SM_GrassMedium01_mid_b,102,-619.482301,1445.053591,15.454579,-134.298205,1257,0.000000,0.000000,824.313755,308.029901,1000000000.000000,1000000000.000000,0.825473,1,1
/Game/Trials/GrassGround_20260921_01/Meshes/SM_GrassMedium01_mid_b.SM_GrassMedium01_mid_b,103,-1123.360595,-1493.640503,-27.594713,81.634340,1257,0.000000,0.000000,828.726055,548.187546,1000000000.000000,1000000000.000000,0.789908,1,1
/Game/Trials/GrassGround_20260921_01/Meshes/SM_GrassMedium01_mid_b.SM_GrassMedium01_mid_b,104,-1139.098391,1496.675780,5.067021,-62.433157,1257,0.000000,0.000000,833.125661,96.351580,1000000000.000000,1000000000.000000,0.786116,1,1
/Game/Trials/GrassGround_20260921_01/Meshes/SM_GrassMedium01_mid_b.SM_GrassMedium01_mid_b,105,-601.173034,-1453.798460,-27.441280,153.499389,1257,0.000000,0.000000,837.512160,709.499029,1000000000.000000,1000000000.000000,0.825557,1,1
/Game/Trials/GrassGround_20260921_01/Meshes/SM_GrassMedium01_mid_b.SM_GrassMedium01_mid_b,106,-1647.829956,1366.058350,-8.515808,9.431891,1257,0.000000,0.000000,841.885930,374.637774,1000000000.000000,1000000000.000000,0.618985,1,1
/Game/Trials/GrassGround_20260921_01/Meshes/SM_GrassMedium01_mid_b.SM_GrassMedium01_mid_b,107,-121.604311,-1235.890257,-25.312588,-134.635563,1257,0.000000,0.000000,846.246588,490.704537,1000000000.000000,1000000000.000000,0.692465,1,1
/Game/Trials/GrassGround_20260921_01/Meshes/SM_GrassMedium01_mid_b.SM_GrassMedium01_mid_b,108,256.206418,-864.497194,-14.403885,-62.770514,1257,0.000000,0.000000,854.929494,118.098197,1000000000.000000,1000000000.000000,0.676125,1,1
/Game/Trials/GrassGround_20260921_01/Meshes/SM_GrassMedium01_mid_b.SM_GrassMedium01_mid_b,109,-2391.516113,634.266359,-20.555437,153.161988,1257,0.000000,0.000000,859.251747,15.950644,1000000000.000000,1000000000.000000,0.761827,1,1
/Game/Trials/GrassGround_20260921_01/Meshes/SM_GrassMedium01_mid_b.SM_GrassMedium01_mid_b,110,-2533.240236,119.102030,-19.517761,-134.972963,1257,0.000000,0.000000,867.859199,543.811939,1000000000.000000,1000000000.000000,0.837936,1,1
/Game/Trials/GrassGround_20260921_01/Meshes/SM_GrassMedium01_mid_b.SM_GrassMedium01_mid_b,111,534.813111,150.199783,17.742716,80.959582,1257,0.000000,0.000000,872.145019,67.056192,1000000000.000000,1000000000.000000,0.852528,1,1
/Game/Trials/GrassGround_20260921_01/Meshes/SM_GrassMedium01_mid_b.SM_GrassMedium01_mid_b,112,-2489.304446,-416.392488,-22.252272,-63.107915,1257,0.000000,0.000000,876.418584,679.383782,1000000000.000000,1000000000.000000,0.807147,1,1
/Game/Trials/GrassGround_20260921_01/Meshes/SM_GrassMedium01_mid_b.SM_GrassMedium01_mid_b,113,397.851441,671.283937,24.292870,152.824631,1257,0.000000,0.000000,880.680746,3.630042,1000000000.000000,1000000000.000000,0.731414,1,1
/Game/Trials/GrassGround_20260921_01/Meshes/SM_GrassMedium01_mid_b.SM_GrassMedium01_mid_b,114,-2263.009277,-906.983826,-26.948841,8.757133,1257,0.000000,0.000000,884.931540,224.736900,1000000000.000000,1000000000.000000,0.671213,1,1
/Game/Trials/GrassGround_20260921_01/Meshes/SM_GrassMedium01_mid_b.SM_GrassMedium01_mid_b,115,88.680662,1116.149050,24.291092,-135.310321,1257,0.000000,0.000000,889.171025,352.886994,1000000000.000000,1000000000.000000,0.652226,1,1
/Game/Trials/GrassGround_20260921_01/Meshes/SM_GrassMedium01_mid_b.SM_GrassMedium01_mid_b,116,-356.799502,1429.586180,19.900312,-63.445315,1257,0.000000,0.000000,897.617149,432.302107,1000000000.000000,1000000000.000000,0.775930,1,1
/Game/Trials/GrassGround_20260921_01/Meshes/SM_GrassMedium01_mid_b.SM_GrassMedium01_mid_b,117,-1385.389892,-1523.845213,-27.962309,152.487230,1257,0.000000,0.000000,901.823655,377.848733,1000000000.000000,1000000000.000000,0.707165,1,1
/Game/Trials/GrassGround_20260921_01/Meshes/SM_GrassMedium01_mid_b.SM_GrassMedium01_mid_b,118,-885.624634,1571.863403,11.621089,8.419733,1257,0.000000,0.000000,906.019125,21.757713,1000000000.000000,1000000000.000000,0.848791,1,1
/Game/Trials/GrassGround_20260921_01/Meshes/SM_GrassMedium01_mid_b.SM_GrassMedium01_mid_b,119,-838.407961,-1571.919676,-26.807392,-135.647721,1257,0.000000,0.000000,910.203612,831.725328,1000000000.000000,1000000000.000000,0.853307,1,1
/Game/Trials/GrassGround_20260921_01/Meshes/SM_GrassMedium01_mid_b.SM_GrassMedium01_mid_b,120,-1434.065673,1523.757446,-1.122182,80.284781,1257,0.000000,0.000000,914.376774,318.480999,1000000000.000000,1000000000.000000,0.688753,1,1
/Game/Trials/GrassGround_20260921_01/Meshes/SM_GrassMedium01_mid_b.SM_GrassMedium01_mid_b,121,-305.338443,-1428.601076,-26.624540,-63.782673,1257,0.000000,0.000000,918.538861,685.269974,1000000000.000000,1000000000.000000,0.762280,1,1
/Game/Trials/GrassGround_20260921_01/Meshes/SM_GrassMedium01_mid_b.SM_GrassMedium01_mid_b,122,-1935.159423,1289.239381,-14.495258,152.149830,1257,0.000000,0.000000,922.689966,100.966052,1000000000.000000,1000000000.000000,0.565315,1,1
/Game/Trials/GrassGround_20260921_01/Meshes/SM_GrassMedium01_mid_b.SM_GrassMedium01_mid_b,123,148.403198,-1109.520020,-20.490456,8.082376,1257,0.000000,0.000000,926.829540,381.594056,1000000000.000000,1000000000.000000,0.644551,1,1
/Game/Trials/GrassGround_20260921_01/Meshes/SM_GrassMedium01_mid_b.SM_GrassMedium01_mid_b,124,466.863770,-651.597107,-4.191413,79.947424,1257,0.000000,0.000000,935.075734,24.659037,1000000000.000000,1000000000.000000,0.744785,1,1
/Game/Trials/GrassGround_20260921_01/Meshes/SM_GrassMedium01_mid_b.SM_GrassMedium01_mid_b,125,-2561.923343,387.123015,-18.745913,-64.120073,1257,0.000000,0.000000,939.182636,293.493600,1000000000.000000,1000000000.000000,0.798574,1,1
/Game/Trials/GrassGround_20260921_01/Meshes/SM_GrassMedium01_mid_b.SM_GrassMedium01_mid_b,126,609.563233,-109.423659,13.520353,151.812472,1257,0.000000,0.000000,943.278444,40.816135,1000000000.000000,1000000000.000000,0.867425,1,1
/Game/Trials/GrassGround_20260921_01/Meshes/SM_GrassMedium01_mid_b.SM_GrassMedium01_mid_b,127,-2608.080322,-173.044052,-19.683815,7.744975,1257,0.000000,0.000000,947.364080,845.043792,1000000000.000000,1000000000.000000,0.813494,1,1
/Game/Trials/GrassGround_20260921_01/Meshes/SM_GrassMedium01_mid_b.SM_GrassMedium01_mid_b,128,-2458.445800,-717.775269,-24.911789,79.610023,1257,0.000000,0.000000,955.504687,475.709606,1000000000.000000,1000000000.000000,0.731478,1,1
/Game/Trials/GrassGround_20260921_01/Meshes/SM_GrassMedium01_mid_b.SM_GrassMedium01_mid_b,129,314.397946,963.236998,26.083176,-64.457431,1257,0.000000,0.000000,959.560516,241.951202,1000000000.000000,1000000000.000000,0.656211,1,1
/Game/Trials/GrassGround_20260921_01/Meshes/SM_GrassMedium01_mid_b.SM_GrassMedium01_mid_b,130,-2129.322265,-1180.381712,-29.118343,151.475072,1257,0.000000,0.000000,963.606368,26.161241,1000000000.000000,1000000000.000000,0.576850,1,1
/Game/Trials/GrassGround_20260921_01/Meshes/SM_GrassMedium01_mid_b.SM_GrassMedium01_mid_b,131,-91.304626,1362.404419,23.276821,7.407618,1257,0.000000,0.000000,967.642538,562.457483,1000000000.000000,1000000000.000000,0.692787,1,1
/Game/Trials/GrassGround_20260921_01/Meshes/SM_GrassMedium01_mid_b.SM_GrassMedium01_mid_b,132,-1659.113283,-1503.545408,-29.021870,-136.659880,1257,0.000000,0.000000,971.669612,247.032098,1000000000.000000,1000000000.000000,0.604816,1,1
/Game/Trials/GrassGround_20260921_01/Meshes/SM_GrassMedium01_mid_b.SM_GrassMedium01_mid_b,133,-611.907043,1599.271484,16.895432,79.272666,1257,0.000000,0.000000,975.686915,163.365616,1000000000.000000,1000000000.000000,0.853112,1,1
/Game/Trials/GrassGround_20260921_01/Meshes/SM_GrassMedium01_mid_b.SM_GrassMedium01_mid_b,134,-1103.847049,-1646.422731,-26.730831,-64.794831,1257,0.000000,0.000000,979.694523,658.687914,1000000000.000000,1000000000.000000,0.813541,1,1
/Game/Trials/GrassGround_20260921_01/Meshes/SM_GrassMedium01_mid_b.SM_GrassMedium01_mid_b,135,-1184.965697,1643.316041,6.281517,151.137714,1257,0.000000,0.000000,983.692813,43.456404,1000000000.000000,1000000000.000000,0.787826,1,1
/Game/Trials/GrassGround_20260921_01/Meshes/SM_GrassMedium01_tiny_a.SM_GrassMedium01_tiny_a,0,-1497.921628,-690.356755,-23.576908,-144.588962,79,0.000000,0.000000,181.186464,161.322404,1000000000.000000,1000000000.000000,0.406780,1,1
/Game/Trials/GrassGround_20260921_01/Meshes/SM_GrassMedium01_tiny_a.SM_GrassMedium01_tiny_a,1,-1235.057610,-834.070676,-24.869089,-72.723913,79,0.000000,0.000000,196.559850,86.681469,1000000000.000000,1000000000.000000,0.437210,1,1
/Game/Trials/GrassGround_20260921_01/Meshes/SM_GrassMedium01_tiny_a.SM_GrassMedium01_tiny_a,2,-913.062075,869.811459,-1.980600,143.208590,79,0.000000,0.000000,204.145398,501.277349,1000000000.000000,1000000000.000000,0.455767,1,1
/Game/Trials/GrassGround_20260921_01/Meshes/SM_GrassMedium01_tiny_a.SM_GrassMedium01_tiny_a,3,-933.536011,-879.156912,-25.593842,-0.858865,79,0.000000,0.000000,211.665661,213.961055,1000000000.000000,1000000000.000000,0.477230,1,1
/Game/Trials/GrassGround_20260921_01/Meshes/SM_GrassMedium01_tiny_a.SM_GrassMedium01_tiny_a,4,-1220.430172,861.364741,-8.637213,-144.926362,79,0.000000,0.000000,219.122420,717.120844,1000000000.000000,1000000000.000000,0.497541,1,1
/Game/Trials/GrassGround_20260921_01/Meshes/SM_GrassMedium01_tiny_a.SM_GrassMedium01_tiny_a,5,-629.852053,-816.537475,-24.853273,71.006184,79,0.000000,0.000000,226.517123,77.616372,1000000000.000000,1000000000.000000,0.495087,1,1
/Game/Trials/GrassGround_20260921_01/Meshes/SM_GrassMedium01_tiny_a.SM_GrassMedium01_tiny_a,6,-1510.860832,745.632571,-15.745416,-73.061314,79,0.000000,0.000000,233.851050,491.706902,1000000000.000000,1000000000.000000,0.543651,1,1
/Game/Trials/GrassGround_20260921_01/Meshes/SM_GrassMedium01_tiny_a.SM_GrassMedium01_tiny_a,7,-361.978579,-650.445132,-21.032749,142.871232,79,0.000000,0.000000,241.125789,19.651913,1000000000.000000,1000000000.000000,0.502381,1,1
/Game/Trials/GrassGround_20260921_01/Meshes/SM_GrassMedium01_tiny_a.SM_GrassMedium01_tiny_a,8,-1747.437744,533.563425,-20.962372,-1.196265,79,0.000000,0.000000,248.342588,434.690707,1000000000.000000,1000000000.000000,0.630830,1,1
/Game/Trials/GrassGround_20260921_01/Meshes/SM_GrassMedium01_tiny_a.SM_GrassMedium01_tiny_a,9,-1898.866457,248.589982,-23.477306,70.668783,79,0.000000,0.000000,262.608110,595.109278,1000000000.000000,1000000000.000000,0.733098,1,1
/Game/Trials/GrassGround_20260921_01/Meshes/SM_GrassMedium01_tiny_a.SM_GrassMedium01_tiny_a,10,-64.554619,-88.890356,-3.952782,-73.398671,79,0.000000,-0.000000,269.659277,64.064609,1000000000.000000,1000000000.000000,0.586060,1,1
/Game/Trials/GrassGround_20260921_01/Meshes/SM_GrassMedium01_tiny_a.SM_GrassMedium01_tiny_a,11,-1943.604861,-75.968364,-24.638288,142.533832,79,0.000000,0.000000,276.657977,722.845539,1000000000.000000,1000000000.000000,0.784767,1,1
/Game/Trials/GrassGround_20260921_01/Meshes/SM_GrassMedium01_tiny_a.SM_GrassMedium01_tiny_a,12,-77.330078,240.922022,4.111211,-1.533623,79,0.000000,-0.000000,283.605372,159.908247,1000000000.000000,1000000000.000000,0.602689,1,1
/Game/Trials/GrassGround_20260921_01/Meshes/SM_GrassMedium01_tiny_a.SM_GrassMedium01_tiny_a,13,-1872.868649,-400.830846,-25.938549,-145.601120,79,0.000000,0.000000,290.502496,449.783115,1000000000.000000,1000000000.000000,0.756096,1,1
/Game/Trials/GrassGround_20260921_01/Meshes/SM_GrassMedium01_tiny_a.SM_GrassMedium01_tiny_a,14,-1692.098747,-685.543333,-27.482979,-73.736072,79,0.000000,0.000000,304.151085,164.555918,1000000000.000000,1000000000.000000,0.688064,1,1
/Game/Trials/GrassGround_20260921_01/Meshes/SM_GrassMedium01_tiny_a.SM_GrassMedium01_tiny_a,15,-433.994448,801.131406,8.401162,142.196474,79,0.000000,0.000000,310.904590,51.978251,1000000000.000000,1000000000.000000,0.624345,1,1
/Game/Trials/GrassGround_20260921_01/Meshes/SM_GrassMedium01_tiny_a.SM_GrassMedium01_tiny_a,16,-1420.666504,-893.541982,-28.711723,-1.871023,79,0.000000,0.000000,317.612060,148.932286,1000000000.000000,1000000000.000000,0.660813,1,1
/Game/Trials/GrassGround_20260921_01/Meshes/SM_GrassMedium01_tiny_a.SM_GrassMedium01_tiny_a,17,-739.659421,959.585566,4.181891,-145.938520,79,0.000000,0.000000,324.274447,387.720772,1000000000.000000,1000000000.000000,0.677459,1,1
/Game/Trials/GrassGround_20260921_01/Meshes/SM_GrassMedium01_tiny_a.SM_GrassMedium01_tiny_a,18,-1089.811403,-996.855102,-29.418560,69.994025,79,0.000000,0.000000,330.892693,261.868303,1000000000.000000,1000000000.000000,0.685007,1,1
/Game/Trials/GrassGround_20260921_01/Meshes/SM_GrassMedium01_tiny_a.SM_GrassMedium01_tiny_a,19,-1085.755974,1003.811220,-3.532816,-74.073472,79,0.000000,0.000000,337.467644,551.450571,1000000000.000000,1000000000.000000,0.687068,1,1
/Game/Trials/GrassGround_20260921_01/Meshes/SM_GrassMedium01_tiny_a.SM_GrassMedium01_tiny_a,20,-739.027651,-979.841373,-29.198858,141.859074,79,0.000000,0.000000,343.999843,231.841100,1000000000.000000,1000000000.000000,0.685377,1,1
/Game/Trials/GrassGround_20260921_01/Meshes/SM_GrassMedium01_tiny_a.SM_GrassMedium01_tiny_a,21,-1430.390991,925.291025,-12.873308,-2.208424,79,0.000000,0.000000,350.490023,523.763798,1000000000.000000,1000000000.000000,0.665065,1,1
/Game/Trials/GrassGround_20260921_01/Meshes/SM_GrassMedium01_tiny_a.SM_GrassMedium01_tiny_a,22,-411.322385,-841.464604,-26.218288,-146.275878,79,0.000000,0.000000,356.939149,170.877399,1000000000.000000,1000000000.000000,0.642140,1,1
/Game/Trials/GrassGround_20260921_01/Meshes/SM_GrassMedium01_tiny_a.SM_GrassMedium01_tiny_a,23,-1730.778810,730.595643,-20.510473,69.656625,79,0.000000,0.000000,363.347794,307.059071,1000000000.000000,1000000000.000000,0.697858,1,1
/Game/Trials/GrassGround_20260921_01/Meshes/SM_GrassMedium01_tiny_a.SM_GrassMedium01_tiny_a,24,-1948.573733,440.931607,-24.121700,141.521673,79,0.000000,0.000000,376.046275,426.815209,1000000000.000000,1000000000.000000,0.793048,1,1
/Game/Trials/GrassGround_20260921_01/Meshes/SM_GrassMedium01_tiny_a.SM_GrassMedium01_tiny_a,25,-2054.772214,89.843310,-24.944979,-146.613278,79,0.000000,0.000000,388.591632,639.623169,1000000000.000000,1000000000.000000,0.860940,1,1
/Game/Trials/GrassGround_20260921_01/Meshes/SM_GrassMedium01_tiny_a.SM_GrassMedium01_tiny_a,26,60.489256,95.812394,4.307653,69.319267,79,0.000000,0.000000,394.808657,247.779524,1000000000.000000,1000000000.000000,0.691877,1,1
/Game/Trials/GrassGround_20260921_01/Meshes/SM_GrassMedium01_tiny_a.SM_GrassMedium01_tiny_a,27,-2033.553948,-280.686644,-25.735069,-74.748230,79,0.000000,0.000000,400.989615,581.606699,1000000000.000000,1000000000.000000,0.837636,1,1
/Game/Trials/GrassGround_20260921_01/Meshes/SM_GrassMedium01_tiny_a.SM_GrassMedium01_tiny_a,28,-1884.560058,-625.280935,-27.271997,-2.883182,79,0.000000,0.000000,413.246391,225.037024,1000000000.000000,1000000000.000000,0.741153,1,1
/Game/Trials/GrassGround_20260921_01/Meshes/SM_GrassMedium01_tiny_a.SM_GrassMedium01_tiny_a,29,-540.630852,1001.006044,10.221677,-75.085588,79,0.000000,0.000000,431.377826,275.568385,1000000000.000000,1000000000.000000,0.690447,1,1
/Game/Trials/GrassGround_20260921_01/Meshes/SM_GrassMedium01_tiny_a.SM_GrassMedium01_tiny_a,30,-1279.497561,-1071.503055,-29.307732,140.846915,79,0.000000,0.000000,437.356168,271.466935,1000000000.000000,1000000000.000000,0.688428,1,1
/Game/Trials/GrassGround_20260921_01/Meshes/SM_GrassMedium01_tiny_a.SM_GrassMedium01_tiny_a,31,-910.936706,1109.734263,3.177155,-3.220539,79,0.000000,0.000000,443.302476,446.947159,1000000000.000000,1000000000.000000,0.727894,1,1
/Game/Trials/GrassGround_20260921_01/Meshes/SM_GrassMedium01_tiny_a.SM_GrassMedium01_tiny_a,32,-893.844479,-1114.171636,-29.514736,-147.288036,79,0.000000,0.000000,449.217329,399.498092,1000000000.000000,1000000000.000000,0.730125,1,1
/Game/Trials/GrassGround_20260921_01/Meshes/SM_GrassMedium01_tiny_a.SM_GrassMedium01_tiny_a,33,-1300.171511,1084.319825,-6.855643,68.644466,79,0.000000,0.000000,455.101070,534.956213,1000000000.000000,1000000000.000000,0.688135,1,1
/Game/Trials/GrassGround_20260921_01/Meshes/SM_GrassMedium01_tiny_a.SM_GrassMedium01_tiny_a,34,-513.090202,-1020.772276,-28.241964,-75.422988,79,0.000000,0.000000,460.954106,310.417833,1000000000.000000,1000000000.000000,0.696013,1,1
/Game/Trials/GrassGround_20260921_01/Meshes/SM_GrassMedium01_tiny_a.SM_GrassMedium01_tiny_a,35,-1660.650637,925.095639,-16.740940,140.509515,79,0.000000,0.000000,466.776674,295.688822,1000000000.000000,1000000000.000000,0.664864,1,1
/Game/Trials/GrassGround_20260921_01/Meshes/SM_GrassMedium01_tiny_a.SM_GrassMedium01_tiny_a,36,-184.177551,-799.936453,-22.471745,-3.557940,79,0.000000,0.000000,472.569297,50.561549,1000000000.000000,1000000000.000000,0.648022,1,1
/Game/Trials/GrassGround_20260921_01/Meshes/SM_GrassMedium01_tiny_a.SM_GrassMedium01_tiny_a,37,-1947.440793,648.863459,-22.532749,-147.625437,79,0.000000,0.000000,478.332637,232.846159,1000000000.000000,1000000000.000000,0.743737,1,1
/Game/Trials/GrassGround_20260921_01/Meshes/SM_GrassMedium01_tiny_a.SM_GrassMedium01_tiny_a,38,-2123.619133,287.316317,-23.875801,-75.760388,79,0.000000,0.000000,489.771797,432.435355,1000000000.000000,1000000000.000000,0.848825,1,1
/Game/Trials/GrassGround_20260921_01/Meshes/SM_GrassMedium01_tiny_a.SM_GrassMedium01_tiny_a,39,162.149900,-87.636554,2.201419,140.172157,79,0.000000,0.000000,495.449508,71.270973,1000000000.000000,1000000000.000000,0.736009,1,1
/Game/Trials/GrassGround_20260921_01/Meshes/SM_GrassMedium01_tiny_a.SM_GrassMedium01_tiny_a,40,-2165.270995,-116.692297,-24.253456,-3.895340,79,0.000000,0.000000,501.099306,772.280434,1000000000.000000,1000000000.000000,0.872909,1,1
/Game/Trials/GrassGround_20260921_01/Meshes/SM_GrassMedium01_tiny_a.SM_GrassMedium01_tiny_a,41,132.543704,319.404841,12.014725,-147.962794,79,0.000000,0.000000,506.722012,168.927207,1000000000.000000,1000000000.000000,0.715577,1,1
/Game/Trials/GrassGround_20260921_01/Meshes/SM_GrassMedium01_tiny_a.SM_GrassMedium01_tiny_a,42,-2064.634767,-514.226012,-25.870380,67.969708,79,0.000000,0.000000,512.317884,362.914197,1000000000.000000,1000000000.000000,0.793279,1,1
/Game/Trials/GrassGround_20260921_01/Meshes/SM_GrassMedium01_tiny_a.SM_GrassMedium01_tiny_a,43,-327.435790,992.542978,15.126560,-4.232697,79,0.000000,0.000000,528.951283,193.639949,1000000000.000000,1000000000.000000,0.680865,1,1
/Game/Trials/GrassGround_20260921_01/Meshes/SM_GrassMedium01_tiny_a.SM_GrassMedium01_tiny_a,44,-1491.641110,-1099.535039,-28.780563,-148.300195,79,0.000000,0.000000,534.445218,58.359408,1000000000.000000,1000000000.000000,0.665578,1,1
/Game/Trials/GrassGround_20260921_01/Meshes/SM_GrassMedium01_tiny_a.SM_GrassMedium01_tiny_a,45,-706.066042,1173.667969,9.541053,67.632351,79,0.000000,0.000000,539.914738,452.845402,1000000000.000000,1000000000.000000,0.753196,1,1
/Game/Trials/GrassGround_20260921_01/Meshes/SM_GrassMedium01_tiny_a.SM_GrassMedium01_tiny_a,46,-1085.390495,-1212.356077,-29.048689,-76.435146,79,0.000000,0.000000,545.359533,472.989008,1000000000.000000,1000000000.000000,0.741862,1,1
/Game/Trials/GrassGround_20260921_01/Meshes/SM_GrassMedium01_tiny_a.SM_GrassMedium01_tiny_a,47,-1127.652835,1214.087644,0.008905,139.497399,79,0.000000,0.000000,550.780100,352.400303,1000000000.000000,1000000000.000000,0.736111,1,1
/Game/Trials/GrassGround_20260921_01/Meshes/SM_GrassMedium01_tiny_a.SM_GrassMedium01_tiny_a,48,-661.335509,-1178.480215,-28.917074,-4.570098,79,0.000000,0.000000,556.176682,429.770905,1000000000.000000,1000000000.000000,0.753650,1,1
/Game/Trials/GrassGround_20260921_01/Meshes/SM_GrassMedium01_tiny_a.SM_GrassMedium01_tiny_a,49,-1541.118283,1106.302485,-11.427569,-148.637552,79,0.000000,0.000000,561.549506,408.917252,1000000000.000000,1000000000.000000,0.658796,1,1
/Game/Trials/GrassGround_20260921_01/Meshes/SM_GrassMedium01_tiny_a.SM_GrassMedium01_tiny_a,50,-271.304323,-999.460387,-25.818565,67.294950,79,0.000000,0.000000,566.898725,255.774454,1000000000.000000,1000000000.000000,0.679837,1,1
/Game/Trials/GrassGround_20260921_01/Meshes/SM_GrassMedium01_tiny_a.SM_GrassMedium01_tiny_a,51,-1895.483635,860.947878,-20.082928,-76.772547,79,0.000000,0.000000,572.224693,97.310405,1000000000.000000,1000000000.000000,0.682111,1,1
/Game/Trials/GrassGround_20260921_01/Meshes/SM_GrassMedium01_tiny_a.SM_GrassMedium01_tiny_a,52,36.160642,-694.763309,-16.210112,139.159999,79,0.000000,0.000000,577.527527,104.464012,1000000000.000000,1000000000.000000,0.671197,1,1
/Game/Trials/GrassGround_20260921_01/Meshes/SM_GrassMedium01_tiny_a.SM_GrassMedium01_tiny_a,53,-2146.166991,505.794077,-22.943901,-4.907498,79,0.000000,0.000000,582.807415,238.572157,1000000000.000000,1000000000.000000,0.802348,1,1
/Game/Trials/GrassGround_20260921_01/Meshes/SM_GrassMedium01_tiny_a.SM_GrassMedium01_tiny_a,54,-2260.596925,82.609116,-22.931585,66.957550,79,0.000000,0.000000,593.300786,580.809754,1000000000.000000,1000000000.000000,0.877754,1,1
/Game/Trials/GrassGround_20260921_01/Meshes/SM_GrassMedium01_tiny_a.SM_GrassMedium01_tiny_a,55,260.898201,138.798204,10.879478,-77.109904,79,0.000000,0.000000,598.514570,133.488428,1000000000.000000,1000000000.000000,0.773887,1,1
/Game/Trials/GrassGround_20260921_01/Meshes/SM_GrassMedium01_tiny_a.SM_GrassMedium01_tiny_a,56,-2222.430667,-357.761783,-24.195827,138.822598,79,0.000000,0.000000,603.707277,568.631660,1000000000.000000,1000000000.000000,0.841265,1,1
/Game/Trials/GrassGround_20260921_01/Meshes/SM_GrassMedium01_tiny_a.SM_GrassMedium01_tiny_a,57,146.062257,567.514475,17.818722,-5.244856,79,0.000000,0.000000,608.878953,96.684801,1000000000.000000,1000000000.000000,0.701977,1,1
/Game/Trials/GrassGround_20260921_01/Meshes/SM_GrassMedium01_tiny_a.SM_GrassMedium01_tiny_a,58,-2033.838742,-761.518865,-26.729685,-149.312353,79,0.000000,0.000000,614.030189,123.470402,1000000000.000000,1000000000.000000,0.718016,1,1
/Game/Trials/GrassGround_20260921_01/Meshes/SM_GrassMedium01_tiny_a.SM_GrassMedium01_tiny_a,59,-111.071352,933.671082,18.815456,66.620193,79,0.000000,0.000000,619.160902,133.887051,1000000000.000000,1000000000.000000,0.665817,1,1
/Game/Trials/GrassGround_20260921_01/Meshes/SM_GrassMedium01_tiny_a.SM_GrassMedium01_tiny_a,60,-481.225527,1191.308957,14.983707,138.485241,79,0.000000,0.000000,629.362915,420.839801,1000000000.000000,1000000000.000000,0.744948,1,1
/Game/Trials/GrassGround_20260921_01/Meshes/SM_GrassMedium01_tiny_a.SM_GrassMedium01_tiny_a,61,-1304.677123,-1268.353628,-28.604607,-5.582256,79,0.000000,0.000000,634.434389,279.677927,1000000000.000000,1000000000.000000,0.711455,1,1
/Game/Trials/GrassGround_20260921_01/Meshes/SM_GrassMedium01_tiny_a.SM_GrassMedium01_tiny_a,62,-920.599362,1307.077143,6.863952,-149.649711,79,0.000000,0.000000,639.486587,250.865105,1000000000.000000,1000000000.000000,0.786859,1,1
/Game/Trials/GrassGround_20260921_01/Meshes/SM_GrassMedium01_tiny_a.SM_GrassMedium01_tiny_a,63,-849.942445,-1305.926269,-28.632689,66.282792,79,0.000000,0.000000,644.519186,571.674881,1000000000.000000,1000000000.000000,0.792024,1,1
/Game/Trials/GrassGround_20260921_01/Meshes/SM_GrassMedium01_tiny_a.SM_GrassMedium01_tiny_a,64,-1376.663933,1264.630617,-4.797070,-77.784662,79,0.000000,0.000000,649.532612,425.692816,1000000000.000000,1000000000.000000,0.694177,1,1
/Game/Trials/GrassGround_20260921_01/Meshes/SM_GrassMedium01_tiny_a.SM_GrassMedium01_tiny_a,65,-406.580447,-1184.155642,-27.710714,138.147840,79,0.000000,0.000000,654.526841,469.607372,1000000000.000000,1000000000.000000,0.734363,1,1
/Game/Trials/GrassGround_20260921_01/Meshes/SM_GrassMedium01_tiny_a.SM_GrassMedium01_tiny_a,66,-1793.576415,1066.682871,-16.167538,-5.919614,79,0.000000,0.000000,659.502115,158.229532,1000000000.000000,1000000000.000000,0.634788,1,1
/Game/Trials/GrassGround_20260921_01/Meshes/SM_GrassMedium01_tiny_a.SM_GrassMedium01_tiny_a,67,-29.151975,-915.551030,-21.268389,-149.987111,79,0.000000,0.000000,664.458533,208.833528,1000000000.000000,1000000000.000000,0.664811,1,1
/Game/Trials/GrassGround_20260921_01/Meshes/SM_GrassMedium01_tiny_a.SM_GrassMedium01_tiny_a,68,-2119.606935,735.161622,-21.784071,65.945435,79,0.000000,0.000000,669.396244,115.563172,1000000000.000000,1000000000.000000,0.730539,1,1
/Game/Trials/GrassGround_20260921_01/Meshes/SM_GrassMedium01_tiny_a.SM_GrassMedium01_tiny_a,69,-2313.418948,308.731473,-21.993620,137.810483,79,0.000000,0.000000,679.216237,348.839698,1000000000.000000,1000000000.000000,0.849088,1,1
/Game/Trials/GrassGround_20260921_01/Meshes/SM_GrassMedium01_tiny_a.SM_GrassMedium01_tiny_a,70,351.992189,-75.509954,7.779858,-6.257014,79,0.000000,0.000000,684.099196,79.565961,1000000000.000000,1000000000.000000,0.808650,1,1
/Game/Trials/GrassGround_20260921_01/Meshes/SM_GrassMedium01_tiny_a.SM_GrassMedium01_tiny_a,71,-2349.308103,-161.716832,-22.406910,-150.324512,79,0.000000,0.000000,688.964565,801.102750,1000000000.000000,1000000000.000000,0.866886,1,1
/Game/Trials/GrassGround_20260921_01/Meshes/SM_GrassMedium01_tiny_a.SM_GrassMedium01_tiny_a,72,305.153197,395.677613,17.876575,65.608034,79,0.000000,0.000000,693.812905,1.878375,1000000000.000000,1000000000.000000,0.765539,1,1
/Game/Trials/GrassGround_20260921_01/Meshes/SM_GrassMedium01_tiny_a.SM_GrassMedium01_tiny_a,73,-2220.589836,-619.150206,-25.192909,-78.459463,79,0.000000,0.000000,698.644046,347.819655,1000000000.000000,1000000000.000000,0.771372,1,1
/Game/Trials/GrassGround_20260921_01/Meshes/SM_GrassMedium01_tiny_a.SM_GrassMedium01_tiny_a,74,97.934202,825.184262,21.269207,137.473083,79,0.000000,0.000000,703.458619,114.324562,1000000000.000000,1000000000.000000,0.672341,1,1
/Game/Trials/GrassGround_20260921_01/Meshes/SM_GrassMedium01_tiny_a.SM_GrassMedium01_tiny_a,75,-246.541379,1159.782344,19.287468,-150.661869,79,0.000000,0.000000,713.038314,361.902469,1000000000.000000,1000000000.000000,0.706518,1,1
/Game/Trials/GrassGround_20260921_01/Meshes/SM_GrassMedium01_tiny_a.SM_GrassMedium01_tiny_a,76,-1541.786623,-1277.680297,-28.512251,65.270634,79,0.000000,0.000000,717.803908,87.911245,1000000000.000000,1000000000.000000,0.653323,1,1
/Game/Trials/GrassGround_20260921_01/Meshes/SM_GrassMedium01_tiny_a.SM_GrassMedium01_tiny_a,77,-687.981438,1357.147707,12.968994,-78.796821,79,0.000000,0.000000,722.553583,313.576615,1000000000.000000,1000000000.000000,0.808247,1,1
/Game/Trials/GrassGround_20260921_01/Meshes/SM_GrassMedium01_tiny_a.SM_GrassMedium01_tiny_a,78,-1071.097903,-1395.477176,-28.113581,137.135682,79,0.000000,0.000000,727.287179,544.855819,1000000000.000000,1000000000.000000,0.785247,1,1
/Game/Trials/GrassGround_20260921_01/Meshes/SM_GrassMedium01_tiny_a.SM_GrassMedium01_tiny_a,79,-1173.640868,1391.210337,2.413634,-6.931772,79,0.000000,0.000000,732.004762,204.262907,1000000000.000000,1000000000.000000,0.761073,1,1
/Game/Trials/GrassGround_20260921_01/Meshes/SM_GrassMedium01_tiny_a.SM_GrassMedium01_tiny_a,80,-585.303281,-1344.191289,-28.066021,-150.999269,79,0.000000,0.000000,736.706647,602.978095,1000000000.000000,1000000000.000000,0.797708,1,1
/Game/Trials/GrassGround_20260921_01/Meshes/SM_GrassMedium01_tiny_a.SM_GrassMedium01_tiny_a,81,-1644.631593,1255.579102,-10.507663,64.933276,79,0.000000,0.000000,741.392494,331.212264,1000000000.000000,1000000000.000000,0.629723,1,1
/Game/Trials/GrassGround_20260921_01/Meshes/SM_GrassMedium01_tiny_a.SM_GrassMedium01_tiny_a,82,-143.699455,-1127.822020,-25.076733,-79.134221,79,0.000000,0.000000,746.062545,380.816198,1000000000.000000,1000000000.000000,0.686701,1,1
/Game/Trials/GrassGround_20260921_01/Meshes/SM_GrassMedium01_tiny_a.SM_GrassMedium01_tiny_a,83,199.045289,-770.668264,-13.893700,-7.269173,79,0.000000,0.000000,755.355808,48.291478,1000000000.000000,1000000000.000000,0.687492,1,1
/Game/Trials/GrassGround_20260921_01/Meshes/SM_GrassMedium01_tiny_a.SM_GrassMedium01_tiny_a,84,-2319.217771,551.819514,-21.448170,-151.336627,79,0.000000,0.000000,759.979127,110.996786,1000000000.000000,1000000000.000000,0.790552,1,1
/Game/Trials/GrassGround_20260921_01/Meshes/SM_GrassMedium01_tiny_a.SM_GrassMedium01_tiny_a,85,-2437.656731,66.215761,-20.853588,-79.471579,79,0.000000,0.000000,769.180810,584.749848,1000000000.000000,1000000000.000000,0.861214,1,1
/Game/Trials/GrassGround_20260921_01/Meshes/SM_GrassMedium01_tiny_a.SM_GrassMedium01_tiny_a,86,431.753904,185.800458,16.214157,136.460924,79,0.000000,0.000000,773.759347,15.210198,1000000000.000000,1000000000.000000,0.825929,1,1
/Game/Trials/GrassGround_20260921_01/Meshes/SM_GrassMedium01_tiny_a.SM_GrassMedium01_tiny_a,87,-2381.858885,-433.714010,-23.166553,-7.606530,79,0.000000,0.000000,778.323797,593.550810,1000000000.000000,1000000000.000000,0.817536,1,1
/Game/Trials/GrassGround_20260921_01/Meshes/SM_GrassMedium01_tiny_a.SM_GrassMedium01_tiny_a,88,289.226443,669.878230,22.462954,-151.674027,79,0.000000,0.000000,782.873589,111.530098,1000000000.000000,1000000000.000000,0.716375,1,1
/Game/Trials/GrassGround_20260921_01/Meshes/SM_GrassMedium01_tiny_a.SM_GrassMedium01_tiny_a,89,-2156.436525,-886.960326,-26.933163,64.258475,79,0.000000,0.000000,787.410051,130.245712,1000000000.000000,1000000000.000000,0.678300,1,1
/Game/Trials/GrassGround_20260921_01/Meshes/SM_GrassMedium01_tiny_a.SM_GrassMedium01_tiny_a,90,-12.681267,1078.168702,22.463881,-79.808979,79,0.000000,0.000000,791.932294,286.981692,1000000000.000000,1000000000.000000,0.666483,1,1
/Game/Trials/GrassGround_20260921_01/Meshes/SM_GrassMedium01_tiny_a.SM_GrassMedium01_tiny_a,91,-439.013304,1359.760752,17.941864,-7.943931,79,0.000000,0.000000,800.936904,449.977084,1000000000.000000,1000000000.000000,0.780610,1,1
/Game/Trials/GrassGround_20260921_01/Meshes/SM_GrassMedium01_tiny_a.SM_GrassMedium01_tiny_a,92,-1316.525388,-1441.066533,-28.028885,-152.011428,79,0.000000,0.000000,805.418949,363.204792,1000000000.000000,1000000000.000000,0.725936,1,1
/Game/Trials/GrassGround_20260921_01/Meshes/SM_GrassMedium01_tiny_a.SM_GrassMedium01_tiny_a,93,-939.138307,1478.635743,9.264623,63.921118,79,0.000000,0.000000,809.887768,79.578483,1000000000.000000,1000000000.000000,0.825161,1,1
/Game/Trials/GrassGround_20260921_01/Meshes/SM_GrassMedium01_tiny_a.SM_GrassMedium01_tiny_a,94,-801.783928,-1471.048705,-27.543530,-80.146379,79,0.000000,0.000000,814.342920,726.975378,1000000000.000000,1000000000.000000,0.836248,1,1
/Game/Trials/GrassGround_20260921_01/Meshes/SM_GrassMedium01_tiny_a.SM_GrassMedium01_tiny_a,95,-1452.767337,1418.267331,-3.471382,135.786166,79,0.000000,0.000000,818.784902,383.264998,1000000000.000000,1000000000.000000,0.679517,1,1
/Game/Trials/GrassGround_20260921_01/Meshes/SM_GrassMedium01_tiny_a.SM_GrassMedium01_tiny_a,96,-305.056273,-1321.642569,-26.938128,-8.281331,79,0.000000,0.000000,823.213268,579.249489,1000000000.000000,1000000000.000000,0.745401,1,1
/Game/Trials/GrassGround_20260921_01/Meshes/SM_GrassMedium01_tiny_a.SM_GrassMedium01_tiny_a,97,-1917.230588,1183.882685,-15.859822,-152.348785,79,0.000000,0.000000,827.628180,51.099385,1000000000.000000,1000000000.000000,0.593879,1,1
/Game/Trials/GrassGround_20260921_01/Meshes/SM_GrassMedium01_tiny_a.SM_GrassMedium01_tiny_a,98,112.680907,-1008.977233,-19.882175,63.583717,79,0.000000,0.000000,832.029912,299.834214,1000000000.000000,1000000000.000000,0.657744,1,1
/Game/Trials/GrassGround_20260921_01/Meshes/SM_GrassMedium01_tiny_a.SM_GrassMedium01_tiny_a,99,-2481.446776,317.825266,-19.917717,-8.618689,79,0.000000,0.000000,845.155916,339.005165,1000000000.000000,1000000000.000000,0.826923,1,1
/Game/Trials/GrassGround_20260921_01/Meshes/SM_GrassMedium01_tiny_a.SM_GrassMedium01_tiny_a,100,518.506716,-55.082570,12.619163,-152.686186,79,0.000000,0.000000,849.505425,95.615647,1000000000.000000,1000000000.000000,0.854677,1,1
/Game/Trials/GrassGround_20260921_01/Meshes/SM_GrassMedium01_tiny_a.SM_GrassMedium01_tiny_a,101,-2509.183839,-210.857116,-20.897963,63.246360,79,0.000000,0.000000,853.842703,846.920981,1000000000.000000,1000000000.000000,0.835913,1,1
/Game/Trials/GrassGround_20260921_01/Meshes/SM_GrassMedium01_tiny_a.SM_GrassMedium01_tiny_a,102,-2352.900637,-719.831118,-25.233410,135.111408,79,0.000000,0.000000,862.480660,382.553837,1000000000.000000,1000000000.000000,0.736229,1,1
/Game/Trials/GrassGround_20260921_01/Meshes/SM_GrassMedium01_tiny_a.SM_GrassMedium01_tiny_a,103,210.224001,947.130808,24.585056,-8.956089,79,0.000000,0.000000,866.781994,279.564486,1000000000.000000,1000000000.000000,0.661388,1,1
/Game/Trials/GrassGround_20260921_01/Meshes/SM_GrassMedium01_tiny_a.SM_GrassMedium01_tiny_a,104,-183.590578,1312.090333,21.766939,62.908959,79,0.000000,0.000000,875.349600,512.293649,1000000000.000000,1000000000.000000,0.714557,1,1
/Game/Trials/GrassGround_20260921_01/Meshes/SM_GrassMedium01_tiny_a.SM_GrassMedium01_tiny_a,105,-1576.973869,-1438.197509,-28.579832,-81.158538,79,0.000000,0.000000,879.616378,209.879124,1000000000.000000,1000000000.000000,0.637093,1,1
/Game/Trials/GrassGround_20260921_01/Meshes/SM_GrassMedium01_tiny_a.SM_GrassMedium01_tiny_a,106,-681.483401,1520.876218,15.053500,134.774008,79,0.000000,0.000000,883.871711,215.428725,1000000000.000000,1000000000.000000,0.845825,1,1
/Game/Trials/GrassGround_20260921_01/Meshes/SM_GrassMedium01_tiny_a.SM_GrassMedium01_tiny_a,107,-1048.870360,-1557.348868,-27.143293,-9.293489,79,0.000000,0.000000,888.115467,645.699563,1000000000.000000,1000000000.000000,0.817743,1,1
/Game/Trials/GrassGround_20260921_01/Meshes/SM_GrassMedium01_tiny_a.SM_GrassMedium01_tiny_a,108,-1223.745725,1546.243403,3.967475,-153.360944,79,0.000000,0.000000,892.347852,121.483408,1000000000.000000,1000000000.000000,0.766360,1,1
/Game/Trials/GrassGround_20260921_01/Meshes/SM_GrassMedium01_tiny_a.SM_GrassMedium01_tiny_a,109,-509.023683,-1487.642211,-27.018932,62.571559,79,0.000000,0.000000,896.568572,757.954100,1000000000.000000,1000000000.000000,0.819214,1,1
/Game/Trials/GrassGround_20260921_01/Meshes/SM_GrassMedium01_tiny_a.SM_GrassMedium01_tiny_a,110,-1744.586784,1383.088380,-10.009760,-81.495895,79,0.000000,0.000000,900.777816,304.376039,1000000000.000000,1000000000.000000,0.589567,1,1
/Game/Trials/GrassGround_20260921_01/Meshes/SM_GrassMedium01_tiny_a.SM_GrassMedium01_tiny_a,111,-23.283267,-1235.545291,-24.161545,134.436607,79,0.000000,0.000000,904.975473,509.656441,1000000000.000000,1000000000.000000,0.670309,1,1
/Game/Trials/GrassGround_20260921_01/Meshes/SM_GrassMedium01_tiny_a.SM_GrassMedium01_tiny_a,112,348.410403,-829.905156,-11.456285,-153.698344,79,0.000000,0.000000,913.336093,84.946692,1000000000.000000,1000000000.000000,0.687879,1,1
/Game/Trials/GrassGround_20260921_01/Meshes/SM_GrassMedium01_tiny_a.SM_GrassMedium01_tiny_a,113,-2476.223878,583.881348,-19.705109,62.234201,79,0.000000,0.000000,917.499407,79.166645,1000000000.000000,1000000000.000000,0.768803,1,1
/Game/Trials/GrassGround_20260921_01/Meshes/SM_GrassMedium01_tiny_a.SM_GrassMedium01_tiny_a,114,-2595.232425,42.269082,-18.904705,134.099250,79,0.000000,0.000000,925.792331,632.478014,1000000000.000000,1000000000.000000,0.823708,1,1
/Game/Trials/GrassGround_20260921_01/Meshes/SM_GrassMedium01_tiny_a.SM_GrassMedium01_tiny_a,115,582.293947,236.850305,20.483330,-9.968247,79,0.000000,0.000000,929.922561,24.081997,1000000000.000000,1000000000.000000,0.850950,1,1
/Game/Trials/GrassGround_20260921_01/Meshes/SM_GrassMedium01_tiny_a.SM_GrassMedium01_tiny_a,116,-2520.756589,-510.148412,-22.757421,-154.035702,79,0.000000,0.000000,934.042395,640.754906,1000000000.000000,1000000000.000000,0.781251,1,1
/Game/Trials/GrassGround_20260921_01/Meshes/SM_GrassMedium01_tiny_a.SM_GrassMedium01_tiny_a,117,412.258788,769.205628,25.637438,61.896801,79,0.000000,0.000000,938.151791,32.160982,1000000000.000000,1000000000.000000,0.707592,1,1
/Game/Trials/GrassGround_20260921_01/Meshes/SM_GrassMedium01_tiny_a.SM_GrassMedium01_tiny_a,118,-2259.890618,-1005.996642,-27.829762,-82.170653,79,0.000000,0.000000,942.251101,209.940573,1000000000.000000,1000000000.000000,0.635143,1,1
/Game/Trials/GrassGround_20260921_01/Meshes/SM_GrassMedium01_tiny_a.SM_GrassMedium01_tiny_a,119,68.105710,1213.139524,24.605888,133.761849,79,0.000000,0.000000,946.340717,437.695204,1000000000.000000,1000000000.000000,0.650536,1,1
/Game/Trials/GrassGround_20260921_01/Meshes/SM_GrassMedium01_tiny_a.SM_GrassMedium01_tiny_a,120,-1842.590330,-1384.125113,-29.418266,-10.305605,79,0.000000,0.000000,950.419943,28.479239,1000000000.000000,1000000000.000000,0.564184,1,1
/Game/Trials/GrassGround_20260921_01/Meshes/SM_GrassMedium01_tiny_a.SM_GrassMedium01_tiny_a,121,-409.903013,1513.523188,19.572968,-154.373102,79,0.000000,0.000000,954.489734,333.239680,1000000000.000000,1000000000.000000,0.802393,1,1
/Game/Trials/GrassGround_20260921_01/Meshes/SM_GrassMedium01_tiny_a.SM_GrassMedium01_tiny_a,122,-1318.239748,-1597.152709,-27.586517,61.559443,79,0.000000,0.000000,958.549451,476.818719,1000000000.000000,1000000000.000000,0.736385,1,1
/Game/Trials/GrassGround_20260921_01/Meshes/SM_GrassMedium01_tiny_a.SM_GrassMedium01_tiny_a,123,-749.805545,-1617.402224,-26.336334,133.424449,79,0.000000,0.000000,966.639001,868.620576,1000000000.000000,1000000000.000000,0.863689,1,1
/Game/Trials/GrassGround_20260921_01/Meshes/SM_GrassMedium01_tiny_a.SM_GrassMedium01_tiny_a,124,-1529.392820,1552.912607,-2.681098,-10.643005,79,0.000000,0.000000,970.668865,399.446503,1000000000.000000,1000000000.000000,0.651790,1,1
/Game/Trials/GrassGround_20260921_01/Meshes/SM_GrassMedium01_tiny_a.SM_GrassMedium01_tiny_a,125,-206.270566,-1440.483892,-26.019094,-154.710503,79,0.000000,0.000000,974.688498,674.998349,1000000000.000000,1000000000.000000,0.734442,1,1
/Game/Trials/GrassGround_20260921_01/Meshes/SM_GrassMedium01_tiny_a.SM_GrassMedium01_tiny_a,126,-2035.019411,1283.331544,-15.717328,61.222043,79,0.000000,0.000000,978.697981,44.506894,1000000000.000000,1000000000.000000,0.553366,1,1
/Game/Trials/GrassGround_20260921_01/Meshes/SM_GrassMedium01_tiny_a.SM_GrassMedium01_tiny_a,127,245.745125,-1086.060668,-18.345203,-82.845454,79,0.000000,0.000000,982.697398,339.079303,1000000000.000000,1000000000.000000,0.636139,1,1
/Game/Trials/GrassGround_20260921_01/Meshes/SM_GrassMedium01_small_b.SM_GrassMedium01_small_b,0,-1734.570800,437.643373,-19.504032,-36.622710,653,0.000000,0.000000,185.059052,520.658987,1000000000.000000,1000000000.000000,0.465008,1,1
/Game/Trials/GrassGround_20260921_01/Meshes/SM_GrassMedium01_small_b.SM_GrassMedium01_small_b,1,-1855.162598,161.948944,-21.716059,35.242338,653,0.000000,0.000000,200.362298,689.021421,1000000000.000000,1000000000.000000,0.556651,1,1
/Game/Trials/GrassGround_20260921_01/Meshes/SM_GrassMedium01_small_b.SM_GrassMedium01_small_b,2,-122.150328,-10.610285,-3.172106,-108.825116,653,0.000000,0.000000,207.913791,140.236187,1000000000.000000,1000000000.000000,0.439448,1,1
/Game/Trials/GrassGround_20260921_01/Meshes/SM_GrassMedium01_small_b.SM_GrassMedium01_small_b,3,-1873.666138,-143.672989,-23.068647,107.107387,653,0.000000,0.000000,215.400728,639.301861,1000000000.000000,1000000000.000000,0.609082,1,1
/Game/Trials/GrassGround_20260921_01/Meshes/SM_GrassMedium01_small_b.SM_GrassMedium01_small_b,4,-157.710692,296.116762,3.097348,-36.960068,653,0.000000,0.000000,222.824963,98.208606,1000000000.000000,1000000000.000000,0.468593,1,1
/Game/Trials/GrassGround_20260921_01/Meshes/SM_GrassMedium01_small_b.SM_GrassMedium01_small_b,5,-1784.249756,-441.917390,-24.526390,178.972435,653,0.000000,0.000000,230.188124,408.304818,1000000000.000000,1000000000.000000,0.605345,1,1
/Game/Trials/GrassGround_20260921_01/Meshes/SM_GrassMedium01_small_b.SM_GrassMedium01_small_b,6,-1594.521971,-695.189087,-26.080135,-109.162517,653,0.000000,0.000000,244.737253,172.545046,1000000000.000000,1000000000.000000,0.580087,1,1
/Game/Trials/GrassGround_20260921_01/Meshes/SM_GrassMedium01_small_b.SM_GrassMedium01_small_b,7,-532.007325,794.311523,5.380735,106.769986,653,0.000000,0.000000,251.926212,123.227404,1000000000.000000,1000000000.000000,0.543600,1,1
/Game/Trials/GrassGround_20260921_01/Meshes/SM_GrassMedium01_small_b.SM_GrassMedium01_small_b,8,-1324.978148,-870.368346,-27.346895,-37.297468,653,0.000000,0.000000,259.059661,147.856643,1000000000.000000,1000000000.000000,0.587970,1,1
/Game/Trials/GrassGround_20260921_01/Meshes/SM_GrassMedium01_small_b.SM_GrassMedium01_small_b,9,-830.309814,920.630858,0.927744,178.635035,653,0.000000,0.000000,266.138845,445.373463,1000000000.000000,1000000000.000000,0.605556,1,1
/Game/Trials/GrassGround_20260921_01/Meshes/SM_GrassMedium01_small_b.SM_GrassMedium01_small_b,10,-1006.788818,-943.140625,-28.099178,34.567580,653,0.000000,0.000000,273.165058,243.796964,1000000000.000000,1000000000.000000,0.623654,1,1
/Game/Trials/GrassGround_20260921_01/Meshes/SM_GrassMedium01_small_b.SM_GrassMedium01_small_b,11,-1158.758788,936.782043,-6.482290,-109.499917,653,0.000000,0.000000,280.139437,629.555003,1000000000.000000,1000000000.000000,0.631229,1,1
/Game/Trials/GrassGround_20260921_01/Meshes/SM_GrassMedium01_small_b.SM_GrassMedium01_small_b,12,-678.169190,-901.329163,-27.619633,106.432629,653,0.000000,0.000000,287.062866,152.118931,1000000000.000000,1000000000.000000,0.629577,1,1
/Game/Trials/GrassGround_20260921_01/Meshes/SM_GrassMedium01_small_b.SM_GrassMedium01_small_b,13,-1477.310058,837.465639,-14.869818,-37.634869,653,0.000000,0.000000,293.936506,493.552782,1000000000.000000,1000000000.000000,0.644074,1,1
/Game/Trials/GrassGround_20260921_01/Meshes/SM_GrassMedium01_small_b.SM_GrassMedium01_small_b,14,-379.754639,-746.775025,-24.053564,178.297677,653,0.000000,0.000000,300.761169,82.066021,1000000000.000000,1000000000.000000,0.607100,1,1
/Game/Trials/GrassGround_20260921_01/Meshes/SM_GrassMedium01_small_b.SM_GrassMedium01_small_b,15,-1746.010254,631.703186,-21.296211,34.230180,653,0.000000,0.000000,307.537833,360.833910,1000000000.000000,1000000000.000000,0.707900,1,1
/Game/Trials/GrassGround_20260921_01/Meshes/SM_GrassMedium01_small_b.SM_GrassMedium01_small_b,16,-1930.031006,342.092743,-24.271946,106.095228,653,0.000000,0.000000,320.951622,506.163022,1000000000.000000,1000000000.000000,0.805411,1,1
/Game/Trials/GrassGround_20260921_01/Meshes/SM_GrassMedium01_small_b.SM_GrassMedium01_small_b,17,-2004.182861,2.328457,-25.235270,177.960277,653,0.000000,0.000000,334.185561,740.478016,1000000000.000000,1000000000.000000,0.853306,1,1
/Game/Trials/GrassGround_20260921_01/Meshes/SM_GrassMedium01_small_b.SM_GrassMedium01_small_b,18,-4.307739,173.744660,4.542789,33.892822,653,0.000000,0.000000,340.737495,238.233293,1000000000.000000,1000000000.000000,0.663139,1,1
/Game/Trials/GrassGround_20260921_01/Meshes/SM_GrassMedium01_small_b.SM_GrassMedium01_small_b,19,-1956.327880,-346.740204,-26.295128,-110.174675,653,0.000000,0.000000,347.247159,505.683758,1000000000.000000,1000000000.000000,0.812086,1,1
/Game/Trials/GrassGround_20260921_01/Meshes/SM_GrassMedium01_small_b.SM_GrassMedium01_small_b,20,-1789.232909,-662.048216,-27.804228,-38.309627,653,0.000000,0.000000,360.143886,188.123259,1000000000.000000,1000000000.000000,0.718492,1,1
/Game/Trials/GrassGround_20260921_01/Meshes/SM_GrassMedium01_small_b.SM_GrassMedium01_small_b,21,-1520.591553,-903.652344,-29.000254,33.555422,653,0.000000,0.000000,372.882123,53.642485,1000000000.000000,1000000000.000000,0.665384,1,1
/Game/Trials/GrassGround_20260921_01/Meshes/SM_GrassMedium01_small_b.SM_GrassMedium01_small_b,22,-642.617675,986.450866,7.353176,-110.512033,653,0.000000,0.000000,379.193709,330.193770,1000000000.000000,1000000000.000000,0.687228,1,1
/Game/Trials/GrassGround_20260921_01/Meshes/SM_GrassMedium01_small_b.SM_GrassMedium01_small_b,23,-1181.173096,-1039.802124,-29.593794,105.420470,653,0.000000,0.000000,385.467739,290.204908,1000000000.000000,1000000000.000000,0.690821,1,1
/Game/Trials/GrassGround_20260921_01/Meshes/SM_GrassMedium01_small_b.SM_GrassMedium01_small_b,24,-1002.727904,1061.701051,-0.192801,-38.647027,653,0.000000,0.000000,391.704556,488.304778,1000000000.000000,1000000000.000000,0.707905,1,1
/Game/Trials/GrassGround_20260921_01/Meshes/SM_GrassMedium01_small_b.SM_GrassMedium01_small_b,25,-811.288452,-1051.099122,-29.574556,177.285519,653,0.000000,0.000000,397.905152,314.624082,1000000000.000000,1000000000.000000,0.710688,1,1
/Game/Trials/GrassGround_20260921_01/Meshes/SM_GrassMedium01_small_b.SM_GrassMedium01_small_b,26,-1371.039185,1007.946594,-10.036910,33.218021,653,0.000000,0.000000,404.070023,579.004128,1000000000.000000,1000000000.000000,0.672933,1,1
/Game/Trials/GrassGround_20260921_01/Meshes/SM_GrassMedium01_small_b.SM_GrassMedium01_small_b,27,-455.979674,-933.205567,-27.423676,-110.849433,653,0.000000,0.000000,410.199401,263.003474,1000000000.000000,1000000000.000000,0.667752,1,1
/Game/Trials/GrassGround_20260921_01/Meshes/SM_GrassMedium01_small_b.SM_GrassMedium01_small_b,28,-1702.191163,828.831848,-18.823761,105.083070,653,0.000000,0.000000,416.294003,283.070903,1000000000.000000,1000000000.000000,0.679532,1,1
/Game/Trials/GrassGround_20260921_01/Meshes/SM_GrassMedium01_small_b.SM_GrassMedium01_small_b,29,-1954.406738,543.643310,-23.397949,176.948118,653,0.000000,0.000000,428.380749,329.018608,1000000000.000000,1000000000.000000,0.771309,1,1
/Game/Trials/GrassGround_20260921_01/Meshes/SM_GrassMedium01_small_b.SM_GrassMedium01_small_b,30,-2094.771971,185.251541,-24.385227,-111.186833,653,0.000000,0.000000,440.334996,536.352546,1000000000.000000,1000000000.000000,0.859471,1,1
/Game/Trials/GrassGround_20260921_01/Meshes/SM_GrassMedium01_small_b.SM_GrassMedium01_small_b,31,116.232665,8.314502,3.510658,104.745712,653,0.000000,0.000000,446.263631,158.741528,1000000000.000000,1000000000.000000,0.716954,1,1
/Game/Trials/GrassGround_20260921_01/Meshes/SM_GrassMedium01_small_b.SM_GrassMedium01_small_b,32,-2103.520507,-203.686309,-24.990023,-39.321785,653,0.000000,0.000000,452.161139,671.910027,1000000000.000000,1000000000.000000,0.858503,1,1
/Game/Trials/GrassGround_20260921_01/Meshes/SM_GrassMedium01_small_b.SM_GrassMedium01_small_b,33,56.692627,394.776122,11.878834,176.610761,653,0.000000,0.000000,458.028144,70.560721,1000000000.000000,1000000000.000000,0.684998,1,1
/Game/Trials/GrassGround_20260921_01/Meshes/SM_GrassMedium01_small_b.SM_GrassMedium01_small_b,34,-1976.803955,-575.763061,-26.607370,32.543263,653,0.000000,0.000000,463.864661,281.133190,1000000000.000000,1000000000.000000,0.766579,1,1
/Game/Trials/GrassGround_20260921_01/Meshes/SM_GrassMedium01_small_b.SM_GrassMedium01_small_b,35,-435.047362,1003.039003,12.822108,-39.659142,653,0.000000,0.000000,481.198820,227.987205,1000000000.000000,1000000000.000000,0.687803,1,1
/Game/Trials/GrassGround_20260921_01/Meshes/SM_GrassMedium01_small_b.SM_GrassMedium01_small_b,36,-1383.500244,-1091.508424,-29.027636,176.273360,653,0.000000,0.000000,486.919650,166.613648,1000000000.000000,1000000000.000000,0.679137,1,1
/Game/Trials/GrassGround_20260921_01/Meshes/SM_GrassMedium01_small_b.SM_GrassMedium01_small_b,37,-811.561646,1147.239746,6.449275,32.205906,653,0.000000,0.000000,492.612596,433.997356,1000000000.000000,1000000000.000000,0.743942,1,1
/Game/Trials/GrassGround_20260921_01/Meshes/SM_GrassMedium01_small_b.SM_GrassMedium01_small_b,38,-985.658995,-1168.189820,-29.313396,-111.861591,653,0.000000,0.000000,498.277843,457.274022,1000000000.000000,1000000000.000000,0.741134,1,1
/Game/Trials/GrassGround_20260921_01/Meshes/SM_GrassMedium01_small_b.SM_GrassMedium01_small_b,39,-1218.650025,1153.373535,-3.472451,104.070954,653,0.000000,0.000000,503.915817,438.734512,1000000000.000000,1000000000.000000,0.709955,1,1
/Game/Trials/GrassGround_20260921_01/Meshes/SM_GrassMedium01_small_b.SM_GrassMedium01_small_b,40,-581.805968,-1102.903929,-28.732834,-39.996543,653,0.000000,0.000000,509.526738,366.606418,1000000000.000000,1000000000.000000,0.725505,1,1
/Game/Trials/GrassGround_20260921_01/Meshes/SM_GrassMedium01_small_b.SM_GrassMedium01_small_b,41,-1606.766357,1017.999389,-14.273283,175.935960,653,0.000000,0.000000,515.111036,343.561956,1000000000.000000,1000000000.000000,0.657113,1,1
/Game/Trials/GrassGround_20260921_01/Meshes/SM_GrassMedium01_small_b.SM_GrassMedium01_small_b,42,-221.503601,-900.907898,-24.292027,31.868505,653,0.000000,0.000000,520.668587,151.675269,1000000000.000000,1000000000.000000,0.661215,1,1
/Game/Trials/GrassGround_20260921_01/Meshes/SM_GrassMedium01_small_b.SM_GrassMedium01_small_b,43,-1927.808104,755.027770,-21.455437,-112.198992,653,0.000000,0.000000,526.200156,149.435205,1000000000.000000,1000000000.000000,0.712971,1,1
/Game/Trials/GrassGround_20260921_01/Meshes/SM_GrassMedium01_small_b.SM_GrassMedium01_small_b,44,49.947875,-584.557007,-13.565458,103.733554,653,0.000000,0.000000,531.706052,41.196441,1000000000.000000,1000000000.000000,0.677280,1,1
/Game/Trials/GrassGround_20260921_01/Meshes/SM_GrassMedium01_small_b.SM_GrassMedium01_small_b,45,-2140.896483,394.530214,-23.406265,-40.333943,653,0.000000,0.000000,537.186346,331.186430,1000000000.000000,1000000000.000000,0.829496,1,1
/Game/Trials/GrassGround_20260921_01/Meshes/SM_GrassMedium01_small_b.SM_GrassMedium01_small_b,46,-2217.892090,-20.969198,-23.556717,31.531105,653,0.000000,0.000000,548.072596,690.924322,1000000000.000000,1000000000.000000,0.879541,1,1
/Game/Trials/GrassGround_20260921_01/Meshes/SM_GrassMedium01_small_b.SM_GrassMedium01_small_b,47,200.929078,233.817657,11.686955,-112.536349,653,0.000000,0.000000,553.479198,124.835698,1000000000.000000,1000000000.000000,0.746186,1,1
/Game/Trials/GrassGround_20260921_01/Meshes/SM_GrassMedium01_small_b.SM_GrassMedium01_small_b,48,-2146.867676,-441.358124,-25.062439,103.396153,653,0.000000,0.000000,558.862263,460.757231,1000000000.000000,1000000000.000000,0.819008,1,1
/Game/Trials/GrassGround_20260921_01/Meshes/SM_GrassMedium01_small_b.SM_GrassMedium01_small_b,49,57.049195,637.143068,17.198481,-40.671301,653,0.000000,0.000000,564.222140,7.574587,1000000000.000000,1000000000.000000,0.677040,1,1
/Game/Trials/GrassGround_20260921_01/Meshes/SM_GrassMedium01_small_b.SM_GrassMedium01_small_b,50,-1933.931763,-815.032716,-27.315910,175.261202,653,0.000000,0.000000,569.559142,38.053877,1000000000.000000,1000000000.000000,0.696497,1,1
/Game/Trials/GrassGround_20260921_01/Meshes/SM_GrassMedium01_small_b.SM_GrassMedium01_small_b,51,-218.975952,969.387085,17.125614,31.193748,653,0.000000,0.000000,574.873441,169.950304,1000000000.000000,1000000000.000000,0.672355,1,1
/Game/Trials/GrassGround_20260921_01/Meshes/SM_GrassMedium01_small_b.SM_GrassMedium01_small_b,52,-595.504517,1188.487427,12.398581,103.058796,653,0.000000,0.000000,585.435765,464.240692,1000000000.000000,1000000000.000000,0.753696,1,1
/Game/Trials/GrassGround_20260921_01/Meshes/SM_GrassMedium01_small_b.SM_GrassMedium01_small_b,53,-1192.097655,-1245.962401,-28.793798,-41.008701,653,0.000000,0.000000,590.683868,378.459851,1000000000.000000,1000000000.000000,0.731657,1,1
/Game/Trials/GrassGround_20260921_01/Meshes/SM_GrassMedium01_small_b.SM_GrassMedium01_small_b,54,-1027.979492,1265.601440,3.487841,174.923844,653,0.000000,0.000000,595.910682,285.298704,1000000000.000000,1000000000.000000,0.763148,1,1
/Game/Trials/GrassGround_20260921_01/Meshes/SM_GrassMedium01_small_b.SM_GrassMedium01_small_b,55,-750.983154,-1246.485351,-28.854458,30.856347,653,0.000000,0.000000,601.115699,498.492553,1000000000.000000,1000000000.000000,0.777051,1,1
/Game/Trials/GrassGround_20260921_01/Meshes/SM_GrassMedium01_small_b.SM_GrassMedium01_small_b,56,-1464.211180,1188.885498,-8.243299,-113.211107,653,0.000000,0.000000,606.299630,491.972005,1000000000.000000,1000000000.000000,0.671242,1,1
/Game/Trials/GrassGround_20260921_01/Meshes/SM_GrassMedium01_small_b.SM_GrassMedium01_small_b,57,-333.115967,-1094.262695,-26.969793,102.721395,653,0.000000,0.000000,611.462118,361.874470,1000000000.000000,1000000000.000000,0.704512,1,1
/Game/Trials/GrassGround_20260921_01/Meshes/SM_GrassMedium01_small_b.SM_GrassMedium01_small_b,58,-1850.689940,965.233461,-18.339935,-41.346059,653,0.000000,0.000000,616.603672,101.722502,1000000000.000000,1000000000.000000,0.654792,1,1
/Game/Trials/GrassGround_20260921_01/Meshes/SM_GrassMedium01_small_b.SM_GrassMedium01_small_b,59,9.815185,-805.497010,-18.826139,174.586444,653,0.000000,0.000000,621.724484,143.685943,1000000000.000000,1000000000.000000,0.665887,1,1
/Game/Trials/GrassGround_20260921_01/Meshes/SM_GrassMedium01_small_b.SM_GrassMedium01_small_b,60,-2139.161621,619.729614,-22.430910,30.518947,653,0.000000,0.000000,626.824581,167.071083,1000000000.000000,1000000000.000000,0.768751,1,1
/Game/Trials/GrassGround_20260921_01/Meshes/SM_GrassMedium01_small_b.SM_GrassMedium01_small_b,61,-2292.635499,193.002380,-22.405764,102.383995,653,0.000000,0.000000,636.964594,466.419700,1000000000.000000,1000000000.000000,0.867470,1,1
/Game/Trials/GrassGround_20260921_01/Meshes/SM_GrassMedium01_small_b.SM_GrassMedium01_small_b,62,311.531617,35.237764,9.576994,-41.683459,653,0.000000,0.000000,642.004910,193.873172,1000000000.000000,1000000000.000000,0.795601,1,1
/Game/Trials/GrassGround_20260921_01/Meshes/SM_GrassMedium01_small_b.SM_GrassMedium01_small_b,63,-2290.263916,-264.152284,-23.296848,174.249043,653,0.000000,0.000000,647.025969,682.933242,1000000000.000000,1000000000.000000,0.857770,1,1
/Game/Trials/GrassGround_20260921_01/Meshes/SM_GrassMedium01_small_b.SM_GrassMedium01_small_b,64,229.179932,486.697754,18.049961,30.181589,653,0.000000,0.000000,652.027991,109.707102,1000000000.000000,1000000000.000000,0.732359,1,1
/Game/Trials/GrassGround_20260921_01/Meshes/SM_GrassMedium01_small_b.SM_GrassMedium01_small_b,65,-2129.858397,-695.973939,-26.025784,-113.885908,653,0.000000,0.000000,657.011575,231.138727,1000000000.000000,1000000000.000000,0.743948,1,1
/Game/Trials/GrassGround_20260921_01/Meshes/SM_GrassMedium01_small_b.SM_GrassMedium01_small_b,66,-4.931153,885.437805,20.197041,102.046638,653,0.000000,0.000000,661.976771,103.907554,1000000000.000000,1000000000.000000,0.664854,1,1
/Game/Trials/GrassGround_20260921_01/Meshes/SM_GrassMedium01_small_b.SM_GrassMedium01_small_b,67,-364.374817,1181.757201,17.281729,173.911686,653,0.000000,0.000000,671.852993,385.639653,1000000000.000000,1000000000.000000,0.728189,1,1
/Game/Trials/GrassGround_20260921_01/Meshes/SM_GrassMedium01_small_b.SM_GrassMedium01_small_b,68,-1421.604004,-1279.071777,-28.510826,29.844189,653,0.000000,0.000000,676.764474,181.015154,1000000000.000000,1000000000.000000,0.683988,1,1
/Game/Trials/GrassGround_20260921_01/Meshes/SM_GrassMedium01_small_b.SM_GrassMedium01_small_b,69,-806.934325,1337.798828,10.043701,-114.223266,653,0.000000,0.000000,681.658262,260.443716,1000000000.000000,1000000000.000000,0.803011,1,1
/Game/Trials/GrassGround_20260921_01/Meshes/SM_GrassMedium01_small_b.SM_GrassMedium01_small_b,70,-956.938233,-1355.850952,-28.353277,101.709237,653,0.000000,0.000000,686.534600,635.875626,1000000000.000000,1000000000.000000,0.795396,1,1
/Game/Trials/GrassGround_20260921_01/Meshes/SM_GrassMedium01_small_b.SM_GrassMedium01_small_b,71,-1279.566649,1332.379152,-1.205279,-42.358217,653,0.000000,0.000000,691.393299,311.846944,1000000000.000000,1000000000.000000,0.725390,1,1
/Game/Trials/GrassGround_20260921_01/Meshes/SM_GrassMedium01_small_b.SM_GrassMedium01_small_b,72,-490.826050,-1267.808961,-28.053902,173.574286,653,0.000000,0.000000,696.234853,549.801793,1000000000.000000,1000000000.000000,0.766746,1,1
/Game/Trials/GrassGround_20260921_01/Meshes/SM_GrassMedium01_small_b.SM_GrassMedium01_small_b,73,-1724.769898,1163.834595,-13.550024,29.506831,653,0.000000,0.000000,701.058849,230.621183,1000000000.000000,1000000000.000000,0.625600,1,1
/Game/Trials/GrassGround_20260921_01/Meshes/SM_GrassMedium01_small_b.SM_GrassMedium01_small_b,74,-80.377562,-1023.377320,-23.388508,-114.560666,653,0.000000,0.000000,705.865752,289.952137,1000000000.000000,1000000000.000000,0.671073,1,1
/Game/Trials/GrassGround_20260921_01/Meshes/SM_GrassMedium01_small_b.SM_GrassMedium01_small_b,75,-2087.591309,850.502502,-20.903545,101.371880,653,0.000000,0.000000,710.655410,0.011591,1000000000.000000,1000000000.000000,0.690360,1,1
/Game/Trials/GrassGround_20260921_01/Meshes/SM_GrassMedium01_small_b.SM_GrassMedium01_small_b,76,-2322.417481,428.748229,-21.687109,173.236928,653,0.000000,0.000000,720.184533,229.271571,1000000000.000000,1000000000.000000,0.823204,1,1
/Game/Trials/GrassGround_20260921_01/Meshes/SM_GrassMedium01_small_b.SM_GrassMedium01_small_b,77,-2398.708495,-51.255547,-21.574776,-114.898024,653,0.000000,0.000000,729.647307,701.256527,1000000000.000000,1000000000.000000,0.867979,1,1
/Game/Trials/GrassGround_20260921_01/Meshes/SM_GrassMedium01_small_b.SM_GrassMedium01_small_b,78,-2304.958495,-531.504515,-24.232763,-43.033018,653,0.000000,0.000000,739.047098,469.257137,1000000000.000000,1000000000.000000,0.796957,1,1
/Game/Trials/GrassGround_20260921_01/Meshes/SM_GrassMedium01_small_b.SM_GrassMedium01_small_b,79,196.388550,753.172912,22.028133,172.899528,653,0.000000,0.000000,743.723805,163.832475,1000000000.000000,1000000000.000000,0.689676,1,1
/Game/Trials/GrassGround_20260921_01/Meshes/SM_GrassMedium01_small_b.SM_GrassMedium01_small_b,80,-2050.361572,-953.182861,-27.487724,28.832030,653,0.000000,0.000000,748.385349,7.481576,1000000000.000000,1000000000.000000,0.655207,1,1
/Game/Trials/GrassGround_20260921_01/Meshes/SM_GrassMedium01_small_b.SM_GrassMedium01_small_b,81,-128.878905,1125.241577,21.011181,-115.235424,653,0.000000,0.000000,753.032174,326.118207,1000000000.000000,1000000000.000000,0.684284,1,1
/Game/Trials/GrassGround_20260921_01/Meshes/SM_GrassMedium01_small_b.SM_GrassMedium01_small_b,82,-1663.960328,-1263.875488,-28.580444,100.697079,653,0.000000,0.000000,757.664024,17.791638,1000000000.000000,1000000000.000000,0.624434,1,1
/Game/Trials/GrassGround_20260921_01/Meshes/SM_GrassMedium01_small_b.SM_GrassMedium01_small_b,83,-564.932494,1364.604982,15.604980,-43.370376,653,0.000000,0.000000,762.281568,399.339197,1000000000.000000,1000000000.000000,0.800714,1,1
/Game/Trials/GrassGround_20260921_01/Meshes/SM_GrassMedium01_small_b.SM_GrassMedium01_small_b,84,-1191.338745,-1424.087769,-27.990545,172.562127,653,0.000000,0.000000,766.884300,453.132783,1000000000.000000,1000000000.000000,0.761447,1,1
/Game/Trials/GrassGround_20260921_01/Meshes/SM_GrassMedium01_small_b.SM_GrassMedium01_small_b,85,-1059.827881,1440.230347,5.938370,28.494673,653,0.000000,0.000000,771.472451,116.570156,1000000000.000000,1000000000.000000,0.796169,1,1
/Game/Trials/GrassGround_20260921_01/Meshes/SM_GrassMedium01_small_b.SM_GrassMedium01_small_b,86,-689.241088,-1412.259766,-27.852791,-115.572824,653,0.000000,0.000000,776.045901,662.331017,1000000000.000000,1000000000.000000,0.822456,1,1
/Game/Trials/GrassGround_20260921_01/Meshes/SM_GrassMedium01_small_b.SM_GrassMedium01_small_b,87,-1553.739136,1340.756348,-7.110754,100.359721,653,0.000000,0.000000,780.604913,446.962771,1000000000.000000,1000000000.000000,0.648078,1,1
/Game/Trials/GrassGround_20260921_01/Meshes/SM_GrassMedium01_small_b.SM_GrassMedium01_small_b,88,-218.750243,-1227.643431,-26.263657,-43.707776,653,0.000000,0.000000,785.149332,477.923442,1000000000.000000,1000000000.000000,0.712052,1,1
/Game/Trials/GrassGround_20260921_01/Meshes/SM_GrassMedium01_small_b.SM_GrassMedium01_small_b,89,162.152832,-890.655456,-17.026161,28.157272,653,0.000000,0.000000,794.194778,171.686860,1000000000.000000,1000000000.000000,0.669068,1,1
/Game/Trials/GrassGround_20260921_01/Meshes/SM_GrassMedium01_small_b.SM_GrassMedium01_small_b,90,-2303.518798,676.688476,-21.204006,-115.910182,653,0.000000,0.000000,798.696207,6.570605,1000000000.000000,1000000000.000000,0.752067,1,1
/Game/Trials/GrassGround_20260921_01/Meshes/SM_GrassMedium01_small_b.SM_GrassMedium01_small_b,91,-2465.439452,189.619996,-20.290995,-44.045134,653,0.000000,0.000000,807.656432,463.877896,1000000000.000000,1000000000.000000,0.847270,1,1
/Game/Trials/GrassGround_20260921_01/Meshes/SM_GrassMedium01_small_b.SM_GrassMedium01_small_b,92,480.521484,68.739379,14.670324,171.887369,653,0.000000,0.000000,812.116381,132.911820,1000000000.000000,1000000000.000000,0.845724,1,1
/Game/Trials/GrassGround_20260921_01/Meshes/SM_GrassMedium01_small_b.SM_GrassMedium01_small_b,93,-2450.253906,-326.546600,-22.035217,27.819915,653,0.000000,0.000000,816.562839,719.665938,1000000000.000000,1000000000.000000,0.830840,1,1
/Game/Trials/GrassGround_20260921_01/Meshes/SM_GrassMedium01_small_b.SM_GrassMedium01_small_b,94,375.294679,575.876586,22.555323,-116.247582,653,0.000000,0.000000,820.996075,26.611288,1000000000.000000,1000000000.000000,0.750041,1,1
/Game/Trials/GrassGround_20260921_01/Meshes/SM_GrassMedium01_small_b.SM_GrassMedium01_small_b,95,-2257.680665,-809.017944,-26.186674,99.684963,653,0.000000,0.000000,825.416560,255.474541,1000000000.000000,1000000000.000000,0.706741,1,1
/Game/Trials/GrassGround_20260921_01/Meshes/SM_GrassMedium01_small_b.SM_GrassMedium01_small_b,96,100.772218,1018.711427,23.654278,-44.382534,653,0.000000,0.000000,829.824139,269.830442,1000000000.000000,1000000000.000000,0.657760,1,1
/Game/Trials/GrassGround_20260921_01/Meshes/SM_GrassMedium01_small_b.SM_GrassMedium01_small_b,97,-311.475830,1342.317017,19.989006,27.482514,653,0.000000,0.000000,838.602170,529.677380,1000000000.000000,1000000000.000000,0.750383,1,1
/Game/Trials/GrassGround_20260921_01/Meshes/SM_GrassMedium01_small_b.SM_GrassMedium01_small_b,98,-1445.476805,-1445.903443,-28.235394,-116.584983,653,0.000000,0.000000,842.972687,279.454594,1000000000.000000,1000000000.000000,0.682652,1,1
/Game/Trials/GrassGround_20260921_01/Meshes/SM_GrassMedium01_small_b.SM_GrassMedium01_small_b,99,-812.646485,1505.719238,12.316794,99.347563,653,0.000000,0.000000,847.330473,119.900637,1000000000.000000,1000000000.000000,0.842966,1,1
/Game/Trials/GrassGround_20260921_01/Meshes/SM_GrassMedium01_small_b.SM_GrassMedium01_small_b,100,-921.996642,-1519.675902,-27.269688,-44.719934,653,0.000000,0.000000,851.676500,733.977991,1000000000.000000,1000000000.000000,0.835332,1,1
/Game/Trials/GrassGround_20260921_01/Meshes/SM_GrassMedium01_small_b.SM_GrassMedium01_small_b,101,-1342.484131,1487.081054,0.270618,171.212611,653,0.000000,0.000000,856.009646,253.273924,1000000000.000000,1000000000.000000,0.720693,1,1
/Game/Trials/GrassGround_20260921_01/Meshes/SM_GrassMedium01_small_b.SM_GrassMedium01_small_b,102,-402.039978,-1408.671509,-27.152824,27.145114,653,0.000000,0.000000,860.330555,683.528501,1000000000.000000,1000000000.000000,0.782935,1,1
/Game/Trials/GrassGround_20260921_01/Meshes/SM_GrassMedium01_small_b.SM_GrassMedium01_small_b,103,-1836.532958,1286.596191,-13.175432,-116.922340,653,0.000000,0.000000,864.639094,172.851391,1000000000.000000,1000000000.000000,0.583498,1,1
/Game/Trials/GrassGround_20260921_01/Meshes/SM_GrassMedium01_small_b.SM_GrassMedium01_small_b,104,50.780273,-1124.358521,-22.301807,99.010162,653,0.000000,0.000000,868.935107,430.570694,1000000000.000000,1000000000.000000,0.657355,1,1
/Game/Trials/GrassGround_20260921_01/Meshes/SM_GrassMedium01_small_b.SM_GrassMedium01_small_b,105,-2485.172852,449.651917,-19.735302,26.807756,653,0.000000,0.000000,881.749092,210.552623,1000000000.000000,1000000000.000000,0.800703,1,1
/Game/Trials/GrassGround_20260921_01/Meshes/SM_GrassMedium01_small_b.SM_GrassMedium01_small_b,106,-2557.771973,-87.581558,-19.827993,98.672805,653,0.000000,0.000000,890.232050,751.494880,1000000000.000000,1000000000.000000,0.833108,1,1
/Game/Trials/GrassGround_20260921_01/Meshes/SM_GrassMedium01_small_b.SM_GrassMedium01_small_b,107,-2440.953858,-619.980592,-24.080051,170.537853,653,0.000000,0.000000,898.669485,511.094416,1000000000.000000,1000000000.000000,0.762279,1,1
/Game/Trials/GrassGround_20260921_01/Meshes/SM_GrassMedium01_small_b.SM_GrassMedium01_small_b,108,314.448120,863.800903,25.250847,26.470356,653,0.000000,0.000000,902.871851,168.112424,1000000000.000000,1000000000.000000,0.678472,1,1
/Game/Trials/GrassGround_20260921_01/Meshes/SM_GrassMedium01_small_b.SM_GrassMedium01_small_b,109,-2146.942870,-1082.427735,-28.342281,-117.597098,653,0.000000,0.000000,907.063013,97.567295,1000000000.000000,1000000000.000000,0.608975,1,1
/Game/Trials/GrassGround_20260921_01/Meshes/SM_GrassMedium01_small_b.SM_GrassMedium01_small_b,110,-56.636841,1269.014282,23.299255,98.335404,653,0.000000,0.000000,911.243592,470.531260,1000000000.000000,1000000000.000000,0.679120,1,1
/Game/Trials/GrassGround_20260921_01/Meshes/SM_GrassMedium01_small_b.SM_GrassMedium01_small_b,111,-1709.768065,-1417.661864,-29.001316,-45.732050,653,0.000000,0.000000,915.413469,163.175494,1000000000.000000,1000000000.000000,0.595567,1,1
/Game/Trials/GrassGround_20260921_01/Meshes/SM_GrassMedium01_small_b.SM_GrassMedium01_small_b,112,-546.828858,1523.606811,17.466316,170.200453,653,0.000000,0.000000,919.572835,256.365884,1000000000.000000,1000000000.000000,0.832029,1,1
/Game/Trials/GrassGround_20260921_01/Meshes/SM_GrassMedium01_small_b.SM_GrassMedium01_small_b,113,-1181.329468,-1583.372314,-27.239510,26.132956,653,0.000000,0.000000,923.721513,558.990772,1000000000.000000,1000000000.000000,0.783827,1,1
/Game/Trials/GrassGround_20260921_01/Meshes/SM_GrassMedium01_small_b.SM_GrassMedium01_small_b,114,-625.233582,-1557.534058,-26.689825,97.998004,653,0.000000,0.000000,931.986957,810.448587,1000000000.000000,1000000000.000000,0.848061,1,1
/Game/Trials/GrassGround_20260921_01/Meshes/SM_GrassMedium01_small_b.SM_GrassMedium01_small_b,115,-1641.977538,1472.220582,-6.462425,-46.069450,653,0.000000,0.000000,936.103546,440.197202,1000000000.000000,1000000000.000000,0.612912,1,1
/Game/Trials/GrassGround_20260921_01/Meshes/SM_GrassMedium01_small_b.SM_GrassMedium01_small_b,116,-109.130371,-1341.314820,-25.397041,169.863052,653,0.000000,0.000000,940.209347,596.863409,1000000000.000000,1000000000.000000,0.696816,1,1
/Game/Trials/GrassGround_20260921_01/Meshes/SM_GrassMedium01_small_b.SM_GrassMedium01_small_b,117,303.523072,-959.170777,-15.076384,-118.271899,653,0.000000,0.000000,948.388390,209.188055,1000000000.000000,1000000000.000000,0.657354,1,1
/Game/Trials/GrassGround_20260921_01/Meshes/SM_GrassMedium01_small_b.SM_GrassMedium01_small_b,118,-2620.874512,177.616180,-18.202339,169.525695,653,0.000000,0.000000,960.577104,510.414393,1000000000.000000,1000000000.000000,0.809269,1,1
/Game/Trials/GrassGround_20260921_01/Meshes/SM_GrassMedium01_small_b.SM_GrassMedium01_small_b,119,631.067871,107.693276,18.883270,25.458198,653,0.000000,0.000000,964.619296,152.486566,1000000000.000000,1000000000.000000,0.870065,1,1
/Game/Trials/GrassGround_20260921_01/Meshes/SM_GrassMedium01_small_b.SM_GrassMedium01_small_b,120,-2591.291991,-391.113434,-21.321341,-118.609257,653,0.000000,0.000000,968.651860,771.209784,1000000000.000000,1000000000.000000,0.791161,1,1
/Game/Trials/GrassGround_20260921_01/Meshes/SM_GrassMedium01_small_b.SM_GrassMedium01_small_b,121,-2367.237548,-917.737548,-27.038719,-46.744208,653,0.000000,0.000000,976.687802,324.423900,1000000000.000000,1000000000.000000,0.667212,1,1
/Game/Trials/GrassGround_20260921_01/Meshes/SM_GrassMedium01_small_b.SM_GrassMedium01_small_b,122,189.367187,1144.634521,25.698666,169.188294,653,0.000000,0.000000,980.691519,423.059053,1000000000.000000,1000000000.000000,0.634496,1,1
/Game/Trials/GrassGround_20260921_01/Meshes/SM_GrassMedium01_tall_a.SM_GrassMedium01_tall_a,0,-1389.224854,772.096863,-12.621525,53.292961,290,0.000000,0.000000,194.655742,596.418882,1000000000.000000,1000000000.000000,0.435441,1,1
/Game/Trials/GrassGround_20260921_01/Meshes/SM_GrassMedium01_tall_a.SM_GrassMedium01_tall_a,1,-477.687741,-698.586609,-21.629295,-90.774536,290,0.000000,0.000000,202.257614,93.191406,1000000000.000000,1000000000.000000,0.416627,1,1
/Game/Trials/GrassGround_20260921_01/Meshes/SM_GrassMedium01_tall_a.SM_GrassMedium01_tall_a,2,-1641.503907,602.087585,-18.350132,125.158010,290,0.000000,0.000000,209.793568,457.085626,1000000000.000000,1000000000.000000,0.508031,1,1
/Game/Trials/GrassGround_20260921_01/Meshes/SM_GrassMedium01_tall_a.SM_GrassMedium01_tall_a,3,-1822.802734,351.336912,-21.783800,-162.976942,290,0.000000,0.000000,224.674222,555.409191,1000000000.000000,1000000000.000000,0.608767,1,1
/Game/Trials/GrassGround_20260921_01/Meshes/SM_GrassMedium01_tall_a.SM_GrassMedium01_tall_a,4,-1908.013913,48.546043,-23.384350,-91.111894,290,0.000000,0.000000,239.310720,729.983425,1000000000.000000,1000000000.000000,0.690128,1,1
/Game/Trials/GrassGround_20260921_01/Meshes/SM_GrassMedium01_tall_a.SM_GrassMedium01_tall_a,5,-90.233644,111.233787,0.428191,124.820609,290,0.000000,0.000000,246.541204,241.106763,1000000000.000000,1000000000.000000,0.535528,1,1
/Game/Trials/GrassGround_20260921_01/Meshes/SM_GrassMedium01_tall_a.SM_GrassMedium01_tall_a,6,-1883.344603,-270.096798,-24.629049,-19.246845,290,0.000000,0.000000,253.715307,580.093204,1000000000.000000,1000000000.000000,0.706987,1,1
/Game/Trials/GrassGround_20260921_01/Meshes/SM_GrassMedium01_tall_a.SM_GrassMedium01_tall_a,7,-1748.407349,-565.279358,-26.154236,52.618203,290,0.000000,0.000000,267.898882,287.407486,1000000000.000000,1000000000.000000,0.666694,1,1
/Game/Trials/GrassGround_20260921_01/Meshes/SM_GrassMedium01_tall_a.SM_GrassMedium01_tall_a,8,-1516.664796,-799.448731,-27.599352,124.483252,290,0.000000,0.000000,281.872253,121.721564,1000000000.000000,1000000000.000000,0.632595,1,1
/Game/Trials/GrassGround_20260921_01/Meshes/SM_GrassMedium01_tall_a.SM_GrassMedium01_tall_a,9,-627.801146,883.590824,5.195629,-19.584246,290,0.000000,0.000000,288.782942,252.514924,1000000000.000000,1000000000.000000,0.625763,1,1
/Game/Trials/GrassGround_20260921_01/Meshes/SM_GrassMedium01_tall_a.SM_GrassMedium01_tall_a,10,-1214.124145,-941.604860,-28.610973,-163.651743,290,0.000000,0.000000,295.644273,191.896727,1000000000.000000,1000000000.000000,0.650529,1,1
/Game/Trials/GrassGround_20260921_01/Meshes/SM_GrassMedium01_tall_a.SM_GrassMedium01_tall_a,11,-952.830018,971.312622,-0.949352,52.280803,290,0.000000,0.000000,302.457309,577.618604,1000000000.000000,1000000000.000000,0.668719,1,1
/Game/Trials/GrassGround_20260921_01/Meshes/SM_GrassMedium01_tall_a.SM_GrassMedium01_tall_a,12,-876.409360,-971.392395,-28.957645,-91.786695,290,0.000000,0.000000,309.223075,261.160034,1000000000.000000,1000000000.000000,0.674757,1,1
/Game/Trials/GrassGround_20260921_01/Meshes/SM_GrassMedium01_tall_a.SM_GrassMedium01_tall_a,13,-1292.896730,941.431884,-9.566408,124.145851,290,0.000000,0.000000,315.942436,659.225502,1000000000.000000,1000000000.000000,0.664491,1,1
/Game/Trials/GrassGround_20260921_01/Meshes/SM_GrassMedium01_tall_a.SM_GrassMedium01_tall_a,14,-544.537841,-881.952999,-27.434584,-19.921646,290,0.000000,0.000000,322.616176,171.972013,1000000000.000000,1000000000.000000,0.650169,1,1
/Game/Trials/GrassGround_20260921_01/Meshes/SM_GrassMedium01_tall_a.SM_GrassMedium01_tall_a,15,-1606.141113,794.407774,-17.943249,-163.989100,290,0.000000,0.000000,329.245095,384.943702,1000000000.000000,1000000000.000000,0.675761,1,1
/Game/Trials/GrassGround_20260921_01/Meshes/SM_GrassMedium01_tall_a.SM_GrassMedium01_tall_a,16,-1852.932980,545.345825,-23.133341,-92.124052,290,0.000000,0.000000,342.371838,367.448095,1000000000.000000,1000000000.000000,0.752915,1,1
/Game/Trials/GrassGround_20260921_01/Meshes/SM_GrassMedium01_tall_a.SM_GrassMedium01_tall_a,17,-2000.901854,222.477466,-24.877516,-20.259004,290,0.000000,0.000000,355.329579,552.005418,1000000000.000000,1000000000.000000,0.839331,1,1
/Game/Trials/GrassGround_20260921_01/Meshes/SM_GrassMedium01_tall_a.SM_GrassMedium01_tall_a,18,30.764771,-45.017145,-0.354301,-164.326501,290,0.000000,0.000000,361.747332,106.832100,1000000000.000000,1000000000.000000,0.678840,1,1
/Game/Trials/GrassGround_20260921_01/Meshes/SM_GrassMedium01_tall_a.SM_GrassMedium01_tall_a,19,-2029.171875,-136.048126,-25.552147,51.606045,290,0.000000,0.000000,368.125157,723.554929,1000000000.000000,1000000000.000000,0.853338,1,1
/Game/Trials/GrassGround_20260921_01/Meshes/SM_GrassMedium01_tall_a.SM_GrassMedium01_tall_a,20,-4.214353,315.145203,8.290880,-92.461452,290,0.000000,0.000000,374.464243,103.636879,1000000000.000000,1000000000.000000,0.663364,1,1
/Game/Trials/GrassGround_20260921_01/Meshes/SM_GrassMedium01_tall_a.SM_GrassMedium01_tall_a,21,-1931.254518,-486.695100,-26.809639,123.471093,290,0.000000,0.000000,380.765005,364.255545,1000000000.000000,1000000000.000000,0.780243,1,1
/Game/Trials/GrassGround_20260921_01/Meshes/SM_GrassMedium01_tall_a.SM_GrassMedium01_tall_a,22,-1716.203613,-785.853029,-28.278025,-164.663858,290,0.000000,0.000000,393.255660,64.759126,1000000000.000000,1000000000.000000,0.687319,1,1
/Game/Trials/GrassGround_20260921_01/Meshes/SM_GrassMedium01_tall_a.SM_GrassMedium01_tall_a,23,-428.317872,903.822876,11.016506,51.268644,290,0.000000,0.000000,399.446702,134.414361,1000000000.000000,1000000000.000000,0.659227,1,1
/Game/Trials/GrassGround_20260921_01/Meshes/SM_GrassMedium01_tall_a.SM_GrassMedium01_tall_a,24,-1407.846311,-995.279602,-29.201780,-92.798810,290,0.000000,0.000000,405.602203,142.191821,1000000000.000000,1000000000.000000,0.669784,1,1
/Game/Trials/GrassGround_20260921_01/Meshes/SM_GrassMedium01_tall_a.SM_GrassMedium01_tall_a,25,-770.450135,1057.086425,5.610327,123.133693,290,0.000000,0.000000,411.723093,472.127549,1000000000.000000,1000000000.000000,0.713176,1,1
/Game/Trials/GrassGround_20260921_01/Meshes/SM_GrassMedium01_tall_a.SM_GrassMedium01_tall_a,26,-1042.150389,-1086.992672,-29.599274,-20.933762,290,0.000000,0.000000,417.809600,361.935897,1000000000.000000,1000000000.000000,0.712946,1,1
/Game/Trials/GrassGround_20260921_01/Meshes/SM_GrassMedium01_tall_a.SM_GrassMedium01_tall_a,27,-1148.651489,1083.714598,-3.312784,-165.001259,290,0.000000,0.000000,423.862237,483.959748,1000000000.000000,1000000000.000000,0.703428,1,1
/Game/Trials/GrassGround_20260921_01/Meshes/SM_GrassMedium01_tall_a.SM_GrassMedium01_tall_a,28,-663.012818,-1046.985717,-29.119625,50.931244,290,0.000000,0.000000,429.881563,298.513415,1000000000.000000,1000000000.000000,0.708916,1,1
/Game/Trials/GrassGround_20260921_01/Meshes/SM_GrassMedium01_tall_a.SM_GrassMedium01_tall_a,29,-1517.000485,977.575806,-13.498440,-93.136210,290,0.000000,0.000000,435.867966,433.430612,1000000000.000000,1000000000.000000,0.664138,1,1
/Game/Trials/GrassGround_20260921_01/Meshes/SM_GrassMedium01_tall_a.SM_GrassMedium01_tall_a,30,-316.968934,-877.277833,-25.412540,122.796292,290,0.000000,0.000000,441.821853,150.939742,1000000000.000000,1000000000.000000,0.654465,1,1
/Game/Trials/GrassGround_20260921_01/Meshes/SM_GrassMedium01_tall_a.SM_GrassMedium01_tall_a,31,-1829.791991,748.863407,-21.041973,-21.271162,290,0.000000,0.000000,447.743777,218.892880,1000000000.000000,1000000000.000000,0.705678,1,1
/Game/Trials/GrassGround_20260921_01/Meshes/SM_GrassMedium01_tall_a.SM_GrassMedium01_tall_a,32,-47.460754,-596.005617,-16.151981,-165.338659,290,0.000000,0.000000,453.634154,2.591536,1000000000.000000,1000000000.000000,0.653680,1,1
/Game/Trials/GrassGround_20260921_01/Meshes/SM_GrassMedium01_tall_a.SM_GrassMedium01_tall_a,33,-2047.198487,423.238922,-23.865345,50.593886,290,0.000000,0.000000,459.493628,366.156776,1000000000.000000,1000000000.000000,0.813094,1,1
/Game/Trials/GrassGround_20260921_01/Meshes/SM_GrassMedium01_tall_a.SM_GrassMedium01_tall_a,34,-2140.464357,38.721668,-24.259167,122.458935,290,0.000000,0.000000,471.121517,654.303083,1000000000.000000,1000000000.000000,0.874484,1,1
/Game/Trials/GrassGround_20260921_01/Meshes/SM_GrassMedium01_tall_a.SM_GrassMedium01_tall_a,35,135.487428,161.330951,8.114821,-21.608562,290,0.000000,0.000000,476.891178,216.761732,1000000000.000000,1000000000.000000,0.723095,1,1
/Game/Trials/GrassGround_20260921_01/Meshes/SM_GrassMedium01_tall_a.SM_GrassMedium01_tall_a,36,-2095.484863,-358.432467,-25.314262,-165.676017,290,0.000000,0.000000,482.632169,520.688625,1000000000.000000,1000000000.000000,0.832801,1,1
/Game/Trials/GrassGround_20260921_01/Meshes/SM_GrassMedium01_tall_a.SM_GrassMedium01_tall_a,37,-1915.013425,-719.524231,-27.217636,-93.810968,290,0.000000,0.000000,494.029504,130.877304,1000000000.000000,1000000000.000000,0.721445,1,1
/Game/Trials/GrassGround_20260921_01/Meshes/SM_GrassMedium01_tall_a.SM_GrassMedium01_tall_a,38,-220.533082,872.123412,15.380123,122.121534,290,0.000000,0.000000,499.687104,73.070432,1000000000.000000,1000000000.000000,0.656541,1,1
/Game/Trials/GrassGround_20260921_01/Meshes/SM_GrassMedium01_tall_a.SM_GrassMedium01_tall_a,39,-562.846069,1097.028807,11.541838,-166.013417,290,0.000000,0.000000,510.921573,368.577680,1000000000.000000,1000000000.000000,0.722682,1,1
/Game/Trials/GrassGround_20260921_01/Meshes/SM_GrassMedium01_tall_a.SM_GrassMedium01_tall_a,40,-1240.518189,-1161.865600,-29.068949,49.919128,290,0.000000,0.000000,516.499335,313.627962,1000000000.000000,1000000000.000000,0.708237,1,1
/Game/Trials/GrassGround_20260921_01/Meshes/SM_GrassMedium01_tall_a.SM_GrassMedium01_tall_a,41,-965.374143,1191.548218,3.533020,-94.148369,290,0.000000,0.000000,522.051217,359.629439,1000000000.000000,1000000000.000000,0.749781,1,1
/Game/Trials/GrassGround_20260921_01/Meshes/SM_GrassMedium01_tall_a.SM_GrassMedium01_tall_a,42,-825.745729,-1184.831788,-29.203423,121.784177,290,0.000000,0.000000,527.577103,448.197466,1000000000.000000,1000000000.000000,0.756015,1,1
/Game/Trials/GrassGround_20260921_01/Meshes/SM_GrassMedium01_tall_a.SM_GrassMedium01_tall_a,43,-1379.703246,1141.587406,-7.407376,-22.283320,290,0.000000,0.000000,533.077869,525.277114,1000000000.000000,1000000000.000000,0.683794,1,1
/Game/Trials/GrassGround_20260921_01/Meshes/SM_GrassMedium01_tall_a.SM_GrassMedium01_tall_a,44,-424.650512,-1062.814211,-27.672436,-166.350775,290,0.000000,0.000000,538.553301,364.455874,1000000000.000000,1000000000.000000,0.704117,1,1
/Game/Trials/GrassGround_20260921_01/Meshes/SM_GrassMedium01_tall_a.SM_GrassMedium01_tall_a,45,-1755.067383,950.620118,-17.534315,49.581728,290,0.000000,0.000000,544.003855,198.449254,1000000000.000000,1000000000.000000,0.659965,1,1
/Game/Trials/GrassGround_20260921_01/Meshes/SM_GrassMedium01_tall_a.SM_GrassMedium01_tall_a,46,-86.831174,-808.165283,-20.805813,-94.485769,290,0.000000,0.000000,549.429551,86.938744,1000000000.000000,1000000000.000000,0.657372,1,1
/Game/Trials/GrassGround_20260921_01/Meshes/SM_GrassMedium01_tall_a.SM_GrassMedium01_tall_a,47,-2044.583985,639.574462,-22.587128,121.446776,290,0.000000,0.000000,554.831089,214.660805,1000000000.000000,1000000000.000000,0.756316,1,1
/Game/Trials/GrassGround_20260921_01/Meshes/SM_GrassMedium01_tall_a.SM_GrassMedium01_tall_a,48,-2211.117675,244.557096,-23.186758,-166.688175,290,0.000000,0.000000,565.562300,436.679940,1000000000.000000,1000000000.000000,0.861217,1,1
/Game/Trials/GrassGround_20260921_01/Meshes/SM_GrassMedium01_tall_a.SM_GrassMedium01_tall_a,49,240.530151,-29.992155,5.943852,49.244328,290,0.000000,0.000000,570.892656,154.389487,1000000000.000000,1000000000.000000,0.768905,1,1
/Game/Trials/GrassGround_20260921_01/Meshes/SM_GrassMedium01_tall_a.SM_GrassMedium01_tall_a,50,-2232.038083,-187.343064,-23.697239,-94.823127,290,0.000000,0.000000,576.200330,727.872761,1000000000.000000,1000000000.000000,0.869124,1,1
/Game/Trials/GrassGround_20260921_01/Meshes/SM_GrassMedium01_tall_a.SM_GrassMedium01_tall_a,51,185.579467,400.771728,15.226994,121.109376,290,0.000000,0.000000,581.485777,119.250788,1000000000.000000,1000000000.000000,0.728448,1,1
/Game/Trials/GrassGround_20260921_01/Meshes/SM_GrassMedium01_tall_a.SM_GrassMedium01_tall_a,52,-2102.264403,-603.681332,-25.847240,-22.958078,290,0.000000,0.000000,586.748966,294.948733,1000000000.000000,1000000000.000000,0.771478,1,1
/Game/Trials/GrassGround_20260921_01/Meshes/SM_GrassMedium01_tall_a.SM_GrassMedium01_tall_a,53,-15.648376,789.729063,18.432762,-167.025576,290,0.000000,0.000000,591.990536,13.215831,1000000000.000000,1000000000.000000,0.663402,1,1
/Game/Trials/GrassGround_20260921_01/Meshes/SM_GrassMedium01_tall_a.SM_GrassMedium01_tall_a,54,-340.890866,1088.394165,16.415905,-95.160527,290,0.000000,0.000000,602.409804,290.297066,1000000000.000000,1000000000.000000,0.703922,1,1
/Game/Trials/GrassGround_20260921_01/Meshes/SM_GrassMedium01_tall_a.SM_GrassMedium01_tall_a,55,-1461.323487,-1191.390870,-28.662472,120.772018,290,0.000000,0.000000,607.588183,105.575368,1000000000.000000,1000000000.000000,0.671868,1,1
/Game/Trials/GrassGround_20260921_01/Meshes/SM_GrassMedium01_tall_a.SM_GrassMedium01_tall_a,56,-752.252562,1258.593509,9.974152,-23.295479,290,0.000000,0.000000,612.745655,356.180287,1000000000.000000,1000000000.000000,0.780801,1,1
/Game/Trials/GrassGround_20260921_01/Meshes/SM_GrassMedium01_tall_a.SM_GrassMedium01_tall_a,57,-1024.834106,-1287.643313,-28.718517,-167.362933,290,0.000000,0.000000,617.882772,550.756018,1000000000.000000,1000000000.000000,0.769136,1,1
/Game/Trials/GrassGround_20260921_01/Meshes/SM_GrassMedium01_tall_a.SM_GrassMedium01_tall_a,58,-1200.624390,1277.340210,-0.446337,48.569570,290,0.000000,0.000000,622.999675,317.858359,1000000000.000000,1000000000.000000,0.735635,1,1
/Game/Trials/GrassGround_20260921_01/Meshes/SM_GrassMedium01_tall_a.SM_GrassMedium01_tall_a,59,-578.296994,-1227.688965,-28.511433,-95.497885,290,0.000000,0.000000,628.096152,489.378650,1000000000.000000,1000000000.000000,0.764465,1,1
/Game/Trials/GrassGround_20260921_01/Meshes/SM_GrassMedium01_tall_a.SM_GrassMedium01_tall_a,60,-1631.558107,1139.909057,-12.431179,120.434618,290,0.000000,0.000000,633.172398,320.138852,1000000000.000000,1000000000.000000,0.643331,1,1
/Game/Trials/GrassGround_20260921_01/Meshes/SM_GrassMedium01_tall_a.SM_GrassMedium01_tall_a,61,-176.361388,-1016.406430,-24.721088,-23.632836,290,0.000000,0.000000,638.228800,267.076850,1000000000.000000,1000000000.000000,0.677175,1,1
/Game/Trials/GrassGround_20260921_01/Meshes/SM_GrassMedium01_tall_a.SM_GrassMedium01_tall_a,62,-1991.891601,860.707151,-20.580189,-167.700334,290,0.000000,0.000000,643.265300,26.323350,1000000000.000000,1000000000.000000,0.684927,1,1
/Game/Trials/GrassGround_20260921_01/Meshes/SM_GrassMedium01_tall_a.SM_GrassMedium01_tall_a,63,130.952758,-677.358337,-13.591535,48.232212,290,0.000000,0.000000,648.282390,35.906649,1000000000.000000,1000000000.000000,0.688768,1,1
/Game/Trials/GrassGround_20260921_01/Meshes/SM_GrassMedium01_tall_a.SM_GrassMedium01_tall_a,64,-2236.316892,471.794189,-22.405464,-95.835285,290,0.000000,0.000000,653.279719,216.757705,1000000000.000000,1000000000.000000,0.814456,1,1
/Game/Trials/GrassGround_20260921_01/Meshes/SM_GrassMedium01_tall_a.SM_GrassMedium01_tall_a,65,-2333.080077,19.204137,-22.202976,-23.970237,290,0.000000,0.000000,663.218395,633.658379,1000000000.000000,1000000000.000000,0.876136,1,1
/Game/Trials/GrassGround_20260921_01/Meshes/SM_GrassMedium01_tall_a.SM_GrassMedium01_tall_a,66,320.924439,214.079359,14.229648,-168.037734,290,0.000000,0.000000,668.159686,37.443114,1000000000.000000,1000000000.000000,0.790387,1,1
/Game/Trials/GrassGround_20260921_01/Meshes/SM_GrassMedium01_tall_a.SM_GrassMedium01_tall_a,67,-2268.091309,-442.511322,-24.094830,47.894812,290,0.000000,0.000000,673.082960,518.045536,1000000000.000000,1000000000.000000,0.821779,1,1
/Game/Trials/GrassGround_20260921_01/Meshes/SM_GrassMedium01_tall_a.SM_GrassMedium01_tall_a,68,175.907596,659.025207,20.138803,-96.172686,290,0.000000,0.000000,677.988463,126.055168,1000000000.000000,1000000000.000000,0.698797,1,1
/Game/Trials/GrassGround_20260921_01/Meshes/SM_GrassMedium01_tall_a.SM_GrassMedium01_tall_a,69,-2046.923341,-856.870118,-27.042166,119.759860,290,0.000000,0.000000,682.876521,55.116141,1000000000.000000,1000000000.000000,0.687415,1,1
/Game/Trials/GrassGround_20260921_01/Meshes/SM_GrassMedium01_tall_a.SM_GrassMedium01_tall_a,70,-115.158812,1029.822513,20.114307,-24.307637,290,0.000000,0.000000,687.747523,230.124889,1000000000.000000,1000000000.000000,0.674213,1,1
/Game/Trials/GrassGround_20260921_01/Meshes/SM_GrassMedium01_tall_a.SM_GrassMedium01_tall_a,71,-518.711182,1279.940674,15.461567,47.557411,290,0.000000,0.000000,697.438136,488.818255,1000000000.000000,1000000000.000000,0.773396,1,1
/Game/Trials/GrassGround_20260921_01/Meshes/SM_GrassMedium01_tall_a.SM_GrassMedium01_tall_a,72,-1251.872312,-1348.944947,-28.326283,-96.510043,290,0.000000,0.000000,702.258041,362.632433,1000000000.000000,1000000000.000000,0.734728,1,1
/Game/Trials/GrassGround_20260921_01/Meshes/SM_GrassMedium01_tall_a.SM_GrassMedium01_tall_a,73,-986.895082,1376.999267,6.545563,119.422460,290,0.000000,0.000000,707.061625,173.266473,1000000000.000000,1000000000.000000,0.796240,1,1
/Game/Trials/GrassGround_20260921_01/Meshes/SM_GrassMedium01_tall_a.SM_GrassMedium01_tall_a,74,-772.266661,-1362.953488,-28.251719,-24.644995,290,0.000000,0.000000,711.848285,616.368381,1000000000.000000,1000000000.000000,0.810768,1,1
/Game/Trials/GrassGround_20260921_01/Meshes/SM_GrassMedium01_tall_a.SM_GrassMedium01_tall_a,75,-1463.247802,1306.947508,-5.857532,-168.712492,290,0.000000,0.000000,716.618302,457.526780,1000000000.000000,1000000000.000000,0.673953,1,1
/Game/Trials/GrassGround_20260921_01/Meshes/SM_GrassMedium01_tall_a.SM_GrassMedium01_tall_a,76,-313.842652,-1210.414673,-27.051043,47.220054,290,0.000000,0.000000,721.371836,470.939789,1000000000.000000,1000000000.000000,0.726604,1,1
/Game/Trials/GrassGround_20260921_01/Meshes/SM_GrassMedium01_tall_a.SM_GrassMedium01_tall_a,77,-1889.518796,1076.046631,-17.138268,-96.847444,290,0.000000,0.000000,726.108892,61.839801,1000000000.000000,1000000000.000000,0.624579,1,1
/Game/Trials/GrassGround_20260921_01/Meshes/SM_GrassMedium01_tall_a.SM_GrassMedium01_tall_a,78,66.944335,-907.718568,-19.307978,119.085102,290,0.000000,0.000000,730.829473,236.012513,1000000000.000000,1000000000.000000,0.665834,1,1
/Game/Trials/GrassGround_20260921_01/Meshes/SM_GrassMedium01_tall_a.SM_GrassMedium01_tall_a,79,-2212.801756,710.378055,-21.616936,-24.982395,290,0.000000,0.000000,735.533735,57.545839,1000000000.000000,1000000000.000000,0.741209,1,1
/Game/Trials/GrassGround_20260921_01/Meshes/SM_GrassMedium01_tall_a.SM_GrassMedium01_tall_a,80,-2392.107911,252.908341,-21.143240,46.882653,290,0.000000,0.000000,744.894718,397.148580,1000000000.000000,1000000000.000000,0.851055,1,1
/Game/Trials/GrassGround_20260921_01/Meshes/SM_GrassMedium01_tall_a.SM_GrassMedium01_tall_a,81,419.536380,-6.583162,11.328971,-97.184801,290,0.000000,0.000000,749.551645,144.066508,1000000000.000000,1000000000.000000,0.830839,1,1
/Game/Trials/GrassGround_20260921_01/Meshes/SM_GrassMedium01_tall_a.SM_GrassMedium01_tall_a,82,-2403.557618,-241.563431,-22.097870,118.747702,290,0.000000,0.000000,754.193414,760.382504,1000000000.000000,1000000000.000000,0.851161,1,1
/Game/Trials/GrassGround_20260921_01/Meshes/SM_GrassMedium01_tall_a.SM_GrassMedium01_tall_a,83,344.379030,483.913486,20.416790,-25.319796,290,0.000000,0.000000,758.820226,20.553836,1000000000.000000,1000000000.000000,0.761792,1,1
/Game/Trials/GrassGround_20260921_01/Meshes/SM_GrassMedium01_tall_a.SM_GrassMedium01_tall_a,84,-2243.539550,-712.978274,-25.590714,-169.387250,290,0.000000,0.000000,763.432465,297.661584,1000000000.000000,1000000000.000000,0.740484,1,1
/Game/Trials/GrassGround_20260921_01/Meshes/SM_GrassMedium01_tall_a.SM_GrassMedium01_tall_a,85,103.870239,921.629517,22.658085,46.545253,290,0.000000,0.000000,768.030066,189.625778,1000000000.000000,1000000000.000000,0.665187,1,1
/Game/Trials/GrassGround_20260921_01/Meshes/SM_GrassMedium01_tall_a.SM_GrassMedium01_tall_a,86,-274.681703,1252.298461,19.797215,118.410301,290,0.000000,0.000000,777.182804,452.830368,1000000000.000000,1000000000.000000,0.727096,1,1
/Game/Trials/GrassGround_20260921_01/Meshes/SM_GrassMedium01_tall_a.SM_GrassMedium01_tall_a,87,-1497.662718,-1363.772214,-28.413128,-25.657153,290,0.000000,0.000000,781.737866,182.439703,1000000000.000000,1000000000.000000,0.664488,1,1
/Game/Trials/GrassGround_20260921_01/Meshes/SM_GrassMedium01_tall_a.SM_GrassMedium01_tall_a,88,-746.700805,1434.080931,12.774147,-169.724650,290,0.000000,0.000000,786.279025,217.251186,1000000000.000000,1000000000.000000,0.828933,1,1
/Game/Trials/GrassGround_20260921_01/Meshes/SM_GrassMedium01_tall_a.SM_GrassMedium01_tall_a,89,-999.633911,-1460.806274,-27.708912,46.207895,290,0.000000,0.000000,790.806320,637.841244,1000000000.000000,1000000000.000000,0.811883,1,1
/Game/Trials/GrassGround_20260921_01/Meshes/SM_GrassMedium01_tall_a.SM_GrassMedium01_tall_a,90,-1255.594480,1442.855835,1.456233,-97.859602,290,0.000000,0.000000,795.319589,212.562629,1000000000.000000,1000000000.000000,0.745285,1,1
/Game/Trials/GrassGround_20260921_01/Meshes/SM_GrassMedium01_tall_a.SM_GrassMedium01_tall_a,91,-495.448457,-1380.505250,-27.627932,118.072944,290,0.000000,0.000000,799.818698,656.864164,1000000000.000000,1000000000.000000,0.794914,1,1
/Game/Trials/GrassGround_20260921_01/Meshes/SM_GrassMedium01_tall_a.SM_GrassMedium01_tall_a,92,-1739.547850,1275.398685,-11.825195,-25.994554,290,0.000000,0.000000,804.304184,250.862135,1000000000.000000,1000000000.000000,0.605809,1,1
/Game/Trials/GrassGround_20260921_01/Meshes/SM_GrassMedium01_tall_a.SM_GrassMedium01_tall_a,93,-46.723632,-1130.504885,-23.817030,-170.062008,290,0.000000,0.000000,808.775550,402.203837,1000000000.000000,1000000000.000000,0.672243,1,1
/Game/Trials/GrassGround_20260921_01/Meshes/SM_GrassMedium01_tall_a.SM_GrassMedium01_tall_a,94,-2404.174806,504.654815,-20.659523,117.735543,290,0.000000,0.000000,822.107023,145.374690,1000000000.000000,1000000000.000000,0.797733,1,1
/Game/Trials/GrassGround_20260921_01/Meshes/SM_GrassMedium01_tall_a.SM_GrassMedium01_tall_a,95,-2500.907714,-7.699462,-20.238199,-170.399408,290,0.000000,0.000000,830.927463,663.978370,1000000000.000000,1000000000.000000,0.849445,1,1
/Game/Trials/GrassGround_20260921_01/Meshes/SM_GrassMedium01_tall_a.SM_GrassMedium01_tall_a,96,-2415.413571,-525.154297,-23.492094,-98.534360,290,0.000000,0.000000,839.696199,550.806386,1000000000.000000,1000000000.000000,0.791217,1,1
/Game/Trials/GrassGround_20260921_01/Meshes/SM_GrassMedium01_tall_a.SM_GrassMedium01_tall_a,97,306.069579,765.875976,24.052826,117.398186,290,0.000000,0.000000,844.062005,120.054239,1000000000.000000,1000000000.000000,0.699225,1,1
/Game/Trials/GrassGround_20260921_01/Meshes/SM_GrassMedium01_tall_a.SM_GrassMedium01_tall_a,98,-2156.015868,-984.486386,-27.597584,-26.669312,290,0.000000,0.000000,848.415664,106.485471,1000000000.000000,1000000000.000000,0.643306,1,1
/Game/Trials/GrassGround_20260921_01/Meshes/SM_GrassMedium01_tall_a.SM_GrassMedium01_tall_a,99,-30.372741,1174.142820,23.040560,-170.736809,290,0.000000,0.000000,852.756836,378.747247,1000000000.000000,1000000000.000000,0.670653,1,1
/Game/Trials/GrassGround_20260921_01/Meshes/SM_GrassMedium01_tall_a.SM_GrassMedium01_tall_a,100,-1752.422119,-1328.854492,-28.871992,45.195737,290,0.000000,0.000000,857.086542,83.747798,1000000000.000000,1000000000.000000,0.594963,1,1
/Game/Trials/GrassGround_20260921_01/Meshes/SM_GrassMedium01_tall_a.SM_GrassMedium01_tall_a,101,-489.103513,1443.670166,17.825310,-98.871760,290,0.000000,0.000000,861.404182,352.706919,1000000000.000000,1000000000.000000,0.807218,1,1
/Game/Trials/GrassGround_20260921_01/Meshes/SM_GrassMedium01_tall_a.SM_GrassMedium01_tall_a,102,-1252.331422,-1514.837769,-27.674049,117.060785,290,0.000000,0.000000,865.709808,460.325758,1000000000.000000,1000000000.000000,0.753838,1,1
/Game/Trials/GrassGround_20260921_01/Meshes/SM_GrassMedium01_tall_a.SM_GrassMedium01_tall_a,103,-1015.427428,1539.926273,8.484477,-27.006712,290,0.000000,0.000000,870.003549,10.815434,1000000000.000000,1000000000.000000,0.822586,1,1
/Game/Trials/GrassGround_20260921_01/Meshes/SM_GrassMedium01_tall_a.SM_GrassMedium01_tall_a,104,-715.792236,-1517.907839,-27.117413,-171.074166,290,0.000000,0.000000,874.285680,768.043678,1000000000.000000,1000000000.000000,0.846612,1,1
/Game/Trials/GrassGround_20260921_01/Meshes/SM_GrassMedium01_tall_a.SM_GrassMedium01_tall_a,105,-1545.760498,1449.196289,-4.899536,44.858336,290,0.000000,0.000000,878.555587,450.630521,1000000000.000000,1000000000.000000,0.647532,1,1
/Game/Trials/GrassGround_20260921_01/Meshes/SM_GrassMedium01_tall_a.SM_GrassMedium01_tall_a,106,-207.986753,-1335.644043,-26.236443,-99.209118,290,0.000000,0.000000,882.813574,585.687397,1000000000.000000,1000000000.000000,0.723577,1,1
/Game/Trials/GrassGround_20260921_01/Meshes/SM_GrassMedium01_tall_a.SM_GrassMedium01_tall_a,107,208.697023,-988.275876,-17.648514,-27.344069,290,0.000000,0.000000,891.293598,248.866380,1000000000.000000,1000000000.000000,0.655050,1,1
/Game/Trials/GrassGround_20260921_01/Meshes/SM_GrassMedium01_tall_a.SM_GrassMedium01_tall_a,108,-2553.776853,251.031921,-19.011120,-99.546518,290,0.000000,0.000000,903.924882,420.099353,1000000000.000000,1000000000.000000,0.820743,1,1
/Game/Trials/GrassGround_20260921_01/Meshes/SM_GrassMedium01_tall_a.SM_GrassMedium01_tall_a,109,577.937255,23.508520,15.897226,116.386027,290,0.000000,0.000000,908.112363,174.259968,1000000000.000000,1000000000.000000,0.866274,1,1
/Game/Trials/GrassGround_20260921_01/Meshes/SM_GrassMedium01_tall_a.SM_GrassMedium01_tall_a,110,-2553.822752,-298.787198,-20.957169,-27.681470,290,0.000000,0.000000,912.289144,808.740625,1000000000.000000,1000000000.000000,0.814476,1,1
/Game/Trials/GrassGround_20260921_01/Meshes/SM_GrassMedium01_tall_a.SM_GrassMedium01_tall_a,111,-2364.177246,-817.960205,-26.055416,44.183578,290,0.000000,0.000000,920.609461,348.597035,1000000000.000000,1000000000.000000,0.702326,1,1
/Game/Trials/GrassGround_20260921_01/Meshes/SM_GrassMedium01_tall_a.SM_GrassMedium01_tall_a,112,204.105227,1045.643920,25.306473,-99.883876,290,0.000000,0.000000,924.754090,349.013127,1000000000.000000,1000000000.000000,0.646652,1,1
/Game/Trials/GrassGround_20260921_01/Meshes/SM_GrassMedium01_tall_a.SM_GrassMedium01_tall_a,113,-223.658934,1402.477542,21.708584,-28.018827,290,0.000000,0.000000,933.012385,538.788362,1000000000.000000,1000000000.000000,0.735709,1,1
/Game/Trials/GrassGround_20260921_01/Meshes/SM_GrassMedium01_tall_a.SM_GrassMedium01_tall_a,114,-1521.520508,-1520.154787,-28.433111,-172.086325,290,0.000000,0.000000,937.126074,306.492031,1000000000.000000,1000000000.000000,0.655225,1,1
/Game/Trials/GrassGround_20260921_01/Meshes/SM_GrassMedium01_tall_a.SM_GrassMedium01_tall_a,115,-750.601624,1591.810669,14.430809,43.846221,290,0.000000,0.000000,941.229579,121.853787,1000000000.000000,1000000000.000000,0.859927,1,1
/Game/Trials/GrassGround_20260921_01/Meshes/SM_GrassMedium01_tall_a.SM_GrassMedium01_tall_a,116,-968.239621,-1615.010621,-26.646236,-100.221276,290,0.000000,0.000000,945.322886,744.823553,1000000000.000000,1000000000.000000,0.842515,1,1
/Game/Trials/GrassGround_20260921_01/Meshes/SM_GrassMedium01_tall_a.SM_GrassMedium01_tall_a,117,-1313.371339,1588.796264,2.659374,115.711226,290,0.000000,0.000000,949.405806,182.517469,1000000000.000000,1000000000.000000,0.737764,1,1
/Game/Trials/GrassGround_20260921_01/Meshes/SM_GrassMedium01_tall_a.SM_GrassMedium01_tall_a,118,-413.207152,-1513.722409,-26.581831,-28.356228,290,0.000000,0.000000,953.478173,788.267515,1000000000.000000,1000000000.000000,0.803239,1,1
/Game/Trials/GrassGround_20260921_01/Meshes/SM_GrassMedium01_tall_a.SM_GrassMedium01_tall_a,119,-1843.591308,1391.847898,-11.538591,-172.423725,290,0.000000,0.000000,957.540128,238.485023,1000000000.000000,1000000000.000000,0.562620,1,1
/Game/Trials/GrassGround_20260921_01/Meshes/SM_GrassMedium01_tall_a.SM_GrassMedium01_tall_a,120,75.801757,-1226.679199,-22.764996,43.508821,290,0.000000,0.000000,961.591640,515.576194,1000000000.000000,1000000000.000000,0.648227,1,1
/Game/Trials/GrassGround_20260921_01/Meshes/SM_GrassMedium01_tall_a.SM_GrassMedium01_tall_a,121,438.402587,-787.079468,-8.201582,115.373869,290,0.000000,0.000000,969.663408,82.710128,1000000000.000000,1000000000.000000,0.704476,1,1
/Game/Trials/GrassGround_20260921_01/Meshes/SM_GrassMedium01_tall_a.SM_GrassMedium01_tall_a,122,-2557.318846,525.790042,-18.709061,-28.693628,290,0.000000,0.000000,973.684020,166.133390,1000000000.000000,1000000000.000000,0.771563,1,1
/Game/Trials/GrassGround_20260921_01/Meshes/SM_GrassMedium01_tall_a.SM_GrassMedium01_tall_a,123,-2651.197266,-40.532520,-18.526276,43.171420,290,0.000000,0.000000,981.694674,727.265629,1000000000.000000,1000000000.000000,0.805732,1,1
/Game/Trials/GrassGround_20260921_01/Meshes/SM_GrassMedium01_tall_a.SM_GrassMedium01_tall_a,124,622.807254,328.314270,22.858028,-100.896034,290,0.000000,0.000000,985.685249,24.162619,1000000000.000000,1000000000.000000,0.841106,1,1
