frame,seconds,pass,x,y,z,speed,yaw,view_yaw,left_toe_x,left_toe_y,left_toe_z,right_toe_x,right_toe_y,right_toe_z,walk_weight,gait_rate,left_hand_x,left_hand_y,left_hand_z,right_hand_x,right_hand_y,right_hand_z,walk_phase,gather_weight,gather_phase,gather_starts,forage_x,forage_y,water_weight,water_phase,water_starts,tool_visible,tool_x,tool_y,tool_z,can_pitch,water_stock,plot_moisture,tool_scale,tool_radius,plot_weeds,clear_weight,clear_phase,clear_starts,hatchet_visible,hatchet_pitch,hatchet_scale,hatchet_radius,hatchet_x,hatchet_y,hatchet_z,branch_stock,fiber_stock,resource_cleared,energy
0,0.1362,close-notes,-1000.000,0.000,88.150,0.000,0.000,15.000,-987.007,-7.889,3.238,-985.670,9.560,3.238,0.0000,0.0000,-992.659,-21.729,83.011,-995.313,21.663,83.011,0.0000,0.0000,0.0000,0,0.000,0.000,0.0000,0.0000,0,0,-995.313,21.663,83.011,0.000,0,-1.000000,1.000,28.924,-1.000000,0.0000,0.0000,0,0,0.000,1.000,19.607,-995.313,21.663,83.011,0,0,-1,99.997266
1,0.2692,close-notes,-1000.000,0.000,88.150,0.000,0.000,15.000,-987.007,-7.889,3.238,-985.670,9.560,3.238,0.0000,0.0000,-992.589,-21.721,83.022,-995.242,21.664,83.022,0.0000,0.0000,0.0000,0,0.000,0.000,0.0000,0.0000,0,0,-995.242,21.664,83.022,0.000,0,-1.000000,1.000,28.924,-1.000000,0.0000,0.0000,0,0,0.000,1.000,19.607,-995.242,21.664,83.022,0,0,-1,99.995139
2,0.4009,close-notes,-1000.000,0.000,88.150,0.000,0.000,15.000,-987.007,-7.889,3.238,-985.670,9.560,3.238,0.0000,0.0000,-992.589,-21.721,83.022,-995.242,21.664,83.022,0.0000,0.0000,0.0000,0,0.000,0.000,0.0000,0.0000,0,0,-995.242,21.664,83.022,0.000,0,-1.000000,1.000,28.924,-1.000000,0.0000,0.0000,0,0,0.000,1.000,19.607,-995.242,21.664,83.022,0,0,-1,99.993032
3,0.5295,close-notes,-1000.000,0.000,88.150,0.000,0.000,15.000,-987.007,-7.889,3.238,-985.670,9.560,3.238,0.0000,0.0000,-992.676,-21.730,83.012,-995.329,21.663,83.012,0.0000,0.0000,0.0000,0,0.000,0.000,0.0000,0.0000,0,0,-995.329,21.663,83.012,0.000,0,-1.000000,1.000,28.924,-1.000000,0.0000,0.0000,0,0,0.000,1.000,19.607,-995.329,21.663,83.012,0,0,-1,99.990974
4,0.6616,close-notes,-1000.000,0.000,88.150,0.000,0.000,15.000,-987.007,-7.889,3.238,-985.670,9.560,3.238,0.0000,0.0000,-992.746,-21.737,83.006,-995.400,21.661,83.006,0.0000,0.0000,0.0000,0,0.000,0.000,0.0000,0.0000,0,0,-995.400,21.661,83.006,0.000,0,-1.000000,1.000,28.924,-1.000000,0.0000,0.0000,0,0,0.000,1.000,19.607,-995.400,21.661,83.006,0,0,-1,99.988863
5,0.7920,close-notes,-1000.000,0.000,88.150,0.000,0.000,15.000,-987.007,-7.889,3.238,-985.670,9.560,3.238,0.0000,0.0000,-992.817,-21.745,82.988,-995.472,21.660,82.988,0.0000,0.0000,0.0000,0,0.000,0.000,0.0000,0.0000,0,0,-995.472,21.660,82.988,0.000,0,-1.000000,1.000,28.924,-1.000000,0.0000,0.0000,0,0,0.000,1.000,19.607,-995.472,21.660,82.988,0,0,-1,99.986775
6,0.9231,close-notes,-1000.000,0.000,88.150,0.000,0.000,15.000,-987.007,-7.889,3.238,-985.670,9.560,3.238,0.0000,0.0000,-992.910,-21.755,82.975,-995.565,21.658,82.975,0.0000,0.0000,0.0000,0,0.000,0.000,0.0000,0.0000,0,0,-995.565,21.658,82.975,0.000,0,-1.000000,1.000,28.924,-1.000000,0.0000,0.0000,0,0,0.000,1.000,19.607,-995.565,21.658,82.975,0,0,-1,99.984677
7,1.1701,idle,-1000.000,0.000,88.150,0.000,0.000,15.000,-987.007,-7.889,3.238,-985.670,9.560,3.238,0.0000,0.0000,-993.078,-21.772,82.952,-995.733,21.655,82.952,0.0000,0.0000,0.0000,0,0.000,0.000,0.0000,0.0000,0,0,-995.733,21.655,82.952,0.000,0,-1.000000,1.000,28.924,-1.000000,0.0000,0.0000,0,0,0.000,1.000,19.607,-995.733,21.655,82.952,0,0,-1,99.980728
8,1.3001,idle,-1000.000,0.000,88.150,0.000,0.000,15.000,-987.007,-7.889,3.238,-985.670,9.560,3.238,0.0000,0.0000,-993.128,-21.777,82.942,-995.784,21.654,82.942,0.0000,0.0000,0.0000,0,0.000,0.000,0.0000,0.0000,0,0,-995.784,21.654,82.942,0.000,0,-1.000000,1.000,28.924,-1.000000,0.0000,0.0000,0,0,0.000,1.000,19.607,-995.784,21.654,82.942,0,0,-1,99.978644
9,1.4312,idle,-1000.000,0.000,88.150,0.000,0.000,15.000,-987.007,-7.889,3.238,-985.670,9.560,3.238,0.0000,0.0000,-993.148,-21.778,82.934,-995.804,21.653,82.934,0.0000,0.0000,0.0000,0,0.000,0.000,0.0000,0.0000,0,0,-995.804,21.653,82.934,0.000,0,-1.000000,1.000,28.924,-1.000000,0.0000,0.0000,0,0,0.000,1.000,19.607,-995.804,21.653,82.934,0,0,-1,99.976551
10,1.5615,idle,-1000.000,0.000,88.150,0.000,0.000,15.000,-987.007,-7.889,3.238,-985.670,9.560,3.238,0.0000,0.0000,-993.246,-21.789,82.929,-995.903,21.652,82.929,0.0000,0.0000,0.0000,0,0.000,0.000,0.0000,0.0000,0,0,-995.903,21.652,82.929,0.000,0,-1.000000,1.000,28.924,-1.000000,0.0000,0.0000,0,0,0.000,1.000,19.607,-995.903,21.652,82.929,0,0,-1,99.974462
11,1.6921,idle,-1000.000,0.000,88.150,0.000,0.000,15.000,-987.007,-7.889,3.238,-985.670,9.560,3.238,0.0000,0.0000,-993.246,-21.789,82.929,-995.903,21.652,82.929,0.0000,0.0000,0.0000,0,0.000,0.000,0.0000,0.0000,0,0,-995.903,21.652,82.929,0.000,0,-1.000000,1.000,28.924,-1.000000,0.0000,0.0000,0,0,0.000,1.000,19.607,-995.903,21.652,82.929,0,0,-1,99.972376
12,1.8241,idle,-1000.000,0.000,88.150,0.000,0.000,15.000,-987.007,-7.889,3.238,-985.670,9.560,3.238,0.0000,0.0000,-993.263,-21.791,82.927,-995.921,21.651,82.927,0.0000,0.0000,0.0000,0,0.000,0.000,0.0000,0.0000,0,0,-995.921,21.651,82.927,0.000,0,-1.000000,1.000,28.924,-1.000000,0.0000,0.0000,0,0,0.000,1.000,19.607,-995.921,21.651,82.927,0,0,-1,99.970262
13,1.9616,idle,-1000.000,0.000,88.150,0.000,0.000,15.000,-987.007,-7.889,3.238,-985.670,9.560,3.238,0.0000,0.0000,-993.263,-21.791,82.927,-995.921,21.651,82.927,0.0000,0.0000,0.0000,0,0.000,0.000,0.0000,0.0000,0,0,-995.921,21.651,82.927,0.000,0,-1.000000,1.000,28.924,-1.000000,0.0000,0.0000,0,0,0.000,1.000,19.607,-995.921,21.651,82.927,0,0,-1,99.968059
14,2.0969,idle,-1000.000,0.000,88.150,0.000,0.000,15.000,-987.007,-7.889,3.238,-985.670,9.560,3.238,0.0000,0.0000,-993.165,-21.781,82.940,-995.821,21.653,82.940,0.0000,0.0000,0.0000,0,0.000,0.000,0.0000,0.0000,0,0,-995.821,21.653,82.940,0.000,0,-1.000000,1.000,28.924,-1.000000,0.0000,0.0000,0,0,0.000,1.000,19.607,-995.821,21.653,82.940,0,0,-1,99.965896
15,2.2330,idle,-1000.000,0.000,88.150,0.000,0.000,15.000,-987.007,-7.889,3.238,-985.670,9.560,3.238,0.0000,0.0000,-993.078,-21.772,82.952,-995.733,21.655,82.952,0.0000,0.0000,0.0000,0,0.000,0.000,0.0000,0.0000,0,0,-995.733,21.655,82.952,0.000,0,-1.000000,1.000,28.924,-1.000000,0.0000,0.0000,0,0,0.000,1.000,19.607,-995.733,21.655,82.952,0,0,-1,99.963718
16,2.3690,idle,-1000.000,0.000,88.150,0.000,0.000,15.000,-987.007,-7.889,3.238,-985.670,9.560,3.238,0.0000,0.0000,-992.993,-21.763,82.963,-995.649,21.657,82.963,0.0000,0.0000,0.0000,0,0.000,0.000,0.0000,0.0000,0,0,-995.649,21.657,82.963,0.000,0,-1.000000,1.000,28.924,-1.000000,0.0000,0.0000,0,0,0.000,1.000,19.607,-995.649,21.657,82.963,0,0,-1,99.961542
17,2.5064,idle,-1000.000,0.000,88.150,0.000,0.000,15.000,-987.007,-7.889,3.238,-985.670,9.560,3.238,0.0000,0.0000,-992.893,-21.753,82.977,-995.548,21.659,82.977,0.0000,0.0000,0.0000,0,0.000,0.000,0.0000,0.0000,0,0,-995.548,21.659,82.977,0.000,0,-1.000000,1.000,28.924,-1.000000,0.0000,0.0000,0,0,0.000,1.000,19.607,-995.548,21.659,82.977,0,0,-1,99.959344
18,2.6409,idle,-1000.000,0.000,88.150,0.000,0.000,15.000,-987.007,-7.889,3.238,-985.670,9.560,3.238,0.0000,0.0000,-992.802,-21.744,82.990,-995.457,21.660,82.990,0.0000,0.0000,0.0000,0,0.000,0.000,0.0000,0.0000,0,0,-995.457,21.660,82.990,0.000,0,-1.000000,1.000,28.924,-1.000000,0.0000,0.0000,0,0,0.000,1.000,19.607,-995.457,21.660,82.990,0,0,-1,99.957192
19,2.7798,idle,-1000.000,0.000,88.150,0.000,0.000,15.000,-987.007,-7.889,3.238,-985.670,9.560,3.238,0.0000,0.0000,-992.719,-21.735,83.003,-995.373,21.662,83.003,0.0000,0.0000,0.0000,0,0.000,0.000,0.0000,0.0000,0,0,-995.373,21.662,83.003,0.000,0,-1.000000,1.000,28.924,-1.000000,0.0000,0.0000,0,0,0.000,1.000,19.607,-995.373,21.662,83.003,0,0,-1,99.954970
20,2.9164,idle,-1000.000,0.000,88.150,0.000,0.000,15.000,-987.007,-7.889,3.238,-985.670,9.560,3.238,0.0000,0.0000,-992.659,-21.729,83.011,-995.313,21.663,83.011,0.0000,0.0000,0.0000,0,0.000,0.000,0.0000,0.0000,0,0,-995.313,21.663,83.011,0.000,0,-1.000000,1.000,28.924,-1.000000,0.0000,0.0000,0,0,0.000,1.000,19.607,-995.313,21.663,83.011,0,0,-1,99.952783
21,3.0563,idle,-1000.000,0.000,88.150,0.000,0.000,15.000,-987.007,-7.889,3.238,-985.670,9.560,3.238,0.0000,0.0000,-992.659,-21.729,83.011,-995.313,21.663,83.011,0.0000,0.0000,0.0000,0,0.000,0.000,0.0000,0.0000,0,0,-995.313,21.663,83.011,0.000,0,-1.000000,1.000,28.924,-1.000000,0.0000,0.0000,0,0,0.000,1.000,19.607,-995.313,21.663,83.011,0,0,-1,99.950545
22,3.1931,idle,-1000.000,0.000,88.150,0.000,0.000,15.000,-987.007,-7.889,3.238,-985.670,9.560,3.238,0.0000,0.0000,-992.589,-21.721,83.022,-995.242,21.664,83.022,0.0000,0.0000,0.0000,0,0.000,0.000,0.0000,0.0000,0,0,-995.242,21.664,83.022,0.000,0,-1.000000,1.000,28.924,-1.000000,0.0000,0.0000,0,0,0.000,1.000,19.607,-995.242,21.664,83.022,0,0,-1,99.948356
23,3.3307,idle,-1000.000,0.000,88.150,0.000,0.000,15.000,-987.007,-7.889,3.238,-985.670,9.560,3.238,0.0000,0.0000,-992.589,-21.721,83.022,-995.242,21.664,83.022,0.0000,0.0000,0.0000,0,0.000,0.000,0.0000,0.0000,0,0,-995.242,21.664,83.022,0.000,0,-1.000000,1.000,28.924,-1.000000,0.0000,0.0000,0,0,0.000,1.000,19.607,-995.242,21.664,83.022,0,0,-1,99.946155
24,3.4681,idle,-1000.000,0.000,88.150,0.000,0.000,15.000,-987.007,-7.889,3.238,-985.670,9.560,3.238,0.0000,0.0000,-992.643,-21.727,83.015,-995.297,21.663,83.015,0.0000,0.0000,0.0000,0,0.000,0.000,0.0000,0.0000,0,0,-995.297,21.663,83.015,0.000,0,-1.000000,1.000,28.924,-1.000000,0.0000,0.0000,0,0,0.000,1.000,19.607,-995.297,21.663,83.015,0,0,-1,99.943957
25,3.5990,idle,-1000.000,0.000,88.150,0.000,0.000,15.000,-987.007,-7.889,3.238,-985.670,9.560,3.238,0.0000,0.0000,-992.713,-21.734,83.009,-995.366,21.662,83.009,0.0000,0.0000,0.0000,0,0.000,0.000,0.0000,0.0000,0,0,-995.366,21.662,83.009,0.000,0,-1.000000,1.000,28.924,-1.000000,0.0000,0.0000,0,0,0.000,1.000,19.607,-995.366,21.662,83.009,0,0,-1,99.941866
26,3.7344,idle,-1000.000,0.000,88.150,0.000,0.000,15.000,-987.007,-7.889,3.238,-985.670,9.560,3.238,0.0000,0.0000,-992.776,-21.741,82.994,-995.431,21.661,82.994,0.0000,0.0000,0.0000,0,0.000,0.000,0.0000,0.0000,0,0,-995.431,21.661,82.994,0.000,0,-1.000000,1.000,28.924,-1.000000,0.0000,0.0000,0,0,0.000,1.000,19.607,-995.431,21.661,82.994,0,0,-1,99.939695
27,3.8728,idle,-1000.000,0.000,88.150,0.000,0.000,15.000,-987.007,-7.889,3.238,-985.670,9.560,3.238,0.0000,0.0000,-992.874,-21.751,82.980,-995.529,21.659,82.980,0.0000,0.0000,0.0000,0,0.000,0.000,0.0000,0.0000,0,0,-995.529,21.659,82.980,0.000,0,-1.000000,1.000,28.924,-1.000000,0.0000,0.0000,0,0,0.000,1.000,19.607,-995.529,21.659,82.980,0,0,-1,99.937481
28,4.0118,idle,-1000.000,0.000,88.150,0.000,0.000,15.000,-987.007,-7.889,3.238,-985.670,9.560,3.238,0.0000,0.0000,-992.966,-21.761,82.967,-995.621,21.657,82.967,0.0000,0.0000,0.0000,0,0.000,0.000,0.0000,0.0000,0,0,-995.621,21.657,82.967,0.000,0,-1.000000,1.000,28.924,-1.000000,0.0000,0.0000,0,0,0.000,1.000,19.607,-995.621,21.657,82.967,0,0,-1,99.935257
29,4.2689,slow-walk,-998.028,0.528,88.150,30.625,15.000,15.000,-966.973,1.674,1.770,-1004.181,7.656,1.626,0.5833,0.2552,-986.462,-18.819,79.397,-998.714,22.955,79.538,0.0170,0.0000,0.0000,0,0.000,0.000,0.0000,0.0000,0,0,-998.714,22.955,79.538,0.000,0,-1.000000,1.000,28.924,-1.000000,0.0000,0.0000,0,0,0.000,1.000,19.607,-998.714,22.955,79.538,0,0,-1,99.931145
30,4.4148,slow-walk,-990.195,2.627,88.150,67.500,15.000,15.000,-957.254,4.520,3.222,-1002.534,7.645,6.112,1.0000,0.5625,-984.900,-19.224,77.801,-984.522,26.622,79.018,0.0989,0.0000,0.0000,0,0.000,0.000,0.0000,0.0000,0,0,-984.522,26.622,79.018,0.000,0,-1.000000,1.000,28.924,-1.000000,0.0000,0.0000,0,0,0.000,1.000,19.607,-984.522,26.622,79.018,0,0,-1,99.928815
31,4.5453,slow-walk,-981.667,4.912,88.150,67.500,15.000,15.000,-956.968,3.981,3.145,-984.242,13.171,9.734,1.0000,0.5625,-979.995,-18.454,79.234,-972.476,29.527,80.981,0.1725,0.0000,0.0000,0,0.000,0.000,0.0000,0.0000,0,0,-972.476,29.527,80.981,0.000,0,-1.000000,1.000,28.924,-1.000000,0.0000,0.0000,0,0,0.000,1.000,19.607,-972.476,29.527,80.981,0,0,-1,99.926722
32,4.6774,slow-walk,-973.066,7.217,88.150,67.500,15.000,15.000,-956.895,3.460,3.250,-963.400,19.576,11.726,1.0000,0.5625,-972.770,-16.703,80.143,-962.618,32.064,82.058,0.2467,0.0000,0.0000,0,0.000,0.000,0.0000,0.0000,0,0,-962.618,32.064,82.058,0.000,0,-1.000000,1.000,28.924,-1.000000,0.0000,0.0000,0,0,0.000,1.000,19.607,-962.618,32.064,82.058,0,0,-1,99.924611
33,4.8088,slow-walk,-964.485,9.516,88.150,67.500,15.000,15.000,-956.781,2.978,3.270,-942.490,26.075,10.201,1.0000,0.5625,-962.946,-13.878,79.479,-955.071,34.232,81.287,0.3208,0.0000,0.0000,0,0.000,0.000,0.0000,0.0000,0,0,-955.071,34.232,81.287,0.000,0,-1.000000,1.000,28.924,-1.000000,0.0000,0.0000,0,0,0.000,1.000,19.607,-955.071,34.232,81.287,0,0,-1,99.922506
34,4.9429,slow-walk,-955.762,11.854,88.150,67.500,15.000,15.000,-956.721,2.584,3.089,-923.550,31.977,6.210,1.0000,0.5625,-950.826,-9.956,77.728,-949.818,36.077,79.012,0.3960,0.0000,0.0000,0,0.000,0.000,0.0000,0.0000,0,0,-949.818,36.077,79.012,0.000,0,-1.000000,1.000,28.924,-1.000000,0.0000,0.0000,0,0,0.000,1.000,19.607,-949.818,36.077,79.012,0,0,-1,99.920365
35,5.0789,slow-walk,-946.888,14.231,88.150,67.500,15.000,15.000,-956.411,1.727,3.139,-908.728,35.945,3.405,1.0000,0.5625,-936.524,-5.642,76.831,-946.094,37.006,77.219,0.4726,0.0000,0.0000,0,0.000,0.000,0.0000,0.0000,0,0,-946.094,37.006,77.219,0.000,0,-1.000000,1.000,28.924,-1.000000,0.0000,0.0000,0,0,0.000,1.000,19.607,-946.094,37.006,77.219,0,0,-1,99.918187
36,5.2198,slow-walk,-937.690,16.696,88.150,67.500,15.000,15.000,-948.711,3.805,3.958,-904.892,36.699,3.054,1.0000,0.5625,-921.634,-0.512,77.589,-943.247,38.091,76.876,0.5519,0.0000,0.0000,0,0.000,0.000,0.0000,0.0000,0,0,-943.247,38.091,76.876,0.000,0,-1.000000,1.000,28.924,-1.000000,0.0000,0.0000,0,0,0.000,1.000,19.607,-943.247,38.091,76.876,0,0,-1,99.915930
37,5.3543,slow-walk,-928.927,19.044,88.150,67.500,15.000,15.000,-932.400,8.859,7.549,-904.714,36.431,3.215,1.0000,0.5625,-908.539,4.148,79.888,-939.609,39.376,78.338,0.6275,0.0000,0.0000,0,0.000,0.000,0.0000,0.0000,0,0,-939.609,39.376,78.338,0.000,0,-1.000000,1.000,28.924,-1.000000,0.0000,0.0000,0,0,0.000,1.000,19.607,-939.609,39.376,78.338,0,0,-1,99.913780
38,5.4883,slow-walk,-920.186,21.386,88.150,67.500,15.000,15.000,-912.389,14.910,11.216,-904.654,35.772,3.460,1.0000,0.5625,-897.398,7.631,81.976,-933.807,40.887,80.015,0.7029,0.0000,0.0000,0,0.000,0.000,0.0000,0.0000,0,0,-933.807,40.887,80.015,0.000,0,-1.000000,1.000,28.924,-1.000000,0.0000,0.0000,0,0,0.000,1.000,19.607,-933.807,40.887,80.015,0,0,-1,99.911635
39,5.6211,slow-walk,-911.533,23.705,88.150,67.500,15.000,15.000,-891.171,21.405,11.532,-904.411,35.254,3.311,1.0000,0.5625,-888.449,10.063,82.092,-925.502,43.069,80.088,0.7776,0.0000,0.0000,0,0.000,0.000,0.0000,0.0000,0,0,-925.502,43.069,80.088,0.000,0,-1.000000,1.000,28.924,-1.000000,0.0000,0.0000,0,0,0.000,1.000,19.607,-925.502,43.069,80.088,0,0,-1,99.909511
40,5.7559,slow-walk,-902.738,26.061,88.150,67.500,15.000,15.000,-870.296,27.642,8.709,-904.294,34.559,3.319,1.0000,0.5625,-881.514,11.327,80.538,-914.386,45.894,78.892,0.8535,0.0000,0.0000,0,0.000,0.000,0.0000,0.0000,0,0,-914.386,45.894,78.892,0.000,0,-1.000000,1.000,28.924,-1.000000,0.0000,0.0000,0,0,0.000,1.000,19.607,-914.386,45.894,78.892,0,0,-1,99.907353
41,5.8907,slow-walk,-893.953,28.415,88.150,67.500,15.000,15.000,-852.867,33.014,4.483,-904.149,34.165,2.873,1.0000,0.5625,-876.607,11.921,77.930,-900.912,49.569,76.952,0.9293,0.0000,0.0000,0,0.000,0.000,0.0000,0.0000,0,0,-900.912,49.569,76.952,0.000,0,-1.000000,1.000,28.924,-1.000000,0.0000,0.0000,0,0,0.000,1.000,19.607,-900.912,49.569,76.952,0,0,-1,99.905197
42,6.0168,slow-walk,-885.764,30.609,88.150,67.500,15.000,15.000,-841.603,36.255,3.229,-903.944,33.693,3.230,1.0000,0.5625,-873.361,11.835,76.978,-887.270,53.045,76.969,0.9999,0.0000,0.0000,0,0.000,0.000,0.0000,0.0000,0,0,-887.270,53.045,76.969,0.000,0,-1.000000,1.000,28.924,-1.000000,0.0000,0.0000,0,0,0.000,1.000,19.607,-887.270,53.045,76.969,0,0,-1,99.903187
43,6.1572,slow-walk,-876.574,33.072,88.150,67.500,15.000,15.000,-841.386,35.757,3.282,-890.962,37.455,5.235,1.0000,0.5625,-870.023,11.794,77.460,-872.123,56.857,78.482,0.0792,0.0000,0.0000,0,0.000,0.000,0.0000,0.0000,0,0,-872.123,56.857,78.482,0.000,0,-1.000000,1.000,28.924,-1.000000,0.0000,0.0000,0,0,0.000,1.000,19.607,-872.123,56.857,78.482,0,0,-1,99.900932
44,6.2972,slow-walk,-867.452,35.516,88.150,67.500,15.000,15.000,-841.164,35.121,3.266,-872.201,43.033,9.208,1.0000,0.5625,-865.195,12.357,79.068,-858.756,60.023,80.762,0.1579,0.0000,0.0000,0,0.000,0.000,0.0000,0.0000,0,0,-858.756,60.023,80.762,0.000,0,-1.000000,1.000,28.924,-1.000000,0.0000,0.0000,0,0,0.000,1.000,19.607,-858.756,60.023,80.762,0,0,-1,99.898694
45,6.4249,slow-walk,-859.129,37.746,88.150,67.500,15.000,15.000,-841.085,34.637,3.276,-852.415,49.097,11.624,1.0000,0.5625,-858.637,13.865,80.103,-848.788,62.568,82.018,0.2297,0.0000,0.0000,0,0.000,0.000,0.0000,0.0000,0,0,-848.788,62.568,82.018,0.000,0,-1.000000,1.000,28.924,-1.000000,0.0000,0.0000,0,0,0.000,1.000,19.607,-848.788,62.568,82.018,0,0,-1,99.896651
46,6.5509,slow-walk,-850.921,39.946,88.150,67.500,15.000,15.000,-840.863,34.091,3.115,-832.173,55.297,10.818,1.0000,0.5625,-850.026,16.203,79.674,-840.981,64.644,81.522,0.3005,0.0000,0.0000,0,0.000,0.000,0.0000,0.0000,0,0,-840.981,64.644,81.522,0.000,0,-1.000000,1.000,28.924,-1.000000,0.0000,0.0000,0,0,0.000,1.000,19.607,-840.981,64.644,81.522,0,0,-1,99.894637
47,6.6885,slow-walk,-841.939,42.352,88.150,67.500,15.000,15.000,-840.699,33.391,3.272,-811.735,61.339,7.354,1.0000,0.5625,-837.875,19.733,78.299,-834.857,66.384,79.749,0.3780,0.0000,0.0000,0,0.000,0.000,0.0000,0.0000,0,0,-834.857,66.384,79.749,0.000,0,-1.000000,1.000,28.924,-1.000000,0.0000,0.0000,0,0,0.000,1.000,19.607,-834.857,66.384,79.749,0,0,-1,99.892433
48,6.8249,slow-walk,-833.042,44.736,88.150,67.500,15.000,15.000,-840.578,33.024,3.030,-795.734,66.312,3.700,1.0000,0.5625,-824.061,24.416,76.797,-830.955,67.935,77.425,0.4548,0.0000,0.0000,0,0.000,0.000,0.0000,0.0000,0,0,-830.955,67.935,77.425,0.000,0,-1.000000,1.000,28.924,-1.000000,0.0000,0.0000,0,0,0.000,1.000,19.607,-830.955,67.935,77.425,0,0,-1,99.890249
49,6.9639,slow-walk,-823.977,47.165,88.150,67.500,15.000,15.000,-835.940,34.045,3.473,-789.137,67.988,3.098,1.0000,0.5625,-809.178,29.537,77.294,-828.072,69.050,76.819,0.5330,0.0000,0.0000,0,0.000,0.000,0.0000,0.0000,0,0,-828.072,69.050,76.819,0.000,0,-1.000000,1.000,28.924,-1.000000,0.0000,0.0000,0,0,0.000,1.000,19.607,-828.072,69.050,76.819,0,0,-1,99.888025
50,7.0993,slow-walk,-815.151,49.530,88.150,67.500,15.000,15.000,-820.984,38.684,6.601,-788.909,67.694,3.208,1.0000,0.5625,-795.751,34.257,79.308,-824.834,70.200,77.948,0.6091,0.0000,0.0000,0,0.000,0.000,0.0000,0.0000,0,0,-824.834,70.200,77.948,0.000,0,-1.000000,1.000,28.924,-1.000000,0.0000,0.0000,0,0,0.000,1.000,19.607,-824.834,70.200,77.948,0,0,-1,99.885859
51,7.2350,slow-walk,-806.303,51.901,88.150,67.500,15.000,15.000,-801.301,44.518,10.082,-788.799,67.000,2.922,1.0000,0.5625,-783.899,37.992,81.132,-819.459,71.567,79.229,0.6854,0.0000,0.0000,0,0.000,0.000,0.0000,0.0000,0,0,-819.459,71.567,79.229,0.000,0,-1.000000,1.000,28.924,-1.000000,0.0000,0.0000,0,0,0.000,1.000,19.607,-819.459,71.567,79.229,0,0,-1,99.883688
52,7.3717,slow-walk,-797.385,54.291,88.150,67.500,15.000,15.000,-779.557,51.127,11.694,-788.580,66.379,3.264,1.0000,0.5625,-774.184,40.691,82.139,-811.498,73.599,80.118,0.7624,0.0000,0.0000,0,0.000,0.000,0.0000,0.0000,0,0,-811.498,73.599,80.118,0.000,0,-1.000000,1.000,28.924,-1.000000,0.0000,0.0000,0,0,0.000,1.000,19.607,-811.498,73.599,80.118,0,0,-1,99.881499
53,7.5057,slow-walk,-788.658,56.629,88.150,67.500,15.000,15.000,-758.602,57.625,9.254,-788.463,65.919,3.103,1.0000,0.5625,-766.905,42.386,80.772,-801.051,76.474,78.995,0.8377,0.0000,0.0000,0,0.000,0.000,0.0000,0.0000,0,0,-801.051,76.474,78.995,0.000,0,-1.000000,1.000,28.924,-1.000000,0.0000,0.0000,0,0,0.000,1.000,19.607,-801.051,76.474,78.995,0,0,-1,99.879358
54,7.6422,slow-walk,-779.752,59.015,88.150,67.500,15.000,15.000,-740.130,63.208,5.242,-788.279,65.384,3.024,1.0000,0.5625,-761.592,42.980,78.486,-787.804,79.960,77.360,0.9145,0.0000,0.0000,0,0.000,0.000,0.0000,0.0000,0,0,-787.804,79.960,77.360,0.000,0,-1.000000,1.000,28.924,-1.000000,0.0000,0.0000,0,0,0.000,1.000,19.607,-787.804,79.960,77.360,0,0,-1,99.877172
55,7.7763,slow-walk,-771.009,61.358,88.150,67.500,15.000,15.000,-726.846,66.968,3.337,-788.075,64.793,3.216,1.0000,0.5625,-757.903,42.893,77.066,-773.310,83.602,76.918,0.9899,0.0000,0.0000,0,0.000,0.000,0.0000,0.0000,0,0,-773.310,83.602,76.918,0.000,0,-1.000000,1.000,28.924,-1.000000,0.0000,0.0000,0,0,0.000,1.000,19.607,-773.310,83.602,76.918,0,0,-1,99.875027
56,7.9136,slow-walk,-762.060,63.756,88.150,67.500,15.000,15.000,-725.488,66.815,3.185,-777.479,67.714,4.610,1.0000,0.5625,-754.619,42.774,77.172,-758.379,87.303,78.079,0.0671,0.0000,0.0000,0,0.000,0.000,0.0000,0.0000,0,0,-758.379,87.303,78.079,0.000,0,-1.000000,1.000,28.924,-1.000000,0.0000,0.0000,0,0,0.000,1.000,19.607,-758.379,87.303,78.079,0,0,-1,99.872831
57,8.0476,slow-walk,-753.317,66.099,88.150,67.500,15.000,15.000,-725.373,66.292,3.326,-760.201,72.928,8.482,1.0000,0.5625,-750.352,43.230,78.800,-745.258,90.508,80.414,0.1426,0.0000,0.0000,0,0.000,0.000,0.0000,0.0000,0,0,-745.258,90.508,80.414,0.000,0,-1.000000,1.000,28.924,-1.000000,0.0000,0.0000,0,0,0.000,1.000,19.607,-745.258,90.508,80.414,0,0,-1,99.870685
58,8.2986,stop-from-slow-walk,-743.846,68.636,88.150,0.000,15.000,15.000,-727.204,65.047,3.018,-735.348,80.670,5.924,0.4857,0.0000,-737.170,46.945,81.123,-739.572,92.233,82.099,0.2243,0.0000,0.0000,0,0.000,0.000,0.0000,0.0000,0,0,-739.572,92.233,82.099,0.000,0,-1.000000,1.000,28.924,-1.000000,0.0000,0.0000,0,0,0.000,1.000,19.607,-739.572,92.233,82.099,0,0,-1,99.866671
59,8.4333,stop-from-slow-walk,-743.846,68.636,88.150,0.000,15.000,15.000,-729.254,64.379,3.238,-732.478,81.580,3.238,0.0000,0.0000,-731.401,49.445,82.970,-745.203,90.695,82.970,0.2243,0.0000,0.0000,0,0.000,0.000,0.0000,0.0000,0,0,-745.203,90.695,82.970,0.000,0,-1.000000,1.000,28.924,-1.000000,0.0000,0.0000,0,0,0.000,1.000,19.607,-745.203,90.695,82.970,0,0,-1,99.864514
60,8.5681,stop-from-slow-walk,-743.846,68.636,88.150,0.000,15.000,15.000,-729.254,64.379,3.238,-732.478,81.580,3.238,0.0000,0.0000,-731.309,49.480,82.984,-745.108,90.722,82.984,0.2243,0.0000,0.0000,0,0.000,0.000,0.0000,0.0000,0,0,-745.108,90.722,82.984,0.000,0,-1.000000,1.000,28.924,-1.000000,0.0000,0.0000,0,0,0.000,1.000,19.607,-745.108,90.722,82.984,0,0,-1,99.862358
61,8.7028,stop-from-slow-walk,-743.846,68.636,88.150,0.000,15.000,15.000,-729.254,64.379,3.238,-732.478,81.580,3.238,0.0000,0.0000,-731.230,49.510,82.996,-745.027,90.745,82.996,0.2243,0.0000,0.0000,0,0.000,0.000,0.0000,0.0000,0,0,-745.027,90.745,82.996,0.000,0,-1.000000,1.000,28.924,-1.000000,0.0000,0.0000,0,0,0.000,1.000,19.607,-745.027,90.745,82.996,0,0,-1,99.860202
62,8.8343,stop-from-slow-walk,-743.846,68.636,88.150,0.000,15.000,15.000,-729.254,64.379,3.238,-732.478,81.580,3.238,0.0000,0.0000,-731.156,49.538,83.007,-744.951,90.767,83.007,0.2243,0.0000,0.0000,0,0.000,0.000,0.0000,0.0000,0,0,-744.951,90.767,83.007,0.000,0,-1.000000,1.000,28.924,-1.000000,0.0000,0.0000,0,0,0.000,1.000,19.607,-744.951,90.767,83.007,0,0,-1,99.858101
63,8.9700,stop-from-slow-walk,-743.846,68.636,88.150,0.000,15.000,15.000,-729.254,64.379,3.238,-732.478,81.580,3.238,0.0000,0.0000,-731.131,49.548,83.011,-744.925,90.774,83.011,0.2243,0.0000,0.0000,0,0.000,0.000,0.0000,0.0000,0,0,-744.925,90.774,83.011,0.000,0,-1.000000,1.000,28.924,-1.000000,0.0000,0.0000,0,0,0.000,1.000,19.607,-744.925,90.774,83.011,0,0,-1,99.855933
64,9.0974,stop-from-slow-walk,-743.846,68.636,88.150,0.000,15.000,15.000,-729.254,64.379,3.238,-732.478,81.580,3.238,0.0000,0.0000,-731.131,49.548,83.011,-744.925,90.774,83.011,0.2243,0.0000,0.0000,0,0.000,0.000,0.0000,0.0000,0,0,-744.925,90.774,83.011,0.000,0,-1.000000,1.000,28.924,-1.000000,0.0000,0.0000,0,0,0.000,1.000,19.607,-744.925,90.774,83.011,0,0,-1,99.853891
65,9.2291,stop-from-slow-walk,-743.846,68.636,88.150,0.000,15.000,15.000,-729.254,64.379,3.238,-732.478,81.580,3.238,0.0000,0.0000,-731.065,49.573,83.022,-744.857,90.794,83.022,0.2243,0.0000,0.0000,0,0.000,0.000,0.0000,0.0000,0,0,-744.857,90.794,83.022,0.000,0,-1.000000,1.000,28.924,-1.000000,0.0000,0.0000,0,0,0.000,1.000,19.607,-744.857,90.794,83.022,0,0,-1,99.851787
66,9.3589,stop-from-slow-walk,-743.846,68.636,88.150,0.000,15.000,15.000,-729.254,64.379,3.238,-732.478,81.580,3.238,0.0000,0.0000,-731.065,49.573,83.022,-744.857,90.794,83.022,0.2243,0.0000,0.0000,0,0.000,0.000,0.0000,0.0000,0,0,-744.857,90.794,83.022,0.000,0,-1.000000,1.000,28.924,-1.000000,0.0000,0.0000,0,0,0.000,1.000,19.607,-744.857,90.794,83.022,0,0,-1,99.849708
67,9.4895,stop-from-slow-walk,-743.846,68.636,88.150,0.000,15.000,15.000,-729.254,64.379,3.238,-732.478,81.580,3.238,0.0000,0.0000,-731.127,49.550,83.014,-744.920,90.776,83.014,0.2243,0.0000,0.0000,0,0.000,0.000,0.0000,0.0000,0,0,-744.920,90.776,83.014,0.000,0,-1.000000,1.000,28.924,-1.000000,0.0000,0.0000,0,0,0.000,1.000,19.607,-744.920,90.776,83.014,0,0,-1,99.847622
68,9.6270,stop-from-slow-walk,-743.846,68.636,88.150,0.000,15.000,15.000,-729.254,64.379,3.238,-732.478,81.580,3.238,0.0000,0.0000,-731.195,49.524,83.008,-744.991,90.755,83.008,0.2243,0.0000,0.0000,0,0.000,0.000,0.0000,0.0000,0,0,-744.991,90.755,83.008,0.000,0,-1.000000,1.000,28.924,-1.000000,0.0000,0.0000,0,0,0.000,1.000,19.607,-744.991,90.755,83.008,0,0,-1,99.845415
69,9.7627,stop-from-slow-walk,-743.846,68.636,88.150,0.000,15.000,15.000,-729.254,64.379,3.238,-732.478,81.580,3.238,0.0000,0.0000,-731.260,49.499,82.991,-745.057,90.736,82.991,0.2243,0.0000,0.0000,0,0.000,0.000,0.0000,0.0000,0,0,-745.057,90.736,82.991,0.000,0,-1.000000,1.000,28.924,-1.000000,0.0000,0.0000,0,0,0.000,1.000,19.607,-745.057,90.736,82.991,0,0,-1,99.843244
70,9.8948,stop-from-slow-walk,-743.846,68.636,88.150,0.000,15.000,15.000,-729.254,64.379,3.238,-732.478,81.580,3.238,0.0000,0.0000,-731.348,49.465,82.978,-745.148,90.710,82.978,0.2243,0.0000,0.0000,0,0.000,0.000,0.0000,0.0000,0,0,-745.148,90.710,82.978,0.000,0,-1.000000,1.000,28.924,-1.000000,0.0000,0.0000,0,0,0.000,1.000,19.607,-745.148,90.710,82.978,0,0,-1,99.841131
71,10.0289,stop-from-slow-walk,-743.846,68.636,88.150,0.000,15.000,15.000,-729.254,64.379,3.238,-732.478,81.580,3.238,0.0000,0.0000,-731.431,49.433,82.965,-745.233,90.686,82.965,0.2243,0.0000,0.0000,0,0.000,0.000,0.0000,0.0000,0,0,-745.233,90.686,82.965,0.000,0,-1.000000,1.000,28.924,-1.000000,0.0000,0.0000,0,0,0.000,1.000,19.607,-745.233,90.686,82.965,0,0,-1,99.838984
72,10.1632,stop-from-slow-walk,-743.846,68.636,88.150,0.000,15.000,15.000,-729.254,64.379,3.238,-732.478,81.580,3.238,0.0000,0.0000,-731.520,49.399,82.952,-745.325,90.659,82.952,0.2243,0.0000,0.0000,0,0.000,0.000,0.0000,0.0000,0,0,-745.325,90.659,82.952,0.000,0,-1.000000,1.000,28.924,-1.000000,0.0000,0.0000,0,0,0.000,1.000,19.607,-745.325,90.659,82.952,0,0,-1,99.836835
73,10.4142,full-walk,-738.587,70.046,88.150,81.667,15.000,15.000,-724.641,65.558,3.040,-725.739,83.529,6.901,0.5833,0.6806,-733.162,47.880,80.863,-733.169,93.912,82.004,0.2697,0.0000,0.0000,0,0.000,0.000,0.0000,0.0000,0,0,-733.169,93.912,82.004,0.000,0,-1.000000,1.000,28.924,-1.000000,0.0000,0.0000,0,0,0.000,1.000,19.607,-733.169,93.912,82.004,0,0,-1,99.832819
74,10.5483,full-walk,-720.268,74.954,88.150,175.367,15.000,15.000,-727.708,63.280,3.026,-683.010,96.521,3.718,1.0000,1.4614,-711.356,54.612,76.797,-718.119,98.173,77.436,0.4539,0.0000,0.0000,0,0.000,0.000,0.0000,0.0000,0,0,-718.119,98.173,77.436,0.000,0,-1.000000,1.000,28.924,-1.000000,0.0000,0.0000,0,0,0.000,1.000,19.607,-718.119,98.173,77.436,0,0,-1,99.830678
75,10.6809,full-walk,-697.163,81.145,88.150,180.000,15.000,15.000,-697.117,72.043,9.083,-675.818,97.503,3.417,1.0000,1.5000,-675.667,66.711,80.829,-709.119,101.057,79.084,0.6532,0.0000,0.0000,0,0.000,0.000,0.0000,0.0000,0,0,-709.119,101.057,79.084,0.000,0,-1.000000,1.000,28.924,-1.000000,0.0000,0.0000,0,0,0.000,1.000,19.607,-709.119,101.057,79.084,0,0,-1,99.828551
76,10.8163,full-walk,-673.637,87.449,88.150,180.000,15.000,15.000,-640.836,89.167,8.598,-675.501,95.859,3.358,1.0000,1.5000,-652.525,72.673,80.500,-685.153,107.328,78.872,0.8562,0.0000,0.0000,0,0.000,0.000,0.0000,0.0000,0,0,-685.153,107.328,78.872,0.000,0,-1.000000,1.000,28.924,-1.000000,0.0000,0.0000,0,0,0.000,1.000,19.607,-685.153,107.328,78.872,0,0,-1,99.826386
77,10.9571,full-walk,-649.149,94.010,88.150,180.000,15.000,15.000,-612.611,97.060,3.187,-664.542,97.979,4.624,1.0000,1.5000,-641.730,73.021,77.179,-645.448,117.564,78.089,0.0674,0.0000,0.0000,0,0.000,0.000,0.0000,0.0000,0,0,-645.448,117.564,78.089,0.000,0,-1.000000,1.000,28.924,-1.000000,0.0000,0.0000,0,0,0.000,1.000,19.607,-645.448,117.564,78.089,0,0,-1,99.824133
78,11.0980,full-walk,-624.649,100.575,88.150,180.000,15.000,15.000,-612.158,95.576,3.310,-609.612,114.700,11.525,1.0000,1.5000,-624.042,76.715,80.081,-614.396,125.369,81.984,0.2788,0.0000,0.0000,0,0.000,0.000,0.0000,0.0000,0,0,-614.396,125.369,81.984,0.000,0,-1.000000,1.000,28.924,-1.000000,0.0000,0.0000,0,0,0.000,1.000,19.607,-614.396,125.369,81.984,0,0,-1,99.821878
79,11.2363,full-walk,-600.600,107.019,87.863,180.000,15.000,15.000,-611.751,94.010,2.927,-562.123,128.878,2.953,1.0000,1.5000,-589.211,87.616,76.601,-600.897,129.572,76.795,0.4863,0.0000,0.0000,0,0.000,0.000,0.0000,0.0000,0,0,-600.897,129.572,76.795,0.000,0,-1.000000,1.000,28.924,-1.000000,0.0000,0.0000,0,0,0.000,1.000,19.607,-600.897,129.572,76.795,0,0,-1,99.819665
80,11.3747,full-walk,-576.549,113.463,87.596,180.000,15.000,15.000,-570.235,106.509,10.139,-559.996,128.213,2.685,1.0000,1.5000,-553.955,99.631,81.049,-589.937,133.048,79.118,0.6938,0.0000,0.0000,0,0.000,0.000,0.0000,0.0000,0,0,-589.937,133.048,79.118,0.000,0,-1.000000,1.000,28.924,-1.000000,0.0000,0.0000,0,0,0.000,1.000,19.607,-589.937,133.048,79.118,0,0,-1,99.817452
81,11.5156,full-walk,-552.042,120.030,87.313,180.000,15.000,15.000,-513.353,123.965,4.954,-559.516,126.788,2.310,1.0000,1.5000,-533.373,104.288,78.008,-560.780,140.837,76.793,0.9052,0.0000,0.0000,0,0.000,0.000,0.0000,0.0000,0,0,-560.780,140.837,76.793,0.000,0,-1.000000,1.000,28.924,-1.000000,0.0000,0.0000,0,0,0.000,1.000,19.607,-560.780,140.837,76.793,0,0,-1,99.815197
82,11.6554,full-walk,-527.729,126.545,87.051,180.000,15.000,15.000,-496.608,127.756,2.081,-538.338,132.056,5.821,1.0000,1.5000,-523.410,104.220,76.969,-521.076,150.661,78.346,0.1150,0.0000,0.0000,0,0.000,0.000,0.0000,0.0000,0,0,-521.076,150.661,78.346,0.000,0,-1.000000,1.000,28.924,-1.000000,0.0000,0.0000,0,0,0.000,1.000,19.607,-521.076,150.661,78.346,0,0,-1,99.812959
83,11.7937,full-walk,-503.697,132.984,86.754,180.000,15.000,15.000,-496.166,126.380,1.868,-481.472,149.611,8.728,1.0000,1.5000,-502.108,109.603,78.051,-494.331,157.684,79.851,0.3223,0.0000,0.0000,0,0.000,0.000,0.0000,0.0000,0,0,-494.331,157.684,79.851,0.000,0,-1.000000,1.000,28.924,-1.000000,0.0000,0.0000,0,0,0.000,1.000,19.607,-494.331,157.684,79.851,0,0,-1,99.810748
84,11.9315,full-walk,-479.728,139.407,86.481,180.000,15.000,15.000,-491.855,126.277,1.765,-444.440,160.417,1.441,1.0000,1.5000,-465.224,121.673,75.579,-483.523,161.392,75.160,0.5291,0.0000,0.0000,0,0.000,0.000,0.0000,0.0000,0,0,-483.523,161.392,75.160,0.000,0,-1.000000,1.000,28.924,-1.000000,0.0000,0.0000,0,0,0.000,1.000,19.607,-483.523,161.392,75.160,0,0,-1,99.808542
85,12.0726,full-walk,-455.197,145.980,86.211,180.000,15.000,15.000,-441.070,141.571,9.739,-443.935,158.892,1.320,1.0000,1.5000,-431.982,132.387,80.205,-469.324,165.282,78.182,0.7407,0.0000,0.0000,0,0.000,0.000,0.0000,0.0000,0,0,-469.324,165.282,78.182,0.000,0,-1.000000,1.000,28.924,-1.000000,0.0000,0.0000,0,0,0.000,1.000,19.607,-469.324,165.282,78.182,0,0,-1,99.806285
86,12.2123,full-walk,-430.921,152.484,86.211,180.000,15.000,15.000,-388.323,157.704,1.912,-443.461,157.548,1.068,1.0000,1.5000,-414.959,135.443,75.601,-436.347,174.102,74.886,0.9502,0.0000,0.0000,0,0.000,0.000,0.0000,0.0000,0,0,-436.347,174.102,74.886,0.000,0,-1.000000,1.000,28.924,-1.000000,0.0000,0.0000,0,0,0.000,1.000,19.607,-436.347,174.102,74.886,0,0,-1,99.804051
87,12.3529,full-walk,-406.457,159.039,85.934,180.000,15.000,15.000,-380.513,158.531,1.013,-410.739,166.721,7.119,1.0000,1.5000,-404.358,135.833,76.880,-397.635,183.581,78.585,0.1612,0.0000,0.0000,0,0.000,0.000,0.0000,0.0000,0,0,-397.635,183.581,78.585,0.000,0,-1.000000,1.000,28.924,-1.000000,0.0000,0.0000,0,0,0.000,1.000,19.607,-397.635,183.581,78.585,0,0,-1,99.801799
88,12.4935,full-walk,-382.015,165.589,85.934,180.000,15.000,15.000,-380.153,156.882,0.975,-352.537,184.376,5.374,1.0000,1.5000,-378.253,142.874,76.121,-374.632,189.707,77.622,0.3721,0.0000,0.0000,0,0.000,0.000,0.0000,0.0000,0,0,-374.632,189.707,77.622,0.000,0,-1.000000,1.000,28.924,-1.000000,0.0000,0.0000,0,0,0.000,1.000,19.607,-374.632,189.707,77.622,0,0,-1,99.799550
89,12.6329,full-walk,-357.786,172.081,85.934,180.000,15.000,15.000,-366.357,160.070,3.033,-328.370,191.088,0.997,1.0000,1.5000,-339.871,155.861,76.333,-365.495,193.046,75.255,0.5811,0.0000,0.0000,0,0.000,0.000,0.0000,0.0000,0,0,-365.495,193.046,75.255,0.000,0,-1.000000,1.000,28.924,-1.000000,0.0000,0.0000,0,0,0.000,1.000,19.607,-365.495,193.046,75.255,0,0,-1,99.797320
90,12.7587,full-walk,-335.955,177.930,85.934,180.000,15.000,15.000,-316.946,175.171,9.427,-327.931,189.770,1.070,1.0000,1.5000,-312.797,164.314,79.906,-350.017,197.260,77.891,0.7695,0.0000,0.0000,0,0.000,0.000,0.0000,0.0000,0,0,-350.017,197.260,77.891,0.000,0,-1.000000,1.000,28.924,-1.000000,0.0000,0.0000,0,0,0.000,1.000,19.607,-350.017,197.260,77.891,0,0,-1,99.795311
91,12.8943,full-walk,-312.334,184.259,85.934,180.000,15.000,15.000,-268.470,189.667,1.312,-327.494,188.239,0.950,1.0000,1.5000,-298.006,166.268,75.017,-315.910,206.125,74.638,0.9732,0.0000,0.0000,0,0.000,0.000,0.0000,0.0000,0,0,-315.910,206.125,74.638,0.000,0,-1.000000,1.000,28.924,-1.000000,0.0000,0.0000,0,0,0.000,1.000,19.607,-315.910,206.125,74.638,0,0,-1,99.793138
92,13.0325,full-walk,-288.307,190.697,86.439,180.000,15.000,15.000,-264.537,189.441,1.409,-289.597,199.373,8.299,1.0000,1.5000,-286.867,167.218,77.651,-278.895,215.337,79.427,0.1805,0.0000,0.0000,0,0.000,0.000,0.0000,0.0000,0,0,-278.895,215.337,79.427,0.000,0,-1.000000,1.000,28.924,-1.000000,0.0000,0.0000,0,0,0.000,1.000,19.607,-278.895,215.337,79.427,0,0,-1,99.790927
93,13.1711,full-walk,-264.225,197.150,86.815,180.000,15.000,15.000,-264.187,187.929,1.909,-232.837,216.691,5.441,1.0000,1.5000,-259.654,174.900,76.720,-257.753,221.210,78.077,0.3883,0.0000,0.0000,0,0.000,0.000,0.0000,0.0000,0,0,-257.753,221.210,78.077,0.000,0,-1.000000,1.000,28.924,-1.000000,0.0000,0.0000,0,0,0.000,1.000,19.607,-257.753,221.210,78.077,0,0,-1,99.788710
94,13.3043,full-walk,-241.088,203.350,87.260,180.000,15.000,15.000,-249.053,191.646,4.589,-212.468,222.190,2.244,1.0000,1.5000,-222.823,187.401,77.758,-249.314,224.280,76.611,0.5879,0.0000,0.0000,0,0.000,0.000,0.0000,0.0000,0,0,-249.314,224.280,76.611,0.000,0,-1.000000,1.000,28.924,-1.000000,0.0000,0.0000,0,0,0.000,1.000,19.607,-249.314,224.280,76.611,0,0,-1,99.786581
95,13.4316,turn-while-moving,-218.929,209.287,87.750,180.000,15.000,15.000,-198.321,207.072,11.116,-211.972,220.784,2.917,1.0000,1.5000,-195.859,195.641,81.687,-232.882,228.658,79.684,0.7791,0.0000,0.0000,0,0.000,0.000,0.0000,0.0000,0,0,-232.882,228.658,79.684,0.000,0,-1.000000,1.000,28.924,-1.000000,0.0000,0.0000,0,0,0.000,1.000,19.607,-232.882,228.658,79.684,0,0,-1,99.784542
96,13.5651,turn-while-moving,-204.828,221.147,88.265,142.237,55.001,15.000,-175.957,251.673,4.299,-216.827,218.209,2.987,1.0000,1.1853,-181.168,219.180,77.839,-223.409,233.364,76.953,0.9371,0.0000,0.0000,0,0.000,0.000,0.0000,0.0000,0,0,-223.409,233.364,76.953,0.000,0,-1.000000,1.000,28.924,-1.000000,0.0000,0.0000,0,0,0.000,1.000,19.607,-223.409,233.364,76.953,0,0,-1,99.782409
97,13.6938,turn-while-moving,-197.589,237.985,88.782,142.237,72.265,15.000,-181.138,267.781,3.905,-208.772,229.351,6.356,1.0000,1.1853,-176.277,231.228,78.293,-214.941,255.231,79.421,0.0900,0.0000,0.0000,0,0.000,0.000,0.0000,0.0000,0,0,-214.941,255.231,79.421,0.000,0,-1.000000,1.000,28.924,-1.000000,0.0000,0.0000,0,0,0.000,1.000,19.607,-214.941,255.231,79.421,0,0,-1,99.780345
98,13.8247,turn-while-moving,-191.632,255.583,89.304,142.237,72.265,15.000,-179.677,267.370,4.404,-196.887,270.045,12.867,1.0000,1.1853,-171.343,242.917,81.292,-206.887,277.798,83.208,0.2448,0.0000,0.0000,0,0.000,0.000,0.0000,0.0000,0,0,-206.887,277.798,83.208,0.000,0,-1.000000,1.000,28.924,-1.000000,0.0000,0.0000,0,0,0.000,1.000,19.607,-206.887,277.798,83.208,0,0,-1,99.778255
99,13.9524,turn-while-moving,-186.036,272.902,89.834,142.237,72.265,15.000,-178.788,267.032,4.765,-185.548,310.939,7.862,1.0000,1.1853,-165.032,265.292,79.393,-203.224,290.980,80.673,0.3965,0.0000,0.0000,0,0.000,0.000,0.0000,0.0000,0,0,-203.224,290.980,80.673,0.000,0,-1.000000,1.000,28.924,-1.000000,0.0000,0.0000,0,0,0.000,1.000,19.607,-203.224,290.980,80.673,0,0,-1,99.776208
100,14.0849,turn-while-moving,-180.296,290.819,90.406,142.237,72.265,15.000,-175.374,274.676,6.290,-179.421,329.065,5.341,1.0000,1.1853,-157.116,295.123,79.913,-201.322,297.616,79.180,0.5533,0.0000,0.0000,0,0.000,0.000,0.0000,0.0000,0,0,-201.322,297.616,79.180,0.000,0,-1.000000,1.000,28.924,-1.000000,0.0000,0.0000,0,0,0.000,1.000,19.607,-201.322,297.616,79.180,0,0,-1,99.774092
101,14.2138,turn-while-moving,-174.700,308.311,90.986,142.237,72.265,15.000,-164.874,311.959,14.108,-178.495,328.791,6.268,1.0000,1.1853,-150.795,320.105,84.836,-198.484,307.326,82.866,0.7063,0.0000,0.0000,0,0.000,0.000,0.0000,0.0000,0,0,-198.484,307.326,82.866,0.000,0,-1.000000,1.000,28.924,-1.000000,0.0000,0.0000,0,0,0.000,1.000,19.607,-198.484,307.326,82.866,0,0,-1,99.772026
102,14.3450,turn-while-moving,-169.026,326.051,91.597,142.237,72.265,15.000,-152.580,355.316,11.838,-177.293,328.426,6.885,1.0000,1.1853,-145.230,335.589,83.873,-191.912,327.383,82.280,0.8615,0.0000,0.0000,0,0.000,0.000,0.0000,0.0000,0,0,-191.912,327.383,82.280,0.000,0,-1.000000,1.000,28.924,-1.000000,0.0000,0.0000,0,0,0.000,1.000,19.607,-191.912,327.383,82.280,0,0,-1,99.769931
103,14.4728,turn-while-moving,-163.479,343.397,92.203,142.237,72.265,15.000,-144.684,382.053,7.253,-175.825,329.842,7.332,1.0000,1.1853,-141.126,342.521,80.942,-182.749,355.318,81.134,0.0133,0.0000,0.0000,0,0.000,0.000,0.0000,0.0000,0,0,-182.749,355.318,81.134,0.000,0,-1.000000,1.000,28.924,-1.000000,0.0000,0.0000,0,0,0.000,1.000,19.607,-182.749,355.318,81.134,0,0,-1,99.767882
104,14.6040,turn-while-moving,-157.807,361.132,92.840,142.237,72.265,15.000,-143.551,381.893,7.853,-166.322,362.758,14.297,1.0000,1.1853,-137.232,350.033,83.859,-173.593,382.071,85.591,0.1684,0.0000,0.0000,0,0.000,0.000,0.0000,0.0000,0,0,-173.593,382.071,85.591,0.000,0,-1.000000,1.000,28.924,-1.000000,0.0000,0.0000,0,0,0.000,1.000,19.607,-173.593,382.071,85.591,0,0,-1,99.765788
105,14.7322,turn-while-moving,-152.241,378.535,93.478,142.237,72.265,15.000,-142.573,381.486,8.598,-154.278,405.983,15.532,1.0000,1.1853,-131.731,367.177,84.809,-167.940,399.821,86.617,0.3207,0.0000,0.0000,0,0.000,0.000,0.0000,0.0000,0,0,-167.940,399.821,86.617,0.000,0,-1.000000,1.000,28.924,-1.000000,0.0000,0.0000,0,0,0.000,1.000,19.607,-167.940,399.821,86.617,0,0,-1,99.763732
106,14.8632,turn-while-moving,-146.572,396.262,94.139,142.237,72.265,15.000,-141.285,381.093,9.147,-144.161,440.189,9.345,1.0000,1.1853,-124.185,394.489,82.830,-165.369,408.993,83.172,0.4758,0.0000,0.0000,0,0.000,0.000,0.0000,0.0000,0,0,-165.369,408.993,83.172,0.000,0,-1.000000,1.000,28.924,-1.000000,0.0000,0.0000,0,0,0.000,1.000,19.607,-165.369,408.993,83.172,0,0,-1,99.761639
107,14.9918,turn-while-moving,-140.995,413.699,94.794,142.237,72.265,15.000,-134.270,405.381,14.224,-142.549,443.370,9.848,1.0000,1.1853,-117.431,422.839,86.546,-163.885,415.665,84.987,0.6284,0.0000,0.0000,0,0.000,0.000,0.0000,0.0000,0,0,-163.885,415.665,84.987,0.000,0,-1.000000,1.000,28.924,-1.000000,0.0000,0.0000,0,0,0.000,1.000,19.607,-163.885,415.665,84.987,0,0,-1,99.759579
108,15.1221,turn-while-moving,-135.357,431.328,95.458,142.237,72.265,15.000,-122.199,448.068,18.789,-141.371,443.001,10.641,1.0000,1.1853,-111.411,443.322,89.382,-159.187,430.109,87.384,0.7826,0.0000,0.0000,0,0.000,0.000,0.0000,0.0000,0,0,-159.187,430.109,87.384,0.000,0,-1.000000,1.000,28.924,-1.000000,0.0000,0.0000,0,0,0.000,1.000,19.607,-159.187,430.109,87.384,0,0,-1,99.757497
109,15.2482,turn-while-moving,-129.882,448.446,96.102,142.237,72.265,15.000,-111.439,485.795,12.292,-140.312,442.612,10.801,1.0000,1.1853,-106.640,453.921,85.768,-151.350,454.248,84.822,0.9324,0.0000,0.0000,0,0.000,0.000,0.0000,0.0000,0,0,-151.350,454.248,84.822,0.000,0,-1.000000,1.000,28.924,-1.000000,0.0000,0.0000,0,0,0.000,1.000,19.607,-151.350,454.248,84.822,0,0,-1,99.755476
110,15.3771,turn-while-moving,-124.308,465.874,96.751,142.237,72.265,15.000,-107.727,496.278,11.913,-135.657,456.682,14.125,1.0000,1.1853,-102.960,459.464,86.187,-141.794,482.830,87.262,0.0848,0.0000,0.0000,0,0.000,0.000,0.0000,0.0000,0,0,-141.794,482.830,87.262,0.000,0,-1.000000,1.000,28.924,-1.000000,0.0000,0.0000,0,0,0.000,1.000,19.607,-141.794,482.830,87.262,0,0,-1,99.753418
111,15.5086,turn-while-moving,-118.600,483.723,97.403,142.237,72.265,15.000,-106.545,495.936,12.506,-124.024,497.488,20.950,1.0000,1.1853,-98.296,471.096,89.383,-133.863,505.919,91.300,0.2410,0.0000,0.0000,0,0.000,0.000,0.0000,0.0000,0,0,-133.863,505.919,91.300,0.000,0,-1.000000,1.000,28.924,-1.000000,0.0000,0.0000,0,0,0.000,1.000,19.607,-133.863,505.919,91.300,0,0,-1,99.751310
112,15.6391,turn-while-moving,-112.952,501.384,98.031,142.237,72.265,15.000,-105.642,495.620,12.980,-112.457,539.297,16.126,1.0000,1.1853,-91.926,493.707,87.630,-130.087,519.505,88.918,0.3955,0.0000,0.0000,0,0.000,0.000,0.0000,0.0000,0,0,-130.087,519.505,88.918,0.000,0,-1.000000,1.000,28.924,-1.000000,0.0000,0.0000,0,0,0.000,1.000,19.607,-130.087,519.505,88.918,0,0,-1,99.749224
113,15.7652,turn-while-moving,-107.482,518.487,98.620,142.237,72.265,15.000,-102.729,501.879,14.202,-106.419,557.671,13.495,1.0000,1.1853,-84.439,522.215,87.902,-128.353,525.907,87.275,0.5452,0.0000,0.0000,0,0.000,0.000,0.0000,0.0000,0,0,-128.353,525.907,87.275,0.000,0,-1.000000,1.000,28.924,-1.000000,0.0000,0.0000,0,0,0.000,1.000,19.607,-128.353,525.907,87.275,0,0,-1,99.747204
114,15.8970,turn-while-moving,-101.777,536.323,99.216,142.237,72.265,15.000,-92.197,539.076,22.256,-105.432,557.354,14.540,1.0000,1.1853,-77.891,548.022,93.030,-125.539,535.448,91.074,0.7012,0.0000,0.0000,0,0.000,0.000,0.0000,0.0000,0,0,-125.539,535.448,91.074,0.000,0,-1.000000,1.000,28.924,-1.000000,0.0000,0.0000,0,0,0.000,1.000,19.607,-125.539,535.448,91.074,0,0,-1,99.745097
115,16.0283,turn-while-moving,-96.081,554.135,99.782,142.237,72.265,15.000,-79.763,582.778,20.195,-104.194,557.015,15.002,1.0000,1.1853,-72.243,563.865,92.120,-119.020,555.242,90.498,0.8571,0.0000,0.0000,0,0.000,0.000,0.0000,0.0000,0,0,-119.020,555.242,90.498,0.000,0,-1.000000,1.000,28.924,-1.000000,0.0000,0.0000,0,0,0.000,1.000,19.607,-119.020,555.242,90.498,0,0,-1,99.742994
116,16.1578,turn-while-moving,-90.485,571.633,100.328,142.237,72.265,15.000,-71.609,610.657,15.370,-102.850,558.059,15.445,1.0000,1.1853,-68.096,571.028,89.085,-109.853,583.308,89.230,0.0101,0.0000,0.0000,0,0.000,0.000,0.0000,0.0000,0,0,-109.853,583.308,89.230,0.000,0,-1.000000,1.000,28.924,-1.000000,0.0000,0.0000,0,0,0.000,1.000,19.607,-109.853,583.308,89.230,0,0,-1,99.740927
117,16.2844,turn-while-moving,-84.987,588.823,100.858,142.237,72.265,15.000,-70.512,610.443,15.944,-93.787,589.277,22.017,1.0000,1.1853,-64.322,578.072,91.798,-100.868,609.489,93.501,0.1605,0.0000,0.0000,0,0.000,0.000,0.0000,0.0000,0,0,-100.868,609.489,93.501,0.000,0,-1.000000,1.000,28.924,-1.000000,0.0000,0.0000,0,0,0.000,1.000,19.607,-100.868,609.489,93.501,0,0,-1,99.738897
118,16.4158,turn-while-moving,-79.303,606.596,101.398,142.237,72.265,15.000,-69.511,610.095,16.529,-81.535,633.336,23.672,1.0000,1.1853,-58.833,595.086,92.817,-94.957,628.021,94.645,0.3160,0.0000,0.0000,0,0.000,0.000,0.0000,0.0000,0,0,-94.957,628.021,94.645,0.000,0,-1.000000,1.000,28.924,-1.000000,0.0000,0.0000,0,0,0.000,1.000,19.607,-94.957,628.021,94.645,0,0,-1,99.736798
119,16.5449,stop-from-turn,-73.699,624.118,101.921,142.237,72.265,15.000,-68.247,609.743,16.895,-71.368,667.873,17.226,1.0000,1.1853,-51.443,621.835,90.593,-92.357,637.353,91.026,0.4693,0.0000,0.0000,0,0.000,0.000,0.0000,0.0000,0,0,-92.357,637.353,91.026,0.000,0,-1.000000,1.000,28.924,-1.000000,0.0000,0.0000,0,0,0.000,1.000,19.607,-92.357,637.353,91.026,0,0,-1,99.734729
120,16.7090,stop-from-turn,-73.467,624.842,101.942,0.000,72.265,15.000,-63.095,630.252,16.314,-76.939,646.451,16.232,0.1808,0.0000,-50.753,624.262,95.610,-92.718,635.838,95.682,0.4693,0.0000,0.0000,0,0.000,0.000,0.0000,0.0000,0,0,-92.718,635.838,95.682,0.000,0,-1.000000,1.000,28.924,-1.000000,0.0000,0.0000,0,0,0.000,1.000,19.607,-92.718,635.838,95.682,0,0,-1,99.732107
121,16.8365,stop-from-turn,-73.467,624.842,101.942,0.000,72.265,15.000,-61.995,634.815,17.030,-78.208,641.404,17.030,0.0000,0.0000,-50.660,624.621,96.719,-92.847,635.323,96.719,0.4693,0.0000,0.0000,0,0.000,0.000,0.0000,0.0000,0,0,-92.847,635.323,96.719,0.000,0,-1.000000,1.000,28.924,-1.000000,0.0000,0.0000,0,0,0.000,1.000,19.607,-92.847,635.323,96.719,0,0,-1,99.730062
122,16.9673,stop-from-turn,-73.467,624.842,101.942,0.000,72.265,15.000,-61.995,634.815,17.030,-78.208,641.404,17.030,0.0000,0.0000,-50.660,624.621,96.719,-92.847,635.323,96.719,0.4693,0.0000,0.0000,0,0.000,0.000,0.0000,0.0000,0,0,-92.847,635.323,96.719,0.000,0,-1.000000,1.000,28.924,-1.000000,0.0000,0.0000,0,0,0.000,1.000,19.607,-92.847,635.323,96.719,0,0,-1,99.727974
123,17.0940,stop-from-turn,-73.467,624.842,101.942,0.000,72.265,15.000,-61.995,634.815,17.030,-78.208,641.404,17.030,0.0000,0.0000,-50.640,624.716,96.732,-92.819,635.417,96.732,0.4693,0.0000,0.0000,0,0.000,0.000,0.0000,0.0000,0,0,-92.819,635.417,96.732,0.000,0,-1.000000,1.000,28.924,-1.000000,0.0000,0.0000,0,0,0.000,1.000,19.607,-92.819,635.417,96.732,0,0,-1,99.725943
124,17.2219,stop-from-turn,-73.467,624.842,101.942,0.000,72.265,15.000,-61.995,634.815,17.030,-78.208,641.404,17.030,0.0000,0.0000,-50.623,624.797,96.743,-92.796,635.496,96.743,0.4693,0.0000,0.0000,0,0.000,0.000,0.0000,0.0000,0,0,-92.796,635.496,96.743,0.000,0,-1.000000,1.000,28.924,-1.000000,0.0000,0.0000,0,0,0.000,1.000,19.607,-92.796,635.496,96.743,0,0,-1,99.723900
125,17.3500,stop-from-turn,-73.467,624.842,101.942,0.000,72.265,15.000,-61.995,634.815,17.030,-78.208,641.404,17.030,0.0000,0.0000,-50.606,624.875,96.754,-92.773,635.573,96.754,0.4693,0.0000,0.0000,0,0.000,0.000,0.0000,0.0000,0,0,-92.773,635.573,96.754,0.000,0,-1.000000,1.000,28.924,-1.000000,0.0000,0.0000,0,0,0.000,1.000,19.607,-92.773,635.573,96.754,0,0,-1,99.721846
126,17.4817,stop-from-turn,-73.467,624.842,101.942,0.000,72.265,15.000,-61.995,634.815,17.030,-78.208,641.404,17.030,0.0000,0.0000,-50.587,624.967,96.767,-92.746,635.663,96.767,0.4693,0.0000,0.0000,0,0.000,0.000,0.0000,0.0000,0,0,-92.746,635.663,96.767,0.000,0,-1.000000,1.000,28.924,-1.000000,0.0000,0.0000,0,0,0.000,1.000,19.607,-92.746,635.663,96.767,0,0,-1,99.719743
127,17.6078,stop-from-turn,-73.467,624.842,101.942,0.000,72.265,15.000,-61.995,634.815,17.030,-78.208,641.404,17.030,0.0000,0.0000,-50.568,625.057,96.780,-92.720,635.751,96.780,0.4693,0.0000,0.0000,0,0.000,0.000,0.0000,0.0000,0,0,-92.720,635.751,96.780,0.000,0,-1.000000,1.000,28.924,-1.000000,0.0000,0.0000,0,0,0.000,1.000,19.607,-92.720,635.751,96.780,0,0,-1,99.717721
128,17.7365,stop-from-turn,-73.467,624.842,101.942,0.000,72.265,15.000,-61.995,634.815,17.030,-78.208,641.404,17.030,0.0000,0.0000,-50.553,625.131,96.791,-92.698,635.823,96.791,0.4693,0.0000,0.0000,0,0.000,0.000,0.0000,0.0000,0,0,-92.698,635.823,96.791,0.000,0,-1.000000,1.000,28.924,-1.000000,0.0000,0.0000,0,0,0.000,1.000,19.607,-92.698,635.823,96.791,0,0,-1,99.715664
129,17.8645,stop-from-turn,-73.467,624.842,101.942,0.000,72.265,15.000,-61.995,634.815,17.030,-78.208,641.404,17.030,0.0000,0.0000,-50.537,625.207,96.802,-92.676,635.898,96.802,0.4693,0.0000,0.0000,0,0.000,0.000,0.0000,0.0000,0,0,-92.676,635.898,96.802,0.000,0,-1.000000,1.000,28.924,-1.000000,0.0000,0.0000,0,0,0.000,1.000,19.607,-92.676,635.898,96.802,0,0,-1,99.713614
130,17.9924,stop-from-turn,-73.467,624.842,101.942,0.000,72.265,15.000,-61.995,634.815,17.030,-78.208,641.404,17.030,0.0000,0.0000,-50.535,625.216,96.803,-92.673,635.905,96.803,0.4693,0.0000,0.0000,0,0.000,0.000,0.0000,0.0000,0,0,-92.673,635.905,96.803,0.000,0,-1.000000,1.000,28.924,-1.000000,0.0000,0.0000,0,0,0.000,1.000,19.607,-92.673,635.905,96.803,0,0,-1,99.711571
131,18.1222,stop-from-turn,-73.467,624.842,101.942,0.000,72.265,15.000,-61.995,634.815,17.030,-78.208,641.404,17.030,0.0000,0.0000,-50.535,625.216,96.803,-92.673,635.905,96.803,0.4693,0.0000,0.0000,0,0.000,0.000,0.0000,0.0000,0,0,-92.673,635.905,96.803,0.000,0,-1.000000,1.000,28.924,-1.000000,0.0000,0.0000,0,0,0.000,1.000,19.607,-92.673,635.905,96.803,0,0,-1,99.709492
132,18.2494,stop-from-turn,-73.467,624.842,101.942,0.000,72.265,15.000,-61.995,634.815,17.030,-78.208,641.404,17.030,0.0000,0.0000,-50.521,625.285,96.814,-92.653,635.973,96.814,0.4693,0.0000,0.0000,0,0.000,0.000,0.0000,0.0000,0,0,-92.653,635.973,96.814,0.000,0,-1.000000,1.000,28.924,-1.000000,0.0000,0.0000,0,0,0.000,1.000,19.607,-92.653,635.973,96.814,0,0,-1,99.707459
133,18.3775,stop-from-turn,-73.467,624.842,101.942,0.000,72.265,15.000,-61.995,634.815,17.030,-78.208,641.404,17.030,0.0000,0.0000,-50.521,625.285,96.814,-92.653,635.973,96.814,0.4693,0.0000,0.0000,0,0.000,0.000,0.0000,0.0000,0,0,-92.653,635.973,96.814,0.000,0,-1.000000,1.000,28.924,-1.000000,0.0000,0.0000,0,0,0.000,1.000,19.607,-92.653,635.973,96.814,0,0,-1,99.705408
134,18.5079,stop-from-turn,-73.467,624.842,101.942,0.000,72.265,15.000,-61.995,634.815,17.030,-78.208,641.404,17.030,0.0000,0.0000,-50.536,625.211,96.805,-92.674,635.901,96.805,0.4693,0.0000,0.0000,0,0.000,0.000,0.0000,0.0000,0,0,-92.674,635.901,96.805,0.000,0,-1.000000,1.000,28.924,-1.000000,0.0000,0.0000,0,0,0.000,1.000,19.607,-92.674,635.901,96.805,0,0,-1,99.703324
135,18.6349,orbit-standing-character,-73.467,624.842,101.942,0.000,72.265,15.000,-61.995,634.815,17.030,-78.208,641.404,17.030,0.0000,0.0000,-50.550,625.144,96.799,-92.694,635.836,96.800,0.4693,0.0000,0.0000,0,0.000,0.000,0.0000,0.0000,0,0,-92.694,635.836,96.800,0.000,0,-1.000000,1.000,28.924,-1.000000,0.0000,0.0000,0,0,0.000,1.000,19.607,-92.694,635.836,96.800,0,0,-1,99.701287
136,18.7640,orbit-standing-character,-73.467,624.842,101.942,0.000,72.265,21.881,-61.995,634.815,17.030,-78.208,641.404,17.030,0.0000,0.0000,-50.563,625.080,96.783,-92.713,635.773,96.783,0.4693,0.0000,0.0000,0,0.000,0.000,0.0000,0.0000,0,0,-92.713,635.773,96.783,0.000,0,-1.000000,1.000,28.924,-1.000000,0.0000,0.0000,0,0,0.000,1.000,19.607,-92.713,635.773,96.783,0,0,-1,99.699227
137,18.8915,orbit-standing-character,-73.467,624.842,101.942,0.000,72.265,28.714,-61.995,634.815,17.030,-78.208,641.404,17.030,0.0000,0.0000,-50.582,624.990,96.770,-92.739,635.686,96.770,0.4693,0.0000,0.0000,0,0.000,0.000,0.0000,0.0000,0,0,-92.739,635.686,96.770,0.000,0,-1.000000,1.000,28.924,-1.000000,0.0000,0.0000,0,0,0.000,1.000,19.607,-92.739,635.686,96.770,0,0,-1,99.697181
138,19.0221,orbit-standing-character,-73.467,624.842,101.942,0.000,72.265,35.677,-61.995,634.815,17.030,-78.208,641.404,17.030,0.0000,0.0000,-50.600,624.906,96.758,-92.764,635.603,96.758,0.4693,0.0000,0.0000,0,0.000,0.000,0.0000,0.0000,0,0,-92.764,635.603,96.758,0.000,0,-1.000000,1.000,28.924,-1.000000,0.0000,0.0000,0,0,0.000,1.000,19.607,-92.764,635.603,96.758,0,0,-1,99.695096
139,19.1486,orbit-standing-character,-73.467,624.842,101.942,0.000,72.265,42.445,-61.995,634.815,17.030,-78.208,641.404,17.030,0.0000,0.0000,-50.618,624.818,96.746,-92.789,635.517,96.746,0.4693,0.0000,0.0000,0,0.000,0.000,0.0000,0.0000,0,0,-92.789,635.517,96.746,0.000,0,-1.000000,1.000,28.924,-1.000000,0.0000,0.0000,0,0,0.000,1.000,19.607,-92.789,635.517,96.746,0,0,-1,99.693070
140,19.2748,orbit-standing-character,-73.467,624.842,101.942,0.000,72.265,49.178,-61.995,634.815,17.030,-78.208,641.404,17.030,0.0000,0.0000,-50.631,624.758,96.736,-92.807,635.458,96.736,0.4693,0.0000,0.0000,0,0.000,0.000,0.0000,0.0000,0,0,-92.807,635.458,96.736,0.000,0,-1.000000,1.000,28.924,-1.000000,0.0000,0.0000,0,0,0.000,1.000,19.607,-92.807,635.458,96.736,0,0,-1,99.691054
141,19.4044,orbit-standing-character,-73.467,624.842,101.942,0.000,72.265,56.117,-61.995,634.815,17.030,-78.208,641.404,17.030,0.0000,0.0000,-50.636,624.739,96.728,-92.812,635.439,96.728,0.4693,0.0000,0.0000,0,0.000,0.000,0.0000,0.0000,0,0,-92.812,635.439,96.728,0.000,0,-1.000000,1.000,28.924,-1.000000,0.0000,0.0000,0,0,0.000,1.000,19.607,-92.812,635.439,96.728,0,0,-1,99.688976
142,19.5535,orbit-standing-character,-73.467,624.842,101.942,0.000,72.265,64.064,-61.995,634.815,17.030,-78.208,641.404,17.030,0.0000,0.0000,-50.656,624.638,96.721,-92.842,635.340,96.721,0.4693,0.0000,0.0000,0,0.000,0.000,0.0000,0.0000,0,0,-92.842,635.340,96.721,0.000,0,-1.000000,1.000,28.924,-1.000000,0.0000,0.0000,0,0,0.000,1.000,19.607,-92.842,635.340,96.721,0,0,-1,99.686597
143,19.6846,orbit-standing-character,-73.467,624.842,101.942,0.000,72.265,71.095,-61.995,634.815,17.030,-78.208,641.404,17.030,0.0000,0.0000,-50.656,624.638,96.721,-92.842,635.340,96.721,0.4693,0.0000,0.0000,0,0.000,0.000,0.0000,0.0000,0,0,-92.842,635.340,96.721,0.000,0,-1.000000,1.000,28.924,-1.000000,0.0000,0.0000,0,0,0.000,1.000,19.607,-92.842,635.340,96.721,0,0,-1,99.684491
144,19.8176,orbit-standing-character,-73.467,624.842,101.942,0.000,72.265,78.184,-61.995,634.815,17.030,-78.208,641.404,17.030,0.0000,0.0000,-50.660,624.621,96.719,-92.847,635.323,96.719,0.4693,0.0000,0.0000,0,0.000,0.000,0.0000,0.0000,0,0,-92.847,635.323,96.719,0.000,0,-1.000000,1.000,28.924,-1.000000,0.0000,0.0000,0,0,0.000,1.000,19.607,-92.847,635.323,96.719,0,0,-1,99.682369
145,19.9471,orbit-standing-character,-73.467,624.842,101.942,0.000,72.265,85.122,-61.995,634.815,17.030,-78.208,641.404,17.030,0.0000,0.0000,-50.660,624.621,96.719,-92.847,635.323,96.719,0.4693,0.0000,0.0000,0,0.000,0.000,0.0000,0.0000,0,0,-92.847,635.323,96.719,0.000,0,-1.000000,1.000,28.924,-1.000000,0.0000,0.0000,0,0,0.000,1.000,19.607,-92.847,635.323,96.719,0,0,-1,99.680292
146,20.0792,orbit-standing-character,-73.467,624.842,101.942,0.000,72.265,92.158,-61.995,634.815,17.030,-78.208,641.404,17.030,0.0000,0.0000,-50.652,624.659,96.724,-92.836,635.361,96.724,0.4693,0.0000,0.0000,0,0.000,0.000,0.0000,0.0000,0,0,-92.836,635.361,96.724,0.000,0,-1.000000,1.000,28.924,-1.000000,0.0000,0.0000,0,0,0.000,1.000,19.607,-92.836,635.361,96.724,0,0,-1,99.678185
147,20.2102,orbit-standing-character,-73.467,624.842,101.942,0.000,72.265,99.172,-61.995,634.815,17.030,-78.208,641.404,17.030,0.0000,0.0000,-50.624,624.789,96.742,-92.798,635.489,96.742,0.4693,0.0000,0.0000,0,0.000,0.000,0.0000,0.0000,0,0,-92.798,635.489,96.742,0.000,0,-1.000000,1.000,28.924,-1.000000,0.0000,0.0000,0,0,0.000,1.000,19.607,-92.798,635.489,96.742,0,0,-1,99.676085
148,20.3464,orbit-standing-character,-73.467,624.842,101.942,0.000,72.265,106.446,-61.995,634.815,17.030,-78.208,641.404,17.030,0.0000,0.0000,-50.607,624.873,96.753,-92.773,635.571,96.754,0.4693,0.0000,0.0000,0,0.000,0.000,0.0000,0.0000,0,0,-92.773,635.571,96.754,0.000,0,-1.000000,1.000,28.924,-1.000000,0.0000,0.0000,0,0,0.000,1.000,19.607,-92.773,635.571,96.754,0,0,-1,99.673907
149,20.4826,orbit-standing-character,-73.467,624.842,101.942,0.000,72.265,113.733,-61.995,634.815,17.030,-78.208,641.404,17.030,0.0000,0.0000,-50.587,624.968,96.767,-92.746,635.664,96.767,0.4693,0.0000,0.0000,0,0.000,0.000,0.0000,0.0000,0,0,-92.746,635.664,96.767,0.000,0,-1.000000,1.000,28.924,-1.000000,0.0000,0.0000,0,0,0.000,1.000,19.607,-92.746,635.664,96.767,0,0,-1,99.671725
150,20.6216,orbit-standing-character,-73.467,624.842,101.942,0.000,72.265,121.153,-61.995,634.815,17.030,-78.208,641.404,17.030,0.0000,0.0000,-50.567,625.063,96.781,-92.718,635.757,96.781,0.4693,0.0000,0.0000,0,0.000,0.000,0.0000,0.0000,0,0,-92.718,635.757,96.781,0.000,0,-1.000000,1.000,28.924,-1.000000,0.0000,0.0000,0,0,0.000,1.000,19.607,-92.718,635.757,96.781,0,0,-1,99.669503
151,20.7578,orbit-standing-character,-73.467,624.842,101.942,0.000,72.265,128.442,-61.995,634.815,17.030,-78.208,641.404,17.030,0.0000,0.0000,-50.550,625.144,96.793,-92.694,635.836,96.793,0.4693,0.0000,0.0000,0,0.000,0.000,0.0000,0.0000,0,0,-92.694,635.836,96.793,0.000,0,-1.000000,1.000,28.924,-1.000000,0.0000,0.0000,0,0,0.000,1.000,19.607,-92.694,635.836,96.793,0,0,-1,99.667321
152,20.8984,orbit-standing-character,-73.467,624.842,101.942,0.000,72.265,135.955,-61.995,634.815,17.030,-78.208,641.404,17.030,0.0000,0.0000,-50.535,625.216,96.803,-92.673,635.905,96.803,0.4693,0.0000,0.0000,0,0.000,0.000,0.0000,0.0000,0,0,-92.673,635.905,96.803,0.000,0,-1.000000,1.000,28.924,-1.000000,0.0000,0.0000,0,0,0.000,1.000,19.607,-92.673,635.905,96.803,0,0,-1,99.665071
153,21.0374,orbit-standing-character,-73.467,624.842,101.942,0.000,72.265,143.381,-61.995,634.815,17.030,-78.208,641.404,17.030,0.0000,0.0000,-50.535,625.216,96.803,-92.673,635.905,96.803,0.4693,0.0000,0.0000,0,0.000,0.000,0.0000,0.0000,0,0,-92.673,635.905,96.803,0.000,0,-1.000000,1.000,28.924,-1.000000,0.0000,0.0000,0,0,0.000,1.000,19.607,-92.673,635.905,96.803,0,0,-1,99.662848
154,21.1782,orbit-standing-character,-73.467,624.842,101.942,0.000,72.265,150.905,-61.995,634.815,17.030,-78.208,641.404,17.030,0.0000,0.0000,-50.521,625.285,96.814,-92.653,635.973,96.814,0.4693,0.0000,0.0000,0,0.000,0.000,0.0000,0.0000,0,0,-92.653,635.973,96.814,0.000,0,-1.000000,1.000,28.924,-1.000000,0.0000,0.0000,0,0,0.000,1.000,19.607,-92.653,635.973,96.814,0,0,-1,99.660595
155,21.3188,orbit-standing-character,-73.467,624.842,101.942,0.000,72.265,158.419,-61.995,634.815,17.030,-78.208,641.404,17.030,0.0000,0.0000,-50.521,625.285,96.814,-92.653,635.973,96.814,0.4693,0.0000,0.0000,0,0.000,0.000,0.0000,0.0000,0,0,-92.653,635.973,96.814,0.000,0,-1.000000,1.000,28.924,-1.000000,0.0000,0.0000,0,0,0.000,1.000,19.607,-92.653,635.973,96.814,0,0,-1,99.658345
156,21.4584,orbit-standing-character,-73.467,624.842,101.942,0.000,72.265,165.880,-61.995,634.815,17.030,-78.208,641.404,17.030,0.0000,0.0000,-50.531,625.236,96.807,-92.667,635.926,96.808,0.4693,0.0000,0.0000,0,0.000,0.000,0.0000,0.0000,0,0,-92.667,635.926,96.808,0.000,0,-1.000000,1.000,28.924,-1.000000,0.0000,0.0000,0,0,0.000,1.000,19.607,-92.667,635.926,96.808,0,0,-1,99.656112
157,21.5992,orbit-standing-character,-73.467,624.842,101.942,0.000,72.265,173.406,-61.995,634.815,17.030,-78.208,641.404,17.030,0.0000,0.0000,-50.546,625.163,96.801,-92.688,635.854,96.801,0.4693,0.0000,0.0000,0,0.000,0.000,0.0000,0.0000,0,0,-92.688,635.854,96.801,0.000,0,-1.000000,1.000,28.924,-1.000000,0.0000,0.0000,0,0,0.000,1.000,19.607,-92.688,635.854,96.801,0,0,-1,99.653858
158,21.7243,orbit-standing-character,-73.467,624.842,101.942,0.000,72.265,180.077,-61.995,634.815,17.030,-78.208,641.404,17.030,0.0000,0.0000,-50.558,625.107,96.787,-92.705,635.800,96.787,0.4693,0.0000,0.0000,0,0.000,0.000,0.0000,0.0000,0,0,-92.705,635.800,96.787,0.000,0,-1.000000,1.000,28.924,-1.000000,0.0000,0.0000,0,0,0.000,1.000,19.607,-92.705,635.800,96.787,0,0,-1,99.651861
159,21.8613,orbit-standing-character,-73.467,624.842,101.942,0.000,72.265,187.407,-61.995,634.815,17.030,-78.208,641.404,17.030,0.0000,0.0000,-50.578,625.012,96.773,-92.733,635.707,96.773,0.4693,0.0000,0.0000,0,0.000,0.000,0.0000,0.0000,0,0,-92.733,635.707,96.773,0.000,0,-1.000000,1.000,28.924,-1.000000,0.0000,0.0000,0,0,0.000,1.000,19.607,-92.733,635.707,96.773,0,0,-1,99.649666
160,21.9958,orbit-standing-character,-73.467,624.842,101.942,0.000,72.265,194.581,-61.995,634.815,17.030,-78.208,641.404,17.030,0.0000,0.0000,-50.596,624.925,96.761,-92.758,635.621,96.761,0.4693,0.0000,0.0000,0,0.000,0.000,0.0000,0.0000,0,0,-92.758,635.621,96.761,0.000,0,-1.000000,1.000,28.924,-1.000000,0.0000,0.0000,0,0,0.000,1.000,19.607,-92.758,635.621,96.761,0,0,-1,99.647518
161,22.1332,orbit-standing-character,-73.467,624.842,101.942,0.000,72.265,201.937,-61.995,634.815,17.030,-78.208,641.404,17.030,0.0000,0.0000,-50.616,624.829,96.747,-92.786,635.528,96.747,0.4693,0.0000,0.0000,0,0.000,0.000,0.0000,0.0000,0,0,-92.786,635.528,96.747,0.000,0,-1.000000,1.000,28.924,-1.000000,0.0000,0.0000,0,0,0.000,1.000,19.607,-92.786,635.528,96.747,0,0,-1,99.645315
162,22.2714,orbit-standing-character,-73.467,624.842,101.942,0.000,72.265,209.308,-61.995,634.815,17.030,-78.208,641.404,17.030,0.0000,0.0000,-50.631,624.759,96.736,-92.807,635.458,96.736,0.4693,0.0000,0.0000,0,0.000,0.000,0.0000,0.0000,0,0,-92.807,635.458,96.736,0.000,0,-1.000000,1.000,28.924,-1.000000,0.0000,0.0000,0,0,0.000,1.000,19.607,-92.807,635.458,96.736,0,0,-1,99.643109
163,22.4099,orbit-standing-character,-73.467,624.842,101.942,0.000,72.265,216.724,-61.995,634.815,17.030,-78.208,641.404,17.030,0.0000,0.0000,-50.636,624.738,96.728,-92.812,635.438,96.728,0.4693,0.0000,0.0000,0,0.000,0.000,0.0000,0.0000,0,0,-92.812,635.438,96.728,0.000,0,-1.000000,1.000,28.924,-1.000000,0.0000,0.0000,0,0,0.000,1.000,19.607,-92.812,635.438,96.728,0,0,-1,99.640888
164,22.5497,orbit-standing-character,-73.467,624.842,101.942,0.000,72.265,224.184,-61.995,634.815,17.030,-78.208,641.404,17.030,0.0000,0.0000,-50.656,624.638,96.721,-92.842,635.340,96.721,0.4693,0.0000,0.0000,0,0.000,0.000,0.0000,0.0000,0,0,-92.842,635.340,96.721,0.000,0,-1.000000,1.000,28.924,-1.000000,0.0000,0.0000,0,0,0.000,1.000,19.607,-92.842,635.340,96.721,0,0,-1,99.638654
165,22.6906,open-pack,-73.467,624.842,101.942,0.000,72.265,231.723,-61.995,634.815,17.030,-78.208,641.404,17.030,0.0000,0.0000,-50.656,624.638,96.721,-92.842,635.340,96.721,0.4693,0.0000,0.0000,0,0.000,0.000,0.0000,0.0000,0,0,-92.842,635.340,96.721,0.000,0,-1.000000,1.000,28.924,-1.000000,0.0000,0.0000,0,0,0.000,1.000,19.607,-92.842,635.340,96.721,0,0,-1,99.636397
166,22.8348,open-pack,-73.467,624.842,101.942,0.000,72.265,231.723,-61.995,634.815,17.030,-78.208,641.404,17.030,0.0000,0.0000,-50.660,624.621,96.719,-92.847,635.323,96.719,0.4693,0.0000,0.0000,0,0.000,0.000,0.0000,0.0000,0,0,-92.847,635.323,96.719,0.000,0,-1.000000,1.000,28.924,-1.000000,0.0000,0.0000,0,0,0.000,1.000,19.607,-92.847,635.323,96.719,0,0,-1,99.636397
167,22.9756,open-pack,-73.467,624.842,101.942,0.000,72.265,231.723,-61.995,634.815,17.030,-78.208,641.404,17.030,0.0000,0.0000,-50.660,624.621,96.719,-92.847,635.323,96.719,0.4693,0.0000,0.0000,0,0.000,0.000,0.0000,0.0000,0,0,-92.847,635.323,96.719,0.000,0,-1.000000,1.000,28.924,-1.000000,0.0000,0.0000,0,0,0.000,1.000,19.607,-92.847,635.323,96.719,0,0,-1,99.636397
168,23.1585,open-pack,-73.467,624.842,101.942,0.000,72.265,231.723,-61.995,634.815,17.030,-78.208,641.404,17.030,0.0000,0.0000,-50.631,624.756,96.737,-92.807,635.457,96.737,0.4693,0.0000,0.0000,0,0.000,0.000,0.0000,0.0000,0,0,-92.807,635.457,96.737,0.000,0,-1.000000,1.000,28.924,-1.000000,0.0000,0.0000,0,0,0.000,1.000,19.607,-92.807,635.457,96.737,0,0,-1,99.636397
169,23.3043,open-look,-73.467,624.842,101.942,0.000,72.265,231.723,-61.995,634.815,17.030,-78.208,641.404,17.030,0.0000,0.0000,-50.612,624.849,96.750,-92.780,635.547,96.750,0.4693,0.0000,0.0000,0,0.000,0.000,0.0000,0.0000,0,0,-92.780,635.547,96.750,0.000,0,-1.000000,1.000,28.924,-1.000000,0.0000,0.0000,0,0,0.000,1.000,19.607,-92.780,635.547,96.750,0,0,-1,99.636397
170,23.4508,open-look,-73.467,624.842,101.942,0.000,72.265,231.723,-61.995,634.815,17.030,-78.208,641.404,17.030,0.0000,0.0000,-50.592,624.945,96.764,-92.752,635.641,96.764,0.4693,0.0000,0.0000,0,0.000,0.000,0.0000,0.0000,0,0,-92.752,635.641,96.764,0.000,0,-1.000000,1.000,28.924,-1.000000,0.0000,0.0000,0,0,0.000,1.000,19.607,-92.752,635.641,96.764,0,0,-1,99.636397
171,23.5947,open-look,-73.467,624.842,101.942,0.000,72.265,231.723,-61.995,634.815,17.030,-78.208,641.404,17.030,0.0000,0.0000,-50.570,625.048,96.778,-92.722,635.742,96.778,0.4693,0.0000,0.0000,0,0.000,0.000,0.0000,0.0000,0,0,-92.722,635.742,96.778,0.000,0,-1.000000,1.000,28.924,-1.000000,0.0000,0.0000,0,0,0.000,1.000,19.607,-92.722,635.742,96.778,0,0,-1,99.636397
172,23.7376,open-look,-73.467,624.842,101.942,0.000,72.265,231.723,-61.995,634.815,17.030,-78.208,641.404,17.030,0.0000,0.0000,-50.553,625.132,96.791,-92.698,635.824,96.791,0.4693,0.0000,0.0000,0,0.000,0.000,0.0000,0.0000,0,0,-92.698,635.824,96.791,0.000,0,-1.000000,1.000,28.924,-1.000000,0.0000,0.0000,0,0,0.000,1.000,19.607,-92.698,635.824,96.791,0,0,-1,99.636397
173,23.8804,open-look,-73.467,624.842,101.942,0.000,72.265,231.723,-61.995,634.815,17.030,-78.208,641.404,17.030,0.0000,0.0000,-50.536,625.213,96.803,-92.674,635.904,96.803,0.4693,0.0000,0.0000,0,0.000,0.000,0.0000,0.0000,0,0,-92.674,635.904,96.803,0.000,0,-1.000000,1.000,28.924,-1.000000,0.0000,0.0000,0,0,0.000,1.000,19.607,-92.674,635.904,96.803,0,0,-1,99.636397
174,24.0219,open-look,-73.467,624.842,101.942,0.000,72.265,231.723,-61.995,634.815,17.030,-78.208,641.404,17.030,0.0000,0.0000,-50.535,625.216,96.803,-92.673,635.905,96.803,0.4693,0.0000,0.0000,0,0.000,0.000,0.0000,0.0000,0,0,-92.673,635.905,96.803,0.000,0,-1.000000,1.000,28.924,-1.000000,0.0000,0.0000,0,0,0.000,1.000,19.607,-92.673,635.905,96.803,0,0,-1,99.636397
175,24.1648,open-look,-73.467,624.842,101.942,0.000,72.265,231.723,-61.995,634.815,17.030,-78.208,641.404,17.030,0.0000,0.0000,-50.521,625.285,96.814,-92.653,635.973,96.814,0.4693,0.0000,0.0000,0,0.000,0.000,0.0000,0.0000,0,0,-92.653,635.973,96.814,0.000,0,-1.000000,1.000,28.924,-1.000000,0.0000,0.0000,0,0,0.000,1.000,19.607,-92.653,635.973,96.814,0,0,-1,99.636397
176,24.3069,open-look,-73.467,624.842,101.942,0.000,72.265,231.723,-61.995,634.815,17.030,-78.208,641.404,17.030,0.0000,0.0000,-50.521,625.285,96.814,-92.653,635.973,96.814,0.4693,0.0000,0.0000,0,0.000,0.000,0.0000,0.0000,0,0,-92.653,635.973,96.814,0.000,0,-1.000000,1.000,28.924,-1.000000,0.0000,0.0000,0,0,0.000,1.000,19.607,-92.653,635.973,96.814,0,0,-1,99.636397
177,24.4511,open-look,-73.467,624.842,101.942,0.000,72.265,231.723,-61.995,634.815,17.030,-78.208,641.404,17.030,0.0000,0.0000,-50.530,625.240,96.808,-92.666,635.930,96.808,0.4693,0.0000,0.0000,0,0.000,0.000,0.0000,0.0000,0,0,-92.666,635.930,96.808,0.000,0,-1.000000,1.000,28.924,-1.000000,0.0000,0.0000,0,0,0.000,1.000,19.607,-92.666,635.930,96.808,0,0,-1,99.636397
178,24.5960,open-look,-73.467,624.842,101.942,0.000,72.265,231.723,-61.995,634.815,17.030,-78.208,641.404,17.030,0.0000,0.0000,-50.546,625.165,96.801,-92.688,635.856,96.801,0.4693,0.0000,0.0000,0,0.000,0.000,0.0000,0.0000,0,0,-92.688,635.856,96.801,0.000,0,-1.000000,1.000,28.924,-1.000000,0.0000,0.0000,0,0,0.000,1.000,19.607,-92.688,635.856,96.801,0,0,-1,99.636397
179,24.7433,open-look,-73.467,624.842,101.942,0.000,72.265,231.723,-61.995,634.815,17.030,-78.208,641.404,17.030,0.0000,0.0000,-50.560,625.094,96.785,-92.709,635.787,96.785,0.4693,0.0000,0.0000,0,0.000,0.000,0.0000,0.0000,0,0,-92.709,635.787,96.785,0.000,0,-1.000000,1.000,28.924,-1.000000,0.0000,0.0000,0,0,0.000,1.000,19.607,-92.709,635.787,96.785,0,0,-1,99.636397
180,24.8913,open-look,-73.467,624.842,101.942,0.000,72.265,231.723,-61.995,634.815,17.030,-78.208,641.404,17.030,0.0000,0.0000,-50.582,624.991,96.770,-92.739,635.686,96.770,0.4693,0.0000,0.0000,0,0.000,0.000,0.0000,0.0000,0,0,-92.739,635.686,96.770,0.000,0,-1.000000,1.000,28.924,-1.000000,0.0000,0.0000,0,0,0.000,1.000,19.607,-92.739,635.686,96.770,0,0,-1,99.636397
181,25.0359,open-look,-73.467,624.842,101.942,0.000,72.265,231.723,-61.995,634.815,17.030,-78.208,641.404,17.030,0.0000,0.0000,-50.602,624.897,96.757,-92.766,635.594,96.757,0.4693,0.0000,0.0000,0,0.000,0.000,0.0000,0.0000,0,0,-92.766,635.594,96.757,0.000,0,-1.000000,1.000,28.924,-1.000000,0.0000,0.0000,0,0,0.000,1.000,19.607,-92.766,635.594,96.757,0,0,-1,99.636397
182,25.1812,open-look,-73.467,624.842,101.942,0.000,72.265,231.723,-61.995,634.815,17.030,-78.208,641.404,17.030,0.0000,0.0000,-50.623,624.796,96.743,-92.796,635.495,96.743,0.4693,0.0000,0.0000,0,0.000,0.000,0.0000,0.0000,0,0,-92.796,635.495,96.743,0.000,0,-1.000000,1.000,28.924,-1.000000,0.0000,0.0000,0,0,0.000,1.000,19.607,-92.796,635.495,96.743,0,0,-1,99.636397
183,25.3264,open-look,-73.467,624.842,101.942,0.000,72.265,231.723,-61.995,634.815,17.030,-78.208,641.404,17.030,0.0000,0.0000,-50.633,624.751,96.733,-92.809,635.450,96.733,0.4693,0.0000,0.0000,0,0.000,0.000,0.0000,0.0000,0,0,-92.809,635.450,96.733,0.000,0,-1.000000,1.000,28.924,-1.000000,0.0000,0.0000,0,0,0.000,1.000,19.607,-92.809,635.450,96.733,0,0,-1,99.636397
184,25.4730,open-look,-73.467,624.842,101.942,0.000,72.265,231.723,-61.995,634.815,17.030,-78.208,641.404,17.030,0.0000,0.0000,-50.638,624.729,96.724,-92.814,635.428,96.724,0.4693,0.0000,0.0000,0,0.000,0.000,0.0000,0.0000,0,0,-92.814,635.428,96.724,0.000,0,-1.000000,1.000,28.924,-1.000000,0.0000,0.0000,0,0,0.000,1.000,19.607,-92.814,635.428,96.724,0,0,-1,99.636397
185,25.6198,open-look,-73.467,624.842,101.942,0.000,72.265,231.723,-61.995,634.815,17.030,-78.208,641.404,17.030,0.0000,0.0000,-50.656,624.638,96.721,-92.842,635.340,96.721,0.4693,0.0000,0.0000,0,0.000,0.000,0.0000,0.0000,0,0,-92.842,635.340,96.721,0.000,0,-1.000000,1.000,28.924,-1.000000,0.0000,0.0000,0,0,0.000,1.000,19.607,-92.842,635.340,96.721,0,0,-1,99.636397
186,25.7696,open-look,-73.467,624.842,101.942,0.000,72.265,231.723,-61.995,634.815,17.030,-78.208,641.404,17.030,0.0000,0.0000,-50.656,624.638,96.721,-92.842,635.340,96.721,0.4693,0.0000,0.0000,0,0.000,0.000,0.0000,0.0000,0,0,-92.842,635.340,96.721,0.000,0,-1.000000,1.000,28.924,-1.000000,0.0000,0.0000,0,0,0.000,1.000,19.607,-92.842,635.340,96.721,0,0,-1,99.636397
187,25.9197,open-look,-73.467,624.842,101.942,0.000,72.265,231.723,-61.995,634.815,17.030,-78.208,641.404,17.030,0.0000,0.0000,-50.660,624.621,96.719,-92.847,635.323,96.719,0.4693,0.0000,0.0000,0,0.000,0.000,0.0000,0.0000,0,0,-92.847,635.323,96.719,0.000,0,-1.000000,1.000,28.924,-1.000000,0.0000,0.0000,0,0,0.000,1.000,19.607,-92.847,635.323,96.719,0,0,-1,99.636397
188,26.0750,open-look,-73.467,624.842,101.942,0.000,72.265,231.723,-61.995,634.815,17.030,-78.208,641.404,17.030,0.0000,0.0000,-50.656,624.637,96.721,-92.842,635.339,96.721,0.4693,0.0000,0.0000,0,0.000,0.000,0.0000,0.0000,0,0,-92.842,635.339,96.721,0.000,0,-1.000000,1.000,28.924,-1.000000,0.0000,0.0000,0,0,0.000,1.000,19.607,-92.842,635.339,96.721,0,0,-1,99.636397
189,26.2259,open-look,-73.467,624.842,101.942,0.000,72.265,231.723,-61.995,634.815,17.030,-78.208,641.404,17.030,0.0000,0.0000,-50.622,624.799,96.743,-92.795,635.499,96.743,0.4693,0.0000,0.0000,0,0.000,0.000,0.0000,0.0000,0,0,-92.795,635.499,96.743,0.000,0,-1.000000,1.000,28.924,-1.000000,0.0000,0.0000,0,0,0.000,1.000,19.607,-92.795,635.499,96.743,0,0,-1,99.636397
190,26.3835,portrait-idle,-73.467,624.842,101.942,0.000,72.265,231.723,-61.995,634.815,17.030,-78.208,641.404,17.030,0.0000,0.0000,-50.602,624.897,96.757,-92.766,635.594,96.757,0.4693,0.0000,0.0000,0,0.000,0.000,0.0000,0.0000,0,0,-92.766,635.594,96.757,0.000,0,-1.000000,1.000,28.924,-1.000000,0.0000,0.0000,0,0,0.000,1.000,19.607,-92.766,635.594,96.757,0,0,-1,99.636397
191,26.5352,portrait-idle,-73.467,624.842,101.942,0.000,72.265,231.723,-61.995,634.815,17.030,-78.208,641.404,17.030,0.0000,0.0000,-50.579,625.005,96.772,-92.735,635.700,96.772,0.4693,0.0000,0.0000,0,0.000,0.000,0.0000,0.0000,0,0,-92.735,635.700,96.772,0.000,0,-1.000000,1.000,28.924,-1.000000,0.0000,0.0000,0,0,0.000,1.000,19.607,-92.735,635.700,96.772,0,0,-1,99.636397
192,26.6914,portrait-idle,-73.467,624.842,101.942,0.000,72.265,231.723,-61.995,634.815,17.030,-78.208,641.404,17.030,0.0000,0.0000,-50.558,625.104,96.787,-92.706,635.797,96.787,0.4693,0.0000,0.0000,0,0.000,0.000,0.0000,0.0000,0,0,-92.706,635.797,96.787,0.000,0,-1.000000,1.000,28.924,-1.000000,0.0000,0.0000,0,0,0.000,1.000,19.607,-92.706,635.797,96.787,0,0,-1,99.636397
193,26.8471,portrait-idle,-73.467,624.842,101.942,0.000,72.265,231.723,-61.995,634.815,17.030,-78.208,641.404,17.030,0.0000,0.0000,-50.539,625.196,96.801,-92.679,635.887,96.801,0.4693,0.0000,0.0000,0,0.000,0.000,0.0000,0.0000,0,0,-92.679,635.887,96.801,0.000,0,-1.000000,1.000,28.924,-1.000000,0.0000,0.0000,0,0,0.000,1.000,19.607,-92.679,635.887,96.801,0,0,-1,99.636397
194,26.9880,portrait-idle,-73.467,624.842,101.942,0.000,72.265,231.723,-61.995,634.815,17.030,-78.208,641.404,17.030,0.0000,0.0000,-50.535,625.216,96.803,-92.673,635.905,96.803,0.4693,0.0000,0.0000,0,0.000,0.000,0.0000,0.0000,0,0,-92.673,635.905,96.803,0.000,0,-1.000000,1.000,28.924,-1.000000,0.0000,0.0000,0,0,0.000,1.000,19.607,-92.673,635.905,96.803,0,0,-1,99.636397
195,27.1379,portrait-idle,-73.467,624.842,101.942,0.000,72.265,231.723,-61.995,634.815,17.030,-78.208,641.404,17.030,0.0000,0.0000,-50.535,625.216,96.803,-92.673,635.905,96.803,0.4693,0.0000,0.0000,0,0.000,0.000,0.0000,0.0000,0,0,-92.673,635.905,96.803,0.000,0,-1.000000,1.000,28.924,-1.000000,0.0000,0.0000,0,0,0.000,1.000,19.607,-92.673,635.905,96.803,0,0,-1,99.636397
196,27.2874,portrait-idle,-73.467,624.842,101.942,0.000,72.265,231.723,-61.995,634.815,17.030,-78.208,641.404,17.030,0.0000,0.0000,-50.521,625.285,96.814,-92.653,635.973,96.814,0.4693,0.0000,0.0000,0,0.000,0.000,0.0000,0.0000,0,0,-92.653,635.973,96.814,0.000,0,-1.000000,1.000,28.924,-1.000000,0.0000,0.0000,0,0,0.000,1.000,19.607,-92.653,635.973,96.814,0,0,-1,99.636397
197,27.4361,portrait-idle,-73.467,624.842,101.942,0.000,72.265,231.723,-61.995,634.815,17.030,-78.208,641.404,17.030,0.0000,0.0000,-50.528,625.248,96.809,-92.663,635.938,96.809,0.4693,0.0000,0.0000,0,0.000,0.000,0.0000,0.0000,0,0,-92.663,635.938,96.809,0.000,0,-1.000000,1.000,28.924,-1.000000,0.0000,0.0000,0,0,0.000,1.000,19.607,-92.663,635.938,96.809,0,0,-1,99.636397
198,27.5932,portrait-idle,-73.467,624.842,101.942,0.000,72.265,231.723,-61.995,634.815,17.030,-78.208,641.404,17.030,0.0000,0.0000,-50.546,625.166,96.801,-92.687,635.858,96.801,0.4693,0.0000,0.0000,0,0.000,0.000,0.0000,0.0000,0,0,-92.687,635.858,96.801,0.000,0,-1.000000,1.000,28.924,-1.000000,0.0000,0.0000,0,0,0.000,1.000,19.607,-92.687,635.858,96.801,0,0,-1,99.636397
199,27.7460,portrait-idle,-73.467,624.842,101.942,0.000,72.265,231.723,-61.995,634.815,17.030,-78.208,641.404,17.030,0.0000,0.0000,-50.561,625.092,96.785,-92.709,635.785,96.785,0.4693,0.0000,0.0000,0,0.000,0.000,0.0000,0.0000,0,0,-92.709,635.785,96.785,0.000,0,-1.000000,1.000,28.924,-1.000000,0.0000,0.0000,0,0,0.000,1.000,19.607,-92.709,635.785,96.785,0,0,-1,99.636397
200,27.8961,portrait-idle,-73.467,624.842,101.942,0.000,72.265,231.723,-61.995,634.815,17.030,-78.208,641.404,17.030,0.0000,0.0000,-50.583,624.988,96.770,-92.740,635.683,96.770,0.4693,0.0000,0.0000,0,0.000,0.000,0.0000,0.0000,0,0,-92.740,635.683,96.770,0.000,0,-1.000000,1.000,28.924,-1.000000,0.0000,0.0000,0,0,0.000,1.000,19.607,-92.740,635.683,96.770,0,0,-1,99.636397
201,28.0448,portrait-idle,-73.467,624.842,101.942,0.000,72.265,231.723,-61.995,634.815,17.030,-78.208,641.404,17.030,0.0000,0.0000,-50.603,624.890,96.756,-92.768,635.588,96.756,0.4693,0.0000,0.0000,0,0.000,0.000,0.0000,0.0000,0,0,-92.768,635.588,96.756,0.000,0,-1.000000,1.000,28.924,-1.000000,0.0000,0.0000,0,0,0.000,1.000,19.607,-92.768,635.588,96.756,0,0,-1,99.636397
202,28.1946,portrait-idle,-73.467,624.842,101.942,0.000,72.265,231.723,-61.995,634.815,17.030,-78.208,641.404,17.030,0.0000,0.0000,-50.625,624.787,96.741,-92.799,635.486,96.741,0.4693,0.0000,0.0000,0,0.000,0.000,0.0000,0.0000,0,0,-92.799,635.486,96.741,0.000,0,-1.000000,1.000,28.924,-1.000000,0.0000,0.0000,0,0,0.000,1.000,19.607,-92.799,635.486,96.741,0,0,-1,99.636397
203,28.3462,portrait-idle,-73.467,624.842,101.942,0.000,72.265,231.723,-61.995,634.815,17.030,-78.208,641.404,17.030,0.0000,0.0000,-50.634,624.748,96.732,-92.809,635.447,96.732,0.4693,0.0000,0.0000,0,0.000,0.000,0.0000,0.0000,0,0,-92.809,635.447,96.732,0.000,0,-1.000000,1.000,28.924,-1.000000,0.0000,0.0000,0,0,0.000,1.000,19.607,-92.809,635.447,96.732,0,0,-1,99.636397
204,28.4976,portrait-idle,-73.467,624.842,101.942,0.000,72.265,231.723,-61.995,634.815,17.030,-78.208,641.404,17.030,0.0000,0.0000,-50.639,624.725,96.722,-92.815,635.425,96.722,0.4693,0.0000,0.0000,0,0.000,0.000,0.0000,0.0000,0,0,-92.815,635.425,96.722,0.000,0,-1.000000,1.000,28.924,-1.000000,0.0000,0.0000,0,0,0.000,1.000,19.607,-92.815,635.425,96.722,0,0,-1,99.636397
205,28.6507,portrait-idle,-73.467,624.842,101.942,0.000,72.265,231.723,-61.995,634.815,17.030,-78.208,641.404,17.030,0.0000,0.0000,-50.656,624.638,96.721,-92.842,635.340,96.721,0.4693,0.0000,0.0000,0,0.000,0.000,0.0000,0.0000,0,0,-92.842,635.340,96.721,0.000,0,-1.000000,1.000,28.924,-1.000000,0.0000,0.0000,0,0,0.000,1.000,19.607,-92.842,635.340,96.721,0,0,-1,99.636397
206,28.8162,portrait-idle,-73.467,624.842,101.942,0.000,72.265,231.723,-61.995,634.815,17.030,-78.208,641.404,17.030,0.0000,0.0000,-50.660,624.621,96.719,-92.847,635.323,96.719,0.4693,0.0000,0.0000,0,0.000,0.000,0.0000,0.0000,0,0,-92.847,635.323,96.719,0.000,0,-1.000000,1.000,28.924,-1.000000,0.0000,0.0000,0,0,0.000,1.000,19.607,-92.847,635.323,96.719,0,0,-1,99.636397
207,28.9785,portrait-idle,-73.467,624.842,101.942,0.000,72.265,231.723,-61.995,634.815,17.030,-78.208,641.404,17.030,0.0000,0.0000,-50.660,624.621,96.719,-92.847,635.323,96.719,0.4693,0.0000,0.0000,0,0.000,0.000,0.0000,0.0000,0,0,-92.847,635.323,96.719,0.000,0,-1.000000,1.000,28.924,-1.000000,0.0000,0.0000,0,0,0.000,1.000,19.607,-92.847,635.323,96.719,0,0,-1,99.636397
208,29.1364,portrait-idle,-73.467,624.842,101.942,0.000,72.265,231.723,-61.995,634.815,17.030,-78.208,641.404,17.030,0.0000,0.0000,-50.634,624.742,96.735,-92.812,635.443,96.735,0.4693,0.0000,0.0000,0,0.000,0.000,0.0000,0.0000,0,0,-92.812,635.443,96.735,0.000,0,-1.000000,1.000,28.924,-1.000000,0.0000,0.0000,0,0,0.000,1.000,19.607,-92.812,635.443,96.735,0,0,-1,99.636397
209,29.2950,portrait-idle,-73.467,624.842,101.942,0.000,72.265,231.723,-61.995,634.815,17.030,-78.208,641.404,17.030,0.0000,0.0000,-50.613,624.843,96.749,-92.782,635.541,96.749,0.4693,0.0000,0.0000,0,0.000,0.000,0.0000,0.0000,0,0,-92.782,635.541,96.749,0.000,0,-1.000000,1.000,28.924,-1.000000,0.0000,0.0000,0,0,0.000,1.000,19.607,-92.782,635.541,96.749,0,0,-1,99.636397
210,29.4434,portrait-orbit,-73.467,624.842,101.942,0.000,72.265,231.723,-61.995,634.815,17.030,-78.208,641.404,17.030,0.0000,0.0000,-50.593,624.940,96.763,-92.754,635.636,96.763,0.4693,0.0000,0.0000,0,0.000,0.000,0.0000,0.0000,0,0,-92.754,635.636,96.763,0.000,0,-1.000000,1.000,28.924,-1.000000,0.0000,0.0000,0,0,0.000,1.000,19.607,-92.754,635.636,96.763,0,0,-1,99.636397
211,29.5923,portrait-orbit,-73.467,624.842,101.942,0.000,72.265,231.723,-61.995,634.815,17.030,-78.208,641.404,17.030,0.0000,0.0000,-50.571,625.046,96.778,-92.723,635.740,96.778,0.4693,0.0000,0.0000,0,0.000,0.000,0.0000,0.0000,0,0,-92.723,635.740,96.778,0.000,0,-1.000000,1.000,28.924,-1.000000,0.0000,0.0000,0,0,0.000,1.000,19.607,-92.723,635.740,96.778,0,0,-1,99.636397
212,29.7444,portrait-orbit,-73.467,624.842,101.942,0.000,72.265,231.723,-61.995,634.815,17.030,-78.208,641.404,17.030,0.0000,0.0000,-50.552,625.136,96.791,-92.696,635.828,96.791,0.4693,0.0000,0.0000,0,0.000,0.000,0.0000,0.0000,0,0,-92.696,635.828,96.791,0.000,0,-1.000000,1.000,28.924,-1.000000,0.0000,0.0000,0,0,0.000,1.000,19.607,-92.696,635.828,96.791,0,0,-1,99.636397
213,29.8955,portrait-orbit,-73.467,624.842,101.942,0.000,72.265,231.723,-61.995,634.815,17.030,-78.208,641.404,17.030,0.0000,0.0000,-50.535,625.216,96.803,-92.673,635.905,96.803,0.4693,0.0000,0.0000,0,0.000,0.000,0.0000,0.0000,0,0,-92.673,635.905,96.803,0.000,0,-1.000000,1.000,28.924,-1.000000,0.0000,0.0000,0,0,0.000,1.000,19.607,-92.673,635.905,96.803,0,0,-1,99.636397
214,30.0454,portrait-orbit,-73.467,624.842,101.942,0.000,72.265,231.723,-61.995,634.815,17.030,-78.208,641.404,17.030,0.0000,0.0000,-50.535,625.216,96.803,-92.673,635.905,96.803,0.4693,0.0000,0.0000,0,0.000,0.000,0.0000,0.0000,0,0,-92.673,635.905,96.803,0.000,0,-1.000000,1.000,28.924,-1.000000,0.0000,0.0000,0,0,0.000,1.000,19.607,-92.673,635.905,96.803,0,0,-1,99.636397
215,30.1931,portrait-orbit,-73.467,624.842,101.942,0.000,72.265,231.723,-61.995,634.815,17.030,-78.208,641.404,17.030,0.0000,0.0000,-50.521,625.285,96.814,-92.653,635.973,96.814,0.4693,0.0000,0.0000,0,0.000,0.000,0.0000,0.0000,0,0,-92.653,635.973,96.814,0.000,0,-1.000000,1.000,28.924,-1.000000,0.0000,0.0000,0,0,0.000,1.000,19.607,-92.653,635.973,96.814,0,0,-1,99.636397
216,30.3435,portrait-orbit,-73.467,624.842,101.942,0.000,72.265,231.723,-61.995,634.815,17.030,-78.208,641.404,17.030,0.0000,0.0000,-50.521,625.285,96.814,-92.653,635.973,96.814,0.4693,0.0000,0.0000,0,0.000,0.000,0.0000,0.0000,0,0,-92.653,635.973,96.814,0.000,0,-1.000000,1.000,28.924,-1.000000,0.0000,0.0000,0,0,0.000,1.000,19.607,-92.653,635.973,96.814,0,0,-1,99.636397
217,30.4899,portrait-orbit,-73.467,624.842,101.942,0.000,72.265,231.723,-61.995,634.815,17.030,-78.208,641.404,17.030,0.0000,0.0000,-50.534,625.220,96.806,-92.672,635.910,96.806,0.4693,0.0000,0.0000,0,0.000,0.000,0.0000,0.0000,0,0,-92.672,635.910,96.806,0.000,0,-1.000000,1.000,28.924,-1.000000,0.0000,0.0000,0,0,0.000,1.000,19.607,-92.672,635.910,96.806,0,0,-1,99.636397
218,30.6380,portrait-orbit,-73.467,624.842,101.942,0.000,72.265,231.723,-61.995,634.815,17.030,-78.208,641.404,17.030,0.0000,0.0000,-50.551,625.143,96.799,-92.694,635.835,96.799,0.4693,0.0000,0.0000,0,0.000,0.000,0.0000,0.0000,0,0,-92.694,635.835,96.799,0.000,0,-1.000000,1.000,28.924,-1.000000,0.0000,0.0000,0,0,0.000,1.000,19.607,-92.694,635.835,96.799,0,0,-1,99.636397
219,30.7732,portrait-orbit,-73.467,624.842,101.942,0.000,72.265,231.723,-61.995,634.815,17.030,-78.208,641.404,17.030,0.0000,0.0000,-50.565,625.073,96.782,-92.715,635.767,96.782,0.4693,0.0000,0.0000,0,0.000,0.000,0.0000,0.0000,0,0,-92.715,635.767,96.782,0.000,0,-1.000000,1.000,28.924,-1.000000,0.0000,0.0000,0,0,0.000,1.000,19.607,-92.715,635.767,96.782,0,0,-1,99.636397
220,30.9200,portrait-orbit,-73.467,624.842,101.942,0.000,72.265,231.723,-61.995,634.815,17.030,-78.208,641.404,17.030,0.0000,0.0000,-50.586,624.971,96.767,-92.745,635.667,96.767,0.4693,0.0000,0.0000,0,0.000,0.000,0.0000,0.0000,0,0,-92.745,635.667,96.767,0.000,0,-1.000000,1.000,28.924,-1.000000,0.0000,0.0000,0,0,0.000,1.000,19.607,-92.745,635.667,96.767,0,0,-1,99.636397
221,31.0677,portrait-orbit,-73.467,624.842,101.942,0.000,72.265,231.723,-61.995,634.815,17.030,-78.208,641.404,17.030,0.0000,0.0000,-50.606,624.875,96.753,-92.773,635.572,96.754,0.4693,0.0000,0.0000,0,0.000,0.000,0.0000,0.0000,0,0,-92.773,635.572,96.754,0.000,0,-1.000000,1.000,28.924,-1.000000,0.0000,0.0000,0,0,0.000,1.000,19.607,-92.773,635.572,96.754,0,0,-1,99.636397
222,31.2143,portrait-orbit,-73.467,624.842,101.942,0.000,72.265,231.723,-61.995,634.815,17.030,-78.208,641.404,17.030,0.0000,0.0000,-50.628,624.773,96.739,-92.803,635.473,96.739,0.4693,0.0000,0.0000,0,0.000,0.000,0.0000,0.0000,0,0,-92.803,635.473,96.739,0.000,0,-1.000000,1.000,28.924,-1.000000,0.0000,0.0000,0,0,0.000,1.000,19.607,-92.803,635.473,96.739,0,0,-1,99.636397
223,31.3591,portrait-orbit,-73.467,624.842,101.942,0.000,72.265,231.723,-61.995,634.815,17.030,-78.208,641.404,17.030,0.0000,0.0000,-50.634,624.746,96.731,-92.810,635.445,96.731,0.4693,0.0000,0.0000,0,0.000,0.000,0.0000,0.0000,0,0,-92.810,635.445,96.731,0.000,0,-1.000000,1.000,28.924,-1.000000,0.0000,0.0000,0,0,0.000,1.000,19.607,-92.810,635.445,96.731,0,0,-1,99.636397
224,31.5061,portrait-orbit,-73.467,624.842,101.942,0.000,72.265,231.723,-61.995,634.815,17.030,-78.208,641.404,17.030,0.0000,0.0000,-50.640,624.722,96.722,-92.816,635.421,96.722,0.4693,0.0000,0.0000,0,0.000,0.000,0.0000,0.0000,0,0,-92.816,635.421,96.722,0.000,0,-1.000000,1.000,28.924,-1.000000,0.0000,0.0000,0,0,0.000,1.000,19.607,-92.816,635.421,96.722,0,0,-1,99.636397
225,31.6512,portrait-orbit,-73.467,624.842,101.942,0.000,72.265,231.723,-61.995,634.815,17.030,-78.208,641.404,17.030,0.0000,0.0000,-50.656,624.638,96.721,-92.842,635.340,96.721,0.4693,0.0000,0.0000,0,0.000,0.000,0.0000,0.0000,0,0,-92.842,635.340,96.721,0.000,0,-1.000000,1.000,28.924,-1.000000,0.0000,0.0000,0,0,0.000,1.000,19.607,-92.842,635.340,96.721,0,0,-1,99.636397
226,31.7979,portrait-orbit,-73.467,624.842,101.942,0.000,72.265,231.723,-61.995,634.815,17.030,-78.208,641.404,17.030,0.0000,0.0000,-50.658,624.629,96.720,-92.845,635.331,96.720,0.4693,0.0000,0.0000,0,0.000,0.000,0.0000,0.0000,0,0,-92.845,635.331,96.720,0.000,0,-1.000000,1.000,28.924,-1.000000,0.0000,0.0000,0,0,0.000,1.000,19.607,-92.845,635.331,96.720,0,0,-1,99.636397
227,31.9451,portrait-orbit,-73.467,624.842,101.942,0.000,72.265,231.723,-61.995,634.815,17.030,-78.208,641.404,17.030,0.0000,0.0000,-50.660,624.621,96.719,-92.847,635.323,96.719,0.4693,0.0000,0.0000,0,0.000,0.000,0.0000,0.0000,0,0,-92.847,635.323,96.719,0.000,0,-1.000000,1.000,28.924,-1.000000,0.0000,0.0000,0,0,0.000,1.000,19.607,-92.847,635.323,96.719,0,0,-1,99.636397
228,32.0946,portrait-orbit,-73.467,624.842,101.942,0.000,72.265,231.723,-61.995,634.815,17.030,-78.208,641.404,17.030,0.0000,0.0000,-50.640,624.716,96.732,-92.819,635.417,96.732,0.4693,0.0000,0.0000,0,0.000,0.000,0.0000,0.0000,0,0,-92.819,635.417,96.732,0.000,0,-1.000000,1.000,28.924,-1.000000,0.0000,0.0000,0,0,0.000,1.000,19.607,-92.819,635.417,96.732,0,0,-1,99.636397
229,32.2394,portrait-orbit,-73.467,624.842,101.942,0.000,72.265,231.723,-61.995,634.815,17.030,-78.208,641.404,17.030,0.0000,0.0000,-50.620,624.808,96.744,-92.792,635.507,96.744,0.4693,0.0000,0.0000,0,0.000,0.000,0.0000,0.0000,0,0,-92.792,635.507,96.744,0.000,0,-1.000000,1.000,28.924,-1.000000,0.0000,0.0000,0,0,0.000,1.000,19.607,-92.792,635.507,96.744,0,0,-1,99.636397
230,32.3862,portrait-orbit,-73.467,624.842,101.942,0.000,72.265,231.723,-61.995,634.815,17.030,-78.208,641.404,17.030,0.0000,0.0000,-50.601,624.899,96.757,-92.766,635.596,96.757,0.4693,0.0000,0.0000,0,0.000,0.000,0.0000,0.0000,0,0,-92.766,635.596,96.757,0.000,0,-1.000000,1.000,28.924,-1.000000,0.0000,0.0000,0,0,0.000,1.000,19.607,-92.766,635.596,96.757,0,0,-1,99.636397
231,32.5332,portrait-orbit,-73.467,624.842,101.942,0.000,72.265,231.723,-61.995,634.815,17.030,-78.208,641.404,17.030,0.0000,0.0000,-50.579,625.004,96.772,-92.735,635.699,96.772,0.4693,0.0000,0.0000,0,0.000,0.000,0.0000,0.0000,0,0,-92.735,635.699,96.772,0.000,0,-1.000000,1.000,28.924,-1.000000,0.0000,0.0000,0,0,0.000,1.000,19.607,-92.735,635.699,96.772,0,0,-1,99.636397
232,32.6801,portrait-orbit,-73.467,624.842,101.942,0.000,72.265,231.723,-61.995,634.815,17.030,-78.208,641.404,17.030,0.0000,0.0000,-50.560,625.098,96.786,-92.708,635.791,96.786,0.4693,0.0000,0.0000,0,0.000,0.000,0.0000,0.0000,0,0,-92.708,635.791,96.786,0.000,0,-1.000000,1.000,28.924,-1.000000,0.0000,0.0000,0,0,0.000,1.000,19.607,-92.708,635.791,96.786,0,0,-1,99.636397
233,32.8274,portrait-orbit,-73.467,624.842,101.942,0.000,72.265,231.723,-61.995,634.815,17.030,-78.208,641.404,17.030,0.0000,0.0000,-50.542,625.185,96.799,-92.682,635.876,96.799,0.4693,0.0000,0.0000,0,0.000,0.000,0.0000,0.0000,0,0,-92.682,635.876,96.799,0.000,0,-1.000000,1.000,28.924,-1.000000,0.0000,0.0000,0,0,0.000,1.000,19.607,-92.682,635.876,96.799,0,0,-1,99.636397
234,32.9739,portrait-orbit,-73.467,624.842,101.942,0.000,72.265,231.723,-61.995,634.815,17.030,-78.208,641.404,17.030,0.0000,0.0000,-50.535,625.216,96.803,-92.673,635.905,96.803,0.4693,0.0000,0.0000,0,0.000,0.000,0.0000,0.0000,0,0,-92.673,635.905,96.803,0.000,0,-1.000000,1.000,28.924,-1.000000,0.0000,0.0000,0,0,0.000,1.000,19.607,-92.673,635.905,96.803,0,0,-1,99.636397
235,33.1210,portrait-orbit,-73.467,624.842,101.942,0.000,72.265,231.723,-61.995,634.815,17.030,-78.208,641.404,17.030,0.0000,0.0000,-50.535,625.216,96.803,-92.673,635.905,96.803,0.4693,0.0000,0.0000,0,0.000,0.000,0.0000,0.0000,0,0,-92.673,635.905,96.803,0.000,0,-1.000000,1.000,28.924,-1.000000,0.0000,0.0000,0,0,0.000,1.000,19.607,-92.673,635.905,96.803,0,0,-1,99.636397
236,33.2661,portrait-orbit,-73.467,624.842,101.942,0.000,72.265,231.723,-61.995,634.815,17.030,-78.208,641.404,17.030,0.0000,0.0000,-50.521,625.285,96.814,-92.653,635.973,96.814,0.4693,0.0000,0.0000,0,0.000,0.000,0.0000,0.0000,0,0,-92.653,635.973,96.814,0.000,0,-1.000000,1.000,28.924,-1.000000,0.0000,0.0000,0,0,0.000,1.000,19.607,-92.653,635.973,96.814,0,0,-1,99.636397
237,33.4160,portrait-orbit,-73.467,624.842,101.942,0.000,72.265,231.723,-61.995,634.815,17.030,-78.208,641.404,17.030,0.0000,0.0000,-50.525,625.266,96.811,-92.658,635.955,96.811,0.4693,0.0000,0.0000,0,0.000,0.000,0.0000,0.0000,0,0,-92.658,635.955,96.811,0.000,0,-1.000000,1.000,28.924,-1.000000,0.0000,0.0000,0,0,0.000,1.000,19.607,-92.658,635.955,96.811,0,0,-1,99.636397
238,33.5614,return-to-world,-73.467,624.842,101.942,0.000,72.265,231.723,-61.995,634.815,17.030,-78.208,641.404,17.030,0.0000,0.0000,-50.542,625.183,96.803,-92.682,635.874,96.803,0.4693,0.0000,0.0000,0,0.000,0.000,0.0000,0.0000,0,0,-92.682,635.874,96.803,0.000,0,-1.000000,1.000,28.924,-1.000000,0.0000,0.0000,0,0,0.000,1.000,19.607,-92.682,635.874,96.803,0,0,-1,99.636397
239,33.7044,return-to-world,-73.467,624.842,101.942,0.000,72.265,231.723,-61.995,634.815,17.030,-78.208,641.404,17.030,0.0000,0.0000,-50.555,625.121,96.789,-92.701,635.814,96.789,0.4693,0.0000,0.0000,0,0.000,0.000,0.0000,0.0000,0,0,-92.701,635.814,96.789,0.000,0,-1.000000,1.000,28.924,-1.000000,0.0000,0.0000,0,0,0.000,1.000,19.607,-92.701,635.814,96.789,0,0,-1,99.634107
240,33.8458,return-to-world,-73.467,624.842,101.942,0.000,72.265,231.723,-61.995,634.815,17.030,-78.208,641.404,17.030,0.0000,0.0000,-50.575,625.023,96.775,-92.730,635.717,96.775,0.4693,0.0000,0.0000,0,0.000,0.000,0.0000,0.0000,0,0,-92.730,635.717,96.775,0.000,0,-1.000000,1.000,28.924,-1.000000,0.0000,0.0000,0,0,0.000,1.000,19.607,-92.730,635.717,96.775,0,0,-1,99.631846
241,33.9862,return-to-world,-73.467,624.842,101.942,0.000,72.265,231.723,-61.995,634.815,17.030,-78.208,641.404,17.030,0.0000,0.0000,-50.594,624.931,96.761,-92.756,635.628,96.762,0.4693,0.0000,0.0000,0,0.000,0.000,0.0000,0.0000,0,0,-92.756,635.628,96.762,0.000,0,-1.000000,1.000,28.924,-1.000000,0.0000,0.0000,0,0,0.000,1.000,19.607,-92.756,635.628,96.762,0,0,-1,99.629597
242,34.1269,return-to-world,-73.467,624.842,101.942,0.000,72.265,231.723,-61.995,634.815,17.030,-78.208,641.404,17.030,0.0000,0.0000,-50.615,624.834,96.748,-92.785,635.532,96.748,0.4693,0.0000,0.0000,0,0.000,0.000,0.0000,0.0000,0,0,-92.785,635.532,96.748,0.000,0,-1.000000,1.000,28.924,-1.000000,0.0000,0.0000,0,0,0.000,1.000,19.607,-92.785,635.532,96.748,0,0,-1,99.627349
243,34.2683,return-to-world,-73.467,624.842,101.942,0.000,72.265,231.723,-61.995,634.815,17.030,-78.208,641.404,17.030,0.0000,0.0000,-50.631,624.759,96.736,-92.807,635.459,96.736,0.4693,0.0000,0.0000,0,0.000,0.000,0.0000,0.0000,0,0,-92.807,635.459,96.736,0.000,0,-1.000000,1.000,28.924,-1.000000,0.0000,0.0000,0,0,0.000,1.000,19.607,-92.807,635.459,96.736,0,0,-1,99.625083
244,34.4108,return-to-world,-73.467,624.842,101.942,0.000,72.265,231.723,-61.995,634.815,17.030,-78.208,641.404,17.030,0.0000,0.0000,-50.636,624.738,96.728,-92.812,635.438,96.728,0.4693,0.0000,0.0000,0,0.000,0.000,0.0000,0.0000,0,0,-92.812,635.438,96.728,0.000,0,-1.000000,1.000,28.924,-1.000000,0.0000,0.0000,0,0,0.000,1.000,19.607,-92.812,635.438,96.728,0,0,-1,99.622810
245,34.5544,return-to-world,-73.467,624.842,101.942,0.000,72.265,231.723,-61.995,634.815,17.030,-78.208,641.404,17.030,0.0000,0.0000,-50.656,624.638,96.721,-92.842,635.340,96.721,0.4693,0.0000,0.0000,0,0.000,0.000,0.0000,0.0000,0,0,-92.842,635.340,96.721,0.000,0,-1.000000,1.000,28.924,-1.000000,0.0000,0.0000,0,0,0.000,1.000,19.607,-92.842,635.340,96.721,0,0,-1,99.620506
246,34.6980,walk-to-forage,-73.467,624.842,101.942,0.000,72.265,231.723,-61.995,634.815,17.030,-78.208,641.404,17.030,0.0000,0.0000,-50.656,624.638,96.721,-92.842,635.340,96.721,0.4693,0.0000,0.0000,0,-100.000,550.000,0.0000,0.0000,0,0,-92.842,635.340,96.721,0.000,0,-1.000000,1.000,28.924,-1.000000,0.0000,0.0000,0,0,0.000,1.000,19.607,-92.842,635.340,96.721,0,0,0,99.618212
247,34.8422,walk-to-forage,-74.972,622.936,101.864,25.247,115.546,235.438,-63.375,619.562,15.786,-100.192,649.949,15.738,0.7214,0.2104,-58.777,638.381,92.346,-96.835,617.314,92.353,0.4997,0.0000,0.0000,0,-100.000,550.000,0.0000,0.0000,0,0,-96.835,617.314,92.353,0.000,0,-1.000000,1.000,28.924,-1.000000,0.0000,0.0000,0,0,0.000,1.000,19.607,-96.835,617.314,92.353,0,0,0,99.615903
248,34.9832,walk-to-forage,-78.253,618.339,101.683,45.000,157.804,237.899,-61.723,621.965,17.525,-116.401,622.211,16.601,1.0000,0.3750,-80.685,641.767,91.152,-86.717,597.922,90.430,0.5525,0.0000,0.0000,0,-100.000,550.000,0.0000,0.0000,0,0,-86.717,597.922,90.430,0.000,0,-1.000000,1.000,28.924,-1.000000,0.0000,0.0000,0,0,0.000,1.000,19.607,-86.717,597.922,90.430,0,0,0,99.613650
249,35.1253,walk-to-forage,-81.741,612.968,101.479,45.000,-159.498,239.946,-76.616,624.467,19.695,-106.445,592.207,16.470,1.0000,0.3750,-102.342,626.395,92.469,-70.303,593.236,91.142,0.6059,0.0000,0.0000,0,-100.000,550.000,0.0000,0.0000,0,0,-70.303,593.236,91.142,0.000,0,-1.000000,1.000,28.924,-1.000000,0.0000,0.0000,0,0,0.000,1.000,19.607,-70.303,593.236,91.142,0,0,0,99.611372
250,35.2658,walk-to-forage,-84.976,607.548,101.280,45.000,-120.054,241.753,-91.751,613.208,22.340,-88.197,581.475,16.406,1.0000,0.3750,-110.401,602.375,93.963,-62.280,602.090,92.190,0.6585,0.0000,0.0000,0,-100.000,550.000,0.0000,0.0000,0,0,-62.280,602.090,92.190,0.000,0,-1.000000,1.000,28.924,-1.000000,0.0000,0.0000,0,0,0.000,1.000,19.607,-62.280,602.090,92.190,0,0,0,99.609128
251,35.4058,walk-to-forage,-88.028,602.027,101.082,45.000,-118.247,243.461,-98.731,599.456,24.294,-87.811,581.681,16.328,1.0000,0.3750,-113.717,594.708,94.964,-64.424,598.755,92.982,0.7111,0.0000,0.0000,0,-100.000,550.000,0.0000,0.0000,0,0,-64.424,598.755,92.982,0.000,0,-1.000000,1.000,28.924,-1.000000,0.0000,0.0000,0,0,0.000,1.000,19.607,-64.424,598.755,92.982,0,0,0,99.606885
252,35.5551,walk-to-forage,-91.088,596.057,100.872,45.000,-116.539,245.263,-105.590,584.058,24.406,-87.664,581.934,16.002,1.0000,0.3750,-116.646,587.731,94.853,-67.284,593.792,92.835,0.7670,0.0000,0.0000,0,-100.000,550.000,0.0000,0.0000,0,0,-67.284,593.792,92.835,0.000,0,-1.000000,1.000,28.924,-1.000000,0.0000,0.0000,0,0,0.000,1.000,19.607,-67.284,593.792,92.835,0,0,0,99.604500
253,35.6952,walk-to-forage,-93.796,590.351,100.676,45.000,-114.737,247.035,-111.148,569.318,22.384,-87.537,582.163,15.384,1.0000,0.3750,-118.767,582.146,93.508,-70.316,587.750,91.626,0.8196,0.0000,0.0000,0,-100.000,550.000,0.0000,0.0000,0,0,-70.316,587.750,91.626,0.000,0,-1.000000,1.000,28.924,-1.000000,0.0000,0.0000,0,0,0.000,1.000,19.607,-70.316,587.750,91.626,0,0,0,99.602254
254,35.8357,walk-to-forage,-96.326,584.564,100.481,45.000,-112.965,248.970,-115.821,555.480,20.053,-87.836,582.627,15.658,1.0000,0.3750,-120.734,577.724,92.337,-73.843,580.600,90.823,0.8722,0.0000,0.0000,0,-100.000,550.000,0.0000,0.0000,0,0,-73.843,580.600,90.823,0.000,0,-1.000000,1.000,28.924,-1.000000,0.0000,0.0000,0,0,0.000,1.000,19.607,-73.843,580.600,90.823,0,0,0,99.600009
255,35.9764,settle-forage,-96.326,584.564,100.481,0.000,-112.965,248.970,-110.992,569.265,15.797,-91.489,572.235,15.044,0.2952,0.0000,-119.740,583.757,94.288,-76.822,574.359,93.792,0.8722,0.0000,0.0000,0,-100.000,550.000,0.0000,0.0000,0,0,-76.822,574.359,93.792,0.000,0,-1.000000,1.000,28.924,-1.000000,0.0000,0.0000,0,0,0.000,1.000,19.607,-76.822,574.359,93.792,0,0,0,99.597753
256,36.1236,settle-forage,-96.326,584.564,100.481,0.000,-112.965,248.970,-108.659,575.679,15.569,-93.114,567.640,15.569,0.0000,0.0000,-119.197,586.283,95.342,-78.209,571.797,95.342,0.8722,0.0000,0.0000,0,-100.000,550.000,0.0000,0.0000,0,0,-78.209,571.797,95.342,0.000,0,-1.000000,1.000,28.924,-1.000000,0.0000,0.0000,0,0,0.000,1.000,19.607,-78.209,571.797,95.342,0,0,0,99.595402
257,36.2625,settle-forage,-96.326,584.564,100.481,0.000,-112.965,248.970,-108.659,575.679,15.569,-93.114,567.640,15.569,0.0000,0.0000,-119.217,586.215,95.353,-78.235,571.731,95.353,0.8722,0.0000,0.0000,0,-100.000,550.000,0.0000,0.0000,0,0,-78.235,571.731,95.353,0.000,0,-1.000000,1.000,28.924,-1.000000,0.0000,0.0000,0,0,0.000,1.000,19.607,-78.235,571.731,95.353,0,0,0,99.593176
258,36.4045,settle-forage,-96.326,584.564,100.481,0.000,-112.965,248.970,-108.659,575.679,15.569,-93.114,567.640,15.569,0.0000,0.0000,-119.217,586.215,95.353,-78.235,571.731,95.353,0.8722,0.0000,0.0000,0,-100.000,550.000,0.0000,0.0000,0,0,-78.235,571.731,95.353,0.000,0,-1.000000,1.000,28.924,-1.000000,0.0000,0.0000,0,0,0.000,1.000,19.607,-78.235,571.731,95.353,0,0,0,99.590907
259,36.5453,settle-forage,-96.326,584.564,100.481,0.000,-112.965,248.970,-108.659,575.679,15.569,-93.114,567.640,15.569,0.0000,0.0000,-119.189,586.307,95.342,-78.199,571.820,95.343,0.8722,0.0000,0.0000,0,-100.000,550.000,0.0000,0.0000,0,0,-78.199,571.820,95.343,0.000,0,-1.000000,1.000,28.924,-1.000000,0.0000,0.0000,0,0,0.000,1.000,19.607,-78.199,571.820,95.343,0,0,0,99.588652
260,36.6877,view-picking-side,-96.326,584.564,100.481,0.000,-112.965,248.970,-108.659,575.679,15.569,-93.114,567.640,15.569,0.0000,0.0000,-119.172,586.365,95.330,-78.177,571.876,95.330,0.8722,0.0000,0.0000,0,-100.000,550.000,0.0000,0.0000,0,0,-78.177,571.876,95.330,0.000,0,-1.000000,1.000,28.924,-1.000000,0.0000,0.0000,0,0,0.000,1.000,19.607,-78.177,571.876,95.330,0,0,0,99.586378
261,36.8288,view-picking-side,-96.326,584.564,100.481,0.000,-112.965,241.417,-108.659,575.679,15.569,-93.114,567.640,15.569,0.0000,0.0000,-119.142,586.460,95.315,-78.140,571.968,95.315,0.8722,0.0000,0.0000,0,-100.000,550.000,0.0000,0.0000,0,0,-78.140,571.968,95.315,0.000,0,-1.000000,1.000,28.924,-1.000000,0.0000,0.0000,0,0,0.000,1.000,19.607,-78.140,571.968,95.315,0,0,0,99.584117
262,36.9698,view-picking-side,-96.326,584.564,100.481,0.000,-112.965,233.895,-108.659,575.679,15.569,-93.114,567.640,15.569,0.0000,0.0000,-119.115,586.550,95.302,-78.105,572.055,95.302,0.8722,0.0000,0.0000,0,-100.000,550.000,0.0000,0.0000,0,0,-78.105,572.055,95.302,0.000,0,-1.000000,1.000,28.924,-1.000000,0.0000,0.0000,0,0,0.000,1.000,19.607,-78.105,572.055,95.302,0,0,0,99.581864
263,37.1097,view-picking-side,-96.326,584.564,100.481,0.000,-112.965,226.404,-108.659,575.679,15.569,-93.114,567.640,15.569,0.0000,0.0000,-119.086,586.645,95.288,-78.068,572.147,95.288,0.8722,0.0000,0.0000,0,-100.000,550.000,0.0000,0.0000,0,0,-78.068,572.147,95.288,0.000,0,-1.000000,1.000,28.924,-1.000000,0.0000,0.0000,0,0,0.000,1.000,19.607,-78.068,572.147,95.288,0,0,0,99.579621
264,37.2495,view-picking-side,-96.326,584.564,100.481,0.000,-112.965,218.948,-108.659,575.679,15.569,-93.114,567.640,15.569,0.0000,0.0000,-119.061,586.726,95.277,-78.036,572.227,95.277,0.8722,0.0000,0.0000,0,-100.000,550.000,0.0000,0.0000,0,0,-78.036,572.227,95.277,0.000,0,-1.000000,1.000,28.924,-1.000000,0.0000,0.0000,0,0,0.000,1.000,19.607,-78.036,572.227,95.277,0,0,0,99.577389
265,37.3873,view-picking-side,-96.326,584.564,100.481,0.000,-112.965,211.568,-108.659,575.679,15.569,-93.114,567.640,15.569,0.0000,0.0000,-119.054,586.746,95.268,-78.029,572.247,95.268,0.8722,0.0000,0.0000,0,-100.000,550.000,0.0000,0.0000,0,0,-78.029,572.247,95.268,0.000,0,-1.000000,1.000,28.924,-1.000000,0.0000,0.0000,0,0,0.000,1.000,19.607,-78.029,572.247,95.268,0,0,0,99.575179
266,37.5248,view-picking-side,-96.326,584.564,100.481,0.000,-112.965,204.238,-108.659,575.679,15.569,-93.114,567.640,15.569,0.0000,0.0000,-119.024,586.847,95.260,-77.989,572.345,95.260,0.8722,0.0000,0.0000,0,-100.000,550.000,0.0000,0.0000,0,0,-77.989,572.345,95.260,0.000,0,-1.000000,1.000,28.924,-1.000000,0.0000,0.0000,0,0,0.000,1.000,19.607,-77.989,572.345,95.260,0,0,0,99.572985
267,37.6610,view-picking-side,-96.326,584.564,100.481,0.000,-112.965,196.949,-108.659,575.679,15.569,-93.114,567.640,15.569,0.0000,0.0000,-119.024,586.847,95.260,-77.989,572.345,95.260,0.8722,0.0000,0.0000,0,-100.000,550.000,0.0000,0.0000,0,0,-77.989,572.345,95.260,0.000,0,-1.000000,1.000,28.924,-1.000000,0.0000,0.0000,0,0,0.000,1.000,19.607,-77.989,572.345,95.260,0,0,0,99.570802
268,37.7972,view-picking-side,-96.326,584.564,100.481,0.000,-112.965,189.680,-108.659,575.679,15.569,-93.114,567.640,15.569,0.0000,0.0000,-119.021,586.856,95.259,-77.985,572.353,95.259,0.8722,0.0000,0.0000,0,-100.000,550.000,0.0000,0.0000,0,0,-77.985,572.353,95.259,0.000,0,-1.000000,1.000,28.924,-1.000000,0.0000,0.0000,0,0,0.000,1.000,19.607,-77.985,572.353,95.259,0,0,0,99.568626
269,37.9388,before-pick,-96.326,584.564,100.481,0.000,-112.965,182.103,-108.659,575.679,15.569,-93.114,567.640,15.569,0.0000,0.0000,-119.018,586.864,95.258,-77.982,572.361,95.258,0.8722,0.0000,0.0000,0,-100.000,550.000,0.0000,0.0000,0,0,-77.982,572.361,95.258,0.000,0,-1.000000,1.000,28.924,-1.000000,0.0000,0.0000,0,0,0.000,1.000,19.607,-77.982,572.361,95.258,0,0,0,99.566357
270,38.0763,before-pick,-96.326,584.564,100.481,0.000,-112.965,182.103,-108.659,575.679,15.569,-93.114,567.640,15.569,0.0000,0.0000,-119.025,586.841,95.261,-77.991,572.339,95.261,0.8722,0.0000,0.0000,0,-100.000,550.000,0.0000,0.0000,0,0,-77.991,572.339,95.261,0.000,0,-1.000000,1.000,28.924,-1.000000,0.0000,0.0000,0,0,0.000,1.000,19.607,-77.991,572.339,95.261,0,0,0,99.564158
271,38.2136,before-pick,-96.326,584.564,100.481,0.000,-112.965,182.103,-108.659,575.679,15.569,-93.114,567.640,15.569,0.0000,0.0000,-119.070,586.697,95.281,-78.047,572.198,95.281,0.8722,0.0000,0.0000,0,-100.000,550.000,0.0000,0.0000,0,0,-78.047,572.198,95.281,0.000,0,-1.000000,1.000,28.924,-1.000000,0.0000,0.0000,0,0,0.000,1.000,19.607,-78.047,572.198,95.281,0,0,0,99.561961
272,38.3521,before-pick,-96.326,584.564,100.481,0.000,-112.965,182.103,-108.659,575.679,15.569,-93.114,567.640,15.569,0.0000,0.0000,-119.095,586.615,95.293,-78.079,572.119,95.293,0.8722,0.0000,0.0000,0,-100.000,550.000,0.0000,0.0000,0,0,-78.079,572.119,95.293,0.000,0,-1.000000,1.000,28.924,-1.000000,0.0000,0.0000,0,0,0.000,1.000,19.607,-78.079,572.119,95.293,0,0,0,99.559746
273,38.4940,before-pick,-96.326,584.564,100.481,0.000,-112.965,182.103,-108.659,575.679,15.569,-93.114,567.640,15.569,0.0000,0.0000,-119.125,586.517,95.307,-78.117,572.023,95.307,0.8722,0.0000,0.0000,0,-100.000,550.000,0.0000,0.0000,0,0,-78.117,572.023,95.307,0.000,0,-1.000000,1.000,28.924,-1.000000,0.0000,0.0000,0,0,0.000,1.000,19.607,-78.117,572.023,95.307,0,0,0,99.557474
274,38.6332,before-pick,-96.326,584.564,100.481,0.000,-112.965,182.103,-108.659,575.679,15.569,-93.114,567.640,15.569,0.0000,0.0000,-119.153,586.425,95.321,-78.153,571.934,95.321,0.8722,0.0000,0.0000,0,-100.000,550.000,0.0000,0.0000,0,0,-78.153,571.934,95.321,0.000,0,-1.000000,1.000,28.924,-1.000000,0.0000,0.0000,0,0,0.000,1.000,19.607,-78.153,571.934,95.321,0,0,0,99.555248
275,38.7702,gather,-96.326,584.564,100.481,0.000,-112.965,182.103,-108.659,575.679,15.569,-93.114,567.640,15.569,0.0000,0.0000,-119.177,586.346,95.333,-78.184,571.857,95.333,0.8722,0.0000,0.0000,0,-100.000,550.000,0.0000,0.0000,0,0,-78.184,571.857,95.333,0.000,0,-1.000000,1.000,28.924,-1.000000,0.0000,0.0000,0,0,0.000,1.000,19.607,-78.184,571.857,95.333,0,0,0,99.553053
276,38.9080,gather,-96.326,584.564,100.481,0.000,-112.965,182.103,-108.649,575.710,15.464,-93.107,567.680,15.464,0.0000,0.0000,-118.551,588.145,92.655,-78.058,572.748,92.694,0.8722,1.0000,0.1373,1,-100.000,550.000,0.0000,0.0000,0,0,-78.058,572.748,92.694,0.000,0,-1.000000,1.000,28.924,-1.000000,0.0000,0.0000,0,0,0.000,1.000,19.607,-78.058,572.748,92.694,0,0,0,99.550857
277,39.0491,gather,-96.326,584.564,100.481,0.000,-112.965,182.103,-108.616,575.761,15.508,-93.094,567.740,15.477,0.0000,0.0000,-117.349,591.547,87.526,-81.682,566.798,88.788,0.8722,1.0000,0.2789,1,-100.000,550.000,0.0000,0.0000,0,0,-81.682,566.798,88.788,0.000,0,-1.000000,1.000,28.924,-1.000000,0.0000,0.0000,0,0,0.000,1.000,19.607,-81.682,566.798,88.788,0,0,0,99.548592
278,39.1874,gather,-96.326,584.564,100.481,0.000,-112.965,182.103,-108.676,575.619,15.739,-93.130,567.547,15.755,0.0000,0.0000,-116.338,594.407,83.707,-89.652,552.576,92.926,0.8722,1.0000,0.4170,1,-100.000,550.000,0.0000,0.0000,0,0,-89.652,552.576,92.926,0.000,0,-1.000000,1.000,28.924,-1.000000,0.0000,0.0000,0,0,0.000,1.000,19.607,-89.652,552.576,92.926,0,0,0,99.546382
279,39.3219,gather,-96.326,584.564,100.481,0.000,-112.965,182.103,-108.677,575.660,15.587,-93.125,567.575,15.596,0.0000,0.0000,-116.107,595.059,82.700,-91.729,549.590,95.935,0.8722,1.0000,0.5518,1,-100.000,550.000,0.0000,0.0000,0,0,-91.729,549.590,95.935,0.000,0,-1.000000,1.000,28.924,-1.000000,0.0000,0.0000,0,0,0.000,1.000,19.607,-91.729,549.590,95.935,0,0,0,99.544225
280,39.4634,gather,-96.326,584.564,100.481,0.000,-112.965,182.103,-108.718,575.562,15.607,-93.121,567.574,15.596,0.0000,0.0000,-116.107,595.059,82.700,-90.756,552.340,97.951,0.8722,1.0000,0.6930,1,-100.000,550.000,0.0000,0.0000,0,0,-90.756,552.340,97.951,0.000,0,-1.000000,1.000,28.924,-1.000000,0.0000,0.0000,0,0,0.000,1.000,19.607,-90.756,552.340,97.951,0,0,0,99.541965
281,39.5982,gather,-96.326,584.564,100.481,0.000,-112.965,182.103,-108.718,575.562,15.607,-93.121,567.574,15.596,0.0000,0.0000,-116.107,595.059,82.700,-91.142,551.215,97.121,0.8722,1.0000,0.8281,1,-100.000,550.000,0.0000,0.0000,0,0,-91.142,551.215,97.121,0.000,0,-1.000000,1.000,28.924,-1.000000,0.0000,0.0000,0,0,0.000,1.000,19.607,-91.142,551.215,97.121,0,0,0,99.539804
282,39.7349,gather,-96.326,584.564,100.481,0.000,-112.965,182.103,-108.613,575.782,15.480,-93.110,567.622,15.465,0.0000,0.0000,-116.285,594.556,83.308,-89.976,552.078,93.002,0.8722,1.0000,0.9643,1,-100.000,550.000,0.0000,0.0000,0,0,-89.976,552.078,93.002,0.000,0,-1.000000,1.000,28.924,-1.000000,0.0000,0.0000,0,0,0.000,1.000,19.607,-89.976,552.078,93.002,0,0,0,99.537624
283,39.8736,gather,-96.326,584.564,100.481,0.000,-112.965,182.103,-108.631,575.710,15.429,-93.107,567.645,15.429,0.0000,0.0000,-116.895,592.831,85.654,-84.576,561.436,88.969,0.8722,1.0000,1.1034,1,-100.000,550.000,0.0000,0.0000,0,0,-84.576,561.436,88.969,0.000,0,-1.000000,1.000,28.924,-1.000000,0.0000,0.0000,0,0,0.000,1.000,19.607,-84.576,561.436,88.969,0,0,0,99.535399
284,40.0093,gather,-96.326,584.564,100.481,0.000,-112.965,182.103,-108.693,575.636,15.586,-93.094,567.784,15.570,0.0000,0.0000,-117.702,590.546,89.047,-80.051,569.730,89.589,0.8722,1.0000,1.2388,1,-100.000,550.000,0.0000,0.0000,0,0,-80.051,569.730,89.589,0.000,0,-1.000000,1.000,28.924,-1.000000,0.0000,0.0000,0,0,0.000,1.000,19.607,-80.051,569.730,89.589,0,0,0,99.533232
285,40.1471,gather,-96.326,584.564,100.481,0.000,-112.965,182.103,-108.701,575.606,15.382,-93.124,567.630,15.377,0.0000,0.0000,-118.472,588.367,92.213,-78.110,572.712,92.263,0.8722,1.0000,1.3770,1,-100.000,550.000,0.0000,0.0000,0,0,-78.110,572.712,92.263,0.000,0,-1.000000,1.000,28.924,-1.000000,0.0000,0.0000,0,0,0.000,1.000,19.607,-78.110,572.712,92.263,0,0,0,99.531022
286,40.2855,gather,-96.326,584.564,100.481,0.000,-112.965,182.103,-108.665,575.671,15.583,-93.116,567.633,15.582,0.0000,0.0000,-119.054,586.743,95.226,-78.032,572.244,95.226,0.8722,0.1366,1.5151,1,-100.000,550.000,0.0000,0.0000,0,0,-78.032,572.244,95.226,0.000,0,-1.000000,1.000,28.924,-1.000000,0.0000,0.0000,0,0,0.000,1.000,19.607,-78.032,572.244,95.226,0,0,0,99.528812
287,40.4211,gather,-96.326,584.564,100.481,0.000,-112.965,182.103,-108.659,575.679,15.569,-93.114,567.640,15.569,0.0000,0.0000,-119.052,586.751,95.266,-78.027,572.252,95.266,0.8722,0.0000,1.6000,1,-100.000,550.000,0.0000,0.0000,0,0,-78.027,572.252,95.266,0.000,0,-1.000000,1.000,28.924,-1.000000,0.0000,0.0000,0,0,0.000,1.000,19.607,-78.027,572.252,95.266,0,0,0,99.526639
288,40.5640,gather,-96.326,584.564,100.481,0.000,-112.965,182.103,-108.659,575.679,15.569,-93.114,567.640,15.569,0.0000,0.0000,-119.024,586.847,95.260,-77.989,572.345,95.260,0.8722,0.0000,1.6000,1,-100.000,550.000,0.0000,0.0000,0,0,-77.989,572.345,95.260,0.000,0,-1.000000,1.000,28.924,-1.000000,0.0000,0.0000,0,0,0.000,1.000,19.607,-77.989,572.345,95.260,0,0,0,99.524356
289,41.2384,gather,-96.326,584.564,100.481,0.000,-112.965,182.103,-108.659,575.679,15.569,-93.114,567.640,15.569,0.0000,0.0000,-119.018,586.864,95.258,-77.982,572.361,95.258,0.8722,0.0000,1.6000,1,-100.000,550.000,0.0000,0.0000,0,0,-77.982,572.361,95.258,0.000,0,-1.000000,1.000,28.924,-1.000000,0.0000,0.0000,0,0,0.000,1.000,19.607,-77.982,572.361,95.258,0,0,0,99.517956
290,41.3842,gather,-96.326,584.564,100.481,0.000,-112.965,182.103,-108.659,575.679,15.569,-93.114,567.640,15.569,0.0000,0.0000,-119.050,586.762,95.272,-78.022,572.261,95.272,0.8722,0.0000,1.6000,1,-100.000,550.000,0.0000,0.0000,0,0,-78.022,572.261,95.272,0.000,0,-1.000000,1.000,28.924,-1.000000,0.0000,0.0000,0,0,0.000,1.000,19.607,-78.022,572.261,95.272,0,0,0,99.515617
291,41.5266,gather,-96.326,584.564,100.481,0.000,-112.965,182.103,-108.659,575.679,15.569,-93.114,567.640,15.569,0.0000,0.0000,-119.077,586.674,95.284,-78.056,572.175,95.284,0.8722,0.0000,1.6000,1,-100.000,550.000,0.0000,0.0000,0,0,-78.056,572.175,95.284,0.000,0,-1.000000,1.000,28.924,-1.000000,0.0000,0.0000,0,0,0.000,1.000,19.607,-78.056,572.175,95.284,0,0,0,99.513343
292,41.6790,gather,-96.326,584.564,100.481,0.000,-112.965,182.103,-108.659,575.679,15.569,-93.114,567.640,15.569,0.0000,0.0000,-119.106,586.580,95.298,-78.093,572.084,95.298,0.8722,0.0000,1.6000,1,-100.000,550.000,0.0000,0.0000,0,0,-78.093,572.084,95.298,0.000,0,-1.000000,1.000,28.924,-1.000000,0.0000,0.0000,0,0,0.000,1.000,19.607,-78.093,572.084,95.298,0,0,0,99.510902
293,41.8401,after-gather,-96.326,584.564,100.481,0.000,-112.965,182.103,-108.659,575.679,15.569,-93.114,567.640,15.569,0.0000,0.0000,-119.140,586.467,95.314,-78.137,571.975,95.314,0.8722,0.0000,1.6000,1,-100.000,550.000,0.0000,0.0000,0,0,-78.137,571.975,95.314,0.000,0,-1.000000,1.000,28.924,-1.000000,0.0000,0.0000,0,0,0.000,1.000,19.607,-78.137,571.975,95.314,0,0,0,99.508328
294,41.9703,after-gather,-96.326,584.564,100.481,0.000,-112.965,182.103,-108.659,575.679,15.569,-93.114,567.640,15.569,0.0000,0.0000,-119.164,586.389,95.326,-78.167,571.899,95.326,0.8722,0.0000,1.6000,1,-100.000,550.000,0.0000,0.0000,0,0,-78.167,571.899,95.326,0.000,0,-1.000000,1.000,28.924,-1.000000,0.0000,0.0000,0,0,0.000,1.000,19.607,-78.167,571.899,95.326,0,0,0,99.506240
295,42.1064,after-gather,-96.326,584.564,100.481,0.000,-112.965,182.103,-108.659,575.679,15.569,-93.114,567.640,15.569,0.0000,0.0000,-119.188,586.311,95.338,-78.198,571.823,95.338,0.8722,0.0000,1.6000,1,-100.000,550.000,0.0000,0.0000,0,0,-78.198,571.823,95.338,0.000,0,-1.000000,1.000,28.924,-1.000000,0.0000,0.0000,0,0,0.000,1.000,19.607,-78.198,571.823,95.338,0,0,0,99.504071
296,42.2374,after-gather,-96.326,584.564,100.481,0.000,-112.965,182.103,-108.659,575.679,15.569,-93.114,567.640,15.569,0.0000,0.0000,-119.197,586.283,95.342,-78.209,571.797,95.342,0.8722,0.0000,1.6000,1,-100.000,550.000,0.0000,0.0000,0,0,-78.209,571.797,95.342,0.000,0,-1.000000,1.000,28.924,-1.000000,0.0000,0.0000,0,0,0.000,1.000,19.607,-78.209,571.797,95.342,0,0,0,99.501967
297,42.3688,after-gather,-96.326,584.564,100.481,0.000,-112.965,182.103,-108.659,575.679,15.569,-93.114,567.640,15.569,0.0000,0.0000,-119.197,586.283,95.342,-78.209,571.797,95.342,0.8722,0.0000,1.6000,1,-100.000,550.000,0.0000,0.0000,0,0,-78.209,571.797,95.342,0.000,0,-1.000000,1.000,28.924,-1.000000,0.0000,0.0000,0,0,0.000,1.000,19.607,-78.209,571.797,95.342,0,0,0,99.499869
298,42.5044,after-gather,-96.326,584.564,100.481,0.000,-112.965,182.103,-108.659,575.679,15.569,-93.114,567.640,15.569,0.0000,0.0000,-119.217,586.215,95.353,-78.235,571.731,95.353,0.8722,0.0000,1.6000,1,-100.000,550.000,0.0000,0.0000,0,0,-78.235,571.731,95.353,0.000,0,-1.000000,1.000,28.924,-1.000000,0.0000,0.0000,0,0,0.000,1.000,19.607,-78.235,571.731,95.353,0,0,0,99.497694
299,42.6395,after-gather,-96.326,584.564,100.481,0.000,-112.965,182.103,-108.659,575.679,15.569,-93.114,567.640,15.569,0.0000,0.0000,-119.217,586.215,95.353,-78.235,571.731,95.353,0.8722,0.0000,1.6000,1,-100.000,550.000,0.0000,0.0000,0,0,-78.235,571.731,95.353,0.000,0,-1.000000,1.000,28.924,-1.000000,0.0000,0.0000,0,0,0.000,1.000,19.607,-78.235,571.731,95.353,0,0,0,99.495539
300,42.7692,after-gather,-96.326,584.564,100.481,0.000,-112.965,182.103,-108.659,575.679,15.569,-93.114,567.640,15.569,0.0000,0.0000,-119.197,586.281,95.345,-78.209,571.795,95.345,0.8722,0.0000,1.6000,1,-100.000,550.000,0.0000,0.0000,0,0,-78.209,571.795,95.345,0.000,0,-1.000000,1.000,28.924,-1.000000,0.0000,0.0000,0,0,0.000,1.000,19.607,-78.209,571.795,95.345,0,0,0,99.493458
301,42.9223,after-gather,-96.326,584.564,100.481,0.000,-112.965,182.103,-108.659,575.679,15.569,-93.114,567.640,15.569,0.0000,0.0000,-119.173,586.359,95.338,-78.179,571.870,95.338,0.8722,0.0000,1.6000,1,-100.000,550.000,0.0000,0.0000,0,0,-78.179,571.870,95.338,0.000,0,-1.000000,1.000,28.924,-1.000000,0.0000,0.0000,0,0,0.000,1.000,19.607,-78.179,571.870,95.338,0,0,0,99.491013
302,43.0713,after-gather,-96.326,584.564,100.481,0.000,-112.965,182.103,-108.659,575.679,15.569,-93.114,567.640,15.569,0.0000,0.0000,-119.149,586.438,95.319,-78.148,571.947,95.319,0.8722,0.0000,1.6000,1,-100.000,550.000,0.0000,0.0000,0,0,-78.148,571.947,95.319,0.000,0,-1.000000,1.000,28.924,-1.000000,0.0000,0.0000,0,0,0.000,1.000,19.607,-78.148,571.947,95.319,0,0,0,99.488625
303,43.2264,after-gather,-96.326,584.564,100.481,0.000,-112.965,182.103,-108.659,575.679,15.569,-93.114,567.640,15.569,0.0000,0.0000,-119.118,586.539,95.304,-78.109,572.044,95.304,0.8722,0.0000,1.6000,1,-100.000,550.000,0.0000,0.0000,0,0,-78.109,572.044,95.304,0.000,0,-1.000000,1.000,28.924,-1.000000,0.0000,0.0000,0,0,0.000,1.000,19.607,-78.109,572.044,95.304,0,0,0,99.486152
304,43.3593,after-gather,-96.326,584.564,100.481,0.000,-112.965,182.103,-108.659,575.679,15.569,-93.114,567.640,15.569,0.0000,0.0000,-119.091,586.628,95.291,-78.074,572.131,95.291,0.8722,0.0000,1.6000,1,-100.000,550.000,0.0000,0.0000,0,0,-78.074,572.131,95.291,0.000,0,-1.000000,1.000,28.924,-1.000000,0.0000,0.0000,0,0,0.000,1.000,19.607,-78.074,572.131,95.291,0,0,0,99.484016
305,43.4918,after-gather,-96.326,584.564,100.481,0.000,-112.965,182.103,-108.659,575.679,15.569,-93.114,567.640,15.569,0.0000,0.0000,-119.064,586.717,95.278,-78.039,572.218,95.278,0.8722,0.0000,1.6000,1,-100.000,550.000,0.0000,0.0000,0,0,-78.039,572.218,95.278,0.000,0,-1.000000,1.000,28.924,-1.000000,0.0000,0.0000,0,0,0.000,1.000,19.607,-78.039,572.218,95.278,0,0,0,99.481903
306,43.6309,after-gather,-96.326,584.564,100.481,0.000,-112.965,182.103,-108.659,575.679,15.569,-93.114,567.640,15.569,0.0000,0.0000,-119.055,586.742,95.270,-78.030,572.242,95.270,0.8722,0.0000,1.6000,1,-100.000,550.000,0.0000,0.0000,0,0,-78.030,572.242,95.270,0.000,0,-1.000000,1.000,28.924,-1.000000,0.0000,0.0000,0,0,0.000,1.000,19.607,-78.030,572.242,95.270,0,0,0,99.479671
307,43.7642,after-gather,-96.326,584.564,100.481,0.000,-112.965,182.103,-108.659,575.679,15.569,-93.114,567.640,15.569,0.0000,0.0000,-119.049,586.761,95.262,-78.024,572.261,95.262,0.8722,0.0000,1.6000,1,-100.000,550.000,0.0000,0.0000,0,0,-78.024,572.261,95.262,0.000,0,-1.000000,1.000,28.924,-1.000000,0.0000,0.0000,0,0,0.000,1.000,19.607,-78.024,572.261,95.262,0,0,0,99.477543
308,43.9287,walk-to-authored-tree,-96.326,584.564,100.481,0.000,-112.965,182.103,-108.659,575.679,15.569,-93.114,567.640,15.569,0.0000,0.0000,-119.024,586.847,95.260,-77.989,572.345,95.260,0.8722,0.0000,1.6000,1,-100.000,550.000,0.0000,0.0000,0,0,-77.989,572.345,95.260,0.000,0,-1.000000,1.000,28.924,-1.000000,0.0000,0.0000,0,0,0.000,1.000,19.607,-77.989,572.345,95.260,0,0,0,99.474908
309,44.0862,walk-to-authored-tree,-96.326,584.564,100.481,0.000,-112.965,191.435,-108.659,575.679,15.569,-93.114,567.640,15.569,0.0000,0.0000,-119.018,586.864,95.258,-77.982,572.361,95.258,0.8722,0.0000,1.6000,1,-100.000,550.000,0.0000,0.0000,0,0,-77.982,572.361,95.258,0.000,0,-1.000000,1.000,28.924,-1.000000,0.0000,0.0000,0,0,0.000,1.000,19.607,-77.982,572.361,95.258,0,0,0,99.472393
310,44.2336,walk-to-authored-tree,-96.326,584.564,100.481,0.000,-112.965,200.213,-108.659,575.679,15.569,-93.114,567.640,15.569,0.0000,0.0000,-119.018,586.864,95.258,-77.982,572.361,95.258,0.8722,0.0000,1.6000,1,-100.000,550.000,0.0000,0.0000,0,0,-77.982,572.361,95.258,0.000,0,-1.000000,1.000,28.924,-1.000000,0.0000,0.0000,0,0,0.000,1.000,19.607,-77.982,572.361,95.258,0,0,0,99.470028
311,44.3698,walk-to-authored-tree,-96.326,584.564,100.481,0.000,-112.965,208.286,-108.659,575.679,15.569,-93.114,567.640,15.569,0.0000,0.0000,-119.047,586.771,95.271,-78.019,572.270,95.271,0.8722,0.0000,1.6000,1,-100.000,550.000,0.0000,0.0000,0,0,-78.019,572.270,95.271,0.000,0,-1.000000,1.000,28.924,-1.000000,0.0000,0.0000,0,0,0.000,1.000,19.607,-78.019,572.270,95.271,0,0,0,99.467852
312,44.5047,walk-to-authored-tree,-96.326,584.564,100.481,0.000,-112.965,216.308,-108.659,575.679,15.569,-93.114,567.640,15.569,0.0000,0.0000,-119.073,586.687,95.282,-78.051,572.188,95.282,0.8722,0.0000,1.6000,1,-100.000,550.000,0.0000,0.0000,0,0,-78.051,572.188,95.282,0.000,0,-1.000000,1.000,28.924,-1.000000,0.0000,0.0000,0,0,0.000,1.000,19.607,-78.051,572.188,95.282,0,0,0,99.465690
313,44.6389,walk-to-authored-tree,-96.326,584.564,100.481,0.000,-112.965,224.260,-108.659,575.679,15.569,-93.114,567.640,15.569,0.0000,0.0000,-119.097,586.608,95.294,-78.082,572.111,95.294,0.8722,0.0000,1.6000,1,-100.000,550.000,0.0000,0.0000,0,0,-78.082,572.111,95.294,0.000,0,-1.000000,1.000,28.924,-1.000000,0.0000,0.0000,0,0,0.000,1.000,19.607,-78.082,572.111,95.294,0,0,0,99.463548
314,44.7886,walk-to-authored-tree,-96.326,584.564,100.481,0.000,-112.965,233.166,-108.659,575.679,15.569,-93.114,567.640,15.569,0.0000,0.0000,-119.129,586.503,95.309,-78.123,572.010,95.309,0.8722,0.0000,1.6000,1,-100.000,550.000,0.0000,0.0000,0,0,-78.123,572.010,95.309,0.000,0,-1.000000,1.000,28.924,-1.000000,0.0000,0.0000,0,0,0.000,1.000,19.607,-78.123,572.010,95.309,0,0,0,99.461148
315,44.9396,walk-to-authored-tree,-96.326,584.564,100.481,0.000,-112.965,242.119,-108.659,575.679,15.569,-93.114,567.640,15.569,0.0000,0.0000,-119.159,586.407,95.323,-78.160,571.916,95.323,0.8722,0.0000,1.6000,1,-100.000,550.000,0.0000,0.0000,0,0,-78.160,571.916,95.323,0.000,0,-1.000000,1.000,28.924,-1.000000,0.0000,0.0000,0,0,0.000,1.000,19.607,-78.160,571.916,95.323,0,0,0,99.458735
316,45.0932,walk-to-authored-tree,-99.398,578.757,100.271,67.206,-117.881,248.000,-122.186,549.669,14.607,-89.208,580.190,14.330,0.7681,0.5601,-122.512,580.055,90.819,-80.773,566.804,90.356,0.9583,0.0000,1.6000,1,-100.000,550.000,0.0000,0.0000,0,0,-80.773,566.804,90.356,0.000,0,-1.000000,1.000,28.924,-1.000000,0.0000,0.0000,0,0,0.000,1.000,19.607,-80.773,566.804,90.356,0,0,0,99.456277
317,45.2423,walk-to-authored-tree,-105.562,564.552,99.790,112.500,-112.000,251.427,-123.911,536.985,14.867,-94.087,571.495,17.705,1.0000,0.9375,-126.213,573.405,89.425,-89.782,545.637,90.632,0.0979,0.0000,1.6000,1,-100.000,550.000,0.0000,0.0000,0,0,-89.782,545.637,90.632,0.000,0,-1.000000,1.000,28.924,-1.000000,0.0000,0.0000,0,0,0.000,1.000,19.607,-89.782,545.637,90.632,0,0,0,99.453894
318,45.3730,walk-to-authored-tree,-110.583,550.714,99.336,112.500,-108.573,253.320,-123.457,536.345,14.495,-104.436,540.282,22.676,1.0000,0.9375,-130.802,563.394,91.265,-95.593,528.466,93.168,0.2206,0.0000,1.6000,1,-100.000,550.000,0.0000,0.0000,0,0,-95.593,528.466,93.168,0.000,0,-1.000000,1.000,28.924,-1.000000,0.0000,0.0000,0,0,0.000,1.000,19.607,-95.593,528.466,93.168,0,0,0,99.451800
319,45.5045,walk-to-authored-tree,-115.042,536.614,98.881,112.500,-106.680,254.616,-124.107,536.195,14.099,-113.446,505.627,19.965,1.0000,0.9375,-135.999,546.740,89.874,-98.763,516.393,91.568,0.3438,0.0000,1.6000,1,-100.000,550.000,0.0000,0.0000,0,0,-98.763,516.393,91.568,0.000,0,-1.000000,1.000,28.924,-1.000000,0.0000,0.0000,0,0,0.000,1.000,19.607,-98.763,516.393,91.568,0,0,0,99.449697
320,45.6396,walk-to-authored-tree,-119.224,521.980,98.395,112.500,-105.384,255.534,-125.234,536.283,13.374,-119.772,478.130,13.680,1.0000,0.9375,-141.577,523.243,87.070,-100.014,509.625,87.486,0.4707,0.0000,1.6000,1,-100.000,550.000,0.0000,0.0000,0,0,-100.014,509.625,87.486,0.000,0,-1.000000,1.000,28.924,-1.000000,0.0000,0.0000,0,0,0.000,1.000,19.607,-100.014,509.625,87.486,0,0,0,99.447532
321,45.7738,walk-to-authored-tree,-123.089,507.413,97.911,112.500,-104.466,256.161,-129.396,519.271,15.556,-120.463,474.182,12.814,1.0000,0.9375,-145.878,498.819,88.535,-100.548,504.855,87.305,0.5963,0.0000,1.6000,1,-100.000,550.000,0.0000,0.0000,0,0,-100.548,504.855,87.305,0.000,0,-1.000000,1.000,28.924,-1.000000,0.0000,0.0000,0,0,0.000,1.000,19.607,-100.548,504.855,87.305,0,0,0,99.445389
322,45.9072,walk-to-authored-tree,-126.753,492.835,97.425,112.500,-103.839,256.605,-136.825,485.883,20.793,-121.267,474.389,12.608,1.0000,0.9375,-149.836,479.202,91.364,-103.054,495.721,89.361,0.7215,0.0000,1.6000,1,-100.000,550.000,0.0000,0.0000,0,0,-103.054,495.721,89.361,0.000,0,-1.000000,1.000,28.924,-1.000000,0.0000,0.0000,0,0,0.000,1.000,19.607,-103.054,495.721,89.361,0,0,0,99.443251
323,46.0452,walk-to-authored-tree,-130.391,477.774,96.912,112.500,-103.395,256.940,-144.377,448.880,17.591,-122.249,474.774,12.042,1.0000,0.9375,-153.462,465.986,89.339,-107.384,478.734,87.676,0.8506,0.0000,1.6000,1,-100.000,550.000,0.0000,0.0000,0,0,-107.384,478.734,87.676,0.000,0,-1.000000,1.000,28.924,-1.000000,0.0000,0.0000,0,0,0.000,1.000,19.607,-107.384,478.734,87.676,0,0,0,99.441047
324,46.1940,walk-to-authored-tree,-134.217,461.444,96.352,112.500,-103.060,257.212,-150.040,419.833,11.533,-123.149,474.942,11.417,1.0000,0.9375,-156.674,458.600,85.263,-113.514,452.974,85.122,0.9904,0.0000,1.6000,1,-100.000,550.000,0.0000,0.0000,0,0,-113.514,452.974,85.122,0.000,0,-1.000000,1.000,28.924,-1.000000,0.0000,0.0000,0,0,0.000,1.000,19.607,-113.514,452.974,85.122,0,0,0,99.438662
325,46.3569,walk-to-authored-tree,-138.295,443.614,95.735,112.500,-102.788,257.441,-151.147,418.833,10.911,-129.051,446.484,16.081,1.0000,0.9375,-159.908,451.665,86.391,-120.462,425.094,88.008,0.1428,0.0000,1.6000,1,-100.000,550.000,0.0000,0.0000,0,0,-120.462,425.094,88.008,0.000,0,-1.000000,1.000,28.924,-1.000000,0.0000,0.0000,0,0,0.000,1.000,19.607,-120.462,425.094,88.008,0,0,0,99.436061
326,46.5133,walk-to-authored-tree,-142.150,426.421,95.141,112.500,-102.559,257.617,-152.180,418.930,10.233,-136.899,404.644,18.207,1.0000,0.9375,-163.606,436.775,86.912,-124.887,406.008,88.790,0.2897,0.0000,1.6000,1,-100.000,550.000,0.0000,0.0000,0,0,-124.887,406.008,88.790,0.000,0,-1.000000,1.000,28.924,-1.000000,0.0000,0.0000,0,0,0.000,1.000,19.607,-124.887,406.008,88.790,0,0,0,99.433555
327,46.6625,walk-to-authored-tree,-145.761,410.058,94.577,112.500,-102.383,257.761,-152.974,419.084,9.802,-143.275,368.733,11.393,1.0000,0.9375,-167.641,413.349,83.857,-126.451,395.698,84.802,0.4293,0.0000,1.6000,1,-100.000,550.000,0.0000,0.0000,0,0,-126.451,395.698,84.802,0.000,0,-1.000000,1.000,28.924,-1.000000,0.0000,0.0000,0,0,0.000,1.000,19.607,-126.451,395.698,84.802,0,0,0,99.431172
328,46.8184,walk-to-authored-tree,-149.500,392.895,93.989,112.500,-102.239,257.900,-156.252,406.556,10.921,-146.236,357.414,9.124,1.0000,0.9375,-172.184,384.739,84.312,-127.497,389.772,83.290,0.5757,0.0000,1.6000,1,-100.000,550.000,0.0000,0.0000,0,0,-127.497,389.772,83.290,0.000,0,-1.000000,1.000,28.924,-1.000000,0.0000,0.0000,0,0,0.000,1.000,19.607,-127.497,389.772,83.290,0,0,0,99.428673
329,46.9550,walk-to-authored-tree,-152.731,377.890,93.480,112.500,-102.100,258.013,-162.067,373.784,16.557,-146.989,357.581,8.785,1.0000,0.9375,-175.358,363.858,87.311,-129.164,381.146,85.348,0.7036,0.0000,1.6000,1,-100.000,550.000,0.0000,0.0000,0,0,-129.164,381.146,85.348,0.000,0,-1.000000,1.000,28.924,-1.000000,0.0000,0.0000,0,0,0.000,1.000,19.607,-129.164,381.146,85.348,0,0,0,99.426490
330,47.0874,walk-to-authored-tree,-155.844,363.285,92.991,112.500,-101.987,258.121,-168.303,337.580,14.415,-147.763,357.712,7.812,1.0000,0.9375,-178.354,350.018,85.735,-132.401,365.662,83.893,0.8280,0.0000,1.6000,1,-100.000,550.000,0.0000,0.0000,0,0,-132.401,365.662,83.893,0.000,0,-1.000000,1.000,28.924,-1.000000,0.0000,0.0000,0,0,0.000,1.000,19.607,-132.401,365.662,83.893,0,0,0,99.424367
331,47.2211,walk-to-authored-tree,-158.943,348.607,92.506,112.500,-101.879,258.227,-173.620,308.077,8.159,-148.747,357.862,7.380,1.0000,0.9375,-181.391,342.313,81.853,-137.301,343.455,81.181,0.9530,0.0000,1.6000,1,-100.000,550.000,0.0000,0.0000,0,0,-137.301,343.455,81.181,0.000,0,-1.000000,1.000,28.924,-1.000000,0.0000,0.0000,0,0,0.000,1.000,19.607,-137.301,343.455,81.181,0,0,0,99.422233
332,47.3598,walk-to-authored-tree,-162.141,333.316,92.009,112.500,-101.773,258.337,-175.497,301.159,7.182,-151.777,343.814,9.320,1.0000,0.9375,-184.041,337.362,81.420,-142.957,318.363,82.479,0.0832,0.0000,1.6000,1,-100.000,550.000,0.0000,0.0000,0,0,-142.957,318.363,82.479,0.000,0,-1.000000,1.000,28.924,-1.000000,0.0000,0.0000,0,0,0.000,1.000,19.607,-142.957,318.363,82.479,0,0,0,99.420011
333,47.5236,walk-to-authored-tree,-165.873,315.294,91.438,112.500,-101.663,258.467,-176.632,301.370,6.548,-158.914,303.004,14.976,1.0000,0.9375,-187.412,325.654,83.408,-148.342,294.859,85.327,0.2366,0.0000,1.6000,1,-100.000,550.000,0.0000,0.0000,0,0,-148.342,294.859,85.327,0.000,0,-1.000000,1.000,28.924,-1.000000,0.0000,0.0000,0,0,0.000,1.000,19.607,-148.342,294.859,85.327,0,0,0,99.417394
334,47.6899,walk-to-authored-tree,-169.630,296.949,90.876,112.500,-101.533,258.599,-177.671,301.548,5.881,-166.083,259.578,9.179,1.0000,0.9375,-191.449,302.506,80.596,-150.780,280.636,81.912,0.3926,0.0000,1.6000,1,-100.000,550.000,0.0000,0.0000,0,0,-150.780,280.636,81.912,0.000,0,-1.000000,1.000,28.924,-1.000000,0.0000,0.0000,0,0,0.000,1.000,19.607,-150.780,280.636,81.912,0,0,0,99.414731
335,47.8511,walk-to-authored-tree,-173.225,279.190,90.341,112.500,-101.401,258.728,-179.766,295.243,5.888,-169.972,239.952,5.223,1.0000,0.9375,-195.701,273.045,79.606,-151.679,273.993,78.997,0.5436,0.0000,1.6000,1,-100.000,550.000,0.0000,0.0000,0,0,-151.679,273.993,78.997,0.000,0,-1.000000,1.000,28.924,-1.000000,0.0000,0.0000,0,0,0.000,1.000,19.607,-151.679,273.993,78.997,0,0,0,99.412154
336,47.9884,walk-to-authored-tree,-176.260,264.026,89.901,112.500,-101.272,258.840,-184.743,264.971,11.343,-170.643,240.048,4.736,1.0000,0.9375,-198.605,250.464,82.651,-152.847,266.712,80.807,0.6725,0.0000,1.6000,1,-100.000,550.000,0.0000,0.0000,0,0,-152.847,266.712,80.807,0.000,0,-1.000000,1.000,28.924,-1.000000,0.0000,0.0000,0,0,0.000,1.000,19.607,-152.847,266.712,80.807,0,0,0,99.409954
337,48.1257,walk-to-authored-tree,-179.257,248.895,89.469,112.500,-101.160,258.953,-190.813,227.507,12.411,-171.594,240.164,4.727,1.0000,0.9375,-201.643,234.587,83.216,-155.758,252.428,81.266,0.8010,0.0000,1.6000,1,-100.000,550.000,0.0000,0.0000,0,0,-155.758,252.428,81.266,0.000,0,-1.000000,1.000,28.924,-1.000000,0.0000,0.0000,0,0,0.000,1.000,19.607,-155.758,252.428,81.266,0,0,0,99.407760
338,48.2670,walk-to-authored-tree,-182.320,233.269,89.041,112.500,-101.047,259.070,-196.306,193.900,5.175,-172.620,240.440,3.736,1.0000,0.9375,-204.766,225.215,78.665,-160.345,229.905,77.735,0.9337,0.0000,1.6000,1,-100.000,550.000,0.0000,0.0000,0,0,-160.345,229.905,77.735,0.000,0,-1.000000,1.000,28.924,-1.000000,0.0000,0.0000,0,0,0.000,1.000,19.607,-160.345,229.905,77.735,0,0,0,99.405496
339,48.4062,walk-to-authored-tree,-185.295,217.922,88.631,112.500,-100.930,259.187,-198.573,183.328,3.684,-174.956,230.304,4.994,1.0000,0.9375,-207.424,220.166,77.636,-165.665,204.540,78.504,0.0640,0.0000,1.6000,1,-100.000,550.000,0.0000,0.0000,0,0,-165.665,204.540,78.504,0.000,0,-1.000000,1.000,28.924,-1.000000,0.0000,0.0000,0,0,0.000,1.000,19.607,-165.665,204.540,78.504,0,0,0,99.403272
340,48.5431,walk-to-authored-tree,-188.198,202.790,88.236,112.500,-100.813,259.304,-199.513,183.393,3.195,-180.099,198.208,10.574,1.0000,0.9375,-209.963,212.098,79.639,-170.227,183.275,81.460,0.1924,0.0000,1.6000,1,-100.000,550.000,0.0000,0.0000,0,0,-170.227,183.275,81.460,0.000,0,-1.000000,1.000,28.924,-1.000000,0.0000,0.0000,0,0,0.000,1.000,19.607,-170.227,183.275,81.460,0,0,0,99.401081
341,48.6751,walk-to-authored-tree,-190.964,188.206,87.865,112.500,-100.696,259.417,-200.252,183.542,2.997,-185.473,161.930,10.138,1.0000,0.9375,-212.690,197.119,79.283,-172.801,168.863,81.112,0.3161,0.0000,1.6000,1,-100.000,550.000,0.0000,0.0000,0,0,-172.801,168.863,81.112,0.000,0,-1.000000,1.000,28.924,-1.000000,0.0000,0.0000,0,0,0.000,1.000,19.607,-172.801,168.863,81.112,0,0,0,99.398970
342,48.8067,walk-to-authored-tree,-193.698,173.638,87.515,112.500,-100.583,259.532,-201.113,183.675,2.634,-190.097,131.601,3.818,1.0000,0.9375,-215.763,175.477,76.545,-173.837,160.618,77.367,0.4396,0.0000,1.6000,1,-100.000,550.000,0.0000,0.0000,0,0,-173.837,160.618,77.367,0.000,0,-1.000000,1.000,28.924,-1.000000,0.0000,0.0000,0,0,0.000,1.000,19.607,-173.837,160.618,77.367,0,0,0,99.396862
343,48.9538,walk-to-authored-tree,-196.715,157.378,87.135,112.500,-100.468,259.662,-203.882,170.647,4.119,-192.307,122.220,2.245,1.0000,0.9375,-219.112,148.412,77.482,-174.576,155.062,76.442,0.5774,0.0000,1.6000,1,-100.000,550.000,0.0000,0.0000,0,0,-174.576,155.062,76.442,0.000,0,-1.000000,1.000,28.924,-1.000000,0.0000,0.0000,0,0,0.000,1.000,19.607,-174.576,155.062,76.442,0,0,0,99.394510
344,49.1039,walk-to-authored-tree,-199.758,140.767,86.754,112.500,-100.338,259.796,-209.321,133.775,10.098,-193.201,122.280,1.955,1.0000,0.9375,-221.962,125.783,80.681,-176.283,145.054,78.682,0.7182,0.0000,1.6000,1,-100.000,550.000,0.0000,0.0000,0,0,-176.283,145.054,78.682,0.000,0,-1.000000,1.000,28.924,-1.000000,0.0000,0.0000,0,0,0.000,1.000,19.607,-176.283,145.054,78.682,0,0,0,99.392108
345,49.2904,walk-to-authored-tree,-203.489,120.123,86.306,112.500,-100.204,259.966,-216.270,84.788,4.546,-194.384,122.555,1.262,1.0000,0.9375,-225.685,109.194,77.313,-180.808,119.988,75.983,0.8930,0.0000,1.6000,1,-100.000,550.000,0.0000,0.0000,0,0,-180.808,119.988,75.983,0.000,0,-1.000000,1.000,28.924,-1.000000,0.0000,0.0000,0,0,0.000,1.000,19.607,-180.808,119.988,75.983,0,0,0,99.389124
346,49.4435,walk-to-authored-tree,-206.510,103.140,85.946,112.500,-100.034,260.108,-219.502,65.130,0.958,-196.073,117.397,1.436,1.0000,0.9375,-228.634,102.957,74.672,-186.117,92.087,75.182,0.0367,0.0000,1.6000,1,-100.000,550.000,0.0000,0.0000,0,0,-186.117,92.087,75.182,0.000,0,-1.000000,1.000,28.924,-1.000000,0.0000,0.0000,0,0,0.000,1.000,19.607,-186.117,92.087,75.182,0,0,0,99.386671
347,49.5763,walk-to-authored-tree,-209.083,88.473,85.646,112.500,-99.892,260.233,-220.468,65.112,0.729,-200.307,89.181,6.816,1.0000,0.9375,-231.019,96.317,76.588,-190.532,70.156,78.292,0.1608,0.0000,1.6000,1,-100.000,550.000,0.0000,0.0000,0,0,-190.532,70.156,78.292,0.000,0,-1.000000,1.000,28.924,-1.000000,0.0000,0.0000,0,0,0.000,1.000,19.607,-190.532,70.156,78.292,0,0,0,99.384553
348,49.7089,walk-to-authored-tree,-211.635,73.722,85.354,112.500,-99.767,260.360,-221.333,65.266,0.503,-205.247,52.958,8.589,1.0000,0.9375,-233.570,83.074,77.220,-193.406,54.109,79.111,0.2856,0.0000,1.6000,1,-100.000,550.000,0.0000,0.0000,0,0,-193.406,54.109,79.111,0.000,0,-1.000000,1.000,28.924,-1.000000,0.0000,0.0000,0,0,0.000,1.000,19.607,-193.406,54.109,79.111,0,0,0,99.382424
349,49.8517,walk-to-authored-tree,-214.333,57.915,85.046,112.500,-99.640,260.498,-222.039,65.396,0.123,-209.701,17.772,2.134,1.0000,0.9375,-236.261,60.880,74.360,-194.438,43.850,75.412,0.4192,0.0000,1.6000,1,-100.000,550.000,0.0000,0.0000,0,0,-194.438,43.850,75.412,0.000,0,-1.000000,1.000,28.924,-1.000000,0.0000,0.0000,0,0,0.000,1.000,19.607,-194.438,43.850,75.412,0,0,0,99.380144
350,49.9849,walk-to-authored-tree,-216.825,43.112,84.761,112.500,-99.502,260.629,-223.900,58.909,0.323,-212.269,4.081,-0.360,1.0000,0.9375,-239.090,36.181,74.033,-195.113,38.687,73.417,0.5443,0.0000,1.6000,1,-100.000,550.000,0.0000,0.0000,0,0,-195.113,38.687,73.417,0.000,0,-1.000000,1.000,28.924,-1.000000,0.0000,0.0000,0,0,0.000,1.000,19.607,-195.113,38.687,73.417,0,0,0,99.378009
351,50.1168,walk-to-authored-tree,-219.251,28.497,84.480,112.500,-99.371,260.761,-227.653,29.964,5.795,-212.886,4.129,-0.616,1.0000,0.9375,-241.120,14.340,77.181,-195.951,31.806,75.359,0.6678,0.0000,1.6000,1,-100.000,550.000,0.0000,0.0000,0,0,-195.951,31.806,75.359,0.000,0,-1.000000,1.000,28.924,-1.000000,0.0000,0.0000,0,0,0.000,1.000,19.607,-195.951,31.806,75.359,0,0,0,99.375902
352,50.2552,walk-to-authored-tree,-221.767,13.111,84.187,112.500,-99.239,260.901,-232.548,-8.061,7.242,-213.866,4.241,-0.533,1.0000,0.9375,-243.664,-2.009,78.009,-198.394,17.512,76.050,0.7977,0.0000,1.6000,1,-100.000,550.000,0.0000,0.0000,0,0,-198.394,17.512,76.050,0.000,0,-1.000000,1.000,28.924,-1.000000,0.0000,0.0000,0,0,0.000,1.000,19.607,-198.394,17.512,76.050,0,0,0,99.373684
353,50.4047,walk-to-authored-tree,-224.439,-3.484,83.880,112.500,-99.099,261.054,-237.076,-43.601,-0.105,-214.917,4.473,-1.393,1.0000,0.9375,-246.578,-12.003,73.444,-202.392,-6.406,72.566,0.9378,0.0000,1.6000,1,-100.000,550.000,0.0000,0.0000,0,0,-202.392,-6.406,72.566,0.000,0,-1.000000,1.000,28.924,-1.000000,0.0000,0.0000,0,0,0.000,1.000,19.607,-202.392,-6.406,72.566,0,0,0,99.371294
354,50.5366,walk-to-authored-tree,-226.765,-18.160,83.612,112.500,-98.946,261.192,-238.850,-53.478,-1.314,-216.836,-5.239,-0.089,1.0000,0.9375,-248.952,-16.869,72.613,-206.635,-30.673,73.449,0.0616,0.0000,1.6000,1,-100.000,550.000,0.0000,0.0000,0,0,-206.635,-30.673,73.449,0.000,0,-1.000000,1.000,28.924,-1.000000,0.0000,0.0000,0,0,0.000,1.000,19.607,-206.635,-30.673,73.449,0,0,0,99.369181
355,50.6848,walk-to-authored-tree,-229.329,-34.612,83.320,112.500,-98.807,261.350,-239.879,-53.420,-1.707,-221.210,-40.212,6.016,1.0000,0.9375,-251.414,-25.823,74.856,-210.752,-53.692,76.705,0.2003,0.0000,1.6000,1,-100.000,550.000,0.0000,0.0000,0,0,-210.752,-53.692,76.705,0.000,0,-1.000000,1.000,28.924,-1.000000,0.0000,0.0000,0,0,0.000,1.000,19.607,-210.752,-53.692,76.705,0,0,0,99.366812
356,50.8336,walk-to-authored-tree,-231.866,-51.184,83.023,112.500,-98.650,261.510,-240.814,-53.313,-1.811,-225.888,-81.023,4.234,1.0000,0.9375,-254.011,-43.920,74.042,-212.936,-69.070,75.755,0.3400,0.0000,1.6000,1,-100.000,550.000,0.0000,0.0000,0,0,-212.936,-69.070,75.755,0.000,0,-1.000000,1.000,28.924,-1.000000,0.0000,0.0000,0,0,0.000,1.000,19.607,-212.936,-69.070,75.755,0,0,0,99.364428
357,50.9665,walk-to-authored-tree,-234.086,-65.955,82.756,112.500,-98.490,261.657,-241.798,-53.230,-2.298,-229.306,-109.320,-1.862,1.0000,0.9375,-256.382,-66.884,71.417,-213.581,-76.394,71.917,0.4645,0.0000,1.6000,1,-100.000,550.000,0.0000,0.0000,0,0,-213.581,-76.394,71.917,0.000,0,-1.000000,1.000,28.924,-1.000000,0.0000,0.0000,0,0,0.000,1.000,19.607,-213.581,-76.394,71.917,0,0,0,99.362304
358,51.0983,walk-to-authored-tree,-236.256,-80.641,82.502,112.500,-98.344,261.804,-243.843,-68.723,-0.157,-230.291,-114.344,-2.519,1.0000,0.9375,-258.131,-91.113,73.004,-213.771,-81.358,71.854,0.5882,0.0000,1.6000,1,-100.000,550.000,0.0000,0.0000,0,0,-213.771,-81.358,71.854,0.000,0,-1.000000,1.000,28.924,-1.000000,0.0000,0.0000,0,0,0.000,1.000,19.607,-213.771,-81.358,71.854,0,0,0,99.360192
359,51.2301,walk-to-authored-tree,-238.381,-95.293,82.226,112.500,-98.196,261.953,-247.564,-101.476,5.449,-231.197,-114.270,-2.531,1.0000,0.9375,-260.005,-110.986,76.112,-215.086,-90.262,74.128,0.7116,0.0000,1.6000,1,-100.000,550.000,0.0000,0.0000,0,0,-215.086,-90.262,74.128,0.000,0,-1.000000,1.000,28.924,-1.000000,0.0000,0.0000,0,0,0.000,1.000,19.607,-215.086,-90.262,74.128,0,0,0,99.358087
360,51.3633,walk-to-authored-tree,-240.496,-110.143,81.951,112.500,-98.047,262.107,-251.313,-138.023,3.094,-232.016,-114.090,-3.109,1.0000,0.9375,-262.097,-124.629,74.590,-217.358,-106.465,72.803,0.8366,0.0000,1.6000,1,-100.000,550.000,0.0000,0.0000,0,0,-217.358,-106.465,72.803,0.000,0,-1.000000,1.000,28.924,-1.000000,0.0000,0.0000,0,0,0.000,1.000,19.607,-217.358,-106.465,72.803,0,0,0,99.355953
361,51.4962,walk-to-authored-tree,-242.563,-124.932,81.676,112.500,-97.893,262.263,-254.556,-166.876,-2.790,-233.078,-113.992,-3.389,1.0000,0.9375,-264.650,-132.115,70.907,-220.834,-129.193,70.355,0.9610,0.0000,1.6000,1,-100.000,550.000,0.0000,0.0000,0,0,-220.834,-129.193,70.355,0.000,0,-1.000000,1.000,28.924,-1.000000,0.0000,0.0000,0,0,0.000,1.000,19.607,-220.834,-129.193,70.355,0,0,0,99.353830
362,51.6270,walk-to-authored-tree,-244.563,-139.534,81.392,112.500,-97.737,262.420,-255.618,-172.473,-3.438,-234.970,-128.404,-1.270,1.0000,0.9375,-266.695,-136.994,70.813,-224.383,-153.140,71.879,0.0839,0.0000,1.6000,1,-100.000,550.000,0.0000,0.0000,0,0,-224.383,-153.140,71.879,0.000,0,-1.000000,1.000,28.924,-1.000000,0.0000,0.0000,0,0,0.000,1.000,19.607,-224.383,-153.140,71.879,0,0,0,99.351733
363,51.7597,walk-to-authored-tree,-246.545,-154.308,81.105,112.500,-97.580,262.580,-256.593,-172.389,-3.832,-238.384,-161.160,4.066,1.0000,0.9375,-268.818,-145.887,72.823,-227.574,-173.110,74.694,0.2081,0.0000,1.6000,1,-100.000,550.000,0.0000,0.0000,0,0,-227.574,-173.110,74.694,0.000,0,-1.000000,1.000,28.924,-1.000000,0.0000,0.0000,0,0,0.000,1.000,19.607,-227.574,-173.110,74.694,0,0,0,99.349614
364,51.8916,walk-to-authored-tree,-248.480,-169.037,80.805,112.500,-97.419,262.744,-257.422,-172.327,-4.110,-241.741,-197.416,2.329,1.0000,0.9375,-270.738,-161.909,71.902,-229.194,-186.804,73.656,0.3319,0.0000,1.6000,1,-100.000,550.000,0.0000,0.0000,0,0,-229.194,-186.804,73.656,0.000,0,-1.000000,1.000,28.924,-1.000000,0.0000,0.0000,0,0,0.000,1.000,19.607,-229.194,-186.804,73.656,0,0,0,99.347501
365,52.0213,walk-to-authored-tree,-250.338,-183.496,80.507,112.500,-97.256,262.907,-258.324,-172.248,-4.619,-244.483,-226.116,-3.915,1.0000,0.9375,-272.536,-183.998,69.153,-229.665,-194.316,69.799,0.4534,0.0000,1.6000,1,-100.000,550.000,0.0000,0.0000,0,0,-229.665,-194.316,69.799,0.000,0,-1.000000,1.000,28.924,-1.000000,0.0000,0.0000,0,0,0.000,1.000,19.607,-229.665,-194.316,69.799,0,0,0,99.345427
366,52.1720,walk-to-authored-tree,-252.451,-200.335,80.153,112.500,-97.093,263.100,-260.241,-189.240,-2.259,-245.613,-233.127,-4.931,1.0000,0.9375,-273.976,-211.692,70.755,-229.803,-200.085,69.540,0.5948,0.0000,1.6000,1,-100.000,550.000,0.0000,0.0000,0,0,-229.803,-200.085,69.540,0.000,0,-1.000000,1.000,28.924,-1.000000,0.0000,0.0000,0,0,0.000,1.000,19.607,-229.803,-200.085,69.540,0,0,0,99.343014
367,52.3318,walk-to-authored-tree,-254.629,-218.161,79.770,112.500,-96.900,263.310,-264.034,-230.309,3.326,-246.830,-232.960,-5.130,1.0000,0.9375,-275.898,-234.648,73.771,-231.451,-212.234,71.745,0.7444,0.0000,1.6000,1,-100.000,550.000,0.0000,0.0000,0,0,-231.451,-212.234,71.745,0.000,0,-1.000000,1.000,28.924,-1.000000,0.0000,0.0000,0,0,0.000,1.000,19.607,-231.451,-212.234,71.745,0,0,0,99.340460
368,52.4821,walk-to-authored-tree,-256.621,-234.969,79.396,112.500,-96.690,263.512,-267.220,-270.151,-2.044,-247.777,-232.877,-5.764,1.0000,0.9375,-278.112,-247.680,70.522,-233.961,-233.241,69.120,0.8855,0.0000,1.6000,1,-100.000,550.000,0.0000,0.0000,0,0,-233.961,-233.241,69.120,0.000,0,-1.000000,1.000,28.924,-1.000000,0.0000,0.0000,0,0,0.000,1.000,19.607,-233.961,-233.241,69.120,0,0,0,99.338052
369,52.6352,walk-to-authored-tree,-258.586,-252.058,79.003,112.500,-96.488,263.722,-269.284,-291.751,-6.013,-249.057,-236.844,-5.699,1.0000,0.9375,-280.653,-254.244,67.676,-237.473,-261.222,68.082,0.0288,0.0000,1.6000,1,-100.000,550.000,0.0000,0.0000,0,0,-237.473,-261.222,68.082,0.000,0,-1.000000,1.000,28.924,-1.000000,0.0000,0.0000,0,0,0.000,1.000,19.607,-237.473,-261.222,68.082,0,0,0,99.335606
370,52.7689,walk-to-authored-tree,-260.255,-267.039,78.638,112.500,-96.278,263.910,-270.183,-291.765,-6.206,-251.512,-264.831,-0.428,1.0000,0.9375,-282.667,-260.908,69.529,-240.560,-283.902,71.210,0.1545,0.0000,1.6000,1,-100.000,550.000,0.0000,0.0000,0,0,-240.560,-283.902,71.210,0.000,0,-1.000000,1.000,28.924,-1.000000,0.0000,0.0000,0,0,0.000,1.000,19.607,-240.560,-283.902,71.210,0,0,0,99.333462
371,52.9025,walk-to-authored-tree,-261.866,-281.955,78.273,112.500,-96.090,264.102,-271.023,-291.732,-6.564,-254.104,-301.187,1.640,1.0000,0.9375,-284.348,-273.946,70.202,-242.422,-300.436,72.104,0.2795,0.0000,1.6000,1,-100.000,550.000,0.0000,0.0000,0,0,-242.422,-300.436,72.104,0.000,0,-1.000000,1.000,28.924,-1.000000,0.0000,0.0000,0,0,0.000,1.000,19.607,-242.422,-300.436,72.104,0,0,0,99.331328
372,53.0369,walk-to-authored-tree,-263.440,-296.997,77.890,112.500,-95.898,264.299,-271.603,-291.654,-7.193,-256.057,-335.343,-4.550,1.0000,0.9375,-285.456,-294.483,67.269,-242.729,-310.613,68.461,0.4055,0.0000,1.6000,1,-100.000,550.000,0.0000,0.0000,0,0,-242.729,-310.613,68.461,0.000,0,-1.000000,1.000,28.924,-1.000000,0.0000,0.0000,0,0,0.000,1.000,19.607,-242.729,-310.613,68.461,0,0,0,99.329177
373,53.1937,walk-to-authored-tree,-265.213,-314.541,77.429,112.500,-95.701,264.534,-273.382,-299.716,-6.733,-258.095,-352.227,-7.654,1.0000,0.9375,-286.986,-323.520,66.896,-243.234,-316.865,66.174,0.5525,0.0000,1.6000,1,-100.000,550.000,0.0000,0.0000,0,0,-243.234,-316.865,66.174,0.000,0,-1.000000,1.000,28.924,-1.000000,0.0000,0.0000,0,0,0.000,1.000,19.607,-243.234,-316.865,66.174,0,0,0,99.326670
374,53.3287,walk-to-authored-tree,-266.684,-329.678,77.025,112.500,-95.466,264.742,-275.291,-330.732,-1.331,-258.664,-352.130,-8.230,1.0000,0.9375,-287.547,-345.629,69.844,-243.662,-324.423,67.968,0.6792,0.0000,1.6000,1,-100.000,550.000,0.0000,0.0000,0,0,-243.662,-324.423,67.968,0.000,0,-1.000000,1.000,28.924,-1.000000,0.0000,0.0000,0,0,0.000,1.000,19.607,-243.662,-324.423,67.968,0,0,0,99.324507
375,53.4621,walk-to-authored-tree,-268.079,-344.598,76.609,112.500,-95.258,264.951,-277.383,-367.576,-0.678,-259.541,-352.126,-8.251,1.0000,0.9375,-288.878,-361.058,70.184,-245.069,-338.756,68.245,0.8041,0.0000,1.6000,1,-100.000,550.000,0.0000,0.0000,0,0,-245.069,-338.756,68.245,0.000,0,-1.000000,1.000,28.924,-1.000000,0.0000,0.0000,0,0,0.000,1.000,19.607,-245.069,-338.756,68.245,0,0,0,99.322375
376,53.6029,walk-to-authored-tree,-269.497,-360.396,76.163,112.500,-95.049,265.179,-279.277,-401.195,-7.779,-260.574,-351.961,-9.123,1.0000,0.9375,-290.979,-370.568,65.749,-247.295,-361.638,64.851,0.9362,0.0000,1.6000,1,-100.000,550.000,0.0000,0.0000,0,0,-247.295,-361.638,64.851,0.000,0,-1.000000,1.000,28.924,-1.000000,0.0000,0.0000,0,0,0.000,1.000,19.607,-247.295,-361.638,64.851,0,0,0,99.320120
377,53.7376,walk-to-authored-tree,-270.792,-375.480,75.722,112.500,-94.821,265.401,-280.308,-411.478,-9.211,-261.822,-361.943,-7.957,1.0000,0.9375,-293.021,-375.725,64.725,-249.826,-386.576,65.571,0.0624,0.0000,1.6000,1,-100.000,550.000,0.0000,0.0000,0,0,-249.826,-386.576,65.571,0.000,0,-1.000000,1.000,28.924,-1.000000,0.0000,0.0000,0,0,0.000,1.000,19.607,-249.826,-386.576,65.571,0,0,0,99.317966
378,53.8869,walk-to-authored-tree,-272.163,-392.240,75.220,112.500,-94.599,265.654,-281.291,-411.501,-9.783,-263.656,-397.638,-2.012,1.0000,0.9375,-294.837,-385.066,66.808,-252.237,-409.941,68.663,0.2025,0.0000,1.6000,1,-100.000,550.000,0.0000,0.0000,0,0,-252.237,-409.941,68.663,0.000,0,-1.000000,1.000,28.924,-1.000000,0.0000,0.0000,0,0,0.000,1.000,19.607,-252.237,-409.941,68.663,0,0,0,99.315575
379,54.0388,walk-to-authored-tree,-273.482,-409.249,74.701,112.500,-94.346,265.918,-282.250,-411.491,-10.069,-265.309,-439.325,-4.243,1.0000,0.9375,-296.121,-403.872,65.688,-253.259,-425.494,67.377,0.3447,0.0000,1.6000,1,-100.000,550.000,0.0000,0.0000,0,0,-253.259,-425.494,67.377,0.000,0,-1.000000,1.000,28.924,-1.000000,0.0000,0.0000,0,0,0.000,1.000,19.607,-253.259,-425.494,67.377,0,0,0,99.313148
380,54.1712,walk-to-authored-tree,-274.570,-424.129,74.235,112.500,-94.082,266.156,-283.259,-411.485,-10.792,-266.505,-467.189,-10.454,1.0000,0.9375,-296.735,-427.138,62.907,-253.316,-432.610,63.345,0.4690,0.0000,1.6000,1,-100.000,550.000,0.0000,0.0000,0,0,-253.316,-432.610,63.345,0.000,0,-1.000000,1.000,28.924,-1.000000,0.0000,0.0000,0,0,0.000,1.000,19.607,-253.316,-432.610,63.345,0,0,0,99.311027
381,54.3038,walk-to-authored-tree,-275.594,-438.997,73.763,112.500,-93.844,266.400,-284.022,-428.206,-8.711,-266.931,-471.534,-11.308,1.0000,0.9375,-296.473,-451.459,64.340,-253.026,-437.579,63.140,0.5932,0.0000,1.6000,1,-100.000,550.000,0.0000,0.0000,0,0,-253.026,-437.579,63.140,0.000,0,-1.000000,1.000,28.924,-1.000000,0.0000,0.0000,0,0,0.000,1.000,19.607,-253.026,-437.579,63.140,0,0,0,99.308907
382,54.4350,walk-to-authored-tree,-276.547,-453.745,73.291,112.500,-93.600,266.648,-285.222,-461.508,-3.380,-267.864,-471.552,-11.497,1.0000,0.9375,-296.839,-471.212,67.211,-253.736,-446.758,65.214,0.7164,0.0000,1.6000,1,-100.000,550.000,0.0000,0.0000,0,0,-253.736,-446.758,65.214,0.000,0,-1.000000,1.000,28.924,-1.000000,0.0000,0.0000,0,0,0.000,1.000,19.607,-253.736,-446.758,65.214,0,0,0,99.306805
383,54.5686,walk-to-authored-tree,-277.450,-468.719,72.805,112.500,-93.352,266.907,-286.034,-498.150,-6.221,-268.759,-471.375,-12.194,1.0000,0.9375,-297.907,-484.729,65.371,-254.787,-463.363,63.627,0.8414,0.0000,1.6000,1,-100.000,550.000,0.0000,0.0000,0,0,-254.787,-463.363,63.627,0.000,0,-1.000000,1.000,28.924,-1.000000,0.0000,0.0000,0,0,0.000,1.000,19.607,-254.787,-463.363,63.627,0,0,0,99.304672
384,54.6988,walk-to-authored-tree,-278.268,-483.372,72.328,112.500,-93.093,267.168,-286.752,-526.339,-12.172,-269.774,-471.349,-12.713,1.0000,0.9375,-299.738,-492.165,61.523,-256.315,-486.013,61.010,0.9637,0.0000,1.6000,1,-100.000,550.000,0.0000,0.0000,0,0,-256.315,-486.013,61.010,0.000,0,-1.000000,1.000,28.924,-1.000000,0.0000,0.0000,0,0,0.000,1.000,19.607,-256.315,-486.013,61.010,0,0,0,99.302584
385,54.8315,walk-to-authored-tree,-279.031,-498.254,71.838,112.500,-92.832,267.441,-287.253,-531.532,-13.023,-270.438,-486.795,-10.671,1.0000,0.9375,-301.342,-497.346,61.319,-257.805,-510.328,62.425,0.0879,0.0000,1.6000,1,-100.000,550.000,0.0000,0.0000,0,0,-257.805,-510.328,62.425,0.000,0,-1.000000,1.000,28.924,-1.000000,0.0000,0.0000,0,0,0.000,1.000,19.607,-257.805,-510.328,62.425,0,0,0,99.300465
386,54.9667,walk-to-authored-tree,-279.740,-513.477,71.329,112.500,-92.559,267.728,-288.154,-531.534,-13.517,-270.969,-520.832,-5.449,1.0000,0.9375,-302.676,-506.944,63.207,-259.194,-530.655,65.098,0.2149,0.0000,1.6000,1,-100.000,550.000,0.0000,0.0000,0,0,-259.194,-530.655,65.098,0.000,0,-1.000000,1.000,28.924,-1.000000,0.0000,0.0000,0,0,0.000,1.000,19.607,-259.194,-530.655,65.098,0,0,0,99.298298
387,55.0995,walk-to-authored-tree,-280.361,-528.378,70.831,112.500,-92.272,268.018,-289.013,-531.593,-14.015,-271.105,-557.223,-7.927,1.0000,0.9375,-303.175,-523.581,61.856,-259.561,-544.083,63.573,0.3392,0.0000,1.6000,1,-100.000,550.000,0.0000,0.0000,0,0,-259.561,-544.083,63.573,0.000,0,-1.000000,1.000,28.924,-1.000000,0.0000,0.0000,0,0,0.000,1.000,19.607,-259.561,-544.083,63.573,0,0,0,99.296176
388,55.2320,walk-to-authored-tree,-280.906,-543.282,70.342,112.500,-91.982,268.318,-289.999,-531.639,-14.722,-271.233,-585.765,-14.260,1.0000,0.9375,-302.954,-546.645,59.000,-259.347,-551.410,59.514,0.4634,0.0000,1.6000,1,-100.000,550.000,0.0000,0.0000,0,0,-259.347,-551.410,59.514,0.000,0,-1.000000,1.000,28.924,-1.000000,0.0000,0.0000,0,0,0.000,1.000,19.607,-259.347,-551.410,59.514,0,0,0,99.294055
389,55.3808,walk-to-authored-tree,-281.428,-560.009,69.786,112.500,-91.682,268.666,-290.139,-550.560,-12.212,-271.504,-591.061,-15.284,1.0000,0.9375,-301.651,-573.835,60.620,-258.829,-557.055,59.323,0.6029,0.0000,1.6000,1,-100.000,550.000,0.0000,0.0000,0,0,-258.829,-557.055,59.323,0.000,0,-1.000000,1.000,28.924,-1.000000,0.0000,0.0000,0,0,0.000,1.000,19.607,-258.829,-557.055,59.323,0,0,0,99.291675
390,55.5323,walk-to-authored-tree,-281.861,-577.060,69.224,112.500,-91.334,269.035,-290.040,-590.173,-7.215,-272.668,-590.959,-15.677,1.0000,0.9375,-301.431,-595.535,63.226,-259.367,-568.910,61.199,0.7450,0.0000,1.6000,1,-100.000,550.000,0.0000,0.0000,0,0,-259.367,-568.910,61.199,0.000,0,-1.000000,1.000,28.924,-1.000000,0.0000,0.0000,0,0,0.000,1.000,19.607,-259.367,-568.910,61.199,0,0,0,99.289250
391,55.6829,walk-to-authored-tree,-282.184,-593.983,68.693,112.500,-90.965,269.417,-289.212,-630.115,-12.774,-273.592,-590.948,-16.459,1.0000,0.9375,-302.302,-608.739,59.809,-259.806,-590.040,58.412,0.8861,0.0000,1.6000,1,-100.000,550.000,0.0000,0.0000,0,0,-259.806,-590.040,58.412,0.000,0,-1.000000,1.000,28.924,-1.000000,0.0000,0.0000,0,0,0.000,1.000,19.607,-259.806,-590.040,58.412,0,0,0,99.286842
392,55.8333,walk-to-authored-tree,-282.395,-610.928,68.156,112.500,-90.583,269.816,-288.957,-651.699,-16.854,-274.498,-594.758,-16.566,1.0000,0.9375,-304.114,-615.501,56.834,-260.455,-617.753,57.220,0.0273,0.0000,1.6000,1,-100.000,550.000,0.0000,0.0000,0,0,-260.455,-617.753,57.220,0.000,0,-1.000000,1.000,28.924,-1.000000,0.0000,0.0000,0,0,0.000,1.000,19.607,-260.455,-617.753,57.220,0,0,0,99.284432
393,55.9685,walk-to-authored-tree,-282.484,-626.104,67.689,112.500,-90.184,270.191,-289.727,-651.818,-17.146,-274.032,-622.880,-11.400,1.0000,0.9375,-305.419,-622.421,58.575,-261.109,-640.755,60.253,0.1538,0.0000,1.6000,1,-100.000,550.000,0.0000,0.0000,0,0,-261.109,-640.755,60.253,0.000,0,-1.000000,1.000,28.924,-1.000000,0.0000,0.0000,0,0,0.000,1.000,19.607,-261.109,-640.755,60.253,0,0,0,99.282274
394,56.1013,walk-to-authored-tree,-282.473,-641.074,67.265,112.500,-89.809,270.575,-290.496,-651.905,-17.577,-272.663,-659.174,-9.358,1.0000,0.9375,-305.695,-635.558,59.197,-261.122,-657.327,61.100,0.2785,0.0000,1.6000,1,-100.000,550.000,0.0000,0.0000,0,0,-261.122,-657.327,61.100,0.000,0,-1.000000,1.000,28.924,-1.000000,0.0000,0.0000,0,0,0.000,1.000,19.607,-261.122,-657.327,61.100,0,0,0,99.280145
395,56.2440,walk-to-authored-tree,-282.352,-657.089,66.810,112.500,-89.425,271.004,-291.158,-651.941,-18.203,-270.683,-695.030,-15.868,1.0000,0.9375,-304.487,-657.540,56.156,-260.255,-667.868,57.282,0.4120,0.0000,1.6000,1,-100.000,550.000,0.0000,0.0000,0,0,-260.255,-667.868,57.282,0.000,0,-1.000000,1.000,28.924,-1.000000,0.0000,0.0000,0,0,0.000,1.000,19.607,-260.255,-667.868,57.282,0,0,0,99.277867
396,56.3761,walk-to-authored-tree,-282.133,-671.972,66.422,112.500,-88.996,271.422,-291.973,-657.334,-18.197,-270.405,-710.461,-18.652,1.0000,0.9375,-302.802,-682.283,55.600,-259.926,-673.041,55.086,0.5360,0.0000,1.6000,1,-100.000,550.000,0.0000,0.0000,0,0,-259.926,-673.041,55.086,0.000,0,-1.000000,1.000,28.924,-1.000000,0.0000,0.0000,0,0,0.000,1.000,19.607,-259.926,-673.041,55.086,0,0,0,99.275750
397,56.5097,walk-to-authored-tree,-281.804,-686.980,66.042,112.500,-88.578,271.863,-290.475,-686.089,-12.829,-270.949,-710.564,-18.899,1.0000,0.9375,-300.739,-704.758,58.727,-259.577,-679.661,56.940,0.6611,0.0000,1.6000,1,-100.000,550.000,0.0000,0.0000,0,0,-259.577,-679.661,56.940,0.000,0,-1.000000,1.000,28.924,-1.000000,0.0000,0.0000,0,0,0.000,1.000,19.607,-259.577,-679.661,56.940,0,0,0,99.273615
398,56.6429,walk-to-authored-tree,-281.361,-701.991,65.680,112.500,-88.137,272.327,-288.075,-722.821,-11.060,-271.810,-710.534,-19.117,1.0000,0.9375,-299.905,-721.260,59.581,-259.310,-692.922,57.592,0.7863,0.0000,1.6000,1,-100.000,550.000,0.0000,0.0000,0,0,-259.310,-692.922,57.592,0.000,0,-1.000000,1.000,28.924,-1.000000,0.0000,0.0000,0,0,0.000,1.000,19.607,-259.310,-692.922,57.592,0,0,0,99.271479
399,56.7771,walk-to-authored-tree,-280.797,-717.055,65.379,112.500,-87.673,272.817,-285.412,-756.360,-17.380,-272.670,-710.446,-19.715,1.0000,0.9375,-300.376,-731.412,55.815,-258.591,-713.597,54.664,0.9119,0.0000,1.6000,1,-100.000,550.000,0.0000,0.0000,0,0,-258.591,-713.597,54.664,0.000,0,-1.000000,1.000,28.924,-1.000000,0.0000,0.0000,0,0,0.000,1.000,19.607,-258.591,-713.597,54.664,0,0,0,99.269335
400,56.9286,walk-to-authored-tree,-280.010,-734.095,65.045,112.500,-87.183,273.403,-284.503,-772.009,-19.804,-272.968,-718.840,-18.841,1.0000,0.9375,-301.858,-737.912,54.037,-257.725,-741.664,54.774,0.0540,0.0000,1.6000,1,-100.000,550.000,0.0000,0.0000,0,0,-257.725,-741.664,54.774,0.000,0,-1.000000,1.000,28.924,-1.000000,0.0000,0.0000,0,0,0.000,1.000,19.607,-257.725,-741.664,54.774,0,0,0,99.266909
401,57.0845,walk-to-authored-tree,-279.032,-751.564,64.756,112.500,-86.597,274.045,-285.359,-772.238,-20.276,-269.924,-755.235,-12.566,1.0000,0.9375,-302.474,-747.655,56.281,-256.840,-766.274,58.129,0.1998,0.0000,1.6000,1,-100.000,550.000,0.0000,0.0000,0,0,-256.840,-766.274,58.129,0.000,0,-1.000000,1.000,28.924,-1.000000,0.0000,0.0000,0,0,0.000,1.000,19.607,-256.840,-766.274,58.129,0,0,0,99.264421
402,57.2312,walk-to-authored-tree,-277.927,-768.080,64.552,112.500,-85.955,274.700,-286.148,-772.388,-20.311,-265.578,-795.506,-14.156,1.0000,0.9375,-301.136,-765.762,55.587,-255.519,-781.451,57.312,0.3378,0.0000,1.6000,1,-100.000,550.000,0.0000,0.0000,0,0,-255.519,-781.451,57.312,0.000,0,-1.000000,1.000,28.924,-1.000000,0.0000,0.0000,0,0,0.000,1.000,19.607,-255.519,-781.451,57.312,0,0,0,99.262067
403,57.3651,walk-to-authored-tree,-276.761,-783.054,64.375,112.500,-85.300,275.340,-287.134,-772.605,-20.692,-262.210,-824.094,-20.219,1.0000,0.9375,-298.273,-788.919,53.033,-254.397,-788.654,53.554,0.4629,0.0000,1.6000,1,-100.000,550.000,0.0000,0.0000,0,0,-254.397,-788.654,53.554,0.000,0,-1.000000,1.000,28.924,-1.000000,0.0000,0.0000,0,0,0.000,1.000,19.607,-254.397,-788.654,53.554,0,0,0,99.259931
404,57.4983,walk-to-authored-tree,-275.428,-798.024,64.212,112.500,-84.660,276.026,-285.621,-788.234,-18.449,-261.659,-829.365,-20.808,1.0000,0.9375,-294.207,-813.370,54.714,-253.413,-793.404,53.564,0.5882,0.0000,1.6000,1,-100.000,550.000,0.0000,0.0000,0,0,-253.413,-793.404,53.564,0.000,0,-1.000000,1.000,28.924,-1.000000,0.0000,0.0000,0,0,0.000,1.000,19.607,-253.413,-793.404,53.564,0,0,0,99.257793
405,57.6344,walk-to-authored-tree,-273.893,-813.236,64.054,112.500,-83.974,276.779,-281.169,-822.200,-12.635,-262.340,-829.427,-20.729,1.0000,0.9375,-290.982,-833.835,57.969,-252.567,-802.550,55.974,0.7156,0.0000,1.6000,1,-100.000,550.000,0.0000,0.0000,0,0,-252.567,-802.550,55.974,0.000,0,-1.000000,1.000,28.924,-1.000000,0.0000,0.0000,0,0,0.000,1.000,19.607,-252.567,-802.550,55.974,0,0,0,99.255619
406,57.7664,walk-to-authored-tree,-272.213,-828.014,63.908,112.500,-83.221,277.575,-275.506,-858.201,-15.055,-263.119,-829.316,-21.116,1.0000,0.9375,-289.478,-847.439,56.501,-250.823,-818.671,54.741,0.8395,0.0000,1.6000,1,-100.000,550.000,0.0000,0.0000,0,0,-250.823,-818.671,54.741,0.000,0,-1.000000,1.000,28.924,-1.000000,0.0000,0.0000,0,0,0.000,1.000,19.607,-250.823,-818.671,54.741,0,0,0,99.253503
407,57.9002,walk-to-authored-tree,-270.313,-842.922,63.772,112.500,-82.425,278.453,-270.702,-886.786,-20.740,-264.233,-829.405,-21.257,1.0000,0.9375,-289.824,-855.456,52.952,-248.257,-841.544,52.456,0.9648,0.0000,1.6000,1,-100.000,550.000,0.0000,0.0000,0,0,-248.257,-841.544,52.456,0.000,0,-1.000000,1.000,28.924,-1.000000,0.0000,0.0000,0,0,0.000,1.000,19.607,-248.257,-841.544,52.456,0,0,0,99.251366
408,58.0333,walk-to-authored-tree,-268.200,-857.748,63.640,112.500,-81.547,279.418,-269.801,-891.791,-21.234,-261.982,-845.021,-18.801,1.0000,0.9375,-290.297,-861.115,53.146,-245.019,-865.542,54.270,0.0896,0.0000,1.6000,1,-100.000,550.000,0.0000,0.0000,0,0,-245.019,-865.542,54.270,0.000,0,-1.000000,1.000,28.924,-1.000000,0.0000,0.0000,0,0,0.000,1.000,19.607,-245.019,-865.542,54.270,0,0,0,99.249236
409,58.1697,walk-to-authored-tree,-265.785,-872.909,63.518,112.500,-80.582,280.520,-270.332,-892.002,-21.308,-255.570,-878.739,-13.178,1.0000,0.9375,-289.586,-871.243,55.440,-242.113,-885.487,57.338,0.2175,0.0000,1.6000,1,-100.000,550.000,0.0000,0.0000,0,0,-242.113,-885.487,57.338,0.000,0,-1.000000,1.000,28.924,-1.000000,0.0000,0.0000,0,0,0.000,1.000,19.607,-242.113,-885.487,57.338,0,0,0,99.247053
410,58.3018,walk-to-authored-tree,-263.177,-887.558,63.405,112.500,-79.480,281.729,-270.976,-892.339,-21.409,-247.678,-914.015,-15.434,1.0000,0.9375,-286.466,-888.032,54.414,-239.436,-898.184,56.120,0.3415,0.0000,1.6000,1,-100.000,550.000,0.0000,0.0000,0,0,-239.436,-898.184,56.120,0.000,0,-1.000000,1.000,28.924,-1.000000,0.0000,0.0000,0,0,0.000,1.000,19.607,-239.436,-898.184,56.120,0,0,0,99.244936
411,58.4341,walk-to-authored-tree,-260.276,-902.134,63.304,112.500,-78.271,283.111,-271.942,-892.765,-21.744,-240.797,-941.224,-21.328,1.0000,0.9375,-280.859,-910.779,51.966,-237.443,-904.783,52.455,0.4654,0.0000,1.6000,1,-100.000,550.000,0.0000,0.0000,0,0,-237.443,-904.783,52.455,0.000,0,-1.000000,1.000,28.924,-1.000000,0.0000,0.0000,0,0,0.000,1.000,19.607,-237.443,-904.783,52.455,0,0,0,99.242823
412,58.5844,walk-to-authored-tree,-256.578,-918.652,63.198,112.500,-76.889,284.948,-267.307,-912.152,-18.549,-239.188,-945.764,-21.801,1.0000,0.9375,-272.534,-937.385,54.215,-235.550,-909.816,52.883,0.6064,0.0000,1.6000,1,-100.000,550.000,0.0000,0.0000,0,0,-235.550,-909.816,52.883,0.000,0,-1.000000,1.000,28.924,-1.000000,0.0000,0.0000,0,0,0.000,1.000,19.607,-235.550,-909.816,52.883,0,0,0,99.240415
413,58.7354,walk-to-authored-tree,-252.381,-935.086,63.106,112.500,-75.052,287.226,-256.399,-950.447,-13.307,-239.776,-945.528,-21.800,1.0000,0.9375,-265.981,-958.319,57.113,-233.081,-920.945,55.084,0.7478,0.0000,1.6000,1,-100.000,550.000,0.0000,0.0000,0,0,-233.081,-920.945,55.084,0.000,0,-1.000000,1.000,28.924,-1.000000,0.0000,0.0000,0,0,0.000,1.000,19.607,-233.081,-920.945,55.084,0,0,0,99.238003
414,58.8871,walk-to-authored-tree,-247.542,-951.469,63.026,112.500,-72.774,290.211,-242.746,-988.417,-18.617,-240.476,-945.442,-22.064,1.0000,0.9375,-262.142,-971.550,54.078,-227.417,-940.973,52.720,0.8901,0.0000,1.6000,1,-100.000,550.000,0.0000,0.0000,0,0,-227.417,-940.973,52.720,0.000,0,-1.000000,1.000,28.924,-1.000000,0.0000,0.0000,0,0,0.000,1.000,19.607,-227.417,-940.973,52.720,0,0,0,99.235573
415,59.0691,walk-to-authored-tree,-240.764,-970.770,62.954,112.500,-69.789,295.236,-234.061,-1007.603,-21.963,-238.416,-954.580,-20.772,1.0000,0.9375,-260.731,-980.516,51.954,-217.107,-971.819,52.777,0.0606,0.0000,1.6000,1,-100.000,550.000,0.0000,0.0000,0,0,-217.107,-971.819,52.777,0.000,0,-1.000000,1.000,28.924,-1.000000,0.0000,0.0000,0,0,0.000,1.000,19.607,-217.107,-971.819,52.777,0,0,0,99.232664
416,59.2199,view-authored-tree,-240.764,-970.770,62.954,0.000,-69.789,295.236,-241.287,-991.240,-22.761,-229.741,-974.190,-22.825,0.2447,0.0000,-259.355,-983.626,56.278,-218.538,-968.264,56.465,0.0606,0.0000,1.6000,1,-100.000,550.000,0.0000,0.0000,0,0,-218.538,-968.264,56.465,0.000,0,-1.000000,1.000,28.924,-1.000000,0.0000,0.0000,0,0,0.000,1.000,19.607,-218.538,-968.264,56.465,0,0,0,99.230247
417,59.3520,view-authored-tree,-240.764,-970.770,62.954,0.000,-69.789,288.063,-243.679,-985.689,-21.958,-226.842,-980.915,-21.958,0.0000,0.0000,-258.872,-984.649,57.735,-219.025,-967.148,57.735,0.0606,0.0000,1.6000,1,-100.000,550.000,0.0000,0.0000,0,0,-219.025,-967.148,57.735,0.000,0,-1.000000,1.000,28.924,-1.000000,0.0000,0.0000,0,0,0.000,1.000,19.607,-219.025,-967.148,57.735,0,0,0,99.228136
418,59.4788,view-authored-tree,-240.764,-970.770,62.954,0.000,-69.789,283.574,-243.679,-985.689,-21.958,-226.842,-980.915,-21.958,0.0000,0.0000,-258.812,-984.772,57.753,-218.975,-967.276,57.754,0.0606,0.0000,1.6000,1,-100.000,550.000,0.0000,0.0000,0,0,-218.975,-967.276,57.754,0.000,0,-1.000000,1.000,28.924,-1.000000,0.0000,0.0000,0,0,0.000,1.000,19.607,-218.975,-967.276,57.754,0,0,0,99.226105
419,59.6067,view-authored-tree,-240.764,-970.770,62.954,0.000,-69.789,280.580,-243.679,-985.689,-21.958,-226.842,-980.915,-21.958,0.0000,0.0000,-258.776,-984.846,57.765,-218.945,-967.353,57.765,0.0606,0.0000,1.6000,1,-100.000,550.000,0.0000,0.0000,0,0,-218.945,-967.353,57.765,0.000,0,-1.000000,1.000,28.924,-1.000000,0.0000,0.0000,0,0,0.000,1.000,19.607,-218.945,-967.353,57.765,0,0,0,99.224062
420,59.7367,view-authored-tree,-240.764,-970.770,62.954,0.000,-69.789,278.563,-243.679,-985.689,-21.958,-226.842,-980.915,-21.958,0.0000,0.0000,-258.737,-984.926,57.777,-218.913,-967.435,57.777,0.0606,0.0000,1.6000,1,-100.000,550.000,0.0000,0.0000,0,0,-218.913,-967.435,57.777,0.000,0,-1.000000,1.000,28.924,-1.000000,0.0000,0.0000,0,0,0.000,1.000,19.607,-218.913,-967.435,57.777,0,0,0,99.221979
421,59.8679,view-authored-tree,-240.764,-970.770,62.954,0.000,-69.789,277.234,-243.679,-985.689,-21.958,-226.842,-980.915,-21.958,0.0000,0.0000,-258.695,-985.012,57.791,-218.878,-967.525,57.791,0.0606,0.0000,1.6000,1,-100.000,550.000,0.0000,0.0000,0,0,-218.878,-967.525,57.791,0.000,0,-1.000000,1.000,28.924,-1.000000,0.0000,0.0000,0,0,0.000,1.000,19.607,-218.878,-967.525,57.791,0,0,0,99.219883
422,59.9990,view-authored-tree,-240.764,-970.770,62.954,0.000,-69.789,276.366,-243.679,-985.689,-21.958,-226.842,-980.915,-21.958,0.0000,0.0000,-258.660,-985.082,57.802,-218.849,-967.598,57.802,0.0606,0.0000,1.6000,1,-100.000,550.000,0.0000,0.0000,0,0,-218.849,-967.598,57.802,0.000,0,-1.000000,1.000,28.924,-1.000000,0.0000,0.0000,0,0,0.000,1.000,19.607,-218.849,-967.598,57.802,0,0,0,99.217781
423,60.1455,view-authored-tree,-240.764,-970.770,62.954,0.000,-69.789,275.737,-243.679,-985.689,-21.958,-226.842,-980.915,-21.958,0.0000,0.0000,-258.621,-985.162,57.815,-218.817,-967.680,57.815,0.0606,0.0000,1.6000,1,-100.000,550.000,0.0000,0.0000,0,0,-218.817,-967.680,57.815,0.000,0,-1.000000,1.000,28.924,-1.000000,0.0000,0.0000,0,0,0.000,1.000,19.607,-218.817,-967.680,57.815,0,0,0,99.215441
424,60.2914,view-authored-tree,-240.764,-970.770,62.954,0.000,-69.789,275.353,-243.679,-985.689,-21.958,-226.842,-980.915,-21.958,0.0000,0.0000,-258.619,-985.166,57.816,-218.816,-967.684,57.816,0.0606,0.0000,1.6000,1,-100.000,550.000,0.0000,0.0000,0,0,-218.816,-967.684,57.816,0.000,0,-1.000000,1.000,28.924,-1.000000,0.0000,0.0000,0,0,0.000,1.000,19.607,-218.816,-967.684,57.816,0,0,0,99.213103
425,60.4384,view-authored-tree,-240.764,-970.770,62.954,0.000,-69.789,275.117,-243.679,-985.689,-21.958,-226.842,-980.915,-21.958,0.0000,0.0000,-258.588,-985.230,57.826,-218.790,-967.751,57.826,0.0606,0.0000,1.6000,1,-100.000,550.000,0.0000,0.0000,0,0,-218.790,-967.751,57.826,0.000,0,-1.000000,1.000,28.924,-1.000000,0.0000,0.0000,0,0,0.000,1.000,19.607,-218.790,-967.751,57.826,0,0,0,99.210754
426,60.5672,view-authored-tree,-240.764,-970.770,62.954,0.000,-69.789,274.991,-243.679,-985.689,-21.958,-226.842,-980.915,-21.958,0.0000,0.0000,-258.588,-985.230,57.826,-218.790,-967.751,57.826,0.0606,0.0000,1.6000,1,-100.000,550.000,0.0000,0.0000,0,0,-218.790,-967.751,57.826,0.000,0,-1.000000,1.000,28.924,-1.000000,0.0000,0.0000,0,0,0.000,1.000,19.607,-218.790,-967.751,57.826,0,0,0,99.208688
427,60.6965,view-authored-tree,-240.764,-970.770,62.954,0.000,-69.789,274.908,-243.679,-985.689,-21.958,-226.842,-980.915,-21.958,0.0000,0.0000,-258.601,-985.202,57.822,-218.801,-967.723,57.822,0.0606,0.0000,1.6000,1,-100.000,550.000,0.0000,0.0000,0,0,-218.801,-967.723,57.822,0.000,0,-1.000000,1.000,28.924,-1.000000,0.0000,0.0000,0,0,0.000,1.000,19.607,-218.801,-967.723,57.822,0,0,0,99.206623
428,60.8257,view-authored-tree,-240.764,-970.770,62.954,0.000,-69.789,274.853,-243.679,-985.689,-21.958,-226.842,-980.915,-21.958,0.0000,0.0000,-258.631,-985.140,57.816,-218.826,-967.659,57.816,0.0606,0.0000,1.6000,1,-100.000,550.000,0.0000,0.0000,0,0,-218.826,-967.659,57.816,0.000,0,-1.000000,1.000,28.924,-1.000000,0.0000,0.0000,0,0,0.000,1.000,19.607,-218.826,-967.659,57.816,0,0,0,99.204554
429,60.9533,view-authored-tree,-240.764,-970.770,62.954,0.000,-69.789,274.818,-243.679,-985.689,-21.958,-226.842,-980.915,-21.958,0.0000,0.0000,-258.658,-985.086,57.807,-218.848,-967.602,57.807,0.0606,0.0000,1.6000,1,-100.000,550.000,0.0000,0.0000,0,0,-218.848,-967.602,57.807,0.000,0,-1.000000,1.000,28.924,-1.000000,0.0000,0.0000,0,0,0.000,1.000,19.607,-218.848,-967.602,57.807,0,0,0,99.202515
430,61.0945,view-authored-tree,-240.764,-970.770,62.954,0.000,-69.789,274.793,-243.679,-985.689,-21.958,-226.842,-980.915,-21.958,0.0000,0.0000,-258.698,-985.005,57.790,-218.881,-967.518,57.790,0.0606,0.0000,1.6000,1,-100.000,550.000,0.0000,0.0000,0,0,-218.881,-967.518,57.790,0.000,0,-1.000000,1.000,28.924,-1.000000,0.0000,0.0000,0,0,0.000,1.000,19.607,-218.881,-967.518,57.790,0,0,0,99.200251
431,61.2258,view-authored-tree,-240.764,-970.770,62.954,0.000,-69.789,274.778,-243.679,-985.689,-21.958,-226.842,-980.915,-21.958,0.0000,0.0000,-258.737,-984.926,57.777,-218.913,-967.436,57.777,0.0606,0.0000,1.6000,1,-100.000,550.000,0.0000,0.0000,0,0,-218.913,-967.436,57.777,0.000,0,-1.000000,1.000,28.924,-1.000000,0.0000,0.0000,0,0,0.000,1.000,19.607,-218.913,-967.436,57.777,0,0,0,99.198154
432,61.3674,view-authored-tree,-240.764,-970.770,62.954,0.000,-69.789,274.768,-243.679,-985.689,-21.958,-226.842,-980.915,-21.958,0.0000,0.0000,-258.780,-984.837,57.763,-218.948,-967.344,57.763,0.0606,0.0000,1.6000,1,-100.000,550.000,0.0000,0.0000,0,0,-218.948,-967.344,57.763,0.000,0,-1.000000,1.000,28.924,-1.000000,0.0000,0.0000,0,0,0.000,1.000,19.607,-218.948,-967.344,57.763,0,0,0,99.195887
433,61.5230,view-authored-tree,-240.764,-970.770,62.954,0.000,-69.789,274.761,-243.679,-985.689,-21.958,-226.842,-980.915,-21.958,0.0000,0.0000,-258.823,-984.750,57.750,-218.984,-967.253,57.750,0.0606,0.0000,1.6000,1,-100.000,550.000,0.0000,0.0000,0,0,-218.984,-967.253,57.750,0.000,0,-1.000000,1.000,28.924,-1.000000,0.0000,0.0000,0,0,0.000,1.000,19.607,-218.984,-967.253,57.750,0,0,0,99.193401
434,61.6612,view-authored-tree,-240.764,-970.770,62.954,0.000,-69.789,274.757,-243.679,-985.689,-21.958,-226.842,-980.915,-21.958,0.0000,0.0000,-258.831,-984.731,57.741,-218.993,-967.233,57.741,0.0606,0.0000,1.6000,1,-100.000,550.000,0.0000,0.0000,0,0,-218.993,-967.233,57.741,0.000,0,-1.000000,1.000,28.924,-1.000000,0.0000,0.0000,0,0,0.000,1.000,19.607,-218.993,-967.233,57.741,0,0,0,99.191185
435,61.7876,view-authored-tree,-240.764,-970.770,62.954,0.000,-69.789,274.754,-243.679,-985.689,-21.958,-226.842,-980.915,-21.958,0.0000,0.0000,-258.857,-984.678,57.734,-219.014,-967.178,57.734,0.0606,0.0000,1.6000,1,-100.000,550.000,0.0000,0.0000,0,0,-219.014,-967.178,57.734,0.000,0,-1.000000,1.000,28.924,-1.000000,0.0000,0.0000,0,0,0.000,1.000,19.607,-219.014,-967.178,57.734,0,0,0,99.189167
436,61.9140,view-authored-tree,-240.764,-970.770,62.954,0.000,-69.789,274.753,-243.679,-985.689,-21.958,-226.842,-980.915,-21.958,0.0000,0.0000,-258.879,-984.636,57.733,-219.030,-967.135,57.733,0.0606,0.0000,1.6000,1,-100.000,550.000,0.0000,0.0000,0,0,-219.030,-967.135,57.733,0.000,0,-1.000000,1.000,28.924,-1.000000,0.0000,0.0000,0,0,0.000,1.000,19.607,-219.030,-967.135,57.733,0,0,0,99.187141
437,62.0549,view-authored-tree,-240.764,-970.770,62.954,0.000,-69.789,274.752,-243.679,-985.689,-21.958,-226.842,-980.915,-21.958,0.0000,0.0000,-258.879,-984.636,57.733,-219.030,-967.135,57.733,0.0606,0.0000,1.6000,1,-100.000,550.000,0.0000,0.0000,0,0,-219.030,-967.135,57.733,0.000,0,-1.000000,1.000,28.924,-1.000000,0.0000,0.0000,0,0,0.000,1.000,19.607,-219.030,-967.135,57.733,0,0,0,99.184885
438,62.1806,view-authored-tree,-240.764,-970.770,62.954,0.000,-69.789,274.752,-243.679,-985.689,-21.958,-226.842,-980.915,-21.958,0.0000,0.0000,-258.886,-984.621,57.731,-219.037,-967.118,57.731,0.0606,0.0000,1.6000,1,-100.000,550.000,0.0000,0.0000,0,0,-219.037,-967.118,57.731,0.000,0,-1.000000,1.000,28.924,-1.000000,0.0000,0.0000,0,0,0.000,1.000,19.607,-219.037,-967.118,57.731,0,0,0,99.182875
439,62.3084,walk-into-authored-trunk,-240.764,-970.770,62.954,0.000,-69.789,274.752,-243.679,-985.689,-21.958,-226.842,-980.915,-21.958,0.0000,0.0000,-258.886,-984.621,57.731,-219.037,-967.118,57.731,0.0606,0.0000,1.6000,1,-100.000,550.000,0.0000,0.0000,0,0,-219.037,-967.118,57.731,0.000,0,-1.000000,1.000,28.924,-1.000000,0.0000,0.0000,0,0,0.000,1.000,19.607,-219.037,-967.118,57.731,0,0,0,99.180834
440,62.4376,walk-into-authored-trunk,-240.358,-975.652,62.919,56.606,-85.248,274.752,-245.621,-1000.140,-22.588,-231.779,-974.235,-20.611,0.6469,0.4717,-262.668,-978.655,54.469,-217.913,-983.784,55.404,0.1216,0.0000,1.6000,1,-100.000,550.000,0.0000,0.0000,0,0,-217.913,-983.784,55.404,0.000,0,-1.000000,1.000,28.924,-1.000000,0.0000,0.0000,0,0,0.000,1.000,19.607,-217.913,-983.784,55.404,0,0,0,99.178764
441,62.5664,walk-into-authored-trunk,-239.357,-987.698,62.835,112.500,-85.248,274.752,-245.844,-1003.473,-22.063,-229.050,-998.538,-13.614,1.0000,0.9375,-262.947,-983.785,54.817,-216.766,-1002.374,56.734,0.2421,0.0000,1.6000,1,-100.000,550.000,0.0000,0.0000,0,0,-216.766,-1002.374,56.734,0.000,0,-1.000000,1.000,28.924,-1.000000,0.0000,0.0000,0,0,0.000,1.000,19.607,-216.766,-1002.374,56.734,0,0,0,99.176709
442,62.7119,walk-into-authored-trunk,-237.998,-1004.046,62.728,112.500,-85.248,274.752,-247.055,-1003.586,-22.139,-224.680,-1037.242,-18.096,1.0000,0.9375,-260.974,-1004.061,52.873,-215.614,-1015.250,54.316,0.3788,0.0000,1.6000,1,-100.000,550.000,0.0000,0.0000,0,0,-215.614,-1015.250,54.316,0.000,0,-1.000000,1.000,28.924,-1.000000,0.0000,0.0000,0,0,0.000,1.000,19.607,-215.614,-1015.250,54.316,0,0,0,99.174376
443,62.8621,walk-into-authored-trunk,-236.600,-1020.871,62.624,112.500,-85.248,274.752,-247.314,-1006.197,-22.180,-221.943,-1060.506,-22.346,1.0000,0.9375,-256.754,-1031.214,51.617,-214.180,-1021.825,51.336,0.5195,0.0000,1.6000,1,-100.000,550.000,0.0000,0.0000,0,0,-214.180,-1021.825,51.336,0.000,0,-1.000000,1.000,28.924,-1.000000,0.0000,0.0000,0,0,0.000,1.000,19.607,-214.180,-1021.825,51.336,0,0,0,99.171974
444,63.0131,walk-into-authored-trunk,-235.191,-1037.818,62.590,112.500,-85.248,274.752,-243.897,-1037.440,-16.280,-222.985,-1060.726,-22.352,1.0000,0.9375,-253.061,-1056.668,55.275,-213.426,-1029.218,53.488,0.6612,0.0000,1.6000,1,-100.000,550.000,0.0000,0.0000,0,0,-213.426,-1029.218,53.488,0.000,0,-1.000000,1.000,28.924,-1.000000,0.0000,0.0000,0,0,0.000,1.000,19.607,-213.426,-1029.218,53.488,0,0,0,99.169556
445,63.1457,walk-into-authored-trunk,-233.957,-1052.663,62.590,112.500,-85.248,274.752,-239.639,-1073.636,-14.129,-223.974,-1060.829,-22.212,1.0000,0.9375,-251.503,-1072.860,56.498,-212.395,-1042.473,54.506,0.7853,0.0000,1.6000,1,-100.000,550.000,0.0000,0.0000,0,0,-212.395,-1042.473,54.506,0.000,0,-1.000000,1.000,28.924,-1.000000,0.0000,0.0000,0,0,0.000,1.000,19.607,-212.395,-1042.473,54.506,0,0,0,99.167437
446,63.2738,walk-into-authored-trunk,-232.761,-1067.051,62.590,112.500,-85.248,274.752,-235.769,-1105.866,-19.794,-224.790,-1060.850,-22.418,1.0000,0.9375,-251.582,-1082.598,53.270,-210.731,-1062.185,52.059,0.9056,0.0000,1.6000,1,-100.000,550.000,0.0000,0.0000,0,0,-210.731,-1062.185,52.059,0.000,0,-1.000000,1.000,28.924,-1.000000,0.0000,0.0000,0,0,0.000,1.000,19.607,-210.731,-1062.185,52.059,0,0,0,99.165384
447,63.4166,walk-into-authored-trunk,-231.433,-1083.034,62.336,112.500,-85.248,274.752,-234.343,-1122.804,-22.622,-224.972,-1066.710,-22.076,1.0000,0.9375,-252.831,-1088.671,51.111,-208.894,-1088.711,51.653,0.0393,0.0000,1.6000,1,-100.000,550.000,0.0000,0.0000,0,0,-208.894,-1088.711,51.653,0.000,0,-1.000000,1.000,28.924,-1.000000,0.0000,0.0000,0,0,0.000,1.000,19.607,-208.894,-1088.711,51.653,0,0,0,99.163103
448,63.5469,walk-into-authored-trunk,-230.216,-1097.666,62.336,112.500,-85.248,274.752,-235.338,-1123.061,-22.590,-221.886,-1094.879,-16.463,1.0000,0.9375,-253.428,-1095.583,53.285,-207.635,-1110.729,54.992,0.1616,0.0000,1.6000,1,-100.000,550.000,0.0000,0.0000,0,0,-207.635,-1110.729,54.992,0.000,0,-1.000000,1.000,28.924,-1.000000,0.0000,0.0000,0,0,0.000,1.000,19.607,-207.635,-1110.729,54.992,0,0,0,99.161015
449,63.6798,walk-into-authored-trunk,-228.981,-1112.529,62.336,112.500,-85.248,274.752,-236.256,-1123.107,-22.519,-217.583,-1131.087,-14.443,1.0000,0.9375,-252.559,-1108.979,54.195,-206.418,-1126.941,56.084,0.2859,0.0000,1.6000,1,-100.000,550.000,0.0000,0.0000,0,0,-206.418,-1126.941,56.084,0.000,0,-1.000000,1.000,28.924,-1.000000,0.0000,0.0000,0,0,0.000,1.000,19.607,-206.418,-1126.941,56.084,0,0,0,99.158894
450,63.8093,walk-into-authored-trunk,-227.775,-1127.039,62.336,112.500,-85.248,274.752,-236.824,-1123.097,-22.730,-213.417,-1163.538,-20.170,1.0000,0.9375,-249.861,-1128.760,51.706,-204.917,-1136.483,52.880,0.4072,0.0000,1.6000,1,-100.000,550.000,0.0000,0.0000,0,0,-204.917,-1136.483,52.880,0.000,0,-1.000000,1.000,28.924,-1.000000,0.0000,0.0000,0,0,0.000,1.000,19.607,-204.917,-1136.483,52.880,0,0,0,99.156823
451,63.9591,walk-into-authored-trunk,-226.377,-1143.856,62.076,112.500,-85.248,274.720,-237.111,-1130.460,-22.277,-212.435,-1180.162,-23.057,1.0000,0.9375,-246.215,-1156.297,51.392,-204.287,-1142.510,50.731,0.5479,0.0000,1.6000,1,-100.000,550.000,0.0000,0.0000,0,0,-204.287,-1142.510,50.731,0.000,0,-1.000000,1.000,28.924,-1.000000,0.0000,0.0000,0,0,0.000,1.000,19.607,-204.287,-1142.510,50.731,0,0,0,99.154423
452,64.1094,walk-into-authored-trunk,-224.982,-1160.717,62.076,112.500,-85.280,274.598,-233.062,-1164.883,-15.746,-213.320,-1180.226,-23.024,1.0000,0.9375,-242.649,-1180.361,55.251,-203.300,-1151.182,53.336,0.6889,0.0000,1.6000,1,-100.000,550.000,0.0000,0.0000,0,0,-203.300,-1151.182,53.336,0.000,0,-1.000000,1.000,28.924,-1.000000,0.0000,0.0000,0,0,0.000,1.000,19.607,-203.300,-1151.182,53.336,0,0,0,99.152017
453,64.2558,walk-into-authored-trunk,-223.652,-1177.120,62.076,112.500,-85.402,274.423,-228.309,-1204.984,-16.436,-214.285,-1180.404,-23.131,1.0000,0.9375,-241.429,-1196.320,54.841,-201.874,-1168.086,52.990,0.8260,0.0000,1.6000,1,-100.000,550.000,0.0000,0.0000,0,0,-201.874,-1168.086,52.990,0.000,0,-1.000000,1.000,28.924,-1.000000,0.0000,0.0000,0,0,0.000,1.000,19.607,-201.874,-1168.086,52.990,0,0,0,99.149676
454,64.4053,walk-into-authored-trunk,-222.337,-1193.901,62.076,112.500,-85.577,274.203,-225.149,-1237.771,-22.453,-215.570,-1180.561,-22.937,1.0000,0.9375,-242.557,-1205.230,51.238,-200.255,-1193.858,50.763,0.9663,0.0000,1.6000,1,-100.000,550.000,0.0000,0.0000,0,0,-200.255,-1193.858,50.763,0.000,0,-1.000000,1.000,28.924,-1.000000,0.0000,0.0000,0,0,0.000,1.000,19.607,-200.255,-1193.858,50.763,0,0,0,99.147282
455,64.5411,walk-into-authored-trunk,-221.197,-1209.129,62.076,112.500,-85.797,273.976,-225.398,-1242.490,-22.823,-214.012,-1197.339,-20.202,1.0000,0.9375,-243.555,-1210.592,51.642,-198.671,-1218.861,52.805,0.0935,0.0000,1.6000,1,-100.000,550.000,0.0000,0.0000,0,0,-198.671,-1218.861,52.805,0.000,0,-1.000000,1.000,28.924,-1.000000,0.0000,0.0000,0,0,0.000,1.000,19.607,-198.671,-1218.861,52.805,0,0,0,99.145110
456,64.6925,walk-into-authored-trunk,-219.991,-1226.141,62.076,112.500,-86.024,273.702,-226.581,-1242.558,-22.812,-210.001,-1235.924,-14.387,1.0000,0.9375,-243.525,-1221.982,54.044,-197.600,-1241.088,55.963,0.2356,0.0000,1.6000,1,-100.000,550.000,0.0000,0.0000,0,0,-197.600,-1241.088,55.963,0.000,0,-1.000000,1.000,28.924,-1.000000,0.0000,0.0000,0,0,0.000,1.000,19.607,-197.600,-1241.088,55.963,0,0,0,99.142685
457,64.8449,walk-into-authored-trunk,-218.857,-1243.228,62.076,112.500,-86.298,273.408,-227.895,-1242.649,-22.797,-206.153,-1276.610,-18.733,1.0000,0.9375,-241.832,-1242.800,52.223,-196.680,-1254.862,53.670,0.3783,0.0000,1.6000,1,-100.000,550.000,0.0000,0.0000,0,0,-196.680,-1254.862,53.670,0.000,0,-1.000000,1.000,28.924,-1.000000,0.0000,0.0000,0,0,0.000,1.000,19.607,-196.680,-1254.862,53.670,0,0,0,99.140249
458,64.9783,walk-into-authored-trunk,-217.935,-1258.219,62.076,112.500,-86.592,273.134,-228.210,-1243.041,-22.818,-203.863,-1300.031,-22.894,1.0000,0.9375,-238.500,-1266.800,50.928,-195.390,-1261.027,50.881,0.5035,0.0000,1.6000,1,-100.000,550.000,0.0000,0.0000,0,0,-195.390,-1261.027,50.881,0.000,0,-1.000000,1.000,28.924,-1.000000,0.0000,0.0000,0,0,0.000,1.000,19.607,-195.390,-1261.027,50.881,0,0,0,99.138113
459,65.1110,walk-into-authored-trunk,-217.093,-1273.075,62.076,112.500,-86.866,272.852,-226.347,-1267.579,-18.525,-205.056,-1300.348,-22.859,1.0000,0.9375,-235.863,-1289.963,53.814,-195.000,-1266.803,52.264,0.6275,0.0000,1.6000,1,-100.000,550.000,0.0000,0.0000,0,0,-195.000,-1266.803,52.264,0.000,0,-1.000000,1.000,28.924,-1.000000,0.0000,0.0000,0,0,0.000,1.000,19.607,-195.000,-1266.803,52.264,0,0,0,99.135997
460,65.2709,walk-into-authored-trunk,-216.165,-1291.092,62.076,112.500,-87.148,272.495,-222.693,-1310.558,-14.545,-206.376,-1300.455,-22.762,1.0000,0.9375,-234.359,-1310.785,56.018,-194.294,-1281.514,54.013,0.7778,0.0000,1.6000,1,-100.000,550.000,0.0000,0.0000,0,0,-194.294,-1281.514,54.013,0.000,0,-1.000000,1.000,28.924,-1.000000,0.0000,0.0000,0,0,0.000,1.000,19.607,-194.294,-1281.514,54.013,0,0,0,99.133431
461,65.4083,walk-into-authored-trunk,-215.459,-1306.503,62.076,112.500,-87.505,272.176,-219.988,-1345.251,-20.357,-207.263,-1300.526,-22.944,1.0000,0.9375,-234.893,-1321.249,52.725,-193.256,-1302.567,51.521,0.9064,0.0000,1.6000,1,-100.000,550.000,0.0000,0.0000,0,0,-193.256,-1302.567,51.521,0.000,0,-1.000000,1.000,28.924,-1.000000,0.0000,0.0000,0,0,0.000,1.000,19.607,-193.256,-1302.567,51.521,0,0,0,99.131237
462,65.5457,walk-into-authored-trunk,-214.838,-1321.974,62.076,112.500,-87.824,271.843,-219.478,-1362.025,-22.927,-207.653,-1305.767,-22.484,1.0000,0.9375,-236.400,-1326.928,50.778,-192.564,-1328.363,51.270,0.0354,0.0000,1.6000,1,-100.000,550.000,0.0000,0.0000,0,0,-192.564,-1328.363,51.270,0.000,0,-1.000000,1.000,28.924,-1.000000,0.0000,0.0000,0,0,0.000,1.000,19.607,-192.564,-1328.363,51.270,0,0,0,99.129035
463,65.6926,walk-into-authored-trunk,-214.273,-1338.479,62.076,112.500,-88.157,271.473,-220.809,-1362.253,-22.931,-205.638,-1337.941,-16.322,1.0000,0.9375,-237.411,-1334.771,53.169,-192.398,-1353.046,54.917,0.1731,0.0000,1.6000,1,-100.000,550.000,0.0000,0.0000,0,0,-192.398,-1353.046,54.917,0.000,0,-1.000000,1.000,28.924,-1.000000,0.0000,0.0000,0,0,0.000,1.000,19.607,-192.398,-1353.046,54.917,0,0,0,99.126686
464,65.8439,walk-into-authored-trunk,-213.798,-1355.503,62.076,112.500,-88.527,271.076,-221.890,-1362.157,-22.805,-202.917,-1379.833,-15.627,1.0000,0.9375,-236.927,-1351.330,53.503,-191.975,-1370.608,55.332,0.3150,0.0000,1.6000,1,-100.000,550.000,0.0000,0.0000,0,0,-191.975,-1370.608,55.332,0.000,0,-1.000000,1.000,28.924,-1.000000,0.0000,0.0000,0,0,0.000,1.000,19.607,-191.975,-1370.608,55.332,0,0,0,99.124264
465,65.9787,walk-into-authored-trunk,-213.474,-1370.634,62.076,112.500,-88.924,270.706,-222.790,-1362.125,-22.844,-201.457,-1411.173,-21.717,1.0000,0.9375,-235.445,-1373.403,51.051,-191.396,-1379.262,51.854,0.4411,0.0000,1.6000,1,-100.000,550.000,0.0000,0.0000,0,0,-191.396,-1379.262,51.854,0.000,0,-1.000000,1.000,28.924,-1.000000,0.0000,0.0000,0,0,0.000,1.000,19.607,-191.396,-1379.262,51.854,0,0,0,99.122112
466,66.1197,walk-into-authored-trunk,-213.240,-1386.522,62.076,112.500,-89.294,270.301,-222.928,-1374.510,-21.054,-202.123,-1420.629,-22.758,1.0000,0.9375,-233.576,-1399.423,52.369,-191.128,-1384.799,51.371,0.5735,0.0000,1.6000,1,-100.000,550.000,0.0000,0.0000,0,0,-191.128,-1384.799,51.371,0.000,0,-1.000000,1.000,28.924,-1.000000,0.0000,0.0000,0,0,0.000,1.000,19.607,-191.128,-1384.799,51.371,0,0,0,99.119852
467,66.2719,walk-into-authored-trunk,-213.108,-1403.605,62.076,112.500,-89.699,269.846,-221.239,-1411.849,-14.607,-203.230,-1420.837,-22.709,1.0000,0.9375,-232.166,-1422.402,55.992,-190.824,-1395.094,53.997,0.7159,0.0000,1.6000,1,-100.000,550.000,0.0000,0.0000,0,0,-190.824,-1395.094,53.997,0.000,0,-1.000000,1.000,28.924,-1.000000,0.0000,0.0000,0,0,0.000,1.000,19.607,-190.824,-1395.094,53.997,0,0,0,99.117422
468,66.4346,walk-into-authored-trunk,-213.110,-1421.954,62.076,112.500,-90.154,269.330,-219.848,-1455.844,-18.052,-204.525,-1420.858,-22.627,1.0000,0.9375,-232.944,-1437.898,54.150,-190.863,-1416.697,52.608,0.8688,0.0000,1.6000,1,-100.000,550.000,0.0000,0.0000,0,0,-190.863,-1416.697,52.608,0.000,0,-1.000000,1.000,28.924,-1.000000,0.0000,0.0000,0,0,0.000,1.000,19.607,-190.863,-1416.697,52.608,0,0,0,99.114813
469,66.5764,walk-into-authored-trunk,-213.246,-1437.856,62.076,112.500,-90.670,268.856,-219.751,-1481.747,-22.855,-205.373,-1421.183,-22.839,1.0000,0.9375,-234.695,-1444.608,50.894,-191.246,-1442.584,50.905,0.0013,0.0000,1.6000,1,-100.000,550.000,0.0000,0.0000,0,0,-191.246,-1442.584,50.905,0.000,0,-1.000000,1.000,28.924,-1.000000,0.0000,0.0000,0,0,0.000,1.000,19.607,-191.246,-1442.584,50.905,0,0,0,99.112551
470,66.7131,walk-into-authored-trunk,-213.506,-1453.268,62.076,112.500,-91.144,268.372,-221.000,-1481.708,-22.807,-205.081,-1446.701,-18.325,1.0000,0.9375,-236.194,-1450.405,52.376,-192.204,-1467.187,53.894,0.1298,0.0000,1.6000,1,-100.000,550.000,0.0000,0.0000,0,0,-192.204,-1467.187,53.894,0.000,0,-1.000000,1.000,28.924,-1.000000,0.0000,0.0000,0,0,0.000,1.000,19.607,-192.204,-1467.187,53.894,0,0,0,99.110359
471,66.8536,walk-into-authored-trunk,-213.904,-1469.027,62.076,112.500,-91.628,267.850,-222.184,-1481.672,-22.819,-204.753,-1484.393,-14.379,1.0000,0.9375,-236.917,-1462.553,54.051,-193.082,-1486.107,55.969,0.2611,0.0000,1.6000,1,-100.000,550.000,0.0000,0.0000,0,0,-193.082,-1486.107,55.969,0.000,0,-1.000000,1.000,28.924,-1.000000,0.0000,0.0000,0,0,0.000,1.000,19.607,-193.082,-1486.107,55.969,0,0,0,99.108117
472,66.9910,walk-into-authored-trunk,-214.434,-1484.535,62.076,112.500,-92.150,267.305,-223.187,-1481.584,-22.874,-204.931,-1520.556,-19.459,1.0000,0.9375,-236.956,-1482.474,51.889,-193.266,-1497.687,53.226,0.3904,0.0000,1.6000,1,-100.000,550.000,0.0000,0.0000,0,0,-193.266,-1497.687,53.226,0.000,0,-1.000000,1.000,28.924,-1.000000,0.0000,0.0000,0,0,0.000,1.000,19.607,-193.266,-1497.687,53.226,0,0,0,99.105910
473,67.1288,walk-into-authored-trunk,-215.105,-1499.970,62.076,112.500,-92.695,266.730,-223.824,-1484.021,-22.730,-205.705,-1541.204,-22.891,1.0000,0.9375,-236.431,-1507.593,51.067,-192.998,-1503.844,50.790,0.5192,0.0000,1.6000,1,-100.000,550.000,0.0000,0.0000,0,0,-192.998,-1503.844,50.790,0.000,0,-1.000000,1.000,28.924,-1.000000,0.0000,0.0000,0,0,0.000,1.000,19.607,-192.998,-1503.844,50.790,0,0,0,99.103712
474,67.2644,walk-into-authored-trunk,-215.920,-1515.248,62.341,112.500,-93.270,266.122,-224.600,-1511.473,-17.054,-207.083,-1541.437,-22.380,1.0000,0.9375,-236.419,-1530.868,54.851,-193.293,-1510.460,53.146,0.6467,0.0000,1.6000,1,-100.000,550.000,0.0000,0.0000,0,0,-193.293,-1510.460,53.146,0.000,0,-1.000000,1.000,28.924,-1.000000,0.0000,0.0000,0,0,0.000,1.000,19.607,-193.293,-1510.460,53.146,0,0,0,99.101537
475,67.4042,walk-into-authored-trunk,-216.919,-1530.912,62.341,112.500,-93.878,265.455,-225.683,-1549.415,-14.275,-208.295,-1541.401,-22.498,1.0000,0.9375,-237.296,-1548.341,56.284,-194.077,-1523.958,54.279,0.7775,0.0000,1.6000,1,-100.000,550.000,0.0000,0.0000,0,0,-194.077,-1523.958,54.279,0.000,0,-1.000000,1.000,28.924,-1.000000,0.0000,0.0000,0,0,0.000,1.000,19.607,-194.077,-1523.958,54.279,0,0,0,99.099304
476,67.5610,walk-into-authored-trunk,-218.249,-1548.525,62.341,112.500,-94.545,264.647,-227.627,-1588.315,-21.104,-209.411,-1541.393,-22.894,1.0000,0.9375,-239.547,-1559.640,52.293,-195.932,-1548.702,51.268,0.9247,0.0000,1.6000,1,-100.000,550.000,0.0000,0.0000,0,0,-195.932,-1548.702,51.268,0.000,0,-1.000000,1.000,28.924,-1.000000,0.0000,0.0000,0,0,0.000,1.000,19.607,-195.932,-1548.702,51.268,0,0,0,99.096792
477,67.7178,walk-into-authored-trunk,-219.811,-1566.077,62.617,112.500,-95.353,263.761,-229.616,-1600.911,-22.318,-210.722,-1553.402,-20.705,1.0000,0.9375,-242.061,-1565.415,51.741,-199.029,-1578.011,52.691,0.0715,0.0000,1.6000,1,-100.000,550.000,0.0000,0.0000,0,0,-199.029,-1578.011,52.691,0.000,0,-1.000000,1.000,28.924,-1.000000,0.0000,0.0000,0,0,0.000,1.000,19.607,-199.029,-1578.011,52.691,0,0,0,99.094286
478,67.8699,walk-into-authored-trunk,-221.584,-1583.115,62.617,112.500,-96.239,262.806,-231.145,-1600.669,-22.239,-213.299,-1590.908,-14.186,1.0000,0.9375,-244.053,-1575.132,54.480,-202.182,-1601.567,56.369,0.2143,0.0000,1.6000,1,-100.000,550.000,0.0000,0.0000,0,0,-202.182,-1601.567,56.369,0.000,0,-1.000000,1.000,28.924,-1.000000,0.0000,0.0000,0,0,0.000,1.000,19.607,-202.182,-1601.567,56.369,0,0,0,99.091850
479,68.0278,walk-into-authored-trunk,-223.708,-1600.735,62.617,112.500,-97.194,261.705,-232.494,-1600.359,-22.326,-217.298,-1633.796,-17.396,1.0000,0.9375,-246.121,-1595.113,53.035,-204.225,-1617.184,54.614,0.3622,0.0000,1.6000,1,-100.000,550.000,0.0000,0.0000,0,0,-204.225,-1617.184,54.614,0.000,0,-1.000000,1.000,28.924,-1.000000,0.0000,0.0000,0,0,0.000,1.000,19.607,-204.225,-1617.184,54.614,0,0,0,99.089326
480,68.1612,walk-into-authored-trunk,-225.769,-1615.605,62.898,112.500,-98.295,260.648,-233.265,-1600.104,-22.040,-220.878,-1659.605,-22.015,1.0000,0.9375,-248.061,-1618.475,51.642,-204.890,-1624.178,51.823,0.4873,0.0000,1.6000,1,-100.000,550.000,0.0000,0.0000,0,0,-204.890,-1624.178,51.823,0.000,0,-1.000000,1.000,28.924,-1.000000,0.0000,0.0000,0,0,0.000,1.000,19.607,-204.890,-1624.178,51.823,0,0,0,99.087191
481,68.2956,walk-into-authored-trunk,-228.118,-1630.543,62.898,112.500,-99.352,259.454,-235.665,-1621.254,-18.335,-222.367,-1661.467,-21.953,1.0000,0.9375,-250.050,-1642.170,54.276,-205.275,-1629.984,52.874,0.6133,0.0000,1.6000,1,-100.000,550.000,0.0000,0.0000,0,0,-205.275,-1629.984,52.874,0.000,0,-1.000000,1.000,28.924,-1.000000,0.0000,0.0000,0,0,0.000,1.000,19.607,-205.275,-1629.984,52.874,0,0,0,99.085040
482,68.4327,walk-into-authored-trunk,-230.826,-1645.750,63.168,112.500,-100.546,258.065,-240.926,-1656.828,-13.295,-224.016,-1661.320,-21.726,1.0000,0.9375,-253.102,-1660.839,57.164,-207.319,-1641.321,55.140,0.7420,0.0000,1.6000,1,-100.000,550.000,0.0000,0.0000,0,0,-207.319,-1641.321,55.140,0.000,0,-1.000000,1.000,28.924,-1.000000,0.0000,0.0000,0,0,0.000,1.000,19.607,-207.319,-1641.321,55.140,0,0,0,99.082843
483,68.5689,walk-into-authored-trunk,-233.851,-1660.731,63.168,112.500,-101.935,256.463,-247.375,-1692.612,-17.012,-225.210,-1661.344,-21.556,1.0000,0.9375,-256.518,-1672.261,55.205,-211.003,-1660.160,53.667,0.8694,0.0000,1.6000,1,-100.000,550.000,0.0000,0.0000,0,0,-211.003,-1660.160,53.667,0.000,0,-1.000000,1.000,28.924,-1.000000,0.0000,0.0000,0,0,0.000,1.000,19.607,-211.003,-1660.160,53.667,0,0,0,99.080669
484,68.7040,walk-into-authored-trunk,-236.456,-1674.215,63.380,78.210,-103.537,254.557,-252.422,-1714.570,-21.037,-225.966,-1664.700,-21.714,1.0000,0.6518,-259.115,-1679.484,52.661,-215.129,-1680.329,52.057,0.9575,0.0000,1.6000,1,-100.000,550.000,0.0000,0.0000,0,0,-215.129,-1680.329,52.057,0.000,0,-1.000000,1.000,28.924,-1.000000,0.0000,0.0000,0,0,0.000,1.000,19.607,-215.129,-1680.329,52.057,0,0,0,99.078505
485,68.8434,walk-into-authored-trunk,-232.694,-1676.691,63.415,30.146,-105.443,252.139,-249.407,-1713.569,-22.255,-221.816,-1667.329,-22.276,0.8613,0.2512,-255.278,-1678.351,53.131,-212.493,-1686.262,53.033,0.9925,0.0000,1.6000,1,-100.000,550.000,0.0000,0.0000,0,0,-212.493,-1686.262,53.033,0.000,0,-1.000000,1.000,28.924,-1.000000,0.0000,0.0000,0,0,0.000,1.000,19.607,-212.493,-1686.262,53.033,0,0,0,99.076280
486,68.9927,walk-into-authored-trunk,-229.398,-1679.082,63.447,26.776,-107.861,249.087,-246.317,-1710.097,-22.523,-218.719,-1672.616,-22.517,0.7650,0.2231,-251.714,-1677.629,53.567,-210.383,-1691.559,53.852,0.0259,0.0000,1.6000,1,-100.000,550.000,0.0000,0.0000,0,0,-210.383,-1691.559,53.852,0.000,0,-1.000000,1.000,28.924,-1.000000,0.0000,0.0000,0,0,0.000,1.000,19.607,-210.383,-1691.559,53.852,0,0,0,99.073884
487,69.1442,walk-into-authored-trunk,-226.486,-1681.605,63.479,25.759,-110.913,245.941,-243.950,-1708.190,-22.248,-216.128,-1677.714,-21.787,0.7360,0.2147,-248.370,-1677.224,53.970,-208.903,-1696.729,54.570,0.0583,0.0000,1.6000,1,-100.000,550.000,0.0000,0.0000,0,0,-208.903,-1696.729,54.570,0.000,0,-1.000000,1.000,28.924,-1.000000,0.0000,0.0000,0,0,0.000,1.000,19.607,-208.903,-1696.729,54.570,0,0,0,99.071466
488,69.2857,walk-into-authored-trunk,-223.872,-1683.942,63.508,24.893,-114.059,243.031,-241.642,-1706.649,-22.060,-214.162,-1683.001,-20.859,0.7112,0.2074,-245.078,-1676.961,54.421,-207.709,-1701.223,55.243,0.0877,0.0000,1.6000,1,-100.000,550.000,0.0000,0.0000,0,0,-207.709,-1701.223,55.243,0.000,0,-1.000000,1.000,28.924,-1.000000,0.0000,0.0000,0,0,0.000,1.000,19.607,-207.709,-1701.223,55.243,0,0,0,99.069199
489,69.4317,walk-into-authored-trunk,-221.365,-1686.415,63.539,24.404,-116.969,240.091,-239.207,-1705.563,-21.963,-212.746,-1688.318,-19.858,0.6973,0.2034,-241.883,-1677.118,54.789,-206.771,-1705.508,55.825,0.1174,0.0000,1.6000,1,-100.000,550.000,0.0000,0.0000,0,0,-206.771,-1705.508,55.825,0.000,0,-1.000000,1.000,28.924,-1.000000,0.0000,0.0000,0,0,0.000,1.000,19.607,-206.771,-1705.508,55.825,0,0,0,99.066866
490,69.5783,walk-into-authored-trunk,-219.002,-1688.983,63.569,24.036,-119.909,237.191,-236.594,-1704.812,-21.696,-211.855,-1694.148,-18.699,0.6867,0.2003,-238.688,-1677.746,55.345,-205.912,-1709.600,56.546,0.1468,0.0000,1.6000,1,-100.000,550.000,0.0000,0.0000,0,0,-205.912,-1709.600,56.546,0.000,0,-1.000000,1.000,28.924,-1.000000,0.0000,0.0000,0,0,0.000,1.000,19.607,-205.912,-1709.600,56.546,0,0,0,99.064516
491,69.7225,retreat-from-authored-trunk,-216.846,-1691.583,63.599,23.704,-122.809,234.400,-234.054,-1704.418,-21.712,-211.535,-1699.904,-17.998,0.6772,0.1975,-235.608,-1678.659,55.584,-205.158,-1713.341,56.867,0.1752,0.0000,1.6000,1,-100.000,550.000,0.0000,0.0000,0,0,-205.158,-1713.341,56.867,0.000,0,-1.000000,1.000,28.924,-1.000000,0.0000,0.0000,0,0,0.000,1.000,19.607,-205.158,-1713.341,56.867,0,0,0,99.062210
492,69.8663,retreat-from-authored-trunk,-212.041,-1687.166,63.599,64.135,-79.611,231.659,-217.246,-1702.349,-21.301,-200.255,-1698.766,-12.816,1.0000,0.5345,-235.909,-1685.526,55.594,-188.113,-1699.583,57.509,0.2522,0.0000,1.6000,1,-100.000,550.000,0.0000,0.0000,0,0,-188.113,-1699.583,57.509,0.000,0,-1.000000,1.000,28.924,-1.000000,0.0000,0.0000,0,0,0.000,1.000,19.607,-188.113,-1699.583,57.509,0,0,0,99.059907
493,70.0130,retreat-from-authored-trunk,-203.276,-1676.291,63.599,101.250,-35.642,230.069,-209.205,-1683.047,-21.309,-169.662,-1687.447,-17.114,1.0000,0.8438,-218.283,-1693.715,53.762,-180.110,-1666.591,55.230,0.3759,0.0000,1.6000,1,-100.000,550.000,0.0000,0.0000,0,0,-180.110,-1666.591,55.230,0.000,0,-1.000000,1.000,28.924,-1.000000,0.0000,0.0000,0,0,0.000,1.000,19.607,-180.110,-1666.591,55.230,0,0,0,99.057562
494,70.1427,retreat-from-authored-trunk,-194.934,-1666.163,63.599,101.250,3.236,229.850,-208.371,-1676.644,-21.334,-152.819,-1652.644,-21.307,1.0000,0.8438,-187.822,-1687.534,52.331,-190.538,-1644.057,52.541,0.4852,0.0000,1.6000,1,-100.000,550.000,0.0000,0.0000,0,0,-190.538,-1644.057,52.541,0.000,0,-1.000000,1.000,28.924,-1.000000,0.0000,0.0000,0,0,0.000,1.000,19.607,-190.538,-1644.057,52.541,0,0,0,99.055488
495,70.2728,retreat-from-authored-trunk,-186.454,-1656.055,63.599,101.250,42.328,229.850,-187.735,-1669.520,-18.799,-170.350,-1626.729,-21.488,1.0000,0.8438,-162.709,-1661.410,54.207,-203.842,-1641.527,52.988,0.5952,0.0000,1.6000,1,-100.000,550.000,0.0000,0.0000,0,0,-203.842,-1641.527,52.988,0.000,0,-1.000000,1.000,28.924,-1.000000,0.0000,0.0000,0,0,0.000,1.000,19.607,-203.842,-1641.527,52.988,0,0,0,99.053403
496,70.4035,retreat-from-authored-trunk,-177.921,-1645.930,63.599,101.250,49.850,229.850,-167.536,-1646.421,-13.292,-173.566,-1625.479,-21.112,1.0000,0.8438,-151.333,-1644.156,57.443,-200.274,-1637.758,55.476,0.7055,0.0000,1.6000,1,-100.000,550.000,0.0000,0.0000,0,0,-200.274,-1637.758,55.476,0.000,0,-1.000000,1.000,28.924,-1.000000,0.0000,0.0000,0,0,0.000,1.000,19.607,-200.274,-1637.758,55.476,0,0,0,99.051311
497,70.5540,retreat-from-authored-trunk,-168.107,-1634.295,63.343,101.250,49.850,229.850,-144.578,-1616.937,-15.362,-172.926,-1625.993,-21.771,1.0000,0.8438,-142.076,-1633.326,56.043,-189.817,-1625.211,54.222,0.8323,0.0000,1.6000,1,-100.000,550.000,0.0000,0.0000,0,0,-189.817,-1625.211,54.222,0.000,0,-1.000000,1.000,28.924,-1.000000,0.0000,0.0000,0,0,0.000,1.000,19.607,-189.817,-1625.211,54.222,0,0,0,99.048905
498,70.6965,retreat-from-authored-trunk,-158.793,-1623.253,63.343,101.250,49.850,229.850,-126.686,-1594.521,-20.999,-172.137,-1626.542,-21.785,1.0000,0.8438,-136.032,-1628.318,52.694,-175.433,-1608.480,52.018,0.9527,0.0000,1.6000,1,-100.000,550.000,0.0000,0.0000,0,0,-175.433,-1608.480,52.018,0.000,0,-1.000000,1.000,28.924,-1.000000,0.0000,0.0000,0,0,0.000,1.000,19.607,-175.433,-1608.480,52.018,0,0,0,99.046623
499,70.8448,retreat-from-authored-trunk,-149.142,-1611.812,63.343,101.250,49.850,229.850,-121.667,-1589.343,-21.541,-163.541,-1616.572,-19.666,1.0000,0.8438,-131.526,-1625.423,52.610,-159.153,-1589.841,53.617,0.0775,0.0000,1.6000,1,-100.000,550.000,0.0000,0.0000,0,0,-159.153,-1589.841,53.617,0.000,0,-1.000000,1.000,28.924,-1.000000,0.0000,0.0000,0,0,0.000,1.000,19.607,-159.153,-1589.841,53.617,0,0,0,99.044257
500,70.9856,retreat-from-authored-trunk,-139.923,-1600.883,63.343,101.250,49.850,229.850,-120.858,-1589.937,-21.694,-144.317,-1592.369,-14.130,1.0000,0.8438,-125.575,-1619.778,54.815,-145.939,-1574.990,56.651,0.1966,0.0000,1.6000,1,-100.000,550.000,0.0000,0.0000,0,0,-145.939,-1574.990,56.651,0.000,0,-1.000000,1.000,28.924,-1.000000,0.0000,0.0000,0,0,0.000,1.000,19.607,-145.939,-1574.990,56.651,0,0,0,99.041998
501,71.1289,retreat-from-authored-trunk,-130.569,-1589.795,63.343,101.250,49.850,229.850,-120.289,-1590.435,-21.522,-122.296,-1564.032,-14.439,1.0000,0.8438,-116.008,-1608.198,54.741,-136.902,-1564.048,56.564,0.3175,0.0000,1.6000,1,-100.000,550.000,0.0000,0.0000,0,0,-136.902,-1564.048,56.564,0.000,0,-1.000000,1.000,28.924,-1.000000,0.0000,0.0000,0,0,0.000,1.000,19.607,-136.902,-1564.048,56.564,0,0,0,99.039705
502,71.2716,retreat-from-authored-trunk,-121.244,-1578.740,63.343,101.250,49.850,229.850,-119.641,-1590.964,-21.495,-103.709,-1540.478,-20.248,1.0000,0.8438,-103.032,-1591.326,52.434,-132.019,-1557.520,53.276,0.4380,0.0000,1.6000,1,-100.000,550.000,0.0000,0.0000,0,0,-132.019,-1557.520,53.276,0.000,0,-1.000000,1.000,28.924,-1.000000,0.0000,0.0000,0,0,0.000,1.000,19.607,-132.019,-1557.520,53.276,0,0,0,99.037420
503,71.4146,retreat-from-authored-trunk,-111.918,-1567.685,63.343,101.250,49.850,229.850,-113.227,-1584.180,-20.464,-96.891,-1533.197,-21.596,1.0000,0.8438,-88.604,-1572.194,53.121,-128.999,-1553.705,52.313,0.5585,0.0000,1.6000,1,-100.000,550.000,0.0000,0.0000,0,0,-128.999,-1553.705,52.313,0.000,0,-1.000000,1.000,28.924,-1.000000,0.0000,0.0000,0,0,0.000,1.000,19.607,-128.999,-1553.705,52.313,0,0,0,99.035134
504,71.5417,retreat-from-authored-trunk,-103.608,-1557.834,63.343,101.250,49.850,229.850,-97.316,-1563.634,-15.391,-96.470,-1533.459,-21.718,1.0000,0.8438,-77.601,-1556.916,56.032,-125.272,-1548.703,54.220,0.6659,0.0000,1.6000,1,-100.000,550.000,0.0000,0.0000,0,0,-125.272,-1548.703,54.220,0.000,0,-1.000000,1.000,28.924,-1.000000,0.0000,0.0000,0,0,0.000,1.000,19.607,-125.272,-1548.703,54.220,0,0,0,99.033098
505,71.6735,retreat-from-authored-trunk,-95.022,-1547.655,63.343,101.250,49.850,229.850,-77.068,-1538.003,-13.267,-95.729,-1534.045,-21.498,1.0000,0.8438,-68.279,-1545.654,57.288,-117.556,-1539.753,55.282,0.7769,0.0000,1.6000,1,-100.000,550.000,0.0000,0.0000,0,0,-117.556,-1539.753,55.282,0.000,0,-1.000000,1.000,28.924,-1.000000,0.0000,0.0000,0,0,0.000,1.000,19.607,-117.556,-1539.753,55.282,0,0,0,99.030994
506,71.8032,retreat-from-authored-trunk,-86.548,-1537.611,63.343,101.250,49.850,229.850,-58.250,-1514.012,-18.139,-95.151,-1534.566,-21.803,1.0000,0.8438,-61.642,-1538.901,54.454,-106.372,-1526.510,53.060,0.8864,0.0000,1.6000,1,-100.000,550.000,0.0000,0.0000,0,0,-106.372,-1526.510,53.060,0.000,0,-1.000000,1.000,28.924,-1.000000,0.0000,0.0000,0,0,0.000,1.000,19.607,-106.372,-1526.510,53.060,0,0,0,99.028917
507,71.9535,retreat-from-authored-trunk,-76.742,-1525.986,63.343,101.250,49.850,229.850,-44.620,-1497.406,-21.608,-93.325,-1533.810,-21.528,1.0000,0.8438,-56.407,-1535.311,52.082,-90.018,-1507.625,52.273,0.0132,0.0000,1.6000,1,-100.000,550.000,0.0000,0.0000,0,0,-90.018,-1507.625,52.273,0.000,0,-1.000000,1.000,28.924,-1.000000,0.0000,0.0000,0,0,0.000,1.000,19.607,-90.018,-1507.625,52.273,0,0,0,99.026514
508,72.0988,retreat-from-authored-trunk,-67.242,-1514.725,63.343,101.250,49.850,229.850,-43.970,-1497.936,-21.504,-77.398,-1513.799,-16.699,1.0000,0.8438,-51.588,-1531.497,53.811,-74.817,-1490.275,55.381,0.1359,0.0000,1.6000,1,-100.000,550.000,0.0000,0.0000,0,0,-74.817,-1490.275,55.381,0.000,0,-1.000000,1.000,28.924,-1.000000,0.0000,0.0000,0,0,0.000,1.000,19.607,-74.817,-1490.275,55.381,0,0,0,99.024185
509,72.2476,retreat-from-authored-trunk,-57.538,-1503.220,63.343,101.250,49.850,229.850,-43.202,-1498.507,-21.551,-55.103,-1485.466,-13.113,1.0000,0.8438,-43.564,-1522.616,55.317,-63.192,-1476.890,57.236,0.2614,0.0000,1.6000,1,-100.000,550.000,0.0000,0.0000,0,0,-63.192,-1476.890,57.236,0.000,0,-1.000000,1.000,28.924,-1.000000,0.0000,0.0000,0,0,0.000,1.000,19.607,-63.192,-1476.890,57.236,0,0,0,99.021807
510,72.3891,retreat-from-authored-trunk,-48.286,-1492.253,63.343,101.250,49.850,229.850,-42.330,-1499.178,-21.492,-34.109,-1459.125,-17.562,1.0000,0.8438,-31.930,-1508.368,53.474,-56.304,-1468.606,54.899,0.3809,0.0000,1.6000,1,-100.000,550.000,0.0000,0.0000,0,0,-56.304,-1468.606,54.899,0.000,0,-1.000000,1.000,28.924,-1.000000,0.0000,0.0000,0,0,0.000,1.000,19.607,-56.304,-1468.606,54.899,0,0,0,99.019539
511,72.5353,retreat-from-authored-trunk,-38.753,-1480.952,63.343,101.250,49.850,229.850,-41.758,-1499.029,-21.548,-20.179,-1441.015,-21.629,1.0000,0.8438,-17.907,-1488.862,52.200,-53.188,-1463.424,52.144,0.5041,0.0000,1.6000,1,-100.000,550.000,0.0000,0.0000,0,0,-53.188,-1463.424,52.144,0.000,0,-1.000000,1.000,28.924,-1.000000,0.0000,0.0000,0,0,0.000,1.000,19.607,-53.188,-1463.424,52.144,0,0,0,99.017203
512,72.6794,retreat-from-authored-trunk,-29.342,-1469.795,63.343,101.250,49.850,229.850,-26.530,-1480.329,-17.322,-19.287,-1441.516,-21.568,1.0000,0.8438,-4.152,-1470.450,55.051,-49.669,-1459.139,53.520,0.6258,0.0000,1.6000,1,-100.000,550.000,0.0000,0.0000,0,0,-49.669,-1459.139,53.520,0.000,0,-1.000000,1.000,28.924,-1.000000,0.0000,0.0000,0,0,0.000,1.000,19.607,-49.669,-1459.139,53.520,0,0,0,99.014897
