seconds,pass,wall_frame_ms,engine_delta_ms,captures_requested_before_tick,capture_requested_this_tick,x,y,speed,view_yaw
0.000021,close-notes,0.021297,16.666698,0,0,-1000.000,0.000,0.000,15.000
0.015554,close-notes,15.532602,16.666702,0,0,-1000.000,0.000,0.000,15.000
0.032078,close-notes,16.523998,16.666800,0,0,-1000.000,0.000,0.000,15.000
0.049051,close-notes,16.972803,16.666698,0,0,-1000.000,0.000,0.000,15.000
0.065402,close-notes,16.351797,16.666800,0,0,-1000.000,0.000,0.000,15.000
0.082071,close-notes,16.668200,16.666800,0,0,-1000.000,0.000,0.000,15.000
0.098722,close-notes,16.651303,16.666698,0,0,-1000.000,0.000,0.000,15.000
0.115420,close-notes,16.698398,16.666698,0,0,-1000.000,0.000,0.000,15.000
0.132070,close-notes,16.649202,16.666702,0,0,-1000.000,0.000,0.000,15.000
0.148739,close-notes,16.669299,16.666698,0,0,-1000.000,0.000,0.000,15.000
0.165406,close-notes,16.666800,16.666698,0,0,-1000.000,0.000,0.000,15.000
0.182056,close-notes,16.650200,16.666800,0,0,-1000.000,0.000,0.000,15.000
0.198742,close-notes,16.686201,16.666800,0,0,-1000.000,0.000,0.000,15.000
0.215388,close-notes,16.645998,16.666698,0,0,-1000.000,0.000,0.000,15.000
0.232183,close-notes,16.795103,16.666800,0,0,-1000.000,0.000,0.000,15.000
0.248776,close-notes,16.593199,16.666702,0,0,-1000.000,0.000,0.000,15.000
0.265502,close-notes,16.726099,16.666698,0,0,-1000.000,0.000,0.000,15.000
0.282156,close-notes,16.653202,16.688198,0,0,-1000.000,0.000,0.000,15.000
0.299105,close-notes,16.949397,16.666800,0,0,-1000.000,0.000,0.000,15.000
0.315666,close-notes,16.560901,16.666803,0,0,-1000.000,0.000,0.000,15.000
0.332246,close-notes,16.580202,16.666800,0,0,-1000.000,0.000,0.000,15.000
0.348874,close-notes,16.627599,16.666698,0,0,-1000.000,0.000,0.000,15.000
0.365433,close-notes,16.559500,16.666800,0,0,-1000.000,0.000,0.000,15.000
0.382219,close-notes,16.785599,16.666698,0,0,-1000.000,0.000,0.000,15.000
0.398731,close-notes,16.512200,16.666698,0,0,-1000.000,0.000,0.000,15.000
0.415474,close-notes,16.742602,16.666698,0,0,-1000.000,0.000,0.000,15.000
0.432206,close-notes,16.732000,16.666803,0,0,-1000.000,0.000,0.000,15.000
0.448780,close-notes,16.574398,16.666698,0,0,-1000.000,0.000,0.000,15.000
0.465454,close-notes,16.674303,16.666800,0,0,-1000.000,0.000,0.000,15.000
0.482067,close-notes,16.612198,16.666800,0,0,-1000.000,0.000,0.000,15.000
0.498785,close-notes,16.718000,16.666800,0,0,-1000.000,0.000,0.000,15.000
0.515460,close-notes,16.675599,16.666698,0,0,-1000.000,0.000,0.000,15.000
0.532002,close-notes,16.541600,16.666800,0,0,-1000.000,0.000,0.000,15.000
0.548908,close-notes,16.905800,16.666698,0,0,-1000.000,0.000,0.000,15.000
0.565389,close-notes,16.480900,16.666702,0,0,-1000.000,0.000,0.000,15.000
0.582155,close-notes,16.766101,16.666800,0,0,-1000.000,0.000,0.000,15.000
0.598878,close-notes,16.723800,16.666800,0,0,-1000.000,0.000,0.000,15.000
0.615479,close-notes,16.600899,16.666698,0,0,-1000.000,0.000,0.000,15.000
0.632051,close-notes,16.571600,16.666698,0,0,-1000.000,0.000,0.000,15.000
0.648859,close-notes,16.808402,16.666800,0,0,-1000.000,0.000,0.000,15.000
0.665547,close-notes,16.687397,16.677301,0,0,-1000.000,0.000,0.000,15.000
0.682185,close-notes,16.638700,16.666800,0,0,-1000.000,0.000,0.000,15.000
0.698944,close-notes,16.758502,16.666800,0,0,-1000.000,0.000,0.000,15.000
0.715463,close-notes,16.519401,16.666698,0,0,-1000.000,0.000,0.000,15.000
0.732227,close-notes,16.764000,16.666800,0,0,-1000.000,0.000,0.000,15.000
0.749025,close-notes,16.797598,16.666800,0,0,-1000.000,0.000,0.000,15.000
0.765540,close-notes,16.515002,16.666702,0,0,-1000.000,0.000,0.000,15.000
0.782525,close-notes,16.984601,16.666800,0,0,-1000.000,0.000,0.000,15.000
0.799195,close-notes,16.670600,16.666698,0,0,-1000.000,0.000,0.000,15.000
0.815404,close-notes,16.208999,16.666698,0,0,-1000.000,0.000,0.000,15.000
0.832125,close-notes,16.720399,16.666800,0,0,-1000.000,0.000,0.000,15.000
0.848997,close-notes,16.872402,16.672901,0,0,-1000.000,0.000,0.000,15.000
0.865525,close-notes,16.528398,16.666698,0,0,-1000.000,0.000,0.000,15.000
0.882153,close-notes,16.627800,16.666800,0,0,-1000.000,0.000,0.000,15.000
0.898773,close-notes,16.619701,16.666800,0,0,-1000.000,0.000,0.000,15.000
0.915460,close-notes,16.686801,16.666800,0,0,-1000.000,0.000,0.000,15.000
0.932180,close-notes,16.720600,16.666698,0,0,-1000.000,0.000,0.000,15.000
0.948841,close-notes,16.660899,16.666800,0,0,-1000.000,0.000,0.000,15.000
0.965633,close-notes,16.791999,16.666800,0,0,-1000.000,0.000,0.000,15.000
0.982169,close-notes,16.535800,16.666702,0,0,-1000.000,0.000,0.000,15.000
0.998833,close-notes,16.664401,16.666698,0,0,-1000.000,0.000,0.000,15.000
1.015470,close-notes,16.637001,16.666698,0,0,-1000.000,0.000,0.000,15.000
1.032369,warm-up-no-capture,16.898498,16.666800,0,0,-1000.000,0.000,0.000,15.000
1.049544,warm-up-no-capture,17.175701,16.666800,0,0,-1000.000,0.000,0.000,15.000
1.065593,warm-up-no-capture,16.048301,16.666698,0,0,-1000.000,0.000,0.000,15.000
1.082152,warm-up-no-capture,16.558997,16.666800,0,0,-1000.000,0.000,0.000,15.000
1.098818,warm-up-no-capture,16.666703,16.666702,0,0,-1000.000,0.000,0.000,15.000
1.115715,warm-up-no-capture,16.896199,16.666800,0,0,-1000.000,0.000,0.000,15.000
1.132168,warm-up-no-capture,16.453099,16.666800,0,0,-1000.000,0.000,0.000,15.000
1.149010,warm-up-no-capture,16.841799,16.666698,0,0,-1000.000,0.000,0.000,15.000
1.166073,warm-up-no-capture,17.063703,16.666698,0,0,-1000.000,0.000,0.000,15.000
1.182396,warm-up-no-capture,16.322799,16.666698,0,0,-1000.000,0.000,0.000,15.000
1.198786,warm-up-no-capture,16.389400,16.666800,0,0,-1000.000,0.000,0.000,15.000
1.216011,warm-up-no-capture,17.225198,16.666702,0,0,-1000.000,0.000,0.000,15.000
1.232760,warm-up-no-capture,16.749300,16.666800,0,0,-1000.000,0.000,0.000,15.000
1.249195,warm-up-no-capture,16.434900,16.666698,0,0,-1000.000,0.000,0.000,15.000
1.265536,warm-up-no-capture,16.341299,16.666800,0,0,-1000.000,0.000,0.000,15.000
1.282165,warm-up-no-capture,16.628601,16.666800,0,0,-1000.000,0.000,0.000,15.000
1.299478,warm-up-no-capture,17.313201,16.666800,0,0,-1000.000,0.000,0.000,15.000
1.315783,warm-up-no-capture,16.304601,16.666800,0,0,-1000.000,0.000,0.000,15.000
1.332844,warm-up-no-capture,17.061498,16.666800,0,0,-1000.000,0.000,0.000,15.000
1.349011,warm-up-no-capture,16.166501,16.696501,0,0,-1000.000,0.000,0.000,15.000
1.365487,warm-up-no-capture,16.476300,16.666800,0,0,-1000.000,0.000,0.000,15.000
1.382291,warm-up-no-capture,16.804200,16.666698,0,0,-1000.000,0.000,0.000,15.000
1.398963,warm-up-no-capture,16.671602,16.666698,0,0,-1000.000,0.000,0.000,15.000
1.415730,warm-up-no-capture,16.767498,16.666800,0,0,-1000.000,0.000,0.000,15.000
1.432135,warm-up-no-capture,16.404800,16.666702,0,0,-1000.000,0.000,0.000,15.000
1.448939,warm-up-no-capture,16.803801,16.666698,0,0,-1000.000,0.000,0.000,15.000
1.465503,warm-up-no-capture,16.564500,16.666800,0,0,-1000.000,0.000,0.000,15.000
1.482180,warm-up-no-capture,16.676802,16.666800,0,0,-1000.000,0.000,0.000,15.000
1.498815,warm-up-no-capture,16.634800,16.666698,0,0,-1000.000,0.000,0.000,15.000
1.515473,warm-up-no-capture,16.658001,16.666698,0,0,-1000.000,0.000,0.000,15.000
1.532095,warm-up-no-capture,16.621698,16.666800,0,0,-1000.000,0.000,0.000,15.000
1.549030,warm-up-no-capture,16.935199,16.666800,0,0,-1000.000,0.000,0.000,15.000
1.565410,warm-up-no-capture,16.380001,16.666702,0,0,-1000.000,0.000,0.000,15.000
1.582127,warm-up-no-capture,16.717698,16.666800,0,0,-1000.000,0.000,0.000,15.000
1.598722,warm-up-no-capture,16.594000,16.666698,0,0,-1000.000,0.000,0.000,15.000
1.615443,warm-up-no-capture,16.721703,16.666698,0,0,-1000.000,0.000,0.000,15.000
1.632301,warm-up-no-capture,16.858198,16.666698,0,0,-1000.000,0.000,0.000,15.000
1.648846,warm-up-no-capture,16.544100,16.666702,0,0,-1000.000,0.000,0.000,15.000
1.665482,warm-up-no-capture,16.636301,16.666800,0,0,-1000.000,0.000,0.000,15.000
1.682159,warm-up-no-capture,16.677599,16.666698,0,0,-1000.000,0.000,0.000,15.000
1.698783,warm-up-no-capture,16.623300,16.666698,0,0,-1000.000,0.000,0.000,15.000
1.715485,warm-up-no-capture,16.702499,16.666698,0,0,-1000.000,0.000,0.000,15.000
1.732201,warm-up-no-capture,16.715903,16.683500,0,0,-1000.000,0.000,0.000,15.000
1.749073,warm-up-no-capture,16.872000,16.666698,0,0,-1000.000,0.000,0.000,15.000
1.765575,warm-up-no-capture,16.501497,16.666702,0,0,-1000.000,0.000,0.000,15.000
1.782338,warm-up-no-capture,16.762901,16.666698,0,0,-1000.000,0.000,0.000,15.000
1.799107,warm-up-no-capture,16.768999,16.666800,0,0,-1000.000,0.000,0.000,15.000
1.815575,warm-up-no-capture,16.468402,16.666698,0,0,-1000.000,0.000,0.000,15.000
1.832118,warm-up-no-capture,16.542699,16.666698,0,0,-1000.000,0.000,0.000,15.000
1.848934,warm-up-no-capture,16.816001,16.666800,0,0,-1000.000,0.000,0.000,15.000
1.865478,warm-up-no-capture,16.544599,16.666702,0,0,-1000.000,0.000,0.000,15.000
1.882159,warm-up-no-capture,16.680799,16.666800,0,0,-1000.000,0.000,0.000,15.000
1.898874,warm-up-no-capture,16.715001,16.666800,0,0,-1000.000,0.000,0.000,15.000
1.915733,warm-up-no-capture,16.858600,16.666698,0,0,-1000.000,0.000,0.000,15.000
1.932191,warm-up-no-capture,16.457800,16.666800,0,0,-1000.000,0.000,0.000,15.000
1.948806,warm-up-no-capture,16.615100,16.666800,0,0,-1000.000,0.000,0.000,15.000
1.965496,warm-up-no-capture,16.689900,16.666800,0,0,-1000.000,0.000,0.000,15.000
1.982090,warm-up-no-capture,16.594600,16.666800,0,0,-1000.000,0.000,0.000,15.000
1.998724,warm-up-no-capture,16.633499,16.666698,0,0,-1000.000,0.000,0.000,15.000
2.015401,warm-up-no-capture,16.677298,16.666800,0,0,-1000.000,0.000,0.000,15.000
2.032038,warm-up-no-capture,16.637303,16.666800,0,0,-1000.000,0.000,0.000,15.000
2.048951,warm-up-no-capture,16.912699,16.666702,0,0,-1000.000,0.000,0.000,15.000
2.065377,warm-up-no-capture,16.426299,16.666698,0,0,-1000.000,0.000,0.000,15.000
2.082091,warm-up-no-capture,16.713303,16.666800,0,0,-1000.000,0.000,0.000,15.000
2.098835,warm-up-no-capture,16.744196,16.666698,0,0,-1000.000,0.000,0.000,15.000
2.115441,warm-up-no-capture,16.606402,16.666698,0,0,-1000.000,0.000,0.000,15.000
2.132351,warm-up-no-capture,16.909599,16.666702,0,0,-1000.000,0.000,0.000,15.000
2.148802,warm-up-no-capture,16.450603,16.666800,0,0,-1000.000,0.000,0.000,15.000
2.165502,warm-up-no-capture,16.700096,16.666800,0,0,-1000.000,0.000,0.000,15.000
2.182125,warm-up-no-capture,16.623802,16.666800,0,0,-1000.000,0.000,0.000,15.000
2.198736,warm-up-no-capture,16.610701,16.666698,0,0,-1000.000,0.000,0.000,15.000
2.215464,warm-up-no-capture,16.727898,16.666698,0,0,-1000.000,0.000,0.000,15.000
2.232100,warm-up-no-capture,16.635701,16.666800,0,0,-1000.000,0.000,0.000,15.000
2.248767,warm-up-no-capture,16.667198,16.666800,0,0,-1000.000,0.000,0.000,15.000
2.265412,warm-up-no-capture,16.644999,16.666800,0,0,-1000.000,0.000,0.000,15.000
2.282088,warm-up-no-capture,16.676202,16.666800,0,0,-1000.000,0.000,0.000,15.000
2.298994,warm-up-no-capture,16.906098,16.666800,0,0,-1000.000,0.000,0.000,15.000
2.315553,warm-up-no-capture,16.559102,16.666702,0,0,-1000.000,0.000,0.000,15.000
2.332066,warm-up-no-capture,16.513102,16.666698,0,0,-1000.000,0.000,0.000,15.000
2.348745,warm-up-no-capture,16.678497,16.666698,0,0,-1000.000,0.000,0.000,15.000
2.365367,warm-up-no-capture,16.622603,16.666800,0,0,-1000.000,0.000,0.000,15.000
2.382092,warm-up-no-capture,16.725097,16.666800,0,0,-1000.000,0.000,0.000,15.000
2.398767,warm-up-no-capture,16.675200,16.666698,0,0,-1000.000,0.000,0.000,15.000
2.415421,warm-up-no-capture,16.653601,16.666702,0,0,-1000.000,0.000,0.000,15.000
2.432052,warm-up-no-capture,16.630799,16.666800,0,0,-1000.000,0.000,0.000,15.000
2.448783,warm-up-no-capture,16.731299,16.666698,0,0,-1000.000,0.000,0.000,15.000
2.465389,warm-up-no-capture,16.606301,16.666698,0,0,-1000.000,0.000,0.000,15.000
2.482113,warm-up-no-capture,16.723201,16.666698,0,0,-1000.000,0.000,0.000,15.000
2.498706,warm-up-no-capture,16.593199,16.666800,0,0,-1000.000,0.000,0.000,15.000
2.515460,warm-up-no-capture,16.754501,16.666702,0,0,-1000.000,0.000,0.000,15.000
2.532042,warm-up-no-capture,16.581900,16.666800,0,0,-1000.000,0.000,0.000,15.000
2.549259,warm-up-no-capture,17.217200,16.666998,0,0,-1000.000,0.000,0.000,15.000
2.565377,warm-up-no-capture,16.117100,16.666800,0,0,-1000.000,0.000,0.000,15.000
2.582096,warm-up-no-capture,16.719300,16.666702,0,0,-1000.000,0.000,0.000,15.000
2.598784,warm-up-no-capture,16.688701,16.666698,0,0,-1000.000,0.000,0.000,15.000
2.615438,warm-up-no-capture,16.652998,16.666800,0,0,-1000.000,0.000,0.000,15.000
2.632092,warm-up-no-capture,16.654603,16.666698,0,0,-1000.000,0.000,0.000,15.000
2.648751,warm-up-no-capture,16.658898,16.666800,0,0,-1000.000,0.000,0.000,15.000
2.665383,warm-up-no-capture,16.631901,16.666698,0,0,-1000.000,0.000,0.000,15.000
2.682095,warm-up-no-capture,16.712200,16.666803,0,0,-1000.000,0.000,0.000,15.000
2.698707,warm-up-no-capture,16.611800,16.666698,0,0,-1000.000,0.000,0.000,15.000
2.715420,warm-up-no-capture,16.713399,16.666698,0,0,-1000.000,0.000,0.000,15.000
2.732088,warm-up-no-capture,16.667500,16.666800,0,0,-1000.000,0.000,0.000,15.000
2.748821,warm-up-no-capture,16.733199,16.666800,0,0,-1000.000,0.000,0.000,15.000
2.765371,warm-up-no-capture,16.549800,16.666800,0,0,-1000.000,0.000,0.000,15.000
2.782138,warm-up-no-capture,16.767200,16.666698,0,0,-1000.000,0.000,0.000,15.000
2.798974,warm-up-no-capture,16.835701,16.666702,0,0,-1000.000,0.000,0.000,15.000
2.815433,warm-up-no-capture,16.459599,16.666698,0,0,-1000.000,0.000,0.000,15.000
2.832044,warm-up-no-capture,16.610902,16.666800,0,0,-1000.000,0.000,0.000,15.000
2.848763,warm-up-no-capture,16.719099,16.666800,0,0,-1000.000,0.000,0.000,15.000
2.865510,warm-up-no-capture,16.746599,16.666800,0,0,-1000.000,0.000,0.000,15.000
2.882080,warm-up-no-capture,16.570099,16.666698,0,0,-1000.000,0.000,0.000,15.000
2.898718,warm-up-no-capture,16.638603,16.666800,0,0,-1000.000,0.000,0.000,15.000
2.915420,warm-up-no-capture,16.701300,16.666698,0,0,-1000.000,0.000,0.000,15.000
2.932064,warm-up-no-capture,16.644698,16.666702,0,0,-1000.000,0.000,0.000,15.000
2.948767,warm-up-no-capture,16.702801,16.666800,0,0,-1000.000,0.000,0.000,15.000
2.965387,warm-up-no-capture,16.620100,16.666800,0,0,-1000.000,0.000,0.000,15.000
2.982097,warm-up-no-capture,16.710002,16.666800,0,0,-1000.000,0.000,0.000,15.000
2.998704,warm-up-no-capture,16.606897,16.666698,0,0,-1000.000,0.000,0.000,15.000
3.015430,warm-up-no-capture,16.725801,16.666800,0,0,-1000.000,0.000,0.000,15.000
3.032072,warm-up-no-capture,16.641501,16.666698,0,0,-1000.000,0.000,0.000,15.000
3.049007,warm-up-no-capture,16.935401,16.666800,0,0,-1000.000,0.000,0.000,15.000
3.065379,warm-up-no-capture,16.372297,16.666800,0,0,-1000.000,0.000,0.000,15.000
3.082117,warm-up-no-capture,16.738202,16.666800,0,0,-1000.000,0.000,0.000,15.000
3.098742,warm-up-no-capture,16.624399,16.666803,0,0,-1000.000,0.000,0.000,15.000
3.115445,warm-up-no-capture,16.702902,16.666800,0,0,-1000.000,0.000,0.000,15.000
3.132057,warm-up-no-capture,16.612798,16.666800,0,0,-1000.000,0.000,0.000,15.000
3.148783,warm-up-no-capture,16.725402,16.666698,0,0,-1000.000,0.000,0.000,15.000
3.165400,warm-up-no-capture,16.617101,16.666800,0,0,-1000.000,0.000,0.000,15.000
3.182128,warm-up-no-capture,16.727898,16.666698,0,0,-1000.000,0.000,0.000,15.000
3.198742,warm-up-no-capture,16.614500,16.666698,0,0,-1000.000,0.000,0.000,15.000
3.215482,warm-up-no-capture,16.739901,16.666800,0,0,-1000.000,0.000,0.000,15.000
3.232055,warm-up-no-capture,16.572800,16.666800,0,0,-1000.000,0.000,0.000,15.000
3.248772,warm-up-no-capture,16.716998,16.666702,0,0,-1000.000,0.000,0.000,15.000
3.265392,warm-up-no-capture,16.620502,16.666800,0,0,-1000.000,0.000,0.000,15.000
3.282135,warm-up-no-capture,16.742598,16.666698,0,0,-1000.000,0.000,0.000,15.000
3.298949,warm-up-no-capture,16.813800,16.666800,0,0,-1000.000,0.000,0.000,15.000
3.315424,warm-up-no-capture,16.475201,16.666698,0,0,-1000.000,0.000,0.000,15.000
3.332092,warm-up-no-capture,16.667899,16.666800,0,0,-1000.000,0.000,0.000,15.000
3.348775,warm-up-no-capture,16.683500,16.666800,0,0,-1000.000,0.000,0.000,15.000
3.365369,warm-up-no-capture,16.593702,16.666800,0,0,-1000.000,0.000,0.000,15.000
3.382117,warm-up-no-capture,16.747899,16.666800,0,0,-1000.000,0.000,0.000,15.000
3.398723,warm-up-no-capture,16.605798,16.666702,0,0,-1000.000,0.000,0.000,15.000
3.415450,warm-up-no-capture,16.726900,16.666800,0,0,-1000.000,0.000,0.000,15.000
3.432081,warm-up-no-capture,16.631503,16.666698,0,0,-1000.000,0.000,0.000,15.000
3.448780,warm-up-no-capture,16.698498,16.666698,0,0,-1000.000,0.000,0.000,15.000
3.465393,warm-up-no-capture,16.613599,16.666698,0,0,-1000.000,0.000,0.000,15.000
3.482118,warm-up-no-capture,16.724702,16.666702,0,0,-1000.000,0.000,0.000,15.000
3.499013,warm-up-no-capture,16.895398,16.666800,0,0,-1000.000,0.000,0.000,15.000
3.515472,warm-up-no-capture,16.458601,16.666800,0,0,-1000.000,0.000,0.000,15.000
3.532056,warm-up-no-capture,16.584702,16.666800,0,0,-1000.000,0.000,0.000,15.000
3.549006,warm-up-no-capture,16.950198,16.666698,0,0,-1000.000,0.000,0.000,15.000
3.565370,warm-up-no-capture,16.363401,16.666698,0,0,-1000.000,0.000,0.000,15.000
3.582096,warm-up-no-capture,16.726501,16.666800,0,0,-1000.000,0.000,0.000,15.000
3.598732,warm-up-no-capture,16.636100,16.666800,0,0,-1000.000,0.000,0.000,15.000
3.615425,warm-up-no-capture,16.692199,16.666800,0,0,-1000.000,0.000,0.000,15.000
3.632099,warm-up-no-capture,16.674399,16.666800,0,0,-1000.000,0.000,0.000,15.000
3.648758,warm-up-no-capture,16.659100,16.666800,0,0,-1000.000,0.000,0.000,15.000
3.665381,warm-up-no-capture,16.622502,16.666803,0,0,-1000.000,0.000,0.000,15.000
3.682112,warm-up-no-capture,16.731199,16.666800,0,0,-1000.000,0.000,0.000,15.000
3.698822,warm-up-no-capture,16.709499,16.666698,0,0,-1000.000,0.000,0.000,15.000
3.715449,warm-up-no-capture,16.627103,16.666800,0,0,-1000.000,0.000,0.000,15.000
3.732208,warm-up-no-capture,16.759500,16.673498,0,0,-1000.000,0.000,0.000,15.000
3.748808,warm-up-no-capture,16.600300,16.666702,0,0,-1000.000,0.000,0.000,15.000
3.765408,warm-up-no-capture,16.599800,16.666800,0,0,-1000.000,0.000,0.000,15.000
3.782120,warm-up-no-capture,16.711697,16.666698,0,0,-1000.000,0.000,0.000,15.000
3.799045,warm-up-no-capture,16.925100,16.666698,0,0,-1000.000,0.000,0.000,15.000
3.815447,warm-up-no-capture,16.401600,16.666800,0,0,-1000.000,0.000,0.000,15.000
3.832103,warm-up-no-capture,16.656600,16.666698,0,0,-1000.000,0.000,0.000,15.000
3.848807,warm-up-no-capture,16.704101,16.666800,0,0,-1000.000,0.000,0.000,15.000
3.865382,warm-up-no-capture,16.575098,16.666702,0,0,-1000.000,0.000,0.000,15.000
3.882134,warm-up-no-capture,16.752101,16.666800,0,0,-1000.000,0.000,0.000,15.000
3.898721,warm-up-no-capture,16.587000,16.666800,0,0,-1000.000,0.000,0.000,15.000
3.915440,warm-up-no-capture,16.718701,16.666698,0,0,-1000.000,0.000,0.000,15.000
3.932069,warm-up-no-capture,16.628899,16.666698,0,0,-1000.000,0.000,0.000,15.000
3.948813,warm-up-no-capture,16.743902,16.666698,0,0,-1000.000,0.000,0.000,15.000
3.965439,warm-up-no-capture,16.625699,16.666803,0,0,-1000.000,0.000,0.000,15.000
3.982107,warm-up-no-capture,16.668901,16.666698,0,0,-1000.000,0.000,0.000,15.000
3.998740,warm-up-no-capture,16.632900,16.666698,0,0,-1000.000,0.000,0.000,15.000
4.015443,warm-up-no-capture,16.702600,16.666800,0,0,-1000.000,0.000,0.000,15.000
4.032084,warm-up-no-capture,16.641300,16.666800,0,0,-1000.000,0.000,0.000,15.000
4.049005,timing-idle,16.921200,16.666800,0,0,-1000.000,0.000,0.000,15.000
4.065418,timing-idle,16.412701,16.666800,0,0,-1000.000,0.000,0.000,15.000
4.082202,timing-idle,16.784798,16.666698,0,0,-1000.000,0.000,0.000,15.000
4.098763,timing-idle,16.560100,16.666800,0,0,-1000.000,0.000,0.000,15.000
4.115469,timing-idle,16.706299,16.666702,0,0,-1000.000,0.000,0.000,15.000
4.132059,timing-idle,16.590200,16.666800,0,0,-1000.000,0.000,0.000,15.000
4.148784,timing-idle,16.724501,16.666800,0,0,-1000.000,0.000,0.000,15.000
4.165401,timing-idle,16.617499,16.666800,0,0,-1000.000,0.000,0.000,15.000
4.182102,timing-idle,16.700901,16.666800,0,0,-1000.000,0.000,0.000,15.000
4.198743,timing-idle,16.641099,16.666800,0,0,-1000.000,0.000,0.000,15.000
4.215450,timing-idle,16.706802,16.666698,0,0,-1000.000,0.000,0.000,15.000
4.232045,timing-idle,16.595099,16.666698,0,0,-1000.000,0.000,0.000,15.000
4.248860,timing-idle,16.815599,16.666702,0,0,-1000.000,0.000,0.000,15.000
4.265443,timing-idle,16.582899,16.666800,0,0,-1000.000,0.000,0.000,15.000
4.282126,timing-idle,16.683102,16.666698,0,0,-1000.000,0.000,0.000,15.000
4.298941,timing-idle,16.814098,16.666698,0,0,-1000.000,0.000,0.000,15.000
4.315450,timing-idle,16.509000,16.666698,0,0,-1000.000,0.000,0.000,15.000
4.332074,timing-idle,16.624201,16.666800,0,0,-1000.000,0.000,0.000,15.000
4.348800,timing-idle,16.726200,16.666800,0,0,-1000.000,0.000,0.000,15.000
4.365433,timing-idle,16.633600,16.666800,0,0,-1000.000,0.000,0.000,15.000
4.382137,timing-idle,16.704202,16.666803,0,0,-1000.000,0.000,0.000,15.000
4.398758,timing-idle,16.620900,16.666698,0,0,-1000.000,0.000,0.000,15.000
4.415458,timing-idle,16.699597,16.666698,0,0,-1000.000,0.000,0.000,15.000
4.432067,timing-idle,16.609300,16.666698,0,0,-1000.000,0.000,0.000,15.000
4.448792,timing-idle,16.725000,16.666800,0,0,-1000.000,0.000,0.000,15.000
4.465427,timing-idle,16.634300,16.666800,0,0,-1000.000,0.000,0.000,15.000
4.482122,timing-idle,16.695503,16.666800,0,0,-1000.000,0.000,0.000,15.000
4.498715,timing-idle,16.593099,16.666702,0,0,-1000.000,0.000,0.000,15.000
4.515435,timing-idle,16.719799,16.666698,0,0,-1000.000,0.000,0.000,15.000
4.532081,timing-idle,16.645800,16.666800,0,0,-1000.000,0.000,0.000,15.000
4.549014,timing-idle,16.932499,16.666800,0,0,-1000.000,0.000,0.000,15.000
4.565384,timing-idle,16.370103,16.666698,0,0,-1000.000,0.000,0.000,15.000
4.582117,timing-idle,16.732998,16.666800,0,0,-1000.000,0.000,0.000,15.000
4.598763,timing-idle,16.645599,16.666698,0,0,-1000.000,0.000,0.000,15.000
4.615462,timing-idle,16.699601,16.666800,0,0,-1000.000,0.000,0.000,15.000
4.632231,timing-idle,16.768999,16.666800,0,0,-1000.000,0.000,0.000,15.000
4.648791,timing-idle,16.559899,16.666702,0,0,-1000.000,0.000,0.000,15.000
4.665399,timing-idle,16.607203,16.666800,0,0,-1000.000,0.000,0.000,15.000
4.682119,timing-idle,16.720697,16.666800,0,0,-1000.000,0.000,0.000,15.000
4.698859,timing-idle,16.739704,16.666698,0,0,-1000.000,0.000,0.000,15.000
4.715444,timing-idle,16.585097,16.666698,0,0,-1000.000,0.000,0.000,15.000
4.732121,timing-idle,16.676400,16.666800,0,0,-1000.000,0.000,0.000,15.000
4.748802,timing-idle,16.681500,16.666702,0,0,-1000.000,0.000,0.000,15.000
4.765377,timing-idle,16.574800,16.666800,0,0,-1000.000,0.000,0.000,15.000
4.782115,timing-idle,16.737901,16.666800,0,0,-1000.000,0.000,0.000,15.000
4.798965,timing-idle,16.850002,16.666698,0,0,-1000.000,0.000,0.000,15.000
4.815456,timing-idle,16.491599,16.666698,0,0,-1000.000,0.000,0.000,15.000
4.832132,timing-idle,16.675498,16.666800,0,0,-1000.000,0.000,0.000,15.000
4.848791,timing-idle,16.659401,16.666698,0,0,-1000.000,0.000,0.000,15.000
4.865376,timing-idle,16.584199,16.666800,0,0,-1000.000,0.000,0.000,15.000
4.882085,timing-idle,16.709201,16.666800,0,0,-1000.000,0.000,0.000,15.000
4.898735,timing-idle,16.650300,16.666702,0,0,-1000.000,0.000,0.000,15.000
4.915434,timing-idle,16.698599,16.666800,0,0,-1000.000,0.000,0.000,15.000
4.932058,timing-idle,16.624600,16.666698,0,0,-1000.000,0.000,0.000,15.000
4.948865,timing-idle,16.806699,16.672499,0,0,-1000.000,0.000,0.000,15.000
4.965482,timing-idle,16.617000,16.666800,0,0,-1000.000,0.000,0.000,15.000
4.982118,timing-idle,16.636200,16.666800,0,0,-1000.000,0.000,0.000,15.000
4.998790,timing-idle,16.671900,16.666698,0,0,-1000.000,0.000,0.000,15.000
5.015464,timing-idle,16.674001,16.666702,0,0,-1000.000,0.000,0.000,15.000
5.032073,timing-idle,16.608499,16.666698,0,0,-1000.000,0.000,0.000,15.000
5.049031,timing-idle,16.957801,16.666800,0,0,-1000.000,0.000,0.000,15.000
5.065413,timing-idle,16.382001,16.666698,0,0,-1000.000,0.000,0.000,15.000
5.082143,timing-idle,16.729701,16.666800,0,0,-1000.000,0.000,0.000,15.000
5.098804,timing-idle,16.660899,16.666800,0,0,-1000.000,0.000,0.000,15.000
5.115470,timing-idle,16.666401,16.666800,0,0,-1000.000,0.000,0.000,15.000
5.132080,timing-idle,16.610097,16.666800,0,0,-1000.000,0.000,0.000,15.000
5.148831,timing-idle,16.751200,16.666702,0,0,-1000.000,0.000,0.000,15.000
5.165396,timing-idle,16.565003,16.666698,0,0,-1000.000,0.000,0.000,15.000
5.182119,timing-idle,16.722500,16.666698,0,0,-1000.000,0.000,0.000,15.000
5.198719,timing-idle,16.599499,16.666698,0,0,-1000.000,0.000,0.000,15.000
5.215451,timing-idle,16.732700,16.666698,0,0,-1000.000,0.000,0.000,15.000
5.232122,timing-idle,16.671199,16.666800,0,0,-1000.000,0.000,0.000,15.000
5.248796,timing-idle,16.674001,16.666702,0,0,-1000.000,0.000,0.000,15.000
5.265497,timing-idle,16.700801,16.666800,0,0,-1000.000,0.000,0.000,15.000
5.282139,timing-idle,16.641699,16.666800,0,0,-1000.000,0.000,0.000,15.000
5.298982,timing-idle,16.843300,16.666698,0,0,-1000.000,0.000,0.000,15.000
5.315481,timing-idle,16.498499,16.666698,0,0,-1000.000,0.000,0.000,15.000
5.332079,timing-idle,16.598102,16.666698,0,0,-1000.000,0.000,0.000,15.000
5.348810,timing-idle,16.730599,16.666702,0,0,-1000.000,0.000,0.000,15.000
5.365421,timing-idle,16.611699,16.666698,0,0,-1000.000,0.000,0.000,15.000
5.382140,timing-idle,16.718801,16.666800,0,0,-1000.000,0.000,0.000,15.000
5.398891,timing-idle,16.751200,16.666698,0,0,-1000.000,0.000,0.000,15.000
5.415568,timing-idle,16.677000,16.667101,0,0,-1000.000,0.000,0.000,15.000
5.432098,timing-idle,16.529802,16.666698,0,0,-1000.000,0.000,0.000,15.000
5.448864,timing-idle,16.764998,16.666800,0,0,-1000.000,0.000,0.000,15.000
5.465413,timing-idle,16.549401,16.666800,0,0,-1000.000,0.000,0.000,15.000
5.482143,timing-idle,16.729999,16.666698,0,0,-1000.000,0.000,0.000,15.000
5.498797,timing-idle,16.653899,16.666702,0,0,-1000.000,0.000,0.000,15.000
5.515467,timing-idle,16.670302,16.666698,0,0,-1000.000,0.000,0.000,15.000
5.532165,timing-idle,16.697299,16.666698,0,0,-1000.000,0.000,0.000,15.000
5.549042,timing-idle,16.876999,16.666698,0,0,-1000.000,0.000,0.000,15.000
5.565418,timing-idle,16.376402,16.666800,0,0,-1000.000,0.000,0.000,15.000
5.582150,timing-idle,16.731098,16.666800,0,0,-1000.000,0.000,0.000,15.000
5.598841,timing-idle,16.691502,16.666800,0,0,-1000.000,0.000,0.000,15.000
5.615474,timing-idle,16.632497,16.666800,0,0,-1000.000,0.000,0.000,15.000
5.632131,timing-idle,16.657501,16.666702,0,0,-1000.000,0.000,0.000,15.000
5.648795,timing-idle,16.663998,16.666698,0,0,-1000.000,0.000,0.000,15.000
5.665489,timing-idle,16.694002,16.666800,0,0,-1000.000,0.000,0.000,15.000
5.682142,timing-idle,16.652599,16.666800,0,0,-1000.000,0.000,0.000,15.000
5.698788,timing-idle,16.646098,16.666698,0,0,-1000.000,0.000,0.000,15.000
5.715471,timing-idle,16.683202,16.666800,0,0,-1000.000,0.000,0.000,15.000
5.732100,timing-idle,16.629498,16.666698,0,0,-1000.000,0.000,0.000,15.000
5.748876,timing-idle,16.775500,16.666800,0,0,-1000.000,0.000,0.000,15.000
5.765424,timing-idle,16.548000,16.666702,0,0,-1000.000,0.000,0.000,15.000
5.782126,timing-idle,16.701702,16.666800,0,0,-1000.000,0.000,0.000,15.000
5.798946,timing-idle,16.820099,16.666800,0,0,-1000.000,0.000,0.000,15.000
5.815466,timing-idle,16.520098,16.666800,0,0,-1000.000,0.000,0.000,15.000
5.832060,timing-idle,16.594600,16.666800,0,0,-1000.000,0.000,0.000,15.000
5.848808,timing-idle,16.747802,16.666698,0,0,-1000.000,0.000,0.000,15.000
5.865426,timing-idle,16.617198,16.666698,0,0,-1000.000,0.000,0.000,15.000
5.882158,timing-idle,16.732603,16.666702,0,0,-1000.000,0.000,0.000,15.000
5.898758,timing-idle,16.599797,16.666800,0,0,-1000.000,0.000,0.000,15.000
5.915659,timing-idle,16.901702,16.666800,0,0,-1000.000,0.000,0.000,15.000
5.932089,timing-idle,16.429201,16.666800,0,0,-1000.000,0.000,0.000,15.000
5.948780,timing-idle,16.690500,16.666698,0,0,-1000.000,0.000,0.000,15.000
5.965455,timing-idle,16.674798,16.666800,0,0,-1000.000,0.000,0.000,15.000
5.982142,timing-idle,16.687900,16.666698,0,0,-1000.000,0.000,0.000,15.000
5.998762,timing-idle,16.619802,16.666698,0,0,-1000.000,0.000,0.000,15.000
6.015461,timing-idle,16.699102,16.666702,0,0,-1000.000,0.000,0.000,15.000
6.032127,timing-idle,16.665697,16.666800,0,0,-1000.000,0.000,0.000,15.000
6.049046,timing-walk,16.918000,16.666800,0,0,-1000.000,0.000,0.000,15.000
6.065489,timing-walk,16.443901,16.666800,0,0,-999.906,0.025,5.833,15.000
6.082199,timing-walk,16.709600,16.666800,0,0,-999.718,0.075,11.667,15.000
6.098801,timing-walk,16.601801,16.666800,0,0,-999.437,0.151,17.500,15.000
6.115522,timing-walk,16.721301,16.666800,0,0,-999.061,0.252,23.334,15.000
6.132130,timing-walk,16.608100,16.666698,0,0,-998.591,0.377,29.167,15.000
6.148905,timing-walk,16.774599,16.666800,0,0,-998.028,0.528,35.000,15.000
6.165490,timing-walk,16.584799,16.666698,0,0,-997.371,0.705,40.834,15.000
6.182201,timing-walk,16.711701,16.666702,0,0,-996.619,0.906,46.667,15.000
6.198820,timing-walk,16.618401,16.666800,0,0,-995.774,1.132,52.500,15.000
6.215553,timing-walk,16.733602,16.666698,0,0,-994.835,1.384,58.334,15.000
6.232185,timing-walk,16.631898,16.666800,0,0,-993.802,1.661,64.167,15.000
6.248855,timing-walk,16.669899,16.666698,0,0,-992.675,1.963,70.000,15.000
6.265468,timing-walk,16.612500,16.666800,0,0,-991.454,2.290,75.834,15.000
6.282204,timing-walk,16.736101,16.666800,0,0,-990.139,2.642,81.667,15.000
6.299080,timing-walk,16.876899,16.666702,0,0,-988.731,3.020,87.500,15.000
6.315557,timing-walk,16.476102,16.666800,0,0,-987.282,3.408,90.000,15.000
6.332167,timing-walk,16.610499,16.666800,0,0,-985.833,3.796,90.000,15.000
6.348876,timing-walk,16.708501,16.666698,0,0,-984.384,4.184,90.000,15.000
6.365472,timing-walk,16.596999,16.666800,0,0,-982.935,4.573,90.000,15.000
6.382193,timing-walk,16.720898,16.666698,0,0,-981.486,4.961,90.000,15.000
6.398780,timing-walk,16.587403,16.666698,0,0,-980.037,5.349,90.000,15.000
6.415504,timing-walk,16.723398,16.666702,0,0,-978.588,5.737,90.000,15.000
6.432101,timing-walk,16.596902,16.666698,0,0,-977.140,6.125,90.000,15.000
6.448843,timing-walk,16.741797,16.666800,0,0,-975.691,6.514,90.000,15.000
6.465557,timing-walk,16.714700,16.666698,0,0,-974.242,6.902,90.000,15.000
6.482271,timing-walk,16.713802,16.666800,0,0,-972.793,7.290,90.000,15.000
6.498936,timing-walk,16.665202,16.666698,0,0,-971.344,7.678,90.000,15.000
6.515551,timing-walk,16.614798,16.666800,0,0,-969.895,8.067,90.000,15.000
6.532164,timing-walk,16.613401,16.666702,0,0,-968.446,8.455,90.000,15.000
6.549067,timing-walk,16.902700,16.666698,0,0,-966.997,8.843,90.000,15.000
6.565468,timing-walk,16.401298,16.666698,0,0,-965.548,9.231,90.000,15.000
6.582207,timing-walk,16.738400,16.666800,0,0,-964.100,9.620,90.000,15.000
6.598822,timing-walk,16.615100,16.666698,0,0,-962.651,10.008,90.000,15.000
6.615678,timing-walk,16.856600,16.677402,0,0,-961.201,10.396,90.000,15.000
6.632226,timing-walk,16.547900,16.666698,0,0,-959.752,10.784,90.000,15.000
6.648864,timing-walk,16.638402,16.666698,0,0,-958.303,11.173,90.000,15.000
6.665482,timing-walk,16.617700,16.666698,0,0,-956.854,11.561,90.000,15.000
6.682189,timing-walk,16.707100,16.666702,0,0,-955.405,11.949,90.000,15.000
6.698796,timing-walk,16.606700,16.666698,0,0,-953.956,12.337,90.000,15.000
6.715519,timing-walk,16.723000,16.666698,0,0,-952.507,12.726,90.000,15.000
6.732123,timing-walk,16.604099,16.666698,0,0,-951.059,13.114,90.000,15.000
6.748865,timing-walk,16.742300,16.666800,0,0,-949.610,13.502,90.000,15.000
6.765509,timing-walk,16.643301,16.666800,0,0,-948.161,13.890,90.000,15.000
6.782192,timing-walk,16.683299,16.666702,0,0,-946.712,14.279,90.000,15.000
6.799087,timing-walk,16.895499,16.666698,0,0,-945.263,14.667,90.000,15.000
6.815527,timing-walk,16.440399,16.666800,0,0,-943.814,15.055,90.000,15.000
6.832188,timing-walk,16.660102,16.666698,0,0,-942.365,15.443,90.000,15.000
6.848848,timing-walk,16.660299,16.666698,0,0,-940.916,15.831,90.000,15.000
6.865476,timing-walk,16.628101,16.666702,0,0,-939.467,16.220,90.000,15.000
6.882364,timing-walk,16.888000,16.666800,0,0,-938.019,16.608,90.000,15.000
6.898919,timing-walk,16.554199,16.666800,0,0,-936.570,16.996,90.000,15.000
6.915541,timing-walk,16.622599,16.666698,0,0,-935.121,17.384,90.000,15.000
6.932178,timing-walk,16.637299,16.666800,0,0,-933.672,17.773,90.000,15.000
6.948941,timing-walk,16.762700,16.666800,0,0,-932.223,18.161,90.000,15.000
6.965513,timing-walk,16.572002,16.666698,0,0,-930.774,18.549,90.000,15.000
6.982192,timing-walk,16.678400,16.666800,0,0,-929.325,18.937,90.000,15.000
6.998839,timing-walk,16.647700,16.666698,0,0,-927.876,19.326,90.000,15.000
7.015542,timing-walk,16.702298,16.666803,0,0,-926.427,19.714,90.000,15.000
7.032153,timing-walk,16.611800,16.666698,0,0,-924.978,20.102,90.000,15.000
7.049062,timing-walk,16.909301,16.666800,0,0,-923.530,20.490,90.000,15.000
7.065468,timing-walk,16.405899,16.666800,0,0,-922.081,20.878,90.000,15.000
7.082228,timing-walk,16.759802,16.666698,0,0,-920.632,21.267,90.000,15.000
7.098853,timing-walk,16.625099,16.666800,0,0,-919.183,21.655,90.000,15.000
7.115529,timing-walk,16.675800,16.666698,0,0,-917.734,22.043,90.000,15.000
7.132149,timing-walk,16.620301,16.666702,0,0,-916.285,22.431,90.000,15.000
7.148876,timing-walk,16.726699,16.666698,0,0,-914.836,22.820,90.000,15.000
7.165472,timing-walk,16.595900,16.666698,0,0,-913.387,23.208,90.000,15.000
7.182452,timing-walk,16.980700,16.666698,0,0,-911.938,23.596,90.000,15.000
7.198836,timing-walk,16.383901,16.666698,0,0,-910.489,23.984,90.000,15.000
7.215544,timing-walk,16.707201,16.666702,0,0,-909.041,24.372,90.000,15.000
7.232168,timing-walk,16.624197,16.666800,0,0,-907.592,24.761,90.000,15.000
7.248935,timing-walk,16.767602,16.666698,0,0,-906.143,25.149,90.000,15.000
7.265548,timing-walk,16.612500,16.666698,0,0,-904.694,25.537,90.000,15.000
7.282213,timing-walk,16.665600,16.666698,0,0,-903.245,25.925,90.000,15.000
7.299027,timing-walk,16.814400,16.666702,0,0,-901.796,26.314,90.000,15.000
7.315528,timing-walk,16.501099,16.666698,0,0,-900.347,26.702,90.000,15.000
7.332151,timing-walk,16.623002,16.666698,0,0,-898.898,27.090,90.000,15.000
7.348867,timing-walk,16.716197,16.666800,0,0,-897.449,27.478,90.000,15.000
7.365446,timing-walk,16.578402,16.666698,0,0,-896.001,27.867,90.000,15.000
7.382193,timing-walk,16.746998,16.666698,0,0,-894.552,28.255,90.000,15.000
7.398819,timing-walk,16.627003,16.666803,0,0,-893.103,28.643,90.000,15.000
7.415525,timing-walk,16.706098,16.666800,0,0,-891.654,29.031,90.000,15.000
7.432159,timing-walk,16.634002,16.666698,0,0,-890.205,29.419,90.000,15.000
7.448869,timing-walk,16.709398,16.666698,0,0,-888.756,29.808,90.000,15.000
7.465488,timing-walk,16.619299,16.666800,0,0,-887.307,30.196,90.000,15.000
7.482233,timing-walk,16.744602,16.666698,0,0,-885.858,30.584,90.000,15.000
7.498858,timing-walk,16.625497,16.666702,0,0,-884.409,30.972,90.000,15.000
7.515545,timing-walk,16.686801,16.670197,0,0,-882.960,31.361,90.000,15.000
7.532236,timing-walk,16.691100,16.666698,0,0,-881.511,31.749,90.000,15.000
7.549098,timing-walk,16.862601,16.666803,0,0,-880.062,32.137,90.000,15.000
7.565544,timing-walk,16.445398,16.666698,0,0,-878.614,32.525,90.000,15.000
7.582208,timing-walk,16.663902,16.666800,0,0,-877.165,32.914,90.000,15.000
7.598827,timing-walk,16.619101,16.666800,0,0,-875.716,33.302,90.000,15.000
7.615627,timing-walk,16.799498,16.666698,0,0,-874.267,33.690,90.000,15.000
7.632256,timing-walk,16.629301,16.666800,0,0,-872.818,34.078,90.000,15.000
7.648865,timing-walk,16.608499,16.666800,0,0,-871.369,34.467,90.000,15.000
7.665460,timing-walk,16.595099,16.666800,0,0,-869.920,34.855,90.000,15.000
7.682209,timing-walk,16.748901,16.666698,0,0,-868.471,35.243,90.000,15.000
7.698847,timing-walk,16.638100,16.666702,0,0,-867.022,35.631,90.000,15.000
7.715520,timing-walk,16.673598,16.666698,0,0,-865.573,36.019,90.000,15.000
7.732175,timing-walk,16.655203,16.666698,0,0,-864.125,36.408,90.000,15.000
7.748883,timing-walk,16.707700,16.666800,0,0,-862.676,36.796,90.000,15.000
7.765478,timing-walk,16.594600,16.666698,0,0,-861.227,37.184,90.000,15.000
7.782218,timing-walk,16.739897,16.666800,0,0,-859.778,37.572,90.000,15.000
7.799039,timing-walk,16.821302,16.666702,0,0,-858.329,37.961,90.000,15.000
7.815540,timing-walk,16.501099,16.666800,0,0,-856.880,38.349,90.000,15.000
7.832138,timing-walk,16.598199,16.666698,0,0,-855.431,38.737,90.000,15.000
7.848873,timing-walk,16.734600,16.666698,0,0,-853.982,39.125,90.000,15.000
7.865502,timing-walk,16.629003,16.666800,0,0,-852.533,39.514,90.000,15.000
7.882219,timing-walk,16.717497,16.666800,0,0,-851.084,39.902,90.000,15.000
7.898828,timing-walk,16.608302,16.666800,0,0,-849.636,40.290,90.000,15.000
7.915547,timing-walk,16.719598,16.666800,0,0,-848.187,40.678,90.000,15.000
7.932158,timing-walk,16.610403,16.666702,0,0,-846.738,41.066,90.000,15.000
7.948862,timing-walk,16.703900,16.666698,0,0,-845.289,41.455,90.000,15.000
7.965490,timing-walk,16.627699,16.666698,0,0,-843.840,41.843,90.000,15.000
7.982195,timing-walk,16.705099,16.666698,0,0,-842.391,42.231,90.000,15.000
7.998850,timing-walk,16.655002,16.666800,0,0,-840.942,42.619,90.000,15.000
8.015519,timing-walk,16.669597,16.666702,0,0,-839.493,43.008,90.000,15.000
8.032140,timing-walk,16.621001,16.666698,0,0,-838.044,43.396,90.000,15.000
8.049150,timing-walk,17.011099,16.666698,0,0,-836.596,43.784,90.000,15.000
8.065472,timing-walk,16.320802,16.666698,0,0,-835.147,44.172,90.000,15.000
8.082207,timing-walk,16.734798,16.666800,0,0,-833.698,44.561,90.000,15.000
8.098827,timing-walk,16.620703,16.666698,0,0,-832.249,44.949,90.000,15.000
8.115635,timing-walk,16.807798,16.666702,0,0,-830.800,45.337,90.000,15.000
8.132190,timing-walk,16.555101,16.666800,0,0,-829.351,45.725,90.000,15.000
8.148941,timing-walk,16.750898,16.666800,0,0,-827.902,46.113,90.000,15.000
8.165506,timing-walk,16.565103,16.666800,0,0,-826.453,46.502,90.000,15.000
8.182249,timing-walk,16.742699,16.666698,0,0,-825.004,46.890,90.000,15.000
8.198850,timing-walk,16.600799,16.666800,0,0,-823.555,47.278,90.000,15.000
8.215542,timing-walk,16.692400,16.666698,0,0,-822.107,47.666,90.000,15.000
8.232159,timing-walk,16.616799,16.666702,0,0,-820.658,48.055,90.000,15.000
8.248870,timing-walk,16.711503,16.666800,0,0,-819.209,48.443,90.000,15.000
8.265512,timing-walk,16.641300,16.666698,0,0,-817.760,48.831,90.000,15.000
8.282221,timing-walk,16.709000,16.666800,0,0,-816.311,49.219,90.000,15.000
8.299074,timing-walk,16.853597,16.666800,0,0,-814.862,49.608,90.000,15.000
8.315536,timing-walk,16.461000,16.666698,0,0,-813.413,49.996,90.000,15.000
8.332149,timing-walk,16.613401,16.666800,0,0,-811.964,50.384,90.000,15.000
8.349085,timing-walk,16.936202,16.666800,0,0,-810.515,50.772,90.000,15.000
8.365504,timing-walk,16.419098,16.666698,0,0,-809.067,51.160,90.000,15.000
8.382306,timing-walk,16.801599,16.666702,0,0,-807.618,51.549,90.000,15.000
8.398903,timing-walk,16.597100,16.666698,0,0,-806.169,51.937,90.000,15.000
8.415547,timing-walk,16.644102,16.666800,0,0,-804.720,52.325,90.000,15.000
8.432218,timing-walk,16.670600,16.666800,0,0,-803.271,52.713,90.000,15.000
8.448909,timing-walk,16.691100,16.666800,0,0,-801.822,53.102,90.000,15.000
8.465521,timing-walk,16.612101,16.666698,0,0,-800.373,53.490,90.000,15.000
8.482265,timing-walk,16.744398,16.666800,0,0,-798.924,53.878,90.000,15.000
8.498872,timing-walk,16.606301,16.666800,0,0,-797.475,54.266,90.000,15.000
8.515571,timing-walk,16.698800,16.666800,0,0,-796.026,54.655,90.000,15.000
8.532197,timing-walk,16.626600,16.666803,0,0,-794.578,55.043,90.000,15.000
8.549101,timing-walk,16.904101,16.666698,0,0,-793.129,55.431,90.000,15.000
8.565489,timing-walk,16.388200,16.666698,0,0,-791.680,55.819,90.000,15.000
8.582191,timing-walk,16.702700,16.666800,0,0,-790.231,56.207,90.000,15.000
8.598801,timing-walk,16.609199,16.666698,0,0,-788.782,56.596,90.000,15.000
8.615532,timing-walk,16.731199,16.666800,0,0,-787.333,56.984,90.000,15.000
8.632207,timing-walk,16.675401,16.666800,0,0,-785.884,57.372,90.000,15.000
8.648917,timing-walk,16.710099,16.666800,0,0,-784.435,57.760,90.000,15.000
8.665606,timing-walk,16.688701,16.666800,0,0,-782.986,58.149,90.000,15.000
8.682267,timing-walk,16.661301,16.666901,0,0,-781.537,58.537,90.000,15.000
8.698976,timing-walk,16.708598,16.666702,0,0,-780.089,58.925,90.000,15.000
8.715599,timing-walk,16.623400,16.666800,0,0,-778.640,59.313,90.000,15.000
8.732264,timing-walk,16.664401,16.666698,0,0,-777.191,59.702,90.000,15.000
8.748948,timing-walk,16.684499,16.666800,0,0,-775.742,60.090,90.000,15.000
8.765582,timing-walk,16.634200,16.666800,0,0,-774.293,60.478,90.000,15.000
8.782280,timing-walk,16.697500,16.666800,0,0,-772.844,60.866,90.000,15.000
8.799128,timing-walk,16.847201,16.666698,0,0,-771.395,61.254,90.000,15.000
8.815585,timing-walk,16.457602,16.666800,0,0,-769.946,61.643,90.000,15.000
8.832235,timing-walk,16.650099,16.666698,0,0,-768.497,62.031,90.000,15.000
8.848923,timing-walk,16.687099,16.666803,0,0,-767.048,62.419,90.000,15.000
8.865574,timing-walk,16.651601,16.666800,0,0,-765.600,62.807,90.000,15.000
8.882381,timing-walk,16.807601,16.666800,0,0,-764.151,63.196,90.000,15.000
8.898905,timing-walk,16.522899,16.666698,0,0,-762.702,63.584,90.000,15.000
8.915586,timing-walk,16.680699,16.666698,0,0,-761.253,63.972,90.000,15.000
8.932228,timing-walk,16.642600,16.666800,0,0,-759.804,64.360,90.000,15.000
8.949087,timing-walk,16.859401,16.666698,0,0,-758.355,64.749,90.000,15.000
8.965550,timing-walk,16.463500,16.666702,0,0,-756.906,65.137,90.000,15.000
8.982278,timing-walk,16.727701,16.666698,0,0,-755.457,65.525,90.000,15.000
8.998894,timing-walk,16.615998,16.666800,0,0,-754.008,65.913,90.000,15.000
9.015605,timing-walk,16.711202,16.666698,0,0,-752.560,66.301,90.000,15.000
9.032193,timing-walk,16.587801,16.666698,0,0,-751.111,66.690,90.000,15.000
9.049170,timing-walk,16.976599,16.666698,0,0,-749.662,67.078,90.000,15.000
9.065597,timing-walk,16.427100,16.666702,0,0,-748.213,67.466,90.000,15.000
9.082309,timing-walk,16.712300,16.666698,0,0,-746.764,67.854,90.000,15.000
9.098895,timing-walk,16.586699,16.669699,0,0,-745.315,68.243,90.000,15.000
9.115557,timing-walk,16.661901,16.666702,0,0,-743.866,68.631,90.000,15.000
9.132247,timing-walk,16.690001,16.666800,0,0,-742.417,69.019,90.000,15.000
9.148943,timing-walk,16.695999,16.666800,0,0,-740.968,69.407,90.000,15.000
9.165498,timing-walk,16.554601,16.666698,0,0,-739.519,69.796,90.000,15.000
9.182203,timing-walk,16.705099,16.666800,0,0,-738.070,70.184,90.000,15.000
9.198853,timing-walk,16.649801,16.666800,0,0,-736.621,70.572,90.000,15.000
9.215513,timing-walk,16.659699,16.666800,0,0,-735.173,70.960,90.000,15.000
9.232172,timing-walk,16.658697,16.666800,0,0,-733.724,71.349,90.000,15.000
9.248888,timing-walk,16.715903,16.666800,0,0,-732.275,71.737,90.000,15.000
9.265479,timing-walk,16.590998,16.666698,0,0,-730.826,72.125,90.000,15.000
9.282205,timing-walk,16.725503,16.666803,0,0,-729.377,72.513,90.000,15.000
9.299853,timing-walk,17.648999,16.666698,0,0,-727.928,72.901,90.000,15.000
9.315659,timing-walk,15.805300,16.666800,0,0,-726.479,73.290,90.000,15.000
9.332184,timing-walk,16.525000,16.666698,0,0,-725.030,73.678,90.000,15.000
9.348905,timing-walk,16.720999,16.666698,0,0,-723.581,74.066,90.000,15.000
9.365475,timing-walk,16.570400,16.666698,0,0,-722.132,74.454,90.000,15.000
9.382243,timing-walk,16.768400,16.666702,0,0,-720.684,74.843,90.000,15.000
9.398825,timing-walk,16.581900,16.666800,0,0,-719.235,75.231,90.000,15.000
9.415557,timing-walk,16.732600,16.666800,0,0,-717.786,75.619,90.000,15.000
9.432174,timing-walk,16.616501,16.666800,0,0,-716.337,76.007,90.000,15.000
9.448897,timing-walk,16.723897,16.666800,0,0,-714.888,76.396,90.000,15.000
9.465499,timing-walk,16.601402,16.666698,0,0,-713.439,76.784,90.000,15.000
9.482239,timing-walk,16.739599,16.666698,0,0,-711.990,77.172,90.000,15.000
9.498882,timing-walk,16.643900,16.676399,0,0,-710.540,77.560,90.000,15.000
9.515557,timing-walk,16.675200,16.666800,0,0,-709.092,77.949,90.000,15.000
9.532129,timing-walk,16.571898,16.666800,0,0,-707.643,78.337,90.000,15.000
9.549074,timing-walk,16.944800,16.666803,0,0,-706.194,78.725,90.000,15.000
9.565567,timing-walk,16.492803,16.666698,0,0,-704.745,79.113,90.000,15.000
9.582239,timing-walk,16.671799,16.666698,0,0,-703.296,79.502,90.000,15.000
9.598811,timing-walk,16.572200,16.666800,0,0,-701.847,79.890,90.000,15.000
9.615544,timing-walk,16.733199,16.666698,0,0,-700.398,80.278,90.000,15.000
9.632258,timing-walk,16.713902,16.666800,0,0,-698.949,80.666,90.000,15.000
9.648882,timing-walk,16.623598,16.666702,0,0,-697.500,81.055,90.000,15.000
9.665502,timing-walk,16.619999,16.666800,0,0,-696.051,81.443,90.000,15.000
9.682243,timing-walk,16.741700,16.666800,0,0,-694.603,81.831,90.000,15.000
9.698831,timing-walk,16.587701,16.666698,0,0,-693.154,82.219,90.000,15.000
9.715572,timing-walk,16.741902,16.666800,0,0,-691.705,82.607,90.000,15.000
9.732153,timing-walk,16.580500,16.666800,0,0,-690.256,82.996,90.000,15.000
9.748944,timing-walk,16.791698,16.666800,0,0,-688.807,83.384,90.000,15.000
9.765525,timing-walk,16.580600,16.666698,0,0,-687.358,83.772,90.000,15.000
9.782321,timing-walk,16.796000,16.666698,0,0,-685.909,84.160,90.000,15.000
9.799110,timing-walk,16.789902,16.666803,0,0,-684.460,84.549,90.000,15.000
9.815555,timing-walk,16.443800,16.666698,0,0,-683.011,84.937,90.000,15.000
9.832178,timing-walk,16.623300,16.666800,0,0,-681.563,85.325,90.000,15.000
9.848879,timing-walk,16.700298,16.666698,0,0,-680.114,85.713,90.000,15.000
9.865492,timing-walk,16.613401,16.666800,0,0,-678.665,86.102,90.000,15.000
9.882241,timing-walk,16.749799,16.672302,0,0,-677.215,86.490,90.000,15.000
9.898898,timing-walk,16.657002,16.666698,0,0,-675.766,86.878,90.000,15.000
9.915621,timing-walk,16.722299,16.666800,0,0,-674.318,87.266,90.000,15.000
9.932233,timing-walk,16.611800,16.666800,0,0,-672.869,87.655,90.000,15.000
9.948921,timing-walk,16.688399,16.666800,0,0,-671.420,88.043,90.000,15.000
9.965514,timing-walk,16.593199,16.666698,0,0,-669.971,88.431,90.000,15.000
9.982208,timing-walk,16.694002,16.666698,0,0,-668.522,88.819,90.000,15.000
9.998838,timing-walk,16.630001,16.666800,0,0,-667.073,89.208,90.000,15.000
10.015565,timing-walk,16.726300,16.666800,0,0,-665.624,89.596,90.000,15.000
10.032358,timing-walk,16.792797,16.666702,0,0,-664.175,89.984,90.000,15.000
10.049147,timing-walk,16.788203,16.666698,0,0,-662.726,90.372,90.000,15.000
10.065524,timing-walk,16.377099,16.666698,0,0,-661.277,90.760,90.000,15.000
10.082253,timing-walk,16.729001,16.666800,0,0,-659.829,91.149,90.000,15.000
10.098850,timing-walk,16.597100,16.666698,0,0,-658.380,91.537,90.000,15.000
10.115580,timing-walk,16.729001,16.666800,0,0,-656.931,91.925,90.000,15.000
10.132197,timing-walk,16.618200,16.666800,0,0,-655.482,92.313,90.000,15.000
10.148892,timing-walk,16.695198,16.666702,0,0,-654.033,92.702,90.000,15.000
10.165506,timing-walk,16.614400,16.666800,0,0,-652.584,93.090,90.000,15.000
10.182230,timing-walk,16.724002,16.666698,0,0,-651.135,93.478,90.000,15.000
10.198841,timing-walk,16.611200,16.666800,0,0,-649.686,93.866,90.000,15.000
10.215552,timing-walk,16.710900,16.666800,0,0,-648.237,94.255,90.000,15.000
10.232164,timing-walk,16.611800,16.666698,0,0,-646.789,94.643,90.000,15.000
10.248927,timing-walk,16.762499,16.666800,0,0,-645.340,95.031,90.000,15.000
10.265592,timing-walk,16.664401,16.666702,0,0,-643.891,95.419,90.000,15.000
10.282262,timing-walk,16.670499,16.666698,0,0,-642.442,95.807,90.000,15.000
10.299080,timing-walk,16.818203,16.666698,0,0,-640.993,96.196,90.000,15.000
10.315550,timing-walk,16.470298,16.666698,0,0,-639.544,96.584,90.000,15.000
10.332177,timing-walk,16.627099,16.666800,0,0,-638.095,96.972,90.000,15.000
10.348931,timing-walk,16.754501,16.666698,0,0,-636.646,97.360,90.000,15.000
10.365575,timing-walk,16.643800,16.666803,0,0,-635.197,97.749,90.000,15.000
10.382259,timing-walk,16.684301,16.666800,0,0,-633.748,98.137,90.000,15.000
10.398911,timing-walk,16.650900,16.666698,0,0,-632.300,98.525,90.000,15.000
10.415591,timing-walk,16.680401,16.666698,0,0,-630.851,98.913,90.000,15.000
10.432216,timing-walk,16.624700,16.666800,0,0,-629.402,99.301,90.000,15.000
10.448910,timing-walk,16.694300,16.666698,0,0,-627.953,99.690,90.000,15.000
10.465523,timing-walk,16.613100,16.666702,0,0,-626.504,100.078,90.000,15.000
10.482231,timing-walk,16.708098,16.666698,0,0,-625.055,100.466,90.000,15.000
10.499071,timing-walk,16.839899,16.666698,0,0,-623.606,100.854,90.000,15.000
10.515560,timing-walk,16.488902,16.666698,0,0,-622.157,101.243,90.000,15.000
10.532169,timing-walk,16.609497,16.666698,0,0,-620.708,101.631,90.000,15.000
10.549150,timing-walk,16.980302,16.666800,0,0,-619.260,102.019,90.000,15.000
10.565550,timing-walk,16.399901,16.666803,0,0,-617.811,102.407,90.000,15.000
10.582250,timing-walk,16.700000,16.666800,0,0,-616.362,102.796,90.000,15.000
10.598848,timing-walk,16.598500,16.666698,0,0,-614.913,103.184,90.000,15.000
10.615591,timing-walk,16.742397,16.666698,0,0,-613.464,103.572,90.000,15.000
10.632348,timing-walk,16.757101,16.666800,0,0,-612.015,103.960,90.000,15.000
10.649069,timing-walk,16.720500,16.666800,0,0,-610.566,104.348,90.000,15.000
10.665631,timing-walk,16.562302,16.666800,0,0,-609.117,104.737,90.000,15.000
10.682274,timing-walk,16.642898,16.666800,0,0,-607.668,105.125,90.000,15.000
10.698939,timing-walk,16.665600,16.666800,0,0,-606.219,105.513,90.000,15.000
10.715581,timing-walk,16.642001,16.666698,0,0,-604.771,105.901,90.000,15.000
10.732187,timing-walk,16.606700,16.666702,0,0,-603.322,106.290,90.000,15.000
10.748910,timing-walk,16.722701,16.666800,0,0,-601.873,106.678,90.000,15.000
10.765542,timing-walk,16.631700,16.666800,0,0,-600.424,107.066,90.000,15.000
10.782241,timing-walk,16.698599,16.666698,0,0,-598.975,107.454,90.000,15.000
10.799089,timing-walk,16.849000,16.666698,0,0,-597.526,107.843,90.000,15.000
10.815557,timing-walk,16.467199,16.666800,0,0,-596.077,108.231,90.000,15.000
10.832168,timing-walk,16.610701,16.666800,0,0,-594.628,108.619,90.000,15.000
10.848888,timing-walk,16.720500,16.666800,0,0,-593.179,109.007,90.000,15.000
10.865493,timing-walk,16.604800,16.666800,0,0,-591.730,109.395,90.000,15.000
10.882193,timing-walk,16.699601,16.666803,0,0,-590.282,109.784,90.000,15.000
10.898897,timing-walk,16.704999,16.666698,0,0,-588.833,110.172,90.000,15.000
10.915621,timing-walk,16.723603,16.666698,0,0,-587.384,110.560,90.000,15.000
10.932183,timing-walk,16.562697,16.666800,0,0,-585.935,110.948,90.000,15.000
10.948917,timing-walk,16.733803,16.666698,0,0,-584.486,111.337,90.000,15.000
10.965529,timing-walk,16.611800,16.666800,0,0,-583.037,111.725,90.000,15.000
10.982224,timing-walk,16.695101,16.666800,0,0,-581.588,112.113,90.000,15.000
10.998848,timing-walk,16.623799,16.666800,0,0,-580.139,112.501,90.000,15.000
11.015576,timing-walk,16.728599,16.666702,0,0,-578.690,112.890,90.000,15.000
11.032174,timing-walk,16.597901,16.666800,0,0,-577.241,113.278,90.000,15.000
11.049139,timing-walk,16.964599,16.666698,0,0,-575.793,113.666,90.000,15.000
11.065495,timing-walk,16.355902,16.666698,0,0,-574.344,114.054,90.000,15.000
11.082232,timing-walk,16.738400,16.666698,0,0,-572.895,114.442,90.000,15.000
11.098847,timing-walk,16.614500,16.666800,0,0,-571.446,114.831,90.000,15.000
11.115578,timing-walk,16.730700,16.666800,0,0,-569.997,115.219,90.000,15.000
11.132207,timing-walk,16.629398,16.666702,0,0,-568.548,115.607,90.000,15.000
11.148891,timing-walk,16.684402,16.666698,0,0,-567.099,115.995,90.000,15.000
11.165603,timing-walk,16.710799,16.666800,0,0,-565.650,116.384,90.000,15.000
11.182256,timing-walk,16.652800,16.666698,0,0,-564.201,116.772,90.000,15.000
11.198911,timing-walk,16.655300,16.666800,0,0,-562.753,117.160,90.000,15.000
11.215619,timing-walk,16.708400,16.666800,0,0,-561.304,117.548,90.000,15.000
11.232224,timing-walk,16.604800,16.666698,0,0,-559.855,117.937,90.000,15.000
11.248917,timing-walk,16.693201,16.666702,0,0,-558.406,118.325,90.000,15.000
11.265577,timing-walk,16.661100,16.666698,0,0,-556.957,118.713,90.000,15.000
11.282304,timing-walk,16.726300,16.666800,0,0,-555.508,119.101,90.000,15.000
11.299128,timing-walk,16.823698,16.666698,0,0,-554.059,119.489,90.000,15.000
11.315611,timing-walk,16.483501,16.666698,0,0,-552.610,119.878,90.000,15.000
11.332345,timing-walk,16.734000,16.666800,0,0,-551.161,120.266,90.000,15.000
11.348906,timing-walk,16.560599,16.666803,0,0,-549.712,120.654,90.000,15.000
11.365575,timing-walk,16.669400,16.666800,0,0,-548.264,121.042,90.000,15.000
11.382246,timing-walk,16.671401,16.666698,0,0,-546.815,121.431,90.000,15.000
11.398842,timing-walk,16.596302,16.666698,0,0,-545.366,121.819,90.000,15.000
11.415569,timing-walk,16.727298,16.666800,0,0,-543.917,122.207,90.000,15.000
11.432194,timing-walk,16.624000,16.666800,0,0,-542.468,122.595,90.000,15.000
11.448997,timing-walk,16.804200,16.666698,0,0,-541.019,122.984,90.000,15.000
11.465615,timing-walk,16.617700,16.666702,0,0,-539.570,123.372,90.000,15.000
11.482248,timing-walk,16.633298,16.666698,0,0,-538.121,123.760,90.000,15.000
11.498948,timing-walk,16.699903,16.666800,0,0,-536.672,124.148,90.000,15.000
11.515592,timing-walk,16.643498,16.666698,0,0,-535.224,124.536,90.000,15.000
11.532188,timing-walk,16.597200,16.666698,0,0,-533.775,124.925,90.000,15.000
11.549113,timing-walk,16.925000,16.666800,0,0,-532.326,125.313,90.000,15.000
11.565512,timing-walk,16.398702,16.666800,0,0,-530.877,125.701,90.000,15.000
11.582252,timing-walk,16.739599,16.666702,0,0,-529.428,126.089,90.000,15.000
11.598870,timing-walk,16.618799,16.666698,0,0,-527.979,126.478,90.000,15.000
11.615574,timing-walk,16.703200,16.666800,0,0,-526.530,126.866,90.000,15.000
11.632257,timing-walk,16.682699,16.666800,0,0,-525.081,127.254,90.000,15.000
11.648920,timing-walk,16.663302,16.666698,0,0,-523.632,127.642,90.000,15.000
11.665518,timing-walk,16.597498,16.666698,0,0,-522.183,128.031,90.000,15.000
11.682244,timing-walk,16.726602,16.666800,0,0,-520.735,128.419,90.000,15.000
11.699029,timing-walk,16.784500,16.666702,0,0,-519.286,128.807,90.000,15.000
11.715588,timing-walk,16.558200,16.666800,0,0,-517.837,129.195,90.000,15.000
11.732178,timing-walk,16.590398,16.666800,0,0,-516.388,129.583,90.000,15.000
11.748925,timing-walk,16.747601,16.666800,0,0,-514.939,129.972,90.000,15.000
11.765503,timing-walk,16.577799,16.666698,0,0,-513.490,130.360,90.000,15.000
11.782233,timing-walk,16.730502,16.666800,0,0,-512.041,130.748,90.000,15.000
11.799091,timing-walk,16.858298,16.666698,0,0,-510.592,131.136,90.000,15.000
11.815567,timing-walk,16.475201,16.666800,0,0,-509.143,131.525,90.000,15.000
11.832249,timing-walk,16.681600,16.666702,0,0,-507.694,131.913,90.000,15.000
11.848940,timing-walk,16.691599,16.666800,0,0,-506.246,132.301,90.000,15.000
11.865498,timing-walk,16.557902,16.666800,0,0,-504.797,132.689,90.000,15.000
11.882228,timing-walk,16.730700,16.666698,0,0,-503.348,133.078,90.000,15.000
11.898879,timing-walk,16.651198,16.666800,0,0,-501.899,133.466,90.000,15.000
11.915784,timing-walk,16.904499,16.666698,0,0,-500.450,133.854,90.000,15.000
11.932246,timing-walk,16.462501,16.666800,0,0,-499.001,134.242,90.000,15.000
11.948921,timing-walk,16.674899,16.666800,0,0,-497.552,134.630,90.000,15.000
11.965534,timing-walk,16.612601,16.666698,0,0,-496.103,135.019,90.000,15.000
11.982245,timing-walk,16.711500,16.666702,0,0,-494.654,135.407,90.000,15.000
11.998876,timing-walk,16.630001,16.666800,0,0,-493.206,135.795,90.000,15.000
12.015563,timing-walk,16.687401,16.666800,0,0,-491.757,136.183,90.000,15.000
12.032202,timing-walk,16.639099,16.666698,0,0,-490.308,136.572,90.000,15.000
12.049117,timing-turn,16.915400,16.666698,0,0,-488.859,136.960,90.000,15.000
12.065519,timing-turn,16.401801,16.666698,0,0,-487.406,137.575,94.640,15.297
12.082273,timing-turn,16.753800,16.666702,0,0,-485.947,138.397,100.509,15.594
12.098847,timing-turn,16.574200,16.666698,0,0,-484.474,139.409,107.194,15.891
12.115584,timing-turn,16.736999,16.666800,0,0,-482.985,140.600,114.425,16.188
12.132365,timing-turn,16.780600,16.666800,0,0,-481.472,141.959,122.023,16.484
12.148912,timing-turn,16.547099,16.666800,0,0,-479.933,143.481,129.871,16.781
12.165594,timing-turn,16.681302,16.666800,0,0,-478.443,145.071,130.731,17.078
12.182257,timing-turn,16.662300,16.666698,0,0,-477.006,146.709,130.731,17.375
12.198971,timing-turn,16.713899,16.666702,0,0,-475.615,148.385,130.731,17.672
12.215585,timing-turn,16.613699,16.666698,0,0,-474.262,150.094,130.731,17.969
12.232250,timing-turn,16.665600,16.666698,0,0,-472.944,151.829,130.731,18.266
12.249004,timing-turn,16.753901,16.666698,0,0,-471.656,153.586,130.731,18.563
12.265518,timing-turn,16.514301,16.666698,0,0,-470.395,155.363,130.731,18.859
12.282264,timing-turn,16.745299,16.666702,0,0,-469.156,157.155,130.731,19.156
12.299268,timing-turn,17.004400,16.690598,0,0,-467.938,158.965,130.731,19.454
12.315628,timing-turn,16.360298,16.666800,0,0,-466.739,160.785,130.731,19.750
12.332328,timing-turn,16.699601,16.666702,0,0,-465.559,162.616,130.731,20.047
12.348997,timing-turn,16.669601,16.666800,0,0,-464.394,164.457,130.731,20.344
12.365533,timing-turn,16.535498,16.666698,0,0,-463.243,166.308,130.731,20.641
12.382276,timing-turn,16.742300,16.666698,0,0,-462.107,168.167,130.731,20.938
12.398870,timing-turn,16.595103,16.666698,0,0,-460.984,170.034,130.731,21.235
12.415591,timing-turn,16.720999,16.666800,0,0,-459.874,171.909,130.731,21.532
12.432205,timing-turn,16.613498,16.666803,0,0,-458.775,173.790,130.731,21.829
12.448937,timing-turn,16.732302,16.666800,0,0,-457.688,175.679,130.731,22.125
12.465566,timing-turn,16.628198,16.666698,0,0,-456.613,177.574,130.731,22.422
12.482288,timing-turn,16.722202,16.666698,0,0,-455.549,179.475,130.731,22.719
12.498990,timing-turn,16.701497,16.666698,0,0,-454.495,181.382,130.731,23.016
12.515656,timing-turn,16.665801,16.666800,0,0,-453.453,183.296,130.731,23.313
12.532264,timing-turn,16.607799,16.666698,0,0,-452.421,185.215,130.731,23.610
12.549147,timing-turn,16.882803,16.666803,0,0,-451.399,187.139,130.731,23.907
12.565550,timing-turn,16.403098,16.666800,0,0,-450.388,189.069,130.731,24.204
12.582294,timing-turn,16.744699,16.666800,0,0,-449.388,191.005,130.731,24.500
12.598920,timing-turn,16.625199,16.666698,0,0,-448.397,192.946,130.731,24.797
12.615628,timing-turn,16.708501,16.666800,0,0,-447.417,194.892,130.731,25.094
12.632360,timing-turn,16.732600,16.666800,0,0,-446.448,196.843,130.731,25.391
12.648947,timing-turn,16.586203,16.666698,0,0,-445.488,198.799,130.731,25.688
12.665546,timing-turn,16.599398,16.666800,0,0,-444.539,200.760,130.731,25.985
12.682295,timing-turn,16.748801,16.666698,0,0,-443.600,202.727,130.731,26.282
12.699034,timing-turn,16.738798,16.666803,0,0,-442.672,204.698,130.731,26.579
12.715598,timing-turn,16.564202,16.666698,0,0,-441.754,206.674,130.731,26.875
12.732216,timing-turn,16.617700,16.666800,0,0,-440.846,208.654,130.731,27.172
12.748977,timing-turn,16.761299,16.666800,0,0,-439.948,210.640,130.731,27.469
12.765603,timing-turn,16.626298,16.666698,0,0,-439.061,212.630,130.731,27.766
12.782266,timing-turn,16.662501,16.666800,0,0,-438.184,214.624,130.731,28.063
12.799150,timing-turn,16.885102,16.666698,0,0,-437.318,216.624,130.731,28.360
12.815608,timing-turn,16.457599,16.666800,0,0,-436.462,218.627,130.731,28.657
12.832227,timing-turn,16.619202,16.666800,0,0,-435.616,220.635,130.731,28.954
12.848961,timing-turn,16.734499,16.666702,0,0,-434.781,222.648,130.731,29.250
12.865542,timing-turn,16.581498,16.666698,0,0,-433.956,224.664,130.731,29.547
12.882289,timing-turn,16.746800,16.666698,0,0,-433.141,226.685,130.731,29.844
12.898895,timing-turn,16.605899,16.666800,0,0,-432.338,228.710,130.731,30.141
12.915596,timing-turn,16.700301,16.666800,0,0,-431.544,230.740,130.731,30.438
12.932202,timing-turn,16.606499,16.666698,0,0,-430.761,232.773,130.731,30.735
12.948931,timing-turn,16.728502,16.666803,0,0,-429.989,234.811,130.731,31.032
12.965644,timing-turn,16.713001,16.666800,0,0,-429.228,236.852,130.731,31.329
12.982280,timing-turn,16.635798,16.666800,0,0,-428.476,238.897,130.731,31.626
12.998888,timing-turn,16.608000,16.666800,0,0,-427.736,240.946,130.731,31.922
13.015586,timing-turn,16.698301,16.666800,0,0,-427.006,242.999,130.731,32.219
13.032207,timing-turn,16.620900,16.666800,0,0,-426.287,245.056,130.731,32.516
13.049133,timing-turn,16.926900,16.666800,0,0,-425.578,247.117,130.731,32.813
13.065540,timing-turn,16.406901,16.666698,0,0,-424.880,249.181,130.731,33.110
13.082274,timing-turn,16.734101,16.666698,0,0,-424.193,251.248,130.731,33.407
13.098885,timing-turn,16.609699,16.666702,0,0,-423.517,253.319,130.731,33.704
13.115602,timing-turn,16.717698,16.666698,0,0,-422.851,255.394,130.731,34.001
13.132217,timing-turn,16.614802,16.666800,0,0,-422.196,257.472,130.731,34.297
13.148963,timing-turn,16.745098,16.666698,0,0,-421.552,259.554,130.731,34.594
13.165572,timing-turn,16.609401,16.666698,0,0,-420.919,261.638,130.731,34.891
13.182427,timing-turn,16.855501,16.666698,0,0,-420.296,263.726,130.731,35.188
13.199013,timing-turn,16.585600,16.666800,0,0,-419.685,265.818,130.731,35.485
13.215635,timing-turn,16.622100,16.666803,0,0,-419.084,267.912,130.731,35.782
13.232217,timing-turn,16.581699,16.666800,0,0,-418.494,270.010,130.731,36.079
13.248929,timing-turn,16.712401,16.666800,0,0,-417.915,272.110,130.731,36.376
13.265560,timing-turn,16.631402,16.666698,0,0,-417.346,274.213,130.731,36.672
13.282271,timing-turn,16.711097,16.666698,0,0,-416.789,276.320,130.731,36.969
13.299090,timing-turn,16.818602,16.666800,0,0,-416.243,278.429,130.731,37.266
13.315611,timing-turn,16.520198,16.666698,0,0,-415.707,280.541,130.731,37.563
13.332219,timing-turn,16.608503,16.666702,0,0,-415.183,282.656,130.731,37.860
13.348967,timing-turn,16.747098,16.666800,0,0,-414.669,284.773,130.731,38.157
13.365543,timing-turn,16.576499,16.666698,0,0,-414.166,286.893,130.731,38.454
13.382286,timing-turn,16.742401,16.666698,0,0,-413.675,289.016,130.731,38.751
13.399004,timing-turn,16.718201,16.666800,0,0,-413.194,291.141,130.731,39.047
13.415627,timing-turn,16.622897,16.666698,0,0,-412.725,293.269,130.731,39.344
13.432263,timing-turn,16.636502,16.666800,0,0,-412.266,295.399,130.731,39.641
13.448972,timing-turn,16.708601,16.666800,0,0,-411.819,297.531,130.731,39.938
13.465530,timing-turn,16.558498,16.666803,0,0,-411.382,299.666,130.731,40.235
13.482286,timing-turn,16.755700,16.666800,0,0,-410.957,301.803,130.731,40.532
13.498927,timing-turn,16.640499,16.666800,0,0,-410.542,303.942,130.731,40.829
13.515641,timing-turn,16.713701,16.666800,0,0,-410.139,306.083,130.731,41.126
13.532271,timing-turn,16.630299,16.666800,0,0,-409.747,308.227,130.731,41.422
13.549365,timing-turn,17.093200,16.666800,0,0,-409.366,310.372,130.731,41.719
13.565573,timing-turn,16.208000,16.666800,0,0,-408.996,312.519,130.731,42.016
13.582302,timing-turn,16.729098,16.666800,0,0,-408.638,314.668,130.731,42.313
13.598897,timing-turn,16.595002,16.666698,0,0,-408.290,316.819,130.731,42.610
13.615700,timing-turn,16.802598,16.666800,0,0,-407.953,318.972,130.731,42.907
13.632319,timing-turn,16.619302,16.666698,0,0,-407.628,321.126,130.731,43.204
13.648955,timing-turn,16.635899,16.666800,0,0,-407.314,323.283,130.731,43.501
13.665540,timing-turn,16.584802,16.666803,0,0,-407.011,325.440,130.731,43.797
13.682269,timing-turn,16.729299,16.666698,0,0,-406.719,327.599,130.731,44.094
13.698949,timing-turn,16.679298,16.666800,0,0,-406.439,329.760,130.731,44.391
13.715625,timing-turn,16.675800,16.666698,0,0,-406.169,331.922,130.731,44.688
13.732260,timing-turn,16.634900,16.666698,0,0,-405.911,334.086,130.731,44.985
13.748963,timing-turn,16.703401,16.666698,0,0,-405.664,336.251,130.731,45.282
13.765715,timing-turn,16.751301,16.666702,0,0,-405.428,338.417,130.731,45.579
13.782318,timing-turn,16.603399,16.666800,0,0,-405.204,340.584,130.731,45.876
13.799104,timing-turn,16.785301,16.666698,0,0,-404.991,342.752,130.731,46.172
13.815629,timing-turn,16.525101,16.666698,0,0,-404.789,344.922,130.731,46.469
13.832253,timing-turn,16.623400,16.666800,0,0,-404.598,347.092,130.731,46.766
13.848970,timing-turn,16.717799,16.666800,0,0,-404.418,349.264,130.731,47.063
13.865812,timing-turn,16.842198,16.666800,0,0,-404.250,351.436,130.731,47.360
13.882290,timing-turn,16.477901,16.666800,0,0,-404.093,353.609,130.731,47.657
13.898931,timing-turn,16.640302,16.666800,0,0,-403.947,355.783,130.731,47.954
13.915598,timing-turn,16.666897,16.666800,0,0,-403.813,357.958,130.731,48.251
13.932237,timing-turn,16.638603,16.666702,0,0,-403.689,360.133,130.731,48.547
13.948943,timing-turn,16.706798,16.666800,0,0,-403.578,362.309,130.731,48.844
13.965551,timing-turn,16.608499,16.666698,0,0,-403.477,364.486,130.731,49.141
13.982266,timing-turn,16.715202,16.666698,0,0,-403.387,366.663,130.731,49.438
13.998929,timing-turn,16.662598,16.666800,0,0,-403.309,368.840,130.731,49.735
14.015633,timing-turn,16.703300,16.666800,0,0,-403.242,371.018,130.731,50.032
14.032231,timing-turn,16.598701,16.666800,0,0,-403.187,373.196,130.731,50.329
14.049158,timing-turn,16.926799,16.666800,0,0,-403.143,375.375,130.731,50.626
14.065591,timing-turn,16.432300,16.666702,0,0,-403.110,377.553,130.731,50.922
14.082300,timing-turn,16.709402,16.666800,0,0,-403.088,379.732,130.731,51.219
14.098918,timing-turn,16.618200,16.666800,0,0,-403.078,381.911,130.731,51.516
14.115600,timing-turn,16.681299,16.666698,0,0,-403.078,384.090,130.731,51.813
14.132273,timing-turn,16.672801,16.666698,0,0,-403.091,386.269,130.731,52.110
14.148982,timing-turn,16.709600,16.666800,0,0,-403.114,388.447,130.731,52.407
14.165589,timing-turn,16.607698,16.666698,0,0,-403.149,390.626,130.731,52.704
14.182287,timing-turn,16.698003,16.666803,0,0,-403.195,392.804,130.731,53.001
14.198942,timing-turn,16.654599,16.667400,0,0,-403.252,394.982,130.731,53.298
14.215602,timing-turn,16.659301,16.666698,0,0,-403.321,397.160,130.731,53.594
14.232219,timing-turn,16.616497,16.666698,0,0,-403.401,399.338,130.731,53.891
14.248940,timing-turn,16.721301,16.666800,0,0,-403.492,401.514,130.731,54.188
14.265547,timing-turn,16.606499,16.666800,0,0,-403.594,403.691,130.731,54.485
14.282274,timing-turn,16.727101,16.666698,0,0,-403.708,405.867,130.731,54.782
14.299144,timing-turn,16.869202,16.666702,0,0,-403.833,408.042,130.731,55.079
14.315608,timing-turn,16.464200,16.666800,0,0,-403.969,410.217,130.731,55.376
14.332447,timing-turn,16.838800,16.666800,0,0,-404.117,412.391,130.731,55.673
14.349026,timing-turn,16.579099,16.666698,0,0,-404.276,414.564,130.731,55.969
14.365653,timing-turn,16.627599,16.666698,0,0,-404.446,416.736,130.731,56.266
14.382319,timing-turn,16.666800,16.666800,0,0,-404.627,418.907,130.731,56.563
14.398925,timing-turn,16.605202,16.666800,0,0,-404.820,421.077,130.731,56.860
14.415663,timing-turn,16.737599,16.666698,0,0,-405.023,423.247,130.731,57.157
14.432257,timing-turn,16.593698,16.666803,0,0,-405.238,425.415,130.731,57.454
14.449014,timing-turn,16.756903,16.666698,0,0,-405.465,427.582,130.731,57.751
14.465574,timing-turn,16.560797,16.666800,0,0,-405.702,429.748,130.731,58.048
14.482301,timing-turn,16.726803,16.666698,0,0,-405.951,431.913,130.731,58.344
14.498923,timing-turn,16.622398,16.666698,0,0,-406.211,434.076,130.731,58.641
14.515677,timing-turn,16.754400,16.666698,0,0,-406.482,436.238,130.731,58.938
14.532228,timing-turn,16.551100,16.666702,0,0,-406.764,438.398,130.731,59.235
14.549255,timing-turn,17.026599,16.666800,0,0,-407.058,440.557,130.731,59.532
14.565623,timing-turn,16.367801,16.666800,0,0,-407.362,442.715,130.731,59.829
14.582298,timing-turn,16.674999,16.666800,0,0,-407.678,444.870,130.731,60.126
14.598902,timing-turn,16.603302,16.666698,0,0,-408.005,447.025,130.731,60.423
14.615629,timing-turn,16.727500,16.666698,0,0,-408.344,449.177,130.731,60.719
14.632294,timing-turn,16.664699,16.666800,0,0,-408.693,451.328,130.731,61.016
14.648966,timing-turn,16.672302,16.666702,0,0,-409.053,453.477,130.731,61.313
14.665569,timing-turn,16.603898,16.666800,0,0,-409.425,455.624,130.731,61.610
14.682285,timing-turn,16.715601,16.666800,0,0,-409.808,457.768,130.731,61.907
14.698911,timing-turn,16.625598,16.666800,0,0,-410.202,459.911,130.731,62.204
14.715613,timing-turn,16.702902,16.666698,0,0,-410.607,462.052,130.731,62.501
14.732209,timing-turn,16.596101,16.668699,0,0,-411.023,464.191,130.731,62.798
14.748973,timing-turn,16.764000,16.666698,0,0,-411.450,466.328,130.731,63.094
14.765618,timing-turn,16.645800,16.666800,0,0,-411.888,468.462,130.731,63.391
14.782320,timing-turn,16.701497,16.666698,0,0,-412.337,470.594,130.731,63.688
14.799140,timing-turn,16.819701,16.666803,0,0,-412.797,472.724,130.731,63.985
14.815623,timing-turn,16.482901,16.666698,0,0,-413.269,474.851,130.731,64.282
14.832293,timing-turn,16.668901,16.666698,0,0,-413.751,476.976,130.731,64.579
14.848940,timing-turn,16.647600,16.666698,0,0,-414.244,479.098,130.731,64.876
14.865570,timing-turn,16.629901,16.666800,0,0,-414.749,481.218,130.731,65.173
14.882268,timing-turn,16.698297,16.666698,0,0,-415.264,483.335,130.731,65.469
14.899015,timing-turn,16.747802,16.666702,0,0,-415.790,485.449,130.731,65.766
14.915589,timing-turn,16.573898,16.666800,0,0,-416.327,487.561,130.731,66.063
14.932234,timing-turn,16.644001,16.666698,0,0,-416.875,489.670,130.731,66.360
14.948999,timing-turn,16.765200,16.666800,0,0,-417.435,491.776,130.731,66.657
14.965585,timing-turn,16.585302,16.666800,0,0,-418.004,493.879,130.731,66.954
14.982393,timing-turn,16.808797,16.666800,0,0,-418.585,495.979,130.731,67.251
14.998921,timing-turn,16.528003,16.666800,0,0,-419.177,498.076,130.731,67.548
15.015635,timing-turn,16.714398,16.666698,0,0,-419.780,500.170,130.731,67.844
15.032259,timing-turn,16.623400,16.666702,0,0,-420.393,502.260,130.731,68.141
15.049244,timing-turn,16.984902,16.666800,0,0,-421.017,504.348,130.731,68.438
15.065581,timing-turn,16.337499,16.666698,0,0,-421.652,506.432,130.731,68.735
15.082293,timing-turn,16.711101,16.666800,0,0,-422.298,508.513,130.731,69.032
15.098932,timing-turn,16.639497,16.666698,0,0,-422.955,510.591,130.731,69.329
15.115630,timing-turn,16.697701,16.666698,0,0,-423.622,512.665,130.731,69.626
15.132232,timing-turn,16.601101,16.666800,0,0,-424.300,514.735,130.731,69.923
15.148946,timing-turn,16.714200,16.666800,0,0,-424.989,516.802,130.731,70.220
15.165541,timing-turn,16.594600,16.666702,0,0,-425.689,518.866,130.731,70.516
15.182388,timing-turn,16.847800,16.666800,0,0,-426.399,520.926,130.731,70.813
15.198920,timing-turn,16.531900,16.666800,0,0,-427.120,522.982,130.731,71.110
15.215613,timing-turn,16.693000,16.666698,0,0,-427.851,525.034,130.731,71.407
15.232240,timing-turn,16.626000,16.666800,0,0,-428.593,527.083,130.731,71.704
15.248972,timing-turn,16.732197,16.666698,0,0,-429.346,529.128,130.731,72.001
15.265573,timing-turn,16.600803,16.666702,0,0,-430.109,531.168,130.731,72.298
15.282314,timing-turn,16.741898,16.666800,0,0,-430.883,533.205,130.731,72.595
15.299127,timing-turn,16.812701,16.666698,0,0,-431.668,535.238,130.731,72.891
15.315646,timing-turn,16.519502,16.666698,0,0,-432.463,537.267,130.731,73.188
15.332252,timing-turn,16.605500,16.666698,0,0,-433.268,539.291,130.731,73.485
15.348973,timing-turn,16.721997,16.666698,0,0,-434.084,541.311,130.731,73.782
15.365609,timing-turn,16.636003,16.666702,0,0,-434.910,543.327,130.731,74.079
15.382301,timing-turn,16.691897,16.666698,0,0,-435.747,545.339,130.731,74.376
15.398912,timing-turn,16.611002,16.666698,0,0,-436.594,547.347,130.731,74.673
15.415840,timing-turn,16.927999,16.666800,0,0,-437.452,549.350,130.731,74.970
15.432252,timing-turn,16.412102,16.666698,0,0,-438.320,551.348,130.731,75.266
15.448961,timing-turn,16.709797,16.666702,0,0,-439.198,553.342,130.731,75.563
15.465622,timing-turn,16.660403,16.666698,0,0,-440.087,555.331,130.731,75.860
15.482277,timing-turn,16.655397,16.666800,0,0,-440.986,557.316,130.731,76.157
15.498899,timing-turn,16.621403,16.666800,0,0,-441.895,559.296,130.731,76.454
15.515615,timing-turn,16.716000,16.666800,0,0,-442.815,561.272,130.731,76.751
15.532240,timing-turn,16.625799,16.666698,0,0,-443.744,563.242,130.731,77.048
15.549167,timing-turn,16.926501,16.666800,0,0,-444.684,565.208,130.731,77.345
15.565558,timing-turn,16.392197,16.666698,0,0,-445.634,567.169,130.731,77.641
15.582321,timing-turn,16.763199,16.666702,0,0,-446.595,569.125,130.731,77.938
15.598938,timing-turn,16.616501,16.666800,0,0,-447.565,571.075,130.731,78.235
15.615629,timing-turn,16.691599,16.666698,0,0,-448.545,573.021,130.731,78.532
15.632314,timing-turn,16.684603,16.666698,0,0,-449.536,574.962,130.731,78.829
15.648993,timing-turn,16.678400,16.666800,0,0,-450.536,576.897,130.731,79.126
15.665624,timing-turn,16.630899,16.666698,0,0,-451.547,578.828,130.731,79.423
15.682305,timing-turn,16.681198,16.666800,0,0,-452.568,580.753,130.731,79.720
15.698906,timing-turn,16.600203,16.666702,0,0,-453.598,582.673,130.731,80.016
15.715649,timing-turn,16.742799,16.666698,0,0,-454.638,584.587,130.731,80.313
15.732238,timing-turn,16.589098,16.666800,0,0,-455.689,586.496,130.731,80.610
15.748969,timing-turn,16.731303,16.666698,0,0,-456.749,588.399,130.731,80.907
15.765588,timing-turn,16.618900,16.666698,0,0,-457.819,590.297,130.731,81.204
15.782293,timing-turn,16.705897,16.666800,0,0,-458.899,592.190,130.731,81.501
15.799114,timing-turn,16.821101,16.666702,0,0,-459.989,594.077,130.731,81.798
15.815634,timing-turn,16.519401,16.666698,0,0,-461.088,595.958,130.731,82.095
15.832233,timing-turn,16.600098,16.666698,0,0,-462.197,597.833,130.731,82.391
15.848958,timing-turn,16.725000,16.666698,0,0,-463.316,599.703,130.731,82.688
15.865638,timing-turn,16.680002,16.666702,0,0,-464.445,601.567,130.731,82.985
15.882312,timing-turn,16.674098,16.666800,0,0,-465.583,603.425,130.731,83.282
15.898983,timing-turn,16.670801,16.666698,0,0,-466.731,605.277,130.731,83.579
15.915630,timing-turn,16.647000,16.666698,0,0,-467.888,607.123,130.731,83.876
15.932238,timing-turn,16.607400,16.666698,0,0,-469.055,608.963,130.731,84.173
15.948961,timing-turn,16.723301,16.666698,0,0,-470.232,610.797,130.731,84.470
15.965595,timing-turn,16.634099,16.666803,0,0,-471.417,612.624,130.731,84.766
15.982292,timing-turn,16.696699,16.666698,0,0,-472.613,614.446,130.731,85.063
15.998887,timing-turn,16.594600,16.666698,0,0,-473.818,616.261,130.731,85.360
16.015638,timing-turn,16.750902,16.666800,0,0,-475.032,618.071,130.731,85.657
16.032255,timing-turn,16.615897,16.666800,0,0,-476.255,619.873,130.731,85.954
16.049162,timing-turn,16.905800,16.666698,0,0,-477.488,621.670,130.731,86.251
16.065571,timing-turn,16.409501,16.666698,0,0,-478.731,623.460,130.731,86.548
16.082418,timing-turn,16.848199,16.666702,0,0,-479.982,625.244,130.731,86.845
16.098953,timing-turn,16.534202,16.666698,0,0,-481.243,627.021,130.731,87.141
16.115622,timing-turn,16.667999,16.666698,0,0,-482.512,628.791,130.731,87.438
16.132257,timing-turn,16.635701,16.666800,0,0,-483.791,630.555,130.731,87.735
16.148981,timing-turn,16.723998,16.666698,0,0,-485.080,632.313,130.731,88.032
16.165564,timing-turn,16.582500,16.666702,0,0,-486.377,634.063,130.731,88.329
16.182293,timing-turn,16.729102,16.666800,0,0,-487.683,635.807,130.731,88.626
16.198944,timing-turn,16.651999,16.666800,0,0,-488.998,637.544,130.731,88.923
16.215628,timing-turn,16.682900,16.666800,0,0,-490.323,639.274,130.731,89.220
16.232290,timing-turn,16.662400,16.666698,0,0,-491.656,640.998,130.731,89.516
16.248981,timing-turn,16.691301,16.666698,0,0,-492.998,642.714,130.731,89.813
16.265585,timing-turn,16.602699,16.666698,0,0,-494.349,644.423,130.731,90.110
16.282290,timing-turn,16.704999,16.666702,0,0,-495.709,646.126,130.731,90.407
16.299124,timing-turn,16.834401,16.666698,0,0,-497.078,647.821,130.731,90.704
16.315657,timing-turn,16.532499,16.666698,0,0,-498.455,649.509,130.731,91.001
16.332212,timing-turn,16.556703,16.666800,0,0,-499.841,651.191,130.731,91.298
16.348989,timing-turn,16.776100,16.666698,0,0,-501.236,652.864,130.731,91.595
16.365601,timing-turn,16.611900,16.666702,0,0,-502.639,654.531,130.731,91.891
16.382313,timing-turn,16.711298,16.666698,0,0,-504.052,656.190,130.731,92.188
16.398989,timing-turn,16.675401,16.666698,0,0,-505.472,657.842,130.731,92.485
16.415699,timing-turn,16.711000,16.666698,0,0,-506.902,659.487,130.731,92.782
16.432255,timing-turn,16.555198,16.666698,0,0,-508.339,661.124,130.731,93.079
16.448982,timing-turn,16.727202,16.666800,0,0,-509.785,662.754,130.731,93.376
16.465559,timing-turn,16.577598,16.666803,0,0,-511.240,664.376,130.731,93.673
16.482286,timing-turn,16.728103,16.666698,0,0,-512.703,665.991,130.731,93.970
16.498915,timing-turn,16.627800,16.666698,0,0,-514.174,667.598,130.731,94.266
16.515667,timing-turn,16.752698,16.666800,0,0,-515.654,669.197,130.731,94.563
16.532274,timing-turn,16.608100,16.666800,0,0,-517.142,670.789,130.731,94.860
16.549246,timing-turn,16.971800,16.666800,0,0,-518.638,672.373,130.731,95.157
16.565681,timing-turn,16.435999,16.666698,0,0,-520.143,673.949,130.731,95.454
16.582312,timing-turn,16.629700,16.666800,0,0,-521.655,675.517,130.731,95.751
16.598967,timing-turn,16.655702,16.666702,0,0,-523.176,677.078,130.731,96.048
16.615696,timing-turn,16.728599,16.666800,0,0,-524.704,678.630,130.731,96.345
16.632305,timing-turn,16.609401,16.666800,0,0,-526.241,680.175,130.731,96.641
16.648987,timing-turn,16.682100,16.666800,0,0,-527.786,681.712,130.731,96.938
16.665590,timing-turn,16.603801,16.666698,0,0,-529.338,683.240,130.731,97.235
16.682291,timing-turn,16.701300,16.666698,0,0,-530.899,684.761,130.731,97.532
16.698933,timing-turn,16.641099,16.666800,0,0,-532.467,686.273,130.731,97.829
16.715595,timing-turn,16.662400,16.666800,0,0,-534.043,687.778,130.731,98.126
16.732233,timing-turn,16.638000,16.666800,0,0,-535.627,689.274,130.731,98.423
16.748970,timing-turn,16.737502,16.666800,0,0,-537.219,690.762,130.731,98.720
16.765570,timing-turn,16.599000,16.666803,0,0,-538.818,692.241,130.731,99.016
16.782284,timing-turn,16.713798,16.666698,0,0,-540.425,693.713,130.731,99.313
16.799086,timing-turn,16.801201,16.666698,0,0,-542.040,695.176,130.731,99.610
16.815710,timing-turn,16.623501,16.666800,0,0,-543.662,696.630,130.731,99.907
16.832361,timing-turn,16.651001,16.666698,0,0,-545.292,698.077,130.731,100.204
16.849060,timing-turn,16.699400,16.666800,0,0,-546.929,699.514,130.731,100.501
16.865658,timing-turn,16.597398,16.666698,0,0,-548.574,700.944,130.731,100.798
16.882353,timing-turn,16.694501,16.666803,0,0,-550.226,702.364,130.731,101.095
16.899042,timing-turn,16.689099,16.666698,0,0,-551.885,703.776,130.731,101.392
16.915714,timing-turn,16.671401,16.666901,0,0,-553.552,705.180,130.731,101.688
16.932369,timing-turn,16.655900,16.666800,0,0,-555.225,706.575,130.731,101.985
16.949205,timing-turn,16.835600,16.666800,0,0,-556.907,707.961,130.731,102.282
16.965805,timing-turn,16.599402,16.666698,0,0,-558.595,709.338,130.731,102.579
16.982365,timing-turn,16.558699,16.666800,0,0,-560.290,710.707,130.731,102.876
16.999121,timing-turn,16.756300,16.666800,0,0,-561.993,712.067,130.731,103.173
17.015675,timing-turn,16.553801,16.666800,0,0,-563.702,713.418,130.731,103.470
17.032333,timing-turn,16.658697,16.666698,0,0,-565.418,714.760,130.731,103.767
17.049210,timing-turn,16.875800,16.666800,0,0,-567.142,716.093,130.731,104.063
17.065653,timing-turn,16.443003,16.666702,0,0,-568.872,717.418,130.731,104.360
17.082369,timing-turn,16.716298,16.666800,0,0,-570.609,718.733,130.731,104.657
17.099081,timing-turn,16.711302,16.666698,0,0,-572.353,720.039,130.731,104.954
17.115658,timing-turn,16.577199,16.666698,0,0,-574.103,721.336,130.731,105.251
17.132401,timing-turn,16.743500,16.666800,0,0,-575.861,722.624,130.731,105.548
17.149038,timing-turn,16.638100,16.666698,0,0,-577.625,723.903,130.731,105.845
17.165714,timing-turn,16.675100,16.666702,0,0,-579.395,725.173,130.731,106.142
17.182451,timing-turn,16.736399,16.666698,0,0,-581.172,726.434,130.731,106.438
17.199015,timing-turn,16.564101,16.666800,0,0,-582.956,727.685,130.731,106.735
17.215719,timing-turn,16.705401,16.666800,0,0,-584.746,728.928,130.731,107.032
17.232342,timing-turn,16.622100,16.666698,0,0,-586.543,730.160,130.731,107.329
17.249046,timing-turn,16.704399,16.666698,0,0,-588.345,731.384,130.731,107.626
17.265705,timing-turn,16.659599,16.666702,0,0,-590.155,732.598,130.731,107.923
17.282454,timing-turn,16.749199,16.666800,0,0,-591.970,733.803,130.731,108.220
17.299353,timing-turn,16.898703,16.666698,0,0,-593.792,734.998,130.731,108.517
17.315733,timing-turn,16.379599,16.666800,0,0,-595.620,736.184,130.731,108.813
17.332397,timing-turn,16.664501,16.666800,0,0,-597.454,737.361,130.731,109.110
17.349056,timing-turn,16.659200,16.666800,0,0,-599.294,738.528,130.731,109.407
17.365723,timing-turn,16.666599,16.666800,0,0,-601.140,739.685,130.731,109.704
17.382473,timing-turn,16.749799,16.666800,0,0,-602.992,740.833,130.731,110.001
17.399027,timing-turn,16.554002,16.666800,0,0,-604.850,741.971,130.731,110.298
17.415680,timing-turn,16.652498,16.666800,0,0,-606.713,743.100,130.731,110.595
17.432301,timing-turn,16.621102,16.666800,0,0,-608.583,744.219,130.731,110.892
17.448990,timing-turn,16.688500,16.666800,0,0,-610.458,745.328,130.731,111.188
17.465631,timing-turn,16.640998,16.666800,0,0,-612.340,746.427,130.731,111.485
17.482357,timing-turn,16.724702,16.666702,0,0,-614.226,747.517,130.731,111.782
17.499079,timing-turn,16.721200,16.666698,0,0,-616.119,748.597,130.731,112.079
17.515831,timing-turn,16.752698,16.666800,0,0,-618.017,749.667,130.731,112.376
17.532366,timing-turn,16.534500,16.666800,0,0,-619.920,750.727,130.731,112.673
17.549257,timing-turn,16.892202,16.666698,0,0,-621.829,751.777,130.731,112.970
17.565699,timing-turn,16.442198,16.666698,0,0,-623.744,752.818,130.731,113.267
17.582481,timing-turn,16.782701,16.666702,0,0,-625.663,753.848,130.731,113.563
17.599054,timing-turn,16.572099,16.666800,0,0,-627.588,754.869,130.731,113.860
17.615732,timing-turn,16.677402,16.666698,0,0,-629.519,755.879,130.731,114.157
17.632343,timing-turn,16.610797,16.666800,0,0,-631.454,756.880,130.731,114.454
17.649113,timing-turn,16.768999,16.666698,0,0,-633.395,757.871,130.731,114.751
17.665712,timing-turn,16.598802,16.666698,0,0,-635.341,758.851,130.731,115.048
17.682367,timing-turn,16.655199,16.666702,0,0,-637.292,759.821,130.731,115.345
17.699028,timing-turn,16.660001,16.666800,0,0,-639.248,760.782,130.731,115.642
17.715673,timing-turn,16.644698,16.666800,0,0,-641.208,761.732,130.731,115.938
17.732332,timing-turn,16.659502,16.666698,0,0,-643.174,762.671,130.731,116.235
17.749144,timing-turn,16.811900,16.666698,0,0,-645.145,763.601,130.731,116.532
17.765615,timing-turn,16.471401,16.666698,0,0,-647.120,764.521,130.731,116.829
17.782661,timing-turn,17.046299,16.666702,0,0,-649.100,765.430,130.731,117.126
17.799271,timing-turn,16.610101,16.666698,0,0,-651.085,766.329,130.731,117.423
17.815722,timing-turn,16.450398,16.666800,0,0,-653.074,767.217,130.731,117.720
17.832308,timing-turn,16.585402,16.666800,0,0,-655.068,768.096,130.731,118.017
17.849148,timing-turn,16.840201,16.666698,0,0,-657.067,768.964,130.731,118.313
17.865707,timing-turn,16.558897,16.666800,0,0,-659.070,769.821,130.731,118.610
17.882322,timing-turn,16.614102,16.666698,0,0,-661.077,770.669,130.731,118.907
17.899052,timing-turn,16.728699,16.666800,0,0,-663.089,771.505,130.731,119.204
17.915632,timing-turn,16.580302,16.666702,0,0,-665.105,772.332,130.731,119.501
17.932274,timing-turn,16.640898,16.666698,0,0,-667.125,773.148,130.731,119.798
17.949005,timing-turn,16.732100,16.666698,0,0,-669.150,773.953,130.731,120.095
17.965788,timing-turn,16.783100,16.666800,0,0,-671.178,774.748,130.731,120.392
17.982357,timing-turn,16.568702,16.666698,0,0,-673.211,775.533,130.731,120.688
17.999031,timing-turn,16.673200,16.666800,0,0,-675.248,776.307,130.731,120.985
18.015667,timing-turn,16.636498,16.666702,0,0,-677.289,777.070,130.731,121.282
18.032347,timing-turn,16.679700,16.666698,0,0,-679.333,777.823,130.731,121.579
18.049248,timing-sweep,16.900301,16.666698,0,0,-681.382,778.565,130.731,121.876
18.065727,timing-sweep,16.480301,16.666698,0,0,-682.649,779.024,80.869,122.767
18.082312,timing-sweep,16.584300,16.666800,0,0,-683.343,779.275,44.304,123.657
18.098963,timing-sweep,16.650401,16.666702,0,0,-683.617,779.375,17.489,124.548
18.115673,timing-sweep,16.710099,16.666698,0,0,-683.617,779.375,0.000,125.438
18.132336,timing-sweep,16.662698,16.666800,0,0,-683.617,779.375,0.000,126.329
18.148903,timing-sweep,16.567700,16.666698,0,0,-683.617,779.375,0.000,127.220
18.165682,timing-sweep,16.778901,16.666698,0,0,-683.617,779.375,0.000,128.110
18.182306,timing-sweep,16.624399,16.666698,0,0,-683.617,779.375,0.000,129.001
18.198977,timing-sweep,16.671102,16.666803,0,0,-683.617,779.375,0.000,129.892
18.215712,timing-sweep,16.734798,16.666800,0,0,-683.617,779.375,0.000,130.782
18.232334,timing-sweep,16.623303,16.666800,0,0,-683.617,779.375,0.000,131.673
18.249016,timing-sweep,16.681500,16.666800,0,0,-683.617,779.375,0.000,132.564
18.265678,timing-sweep,16.661800,16.666800,0,0,-683.617,779.375,0.000,133.454
18.282259,timing-sweep,16.580898,16.666698,0,0,-683.617,779.375,0.000,134.345
18.299255,timing-sweep,16.995698,16.666698,0,0,-683.617,779.375,0.000,135.235
18.315699,timing-sweep,16.442303,16.666698,0,0,-683.617,779.375,0.000,136.126
18.332275,timing-sweep,16.576897,16.666702,0,0,-683.617,779.375,0.000,137.017
18.348963,timing-sweep,16.687803,16.666698,0,0,-683.617,779.375,0.000,137.907
18.365616,timing-sweep,16.652700,16.666698,0,0,-683.617,779.375,0.000,138.798
18.382328,timing-sweep,16.713001,16.666800,0,0,-683.617,779.375,0.000,139.689
18.398937,timing-sweep,16.608797,16.666800,0,0,-683.617,779.375,0.000,140.579
18.415579,timing-sweep,16.641602,16.666800,0,0,-683.617,779.375,0.000,141.470
18.432228,timing-sweep,16.649399,16.666698,0,0,-683.617,779.375,0.000,142.360
18.449047,timing-sweep,16.818400,16.666803,0,0,-683.617,779.375,0.000,143.251
18.465593,timing-sweep,16.547099,16.672798,0,0,-683.617,779.375,0.000,144.142
18.482328,timing-sweep,16.735200,16.666800,0,0,-683.617,779.375,0.000,145.033
18.498989,timing-sweep,16.661201,16.666800,0,0,-683.617,779.375,0.000,145.923
18.515690,timing-sweep,16.700100,16.666702,0,0,-683.617,779.375,0.000,146.814
18.532410,timing-sweep,16.719099,16.666800,0,0,-683.617,779.375,0.000,147.705
18.549252,timing-sweep,16.842302,16.666800,0,0,-683.617,779.375,0.000,148.595
18.565670,timing-sweep,16.418599,16.666800,0,0,-683.617,779.375,0.000,149.486
18.582363,timing-sweep,16.693901,16.666698,0,0,-683.617,779.375,0.000,150.376
18.599031,timing-sweep,16.668800,16.666698,0,0,-683.617,779.375,0.000,151.267
18.615602,timing-sweep,16.571801,16.666800,0,0,-683.617,779.375,0.000,152.158
18.632387,timing-sweep,16.784299,16.666698,0,0,-683.617,779.375,0.000,153.048
18.649176,timing-sweep,16.788300,16.666702,0,0,-683.617,779.375,0.000,153.939
18.665806,timing-sweep,16.630597,16.666698,0,0,-683.617,779.375,0.000,154.830
18.682314,timing-sweep,16.508400,16.666800,0,0,-683.617,779.375,0.000,155.720
18.698959,timing-sweep,16.645502,16.666698,0,0,-683.617,779.375,0.000,156.611
18.715591,timing-sweep,16.632497,16.666800,0,0,-683.617,779.375,0.000,157.501
18.732265,timing-sweep,16.673300,16.666698,0,0,-683.617,779.375,0.000,158.392
18.749010,timing-sweep,16.744800,16.666800,0,0,-683.617,779.375,0.000,159.283
18.765568,timing-sweep,16.558502,16.666702,0,0,-683.617,779.375,0.000,160.173
18.782324,timing-sweep,16.755898,16.666698,0,0,-683.617,779.375,0.000,161.064
18.799101,timing-sweep,16.777303,16.666698,0,0,-683.617,779.375,0.000,161.955
18.815691,timing-sweep,16.589399,16.666800,0,0,-683.617,779.375,0.000,162.845
18.832327,timing-sweep,16.636301,16.666800,0,0,-683.617,779.375,0.000,163.736
18.849060,timing-sweep,16.732700,16.666698,0,0,-683.617,779.375,0.000,164.627
18.865620,timing-sweep,16.559999,16.666702,0,0,-683.617,779.375,0.000,165.517
18.882383,timing-sweep,16.764197,16.666800,0,0,-683.617,779.375,0.000,166.408
18.899065,timing-sweep,16.682602,16.666698,0,0,-683.617,779.375,0.000,167.298
18.915667,timing-sweep,16.602099,16.666698,0,0,-683.617,779.375,0.000,168.189
18.932377,timing-sweep,16.709700,16.666698,0,0,-683.617,779.375,0.000,169.080
18.949085,timing-sweep,16.708300,16.666702,0,0,-683.617,779.375,0.000,169.970
18.965687,timing-sweep,16.600799,16.666698,0,0,-683.617,779.375,0.000,170.861
18.982334,timing-sweep,16.647100,16.666800,0,0,-683.617,779.375,0.000,171.752
18.998987,timing-sweep,16.653500,16.666800,0,0,-683.617,779.375,0.000,172.642
19.015783,timing-sweep,16.795501,16.666800,0,0,-683.617,779.375,0.000,173.533
19.032310,timing-sweep,16.527299,16.666698,0,0,-683.617,779.375,0.000,174.423
19.049183,timing-sweep,16.873099,16.666800,0,0,-683.617,779.375,0.000,175.314
19.065611,timing-sweep,16.428303,16.666800,0,0,-683.617,779.375,0.000,176.205
19.082289,timing-sweep,16.677000,16.666800,0,0,-683.617,779.375,0.000,177.095
19.098974,timing-sweep,16.686101,16.666702,0,0,-683.617,779.375,0.000,177.986
19.115639,timing-sweep,16.664997,16.666800,0,0,-683.617,779.375,0.000,178.877
19.132378,timing-sweep,16.738500,16.666800,0,0,-683.617,779.375,0.000,179.767
19.149080,timing-sweep,16.702700,16.666698,0,0,-683.617,779.375,0.000,180.658
19.165705,timing-sweep,16.624402,16.666800,0,0,-683.617,779.375,0.000,181.548
19.182339,timing-sweep,16.634800,16.666800,0,0,-683.617,779.375,0.000,182.439
19.199135,timing-sweep,16.795199,16.666800,0,0,-683.617,779.375,0.000,183.330
19.215744,timing-sweep,16.609099,16.666698,0,0,-683.617,779.375,0.000,184.220
19.232391,timing-sweep,16.647000,16.666800,0,0,-683.617,779.375,0.000,185.111
19.249046,timing-sweep,16.655803,16.666800,0,0,-683.617,779.375,0.000,186.002
19.265718,timing-sweep,16.672600,16.666702,0,0,-683.617,779.375,0.000,186.892
19.282385,timing-sweep,16.666099,16.666800,0,0,-683.617,779.375,0.000,187.783
19.299295,timing-sweep,16.909700,16.666800,0,0,-683.617,779.375,0.000,188.674
19.315674,timing-sweep,16.378298,16.666800,0,0,-683.617,779.375,0.000,189.564
19.332390,timing-sweep,16.716000,16.666698,0,0,-683.617,779.375,0.000,190.455
19.349054,timing-sweep,16.664300,16.666800,0,0,-683.617,779.375,0.000,191.345
19.365717,timing-sweep,16.663402,16.666698,0,0,-683.617,779.375,0.000,192.236
19.382343,timing-sweep,16.625900,16.666800,0,0,-683.617,779.375,0.000,193.127
19.399008,timing-sweep,16.664498,16.666800,0,0,-683.617,779.375,0.000,194.017
19.415667,timing-sweep,16.659003,16.666702,0,0,-683.617,779.375,0.000,194.908
19.432283,timing-sweep,16.616799,16.666800,0,0,-683.617,779.375,0.000,195.799
19.448952,timing-sweep,16.668800,16.666800,0,0,-683.617,779.375,0.000,196.689
19.465919,timing-sweep,16.968697,16.666800,0,0,-683.617,779.375,0.000,197.580
19.482424,timing-sweep,16.504001,16.666698,0,0,-683.617,779.375,0.000,198.470
19.499142,timing-sweep,16.717501,16.666698,0,0,-683.617,779.375,0.000,199.361
19.515638,timing-sweep,16.495999,16.666800,0,0,-683.617,779.375,0.000,200.252
19.532343,timing-sweep,16.705200,16.666698,0,0,-683.617,779.375,0.000,201.142
19.549238,timing-sweep,16.894601,16.666803,0,0,-683.617,779.375,0.000,202.033
19.565664,timing-sweep,16.426001,16.666698,0,0,-683.617,779.375,0.000,202.924
19.582539,timing-sweep,16.874399,16.666698,0,0,-683.617,779.375,0.000,203.814
19.598984,timing-sweep,16.445301,16.666698,0,0,-683.617,779.375,0.000,204.705
19.615677,timing-sweep,16.693797,16.666800,0,0,-683.617,779.375,0.000,205.595
19.632368,timing-sweep,16.691100,16.666800,0,0,-683.617,779.375,0.000,206.486
19.649017,timing-sweep,16.648702,16.666698,0,0,-683.617,779.375,0.000,207.377
19.665602,timing-sweep,16.584598,16.666803,0,0,-683.617,779.375,0.000,208.267
19.682444,timing-sweep,16.842201,16.666698,0,0,-683.617,779.375,0.000,209.158
19.699085,timing-sweep,16.641401,16.666800,0,0,-683.617,779.375,0.000,210.049
19.715759,timing-sweep,16.674101,16.666800,0,0,-683.617,779.375,0.000,210.939
19.732262,timing-sweep,16.503200,16.666800,0,0,-683.617,779.375,0.000,211.830
19.749052,timing-sweep,16.789999,16.666698,0,0,-683.617,779.375,0.000,212.721
19.765808,timing-sweep,16.755298,16.674999,0,0,-683.617,779.375,0.000,213.612
19.782314,timing-sweep,16.505901,16.666702,0,0,-683.617,779.375,0.000,214.502
19.799356,timing-sweep,17.042100,16.666698,0,0,-683.617,779.375,0.000,215.393
19.815594,timing-sweep,16.237900,16.666698,0,0,-683.617,779.375,0.000,216.283
19.832327,timing-sweep,16.733501,16.666800,0,0,-683.617,779.375,0.000,217.174
19.849001,timing-sweep,16.673099,16.666800,0,0,-683.617,779.375,0.000,218.065
19.865683,timing-sweep,16.681500,16.666800,0,0,-683.617,779.375,0.000,218.955
19.882299,timing-sweep,16.617402,16.666698,0,0,-683.617,779.375,0.000,219.846
19.899054,timing-sweep,16.754799,16.666800,0,0,-683.617,779.375,0.000,220.737
19.915731,timing-sweep,16.678698,16.666803,0,0,-683.617,779.375,0.000,221.627
19.932434,timing-sweep,16.703300,16.666698,0,0,-683.617,779.375,0.000,222.518
19.948967,timing-sweep,16.532902,16.666698,0,0,-683.617,779.375,0.000,223.409
19.965649,timing-sweep,16.681701,16.666698,0,0,-683.617,779.375,0.000,224.299
19.982443,timing-sweep,16.794398,16.666800,0,0,-683.617,779.375,0.000,225.190
19.998983,timing-sweep,16.540300,16.666698,0,0,-683.617,779.375,0.000,226.080
20.015692,timing-sweep,16.708001,16.666702,0,0,-683.617,779.375,0.000,226.971
20.032305,timing-sweep,16.613897,16.666800,0,0,-683.617,779.375,0.000,227.862
20.049314,timing-sweep,17.010100,16.666800,0,0,-683.617,779.375,0.000,228.752
20.065660,timing-sweep,16.346302,16.666698,0,0,-683.617,779.375,0.000,229.643
20.082365,timing-sweep,16.705301,16.666800,0,0,-683.617,779.375,0.000,230.534
20.098972,timing-sweep,16.608197,16.666698,0,0,-683.617,779.375,0.000,231.424
20.115644,timing-sweep,16.672701,16.666800,0,0,-683.617,779.375,0.000,232.315
20.132433,timing-sweep,16.787902,16.666702,0,0,-683.617,779.375,0.000,233.205
20.149019,timing-sweep,16.586401,16.666698,0,0,-683.617,779.375,0.000,234.096
20.165833,timing-sweep,16.813301,16.666698,0,0,-683.617,779.375,0.000,234.987
20.182365,timing-sweep,16.531996,16.666698,0,0,-683.617,779.375,0.000,235.877
20.199026,timing-sweep,16.660802,16.666800,0,0,-683.617,779.375,0.000,236.768
20.215689,timing-sweep,16.662698,16.666800,0,0,-683.617,779.375,0.000,237.659
20.232653,timing-sweep,16.964801,16.666698,0,0,-683.617,779.375,0.000,238.549
20.249006,timing-sweep,16.353101,16.666702,0,0,-683.617,779.375,0.000,239.440
20.265858,timing-sweep,16.851202,16.666698,0,0,-683.617,779.375,0.000,240.330
20.282455,timing-sweep,16.597297,16.666698,0,0,-683.617,779.375,0.000,241.221
20.299225,timing-sweep,16.769800,16.666800,0,0,-683.617,779.375,0.000,242.112
20.315794,timing-sweep,16.569503,16.666800,0,0,-683.617,779.375,0.000,243.002
20.332541,timing-sweep,16.745798,16.666800,0,0,-683.617,779.375,0.000,243.893
20.349049,timing-sweep,16.508099,16.666800,0,0,-683.617,779.375,0.000,244.784
20.365749,timing-sweep,16.699802,16.666702,0,0,-683.617,779.375,0.000,245.674
20.382338,timing-sweep,16.589001,16.666698,0,0,-683.617,779.375,0.000,246.565
20.399006,timing-sweep,16.668800,16.666800,0,0,-683.617,779.375,0.000,247.456
20.415810,timing-sweep,16.803097,16.666800,0,0,-683.617,779.375,0.000,248.346
20.432266,timing-sweep,16.456902,16.666698,0,0,-683.617,779.375,0.000,249.237
20.448984,timing-sweep,16.717799,16.666698,0,0,-683.617,779.375,0.000,250.127
20.465706,timing-sweep,16.721100,16.666800,0,0,-683.617,779.375,0.000,251.018
20.482517,timing-sweep,16.811900,16.667404,0,0,-683.617,779.375,0.000,251.909
20.499184,timing-sweep,16.666099,16.666698,0,0,-683.617,779.375,0.000,252.799
20.515808,timing-sweep,16.624901,16.666698,0,0,-683.617,779.375,0.000,253.690
20.532385,timing-sweep,16.576700,16.666800,0,0,-683.617,779.375,0.000,254.581
20.549393,timing-sweep,17.008699,16.666698,0,0,-683.617,779.375,0.000,255.471
20.565775,timing-sweep,16.381301,16.666800,0,0,-683.617,779.375,0.000,256.362
20.582314,timing-sweep,16.538300,16.666800,0,0,-683.617,779.375,0.000,257.252
20.599005,timing-sweep,16.691800,16.666702,0,0,-683.617,779.375,0.000,258.143
20.615828,timing-sweep,16.821999,16.666800,0,0,-683.617,779.375,0.000,259.034
20.632511,timing-sweep,16.684502,16.666800,0,0,-683.617,779.375,0.000,259.924
20.649162,timing-sweep,16.651999,16.666698,0,0,-683.617,779.375,0.000,260.815
20.665728,timing-sweep,16.565498,16.666800,0,0,-683.617,779.375,0.000,261.706
20.682384,timing-sweep,16.656101,16.666800,0,0,-683.617,779.375,0.000,262.596
20.699205,timing-sweep,16.819999,16.666800,0,0,-683.617,779.375,0.000,263.487
20.715763,timing-sweep,16.557403,16.666698,0,0,-683.617,779.375,0.000,264.378
20.732334,timing-sweep,16.571198,16.666698,0,0,-683.617,779.375,0.000,265.268
20.749060,timing-sweep,16.724803,16.666702,0,0,-683.617,779.375,0.000,266.159
20.765635,timing-sweep,16.574699,16.666698,0,0,-683.617,779.375,0.000,267.049
20.782293,timing-sweep,16.659498,16.666698,0,0,-683.617,779.375,0.000,267.940
20.799181,timing-sweep,16.887300,16.666698,0,0,-683.617,779.375,0.000,268.831
20.815651,timing-sweep,16.470302,16.666702,0,0,-683.617,779.375,0.000,269.721
20.832302,timing-sweep,16.650800,16.666698,0,0,-683.617,779.375,0.000,270.612
20.848938,timing-sweep,16.636200,16.666800,0,0,-683.617,779.375,0.000,271.503
20.865629,timing-sweep,16.691301,16.666800,0,0,-683.617,779.375,0.000,272.393
20.882265,timing-sweep,16.635198,16.666698,0,0,-683.617,779.375,0.000,273.284
20.898960,timing-sweep,16.694400,16.666698,0,0,-683.617,779.375,0.000,274.174
20.915638,timing-sweep,16.678400,16.666800,0,0,-683.617,779.375,0.000,275.065
20.932365,timing-sweep,16.726598,16.666702,0,0,-683.617,779.375,0.000,275.956
20.948975,timing-sweep,16.609203,16.666800,0,0,-683.617,779.375,0.000,276.846
20.965618,timing-sweep,16.642999,16.666800,0,0,-683.617,779.375,0.000,277.737
20.982372,timing-sweep,16.755100,16.685200,0,0,-683.617,779.375,0.000,278.629
20.998993,timing-sweep,16.621400,16.666800,0,0,-683.617,779.375,0.000,279.519
21.015686,timing-sweep,16.692299,16.666698,0,0,-683.617,779.375,0.000,280.410
21.032324,timing-sweep,16.636901,16.666800,0,0,-683.617,779.375,0.000,281.300
21.049263,timing-sweep,16.939498,16.666702,0,0,-683.617,779.375,0.000,282.191
21.065731,timing-sweep,16.468801,16.666698,0,0,-683.617,779.375,0.000,283.082
21.082443,timing-sweep,16.712200,16.666800,0,0,-683.617,779.375,0.000,283.972
21.098972,timing-sweep,16.528200,16.666698,0,0,-683.617,779.375,0.000,284.863
21.115648,timing-sweep,16.676400,16.666698,0,0,-683.617,779.375,0.000,285.754
21.132408,timing-sweep,16.760599,16.672499,0,0,-683.617,779.375,0.000,286.645
21.148985,timing-sweep,16.576000,16.666702,0,0,-683.617,779.375,0.000,287.535
21.165600,timing-sweep,16.615801,16.666800,0,0,-683.617,779.375,0.000,288.426
21.182327,timing-sweep,16.728003,16.666698,0,0,-683.617,779.375,0.000,289.316
21.198978,timing-sweep,16.651999,16.666800,0,0,-683.617,779.375,0.000,290.207
21.215645,timing-sweep,16.667098,16.666698,0,0,-683.617,779.375,0.000,291.098
21.232281,timing-sweep,16.636401,16.666800,0,0,-683.617,779.375,0.000,291.988
21.248978,timing-sweep,16.697101,16.666698,0,0,-683.617,779.375,0.000,292.879
21.265608,timing-sweep,16.630899,16.666702,0,0,-683.617,779.375,0.000,293.770
21.282322,timing-sweep,16.714901,16.666800,0,0,-683.617,779.375,0.000,294.660
21.299128,timing-sweep,16.805500,16.666698,0,0,-683.617,779.375,0.000,295.551
21.315689,timing-sweep,16.561501,16.666800,0,0,-683.617,779.375,0.000,296.441
21.332268,timing-sweep,16.579498,16.666698,0,0,-683.617,779.375,0.000,297.332
21.348984,timing-sweep,16.715899,16.666800,0,0,-683.617,779.375,0.000,298.223
21.365597,timing-sweep,16.612303,16.666698,0,0,-683.617,779.375,0.000,299.113
21.382317,timing-sweep,16.719900,16.666702,0,0,-683.617,779.375,0.000,300.004
21.399158,timing-sweep,16.841099,16.666698,0,0,-683.617,779.375,0.000,300.895
21.415756,timing-sweep,16.597200,16.666698,0,0,-683.617,779.375,0.000,301.785
21.432314,timing-sweep,16.558401,16.666800,0,0,-683.617,779.375,0.000,302.676
21.449005,timing-sweep,16.690698,16.666698,0,0,-683.617,779.375,0.000,303.566
21.465616,timing-sweep,16.610403,16.666702,0,0,-683.617,779.375,0.000,304.457
21.482321,timing-sweep,16.705498,16.666800,0,0,-683.617,779.375,0.000,305.348
21.498976,timing-sweep,16.654503,16.666800,0,0,-683.617,779.375,0.000,306.238
21.515642,timing-sweep,16.667098,16.666698,0,0,-683.617,779.375,0.000,307.129
21.532333,timing-sweep,16.691100,16.666800,0,0,-683.617,779.375,0.000,308.020
21.549198,timing-sweep,16.865499,16.666800,0,0,-683.617,779.375,0.000,308.910
21.565628,timing-sweep,16.429901,16.666698,0,0,-683.617,779.375,0.000,309.801
21.582336,timing-sweep,16.707800,16.666698,0,0,-683.617,779.375,0.000,310.692
21.598942,timing-sweep,16.605899,16.666800,0,0,-683.617,779.375,0.000,311.582
21.615656,timing-sweep,16.713202,16.666702,0,0,-683.617,779.375,0.000,312.473
21.632318,timing-sweep,16.661998,16.666698,0,0,-683.617,779.375,0.000,313.363
21.649141,timing-sweep,16.823001,16.666800,0,0,-683.617,779.375,0.000,314.254
21.665703,timing-sweep,16.560599,16.666698,0,0,-683.617,779.375,0.000,315.145
21.682331,timing-sweep,16.628902,16.666800,0,0,-683.617,779.375,0.000,316.035
21.698948,timing-sweep,16.616900,16.666698,0,0,-683.617,779.375,0.000,316.926
21.715639,timing-sweep,16.691599,16.666702,0,0,-683.617,779.375,0.000,317.817
21.732290,timing-sweep,16.650300,16.666698,0,0,-683.617,779.375,0.000,318.707
21.748951,timing-sweep,16.660798,16.666698,0,0,-683.617,779.375,0.000,319.598
21.765631,timing-sweep,16.680002,16.666800,0,0,-683.617,779.375,0.000,320.488
21.782310,timing-sweep,16.680598,16.666698,0,0,-683.617,779.375,0.000,321.379
21.799168,timing-sweep,16.857602,16.666800,0,0,-683.617,779.375,0.000,322.270
21.815634,timing-sweep,16.465198,16.666702,0,0,-683.617,779.375,0.000,323.160
21.832275,timing-sweep,16.640700,16.666698,0,0,-683.617,779.375,0.000,324.051
21.848967,timing-sweep,16.690500,16.666698,0,0,-683.617,779.375,0.000,324.942
21.865700,timing-sweep,16.733799,16.666800,0,0,-683.617,779.375,0.000,325.832
21.882322,timing-sweep,16.622800,16.666698,0,0,-683.617,779.375,0.000,326.723
21.898949,timing-sweep,16.626000,16.666702,0,0,-683.617,779.375,0.000,327.613
21.915678,timing-sweep,16.730100,16.683098,0,0,-683.617,779.375,0.000,328.505
21.932306,timing-sweep,16.629200,16.666800,0,0,-683.617,779.375,0.000,329.396
21.949045,timing-sweep,16.738899,16.666698,0,0,-683.617,779.375,0.000,330.286
21.965618,timing-sweep,16.573202,16.666702,0,0,-683.617,779.375,0.000,331.177
21.982388,timing-sweep,16.768798,16.666698,0,0,-683.617,779.375,0.000,332.067
21.998981,timing-sweep,16.593400,16.666698,0,0,-683.617,779.375,0.000,332.958
22.015667,timing-sweep,16.685799,16.666800,0,0,-683.617,779.375,0.000,333.849
22.032320,timing-sweep,16.652402,16.666800,0,0,-683.617,779.375,0.000,334.739
22.049213,timing-sweep,16.893599,16.666698,0,0,-683.617,779.375,0.000,335.630
22.065609,timing-sweep,16.396299,16.666800,0,0,-683.617,779.375,0.000,336.521
22.082354,timing-sweep,16.745303,16.666800,0,0,-683.617,779.375,0.000,337.411
22.098951,timing-sweep,16.598698,16.666702,0,0,-683.617,779.375,0.000,338.302
22.115658,timing-sweep,16.706903,16.666698,0,0,-683.617,779.375,0.000,339.193
22.132271,timing-sweep,16.613398,16.666698,0,0,-683.617,779.375,0.000,340.083
22.148996,timing-sweep,16.725499,16.666800,0,0,-683.617,779.375,0.000,340.974
22.165649,timing-sweep,16.653500,16.666800,0,0,-683.617,779.375,0.000,341.864
22.182337,timing-sweep,16.687199,16.666698,0,0,-683.617,779.375,0.000,342.755
22.199072,timing-sweep,16.734801,16.666803,0,0,-683.617,779.375,0.000,343.646
22.215679,timing-sweep,16.608000,16.666698,0,0,-683.617,779.375,0.000,344.536
22.232296,timing-sweep,16.616199,16.666800,0,0,-683.617,779.375,0.000,345.427
22.248995,timing-sweep,16.698200,16.666800,0,0,-683.617,779.375,0.000,346.318
22.265627,timing-sweep,16.633000,16.666698,0,0,-683.617,779.375,0.000,347.208
22.282356,timing-sweep,16.729202,16.666698,0,0,-683.617,779.375,0.000,348.099
22.299162,timing-sweep,16.805798,16.666800,0,0,-683.617,779.375,0.000,348.989
22.315727,timing-sweep,16.566101,16.666702,0,0,-683.617,779.375,0.000,349.880
22.332310,timing-sweep,16.582798,16.666698,0,0,-683.617,779.375,0.000,350.771
22.349070,timing-sweep,16.760800,16.666698,0,0,-683.617,779.375,0.000,351.661
22.365662,timing-sweep,16.592503,16.666698,0,0,-683.617,779.375,0.000,352.552
22.382328,timing-sweep,16.665600,16.666800,0,0,-683.617,779.375,0.000,353.443
22.398966,timing-sweep,16.638499,16.666800,0,0,-683.617,779.375,0.000,354.333
22.415670,timing-sweep,16.703799,16.666702,0,0,-683.617,779.375,0.000,355.224
22.432318,timing-sweep,16.647901,16.666698,0,0,-683.617,779.375,0.000,356.114
22.449011,timing-sweep,16.693298,16.666800,0,0,-683.617,779.375,0.000,357.005
22.465620,timing-sweep,16.609803,16.666800,0,0,-683.617,779.375,0.000,357.896
22.482332,timing-sweep,16.712498,16.666698,0,0,-683.617,779.375,0.000,358.786
22.498930,timing-sweep,16.598102,16.666698,0,0,-683.617,779.375,0.000,359.677
22.515665,timing-sweep,16.734999,16.666800,0,0,-683.617,779.375,0.000,0.568
22.532297,timing-sweep,16.631801,16.666702,0,0,-683.617,779.375,0.000,1.458
22.549376,timing-sweep,17.077800,16.666698,0,0,-683.617,779.375,0.000,2.349
22.565622,timing-sweep,16.247600,16.666800,0,0,-683.617,779.375,0.000,3.239
22.582350,timing-sweep,16.726699,16.666698,0,0,-683.617,779.375,0.000,4.130
22.598970,timing-sweep,16.620502,16.666800,0,0,-683.617,779.375,0.000,5.021
22.615669,timing-sweep,16.699698,16.666800,0,0,-683.617,779.375,0.000,5.911
22.632326,timing-sweep,16.656902,16.666698,0,0,-683.617,779.375,0.000,6.802
22.649000,timing-sweep,16.674798,16.666800,0,0,-683.617,779.375,0.000,7.693
22.665615,timing-sweep,16.614903,16.666702,0,0,-683.617,779.375,0.000,8.583
22.682333,timing-sweep,16.717199,16.666698,0,0,-683.617,779.375,0.000,9.474
22.698961,timing-sweep,16.627900,16.666698,0,0,-683.617,779.375,0.000,10.365
22.715647,timing-sweep,16.684800,16.666800,0,0,-683.617,779.375,0.000,11.255
22.732269,timing-sweep,16.622897,16.666800,0,0,-683.617,779.375,0.000,12.146
22.749002,timing-sweep,16.732600,16.666800,0,0,-683.617,779.375,0.000,13.036
22.765619,timing-sweep,16.617201,16.666698,0,0,-683.617,779.375,0.000,13.927
22.782328,timing-sweep,16.708400,16.666702,0,0,-683.617,779.375,0.000,14.818
22.799202,timing-sweep,16.874902,16.666698,0,0,-683.617,779.375,0.000,15.708
22.815670,timing-sweep,16.468897,16.666698,0,0,-683.617,779.375,0.000,16.599
22.832285,timing-sweep,16.614102,16.666698,0,0,-683.617,779.375,0.000,17.490
22.849022,timing-sweep,16.736500,16.666702,0,0,-683.617,779.375,0.000,18.380
22.865623,timing-sweep,16.602099,16.666800,0,0,-683.617,779.375,0.000,19.271
22.882349,timing-sweep,16.725801,16.666698,0,0,-683.617,779.375,0.000,20.161
22.898954,timing-sweep,16.606301,16.666800,0,0,-683.617,779.375,0.000,21.052
22.915651,timing-sweep,16.696699,16.666800,0,0,-683.617,779.375,0.000,21.943
22.932335,timing-sweep,16.682800,16.666698,0,0,-683.617,779.375,0.000,22.833
22.948996,timing-sweep,16.661301,16.666698,0,0,-683.617,779.375,0.000,23.724
22.965673,timing-sweep,16.677599,16.666800,0,0,-683.617,779.375,0.000,24.615
22.982342,timing-sweep,16.667500,16.666702,0,0,-683.617,779.375,0.000,25.505
22.999136,timing-sweep,16.794000,16.666698,0,0,-683.617,779.375,0.000,26.396
23.015676,timing-sweep,16.539600,16.666698,0,0,-683.617,779.375,0.000,27.286
23.032305,timing-sweep,16.627900,16.666800,0,0,-683.617,779.375,0.000,28.177
23.049202,timing-sweep,16.897198,16.666800,0,0,-683.617,779.375,0.000,29.068
23.065617,timing-sweep,16.414400,16.666800,0,0,-683.617,779.375,0.000,29.958
23.082336,timing-sweep,16.719799,16.666800,0,0,-683.617,779.375,0.000,30.849
23.098972,timing-sweep,16.636100,16.666800,0,0,-683.617,779.375,0.000,31.740
23.115660,timing-sweep,16.687401,16.666702,0,0,-683.617,779.375,0.000,32.630
23.132313,timing-sweep,16.652502,16.666698,0,0,-683.617,779.375,0.000,33.521
23.149019,timing-sweep,16.706500,16.666698,0,0,-683.617,779.375,0.000,34.412
23.165609,timing-sweep,16.590100,16.666698,0,0,-683.617,779.375,0.000,35.302
23.182364,timing-sweep,16.755100,16.666800,0,0,-683.617,779.375,0.000,36.193
23.198954,timing-sweep,16.589999,16.666698,0,0,-683.617,779.375,0.000,37.083
23.215670,timing-sweep,16.716801,16.666702,0,0,-683.617,779.375,0.000,37.974
23.232275,timing-sweep,16.605899,16.666698,0,0,-683.617,779.375,0.000,38.865
23.248995,timing-sweep,16.720299,16.666698,0,0,-683.617,779.375,0.000,39.755
23.265648,timing-sweep,16.652402,16.666800,0,0,-683.617,779.375,0.000,40.646
23.282335,timing-sweep,16.686600,16.666698,0,0,-683.617,779.375,0.000,41.537
23.299166,timing-sweep,16.829502,16.666800,0,0,-683.617,779.375,0.000,42.427
23.315666,timing-sweep,16.499799,16.666803,0,0,-683.617,779.375,0.000,43.318
23.332281,timing-sweep,16.615599,16.666698,0,0,-683.617,779.375,0.000,44.208
23.349010,timing-sweep,16.728800,16.666698,0,0,-683.617,779.375,0.000,45.099
23.365606,timing-sweep,16.595401,16.666800,0,0,-683.617,779.375,0.000,45.990
23.382345,timing-sweep,16.739499,16.666800,0,0,-683.617,779.375,0.000,46.880
23.398960,timing-sweep,16.615402,16.666800,0,0,-683.617,779.375,0.000,47.771
23.415686,timing-sweep,16.725600,16.666698,0,0,-683.617,779.375,0.000,48.662
23.432308,timing-sweep,16.622998,16.666800,0,0,-683.617,779.375,0.000,49.552
23.449146,timing-sweep,16.838800,16.666800,0,0,-683.617,779.375,0.000,50.443
23.465750,timing-sweep,16.604200,16.666702,0,0,-683.617,779.375,0.000,51.333
23.482372,timing-sweep,16.621601,16.666698,0,0,-683.617,779.375,0.000,52.224
23.498962,timing-sweep,16.589802,16.666698,0,0,-683.617,779.375,0.000,53.115
23.515680,timing-sweep,16.717799,16.666800,0,0,-683.617,779.375,0.000,54.005
23.532307,timing-sweep,16.626999,16.666698,0,0,-683.617,779.375,0.000,54.896
23.549234,timing-sweep,16.928200,16.666800,0,0,-683.617,779.375,0.000,55.787
23.565632,timing-sweep,16.397100,16.666702,0,0,-683.617,779.375,0.000,56.677
23.582359,timing-sweep,16.726702,16.666698,0,0,-683.617,779.375,0.000,57.568
23.598967,timing-sweep,16.606599,16.666698,0,0,-683.617,779.375,0.000,58.458
23.615654,timing-sweep,16.688198,16.666800,0,0,-683.617,779.375,0.000,59.349
23.632320,timing-sweep,16.667202,16.666698,0,0,-683.617,779.375,0.000,60.240
23.649002,timing-sweep,16.682498,16.666702,0,0,-683.617,779.375,0.000,61.130
23.665590,timing-sweep,16.588800,16.666800,0,0,-683.617,779.375,0.000,62.021
23.682343,timing-sweep,16.752601,16.666901,0,0,-683.617,779.375,0.000,62.912
23.698963,timing-sweep,16.619999,16.666800,0,0,-683.617,779.375,0.000,63.802
23.715664,timing-sweep,16.700502,16.666698,0,0,-683.617,779.375,0.000,64.693
23.732311,timing-sweep,16.646899,16.666698,0,0,-683.617,779.375,0.000,65.584
23.749081,timing-sweep,16.768500,16.666698,0,0,-683.617,779.375,0.000,66.474
23.765615,timing-sweep,16.534500,16.666800,0,0,-683.617,779.375,0.000,67.365
23.782352,timing-sweep,16.737100,16.666800,0,0,-683.617,779.375,0.000,68.255
23.799166,timing-sweep,16.812399,16.666702,0,0,-683.617,779.375,0.000,69.146
23.815704,timing-sweep,16.538400,16.666698,0,0,-683.617,779.375,0.000,70.037
23.832331,timing-sweep,16.626101,16.666800,0,0,-683.617,779.375,0.000,70.927
23.849024,timing-sweep,16.693600,16.666800,0,0,-683.617,779.375,0.000,71.818
23.865616,timing-sweep,16.592499,16.666698,0,0,-683.617,779.375,0.000,72.709
23.882364,timing-sweep,16.747501,16.666800,0,0,-683.617,779.375,0.000,73.599
23.898956,timing-sweep,16.591102,16.666800,0,0,-683.617,779.375,0.000,74.490
23.915670,timing-sweep,16.714901,16.666800,0,0,-683.617,779.375,0.000,75.380
23.932341,timing-sweep,16.670700,16.666698,0,0,-683.617,779.375,0.000,76.271
23.948973,timing-sweep,16.631499,16.666702,0,0,-683.617,779.375,0.000,77.162
23.965616,timing-sweep,16.643099,16.666800,0,0,-683.617,779.375,0.000,78.052
23.982309,timing-sweep,16.692199,16.666800,0,0,-683.617,779.375,0.000,78.943
23.998945,timing-sweep,16.636603,16.666698,0,0,-683.617,779.375,0.000,79.834
24.015648,timing-sweep,16.703498,16.666800,0,0,-683.617,779.375,0.000,80.724
24.032303,timing-sweep,16.655799,16.666800,0,0,-683.617,779.375,0.000,81.615
24.049213,timing-sweep,16.911402,16.666800,0,0,-683.617,779.375,0.000,82.506
24.065617,capture-idle,16.403601,16.667400,0,0,-683.617,779.375,0.000,83.396
24.082344,capture-idle,16.727097,16.666800,0,0,-683.617,779.375,0.000,83.396
24.098965,capture-idle,16.619701,16.666800,0,0,-683.617,779.375,0.000,83.396
24.115681,capture-idle,16.715899,16.666702,0,0,-683.617,779.375,0.000,83.396
24.132280,capture-idle,16.598802,16.666698,0,0,-683.617,779.375,0.000,83.396
24.149014,capture-idle,16.732398,16.666698,0,0,-683.617,779.375,0.000,83.396
24.165716,capture-idle,16.702902,16.666800,0,0,-683.617,779.375,0.000,83.396
24.182327,capture-idle,16.610600,16.666800,0,1,-683.617,779.375,0.000,83.396
24.301300,capture-idle,118.971899,118.787498,1,0,-683.617,779.375,0.000,83.396
24.317793,capture-idle,16.493600,16.666800,1,1,-683.617,779.375,0.000,83.396
24.432859,capture-idle,115.067102,115.090294,2,0,-683.617,779.375,0.000,83.396
24.449545,capture-idle,16.685300,16.666800,2,1,-683.617,779.375,0.000,83.396
24.566442,capture-idle,116.897300,116.571602,3,0,-683.617,779.375,0.000,83.396
24.582796,capture-idle,16.353700,16.672298,3,1,-683.617,779.375,0.000,83.396
24.701889,capture-idle,119.093500,119.049995,4,0,-683.617,779.375,0.000,83.396
24.718538,capture-idle,16.649298,16.666800,4,1,-683.617,779.375,0.000,83.396
24.841583,capture-idle,123.045199,122.762802,5,0,-683.617,779.375,0.000,83.396
24.858051,capture-idle,16.467903,16.666800,5,1,-683.617,779.375,0.000,83.396
24.981924,capture-idle,123.871900,123.925598,6,0,-683.617,779.375,0.000,83.396
24.998556,capture-idle,16.632698,16.666800,6,1,-683.617,779.375,0.000,83.396
25.121937,capture-idle,123.379901,123.214394,7,0,-683.617,779.375,0.000,83.396
25.138382,capture-idle,16.445898,16.666800,7,1,-683.617,779.375,0.000,83.396
25.254021,capture-idle,115.639500,115.663498,8,0,-683.617,779.375,0.000,83.396
25.270699,capture-idle,16.678400,16.666800,8,1,-683.617,779.375,0.000,83.396
25.386833,capture-idle,116.135102,115.781097,9,0,-683.617,779.375,0.000,83.396
25.403156,capture-idle,16.322300,16.666800,9,1,-683.617,779.375,0.000,83.396
25.518446,capture-idle,115.289301,115.193001,10,0,-683.617,779.375,0.000,83.396
25.535095,capture-idle,16.649198,16.666800,10,1,-683.617,779.375,0.000,83.396
25.652510,capture-idle,117.414601,117.136597,11,0,-683.617,779.375,0.000,83.396
25.668831,capture-idle,16.320601,16.666800,11,1,-683.617,779.375,0.000,83.396
25.783140,capture-idle,114.309799,114.296005,12,0,-683.617,779.375,0.000,83.396
25.799774,capture-idle,16.634300,16.666702,12,1,-683.617,779.375,0.000,83.396
25.916582,capture-idle,116.807800,116.459900,13,0,-683.617,779.375,0.000,83.396
25.932909,capture-idle,16.327001,16.666800,13,1,-683.617,779.375,0.000,83.396
26.048483,capture-idle,115.573399,115.413506,14,0,-683.617,779.375,0.000,83.396
26.065159,capture-idle,16.676199,16.666702,14,1,-683.617,779.375,0.000,83.396
26.181780,capture-walk,116.620902,116.481308,15,0,-683.617,779.375,0.000,83.396
26.198187,capture-walk,16.406599,16.666800,15,1,-683.606,779.471,5.833,83.396
26.313992,capture-walk,115.803901,115.505997,16,0,-683.167,783.267,46.260,83.396
26.330362,capture-walk,16.369898,16.666702,16,1,-683.067,784.130,52.094,83.396
26.447975,capture-walk,117.612500,117.372902,17,0,-682.003,793.321,90.000,83.396
26.464386,capture-walk,16.410399,16.666698,17,1,-681.830,794.811,90.000,83.396
26.583414,capture-walk,119.027801,118.790298,18,0,-680.601,805.432,90.000,83.396
26.599924,capture-walk,16.509701,16.666698,18,1,-680.428,806.922,90.000,83.396
26.717033,capture-walk,117.108699,116.919998,19,0,-679.218,817.375,90.000,83.396
26.733433,capture-walk,16.400199,16.666800,19,1,-679.046,818.865,90.000,83.396
26.847273,capture-walk,113.839902,113.768600,20,0,-677.868,829.036,90.000,83.396
26.863886,capture-walk,16.613599,16.666698,20,1,-677.695,830.526,90.000,83.396
26.984365,capture-walk,120.478801,120.245796,21,0,-676.451,841.276,90.000,83.396
27.000893,capture-walk,16.527500,16.666698,21,1,-676.278,842.766,90.000,83.396
27.116217,capture-walk,115.324501,115.368309,22,0,-675.084,853.081,90.000,83.396
27.132826,capture-walk,16.608298,16.666698,22,1,-674.912,854.571,90.000,83.396
27.248253,capture-walk,115.426801,115.149307,23,0,-673.720,864.865,90.000,83.396
27.264654,capture-walk,16.401600,16.666698,23,1,-673.547,866.355,90.000,83.396
27.379572,capture-walk,114.918601,114.879105,24,0,-672.358,876.626,90.000,83.396
27.396198,capture-walk,16.627099,16.666698,24,1,-672.186,878.116,90.000,83.396
27.511425,capture-walk,115.227100,114.863998,25,0,-670.997,888.385,90.000,83.396
27.527735,capture-walk,16.310599,16.666800,25,1,-670.825,889.875,90.000,83.396
27.641710,capture-walk,113.974601,113.961700,26,0,-669.645,900.064,90.000,83.396
27.658352,capture-walk,16.641099,16.666800,26,1,-669.472,901.554,90.000,83.396
27.774340,capture-walk,115.988702,115.727303,27,0,-668.275,911.900,90.000,83.396
27.790760,capture-walk,16.419899,16.666698,27,1,-668.102,913.390,90.000,83.396
27.904966,capture-walk,114.206500,114.168098,28,0,-666.920,923.597,90.000,83.396
27.921602,capture-walk,16.635600,16.666698,28,1,-666.748,925.087,90.000,83.396
28.036530,capture-walk,114.927899,114.698502,29,0,-665.561,935.342,90.000,83.396
28.052956,capture-walk,16.425200,16.666698,29,1,-665.388,936.832,90.000,83.396
28.166864,capture-walk,113.908902,113.871498,30,0,-664.210,947.012,90.000,83.396
28.183514,capture-walk,16.648401,16.666702,30,1,-664.037,948.502,90.000,83.396
28.298851,capture-walk,115.338199,115.125801,31,0,-662.846,958.795,90.000,83.396
28.315363,capture-walk,16.511299,16.666698,31,1,-662.673,960.285,90.000,83.396
28.429001,capture-walk,113.637201,113.652802,32,0,-661.497,970.446,90.000,83.396
28.445688,capture-walk,16.687199,16.666698,32,1,-661.324,971.936,90.000,83.396
28.561541,capture-walk,115.851801,115.689598,33,0,-660.127,982.279,90.000,83.396
28.578012,capture-walk,16.471498,16.666800,33,1,-659.954,983.769,90.000,83.396
28.694246,capture-walk,116.233602,116.289703,34,0,-658.751,994.165,90.000,83.396
28.711023,capture-walk,16.777199,16.666698,34,1,-658.578,995.655,90.000,83.396
28.828167,capture-walk,117.143001,116.848701,35,0,-657.369,1006.102,90.000,83.396
28.844442,capture-walk,16.275801,16.666702,35,1,-657.196,1007.592,90.000,83.396
28.960316,capture-walk,115.873497,115.804298,36,0,-655.998,1017.945,90.000,83.396
28.977041,capture-walk,16.725902,16.666698,36,1,-655.825,1019.435,90.000,83.396
29.092688,capture-walk,115.646899,115.497498,37,0,-654.630,1029.761,90.000,83.396
29.109043,capture-walk,16.355202,16.666698,37,1,-654.457,1031.251,90.000,83.396
29.223982,capture-walk,114.938799,114.909393,38,0,-653.268,1041.524,90.000,83.396
29.240627,capture-walk,16.646001,16.666702,38,1,-653.095,1043.015,90.000,83.396
29.355791,capture-walk,115.164198,114.892296,39,0,-651.906,1053.286,90.000,83.396
29.372335,capture-walk,16.544700,16.706102,39,1,-651.733,1054.780,90.000,83.396
29.486574,capture-walk,114.239600,114.311905,40,0,-650.550,1065.000,90.000,83.396
29.503237,capture-walk,16.662002,16.666800,40,1,-650.378,1066.490,90.000,83.396
29.619276,capture-walk,116.038501,115.775200,41,0,-649.179,1076.840,90.000,83.396
29.635664,capture-walk,16.388498,16.666800,41,1,-649.007,1078.330,90.000,83.396
29.759710,capture-walk,124.045800,123.975998,42,0,-647.724,1089.414,90.000,83.396
29.776276,capture-walk,16.566101,16.666698,42,1,-647.551,1090.904,90.000,83.396
29.900791,capture-walk,124.516297,124.245407,43,0,-646.265,1102.012,90.000,83.396
29.917231,capture-walk,16.439103,16.666800,43,1,-646.093,1103.502,90.000,83.396
30.039322,capture-walk,122.091997,122.056496,44,0,-644.829,1114.414,90.000,83.396
30.055922,capture-walk,16.599603,16.666800,44,1,-644.657,1115.904,90.000,83.396
30.176998,capture-walk,121.077098,120.783897,45,0,-643.407,1126.703,90.000,83.396
30.193382,capture-turn,16.383201,16.666800,45,0,-643.234,1128.193,90.000,83.396
30.210022,capture-turn,16.639099,16.666702,45,0,-643.271,1129.770,94.640,83.693
30.226721,capture-turn,16.698003,16.666800,45,0,-643.498,1131.430,100.509,83.990
30.243364,capture-turn,16.643498,16.666800,45,0,-643.897,1133.171,107.194,84.287
30.260080,capture-turn,16.716201,16.666800,45,0,-644.455,1134.995,114.425,84.584
30.276863,capture-turn,16.783200,16.666698,45,0,-645.163,1136.901,122.023,84.881
30.293398,capture-turn,16.535699,16.666800,45,0,-646.010,1138.893,129.871,85.177
30.310085,capture-turn,16.687799,16.666800,45,1,-646.941,1140.863,130.731,85.474
30.431931,capture-turn,121.845599,121.585503,46,0,-655.292,1154.383,130.731,87.640
30.448338,capture-turn,16.407803,16.666800,46,1,-656.513,1156.187,130.731,87.937
30.561628,capture-turn,113.290999,113.304100,47,0,-665.294,1168.116,130.731,89.955
30.578354,capture-turn,16.725499,16.666800,47,1,-666.619,1169.845,130.731,90.252
30.693798,capture-turn,115.443699,115.251602,48,0,-676.119,1181.539,130.731,92.305
30.710281,capture-turn,16.484201,16.666698,48,1,-677.519,1183.209,130.731,92.602
30.826958,capture-turn,116.675399,116.705803,49,0,-687.631,1194.633,130.731,94.681
30.843637,capture-turn,16.680103,16.666698,49,1,-689.100,1196.243,130.731,94.978
30.958570,capture-turn,114.932399,114.747803,50,0,-699.498,1207.055,130.731,97.021
30.974949,capture-turn,16.378600,16.666800,50,1,-701.032,1208.603,130.731,97.318
31.089657,capture-turn,114.708599,114.486397,51,0,-711.840,1218.956,130.731,99.358
31.106152,capture-turn,16.495202,16.666800,51,1,-713.435,1220.440,130.731,99.655
31.220018,capture-turn,113.866098,113.577393,52,0,-724.567,1230.266,130.731,101.678
31.236376,capture-turn,16.356599,16.666800,52,1,-726.221,1231.683,130.731,101.974
31.349808,capture-turn,113.431003,113.415298,53,0,-737.725,1241.037,130.731,103.995
31.366451,capture-turn,16.642697,16.667999,53,1,-739.436,1242.387,130.731,104.292
31.482706,capture-turn,116.255403,115.956703,54,0,-751.577,1251.463,130.731,106.357
31.499092,capture-turn,16.386598,16.666800,54,1,-753.341,1252.742,130.731,106.654
31.612299,capture-turn,113.207500,113.124901,55,0,-765.538,1261.106,130.731,108.669
31.628941,capture-turn,16.641602,16.666698,55,1,-767.352,1262.312,130.731,108.966
31.743195,capture-turn,114.254497,113.820404,56,0,-779.955,1270.223,130.731,110.993
31.759396,capture-turn,16.201500,16.666800,56,1,-781.817,1271.354,130.731,111.290
31.874695,capture-turn,115.299001,115.309998,57,0,-794.899,1278.843,130.731,113.344
31.891336,capture-turn,16.641501,16.666698,57,1,-796.806,1279.897,130.731,113.641
32.005661,capture-turn,114.324700,114.051903,58,0,-810.038,1286.770,130.731,115.673
32.022137,capture-turn,16.477197,16.666800,58,1,-811.986,1287.746,130.731,115.969
32.135929,capture-turn,113.792002,113.825905,59,0,-825.459,1294.062,130.731,117.997
32.152561,capture-turn,16.630501,16.666698,59,1,-827.445,1294.958,130.731,118.294
32.265846,capture-turn,113.284498,113.046898,60,0,-841.069,1300.684,130.731,120.307
32.282295,capture-turn,16.450301,16.666698,60,1,-843.090,1301.499,130.731,120.604
32.395012,capture-turn,112.716701,112.667595,61,0,-856.888,1306.653,130.731,122.611
32.411690,capture-turn,16.678598,16.666800,61,1,-858.940,1307.386,130.731,122.908
32.533817,capture-turn,122.128099,121.759598,62,0,-874.067,1312.339,130.731,125.077
32.550346,capture-turn,16.528301,16.666698,62,1,-876.148,1312.985,130.731,125.374
32.664452,capture-turn,114.105899,114.363106,63,0,-890.538,1317.040,130.731,127.411
32.681152,capture-turn,16.699903,16.666698,63,1,-892.644,1317.599,130.731,127.708
32.795975,capture-turn,114.824098,114.627098,64,0,-907.222,1321.067,130.731,129.750
32.812359,capture-turn,16.382802,16.666800,64,1,-909.349,1321.540,130.731,130.046
32.925560,capture-turn,113.200799,113.154396,65,0,-923.867,1324.374,130.731,132.062
32.942188,capture-turn,16.628999,16.666702,65,1,-926.012,1324.760,130.731,132.359
33.057537,capture-turn,115.349103,115.092903,66,0,-940.884,1327.041,130.731,134.409
33.073971,capture-turn,16.431898,16.666698,66,1,-943.042,1327.339,130.731,134.706
33.186962,capture-turn,112.991001,112.976295,67,0,-957.720,1328.983,130.731,136.718
33.203625,capture-turn,16.661100,16.666803,67,1,-959.889,1329.193,130.731,137.015
33.317802,capture-turn,114.177298,113.940796,68,0,-974.746,1330.250,130.731,139.045
33.334240,capture-turn,16.437102,16.666698,68,1,-976.922,1330.373,130.731,139.342
33.447945,capture-turn,113.705900,113.663506,69,0,-991.774,1330.825,130.731,141.366
33.464481,capture-turn,16.538400,16.666800,69,1,-993.953,1330.860,130.731,141.663
33.579185,capture-turn,114.702299,114.309196,70,0,-1008.895,1330.708,130.731,143.699
33.595722,capture-turn,16.535401,16.666800,70,1,-1011.074,1330.654,130.731,143.996
33.710270,capture-turn,114.549298,114.680702,71,0,-1026.046,1329.892,130.731,146.039
33.726830,capture-turn,16.560599,16.666698,71,1,-1028.220,1329.749,130.731,146.336
33.843388,capture-turn,116.559301,116.229698,72,0,-1043.351,1328.356,130.731,148.406
33.859722,capture-turn,16.335100,16.666800,72,1,-1045.517,1328.124,130.731,148.703
33.973442,capture-turn,113.720901,113.631699,73,0,-1060.242,1326.157,130.731,150.727
33.990032,capture-turn,16.589198,16.666800,73,1,-1062.397,1325.837,130.731,151.024
34.105022,capture-turn,114.991300,114.758507,74,0,-1077.174,1323.247,130.731,153.068
34.121471,capture-turn,16.448900,16.666698,74,1,-1079.314,1322.839,130.731,153.365
34.236053,capture-turn,114.583701,114.532097,75,0,-1093.944,1319.654,130.731,155.405
34.252678,capture-sweep,16.626000,16.666698,75,0,-1096.066,1319.160,130.731,155.702
34.269287,capture-sweep,16.608600,16.666702,75,0,-1097.379,1318.854,80.869,156.593
34.285984,capture-sweep,16.696200,16.666698,75,0,-1098.098,1318.686,44.304,157.483
34.302654,capture-sweep,16.670201,16.666800,75,0,-1098.382,1318.620,17.489,158.374
34.319305,capture-sweep,16.649701,16.666698,75,0,-1098.382,1318.620,0.000,159.264
34.335907,capture-sweep,16.603097,16.666800,75,0,-1098.382,1318.620,0.000,160.155
34.352619,capture-sweep,16.713902,16.666800,75,0,-1098.382,1318.620,0.000,161.046
34.369526,capture-sweep,16.908098,16.666800,75,1,-1098.382,1318.620,0.000,161.936
34.483891,capture-sweep,114.363603,114.614609,76,0,-1098.382,1318.620,0.000,168.061
34.500565,capture-sweep,16.672499,16.666800,76,1,-1098.382,1318.620,0.000,168.952
34.616512,capture-sweep,115.947399,115.950005,77,0,-1098.382,1318.620,0.000,175.148
34.633438,capture-sweep,16.926900,16.666800,77,1,-1098.382,1318.620,0.000,176.038
34.748863,capture-sweep,115.426298,115.630196,78,0,-1098.382,1318.620,0.000,182.217
34.765469,capture-sweep,16.606100,16.666800,78,1,-1098.382,1318.620,0.000,183.108
34.882824,capture-sweep,117.354203,117.361900,79,0,-1098.382,1318.620,0.000,189.380
34.899704,capture-sweep,16.878698,16.666698,79,1,-1098.382,1318.620,0.000,190.270
35.013298,capture-sweep,113.594100,113.743393,80,0,-1098.382,1318.620,0.000,196.348
35.029919,capture-sweep,16.619600,16.666698,80,1,-1098.382,1318.620,0.000,197.239
35.147461,capture-sweep,117.543299,117.536705,81,0,-1098.382,1318.620,0.000,203.520
35.164375,capture-sweep,16.913000,16.666800,81,1,-1098.382,1318.620,0.000,204.410
35.278576,capture-sweep,114.202101,114.430099,82,0,-1098.382,1318.620,0.000,210.525
35.295193,capture-sweep,16.617201,16.666702,82,1,-1098.382,1318.620,0.000,211.416
35.409771,capture-sweep,114.579499,114.499596,83,0,-1098.382,1318.620,0.000,217.534
35.426613,capture-sweep,16.842902,16.666698,83,1,-1098.382,1318.620,0.000,218.425
35.542454,capture-sweep,115.841597,116.117699,84,0,-1098.382,1318.620,0.000,224.630
35.559155,capture-sweep,16.701002,16.666698,84,1,-1098.382,1318.620,0.000,225.521
35.674053,capture-sweep,114.896901,114.882797,85,0,-1098.382,1318.620,0.000,231.660
35.691017,capture-sweep,16.964898,16.666698,85,1,-1098.382,1318.620,0.000,232.550
35.808090,capture-sweep,117.072500,117.392799,86,0,-1098.382,1318.620,0.000,238.824
35.824760,capture-sweep,16.668599,16.666698,86,1,-1098.382,1318.620,0.000,239.714
35.942726,capture-sweep,117.966201,117.680199,87,0,-1098.382,1318.620,0.000,246.003
35.959152,capture-sweep,16.427699,16.666698,87,1,-1098.382,1318.620,0.000,246.893
36.076809,capture-sweep,117.658000,117.562103,88,0,-1098.382,1318.620,0.000,253.176
36.093365,capture-sweep,16.554199,16.666702,88,1,-1098.382,1318.620,0.000,254.066
36.211578,capture-sweep,118.212700,117.925598,89,0,-1098.382,1318.620,0.000,260.368
36.227951,capture-sweep,16.371503,16.666800,89,1,-1098.382,1318.620,0.000,261.259
36.344891,capture-sweep,116.940897,116.906998,90,0,-1098.382,1318.620,0.000,267.506
36.361523,capture-sweep,16.632300,16.673100,90,1,-1098.382,1318.620,0.000,268.397
36.483578,capture-sweep,122.054700,121.791901,91,0,-1098.382,1318.620,0.000,274.905
36.499958,capture-sweep,16.380902,16.666698,91,1,-1098.382,1318.620,0.000,275.796
36.618587,capture-sweep,118.631098,118.620201,92,0,-1098.382,1318.620,0.000,282.134
36.635307,capture-sweep,16.718302,16.666800,92,1,-1098.382,1318.620,0.000,283.025
36.757668,capture-sweep,122.359101,122.128304,93,0,-1098.382,1318.620,0.000,289.551
36.774055,capture-sweep,16.388196,16.666698,93,1,-1098.382,1318.620,0.000,290.442
36.895218,capture-sweep,121.161103,120.984894,94,0,-1098.382,1318.620,0.000,296.907
36.911900,capture-sweep,16.679998,16.666698,94,1,-1098.382,1318.620,0.000,297.798
37.042171,capture-sweep,130.273599,129.948196,95,1,-1098.382,1318.620,0.000,304.742
37.168549,capture-sweep,126.378499,126.684990,96,1,-1098.382,1318.620,0.000,311.511
37.301651,capture-sweep,133.103102,132.939987,97,1,-1098.382,1318.620,0.000,318.615
37.428520,capture-sweep,126.870498,127.099991,98,1,-1098.382,1318.620,0.000,325.407
37.555183,capture-sweep,126.661602,126.299095,99,1,-1098.382,1318.620,0.000,332.156
37.679222,capture-sweep,124.040000,124.383598,100,0,-1098.382,1318.620,0.000,338.803
37.695797,capture-sweep,16.574100,16.666800,100,1,-1098.382,1318.620,0.000,339.694
37.820370,capture-sweep,124.573100,124.324997,101,0,-1098.382,1318.620,0.000,346.337
37.836868,capture-sweep,16.498897,16.666800,101,1,-1098.382,1318.620,0.000,347.228
37.958557,capture-sweep,121.688601,121.768105,102,0,-1098.382,1318.620,0.000,353.735
37.975201,capture-sweep,16.643099,16.666698,102,1,-1098.382,1318.620,0.000,354.626
38.103462,capture-sweep,128.262300,127.884506,103,1,-1098.382,1318.620,0.000,1.460
38.229870,capture-sweep,126.407400,126.696411,104,1,-1098.382,1318.620,0.000,8.230
38.353447,capture-sweep,123.578101,123.422897,105,0,-1098.382,1318.620,0.000,14.825
38.369884,capture-sweep,16.437799,16.668201,105,1,-1098.382,1318.620,0.000,15.716
38.496815,capture-sweep,126.932103,126.780403,106,1,-1098.382,1318.620,0.000,22.491
38.621742,capture-sweep,124.927897,124.674095,107,0,-1098.382,1318.620,0.000,29.153
38.638065,capture-sweep,16.322803,16.666800,107,1,-1098.382,1318.620,0.000,30.044
38.769299,capture-sweep,131.231397,131.281403,108,1,-1098.382,1318.620,0.000,37.059
38.896645,capture-sweep,127.344903,126.955811,109,1,-1098.382,1318.620,0.000,43.843
39.023067,capture-sweep,126.422599,126.841797,110,1,-1098.382,1318.620,0.000,50.621
39.146957,capture-sweep,123.891398,123.488304,111,0,-1098.382,1318.620,0.000,57.220
39.163235,capture-sweep,16.279001,16.666800,111,1,-1098.382,1318.620,0.000,58.111
39.285686,capture-sweep,122.451402,122.445000,112,0,-1098.382,1318.620,0.000,64.654
39.302341,capture-sweep,16.655099,16.666698,112,1,-1098.382,1318.620,0.000,65.545
39.428917,capture-sweep,126.574401,126.350403,113,1,-1098.382,1318.620,0.000,72.297
39.553234,capture-sweep,124.315698,124.504105,114,0,-1098.382,1318.620,0.000,78.950
39.570007,capture-sweep,16.773302,16.666800,114,1,-1098.382,1318.620,0.000,79.840
39.699825,capture-sweep,129.819598,129.706299,115,1,-1098.382,1318.620,0.000,86.772
39.826908,capture-sweep,127.082400,127.157898,116,1,-1098.382,1318.620,0.000,93.567
39.952351,capture-sweep,125.443600,125.301094,117,1,-1098.382,1318.620,0.000,100.262
40.075687,capture-sweep,123.336099,123.685997,118,0,-1098.382,1318.620,0.000,106.872
40.092388,capture-sweep,16.700003,16.666698,118,1,-1098.382,1318.620,0.000,107.762
40.216869,capture-sweep,124.482300,124.126503,119,0,-1098.382,1318.620,0.000,114.395
40.233349,capture-sweep,16.478799,16.681299,119,1,-1098.382,1318.620,0.000,115.287
40.360172,capture-sweep,126.824200,127.024399,120,1,-1098.382,1318.620,0.000,122.075
