frame,seconds,pass,x,y,z,speed,yaw,view_yaw,left_toe_x,left_toe_y,left_toe_z,right_toe_x,right_toe_y,right_toe_z,walk_weight,gait_rate,left_hand_x,left_hand_y,left_hand_z,right_hand_x,right_hand_y,right_hand_z,walk_phase,gather_weight,gather_phase,gather_starts,forage_x,forage_y,water_weight,water_phase,water_starts,tool_visible,tool_x,tool_y,tool_z,can_pitch,water_stock,plot_moisture,tool_scale,tool_radius,plot_weeds,clear_weight,clear_phase,clear_starts,hatchet_visible,hatchet_pitch,hatchet_scale,hatchet_radius,hatchet_x,hatchet_y,hatchet_z,branch_stock,fiber_stock,resource_cleared,energy
0,0.1310,close-notes,-1000.000,0.000,88.150,0.000,0.000,15.000,-987.007,-7.889,3.238,-985.670,9.560,3.238,0.0000,0.0000,-992.659,-21.729,83.011,-995.313,21.663,83.011,0.0000,0.0000,0.0000,0,0.000,0.000,0.0000,0.0000,0,0,-995.313,21.663,83.011,0.000,0,-1.000000,1.000,28.924,-1.000000,0.0000,0.0000,0,0,0.000,1.000,19.607,-995.313,21.663,83.011,0,0,-1,99.997867
1,0.2586,close-notes,-1000.000,0.000,88.150,0.000,0.000,15.000,-987.007,-7.889,3.238,-985.670,9.560,3.238,0.0000,0.0000,-992.589,-21.721,83.022,-995.242,21.664,83.022,0.0000,0.0000,0.0000,0,0.000,0.000,0.0000,0.0000,0,0,-995.242,21.664,83.022,0.000,0,-1.000000,1.000,28.924,-1.000000,0.0000,0.0000,0,0,0.000,1.000,19.607,-995.242,21.664,83.022,0,0,-1,99.995829
2,0.3960,close-notes,-1000.000,0.000,88.150,0.000,0.000,15.000,-987.007,-7.889,3.238,-985.670,9.560,3.238,0.0000,0.0000,-992.589,-21.721,83.022,-995.242,21.664,83.022,0.0000,0.0000,0.0000,0,0.000,0.000,0.0000,0.0000,0,0,-995.242,21.664,83.022,0.000,0,-1.000000,1.000,28.924,-1.000000,0.0000,0.0000,0,0,0.000,1.000,19.607,-995.242,21.664,83.022,0,0,-1,99.993626
3,0.5307,close-notes,-1000.000,0.000,88.150,0.000,0.000,15.000,-987.007,-7.889,3.238,-985.670,9.560,3.238,0.0000,0.0000,-992.655,-21.728,83.014,-995.308,21.663,83.014,0.0000,0.0000,0.0000,0,0.000,0.000,0.0000,0.0000,0,0,-995.308,21.663,83.014,0.000,0,-1.000000,1.000,28.924,-1.000000,0.0000,0.0000,0,0,0.000,1.000,19.607,-995.308,21.663,83.014,0,0,-1,99.991472
4,0.6716,close-notes,-1000.000,0.000,88.150,0.000,0.000,15.000,-987.007,-7.889,3.238,-985.670,9.560,3.238,0.0000,0.0000,-992.729,-21.736,83.008,-995.383,21.661,83.008,0.0000,0.0000,0.0000,0,0.000,0.000,0.0000,0.0000,0,0,-995.383,21.661,83.008,0.000,0,-1.000000,1.000,28.924,-1.000000,0.0000,0.0000,0,0,0.000,1.000,19.607,-995.383,21.661,83.008,0,0,-1,99.989216
5,0.8129,close-notes,-1000.000,0.000,88.150,0.000,0.000,15.000,-987.007,-7.889,3.238,-985.670,9.560,3.238,0.0000,0.0000,-992.803,-21.744,82.990,-995.457,21.660,82.990,0.0000,0.0000,0.0000,0,0.000,0.000,0.0000,0.0000,0,0,-995.457,21.660,82.990,0.000,0,-1.000000,1.000,28.924,-1.000000,0.0000,0.0000,0,0,0.000,1.000,19.607,-995.457,21.660,82.990,0,0,-1,99.986957
6,0.9434,close-notes,-1000.000,0.000,88.150,0.000,0.000,15.000,-987.007,-7.889,3.238,-985.670,9.560,3.238,0.0000,0.0000,-992.895,-21.753,82.977,-995.550,21.659,82.977,0.0000,0.0000,0.0000,0,0.000,0.000,0.0000,0.0000,0,0,-995.550,21.659,82.977,0.000,0,-1.000000,1.000,28.924,-1.000000,0.0000,0.0000,0,0,0.000,1.000,19.607,-995.550,21.659,82.977,0,0,-1,99.984867
7,1.1989,idle,-1000.000,0.000,88.150,0.000,0.000,15.000,-987.007,-7.889,3.238,-985.670,9.560,3.238,0.0000,0.0000,-993.069,-21.771,82.953,-995.725,21.655,82.953,0.0000,0.0000,0.0000,0,0.000,0.000,0.0000,0.0000,0,0,-995.725,21.655,82.953,0.000,0,-1.000000,1.000,28.924,-1.000000,0.0000,0.0000,0,0,0.000,1.000,19.607,-995.725,21.655,82.953,0,0,-1,99.980782
8,1.3393,idle,-1000.000,0.000,88.150,0.000,0.000,15.000,-987.007,-7.889,3.238,-985.670,9.560,3.238,0.0000,0.0000,-993.127,-21.777,82.943,-995.784,21.654,82.943,0.0000,0.0000,0.0000,0,0.000,0.000,0.0000,0.0000,0,0,-995.784,21.654,82.943,0.000,0,-1.000000,1.000,28.924,-1.000000,0.0000,0.0000,0,0,0.000,1.000,19.607,-995.784,21.654,82.943,0,0,-1,99.978532
9,1.4690,idle,-1000.000,0.000,88.150,0.000,0.000,15.000,-987.007,-7.889,3.238,-985.670,9.560,3.238,0.0000,0.0000,-993.147,-21.778,82.934,-995.804,21.653,82.934,0.0000,0.0000,0.0000,0,0.000,0.000,0.0000,0.0000,0,0,-995.804,21.653,82.934,0.000,0,-1.000000,1.000,28.924,-1.000000,0.0000,0.0000,0,0,0.000,1.000,19.607,-995.804,21.653,82.934,0,0,-1,99.976458
10,1.6020,idle,-1000.000,0.000,88.150,0.000,0.000,15.000,-987.007,-7.889,3.238,-985.670,9.560,3.238,0.0000,0.0000,-993.246,-21.789,82.929,-995.903,21.652,82.929,0.0000,0.0000,0.0000,0,0.000,0.000,0.0000,0.0000,0,0,-995.903,21.652,82.929,0.000,0,-1.000000,1.000,28.924,-1.000000,0.0000,0.0000,0,0,0.000,1.000,19.607,-995.903,21.652,82.929,0,0,-1,99.974335
11,1.7328,idle,-1000.000,0.000,88.150,0.000,0.000,15.000,-987.007,-7.889,3.238,-985.670,9.560,3.238,0.0000,0.0000,-993.246,-21.789,82.929,-995.903,21.652,82.929,0.0000,0.0000,0.0000,0,0.000,0.000,0.0000,0.0000,0,0,-995.903,21.652,82.929,0.000,0,-1.000000,1.000,28.924,-1.000000,0.0000,0.0000,0,0,0.000,1.000,19.607,-995.903,21.652,82.929,0,0,-1,99.972240
12,1.8653,idle,-1000.000,0.000,88.150,0.000,0.000,15.000,-987.007,-7.889,3.238,-985.670,9.560,3.238,0.0000,0.0000,-993.263,-21.791,82.927,-995.921,21.651,82.927,0.0000,0.0000,0.0000,0,0.000,0.000,0.0000,0.0000,0,0,-995.921,21.651,82.927,0.000,0,-1.000000,1.000,28.924,-1.000000,0.0000,0.0000,0,0,0.000,1.000,19.607,-995.921,21.651,82.927,0,0,-1,99.970122
13,1.9923,idle,-1000.000,0.000,88.150,0.000,0.000,15.000,-987.007,-7.889,3.238,-985.670,9.560,3.238,0.0000,0.0000,-993.263,-21.791,82.927,-995.921,21.651,82.927,0.0000,0.0000,0.0000,0,0.000,0.000,0.0000,0.0000,0,0,-995.921,21.651,82.927,0.000,0,-1.000000,1.000,28.924,-1.000000,0.0000,0.0000,0,0,0.000,1.000,19.607,-995.921,21.651,82.927,0,0,-1,99.968085
14,2.1212,idle,-1000.000,0.000,88.150,0.000,0.000,15.000,-987.007,-7.889,3.238,-985.670,9.560,3.238,0.0000,0.0000,-993.220,-21.787,82.933,-995.876,21.652,82.933,0.0000,0.0000,0.0000,0,0.000,0.000,0.0000,0.0000,0,0,-995.876,21.652,82.933,0.000,0,-1.000000,1.000,28.924,-1.000000,0.0000,0.0000,0,0,0.000,1.000,19.607,-995.876,21.652,82.933,0,0,-1,99.966031
15,2.2480,idle,-1000.000,0.000,88.150,0.000,0.000,15.000,-987.007,-7.889,3.238,-985.670,9.560,3.238,0.0000,0.0000,-993.094,-21.774,82.949,-995.750,21.655,82.949,0.0000,0.0000,0.0000,0,0.000,0.000,0.0000,0.0000,0,0,-995.750,21.655,82.949,0.000,0,-1.000000,1.000,28.924,-1.000000,0.0000,0.0000,0,0,0.000,1.000,19.607,-995.750,21.655,82.949,0,0,-1,99.963994
16,2.3835,idle,-1000.000,0.000,88.150,0.000,0.000,15.000,-987.007,-7.889,3.238,-985.670,9.560,3.238,0.0000,0.0000,-993.008,-21.765,82.961,-995.663,21.657,82.961,0.0000,0.0000,0.0000,0,0.000,0.000,0.0000,0.0000,0,0,-995.663,21.657,82.961,0.000,0,-1.000000,1.000,28.924,-1.000000,0.0000,0.0000,0,0,0.000,1.000,19.607,-995.663,21.657,82.961,0,0,-1,99.961830
17,2.5115,idle,-1000.000,0.000,88.150,0.000,0.000,15.000,-987.007,-7.889,3.238,-985.670,9.560,3.238,0.0000,0.0000,-992.920,-21.756,82.974,-995.574,21.658,82.974,0.0000,0.0000,0.0000,0,0.000,0.000,0.0000,0.0000,0,0,-995.574,21.658,82.974,0.000,0,-1.000000,1.000,28.924,-1.000000,0.0000,0.0000,0,0,0.000,1.000,19.607,-995.574,21.658,82.974,0,0,-1,99.959780
18,2.6479,idle,-1000.000,0.000,88.150,0.000,0.000,15.000,-987.007,-7.889,3.238,-985.670,9.560,3.238,0.0000,0.0000,-992.821,-21.746,82.988,-995.475,21.660,82.988,0.0000,0.0000,0.0000,0,0.000,0.000,0.0000,0.0000,0,0,-995.475,21.660,82.988,0.000,0,-1.000000,1.000,28.924,-1.000000,0.0000,0.0000,0,0,0.000,1.000,19.607,-995.475,21.660,82.988,0,0,-1,99.957600
19,2.7779,idle,-1000.000,0.000,88.150,0.000,0.000,15.000,-987.007,-7.889,3.238,-985.670,9.560,3.238,0.0000,0.0000,-992.745,-21.738,82.999,-995.399,21.662,82.999,0.0000,0.0000,0.0000,0,0.000,0.000,0.0000,0.0000,0,0,-995.399,21.662,82.999,0.000,0,-1.000000,1.000,28.924,-1.000000,0.0000,0.0000,0,0,0.000,1.000,19.607,-995.399,21.662,82.999,0,0,-1,99.955516
20,2.9111,idle,-1000.000,0.000,88.150,0.000,0.000,15.000,-987.007,-7.889,3.238,-985.670,9.560,3.238,0.0000,0.0000,-992.665,-21.729,83.011,-995.318,21.663,83.011,0.0000,0.0000,0.0000,0,0.000,0.000,0.0000,0.0000,0,0,-995.318,21.663,83.011,0.000,0,-1.000000,1.000,28.924,-1.000000,0.0000,0.0000,0,0,0.000,1.000,19.607,-995.318,21.663,83.011,0,0,-1,99.953389
21,3.0405,idle,-1000.000,0.000,88.150,0.000,0.000,15.000,-987.007,-7.889,3.238,-985.670,9.560,3.238,0.0000,0.0000,-992.659,-21.729,83.011,-995.313,21.663,83.011,0.0000,0.0000,0.0000,0,0.000,0.000,0.0000,0.0000,0,0,-995.313,21.663,83.011,0.000,0,-1.000000,1.000,28.924,-1.000000,0.0000,0.0000,0,0,0.000,1.000,19.607,-995.313,21.663,83.011,0,0,-1,99.951314
22,3.1795,idle,-1000.000,0.000,88.150,0.000,0.000,15.000,-987.007,-7.889,3.238,-985.670,9.560,3.238,0.0000,0.0000,-992.659,-21.729,83.011,-995.313,21.663,83.011,0.0000,0.0000,0.0000,0,0.000,0.000,0.0000,0.0000,0,0,-995.313,21.663,83.011,0.000,0,-1.000000,1.000,28.924,-1.000000,0.0000,0.0000,0,0,0.000,1.000,19.607,-995.313,21.663,83.011,0,0,-1,99.949093
23,3.3311,idle,-1000.000,0.000,88.150,0.000,0.000,15.000,-987.007,-7.889,3.238,-985.670,9.560,3.238,0.0000,0.0000,-992.589,-21.721,83.022,-995.242,21.664,83.022,0.0000,0.0000,0.0000,0,0.000,0.000,0.0000,0.0000,0,0,-995.242,21.664,83.022,0.000,0,-1.000000,1.000,28.924,-1.000000,0.0000,0.0000,0,0,0.000,1.000,19.607,-995.242,21.664,83.022,0,0,-1,99.946666
24,3.4730,idle,-1000.000,0.000,88.150,0.000,0.000,15.000,-987.007,-7.889,3.238,-985.670,9.560,3.238,0.0000,0.0000,-992.624,-21.725,83.017,-995.277,21.664,83.017,0.0000,0.0000,0.0000,0,0.000,0.000,0.0000,0.0000,0,0,-995.277,21.664,83.017,0.000,0,-1.000000,1.000,28.924,-1.000000,0.0000,0.0000,0,0,0.000,1.000,19.607,-995.277,21.664,83.017,0,0,-1,99.944399
25,3.6140,idle,-1000.000,0.000,88.150,0.000,0.000,15.000,-987.007,-7.889,3.238,-985.670,9.560,3.238,0.0000,0.0000,-992.699,-21.733,83.010,-995.352,21.662,83.010,0.0000,0.0000,0.0000,0,0.000,0.000,0.0000,0.0000,0,0,-995.352,21.662,83.010,0.000,0,-1.000000,1.000,28.924,-1.000000,0.0000,0.0000,0,0,0.000,1.000,19.607,-995.352,21.662,83.010,0,0,-1,99.942140
26,3.7540,idle,-1000.000,0.000,88.150,0.000,0.000,15.000,-987.007,-7.889,3.238,-985.670,9.560,3.238,0.0000,0.0000,-992.761,-21.739,82.996,-995.415,21.661,82.996,0.0000,0.0000,0.0000,0,0.000,0.000,0.0000,0.0000,0,0,-995.415,21.661,82.996,0.000,0,-1.000000,1.000,28.924,-1.000000,0.0000,0.0000,0,0,0.000,1.000,19.607,-995.415,21.661,82.996,0,0,-1,99.939903
27,3.8954,idle,-1000.000,0.000,88.150,0.000,0.000,15.000,-987.007,-7.889,3.238,-985.670,9.560,3.238,0.0000,0.0000,-992.861,-21.750,82.982,-995.516,21.659,82.982,0.0000,0.0000,0.0000,0,0.000,0.000,0.0000,0.0000,0,0,-995.516,21.659,82.982,0.000,0,-1.000000,1.000,28.924,-1.000000,0.0000,0.0000,0,0,0.000,1.000,19.607,-995.516,21.659,82.982,0,0,-1,99.937635
28,4.0436,idle,-1000.000,0.000,88.150,0.000,0.000,15.000,-987.007,-7.889,3.238,-985.670,9.560,3.238,0.0000,0.0000,-992.960,-21.760,82.968,-995.615,21.658,82.968,0.0000,0.0000,0.0000,0,0.000,0.000,0.0000,0.0000,0,0,-995.615,21.658,82.968,0.000,0,-1.000000,1.000,28.924,-1.000000,0.0000,0.0000,0,0,0.000,1.000,19.607,-995.615,21.658,82.968,0,0,-1,99.935269
29,4.1797,idle,-1000.000,0.000,88.150,0.000,0.000,15.000,-987.007,-7.889,3.238,-985.670,9.560,3.238,0.0000,0.0000,-993.056,-21.770,82.955,-995.711,21.656,82.955,0.0000,0.0000,0.0000,0,0.000,0.000,0.0000,0.0000,0,0,-995.711,21.656,82.955,0.000,0,-1.000000,1.000,28.924,-1.000000,0.0000,0.0000,0,0,0.000,1.000,19.607,-995.711,21.656,82.955,0,0,-1,99.933087
30,4.3175,slow-walk,-1000.000,0.000,88.150,0.000,0.000,15.000,-987.007,-7.889,3.238,-985.670,9.560,3.238,0.0000,0.0000,-993.124,-21.777,82.944,-995.781,21.654,82.944,0.0000,0.0000,0.0000,0,0.000,0.000,0.0000,0.0000,0,0,-995.781,21.654,82.944,0.000,0,-1.000000,1.000,28.924,-1.000000,0.0000,0.0000,0,0,0.000,1.000,19.607,-995.781,21.654,82.944,0,0,-1,99.930887
31,4.4593,slow-walk,-996.590,0.914,88.150,37.277,15.000,15.000,-964.278,2.582,2.270,-1005.731,7.091,2.424,0.7100,0.3106,-986.625,-19.038,78.711,-995.659,23.819,79.134,0.0441,0.0000,0.0000,0,0.000,0.000,0.0000,0.0000,0,0,-995.659,23.819,79.134,0.000,0,-1.000000,1.000,28.924,-1.000000,0.0000,0.0000,0,0,0.000,1.000,19.607,-995.659,23.819,79.134,0,0,-1,99.928614
32,4.5981,slow-walk,-988.615,3.051,88.150,67.500,15.000,15.000,-958.316,4.013,3.211,-998.306,8.906,7.304,1.0000,0.5625,-984.670,-19.413,78.242,-981.573,27.264,79.687,0.1221,0.0000,0.0000,0,0.000,0.000,0.0000,0.0000,0,0,-981.573,27.264,79.687,0.000,0,-1.000000,1.000,28.924,-1.000000,0.0000,0.0000,0,0,0.000,1.000,19.607,-981.573,27.264,79.687,0,0,-1,99.926397
33,4.7365,slow-walk,-979.577,5.472,88.150,67.500,15.000,15.000,-958.075,3.423,3.119,-977.784,15.142,10.836,1.0000,0.5625,-978.699,-18.280,79.679,-969.624,30.169,81.527,0.2000,0.0000,0.0000,0,0.000,0.000,0.0000,0.0000,0,0,-969.624,30.169,81.527,0.000,0,-1.000000,1.000,28.924,-1.000000,0.0000,0.0000,0,0,0.000,1.000,19.607,-969.624,30.169,81.527,0,0,-1,99.924179
34,4.8831,slow-walk,-970.036,8.029,88.150,67.500,15.000,15.000,-957.934,2.893,3.328,-954.410,22.346,11.491,1.0000,0.5625,-969.381,-15.822,80.072,-959.819,32.812,81.970,0.2823,0.0000,0.0000,0,0.000,0.000,0.0000,0.0000,0,0,-959.819,32.812,81.970,0.000,0,-1.000000,1.000,28.924,-1.000000,0.0000,0.0000,0,0,0.000,1.000,19.607,-959.819,32.812,81.970,0,0,-1,99.921838
35,5.0213,slow-walk,-961.010,10.447,88.150,67.500,15.000,15.000,-957.806,2.256,3.245,-933.091,28.792,8.278,1.0000,0.5625,-957.848,-12.461,78.654,-953.047,34.724,80.246,0.3602,0.0000,0.0000,0,0.000,0.000,0.0000,0.0000,0,0,-953.047,34.724,80.246,0.000,0,-1.000000,1.000,28.924,-1.000000,0.0000,0.0000,0,0,0.000,1.000,19.607,-953.047,34.724,80.246,0,0,-1,99.919623
36,5.1619,slow-walk,-951.856,12.900,88.150,67.500,15.000,15.000,-957.658,1.899,3.280,-915.525,34.295,4.482,1.0000,0.5625,-944.018,-7.806,77.197,-948.657,36.447,78.024,0.4392,0.0000,0.0000,0,0.000,0.000,0.0000,0.0000,0,0,-948.657,36.447,78.024,0.000,0,-1.000000,1.000,28.924,-1.000000,0.0000,0.0000,0,0,0.000,1.000,19.607,-948.657,36.447,78.024,0,0,-1,99.917377
37,5.3043,slow-walk,-942.559,15.391,88.150,67.500,15.000,15.000,-955.094,2.238,3.346,-906.158,36.869,3.180,1.0000,0.5625,-928.799,-2.603,77.143,-945.604,37.625,76.863,0.5194,0.0000,0.0000,0,0.000,0.000,0.0000,0.0000,0,0,-945.604,37.625,76.863,0.000,0,-1.000000,1.000,28.924,-1.000000,0.0000,0.0000,0,0,0.000,1.000,19.607,-945.604,37.625,76.863,0,0,-1,99.915095
38,5.4457,slow-walk,-933.350,17.859,88.150,67.500,15.000,15.000,-940.340,6.652,5.901,-906.013,36.428,3.032,1.0000,0.5625,-914.525,2.350,78.815,-942.408,38.726,77.560,0.5988,0.0000,0.0000,0,0.000,0.000,0.0000,0.0000,0,0,-942.408,38.726,77.560,0.000,0,-1.000000,1.000,28.924,-1.000000,0.0000,0.0000,0,0,0.000,1.000,19.607,-942.408,38.726,77.560,0,0,-1,99.912835
39,5.5852,slow-walk,-924.244,20.299,88.150,67.500,15.000,15.000,-920.536,12.516,9.737,-905.804,35.739,2.918,1.0000,0.5625,-902.055,6.313,80.950,-937.163,40.051,79.083,0.6774,0.0000,0.0000,0,0.000,0.000,0.0000,0.0000,0,0,-937.163,40.051,79.083,0.000,0,-1.000000,1.000,28.924,-1.000000,0.0000,0.0000,0,0,0.000,1.000,19.607,-937.163,40.051,79.083,0,0,-1,99.910601
40,5.7253,slow-walk,-915.119,22.744,88.150,67.500,15.000,15.000,-898.339,19.220,11.718,-905.626,35.051,3.249,1.0000,0.5625,-891.891,9.157,82.150,-929.260,42.040,80.124,0.7561,0.0000,0.0000,0,0.000,0.000,0.0000,0.0000,0,0,-929.260,42.040,80.124,0.000,0,-1.000000,1.000,28.924,-1.000000,0.0000,0.0000,0,0,0.000,1.000,19.607,-929.260,42.040,80.124,0,0,-1,99.908362
41,5.8660,slow-walk,-905.935,25.205,88.150,67.500,15.000,15.000,-876.238,26.125,9.339,-905.486,34.622,3.075,1.0000,0.5625,-884.110,11.043,80.808,-918.436,45.063,79.010,0.8354,0.0000,0.0000,0,0.000,0.000,0.0000,0.0000,0,0,-918.436,45.063,79.010,0.000,0,-1.000000,1.000,28.924,-1.000000,0.0000,0.0000,0,0,0.000,1.000,19.607,-918.436,45.063,79.010,0,0,-1,99.906108
42,6.0032,slow-walk,-897.005,27.598,88.150,67.500,15.000,15.000,-857.592,31.732,5.361,-905.294,34.054,3.050,1.0000,0.5625,-878.730,11.628,78.566,-905.212,48.511,77.420,0.9124,0.0000,0.0000,0,0.000,0.000,0.0000,0.0000,0,0,-905.212,48.511,77.420,0.000,0,-1.000000,1.000,28.924,-1.000000,0.0000,0.0000,0,0,0.000,1.000,19.607,-905.212,48.511,77.420,0,0,-1,99.903916
43,6.1401,slow-walk,-888.064,29.993,88.150,67.500,15.000,15.000,-843.901,35.601,3.341,-905.086,33.441,3.217,1.0000,0.5625,-874.930,11.541,77.070,-890.396,52.230,76.916,0.9895,0.0000,0.0000,0,0.000,0.000,0.0000,0.0000,0,0,-890.396,52.230,76.916,0.000,0,-1.000000,1.000,28.924,-1.000000,0.0000,0.0000,0,0,0.000,1.000,19.607,-890.396,52.230,76.916,0,0,-1,99.901722
44,6.2772,slow-walk,-879.143,32.384,88.150,67.500,15.000,15.000,-842.500,35.464,3.184,-894.614,36.322,4.582,1.0000,0.5625,-871.656,11.419,77.161,-875.503,55.920,78.061,0.0665,0.0000,0.0000,0,0.000,0.000,0.0000,0.0000,0,0,-875.503,55.920,78.061,0.000,0,-1.000000,1.000,28.924,-1.000000,0.0000,0.0000,0,0,0.000,1.000,19.607,-875.503,55.920,78.061,0,0,-1,99.899533
45,6.4158,slow-walk,-870.082,34.811,88.150,67.500,15.000,15.000,-842.376,34.914,3.335,-876.676,41.724,8.606,1.0000,0.5625,-867.212,11.893,78.858,-861.928,59.226,80.487,0.1447,0.0000,0.0000,0,0.000,0.000,0.0000,0.0000,0,0,-861.928,59.226,80.487,0.000,0,-1.000000,1.000,28.924,-1.000000,0.0000,0.0000,0,0,0.000,1.000,19.607,-861.928,59.226,80.487,0,0,-1,99.897310
46,6.5581,slow-walk,-860.824,37.292,88.150,67.500,15.000,15.000,-842.188,34.369,3.292,-854.912,48.383,11.544,1.0000,0.5625,-860.262,13.424,80.090,-850.536,62.097,81.998,0.2246,0.0000,0.0000,0,0.000,0.000,0.0000,0.0000,0,0,-850.536,62.097,81.998,0.000,0,-1.000000,1.000,28.924,-1.000000,0.0000,0.0000,0,0,0.000,1.000,19.607,-850.536,62.097,81.998,0,0,-1,99.895038
47,6.6962,slow-walk,-851.804,39.709,88.150,67.500,15.000,15.000,-841.964,33.795,3.132,-832.754,55.178,10.763,1.0000,0.5625,-850.850,16.002,79.661,-841.910,64.414,81.507,0.3024,0.0000,0.0000,0,0.000,0.000,0.0000,0.0000,0,0,-841.910,64.414,81.507,0.000,0,-1.000000,1.000,28.924,-1.000000,0.0000,0.0000,0,0,0.000,1.000,19.607,-841.910,64.414,81.507,0,0,-1,99.892824
48,6.8435,slow-walk,-842.216,42.278,88.150,67.500,15.000,15.000,-841.764,33.077,3.312,-811.170,61.576,7.022,1.0000,0.5625,-837.797,19.846,78.191,-835.525,66.268,79.579,0.3851,0.0000,0.0000,0,0.000,0.000,0.0000,0.0000,0,0,-835.525,66.268,79.579,0.000,0,-1.000000,1.000,28.924,-1.000000,0.0000,0.0000,0,0,0.000,1.000,19.607,-835.525,66.268,79.579,0,0,-1,99.890471
49,6.9971,slow-walk,-832.183,44.966,88.150,67.500,15.000,15.000,-841.597,32.503,3.134,-794.049,66.676,3.419,1.0000,0.5625,-821.890,25.070,76.828,-831.317,67.763,77.229,0.4716,0.0000,0.0000,0,0.000,0.000,0.0000,0.0000,0,0,-831.317,67.763,77.229,0.000,0,-1.000000,1.000,28.924,-1.000000,0.0000,0.0000,0,0,0.000,1.000,19.607,-831.317,67.763,77.229,0,0,-1,99.888009
50,7.1389,slow-walk,-822.956,47.439,88.150,67.500,15.000,15.000,-834.032,34.537,3.919,-790.081,67.471,3.039,1.0000,0.5625,-806.952,30.211,77.555,-828.465,68.850,76.851,0.5512,0.0000,0.0000,0,0.000,0.000,0.0000,0.0000,0,0,-828.465,68.850,76.851,0.000,0,-1.000000,1.000,28.924,-1.000000,0.0000,0.0000,0,0,0.000,1.000,19.607,-828.465,68.850,76.851,0,0,-1,99.885745
51,7.2847,slow-walk,-813.444,49.988,88.150,67.500,15.000,15.000,-816.131,40.018,7.775,-789.887,67.128,3.141,1.0000,0.5625,-792.759,35.210,79.987,-824.420,70.224,78.377,0.6333,0.0000,0.0000,0,0.000,0.000,0.0000,0.0000,0,0,-824.420,70.224,78.377,0.000,0,-1.000000,1.000,28.924,-1.000000,0.0000,0.0000,0,0,0.000,1.000,19.607,-824.420,70.224,78.377,0,0,-1,99.883411
52,7.4228,slow-walk,-804.453,52.397,88.150,67.500,15.000,15.000,-795.279,46.352,11.358,-789.762,66.501,3.398,1.0000,0.5625,-781.524,38.697,82.031,-818.238,71.833,80.049,0.7109,0.0000,0.0000,0,0.000,0.000,0.0000,0.0000,0,0,-818.238,71.833,80.049,0.000,0,-1.000000,1.000,28.924,-1.000000,0.0000,0.0000,0,0,0.000,1.000,19.607,-818.238,71.833,80.049,0,0,-1,99.881204
53,7.5620,slow-walk,-795.354,54.835,88.150,67.500,15.000,15.000,-773.022,53.212,11.347,-789.560,65.970,3.371,1.0000,0.5625,-772.430,41.133,82.029,-809.133,74.273,80.048,0.7894,0.0000,0.0000,0,0.000,0.000,0.0000,0.0000,0,0,-809.133,74.273,80.048,0.000,0,-1.000000,1.000,28.924,-1.000000,0.0000,0.0000,0,0,0.000,1.000,19.607,-809.133,74.273,80.048,0,0,-1,99.878971
54,7.7145,slow-walk,-785.426,57.495,88.150,67.500,15.000,15.000,-750.138,60.152,7.484,-789.442,65.287,3.232,1.0000,0.5625,-765.153,42.412,79.830,-795.981,77.711,78.339,0.8750,0.0000,0.0000,0,0.000,0.000,0.0000,0.0000,0,0,-795.981,77.711,78.339,0.000,0,-1.000000,1.000,28.924,-1.000000,0.0000,0.0000,0,0,0.000,1.000,19.607,-795.981,77.711,78.339,0,0,-1,99.876535
55,7.8559,slow-walk,-776.188,59.970,88.150,67.500,15.000,15.000,-733.291,65.211,3.775,-789.244,64.790,3.035,1.0000,0.5625,-760.542,42.713,77.471,-781.237,81.613,76.825,0.9547,0.0000,0.0000,0,0.000,0.000,0.0000,0.0000,0,0,-781.237,81.613,76.825,0.000,0,-1.000000,1.000,28.924,-1.000000,0.0000,0.0000,0,0,0.000,1.000,19.607,-781.237,81.613,76.825,0,0,-1,99.874268
56,8.0008,slow-walk,-766.758,62.497,88.150,67.500,15.000,15.000,-726.748,66.836,3.154,-784.124,65.913,3.615,1.0000,0.5625,-757.186,42.551,76.864,-765.423,85.643,77.365,0.0361,0.0000,0.0000,0,0.000,0.000,0.0000,0.0000,0,0,-765.423,85.643,77.365,0.000,0,-1.000000,1.000,28.924,-1.000000,0.0000,0.0000,0,0,0.000,1.000,19.607,-765.423,85.643,77.365,0,0,-1,99.871954
57,8.1421,slow-walk,-757.530,64.970,88.150,67.500,15.000,15.000,-726.493,66.150,3.180,-768.059,70.504,6.960,1.0000,0.5625,-753.255,42.623,78.081,-750.832,89.091,79.465,0.1157,0.0000,0.0000,0,0.000,0.000,0.0000,0.0000,0,0,-750.832,89.091,79.465,0.000,0,-1.000000,1.000,28.924,-1.000000,0.0000,0.0000,0,0,0.000,1.000,19.607,-750.832,89.091,79.465,0,0,-1,99.869689
58,8.2775,slow-walk,-748.718,67.331,88.150,67.500,15.000,15.000,-726.249,65.619,3.109,-748.228,76.582,10.459,1.0000,0.5625,-747.600,43.694,79.542,-738.995,92.004,81.360,0.1917,0.0000,0.0000,0,0.000,0.000,0.0000,0.0000,0,0,-738.995,92.004,81.360,0.000,0,-1.000000,1.000,28.924,-1.000000,0.0000,0.0000,0,0,0.000,1.000,19.607,-738.995,92.004,81.360,0,0,-1,99.867527
59,8.4152,stop-from-slow-walk,-739.724,69.741,88.150,67.500,15.000,15.000,-726.190,65.109,3.274,-726.257,83.351,11.648,1.0000,0.5625,-739.245,45.857,80.105,-729.373,94.566,82.022,0.2693,0.0000,0.0000,0,0.000,0.000,0.0000,0.0000,0,0,-729.373,94.566,82.022,0.000,0,-1.000000,1.000,28.924,-1.000000,0.0000,0.0000,0,0,0.000,1.000,19.607,-729.373,94.566,82.022,0,0,-1,99.865320
60,8.5512,stop-from-slow-walk,-739.724,69.741,88.150,0.000,15.000,15.000,-725.474,65.360,3.051,-727.437,83.032,4.799,0.3219,0.0000,-731.046,48.863,81.650,-737.266,92.885,82.333,0.2693,0.0000,0.0000,0,0.000,0.000,0.0000,0.0000,0,0,-737.266,92.885,82.333,0.000,0,-1.000000,1.000,28.924,-1.000000,0.0000,0.0000,0,0,0.000,1.000,19.607,-737.266,92.885,82.333,0,0,-1,99.863150
61,8.7048,stop-from-slow-walk,-739.724,69.741,88.150,0.000,15.000,15.000,-725.132,65.483,3.238,-728.356,82.684,3.238,0.0000,0.0000,-727.131,50.606,82.992,-740.928,91.843,82.992,0.2693,0.0000,0.0000,0,0.000,0.000,0.0000,0.0000,0,0,-740.928,91.843,82.992,0.000,0,-1.000000,1.000,28.924,-1.000000,0.0000,0.0000,0,0,0.000,1.000,19.607,-740.928,91.843,82.992,0,0,-1,99.860685
62,8.8451,stop-from-slow-walk,-739.724,69.741,88.150,0.000,15.000,15.000,-725.132,65.483,3.238,-728.356,82.684,3.238,0.0000,0.0000,-727.052,50.636,83.005,-740.847,91.866,83.005,0.2693,0.0000,0.0000,0,0.000,0.000,0.0000,0.0000,0,0,-740.847,91.866,83.005,0.000,0,-1.000000,1.000,28.924,-1.000000,0.0000,0.0000,0,0,0.000,1.000,19.607,-740.847,91.866,83.005,0,0,-1,99.858448
63,8.9838,stop-from-slow-walk,-739.724,69.741,88.150,0.000,15.000,15.000,-725.132,65.483,3.238,-728.356,82.684,3.238,0.0000,0.0000,-727.009,50.652,83.011,-740.803,91.879,83.011,0.2693,0.0000,0.0000,0,0.000,0.000,0.0000,0.0000,0,0,-740.803,91.879,83.011,0.000,0,-1.000000,1.000,28.924,-1.000000,0.0000,0.0000,0,0,0.000,1.000,19.607,-740.803,91.879,83.011,0,0,-1,99.856220
64,9.1265,stop-from-slow-walk,-739.724,69.741,88.150,0.000,15.000,15.000,-725.132,65.483,3.238,-728.356,82.684,3.238,0.0000,0.0000,-727.009,50.652,83.011,-740.803,91.879,83.011,0.2693,0.0000,0.0000,0,0.000,0.000,0.0000,0.0000,0,0,-740.803,91.879,83.011,0.000,0,-1.000000,1.000,28.924,-1.000000,0.0000,0.0000,0,0,0.000,1.000,19.607,-740.803,91.879,83.011,0,0,-1,99.853942
65,9.2698,stop-from-slow-walk,-739.724,69.741,88.150,0.000,15.000,15.000,-725.132,65.483,3.238,-728.356,82.684,3.238,0.0000,0.0000,-726.943,50.678,83.022,-740.735,91.898,83.022,0.2693,0.0000,0.0000,0,0.000,0.000,0.0000,0.0000,0,0,-740.735,91.898,83.022,0.000,0,-1.000000,1.000,28.924,-1.000000,0.0000,0.0000,0,0,0.000,1.000,19.607,-740.735,91.898,83.022,0,0,-1,99.851645
66,9.4112,stop-from-slow-walk,-739.724,69.741,88.150,0.000,15.000,15.000,-725.132,65.483,3.238,-728.356,82.684,3.238,0.0000,0.0000,-726.943,50.678,83.022,-740.735,91.898,83.022,0.2693,0.0000,0.0000,0,0.000,0.000,0.0000,0.0000,0,0,-740.735,91.898,83.022,0.000,0,-1.000000,1.000,28.924,-1.000000,0.0000,0.0000,0,0,0.000,1.000,19.607,-740.735,91.898,83.022,0,0,-1,99.849387
67,9.5506,stop-from-slow-walk,-739.724,69.741,88.150,0.000,15.000,15.000,-725.132,65.483,3.238,-728.356,82.684,3.238,0.0000,0.0000,-727.015,50.650,83.013,-740.809,91.877,83.013,0.2693,0.0000,0.0000,0,0.000,0.000,0.0000,0.0000,0,0,-740.809,91.877,83.013,0.000,0,-1.000000,1.000,28.924,-1.000000,0.0000,0.0000,0,0,0.000,1.000,19.607,-740.809,91.877,83.013,0,0,-1,99.847152
68,9.6899,stop-from-slow-walk,-739.724,69.741,88.150,0.000,15.000,15.000,-725.132,65.483,3.238,-728.356,82.684,3.238,0.0000,0.0000,-727.084,50.624,83.007,-740.880,91.856,83.007,0.2693,0.0000,0.0000,0,0.000,0.000,0.0000,0.0000,0,0,-740.880,91.856,83.007,0.000,0,-1.000000,1.000,28.924,-1.000000,0.0000,0.0000,0,0,0.000,1.000,19.607,-740.880,91.856,83.007,0,0,-1,99.844928
69,9.8282,stop-from-slow-walk,-739.724,69.741,88.150,0.000,15.000,15.000,-725.132,65.483,3.238,-728.356,82.684,3.238,0.0000,0.0000,-727.155,50.597,82.989,-740.952,91.836,82.989,0.2693,0.0000,0.0000,0,0.000,0.000,0.0000,0.0000,0,0,-740.952,91.836,82.989,0.000,0,-1.000000,1.000,28.924,-1.000000,0.0000,0.0000,0,0,0.000,1.000,19.607,-740.952,91.836,82.989,0,0,-1,99.842710
70,9.9701,stop-from-slow-walk,-739.724,69.741,88.150,0.000,15.000,15.000,-725.132,65.483,3.238,-728.356,82.684,3.238,0.0000,0.0000,-727.249,50.561,82.974,-741.049,91.808,82.974,0.2693,0.0000,0.0000,0,0.000,0.000,0.0000,0.0000,0,0,-741.049,91.808,82.974,0.000,0,-1.000000,1.000,28.924,-1.000000,0.0000,0.0000,0,0,0.000,1.000,19.607,-741.049,91.808,82.974,0,0,-1,99.840443
71,10.1067,stop-from-slow-walk,-739.724,69.741,88.150,0.000,15.000,15.000,-725.132,65.483,3.238,-728.356,82.684,3.238,0.0000,0.0000,-727.333,50.528,82.962,-741.136,91.783,82.962,0.2693,0.0000,0.0000,0,0.000,0.000,0.0000,0.0000,0,0,-741.136,91.783,82.962,0.000,0,-1.000000,1.000,28.924,-1.000000,0.0000,0.0000,0,0,0.000,1.000,19.607,-741.136,91.783,82.962,0,0,-1,99.838256
72,10.2452,stop-from-slow-walk,-739.724,69.741,88.150,0.000,15.000,15.000,-725.132,65.483,3.238,-728.356,82.684,3.238,0.0000,0.0000,-727.425,50.494,82.948,-741.230,91.756,82.948,0.2693,0.0000,0.0000,0,0.000,0.000,0.0000,0.0000,0,0,-741.230,91.756,82.948,0.000,0,-1.000000,1.000,28.924,-1.000000,0.0000,0.0000,0,0,0.000,1.000,19.607,-741.230,91.756,82.948,0,0,-1,99.836042
73,10.3801,stop-from-slow-walk,-739.724,69.741,88.150,0.000,15.000,15.000,-725.132,65.483,3.238,-728.356,82.684,3.238,0.0000,0.0000,-727.455,50.483,82.940,-741.262,91.746,82.940,0.2693,0.0000,0.0000,0,0.000,0.000,0.0000,0.0000,0,0,-741.262,91.746,82.940,0.000,0,-1.000000,1.000,28.924,-1.000000,0.0000,0.0000,0,0,0.000,1.000,19.607,-741.262,91.746,82.940,0,0,-1,99.833880
74,10.5210,full-walk,-739.724,69.741,88.150,0.000,15.000,15.000,-725.132,65.483,3.238,-728.356,82.684,3.238,0.0000,0.0000,-727.475,50.476,82.931,-741.282,91.739,82.931,0.2693,0.0000,0.0000,0,0.000,0.000,0.0000,0.0000,0,0,-741.282,91.739,82.931,0.000,0,-1.000000,1.000,28.924,-1.000000,0.0000,0.0000,0,0,0.000,1.000,19.607,-741.282,91.739,82.931,0,0,-1,99.831630
75,10.6577,full-walk,-731.271,72.006,88.150,95.800,15.000,15.000,-726.049,64.440,2.794,-706.426,89.341,5.117,0.6843,0.7983,-724.609,50.357,79.583,-726.958,95.482,80.559,0.3786,0.0000,0.0000,0,0.000,0.000,0.0000,0.0000,0,0,-726.958,95.482,80.559,0.000,0,-1.000000,1.000,28.924,-1.000000,0.0000,0.0000,0,0,0.000,1.000,19.607,-726.958,95.482,80.559,0,0,-1,99.829440
76,10.7965,full-walk,-710.344,77.613,88.150,180.000,15.000,15.000,-718.448,65.839,5.424,-681.541,96.491,3.150,1.0000,1.5000,-692.159,61.602,78.625,-718.451,98.551,77.493,0.5863,0.0000,0.0000,0,0.000,0.000,0.0000,0.0000,0,0,-718.451,98.551,77.493,0.000,0,-1.000000,1.000,28.924,-1.000000,0.0000,0.0000,0,0,0.000,1.000,19.607,-718.451,98.551,77.493,0,0,-1,99.827224
77,10.9338,full-walk,-686.448,84.016,88.150,180.000,15.000,15.000,-663.592,82.574,11.289,-681.011,95.042,3.392,1.0000,1.5000,-663.580,70.293,82.008,-700.164,103.479,80.035,0.7925,0.0000,0.0000,0,0.000,0.000,0.0000,0.0000,0,0,-700.164,103.479,80.035,0.000,0,-1.000000,1.000,28.924,-1.000000,0.0000,0.0000,0,0,0.000,1.000,19.607,-700.164,103.479,80.035,0,0,-1,99.825025
78,11.0809,full-walk,-660.878,90.867,88.150,180.000,15.000,15.000,-618.178,95.968,3.199,-678.958,93.923,3.278,1.0000,1.5000,-649.513,71.598,76.890,-661.285,113.521,77.079,0.0131,0.0000,0.0000,0,0.000,0.000,0.0000,0.0000,0,0,-661.285,113.521,77.079,0.000,0,-1.000000,1.000,28.924,-1.000000,0.0000,0.0000,0,0,0.000,1.000,19.607,-661.285,113.521,77.079,0,0,-1,99.822672
79,11.2203,full-walk,-636.597,97.374,88.150,180.000,15.000,15.000,-617.735,94.521,3.300,-630.994,108.365,11.516,1.0000,1.5000,-636.008,73.510,80.085,-626.329,122.172,81.990,0.2226,0.0000,0.0000,0,0.000,0.000,0.0000,0.0000,0,0,-626.329,122.172,81.990,0.000,0,-1.000000,1.000,28.924,-1.000000,0.0000,0.0000,0,0,0.000,1.000,19.607,-626.329,122.172,81.990,0,0,-1,99.820438
80,11.3698,full-walk,-610.645,104.327,88.150,180.000,15.000,15.000,-617.268,92.988,3.095,-573.839,125.813,4.014,1.0000,1.5000,-602.286,83.802,76.925,-607.971,127.715,77.659,0.4465,0.0000,0.0000,0,0.000,0.000,0.0000,0.0000,0,0,-607.971,127.715,77.659,0.000,0,-1.000000,1.000,28.924,-1.000000,0.0000,0.0000,0,0,0.000,1.000,19.607,-607.971,127.715,77.659,0,0,-1,99.818050
81,11.5117,full-walk,-585.954,110.943,87.850,180.000,15.000,15.000,-585.014,102.211,8.936,-565.377,127.087,2.950,1.0000,1.5000,-564.274,96.670,80.534,-598.209,130.836,78.755,0.6595,0.0000,0.0000,0,0.000,0.000,0.0000,0.0000,0,0,-598.209,130.836,78.755,0.000,0,-1.000000,1.000,28.924,-1.000000,0.0000,0.0000,0,0,0.000,1.000,19.607,-598.209,130.836,78.755,0,0,-1,99.815777
82,11.6570,full-walk,-560.718,117.705,87.509,180.000,15.000,15.000,-525.145,120.468,6.661,-564.982,125.424,2.517,1.0000,1.5000,-540.550,102.585,79.052,-571.156,137.962,77.579,0.8772,0.0000,0.0000,0,0.000,0.000,0.0000,0.0000,0,0,-571.156,137.962,77.579,0.000,0,-1.000000,1.000,28.924,-1.000000,0.0000,0.0000,0,0,0.000,1.000,19.607,-571.156,137.962,77.579,0,0,-1,99.813455
83,11.7981,full-walk,-536.141,124.291,87.215,180.000,15.000,15.000,-502.099,126.596,2.343,-549.531,129.006,4.760,1.0000,1.5000,-530.256,102.732,76.716,-531.062,148.206,77.836,0.0892,0.0000,0.0000,0,0.000,0.000,0.0000,0.0000,0,0,-531.062,148.206,77.836,0.000,0,-1.000000,1.000,28.924,-1.000000,0.0000,0.0000,0,0,0.000,1.000,19.607,-531.062,148.206,77.836,0,0,-1,99.811193
84,11.9553,full-walk,-508.860,131.601,86.905,180.000,15.000,15.000,-501.589,124.898,2.010,-486.289,148.330,8.765,1.0000,1.5000,-507.196,108.241,78.153,-499.565,156.278,79.942,0.3246,0.0000,0.0000,0,0.000,0.000,0.0000,0.0000,0,0,-499.565,156.278,79.942,0.000,0,-1.000000,1.000,28.924,-1.000000,0.0000,0.0000,0,0,0.000,1.000,19.607,-499.565,156.278,79.942,0,0,-1,99.808683
85,12.0933,full-walk,-484.825,138.041,86.591,180.000,15.000,15.000,-496.830,124.918,1.904,-449.869,158.912,1.541,1.0000,1.5000,-470.101,120.385,75.723,-488.843,159.952,75.263,0.5320,0.0000,0.0000,0,0.000,0.000,0.0000,0.0000,0,0,-488.843,159.952,75.263,0.000,0,-1.000000,1.000,28.924,-1.000000,0.0000,0.0000,0,0,0.000,1.000,19.607,-488.843,159.952,75.263,0,0,-1,99.806471
86,12.2317,full-walk,-460.790,144.481,86.332,180.000,15.000,15.000,-446.910,139.992,9.852,-449.363,157.452,1.446,1.0000,1.5000,-437.581,130.885,80.324,-474.911,163.786,78.301,0.7393,0.0000,0.0000,0,0.000,0.000,0.0000,0.0000,0,0,-474.911,163.786,78.301,0.000,0,-1.000000,1.000,28.924,-1.000000,0.0000,0.0000,0,0,0.000,1.000,19.607,-474.911,163.786,78.301,0,0,-1,99.804259
87,12.3691,full-walk,-436.900,150.882,86.065,180.000,15.000,15.000,-394.610,155.963,1.877,-448.910,156.093,0.869,1.0000,1.5000,-420.611,133.961,75.520,-442.673,172.389,74.742,0.9454,0.0000,0.0000,0,0.000,0.000,0.0000,0.0000,0,0,-442.673,172.389,74.742,0.000,0,-1.000000,1.000,28.924,-1.000000,0.0000,0.0000,0,0,0.000,1.000,19.607,-442.673,172.389,74.742,0,0,-1,99.802061
88,12.5091,full-walk,-412.572,157.401,86.065,180.000,15.000,15.000,-386.017,157.093,1.212,-417.683,164.789,7.030,1.0000,1.5000,-410.193,134.279,76.963,-403.974,181.882,78.647,0.1553,0.0000,0.0000,0,0.000,0.000,0.0000,0.0000,0,0,-403.974,181.882,78.647,0.000,0,-1.000000,1.000,28.924,-1.000000,0.0000,0.0000,0,0,0.000,1.000,19.607,-403.974,181.882,78.647,0,0,-1,99.799822
89,12.6462,full-walk,-388.683,163.802,86.065,180.000,15.000,15.000,-385.622,155.558,1.138,-360.597,182.195,6.107,1.0000,1.5000,-385.461,140.913,76.517,-380.776,188.064,78.101,0.3614,0.0000,0.0000,0,0.000,0.000,0.0000,0.0000,0,0,-380.776,188.064,78.101,0.000,0,-1.000000,1.000,28.924,-1.000000,0.0000,0.0000,0,0,0.000,1.000,19.607,-380.776,188.064,78.101,0,0,-1,99.797624
90,12.8012,full-walk,-361.771,171.013,86.065,180.000,15.000,15.000,-369.230,159.567,3.606,-333.817,189.712,0.992,1.0000,1.5000,-343.214,155.292,76.649,-370.429,191.911,75.445,0.5936,0.0000,0.0000,0,0.000,0.000,0.0000,0.0000,0,0,-370.429,191.911,75.445,0.000,0,-1.000000,1.000,28.924,-1.000000,0.0000,0.0000,0,0,0.000,1.000,19.607,-370.429,191.911,75.445,0,0,-1,99.795147
91,12.9415,full-walk,-337.344,177.558,86.065,180.000,15.000,15.000,-312.525,176.800,8.760,-333.268,188.166,1.196,1.0000,1.5000,-314.707,163.743,79.626,-350.785,197.125,77.688,0.8043,0.0000,0.0000,0,0.000,0.000,0.0000,0.0000,0,0,-350.785,197.125,77.688,0.000,0,-1.000000,1.000,28.924,-1.000000,0.0000,0.0000,0,0,0.000,1.000,19.607,-350.785,197.125,77.688,0,0,-1,99.792899
92,13.0888,full-walk,-311.807,184.401,86.065,180.000,15.000,15.000,-270.455,189.113,1.069,-329.593,187.611,1.307,1.0000,1.5000,-301.356,164.781,74.752,-311.325,207.304,75.103,0.0246,0.0000,0.0000,0,0.000,0.000,0.0000,0.0000,0,0,-311.325,207.304,75.103,0.000,0,-1.000000,1.000,28.924,-1.000000,0.0000,0.0000,0,0,0.000,1.000,19.607,-311.325,207.304,75.103,0,0,-1,99.790549
93,13.2302,full-walk,-287.158,191.005,86.257,180.000,15.000,15.000,-269.963,187.612,1.365,-279.173,202.783,9.795,1.0000,1.5000,-286.759,167.106,78.228,-276.760,215.843,80.147,0.2373,0.0000,0.0000,0,0.000,0.000,0.0000,0.0000,0,0,-276.760,215.843,80.147,0.000,0,-1.000000,1.000,28.924,-1.000000,0.0000,0.0000,0,0,0.000,1.000,19.607,-276.760,215.843,80.147,0,0,-1,99.788281
94,13.3768,full-walk,-261.702,197.826,86.665,180.000,15.000,15.000,-269.472,186.018,1.557,-224.269,219.423,2.175,1.0000,1.5000,-252.553,177.559,75.314,-259.767,220.974,75.914,0.4569,0.0000,0.0000,0,0.000,0.000,0.0000,0.0000,0,0,-259.767,220.974,75.914,0.000,0,-1.000000,1.000,28.924,-1.000000,0.0000,0.0000,0,0,0.000,1.000,19.607,-259.767,220.974,75.914,0,0,-1,99.785938
95,13.5156,full-walk,-237.527,204.304,87.131,180.000,15.000,15.000,-235.744,195.922,8.383,-217.683,220.244,2.081,1.0000,1.5000,-215.673,190.184,79.819,-250.066,224.178,78.009,0.6655,0.0000,0.0000,0,0.000,0.000,0.0000,0.0000,0,0,-250.066,224.178,78.009,0.000,0,-1.000000,1.000,28.924,-1.000000,0.0000,0.0000,0,0,0.000,1.000,19.607,-250.066,224.178,78.009,0,0,-1,99.783714
96,13.6659,turn-while-moving,-211.448,211.292,87.988,180.000,15.000,15.000,-174.306,214.664,6.331,-217.234,218.576,2.904,1.0000,1.5000,-191.968,195.915,79.034,-221.134,231.817,77.680,0.8905,0.0000,0.0000,0,0.000,0.000,0.0000,0.0000,0,0,-221.134,231.817,77.680,0.000,0,-1.000000,1.000,28.924,-1.000000,0.0000,0.0000,0,0,0.000,1.000,19.607,-221.134,231.817,77.680,0,0,-1,99.781314
97,13.8148,turn-while-moving,-196.613,225.397,88.579,142.237,59.715,15.000,-172.777,253.302,3.614,-210.356,217.361,5.039,1.0000,1.1853,-176.563,215.722,77.601,-210.565,244.720,78.508,0.0671,0.0000,0.0000,0,0.000,0.000,0.0000,0.0000,0,0,-210.565,244.720,78.508,0.000,0,-1.000000,1.000,28.924,-1.000000,0.0000,0.0000,0,0,0.000,1.000,19.607,-210.565,244.720,78.508,0,0,-1,99.778929
98,13.9533,turn-while-moving,-189.328,243.676,89.140,142.237,72.265,15.000,-177.003,256.997,4.262,-195.182,255.700,12.640,1.0000,1.1853,-168.982,231.157,81.097,-204.612,265.813,83.014,0.2312,0.0000,0.0000,0,0.000,0.000,0.0000,0.0000,0,0,-204.612,265.813,83.014,0.000,0,-1.000000,1.000,28.924,-1.000000,0.0000,0.0000,0,0,0.000,1.000,19.607,-204.612,265.813,83.014,0,0,-1,99.776714
99,14.0951,turn-while-moving,-182.973,262.858,89.726,142.237,72.265,15.000,-175.926,256.638,4.599,-182.503,301.301,7.538,1.0000,1.1853,-162.040,255.469,79.155,-200.331,280.791,80.405,0.3996,0.0000,0.0000,0,0.000,0.000,0.0000,0.0000,0,0,-200.331,280.791,80.405,0.000,0,-1.000000,1.000,28.924,-1.000000,0.0000,0.0000,0,0,0.000,1.000,19.607,-200.331,280.791,80.405,0,0,-1,99.774441
100,14.2340,turn-while-moving,-176.937,281.630,90.320,142.237,72.265,15.000,-171.699,266.285,6.840,-176.333,318.598,5.519,1.0000,1.1853,-153.575,286.775,80.378,-198.153,287.649,79.491,0.5639,0.0000,0.0000,0,0.000,0.000,0.0000,0.0000,0,0,-198.153,287.649,79.491,0.000,0,-1.000000,1.000,28.924,-1.000000,0.0000,0.0000,0,0,0.000,1.000,19.607,-198.153,287.649,79.491,0,0,-1,99.772223
101,14.3762,turn-while-moving,-170.761,300.927,90.956,142.237,72.265,15.000,-159.783,309.012,14.446,-175.307,318.353,6.096,1.0000,1.1853,-146.780,313.064,84.936,-194.631,299.524,82.918,0.7328,0.0000,0.0000,0,0.000,0.000,0.0000,0.0000,0,0,-194.631,299.524,82.918,0.000,0,-1.000000,1.000,28.924,-1.000000,0.0000,0.0000,0,0,0.000,1.000,19.607,-194.631,299.524,82.918,0,0,-1,99.769944
102,14.5096,turn-while-moving,-164.997,318.949,91.569,142.237,72.265,15.000,-147.749,352.013,9.914,-174.252,318.024,6.484,1.0000,1.1853,-141.528,327.022,82.616,-187.500,321.898,81.261,0.8904,0.0000,0.0000,0,0.000,0.000,0.0000,0.0000,0,0,-187.500,321.898,81.261,0.000,0,-1.000000,1.000,28.924,-1.000000,0.0000,0.0000,0,0,0.000,1.000,19.607,-187.500,321.898,81.261,0,0,-1,99.767815
103,14.6531,turn-while-moving,-158.761,338.446,92.253,142.237,72.265,15.000,-141.408,371.567,7.332,-170.560,327.153,8.537,1.0000,1.1853,-137.026,333.822,81.253,-176.759,353.849,82.081,0.0610,0.0000,0.0000,0,0.000,0.000,0.0000,0.0000,0,0,-176.759,353.849,82.081,0.000,0,-1.000000,1.000,28.924,-1.000000,0.0000,0.0000,0,0,0.000,1.000,19.607,-176.759,353.849,82.081,0,0,-1,99.765513
104,14.7900,turn-while-moving,-152.844,356.947,92.918,142.237,72.265,15.000,-140.255,371.235,8.067,-159.047,367.653,16.289,1.0000,1.1853,-132.454,344.534,84.854,-168.151,378.997,86.759,0.2229,0.0000,0.0000,0,0.000,0.000,0.0000,0.0000,0,0,-168.151,378.997,86.759,0.000,0,-1.000000,1.000,28.924,-1.000000,0.0000,0.0000,0,0,0.000,1.000,19.607,-168.151,378.997,86.759,0,0,-1,99.763328
105,14.9354,turn-while-moving,-146.532,376.683,93.643,142.237,72.265,15.000,-139.225,370.914,8.591,-146.038,414.601,11.735,1.0000,1.1853,-125.507,369.009,83.240,-163.670,394.802,84.528,0.3956,0.0000,0.0000,0,0.000,0.000,0.0000,0.0000,0,0,-163.670,394.802,84.528,0.000,0,-1.000000,1.000,28.924,-1.000000,0.0000,0.0000,0,0,0.000,1.000,19.607,-163.670,394.802,84.528,0,0,-1,99.760997
106,15.0749,turn-while-moving,-140.502,395.539,94.345,142.237,72.265,15.000,-135.363,379.941,10.658,-139.811,432.912,9.456,1.0000,1.1853,-117.196,400.418,84.227,-161.658,401.805,83.389,0.5605,0.0000,0.0000,0,0.000,0.000,0.0000,0.0000,0,0,-161.658,401.805,83.389,0.000,0,-1.000000,1.000,28.924,-1.000000,0.0000,0.0000,0,0,0.000,1.000,19.607,-161.658,401.805,83.389,0,0,-1,99.758770
107,15.2265,turn-while-moving,-133.921,416.115,95.119,142.237,72.265,15.000,-122.581,425.585,18.646,-138.688,432.590,10.229,1.0000,1.1853,-109.934,428.291,89.113,-157.797,414.670,87.089,0.7406,0.0000,0.0000,0,0.000,0.000,0.0000,0.0000,0,0,-157.797,414.670,87.089,0.000,0,-1.000000,1.000,28.924,-1.000000,0.0000,0.0000,0,0,0.000,1.000,19.607,-157.797,414.670,87.089,0,0,-1,99.756340
108,15.3693,turn-while-moving,-127.743,435.434,95.845,142.237,72.265,15.000,-109.995,470.542,13.221,-137.583,432.286,10.781,1.0000,1.1853,-104.418,442.349,86.370,-149.851,439.641,85.197,0.9096,0.0000,0.0000,0,0.000,0.000,0.0000,0.0000,0,0,-149.851,439.641,85.197,0.000,0,-1.000000,1.000,28.924,-1.000000,0.0000,0.0000,0,0,0.000,1.000,19.607,-149.851,439.641,85.197,0,0,-1,99.754059
109,15.5757,turn-while-moving,-118.790,463.428,96.885,142.237,72.265,15.000,-104.149,485.684,12.041,-127.795,463.009,17.821,1.0000,1.1853,-98.043,452.965,87.776,-134.742,483.870,89.457,0.1545,0.0000,0.0000,0,0.000,0.000,0.0000,0.0000,0,0,-134.742,483.870,89.457,0.000,0,-1.000000,1.000,28.924,-1.000000,0.0000,0.0000,0,0,0.000,1.000,19.607,-134.742,483.870,89.457,0,0,-1,99.750752
110,15.7187,turn-while-moving,-112.606,482.764,97.590,142.237,72.265,15.000,-103.013,485.364,12.698,-114.513,510.658,19.496,1.0000,1.1853,-92.065,471.502,88.858,-128.329,503.956,90.652,0.3237,0.0000,0.0000,0,0.000,0.000,0.0000,0.0000,0,0,-128.329,503.956,90.652,0.000,0,-1.000000,1.000,28.924,-1.000000,0.0000,0.0000,0,0,0.000,1.000,19.607,-128.329,503.956,90.652,0,0,-1,99.748469
111,15.8604,turn-while-moving,-106.455,501.995,98.273,142.237,72.265,15.000,-101.887,484.971,13.333,-104.196,546.297,13.344,1.0000,1.1853,-84.086,501.585,87.044,-125.921,513.567,87.161,0.4919,0.0000,0.0000,0,0.000,0.000,0.0000,0.0000,0,0,-125.921,513.567,87.161,0.000,0,-1.000000,1.000,28.924,-1.000000,0.0000,0.0000,0,0,0.000,1.000,19.607,-125.921,513.567,87.161,0,0,-1,99.746198
112,16.0040,turn-while-moving,-100.242,521.423,98.940,142.237,72.265,15.000,-92.322,517.856,20.091,-102.786,547.168,13.979,1.0000,1.1853,-76.526,532.034,91.626,-123.658,521.771,89.834,0.6619,0.0000,0.0000,0,0.000,0.000,0.0000,0.0000,0,0,-123.658,521.771,89.834,0.000,0,-1.000000,1.000,28.924,-1.000000,0.0000,0.0000,0,0,0.000,1.000,19.607,-123.658,521.771,89.834,0,0,-1,99.743903
113,16.1387,turn-while-moving,-94.394,539.707,99.536,142.237,72.265,15.000,-79.651,563.060,21.162,-101.678,546.797,14.272,1.0000,1.1853,-70.625,550.829,92.343,-118.000,539.498,90.472,0.8219,0.0000,0.0000,0,0.000,0.000,0.0000,0.0000,0,0,-118.000,539.498,90.472,0.000,0,-1.000000,1.000,28.924,-1.000000,0.0000,0.0000,0,0,0.000,1.000,19.607,-118.000,539.498,90.472,0,0,-1,99.741744
114,16.2749,turn-while-moving,-88.507,558.115,100.117,142.237,72.265,15.000,-69.324,598.272,15.381,-100.405,546.412,15.204,1.0000,1.1853,-65.805,559.688,89.102,-108.645,567.666,88.858,0.9829,0.0000,0.0000,0,0.000,0.000,0.0000,0.0000,0,0,-108.645,567.666,88.858,0.000,0,-1.000000,1.000,28.924,-1.000000,0.0000,0.0000,0,0,0.000,1.000,19.607,-108.645,567.666,88.858,0,0,-1,99.739570
115,16.4222,turn-while-moving,-82.110,578.118,100.739,142.237,72.265,15.000,-67.563,600.011,15.854,-90.998,578.198,21.799,1.0000,1.1853,-61.409,567.491,91.657,-98.022,598.688,93.351,0.1579,0.0000,0.0000,0,0.000,0.000,0.0000,0.0000,0,0,-98.022,598.688,93.351,0.000,0,-1.000000,1.000,28.924,-1.000000,0.0000,0.0000,0,0,0.000,1.000,19.607,-98.022,598.688,93.351,0,0,-1,99.737207
116,16.5655,turn-while-moving,-75.913,597.494,101.330,142.237,72.265,15.000,-66.415,599.649,16.426,-77.655,625.957,23.055,1.0000,1.1853,-55.335,586.354,92.519,-91.668,618.567,94.294,0.3275,0.0000,0.0000,0,0.000,0.000,0.0000,0.0000,0,0,-91.668,618.567,94.294,0.000,0,-1.000000,1.000,28.924,-1.000000,0.0000,0.0000,0,0,0.000,1.000,19.607,-91.668,618.567,94.294,0,0,-1,99.734919
117,16.7016,stop-from-turn,-70.011,615.948,101.885,142.237,72.265,15.000,-65.259,599.248,16.945,-67.667,660.188,16.966,1.0000,1.1853,-47.582,615.271,90.637,-89.299,627.719,90.796,0.4889,0.0000,0.0000,0,0.000,0.000,0.0000,0.0000,0,0,-89.299,627.719,90.796,0.000,0,-1.000000,1.000,28.924,-1.000000,0.0000,0.0000,0,0,0.000,1.000,19.607,-89.299,627.719,90.796,0,0,-1,99.732740
118,16.8405,stop-from-turn,-69.779,616.672,101.907,0.000,72.265,15.000,-60.371,618.247,15.833,-72.362,641.903,15.743,0.3060,0.0000,-47.087,616.315,94.840,-89.132,627.553,94.885,0.4889,0.0000,0.0000,0,0.000,0.000,0.0000,0.0000,0,0,-89.132,627.553,94.885,0.000,0,-1.000000,1.000,28.924,-1.000000,0.0000,0.0000,0,0,0.000,1.000,19.607,-89.132,627.553,94.885,0,0,-1,99.730519
119,16.9792,stop-from-turn,-69.779,616.672,101.907,0.000,72.265,15.000,-58.307,626.644,16.994,-74.520,633.233,16.994,0.0000,0.0000,-46.972,616.451,96.683,-89.159,627.153,96.683,0.4889,0.0000,0.0000,0,0.000,0.000,0.0000,0.0000,0,0,-89.159,627.153,96.683,0.000,0,-1.000000,1.000,28.924,-1.000000,0.0000,0.0000,0,0,0.000,1.000,19.607,-89.159,627.153,96.683,0,0,-1,99.728295
120,17.1218,stop-from-turn,-69.779,616.672,101.907,0.000,72.265,15.000,-58.307,626.644,16.994,-74.520,633.233,16.994,0.0000,0.0000,-46.962,616.498,96.690,-89.145,627.200,96.690,0.4889,0.0000,0.0000,0,0.000,0.000,0.0000,0.0000,0,0,-89.145,627.200,96.690,0.000,0,-1.000000,1.000,28.924,-1.000000,0.0000,0.0000,0,0,0.000,1.000,19.607,-89.145,627.200,96.690,0,0,-1,99.726017
121,17.2591,stop-from-turn,-69.779,616.672,101.907,0.000,72.265,15.000,-58.307,626.644,16.994,-74.520,633.233,16.994,0.0000,0.0000,-46.935,616.624,96.707,-89.108,627.323,96.707,0.4889,0.0000,0.0000,0,0.000,0.000,0.0000,0.0000,0,0,-89.108,627.323,96.707,0.000,0,-1.000000,1.000,28.924,-1.000000,0.0000,0.0000,0,0,0.000,1.000,19.607,-89.108,627.323,96.707,0,0,-1,99.723816
122,17.4020,stop-from-turn,-69.779,616.672,101.907,0.000,72.265,15.000,-58.307,626.644,16.994,-74.520,633.233,16.994,0.0000,0.0000,-46.917,616.710,96.719,-89.083,627.408,96.719,0.4889,0.0000,0.0000,0,0.000,0.000,0.0000,0.0000,0,0,-89.083,627.408,96.719,0.000,0,-1.000000,1.000,28.924,-1.000000,0.0000,0.0000,0,0,0.000,1.000,19.607,-89.083,627.408,96.719,0,0,-1,99.721533
123,17.5464,stop-from-turn,-69.779,616.672,101.907,0.000,72.265,15.000,-58.307,626.644,16.994,-74.520,633.233,16.994,0.0000,0.0000,-46.895,616.814,96.734,-89.053,627.509,96.734,0.4889,0.0000,0.0000,0,0.000,0.000,0.0000,0.0000,0,0,-89.053,627.509,96.734,0.000,0,-1.000000,1.000,28.924,-1.000000,0.0000,0.0000,0,0,0.000,1.000,19.607,-89.053,627.509,96.734,0,0,-1,99.719221
124,17.6867,stop-from-turn,-69.779,616.672,101.907,0.000,72.265,15.000,-58.307,626.644,16.994,-74.520,633.233,16.994,0.0000,0.0000,-46.876,616.907,96.747,-89.026,627.601,96.747,0.4889,0.0000,0.0000,0,0.000,0.000,0.0000,0.0000,0,0,-89.026,627.601,96.747,0.000,0,-1.000000,1.000,28.924,-1.000000,0.0000,0.0000,0,0,0.000,1.000,19.607,-89.026,627.601,96.747,0,0,-1,99.716979
125,17.8238,stop-from-turn,-69.779,616.672,101.907,0.000,72.265,15.000,-58.307,626.644,16.994,-74.520,633.233,16.994,0.0000,0.0000,-46.859,616.988,96.760,-89.002,627.680,96.760,0.4889,0.0000,0.0000,0,0.000,0.000,0.0000,0.0000,0,0,-89.002,627.680,96.760,0.000,0,-1.000000,1.000,28.924,-1.000000,0.0000,0.0000,0,0,0.000,1.000,19.607,-89.002,627.680,96.760,0,0,-1,99.714781
126,17.9639,stop-from-turn,-69.779,616.672,101.907,0.000,72.265,15.000,-58.307,626.644,16.994,-74.520,633.233,16.994,0.0000,0.0000,-46.847,617.045,96.768,-88.985,627.735,96.768,0.4889,0.0000,0.0000,0,0.000,0.000,0.0000,0.0000,0,0,-88.985,627.735,96.768,0.000,0,-1.000000,1.000,28.924,-1.000000,0.0000,0.0000,0,0,0.000,1.000,19.607,-88.985,627.735,96.768,0,0,-1,99.712543
127,18.0990,stop-from-turn,-69.779,616.672,101.907,0.000,72.265,15.000,-58.307,626.644,16.994,-74.520,633.233,16.994,0.0000,0.0000,-46.847,617.045,96.768,-88.985,627.735,96.768,0.4889,0.0000,0.0000,0,0.000,0.000,0.0000,0.0000,0,0,-88.985,627.735,96.768,0.000,0,-1.000000,1.000,28.924,-1.000000,0.0000,0.0000,0,0,0.000,1.000,19.607,-88.985,627.735,96.768,0,0,-1,99.710378
128,18.2392,stop-from-turn,-69.779,616.672,101.907,0.000,72.265,15.000,-58.307,626.644,16.994,-74.520,633.233,16.994,0.0000,0.0000,-46.833,617.115,96.779,-88.965,627.803,96.779,0.4889,0.0000,0.0000,0,0.000,0.000,0.0000,0.0000,0,0,-88.965,627.803,96.779,0.000,0,-1.000000,1.000,28.924,-1.000000,0.0000,0.0000,0,0,0.000,1.000,19.607,-88.965,627.803,96.779,0,0,-1,99.708144
129,18.3744,stop-from-turn,-69.779,616.672,101.907,0.000,72.265,15.000,-58.307,626.644,16.994,-74.520,633.233,16.994,0.0000,0.0000,-46.833,617.115,96.779,-88.965,627.803,96.779,0.4889,0.0000,0.0000,0,0.000,0.000,0.0000,0.0000,0,0,-88.965,627.803,96.779,0.000,0,-1.000000,1.000,28.924,-1.000000,0.0000,0.0000,0,0,0.000,1.000,19.607,-88.965,627.803,96.779,0,0,-1,99.705971
130,18.5096,stop-from-turn,-69.779,616.672,101.907,0.000,72.265,15.000,-58.307,626.644,16.994,-74.520,633.233,16.994,0.0000,0.0000,-46.844,617.061,96.772,-88.980,627.751,96.772,0.4889,0.0000,0.0000,0,0.000,0.000,0.0000,0.0000,0,0,-88.980,627.751,96.772,0.000,0,-1.000000,1.000,28.924,-1.000000,0.0000,0.0000,0,0,0.000,1.000,19.607,-88.980,627.751,96.772,0,0,-1,99.703814
131,18.6546,stop-from-turn,-69.779,616.672,101.907,0.000,72.265,15.000,-58.307,626.644,16.994,-74.520,633.233,16.994,0.0000,0.0000,-46.860,616.985,96.765,-89.002,627.677,96.765,0.4889,0.0000,0.0000,0,0.000,0.000,0.0000,0.0000,0,0,-89.002,627.677,96.765,0.000,0,-1.000000,1.000,28.924,-1.000000,0.0000,0.0000,0,0,0.000,1.000,19.607,-89.002,627.677,96.765,0,0,-1,99.701489
132,18.7930,orbit-standing-character,-69.779,616.672,101.907,0.000,72.265,15.000,-58.307,626.644,16.994,-74.520,633.233,16.994,0.0000,0.0000,-46.874,616.918,96.749,-89.022,627.611,96.749,0.4889,0.0000,0.0000,0,0.000,0.000,0.0000,0.0000,0,0,-89.022,627.611,96.749,0.000,0,-1.000000,1.000,28.924,-1.000000,0.0000,0.0000,0,0,0.000,1.000,19.607,-89.022,627.611,96.749,0,0,-1,99.699278
133,18.9291,orbit-standing-character,-69.779,616.672,101.907,0.000,72.265,22.290,-58.307,626.644,16.994,-74.520,633.233,16.994,0.0000,0.0000,-46.894,616.823,96.735,-89.050,627.518,96.735,0.4889,0.0000,0.0000,0,0.000,0.000,0.0000,0.0000,0,0,-89.050,627.518,96.735,0.000,0,-1.000000,1.000,28.924,-1.000000,0.0000,0.0000,0,0,0.000,1.000,19.607,-89.050,627.518,96.735,0,0,-1,99.697096
134,19.0667,orbit-standing-character,-69.779,616.672,101.907,0.000,72.265,29.629,-58.307,626.644,16.994,-74.520,633.233,16.994,0.0000,0.0000,-46.912,616.733,96.722,-89.076,627.431,96.722,0.4889,0.0000,0.0000,0,0.000,0.000,0.0000,0.0000,0,0,-89.076,627.431,96.722,0.000,0,-1.000000,1.000,28.924,-1.000000,0.0000,0.0000,0,0,0.000,1.000,19.607,-89.076,627.431,96.722,0,0,-1,99.694898
135,19.2073,orbit-standing-character,-69.779,616.672,101.907,0.000,72.265,37.141,-58.307,626.644,16.994,-74.520,633.233,16.994,0.0000,0.0000,-46.933,616.636,96.709,-89.105,627.335,96.709,0.4889,0.0000,0.0000,0,0.000,0.000,0.0000,0.0000,0,0,-89.105,627.335,96.709,0.000,0,-1.000000,1.000,28.924,-1.000000,0.0000,0.0000,0,0,0.000,1.000,19.607,-89.105,627.335,96.709,0,0,-1,99.692649
136,19.3491,orbit-standing-character,-69.779,616.672,101.907,0.000,72.265,44.710,-58.307,626.644,16.994,-74.520,633.233,16.994,0.0000,0.0000,-46.944,616.583,96.699,-89.120,627.282,96.699,0.4889,0.0000,0.0000,0,0.000,0.000,0.0000,0.0000,0,0,-89.120,627.282,96.699,0.000,0,-1.000000,1.000,28.924,-1.000000,0.0000,0.0000,0,0,0.000,1.000,19.607,-89.120,627.282,96.699,0,0,-1,99.690383
137,19.4900,orbit-standing-character,-69.779,616.672,101.907,0.000,72.265,52.263,-58.307,626.644,16.994,-74.520,633.233,16.994,0.0000,0.0000,-46.949,616.562,96.690,-89.125,627.262,96.690,0.4889,0.0000,0.0000,0,0.000,0.000,0.0000,0.0000,0,0,-89.125,627.262,96.690,0.000,0,-1.000000,1.000,28.924,-1.000000,0.0000,0.0000,0,0,0.000,1.000,19.607,-89.125,627.262,96.690,0,0,-1,99.688121
138,19.6405,orbit-standing-character,-69.779,616.672,101.907,0.000,72.265,60.289,-58.307,626.644,16.994,-74.520,633.233,16.994,0.0000,0.0000,-46.968,616.468,96.686,-89.154,627.170,96.686,0.4889,0.0000,0.0000,0,0.000,0.000,0.0000,0.0000,0,0,-89.154,627.170,96.686,0.000,0,-1.000000,1.000,28.924,-1.000000,0.0000,0.0000,0,0,0.000,1.000,19.607,-89.154,627.170,96.686,0,0,-1,99.685718
139,19.7877,orbit-standing-character,-69.779,616.672,101.907,0.000,72.265,68.170,-58.307,626.644,16.994,-74.520,633.233,16.994,0.0000,0.0000,-46.968,616.468,96.686,-89.154,627.170,96.686,0.4889,0.0000,0.0000,0,0.000,0.000,0.0000,0.0000,0,0,-89.154,627.170,96.686,0.000,0,-1.000000,1.000,28.924,-1.000000,0.0000,0.0000,0,0,0.000,1.000,19.607,-89.154,627.170,96.686,0,0,-1,99.683359
140,19.9253,orbit-standing-character,-69.779,616.672,101.907,0.000,72.265,75.505,-58.307,626.644,16.994,-74.520,633.233,16.994,0.0000,0.0000,-46.972,616.451,96.683,-89.159,627.153,96.683,0.4889,0.0000,0.0000,0,0.000,0.000,0.0000,0.0000,0,0,-89.159,627.153,96.683,0.000,0,-1.000000,1.000,28.924,-1.000000,0.0000,0.0000,0,0,0.000,1.000,19.607,-89.159,627.153,96.683,0,0,-1,99.681162
141,20.0698,orbit-standing-character,-69.779,616.672,101.907,0.000,72.265,83.242,-58.307,626.644,16.994,-74.520,633.233,16.994,0.0000,0.0000,-46.972,616.451,96.683,-89.159,627.153,96.683,0.4889,0.0000,0.0000,0,0.000,0.000,0.0000,0.0000,0,0,-89.159,627.153,96.683,0.000,0,-1.000000,1.000,28.924,-1.000000,0.0000,0.0000,0,0,0.000,1.000,19.607,-89.159,627.153,96.683,0,0,-1,99.678846
142,20.2101,orbit-standing-character,-69.779,616.672,101.907,0.000,72.265,90.725,-58.307,626.644,16.994,-74.520,633.233,16.994,0.0000,0.0000,-46.942,616.593,96.703,-89.117,627.293,96.703,0.4889,0.0000,0.0000,0,0.000,0.000,0.0000,0.0000,0,0,-89.117,627.293,96.703,0.000,0,-1.000000,1.000,28.924,-1.000000,0.0000,0.0000,0,0,0.000,1.000,19.607,-89.117,627.293,96.703,0,0,-1,99.676605
143,20.3607,orbit-standing-character,-69.779,616.672,101.907,0.000,72.265,98.787,-58.307,626.644,16.994,-74.520,633.233,16.994,0.0000,0.0000,-46.922,616.688,96.716,-89.089,627.387,96.716,0.4889,0.0000,0.0000,0,0.000,0.000,0.0000,0.0000,0,0,-89.089,627.387,96.716,0.000,0,-1.000000,1.000,28.924,-1.000000,0.0000,0.0000,0,0,0.000,1.000,19.607,-89.089,627.387,96.716,0,0,-1,99.674191
144,20.5010,orbit-standing-character,-69.779,616.672,101.907,0.000,72.265,106.270,-58.307,626.644,16.994,-74.520,633.233,16.994,0.0000,0.0000,-46.902,616.781,96.729,-89.062,627.477,96.729,0.4889,0.0000,0.0000,0,0.000,0.000,0.0000,0.0000,0,0,-89.062,627.477,96.729,0.000,0,-1.000000,1.000,28.924,-1.000000,0.0000,0.0000,0,0,0.000,1.000,19.607,-89.062,627.477,96.729,0,0,-1,99.671951
145,20.6463,orbit-standing-character,-69.779,616.672,101.907,0.000,72.265,114.052,-58.307,626.644,16.994,-74.520,633.233,16.994,0.0000,0.0000,-46.881,616.885,96.744,-89.032,627.579,96.744,0.4889,0.0000,0.0000,0,0.000,0.000,0.0000,0.0000,0,0,-89.032,627.579,96.744,0.000,0,-1.000000,1.000,28.924,-1.000000,0.0000,0.0000,0,0,0.000,1.000,19.607,-89.032,627.579,96.744,0,0,-1,99.669621
146,20.7956,orbit-standing-character,-69.779,616.672,101.907,0.000,72.265,122.011,-58.307,626.644,16.994,-74.520,633.233,16.994,0.0000,0.0000,-46.862,616.971,96.757,-89.007,627.663,96.757,0.4889,0.0000,0.0000,0,0.000,0.000,0.0000,0.0000,0,0,-89.007,627.663,96.757,0.000,0,-1.000000,1.000,28.924,-1.000000,0.0000,0.0000,0,0,0.000,1.000,19.607,-89.007,627.663,96.757,0,0,-1,99.667238
147,20.9472,orbit-standing-character,-69.779,616.672,101.907,0.000,72.265,130.127,-58.307,626.644,16.994,-74.520,633.233,16.994,0.0000,0.0000,-46.847,617.045,96.768,-88.985,627.735,96.768,0.4889,0.0000,0.0000,0,0.000,0.000,0.0000,0.0000,0,0,-88.985,627.735,96.768,0.000,0,-1.000000,1.000,28.924,-1.000000,0.0000,0.0000,0,0,0.000,1.000,19.607,-88.985,627.735,96.768,0,0,-1,99.664808
148,21.0929,orbit-standing-character,-69.779,616.672,101.907,0.000,72.265,137.900,-58.307,626.644,16.994,-74.520,633.233,16.994,0.0000,0.0000,-46.847,617.045,96.768,-88.985,627.735,96.768,0.4889,0.0000,0.0000,0,0.000,0.000,0.0000,0.0000,0,0,-88.985,627.735,96.768,0.000,0,-1.000000,1.000,28.924,-1.000000,0.0000,0.0000,0,0,0.000,1.000,19.607,-88.985,627.735,96.768,0,0,-1,99.662480
149,21.2438,orbit-standing-character,-69.779,616.672,101.907,0.000,72.265,145.974,-58.307,626.644,16.994,-74.520,633.233,16.994,0.0000,0.0000,-46.833,617.115,96.779,-88.965,627.803,96.779,0.4889,0.0000,0.0000,0,0.000,0.000,0.0000,0.0000,0,0,-88.965,627.803,96.779,0.000,0,-1.000000,1.000,28.924,-1.000000,0.0000,0.0000,0,0,0.000,1.000,19.607,-88.965,627.803,96.779,0,0,-1,99.660063
150,21.3862,orbit-standing-character,-69.779,616.672,101.907,0.000,72.265,153.565,-58.307,626.644,16.994,-74.520,633.233,16.994,0.0000,0.0000,-46.833,617.115,96.779,-88.965,627.803,96.779,0.4889,0.0000,0.0000,0,0.000,0.000,0.0000,0.0000,0,0,-88.965,627.803,96.779,0.000,0,-1.000000,1.000,28.924,-1.000000,0.0000,0.0000,0,0,0.000,1.000,19.607,-88.965,627.803,96.779,0,0,-1,99.657790
151,21.5299,orbit-standing-character,-69.779,616.672,101.907,0.000,72.265,161.265,-58.307,626.644,16.994,-74.520,633.233,16.994,0.0000,0.0000,-46.846,617.050,96.771,-88.983,627.740,96.771,0.4889,0.0000,0.0000,0,0.000,0.000,0.0000,0.0000,0,0,-88.983,627.740,96.771,0.000,0,-1.000000,1.000,28.924,-1.000000,0.0000,0.0000,0,0,0.000,1.000,19.607,-88.983,627.740,96.771,0,0,-1,99.655484
152,21.6744,orbit-standing-character,-69.779,616.672,101.907,0.000,72.265,168.976,-58.307,626.644,16.994,-74.520,633.233,16.994,0.0000,0.0000,-46.862,616.975,96.764,-89.005,627.667,96.764,0.4889,0.0000,0.0000,0,0.000,0.000,0.0000,0.0000,0,0,-89.005,627.667,96.764,0.000,0,-1.000000,1.000,28.924,-1.000000,0.0000,0.0000,0,0,0.000,1.000,19.607,-89.005,627.667,96.764,0,0,-1,99.653176
153,21.8131,orbit-standing-character,-69.779,616.672,101.907,0.000,72.265,176.395,-58.307,626.644,16.994,-74.520,633.233,16.994,0.0000,0.0000,-46.877,616.903,96.747,-89.027,627.597,96.747,0.4889,0.0000,0.0000,0,0.000,0.000,0.0000,0.0000,0,0,-89.027,627.597,96.747,0.000,0,-1.000000,1.000,28.924,-1.000000,0.0000,0.0000,0,0,0.000,1.000,19.607,-89.027,627.597,96.747,0,0,-1,99.650954
154,22.0143,orbit-standing-character,-69.779,616.672,101.907,0.000,72.265,187.136,-58.307,626.644,16.994,-74.520,633.233,16.994,0.0000,0.0000,-46.905,616.770,96.727,-89.066,627.466,96.728,0.4889,0.0000,0.0000,0,0.000,0.000,0.0000,0.0000,0,0,-89.066,627.466,96.728,0.000,0,-1.000000,1.000,28.924,-1.000000,0.0000,0.0000,0,0,0.000,1.000,19.607,-89.066,627.466,96.728,0,0,-1,99.647738
155,22.1585,orbit-standing-character,-69.779,616.672,101.907,0.000,72.265,194.859,-58.307,626.644,16.994,-74.520,633.233,16.994,0.0000,0.0000,-46.926,616.670,96.713,-89.095,627.368,96.713,0.4889,0.0000,0.0000,0,0.000,0.000,0.0000,0.0000,0,0,-89.095,627.368,96.713,0.000,0,-1.000000,1.000,28.924,-1.000000,0.0000,0.0000,0,0,0.000,1.000,19.607,-89.095,627.368,96.713,0,0,-1,99.645426
156,22.2921,orbit-standing-character,-69.779,616.672,101.907,0.000,72.265,201.974,-58.307,626.644,16.994,-74.520,633.233,16.994,0.0000,0.0000,-46.942,616.591,96.702,-89.118,627.291,96.702,0.4889,0.0000,0.0000,0,0.000,0.000,0.0000,0.0000,0,0,-89.118,627.291,96.702,0.000,0,-1.000000,1.000,28.924,-1.000000,0.0000,0.0000,0,0,0.000,1.000,19.607,-89.118,627.291,96.702,0,0,-1,99.643296
157,22.4363,orbit-standing-character,-69.779,616.672,101.907,0.000,72.265,209.700,-58.307,626.644,16.994,-74.520,633.233,16.994,0.0000,0.0000,-46.947,616.570,96.693,-89.123,627.270,96.693,0.4889,0.0000,0.0000,0,0.000,0.000,0.0000,0.0000,0,0,-89.123,627.270,96.693,0.000,0,-1.000000,1.000,28.924,-1.000000,0.0000,0.0000,0,0,0.000,1.000,19.607,-89.123,627.270,96.693,0,0,-1,99.640982
158,22.5758,orbit-standing-character,-69.779,616.672,101.907,0.000,72.265,217.143,-58.307,626.644,16.994,-74.520,633.233,16.994,0.0000,0.0000,-46.968,616.468,96.686,-89.154,627.170,96.686,0.4889,0.0000,0.0000,0,0.000,0.000,0.0000,0.0000,0,0,-89.154,627.170,96.686,0.000,0,-1.000000,1.000,28.924,-1.000000,0.0000,0.0000,0,0,0.000,1.000,19.607,-89.154,627.170,96.686,0,0,-1,99.638754
159,22.7150,orbit-standing-character,-69.779,616.672,101.907,0.000,72.265,224.599,-58.307,626.644,16.994,-74.520,633.233,16.994,0.0000,0.0000,-46.968,616.468,96.686,-89.154,627.170,96.686,0.4889,0.0000,0.0000,0,0.000,0.000,0.0000,0.0000,0,0,-89.154,627.170,96.686,0.000,0,-1.000000,1.000,28.924,-1.000000,0.0000,0.0000,0,0,0.000,1.000,19.607,-89.154,627.170,96.686,0,0,-1,99.636521
160,22.8573,open-pack,-69.779,616.672,101.907,0.000,72.265,232.182,-58.307,626.644,16.994,-74.520,633.233,16.994,0.0000,0.0000,-46.972,616.451,96.683,-89.159,627.153,96.683,0.4889,0.0000,0.0000,0,0.000,0.000,0.0000,0.0000,0,0,-89.159,627.153,96.683,0.000,0,-1.000000,1.000,28.924,-1.000000,0.0000,0.0000,0,0,0.000,1.000,19.607,-89.159,627.153,96.683,0,0,-1,99.634251
161,23.0032,open-pack,-69.779,616.672,101.907,0.000,72.265,232.182,-58.307,626.644,16.994,-74.520,633.233,16.994,0.0000,0.0000,-46.972,616.451,96.683,-89.159,627.153,96.683,0.4889,0.0000,0.0000,0,0.000,0.000,0.0000,0.0000,0,0,-89.159,627.153,96.683,0.000,0,-1.000000,1.000,28.924,-1.000000,0.0000,0.0000,0,0,0.000,1.000,19.607,-89.159,627.153,96.683,0,0,-1,99.634251
162,23.1621,open-pack,-69.779,616.672,101.907,0.000,72.265,232.182,-58.307,626.644,16.994,-74.520,633.233,16.994,0.0000,0.0000,-46.948,616.562,96.699,-89.126,627.263,96.699,0.4889,0.0000,0.0000,0,0.000,0.000,0.0000,0.0000,0,0,-89.126,627.263,96.699,0.000,0,-1.000000,1.000,28.924,-1.000000,0.0000,0.0000,0,0,0.000,1.000,19.607,-89.126,627.263,96.699,0,0,-1,99.634251
163,23.3155,open-pack,-69.779,616.672,101.907,0.000,72.265,232.182,-58.307,626.644,16.994,-74.520,633.233,16.994,0.0000,0.0000,-46.928,616.660,96.712,-89.098,627.358,96.712,0.4889,0.0000,0.0000,0,0.000,0.000,0.0000,0.0000,0,0,-89.098,627.358,96.712,0.000,0,-1.000000,1.000,28.924,-1.000000,0.0000,0.0000,0,0,0.000,1.000,19.607,-89.098,627.358,96.712,0,0,-1,99.634251
164,23.4671,open-look,-69.779,616.672,101.907,0.000,72.265,232.182,-58.307,626.644,16.994,-74.520,633.233,16.994,0.0000,0.0000,-46.907,616.757,96.726,-89.069,627.454,96.726,0.4889,0.0000,0.0000,0,0.000,0.000,0.0000,0.0000,0,0,-89.069,627.454,96.726,0.000,0,-1.000000,1.000,28.924,-1.000000,0.0000,0.0000,0,0,0.000,1.000,19.607,-89.069,627.454,96.726,0,0,-1,99.634251
165,23.6265,open-look,-69.779,616.672,101.907,0.000,72.265,232.182,-58.307,626.644,16.994,-74.520,633.233,16.994,0.0000,0.0000,-46.884,616.871,96.742,-89.036,627.565,96.742,0.4889,0.0000,0.0000,0,0.000,0.000,0.0000,0.0000,0,0,-89.036,627.565,96.742,0.000,0,-1.000000,1.000,28.924,-1.000000,0.0000,0.0000,0,0,0.000,1.000,19.607,-89.036,627.565,96.742,0,0,-1,99.634251
166,23.7742,open-look,-69.779,616.672,101.907,0.000,72.265,232.182,-58.307,626.644,16.994,-74.520,633.233,16.994,0.0000,0.0000,-46.865,616.959,96.755,-89.010,627.651,96.755,0.4889,0.0000,0.0000,0,0.000,0.000,0.0000,0.0000,0,0,-89.010,627.651,96.755,0.000,0,-1.000000,1.000,28.924,-1.000000,0.0000,0.0000,0,0,0.000,1.000,19.607,-89.010,627.651,96.755,0,0,-1,99.634251
167,23.9286,open-look,-69.779,616.672,101.907,0.000,72.265,232.182,-58.307,626.644,16.994,-74.520,633.233,16.994,0.0000,0.0000,-46.847,617.045,96.768,-88.985,627.735,96.768,0.4889,0.0000,0.0000,0,0.000,0.000,0.0000,0.0000,0,0,-88.985,627.735,96.768,0.000,0,-1.000000,1.000,28.924,-1.000000,0.0000,0.0000,0,0,0.000,1.000,19.607,-88.985,627.735,96.768,0,0,-1,99.634251
168,24.0793,open-look,-69.779,616.672,101.907,0.000,72.265,232.182,-58.307,626.644,16.994,-74.520,633.233,16.994,0.0000,0.0000,-46.847,617.045,96.768,-88.985,627.735,96.768,0.4889,0.0000,0.0000,0,0.000,0.000,0.0000,0.0000,0,0,-88.985,627.735,96.768,0.000,0,-1.000000,1.000,28.924,-1.000000,0.0000,0.0000,0,0,0.000,1.000,19.607,-88.985,627.735,96.768,0,0,-1,99.634251
169,24.2303,open-look,-69.779,616.672,101.907,0.000,72.265,232.182,-58.307,626.644,16.994,-74.520,633.233,16.994,0.0000,0.0000,-46.833,617.115,96.779,-88.965,627.803,96.779,0.4889,0.0000,0.0000,0,0.000,0.000,0.0000,0.0000,0,0,-88.965,627.803,96.779,0.000,0,-1.000000,1.000,28.924,-1.000000,0.0000,0.0000,0,0,0.000,1.000,19.607,-88.965,627.803,96.779,0,0,-1,99.634251
170,24.3738,open-look,-69.779,616.672,101.907,0.000,72.265,232.182,-58.307,626.644,16.994,-74.520,633.233,16.994,0.0000,0.0000,-46.833,617.115,96.779,-88.965,627.803,96.779,0.4889,0.0000,0.0000,0,0.000,0.000,0.0000,0.0000,0,0,-88.965,627.803,96.779,0.000,0,-1.000000,1.000,28.924,-1.000000,0.0000,0.0000,0,0,0.000,1.000,19.607,-88.965,627.803,96.779,0,0,-1,99.634251
171,24.5221,open-look,-69.779,616.672,101.907,0.000,72.265,232.182,-58.307,626.644,16.994,-74.520,633.233,16.994,0.0000,0.0000,-46.845,617.054,96.771,-88.982,627.744,96.771,0.4889,0.0000,0.0000,0,0.000,0.000,0.0000,0.0000,0,0,-88.982,627.744,96.771,0.000,0,-1.000000,1.000,28.924,-1.000000,0.0000,0.0000,0,0,0.000,1.000,19.607,-88.982,627.744,96.771,0,0,-1,99.634251
172,24.6696,open-look,-69.779,616.672,101.907,0.000,72.265,232.182,-58.307,626.644,16.994,-74.520,633.233,16.994,0.0000,0.0000,-46.862,616.977,96.764,-89.005,627.669,96.764,0.4889,0.0000,0.0000,0,0.000,0.000,0.0000,0.0000,0,0,-89.005,627.669,96.764,0.000,0,-1.000000,1.000,28.924,-1.000000,0.0000,0.0000,0,0,0.000,1.000,19.607,-89.005,627.669,96.764,0,0,-1,99.634251
173,24.8189,open-look,-69.779,616.672,101.907,0.000,72.265,232.182,-58.307,626.644,16.994,-74.520,633.233,16.994,0.0000,0.0000,-46.877,616.899,96.746,-89.028,627.593,96.746,0.4889,0.0000,0.0000,0,0.000,0.000,0.0000,0.0000,0,0,-89.028,627.593,96.746,0.000,0,-1.000000,1.000,28.924,-1.000000,0.0000,0.0000,0,0,0.000,1.000,19.607,-89.028,627.593,96.746,0,0,-1,99.634251
174,24.9697,open-look,-69.779,616.672,101.907,0.000,72.265,232.182,-58.307,626.644,16.994,-74.520,633.233,16.994,0.0000,0.0000,-46.899,616.795,96.731,-89.058,627.490,96.731,0.4889,0.0000,0.0000,0,0.000,0.000,0.0000,0.0000,0,0,-89.058,627.490,96.731,0.000,0,-1.000000,1.000,28.924,-1.000000,0.0000,0.0000,0,0,0.000,1.000,19.607,-89.058,627.490,96.731,0,0,-1,99.634251
175,25.1127,open-look,-69.779,616.672,101.907,0.000,72.265,232.182,-58.307,626.644,16.994,-74.520,633.233,16.994,0.0000,0.0000,-46.919,616.701,96.718,-89.086,627.399,96.718,0.4889,0.0000,0.0000,0,0.000,0.000,0.0000,0.0000,0,0,-89.086,627.399,96.718,0.000,0,-1.000000,1.000,28.924,-1.000000,0.0000,0.0000,0,0,0.000,1.000,19.607,-89.086,627.399,96.718,0,0,-1,99.634251
176,25.2590,open-look,-69.779,616.672,101.907,0.000,72.265,232.182,-58.307,626.644,16.994,-74.520,633.233,16.994,0.0000,0.0000,-46.940,616.600,96.704,-89.115,627.300,96.704,0.4889,0.0000,0.0000,0,0.000,0.000,0.0000,0.0000,0,0,-89.115,627.300,96.704,0.000,0,-1.000000,1.000,28.924,-1.000000,0.0000,0.0000,0,0,0.000,1.000,19.607,-89.115,627.300,96.704,0,0,-1,99.634251
177,25.4045,open-look,-69.779,616.672,101.907,0.000,72.265,232.182,-58.307,626.644,16.994,-74.520,633.233,16.994,0.0000,0.0000,-46.946,616.575,96.695,-89.122,627.274,96.695,0.4889,0.0000,0.0000,0,0.000,0.000,0.0000,0.0000,0,0,-89.122,627.274,96.695,0.000,0,-1.000000,1.000,28.924,-1.000000,0.0000,0.0000,0,0,0.000,1.000,19.607,-89.122,627.274,96.695,0,0,-1,99.634251
178,25.5520,open-look,-69.779,616.672,101.907,0.000,72.265,232.182,-58.307,626.644,16.994,-74.520,633.233,16.994,0.0000,0.0000,-46.957,616.526,96.686,-89.136,627.226,96.686,0.4889,0.0000,0.0000,0,0.000,0.000,0.0000,0.0000,0,0,-89.136,627.226,96.686,0.000,0,-1.000000,1.000,28.924,-1.000000,0.0000,0.0000,0,0,0.000,1.000,19.607,-89.136,627.226,96.686,0,0,-1,99.634251
179,25.6984,open-look,-69.779,616.672,101.907,0.000,72.265,232.182,-58.307,626.644,16.994,-74.520,633.233,16.994,0.0000,0.0000,-46.968,616.468,96.686,-89.154,627.170,96.686,0.4889,0.0000,0.0000,0,0.000,0.000,0.0000,0.0000,0,0,-89.154,627.170,96.686,0.000,0,-1.000000,1.000,28.924,-1.000000,0.0000,0.0000,0,0,0.000,1.000,19.607,-89.154,627.170,96.686,0,0,-1,99.634251
180,25.8459,open-look,-69.779,616.672,101.907,0.000,72.265,232.182,-58.307,626.644,16.994,-74.520,633.233,16.994,0.0000,0.0000,-46.971,616.451,96.684,-89.159,627.154,96.684,0.4889,0.0000,0.0000,0,0.000,0.000,0.0000,0.0000,0,0,-89.159,627.154,96.684,0.000,0,-1.000000,1.000,28.924,-1.000000,0.0000,0.0000,0,0,0.000,1.000,19.607,-89.159,627.154,96.684,0,0,-1,99.634251
181,25.9979,open-look,-69.779,616.672,101.907,0.000,72.265,232.182,-58.307,626.644,16.994,-74.520,633.233,16.994,0.0000,0.0000,-46.972,616.451,96.683,-89.159,627.153,96.683,0.4889,0.0000,0.0000,0,0.000,0.000,0.0000,0.0000,0,0,-89.159,627.153,96.683,0.000,0,-1.000000,1.000,28.924,-1.000000,0.0000,0.0000,0,0,0.000,1.000,19.607,-89.159,627.153,96.683,0,0,-1,99.634251
182,26.1456,open-look,-69.779,616.672,101.907,0.000,72.265,232.182,-58.307,626.644,16.994,-74.520,633.233,16.994,0.0000,0.0000,-46.950,616.552,96.697,-89.129,627.253,96.697,0.4889,0.0000,0.0000,0,0.000,0.000,0.0000,0.0000,0,0,-89.129,627.253,96.697,0.000,0,-1.000000,1.000,28.924,-1.000000,0.0000,0.0000,0,0,0.000,1.000,19.607,-89.129,627.253,96.697,0,0,-1,99.634251
183,26.2884,open-look,-69.779,616.672,101.907,0.000,72.265,232.182,-58.307,626.644,16.994,-74.520,633.233,16.994,0.0000,0.0000,-46.931,616.642,96.710,-89.103,627.342,96.710,0.4889,0.0000,0.0000,0,0.000,0.000,0.0000,0.0000,0,0,-89.103,627.342,96.710,0.000,0,-1.000000,1.000,28.924,-1.000000,0.0000,0.0000,0,0,0.000,1.000,19.607,-89.103,627.342,96.710,0,0,-1,99.634251
184,26.4328,open-look,-69.779,616.672,101.907,0.000,72.265,232.182,-58.307,626.644,16.994,-74.520,633.233,16.994,0.0000,0.0000,-46.912,616.732,96.722,-89.077,627.430,96.722,0.4889,0.0000,0.0000,0,0.000,0.000,0.0000,0.0000,0,0,-89.077,627.430,96.722,0.000,0,-1.000000,1.000,28.924,-1.000000,0.0000,0.0000,0,0,0.000,1.000,19.607,-89.077,627.430,96.722,0,0,-1,99.634251
185,26.5739,portrait-idle,-69.779,616.672,101.907,0.000,72.265,232.182,-58.307,626.644,16.994,-74.520,633.233,16.994,0.0000,0.0000,-46.891,616.833,96.737,-89.047,627.529,96.737,0.4889,0.0000,0.0000,0,0.000,0.000,0.0000,0.0000,0,0,-89.047,627.529,96.737,0.000,0,-1.000000,1.000,28.924,-1.000000,0.0000,0.0000,0,0,0.000,1.000,19.607,-89.047,627.529,96.737,0,0,-1,99.634251
186,26.7199,portrait-idle,-69.779,616.672,101.907,0.000,72.265,232.182,-58.307,626.644,16.994,-74.520,633.233,16.994,0.0000,0.0000,-46.872,616.927,96.750,-89.020,627.620,96.750,0.4889,0.0000,0.0000,0,0.000,0.000,0.0000,0.0000,0,0,-89.020,627.620,96.750,0.000,0,-1.000000,1.000,28.924,-1.000000,0.0000,0.0000,0,0,0.000,1.000,19.607,-89.020,627.620,96.750,0,0,-1,99.634251
187,26.8708,portrait-idle,-69.779,616.672,101.907,0.000,72.265,232.182,-58.307,626.644,16.994,-74.520,633.233,16.994,0.0000,0.0000,-46.853,617.016,96.764,-88.994,627.707,96.764,0.4889,0.0000,0.0000,0,0.000,0.000,0.0000,0.0000,0,0,-88.994,627.707,96.764,0.000,0,-1.000000,1.000,28.924,-1.000000,0.0000,0.0000,0,0,0.000,1.000,19.607,-88.994,627.707,96.764,0,0,-1,99.634251
188,27.0204,portrait-idle,-69.779,616.672,101.907,0.000,72.265,232.182,-58.307,626.644,16.994,-74.520,633.233,16.994,0.0000,0.0000,-46.847,617.045,96.768,-88.985,627.735,96.768,0.4889,0.0000,0.0000,0,0.000,0.000,0.0000,0.0000,0,0,-88.985,627.735,96.768,0.000,0,-1.000000,1.000,28.924,-1.000000,0.0000,0.0000,0,0,0.000,1.000,19.607,-88.985,627.735,96.768,0,0,-1,99.634251
189,27.1640,portrait-idle,-69.779,616.672,101.907,0.000,72.265,232.182,-58.307,626.644,16.994,-74.520,633.233,16.994,0.0000,0.0000,-46.847,617.045,96.768,-88.985,627.735,96.768,0.4889,0.0000,0.0000,0,0.000,0.000,0.0000,0.0000,0,0,-88.985,627.735,96.768,0.000,0,-1.000000,1.000,28.924,-1.000000,0.0000,0.0000,0,0,0.000,1.000,19.607,-88.985,627.735,96.768,0,0,-1,99.634251
190,27.3130,portrait-idle,-69.779,616.672,101.907,0.000,72.265,232.182,-58.307,626.644,16.994,-74.520,633.233,16.994,0.0000,0.0000,-46.833,617.115,96.779,-88.965,627.803,96.779,0.4889,0.0000,0.0000,0,0.000,0.000,0.0000,0.0000,0,0,-88.965,627.803,96.779,0.000,0,-1.000000,1.000,28.924,-1.000000,0.0000,0.0000,0,0,0.000,1.000,19.607,-88.965,627.803,96.779,0,0,-1,99.634251
191,27.4568,portrait-idle,-69.779,616.672,101.907,0.000,72.265,232.182,-58.307,626.644,16.994,-74.520,633.233,16.994,0.0000,0.0000,-46.837,617.096,96.776,-88.970,627.785,96.776,0.4889,0.0000,0.0000,0,0.000,0.000,0.0000,0.0000,0,0,-88.970,627.785,96.776,0.000,0,-1.000000,1.000,28.924,-1.000000,0.0000,0.0000,0,0,0.000,1.000,19.607,-88.970,627.785,96.776,0,0,-1,99.634251
192,27.6024,portrait-idle,-69.779,616.672,101.907,0.000,72.265,232.182,-58.307,626.644,16.994,-74.520,633.233,16.994,0.0000,0.0000,-46.854,617.012,96.767,-88.994,627.704,96.768,0.4889,0.0000,0.0000,0,0.000,0.000,0.0000,0.0000,0,0,-88.994,627.704,96.768,0.000,0,-1.000000,1.000,28.924,-1.000000,0.0000,0.0000,0,0,0.000,1.000,19.607,-88.994,627.704,96.768,0,0,-1,99.634251
193,27.7455,portrait-idle,-69.779,616.672,101.907,0.000,72.265,232.182,-58.307,626.644,16.994,-74.520,633.233,16.994,0.0000,0.0000,-46.867,616.951,96.754,-89.013,627.643,96.754,0.4889,0.0000,0.0000,0,0.000,0.000,0.0000,0.0000,0,0,-89.013,627.643,96.754,0.000,0,-1.000000,1.000,28.924,-1.000000,0.0000,0.0000,0,0,0.000,1.000,19.607,-89.013,627.643,96.754,0,0,-1,99.634251
194,27.8919,portrait-idle,-69.779,616.672,101.907,0.000,72.265,232.182,-58.307,626.644,16.994,-74.520,633.233,16.994,0.0000,0.0000,-46.888,616.849,96.739,-89.043,627.544,96.739,0.4889,0.0000,0.0000,0,0.000,0.000,0.0000,0.0000,0,0,-89.043,627.544,96.739,0.000,0,-1.000000,1.000,28.924,-1.000000,0.0000,0.0000,0,0,0.000,1.000,19.607,-89.043,627.544,96.739,0,0,-1,99.634251
195,28.0344,portrait-idle,-69.779,616.672,101.907,0.000,72.265,232.182,-58.307,626.644,16.994,-74.520,633.233,16.994,0.0000,0.0000,-46.908,616.756,96.725,-89.070,627.452,96.726,0.4889,0.0000,0.0000,0,0.000,0.000,0.0000,0.0000,0,0,-89.070,627.452,96.726,0.000,0,-1.000000,1.000,28.924,-1.000000,0.0000,0.0000,0,0,0.000,1.000,19.607,-89.070,627.452,96.726,0,0,-1,99.634251
196,28.1766,portrait-idle,-69.779,616.672,101.907,0.000,72.265,232.182,-58.307,626.644,16.994,-74.520,633.233,16.994,0.0000,0.0000,-46.928,616.657,96.712,-89.099,627.356,96.712,0.4889,0.0000,0.0000,0,0.000,0.000,0.0000,0.0000,0,0,-89.099,627.356,96.712,0.000,0,-1.000000,1.000,28.924,-1.000000,0.0000,0.0000,0,0,0.000,1.000,19.607,-89.099,627.356,96.712,0,0,-1,99.634251
197,28.3164,portrait-idle,-69.779,616.672,101.907,0.000,72.265,232.182,-58.307,626.644,16.994,-74.520,633.233,16.994,0.0000,0.0000,-46.943,616.588,96.701,-89.119,627.287,96.701,0.4889,0.0000,0.0000,0,0.000,0.000,0.0000,0.0000,0,0,-89.119,627.287,96.701,0.000,0,-1.000000,1.000,28.924,-1.000000,0.0000,0.0000,0,0,0.000,1.000,19.607,-89.119,627.287,96.701,0,0,-1,99.634251
198,28.4594,portrait-idle,-69.779,616.672,101.907,0.000,72.265,232.182,-58.307,626.644,16.994,-74.520,633.233,16.994,0.0000,0.0000,-46.948,616.567,96.692,-89.124,627.266,96.692,0.4889,0.0000,0.0000,0,0.000,0.000,0.0000,0.0000,0,0,-89.124,627.266,96.692,0.000,0,-1.000000,1.000,28.924,-1.000000,0.0000,0.0000,0,0,0.000,1.000,19.607,-89.124,627.266,96.692,0,0,-1,99.634251
199,28.5975,portrait-idle,-69.779,616.672,101.907,0.000,72.265,232.182,-58.307,626.644,16.994,-74.520,633.233,16.994,0.0000,0.0000,-46.968,616.468,96.686,-89.154,627.170,96.686,0.4889,0.0000,0.0000,0,0.000,0.000,0.0000,0.0000,0,0,-89.154,627.170,96.686,0.000,0,-1.000000,1.000,28.924,-1.000000,0.0000,0.0000,0,0,0.000,1.000,19.607,-89.154,627.170,96.686,0,0,-1,99.634251
200,28.7452,portrait-idle,-69.779,616.672,101.907,0.000,72.265,232.182,-58.307,626.644,16.994,-74.520,633.233,16.994,0.0000,0.0000,-46.968,616.468,96.686,-89.154,627.170,96.686,0.4889,0.0000,0.0000,0,0.000,0.000,0.0000,0.0000,0,0,-89.154,627.170,96.686,0.000,0,-1.000000,1.000,28.924,-1.000000,0.0000,0.0000,0,0,0.000,1.000,19.607,-89.154,627.170,96.686,0,0,-1,99.634251
201,28.8931,portrait-idle,-69.779,616.672,101.907,0.000,72.265,232.182,-58.307,626.644,16.994,-74.520,633.233,16.994,0.0000,0.0000,-46.972,616.451,96.683,-89.159,627.153,96.683,0.4889,0.0000,0.0000,0,0.000,0.000,0.0000,0.0000,0,0,-89.159,627.153,96.683,0.000,0,-1.000000,1.000,28.924,-1.000000,0.0000,0.0000,0,0,0.000,1.000,19.607,-89.159,627.153,96.683,0,0,-1,99.634251
202,29.0441,portrait-idle,-69.779,616.672,101.907,0.000,72.265,232.182,-58.307,626.644,16.994,-74.520,633.233,16.994,0.0000,0.0000,-46.972,616.451,96.683,-89.159,627.153,96.683,0.4889,0.0000,0.0000,0,0.000,0.000,0.0000,0.0000,0,0,-89.159,627.153,96.683,0.000,0,-1.000000,1.000,28.924,-1.000000,0.0000,0.0000,0,0,0.000,1.000,19.607,-89.159,627.153,96.683,0,0,-1,99.634251
203,29.1871,portrait-idle,-69.779,616.672,101.907,0.000,72.265,232.182,-58.307,626.644,16.994,-74.520,633.233,16.994,0.0000,0.0000,-46.945,616.578,96.701,-89.122,627.279,96.701,0.4889,0.0000,0.0000,0,0.000,0.000,0.0000,0.0000,0,0,-89.122,627.279,96.701,0.000,0,-1.000000,1.000,28.924,-1.000000,0.0000,0.0000,0,0,0.000,1.000,19.607,-89.122,627.279,96.701,0,0,-1,99.634251
204,29.3284,portrait-idle,-69.779,616.672,101.907,0.000,72.265,232.182,-58.307,626.644,16.994,-74.520,633.233,16.994,0.0000,0.0000,-46.926,616.668,96.713,-89.096,627.366,96.713,0.4889,0.0000,0.0000,0,0.000,0.000,0.0000,0.0000,0,0,-89.096,627.366,96.713,0.000,0,-1.000000,1.000,28.924,-1.000000,0.0000,0.0000,0,0,0.000,1.000,19.607,-89.096,627.366,96.713,0,0,-1,99.634251
205,29.4714,portrait-idle,-69.779,616.672,101.907,0.000,72.265,232.182,-58.307,626.644,16.994,-74.520,633.233,16.994,0.0000,0.0000,-46.907,616.760,96.726,-89.069,627.457,96.726,0.4889,0.0000,0.0000,0,0.000,0.000,0.0000,0.0000,0,0,-89.069,627.457,96.726,0.000,0,-1.000000,1.000,28.924,-1.000000,0.0000,0.0000,0,0,0.000,1.000,19.607,-89.069,627.457,96.726,0,0,-1,99.634251
206,29.6179,portrait-orbit,-69.779,616.672,101.907,0.000,72.265,232.182,-58.307,626.644,16.994,-74.520,633.233,16.994,0.0000,0.0000,-46.885,616.865,96.741,-89.038,627.559,96.741,0.4889,0.0000,0.0000,0,0.000,0.000,0.0000,0.0000,0,0,-89.038,627.559,96.741,0.000,0,-1.000000,1.000,28.924,-1.000000,0.0000,0.0000,0,0,0.000,1.000,19.607,-89.038,627.559,96.741,0,0,-1,99.634251
207,29.7623,portrait-orbit,-69.779,616.672,101.907,0.000,72.265,232.182,-58.307,626.644,16.994,-74.520,633.233,16.994,0.0000,0.0000,-46.867,616.952,96.754,-89.012,627.644,96.754,0.4889,0.0000,0.0000,0,0.000,0.000,0.0000,0.0000,0,0,-89.012,627.644,96.754,0.000,0,-1.000000,1.000,28.924,-1.000000,0.0000,0.0000,0,0,0.000,1.000,19.607,-89.012,627.644,96.754,0,0,-1,99.634251
208,29.9060,portrait-orbit,-69.779,616.672,101.907,0.000,72.265,232.182,-58.307,626.644,16.994,-74.520,633.233,16.994,0.0000,0.0000,-46.849,617.037,96.767,-88.987,627.727,96.767,0.4889,0.0000,0.0000,0,0.000,0.000,0.0000,0.0000,0,0,-88.987,627.727,96.767,0.000,0,-1.000000,1.000,28.924,-1.000000,0.0000,0.0000,0,0,0.000,1.000,19.607,-88.987,627.727,96.767,0,0,-1,99.634251
209,30.0490,portrait-orbit,-69.779,616.672,101.907,0.000,72.265,232.182,-58.307,626.644,16.994,-74.520,633.233,16.994,0.0000,0.0000,-46.847,617.045,96.768,-88.985,627.735,96.768,0.4889,0.0000,0.0000,0,0.000,0.000,0.0000,0.0000,0,0,-88.985,627.735,96.768,0.000,0,-1.000000,1.000,28.924,-1.000000,0.0000,0.0000,0,0,0.000,1.000,19.607,-88.985,627.735,96.768,0,0,-1,99.634251
210,30.1937,portrait-orbit,-69.779,616.672,101.907,0.000,72.265,232.182,-58.307,626.644,16.994,-74.520,633.233,16.994,0.0000,0.0000,-46.835,617.103,96.777,-88.968,627.792,96.777,0.4889,0.0000,0.0000,0,0.000,0.000,0.0000,0.0000,0,0,-88.968,627.792,96.777,0.000,0,-1.000000,1.000,28.924,-1.000000,0.0000,0.0000,0,0,0.000,1.000,19.607,-88.968,627.792,96.777,0,0,-1,99.634251
211,30.3373,portrait-orbit,-69.779,616.672,101.907,0.000,72.265,232.182,-58.307,626.644,16.994,-74.520,633.233,16.994,0.0000,0.0000,-46.833,617.115,96.779,-88.965,627.803,96.779,0.4889,0.0000,0.0000,0,0.000,0.000,0.0000,0.0000,0,0,-88.965,627.803,96.779,0.000,0,-1.000000,1.000,28.924,-1.000000,0.0000,0.0000,0,0,0.000,1.000,19.607,-88.965,627.803,96.779,0,0,-1,99.634251
212,30.4836,portrait-orbit,-69.779,616.672,101.907,0.000,72.265,232.182,-58.307,626.644,16.994,-74.520,633.233,16.994,0.0000,0.0000,-46.841,617.074,96.773,-88.976,627.764,96.773,0.4889,0.0000,0.0000,0,0.000,0.000,0.0000,0.0000,0,0,-88.976,627.764,96.773,0.000,0,-1.000000,1.000,28.924,-1.000000,0.0000,0.0000,0,0,0.000,1.000,19.607,-88.976,627.764,96.773,0,0,-1,99.634251
213,30.6257,portrait-orbit,-69.779,616.672,101.907,0.000,72.265,232.182,-58.307,626.644,16.994,-74.520,633.233,16.994,0.0000,0.0000,-46.857,617.000,96.766,-88.998,627.691,96.766,0.4889,0.0000,0.0000,0,0.000,0.000,0.0000,0.0000,0,0,-88.998,627.691,96.766,0.000,0,-1.000000,1.000,28.924,-1.000000,0.0000,0.0000,0,0,0.000,1.000,19.607,-88.998,627.691,96.766,0,0,-1,99.634251
214,30.7766,portrait-orbit,-69.779,616.672,101.907,0.000,72.265,232.182,-58.307,626.644,16.994,-74.520,633.233,16.994,0.0000,0.0000,-46.871,616.929,96.751,-89.019,627.622,96.751,0.4889,0.0000,0.0000,0,0.000,0.000,0.0000,0.0000,0,0,-89.019,627.622,96.751,0.000,0,-1.000000,1.000,28.924,-1.000000,0.0000,0.0000,0,0,0.000,1.000,19.607,-89.019,627.622,96.751,0,0,-1,99.634251
215,30.9207,portrait-orbit,-69.779,616.672,101.907,0.000,72.265,232.182,-58.307,626.644,16.994,-74.520,633.233,16.994,0.0000,0.0000,-46.892,616.828,96.736,-89.048,627.524,96.736,0.4889,0.0000,0.0000,0,0.000,0.000,0.0000,0.0000,0,0,-89.048,627.524,96.736,0.000,0,-1.000000,1.000,28.924,-1.000000,0.0000,0.0000,0,0,0.000,1.000,19.607,-89.048,627.524,96.736,0,0,-1,99.634251
216,31.0657,portrait-orbit,-69.779,616.672,101.907,0.000,72.265,232.182,-58.307,626.644,16.994,-74.520,633.233,16.994,0.0000,0.0000,-46.912,616.734,96.722,-89.076,627.431,96.722,0.4889,0.0000,0.0000,0,0.000,0.000,0.0000,0.0000,0,0,-89.076,627.431,96.722,0.000,0,-1.000000,1.000,28.924,-1.000000,0.0000,0.0000,0,0,0.000,1.000,19.607,-89.076,627.431,96.722,0,0,-1,99.634251
217,31.2114,portrait-orbit,-69.779,616.672,101.907,0.000,72.265,232.182,-58.307,626.644,16.994,-74.520,633.233,16.994,0.0000,0.0000,-46.933,616.633,96.708,-89.106,627.332,96.708,0.4889,0.0000,0.0000,0,0.000,0.000,0.0000,0.0000,0,0,-89.106,627.332,96.708,0.000,0,-1.000000,1.000,28.924,-1.000000,0.0000,0.0000,0,0,0.000,1.000,19.607,-89.106,627.332,96.708,0,0,-1,99.634251
218,31.3608,portrait-orbit,-69.779,616.672,101.907,0.000,72.265,232.182,-58.307,626.644,16.994,-74.520,633.233,16.994,0.0000,0.0000,-46.945,616.581,96.698,-89.120,627.281,96.698,0.4889,0.0000,0.0000,0,0.000,0.000,0.0000,0.0000,0,0,-89.120,627.281,96.698,0.000,0,-1.000000,1.000,28.924,-1.000000,0.0000,0.0000,0,0,0.000,1.000,19.607,-89.120,627.281,96.698,0,0,-1,99.634251
219,31.5112,portrait-orbit,-69.779,616.672,101.907,0.000,72.265,232.182,-58.307,626.644,16.994,-74.520,633.233,16.994,0.0000,0.0000,-46.950,616.559,96.688,-89.126,627.258,96.688,0.4889,0.0000,0.0000,0,0.000,0.000,0.0000,0.0000,0,0,-89.126,627.258,96.688,0.000,0,-1.000000,1.000,28.924,-1.000000,0.0000,0.0000,0,0,0.000,1.000,19.607,-89.126,627.258,96.688,0,0,-1,99.634251
220,31.6544,portrait-orbit,-69.779,616.672,101.907,0.000,72.265,232.182,-58.307,626.644,16.994,-74.520,633.233,16.994,0.0000,0.0000,-46.968,616.468,96.686,-89.154,627.170,96.686,0.4889,0.0000,0.0000,0,0.000,0.000,0.0000,0.0000,0,0,-89.154,627.170,96.686,0.000,0,-1.000000,1.000,28.924,-1.000000,0.0000,0.0000,0,0,0.000,1.000,19.607,-89.154,627.170,96.686,0,0,-1,99.634251
221,31.8025,portrait-orbit,-69.779,616.672,101.907,0.000,72.265,232.182,-58.307,626.644,16.994,-74.520,633.233,16.994,0.0000,0.0000,-46.968,616.468,96.686,-89.154,627.170,96.686,0.4889,0.0000,0.0000,0,0.000,0.000,0.0000,0.0000,0,0,-89.154,627.170,96.686,0.000,0,-1.000000,1.000,28.924,-1.000000,0.0000,0.0000,0,0,0.000,1.000,19.607,-89.154,627.170,96.686,0,0,-1,99.634251
222,31.9465,portrait-orbit,-69.779,616.672,101.907,0.000,72.265,232.182,-58.307,626.644,16.994,-74.520,633.233,16.994,0.0000,0.0000,-46.972,616.451,96.683,-89.159,627.153,96.683,0.4889,0.0000,0.0000,0,0.000,0.000,0.0000,0.0000,0,0,-89.159,627.153,96.683,0.000,0,-1.000000,1.000,28.924,-1.000000,0.0000,0.0000,0,0,0.000,1.000,19.607,-89.159,627.153,96.683,0,0,-1,99.634251
223,32.0913,portrait-orbit,-69.779,616.672,101.907,0.000,72.265,232.182,-58.307,626.644,16.994,-74.520,633.233,16.994,0.0000,0.0000,-46.972,616.451,96.683,-89.159,627.153,96.683,0.4889,0.0000,0.0000,0,0.000,0.000,0.0000,0.0000,0,0,-89.159,627.153,96.683,0.000,0,-1.000000,1.000,28.924,-1.000000,0.0000,0.0000,0,0,0.000,1.000,19.607,-89.159,627.153,96.683,0,0,-1,99.634251
224,32.2363,portrait-orbit,-69.779,616.672,101.907,0.000,72.265,232.182,-58.307,626.644,16.994,-74.520,633.233,16.994,0.0000,0.0000,-46.938,616.609,96.705,-89.113,627.309,96.705,0.4889,0.0000,0.0000,0,0.000,0.000,0.0000,0.0000,0,0,-89.113,627.309,96.705,0.000,0,-1.000000,1.000,28.924,-1.000000,0.0000,0.0000,0,0,0.000,1.000,19.607,-89.113,627.309,96.705,0,0,-1,99.634251
225,32.3878,portrait-orbit,-69.779,616.672,101.907,0.000,72.265,232.182,-58.307,626.644,16.994,-74.520,633.233,16.994,0.0000,0.0000,-46.919,616.703,96.718,-89.085,627.401,96.718,0.4889,0.0000,0.0000,0,0.000,0.000,0.0000,0.0000,0,0,-89.085,627.401,96.718,0.000,0,-1.000000,1.000,28.924,-1.000000,0.0000,0.0000,0,0,0.000,1.000,19.607,-89.085,627.401,96.718,0,0,-1,99.634251
226,32.5290,portrait-orbit,-69.779,616.672,101.907,0.000,72.265,232.182,-58.307,626.644,16.994,-74.520,633.233,16.994,0.0000,0.0000,-46.898,616.801,96.732,-89.057,627.497,96.732,0.4889,0.0000,0.0000,0,0.000,0.000,0.0000,0.0000,0,0,-89.057,627.497,96.732,0.000,0,-1.000000,1.000,28.924,-1.000000,0.0000,0.0000,0,0,0.000,1.000,19.607,-89.057,627.497,96.732,0,0,-1,99.634251
227,32.6741,portrait-orbit,-69.779,616.672,101.907,0.000,72.265,232.182,-58.307,626.644,16.994,-74.520,633.233,16.994,0.0000,0.0000,-46.877,616.900,96.746,-89.028,627.593,96.746,0.4889,0.0000,0.0000,0,0.000,0.000,0.0000,0.0000,0,0,-89.028,627.593,96.746,0.000,0,-1.000000,1.000,28.924,-1.000000,0.0000,0.0000,0,0,0.000,1.000,19.607,-89.028,627.593,96.746,0,0,-1,99.634251
228,32.8156,portrait-orbit,-69.779,616.672,101.907,0.000,72.265,232.182,-58.307,626.644,16.994,-74.520,633.233,16.994,0.0000,0.0000,-46.860,616.983,96.759,-89.003,627.675,96.759,0.4889,0.0000,0.0000,0,0.000,0.000,0.0000,0.0000,0,0,-89.003,627.675,96.759,0.000,0,-1.000000,1.000,28.924,-1.000000,0.0000,0.0000,0,0,0.000,1.000,19.607,-89.003,627.675,96.759,0,0,-1,99.634251
229,32.9587,portrait-orbit,-69.779,616.672,101.907,0.000,72.265,232.182,-58.307,626.644,16.994,-74.520,633.233,16.994,0.0000,0.0000,-46.847,617.045,96.768,-88.985,627.735,96.768,0.4889,0.0000,0.0000,0,0.000,0.000,0.0000,0.0000,0,0,-88.985,627.735,96.768,0.000,0,-1.000000,1.000,28.924,-1.000000,0.0000,0.0000,0,0,0.000,1.000,19.607,-88.985,627.735,96.768,0,0,-1,99.634251
230,33.0994,portrait-orbit,-69.779,616.672,101.907,0.000,72.265,232.182,-58.307,626.644,16.994,-74.520,633.233,16.994,0.0000,0.0000,-46.847,617.045,96.768,-88.985,627.735,96.768,0.4889,0.0000,0.0000,0,0.000,0.000,0.0000,0.0000,0,0,-88.985,627.735,96.768,0.000,0,-1.000000,1.000,28.924,-1.000000,0.0000,0.0000,0,0,0.000,1.000,19.607,-88.985,627.735,96.768,0,0,-1,99.634251
231,33.2448,portrait-orbit,-69.779,616.672,101.907,0.000,72.265,232.182,-58.307,626.644,16.994,-74.520,633.233,16.994,0.0000,0.0000,-46.833,617.115,96.779,-88.965,627.803,96.779,0.4889,0.0000,0.0000,0,0.000,0.000,0.0000,0.0000,0,0,-88.965,627.803,96.779,0.000,0,-1.000000,1.000,28.924,-1.000000,0.0000,0.0000,0,0,0.000,1.000,19.607,-88.965,627.803,96.779,0,0,-1,99.634251
232,33.3893,portrait-orbit,-69.779,616.672,101.907,0.000,72.265,232.182,-58.307,626.644,16.994,-74.520,633.233,16.994,0.0000,0.0000,-46.833,617.115,96.779,-88.965,627.803,96.779,0.4889,0.0000,0.0000,0,0.000,0.000,0.0000,0.0000,0,0,-88.965,627.803,96.779,0.000,0,-1.000000,1.000,28.924,-1.000000,0.0000,0.0000,0,0,0.000,1.000,19.607,-88.965,627.803,96.779,0,0,-1,99.634251
233,33.5345,portrait-orbit,-69.779,616.672,101.907,0.000,72.265,232.182,-58.307,626.644,16.994,-74.520,633.233,16.994,0.0000,0.0000,-46.847,617.048,96.771,-88.984,627.738,96.771,0.4889,0.0000,0.0000,0,0.000,0.000,0.0000,0.0000,0,0,-88.984,627.738,96.771,0.000,0,-1.000000,1.000,28.924,-1.000000,0.0000,0.0000,0,0,0.000,1.000,19.607,-88.984,627.738,96.771,0,0,-1,99.634251
234,33.6769,return-to-world,-69.779,616.672,101.907,0.000,72.265,232.182,-58.307,626.644,16.994,-74.520,633.233,16.994,0.0000,0.0000,-46.862,616.973,96.764,-89.006,627.665,96.764,0.4889,0.0000,0.0000,0,0.000,0.000,0.0000,0.0000,0,0,-89.006,627.665,96.764,0.000,0,-1.000000,1.000,28.924,-1.000000,0.0000,0.0000,0,0,0.000,1.000,19.607,-89.006,627.665,96.764,0,0,-1,99.634251
235,33.8159,return-to-world,-69.779,616.672,101.907,0.000,72.265,232.182,-58.307,626.644,16.994,-74.520,633.233,16.994,0.0000,0.0000,-46.877,616.902,96.747,-89.027,627.595,96.747,0.4889,0.0000,0.0000,0,0.000,0.000,0.0000,0.0000,0,0,-89.027,627.595,96.747,0.000,0,-1.000000,1.000,28.924,-1.000000,0.0000,0.0000,0,0,0.000,1.000,19.607,-89.027,627.595,96.747,0,0,-1,99.632024
236,33.9546,return-to-world,-69.779,616.672,101.907,0.000,72.265,232.182,-58.307,626.644,16.994,-74.520,633.233,16.994,0.0000,0.0000,-46.897,616.805,96.732,-89.055,627.501,96.733,0.4889,0.0000,0.0000,0,0.000,0.000,0.0000,0.0000,0,0,-89.055,627.501,96.733,0.000,0,-1.000000,1.000,28.924,-1.000000,0.0000,0.0000,0,0,0.000,1.000,19.607,-89.055,627.501,96.733,0,0,-1,99.629807
237,34.0939,return-to-world,-69.779,616.672,101.907,0.000,72.265,232.182,-58.307,626.644,16.994,-74.520,633.233,16.994,0.0000,0.0000,-46.916,616.714,96.720,-89.082,627.412,96.720,0.4889,0.0000,0.0000,0,0.000,0.000,0.0000,0.0000,0,0,-89.082,627.412,96.720,0.000,0,-1.000000,1.000,28.924,-1.000000,0.0000,0.0000,0,0,0.000,1.000,19.607,-89.082,627.412,96.720,0,0,-1,99.627575
238,34.2318,return-to-world,-69.779,616.672,101.907,0.000,72.265,232.182,-58.307,626.644,16.994,-74.520,633.233,16.994,0.0000,0.0000,-46.936,616.619,96.706,-89.110,627.319,96.706,0.4889,0.0000,0.0000,0,0.000,0.000,0.0000,0.0000,0,0,-89.110,627.319,96.706,0.000,0,-1.000000,1.000,28.924,-1.000000,0.0000,0.0000,0,0,0.000,1.000,19.607,-89.110,627.319,96.706,0,0,-1,99.625372
239,34.3795,return-to-world,-69.779,616.672,101.907,0.000,72.265,232.182,-58.307,626.644,16.994,-74.520,633.233,16.994,0.0000,0.0000,-46.945,616.578,96.697,-89.121,627.278,96.697,0.4889,0.0000,0.0000,0,0.000,0.000,0.0000,0.0000,0,0,-89.121,627.278,96.697,0.000,0,-1.000000,1.000,28.924,-1.000000,0.0000,0.0000,0,0,0.000,1.000,19.607,-89.121,627.278,96.697,0,0,-1,99.623007
240,34.5237,return-to-world,-69.779,616.672,101.907,0.000,72.265,232.182,-58.307,626.644,16.994,-74.520,633.233,16.994,0.0000,0.0000,-46.951,616.557,96.688,-89.127,627.257,96.688,0.4889,0.0000,0.0000,0,0.000,0.000,0.0000,0.0000,0,0,-89.127,627.257,96.688,0.000,0,-1.000000,1.000,28.924,-1.000000,0.0000,0.0000,0,0,0.000,1.000,19.607,-89.127,627.257,96.688,0,0,-1,99.620702
241,34.6604,return-to-world,-69.779,616.672,101.907,0.000,72.265,232.182,-58.307,626.644,16.994,-74.520,633.233,16.994,0.0000,0.0000,-46.968,616.468,96.686,-89.154,627.170,96.686,0.4889,0.0000,0.0000,0,0.000,0.000,0.0000,0.0000,0,0,-89.154,627.170,96.686,0.000,0,-1.000000,1.000,28.924,-1.000000,0.0000,0.0000,0,0,0.000,1.000,19.607,-89.154,627.170,96.686,0,0,-1,99.618511
242,34.8057,walk-to-forage,-69.779,616.672,101.907,0.000,72.265,232.182,-58.307,626.644,16.994,-74.520,633.233,16.994,0.0000,0.0000,-46.968,616.468,96.686,-89.154,627.170,96.686,0.4889,0.0000,0.0000,0,-100.000,550.000,0.0000,0.0000,0,0,-89.154,627.170,96.686,0.000,0,-1.000000,1.000,28.924,-1.000000,0.0000,0.0000,0,0,0.000,1.000,19.607,-89.154,627.170,96.686,0,0,0,99.616192
243,34.9552,walk-to-forage,-71.382,614.608,101.822,26.191,117.164,233.933,-59.332,611.168,15.937,-96.677,639.989,15.949,0.7483,0.2183,-56.349,631.641,92.277,-92.417,607.183,92.051,0.5216,0.0000,0.0000,0,-100.000,550.000,0.0000,0.0000,0,0,-92.417,607.183,92.051,0.000,0,-1.000000,1.000,28.924,-1.000000,0.0000,0.0000,0,0,0.000,1.000,19.607,-92.417,607.183,92.051,0,0,0,99.613798
244,35.0954,walk-to-forage,-74.774,610.028,101.637,45.000,159.172,235.107,-60.102,614.639,18.524,-110.516,612.177,16.795,1.0000,0.3750,-79.348,633.679,91.938,-81.250,588.803,90.933,0.5741,0.0000,0.0000,0,-100.000,550.000,0.0000,0.0000,0,0,-81.250,588.803,90.933,0.000,0,-1.000000,1.000,28.924,-1.000000,0.0000,0.0000,0,0,0.000,1.000,19.607,-81.250,588.803,90.933,0,0,0,99.611557
245,35.2347,walk-to-forage,-78.408,604.901,101.435,45.000,-158.935,236.249,-75.891,615.451,20.795,-100.763,584.995,16.514,1.0000,0.3750,-100.204,617.587,93.155,-65.690,585.789,91.616,0.6265,0.0000,0.0000,0,-100.000,550.000,0.0000,0.0000,0,0,-65.690,585.789,91.616,0.000,0,-1.000000,1.000,28.924,-1.000000,0.0000,0.0000,0,0,0.000,1.000,19.607,-65.690,585.789,91.616,0,0,0,99.609323
246,35.3753,walk-to-forage,-81.956,599.676,101.232,45.000,-123.751,237.464,-90.027,602.838,22.873,-85.538,576.095,15.977,1.0000,0.3750,-107.886,595.518,94.050,-59.194,593.391,92.174,0.6791,0.0000,0.0000,0,-100.000,550.000,0.0000,0.0000,0,0,-59.194,593.391,92.174,0.000,0,-1.000000,1.000,28.924,-1.000000,0.0000,0.0000,0,0,0.000,1.000,19.607,-59.194,593.391,92.174,0,0,0,99.607077
247,35.5147,walk-to-forage,-85.376,594.406,101.028,45.000,-122.536,238.781,-97.951,589.585,24.501,-85.509,576.255,16.172,1.0000,0.3750,-111.657,588.809,95.003,-61.948,589.650,92.987,0.7315,0.0000,0.0000,0,-100.000,550.000,0.0000,0.0000,0,0,-61.948,589.650,92.987,0.000,0,-1.000000,1.000,28.924,-1.000000,0.0000,0.0000,0,0,0.000,1.000,19.607,-61.948,589.650,92.987,0,0,0,99.604844
248,35.6548,walk-to-forage,-88.684,589.050,100.826,45.000,-121.219,240.254,-105.489,575.632,24.137,-85.483,576.433,16.016,1.0000,0.3750,-114.759,582.987,94.743,-65.236,584.660,92.747,0.7839,0.0000,0.0000,0,-100.000,550.000,0.0000,0.0000,0,0,-65.236,584.660,92.747,0.000,0,-1.000000,1.000,28.924,-1.000000,0.0000,0.0000,0,0,0.000,1.000,19.607,-65.236,584.660,92.747,0,0,0,99.602605
249,35.7962,settle-forage,-88.684,589.050,100.826,0.000,-121.219,240.254,-103.364,579.831,17.202,-87.204,573.214,15.713,0.2914,0.0000,-112.290,590.880,95.094,-70.251,576.941,94.449,0.7839,0.0000,0.0000,0,-100.000,550.000,0.0000,0.0000,0,0,-70.251,576.941,94.449,0.000,0,-1.000000,1.000,28.924,-1.000000,0.0000,0.0000,0,0,0.000,1.000,19.607,-70.251,576.941,94.449,0,0,0,99.600338
250,35.9404,settle-forage,-88.684,589.050,100.826,0.000,-121.219,240.254,-102.165,582.028,15.913,-87.936,571.840,15.913,0.0000,0.0000,-111.072,594.035,95.687,-72.588,573.814,95.687,0.7839,0.0000,0.0000,0,-100.000,550.000,0.0000,0.0000,0,0,-72.588,573.814,95.687,0.000,0,-1.000000,1.000,28.924,-1.000000,0.0000,0.0000,0,0,0.000,1.000,19.607,-72.588,573.814,95.687,0,0,0,99.598034
251,36.0811,settle-forage,-88.684,589.050,100.826,0.000,-121.219,240.254,-102.165,582.028,15.913,-87.936,571.840,15.913,0.0000,0.0000,-111.072,594.035,95.687,-72.588,573.814,95.687,0.7839,0.0000,0.0000,0,-100.000,550.000,0.0000,0.0000,0,0,-72.588,573.814,95.687,0.000,0,-1.000000,1.000,28.924,-1.000000,0.0000,0.0000,0,0,0.000,1.000,19.607,-72.588,573.814,95.687,0,0,0,99.595780
252,36.2329,settle-forage,-88.684,589.050,100.826,0.000,-121.219,240.254,-102.165,582.028,15.913,-87.936,571.840,15.913,0.0000,0.0000,-111.102,593.970,95.698,-72.623,573.753,95.698,0.7839,0.0000,0.0000,0,-100.000,550.000,0.0000,0.0000,0,0,-72.623,573.753,95.698,0.000,0,-1.000000,1.000,28.924,-1.000000,0.0000,0.0000,0,0,0.000,1.000,19.607,-72.623,573.753,95.698,0,0,0,99.593358
253,36.3693,settle-forage,-88.684,589.050,100.826,0.000,-121.219,240.254,-102.165,582.028,15.913,-87.936,571.840,15.913,0.0000,0.0000,-111.102,593.970,95.698,-72.623,573.753,95.698,0.7839,0.0000,0.0000,0,-100.000,550.000,0.0000,0.0000,0,0,-72.623,573.753,95.698,0.000,0,-1.000000,1.000,28.924,-1.000000,0.0000,0.0000,0,0,0.000,1.000,19.607,-72.623,573.753,95.698,0,0,0,99.591168
254,36.5140,view-picking-side,-88.684,589.050,100.826,0.000,-121.219,240.254,-102.165,582.028,15.913,-87.936,571.840,15.913,0.0000,0.0000,-111.077,594.022,95.690,-72.595,573.802,95.690,0.7839,0.0000,0.0000,0,-100.000,550.000,0.0000,0.0000,0,0,-72.595,573.802,95.690,0.000,0,-1.000000,1.000,28.924,-1.000000,0.0000,0.0000,0,0,0.000,1.000,19.607,-72.595,573.802,95.690,0,0,0,99.588857
255,36.6507,view-picking-side,-88.684,589.050,100.826,0.000,-121.219,232.937,-102.165,582.028,15.913,-87.936,571.840,15.913,0.0000,0.0000,-111.046,594.088,95.684,-72.558,573.865,95.684,0.7839,0.0000,0.0000,0,-100.000,550.000,0.0000,0.0000,0,0,-72.558,573.865,95.684,0.000,0,-1.000000,1.000,28.924,-1.000000,0.0000,0.0000,0,0,0.000,1.000,19.607,-72.558,573.865,95.684,0,0,0,99.586666
256,36.7872,view-picking-side,-88.684,589.050,100.826,0.000,-121.219,225.661,-102.165,582.028,15.913,-87.936,571.840,15.913,0.0000,0.0000,-111.018,594.149,95.668,-72.525,573.922,95.669,0.7839,0.0000,0.0000,0,-100.000,550.000,0.0000,0.0000,0,0,-72.525,573.922,95.669,0.000,0,-1.000000,1.000,28.924,-1.000000,0.0000,0.0000,0,0,0.000,1.000,19.607,-72.525,573.922,95.669,0,0,0,99.584488
257,36.9255,view-picking-side,-88.684,589.050,100.826,0.000,-121.219,218.256,-102.165,582.028,15.913,-87.936,571.840,15.913,0.0000,0.0000,-110.976,594.238,95.654,-72.475,574.008,95.654,0.7839,0.0000,0.0000,0,-100.000,550.000,0.0000,0.0000,0,0,-72.475,574.008,95.654,0.000,0,-1.000000,1.000,28.924,-1.000000,0.0000,0.0000,0,0,0.000,1.000,19.607,-72.475,574.008,95.654,0,0,0,99.582271
258,37.0632,view-picking-side,-88.684,589.050,100.826,0.000,-121.219,210.905,-102.165,582.028,15.913,-87.936,571.840,15.913,0.0000,0.0000,-110.937,594.320,95.642,-72.429,574.086,95.642,0.7839,0.0000,0.0000,0,-100.000,550.000,0.0000,0.0000,0,0,-72.429,574.086,95.642,0.000,0,-1.000000,1.000,28.924,-1.000000,0.0000,0.0000,0,0,0.000,1.000,19.607,-72.429,574.086,95.642,0,0,0,99.580070
259,37.2015,view-picking-side,-88.684,589.050,100.826,0.000,-121.219,203.500,-102.165,582.028,15.913,-87.936,571.840,15.913,0.0000,0.0000,-110.895,594.409,95.628,-72.380,574.171,95.628,0.7839,0.0000,0.0000,0,-100.000,550.000,0.0000,0.0000,0,0,-72.380,574.171,95.628,0.000,0,-1.000000,1.000,28.924,-1.000000,0.0000,0.0000,0,0,0.000,1.000,19.607,-72.380,574.171,95.628,0,0,0,99.577852
260,37.3409,view-picking-side,-88.684,589.050,100.826,0.000,-121.219,196.068,-102.165,582.028,15.913,-87.936,571.840,15.913,0.0000,0.0000,-110.870,594.460,95.618,-72.351,574.221,95.618,0.7839,0.0000,0.0000,0,-100.000,550.000,0.0000,0.0000,0,0,-72.351,574.221,95.618,0.000,0,-1.000000,1.000,28.924,-1.000000,0.0000,0.0000,0,0,0.000,1.000,19.607,-72.351,574.221,95.618,0,0,0,99.575627
261,37.4865,view-picking-side,-88.684,589.050,100.826,0.000,-121.219,188.275,-102.165,582.028,15.913,-87.936,571.840,15.913,0.0000,0.0000,-110.860,594.480,95.609,-72.341,574.241,95.609,0.7839,0.0000,0.0000,0,-100.000,550.000,0.0000,0.0000,0,0,-72.341,574.241,95.609,0.000,0,-1.000000,1.000,28.924,-1.000000,0.0000,0.0000,0,0,0.000,1.000,19.607,-72.341,574.241,95.609,0,0,0,99.573294
262,37.6234,view-picking-side,-88.684,589.050,100.826,0.000,-121.219,180.969,-102.165,582.028,15.913,-87.936,571.840,15.913,0.0000,0.0000,-110.819,594.568,95.605,-72.292,574.324,95.605,0.7839,0.0000,0.0000,0,-100.000,550.000,0.0000,0.0000,0,0,-72.292,574.324,95.605,0.000,0,-1.000000,1.000,28.924,-1.000000,0.0000,0.0000,0,0,0.000,1.000,19.607,-72.292,574.324,95.605,0,0,0,99.571106
263,37.7620,before-pick,-88.684,589.050,100.826,0.000,-121.219,173.550,-102.165,582.028,15.913,-87.936,571.840,15.913,0.0000,0.0000,-110.819,594.568,95.605,-72.292,574.324,95.605,0.7839,0.0000,0.0000,0,-100.000,550.000,0.0000,0.0000,0,0,-72.292,574.324,95.605,0.000,0,-1.000000,1.000,28.924,-1.000000,0.0000,0.0000,0,0,0.000,1.000,19.607,-72.292,574.324,95.605,0,0,0,99.568885
264,37.9071,before-pick,-88.684,589.050,100.826,0.000,-121.219,173.550,-102.165,582.028,15.913,-87.936,571.840,15.913,0.0000,0.0000,-110.812,594.584,95.602,-72.283,574.339,95.602,0.7839,0.0000,0.0000,0,-100.000,550.000,0.0000,0.0000,0,0,-72.283,574.339,95.602,0.000,0,-1.000000,1.000,28.924,-1.000000,0.0000,0.0000,0,0,0.000,1.000,19.607,-72.283,574.339,95.602,0,0,0,99.566569
265,38.0515,before-pick,-88.684,589.050,100.826,0.000,-121.219,173.550,-102.165,582.028,15.913,-87.936,571.840,15.913,0.0000,0.0000,-110.812,594.584,95.602,-72.283,574.339,95.602,0.7839,0.0000,0.0000,0,-100.000,550.000,0.0000,0.0000,0,0,-72.283,574.339,95.602,0.000,0,-1.000000,1.000,28.924,-1.000000,0.0000,0.0000,0,0,0.000,1.000,19.607,-72.283,574.339,95.602,0,0,0,99.564253
266,38.1864,before-pick,-88.684,589.050,100.826,0.000,-121.219,173.550,-102.165,582.028,15.913,-87.936,571.840,15.913,0.0000,0.0000,-110.867,594.466,95.620,-72.348,574.226,95.620,0.7839,0.0000,0.0000,0,-100.000,550.000,0.0000,0.0000,0,0,-72.348,574.226,95.620,0.000,0,-1.000000,1.000,28.924,-1.000000,0.0000,0.0000,0,0,0.000,1.000,19.607,-72.348,574.226,95.620,0,0,0,99.562098
267,38.3265,before-pick,-88.684,589.050,100.826,0.000,-121.219,173.550,-102.165,582.028,15.913,-87.936,571.840,15.913,0.0000,0.0000,-110.906,594.384,95.632,-72.394,574.148,95.632,0.7839,0.0000,0.0000,0,-100.000,550.000,0.0000,0.0000,0,0,-72.394,574.148,95.632,0.000,0,-1.000000,1.000,28.924,-1.000000,0.0000,0.0000,0,0,0.000,1.000,19.607,-72.394,574.148,95.632,0,0,0,99.559853
268,38.4683,before-pick,-88.684,589.050,100.826,0.000,-121.219,173.550,-102.165,582.028,15.913,-87.936,571.840,15.913,0.0000,0.0000,-110.946,594.300,95.645,-72.440,574.067,95.645,0.7839,0.0000,0.0000,0,-100.000,550.000,0.0000,0.0000,0,0,-72.440,574.067,95.645,0.000,0,-1.000000,1.000,28.924,-1.000000,0.0000,0.0000,0,0,0.000,1.000,19.607,-72.440,574.067,95.645,0,0,0,99.557591
269,38.6096,gather,-88.684,589.050,100.826,0.000,-121.219,173.550,-102.165,582.028,15.913,-87.936,571.840,15.913,0.0000,0.0000,-110.990,594.206,95.659,-72.492,573.978,95.659,0.7839,0.0000,0.0000,0,-100.000,550.000,0.0000,0.0000,0,0,-72.492,573.978,95.659,0.000,0,-1.000000,1.000,28.924,-1.000000,0.0000,0.0000,0,0,0.000,1.000,19.607,-72.492,573.978,95.659,0,0,0,99.555323
270,38.7443,gather,-88.684,589.050,100.826,0.000,-121.219,173.550,-102.146,582.060,15.826,-87.926,571.875,15.824,0.0000,0.0000,-110.197,595.723,93.109,-72.288,574.731,93.145,0.7839,1.0000,0.1344,1,-100.000,550.000,0.0000,0.0000,0,0,-72.288,574.731,93.145,0.000,0,-1.000000,1.000,28.924,-1.000000,0.0000,0.0000,0,0,0.000,1.000,19.607,-72.288,574.731,93.145,0,0,0,99.553174
271,38.8783,gather,-88.684,589.050,100.826,0.000,-121.219,173.550,-102.158,582.026,15.843,-87.909,571.907,15.824,0.0000,0.0000,-108.628,598.709,88.225,-76.117,570.197,89.236,0.7839,1.0000,0.2687,1,-100.000,550.000,0.0000,0.0000,0,0,-76.117,570.197,89.236,0.000,0,-1.000000,1.000,28.924,-1.000000,0.0000,0.0000,0,0,0.000,1.000,19.607,-76.117,570.197,89.236,0,0,0,99.551025
272,39.0107,gather,-88.684,589.050,100.826,0.000,-121.219,173.550,-102.143,582.062,15.715,-87.885,571.975,15.705,0.0000,0.0000,-107.166,601.492,84.035,-85.609,557.765,92.044,0.7839,1.0000,0.4008,1,-100.000,550.000,0.0000,0.0000,0,0,-85.609,557.765,92.044,0.000,0,-1.000000,1.000,28.924,-1.000000,0.0000,0.0000,0,0,0.000,1.000,19.607,-85.609,557.765,92.044,0,0,0,99.548910
273,39.1465,gather,-88.684,589.050,100.826,0.000,-121.219,173.550,-102.186,582.011,15.932,-87.956,571.778,15.941,0.0000,0.0000,-106.754,602.276,83.044,-89.284,553.554,96.085,0.7839,1.0000,0.5369,1,-100.000,550.000,0.0000,0.0000,0,0,-89.284,553.554,96.085,0.000,0,-1.000000,1.000,28.924,-1.000000,0.0000,0.0000,0,0,0.000,1.000,19.607,-89.284,553.554,96.085,0,0,0,99.546732
274,39.2811,gather,-88.684,589.050,100.826,0.000,-121.219,173.550,-102.240,581.920,15.951,-87.952,571.775,15.941,0.0000,0.0000,-106.754,602.276,83.044,-87.883,556.178,98.170,0.7839,1.0000,0.6713,1,-100.000,550.000,0.0000,0.0000,0,0,-87.883,556.178,98.170,0.000,0,-1.000000,1.000,28.924,-1.000000,0.0000,0.0000,0,0,0.000,1.000,19.607,-87.883,556.178,98.170,0,0,0,99.544582
275,39.4155,gather,-88.684,589.050,100.826,0.000,-121.219,173.550,-102.240,581.920,15.951,-87.952,571.775,15.941,0.0000,0.0000,-106.754,602.276,83.044,-88.107,555.779,97.840,0.7839,1.0000,0.8059,1,-100.000,550.000,0.0000,0.0000,0,0,-88.107,555.779,97.840,0.000,0,-1.000000,1.000,28.924,-1.000000,0.0000,0.0000,0,0,0.000,1.000,19.607,-88.107,555.779,97.840,0,0,0,99.542429
276,39.5514,gather,-88.684,589.050,100.826,0.000,-121.219,173.550,-102.091,582.140,15.403,-87.876,571.970,15.400,0.0000,0.0000,-106.882,602.032,83.016,-87.771,555.167,93.735,0.7839,1.0000,0.9414,1,-100.000,550.000,0.0000,0.0000,0,0,-87.771,555.167,93.735,0.000,0,-1.000000,1.000,28.924,-1.000000,0.0000,0.0000,0,0,0.000,1.000,19.607,-87.771,555.167,93.735,0,0,0,99.540260
277,39.6840,gather,-88.684,589.050,100.826,0.000,-121.219,173.550,-102.201,581.979,15.870,-87.919,571.891,15.884,0.0000,0.0000,-107.657,600.559,85.514,-81.861,562.512,89.954,0.7839,1.0000,1.0743,1,-100.000,550.000,0.0000,0.0000,0,0,-81.861,562.512,89.954,0.000,0,-1.000000,1.000,28.924,-1.000000,0.0000,0.0000,0,0,0.000,1.000,19.607,-81.861,562.512,89.954,0,0,0,99.538134
278,39.8224,gather,-88.684,589.050,100.826,0.000,-121.219,173.550,-102.199,581.998,15.895,-87.908,571.949,15.888,0.0000,0.0000,-108.755,598.469,88.697,-75.578,570.879,89.515,0.7839,1.0000,1.2126,1,-100.000,550.000,0.0000,0.0000,0,0,-75.578,570.879,89.515,0.000,0,-1.000000,1.000,28.924,-1.000000,0.0000,0.0000,0,0,0.000,1.000,19.607,-75.578,570.879,89.515,0,0,0,99.535922
279,39.9535,gather,-88.684,589.050,100.826,0.000,-121.219,173.550,-102.152,582.045,15.757,-87.952,571.776,15.756,0.0000,0.0000,-109.811,596.458,91.819,-72.640,574.485,91.917,0.7839,1.0000,1.3439,1,-100.000,550.000,0.0000,0.0000,0,0,-72.640,574.485,91.917,0.000,0,-1.000000,1.000,28.924,-1.000000,0.0000,0.0000,0,0,0.000,1.000,19.607,-72.640,574.485,91.917,0,0,0,99.533822
280,40.0890,gather,-88.684,589.050,100.826,0.000,-121.219,173.550,-102.166,582.029,15.908,-87.935,571.843,15.905,0.0000,0.0000,-110.888,594.414,95.492,-72.394,574.164,95.493,0.7839,0.1543,1.4792,1,-100.000,550.000,0.0000,0.0000,0,0,-72.394,574.164,95.493,0.000,0,-1.000000,1.000,28.924,-1.000000,0.0000,0.0000,0,0,0.000,1.000,19.607,-72.394,574.164,95.493,0,0,0,99.531657
281,40.2241,gather,-88.684,589.050,100.826,0.000,-121.219,173.550,-102.165,582.028,15.913,-87.936,571.840,15.913,0.0000,0.0000,-110.888,594.423,95.626,-72.372,574.185,95.626,0.7839,0.0000,1.6000,1,-100.000,550.000,0.0000,0.0000,0,0,-72.372,574.185,95.626,0.000,0,-1.000000,1.000,28.924,-1.000000,0.0000,0.0000,0,0,0.000,1.000,19.607,-72.372,574.185,95.626,0,0,0,99.529491
282,40.3589,gather,-88.684,589.050,100.826,0.000,-121.219,173.550,-102.165,582.028,15.913,-87.936,571.840,15.913,0.0000,0.0000,-110.869,594.463,95.617,-72.350,574.224,95.617,0.7839,0.0000,1.6000,1,-100.000,550.000,0.0000,0.0000,0,0,-72.350,574.224,95.617,0.000,0,-1.000000,1.000,28.924,-1.000000,0.0000,0.0000,0,0,0.000,1.000,19.607,-72.350,574.224,95.617,0,0,0,99.527340
283,40.4961,gather,-88.684,589.050,100.826,0.000,-121.219,173.550,-102.165,582.028,15.913,-87.936,571.840,15.913,0.0000,0.0000,-110.859,594.481,95.608,-72.340,574.242,95.608,0.7839,0.0000,1.6000,1,-100.000,550.000,0.0000,0.0000,0,0,-72.340,574.242,95.608,0.000,0,-1.000000,1.000,28.924,-1.000000,0.0000,0.0000,0,0,0.000,1.000,19.607,-72.340,574.242,95.608,0,0,0,99.525139
284,41.0978,gather,-88.684,589.050,100.826,0.000,-121.219,173.550,-102.165,582.028,15.913,-87.936,571.840,15.913,0.0000,0.0000,-110.812,594.584,95.602,-72.283,574.339,95.602,0.7839,0.0000,1.6000,1,-100.000,550.000,0.0000,0.0000,0,0,-72.283,574.339,95.602,0.000,0,-1.000000,1.000,28.924,-1.000000,0.0000,0.0000,0,0,0.000,1.000,19.607,-72.283,574.339,95.602,0,0,0,99.518739
285,41.2535,gather,-88.684,589.050,100.826,0.000,-121.219,173.550,-102.165,582.028,15.913,-87.936,571.840,15.913,0.0000,0.0000,-110.812,594.584,95.602,-72.283,574.339,95.602,0.7839,0.0000,1.6000,1,-100.000,550.000,0.0000,0.0000,0,0,-72.283,574.339,95.602,0.000,0,-1.000000,1.000,28.924,-1.000000,0.0000,0.0000,0,0,0.000,1.000,19.607,-72.283,574.339,95.602,0,0,0,99.516242
286,41.3993,gather,-88.684,589.050,100.826,0.000,-121.219,173.550,-102.165,582.028,15.913,-87.936,571.840,15.913,0.0000,0.0000,-110.871,594.459,95.621,-72.352,574.220,95.621,0.7839,0.0000,1.6000,1,-100.000,550.000,0.0000,0.0000,0,0,-72.352,574.220,95.621,0.000,0,-1.000000,1.000,28.924,-1.000000,0.0000,0.0000,0,0,0.000,1.000,19.607,-72.352,574.220,95.621,0,0,0,99.513914
287,41.5441,gather,-88.684,589.050,100.826,0.000,-121.219,173.550,-102.165,582.028,15.913,-87.936,571.840,15.913,0.0000,0.0000,-110.911,594.375,95.633,-72.399,574.138,95.633,0.7839,0.0000,1.6000,1,-100.000,550.000,0.0000,0.0000,0,0,-72.399,574.138,95.633,0.000,0,-1.000000,1.000,28.924,-1.000000,0.0000,0.0000,0,0,0.000,1.000,19.607,-72.399,574.138,95.633,0,0,0,99.511592
288,41.7043,after-gather,-88.684,589.050,100.826,0.000,-121.219,173.550,-102.165,582.028,15.913,-87.936,571.840,15.913,0.0000,0.0000,-110.957,594.277,95.648,-72.453,574.045,95.648,0.7839,0.0000,1.6000,1,-100.000,550.000,0.0000,0.0000,0,0,-72.453,574.045,95.648,0.000,0,-1.000000,1.000,28.924,-1.000000,0.0000,0.0000,0,0,0.000,1.000,19.607,-72.453,574.045,95.648,0,0,0,99.509036
289,41.8630,after-gather,-88.684,589.050,100.826,0.000,-121.219,173.550,-102.165,582.028,15.913,-87.936,571.840,15.913,0.0000,0.0000,-111.005,594.176,95.664,-72.509,573.948,95.664,0.7839,0.0000,1.6000,1,-100.000,550.000,0.0000,0.0000,0,0,-72.509,573.948,95.664,0.000,0,-1.000000,1.000,28.924,-1.000000,0.0000,0.0000,0,0,0.000,1.000,19.607,-72.509,573.948,95.664,0,0,0,99.506492
290,42.0055,after-gather,-88.684,589.050,100.826,0.000,-121.219,173.550,-102.165,582.028,15.913,-87.936,571.840,15.913,0.0000,0.0000,-111.042,594.098,95.677,-72.553,573.874,95.677,0.7839,0.0000,1.6000,1,-100.000,550.000,0.0000,0.0000,0,0,-72.553,573.874,95.677,0.000,0,-1.000000,1.000,28.924,-1.000000,0.0000,0.0000,0,0,0.000,1.000,19.607,-72.553,573.874,95.677,0,0,0,99.504213
291,42.1531,after-gather,-88.684,589.050,100.826,0.000,-121.219,173.550,-102.165,582.028,15.913,-87.936,571.840,15.913,0.0000,0.0000,-111.072,594.035,95.687,-72.588,573.814,95.687,0.7839,0.0000,1.6000,1,-100.000,550.000,0.0000,0.0000,0,0,-72.588,573.814,95.687,0.000,0,-1.000000,1.000,28.924,-1.000000,0.0000,0.0000,0,0,0.000,1.000,19.607,-72.588,573.814,95.687,0,0,0,99.501847
292,42.2937,after-gather,-88.684,589.050,100.826,0.000,-121.219,173.550,-102.165,582.028,15.913,-87.936,571.840,15.913,0.0000,0.0000,-111.072,594.035,95.687,-72.588,573.814,95.687,0.7839,0.0000,1.6000,1,-100.000,550.000,0.0000,0.0000,0,0,-72.588,573.814,95.687,0.000,0,-1.000000,1.000,28.924,-1.000000,0.0000,0.0000,0,0,0.000,1.000,19.607,-72.588,573.814,95.687,0,0,0,99.499604
293,42.4307,after-gather,-88.684,589.050,100.826,0.000,-121.219,173.550,-102.165,582.028,15.913,-87.936,571.840,15.913,0.0000,0.0000,-111.102,593.970,95.698,-72.623,573.753,95.698,0.7839,0.0000,1.6000,1,-100.000,550.000,0.0000,0.0000,0,0,-72.623,573.753,95.698,0.000,0,-1.000000,1.000,28.924,-1.000000,0.0000,0.0000,0,0,0.000,1.000,19.607,-72.623,573.753,95.698,0,0,0,99.497407
294,42.5771,after-gather,-88.684,589.050,100.826,0.000,-121.219,173.550,-102.165,582.028,15.913,-87.936,571.840,15.913,0.0000,0.0000,-111.102,593.970,95.698,-72.623,573.753,95.698,0.7839,0.0000,1.6000,1,-100.000,550.000,0.0000,0.0000,0,0,-72.623,573.753,95.698,0.000,0,-1.000000,1.000,28.924,-1.000000,0.0000,0.0000,0,0,0.000,1.000,19.607,-72.623,573.753,95.698,0,0,0,99.495067
295,42.7253,after-gather,-88.684,589.050,100.826,0.000,-121.219,173.550,-102.165,582.028,15.913,-87.936,571.840,15.913,0.0000,0.0000,-111.075,594.027,95.690,-72.592,573.806,95.690,0.7839,0.0000,1.6000,1,-100.000,550.000,0.0000,0.0000,0,0,-72.592,573.806,95.690,0.000,0,-1.000000,1.000,28.924,-1.000000,0.0000,0.0000,0,0,0.000,1.000,19.607,-72.592,573.806,95.690,0,0,0,99.492694
296,42.8729,after-gather,-88.684,589.050,100.826,0.000,-121.219,173.550,-102.165,582.028,15.913,-87.936,571.840,15.913,0.0000,0.0000,-111.041,594.098,95.683,-72.553,573.874,95.683,0.7839,0.0000,1.6000,1,-100.000,550.000,0.0000,0.0000,0,0,-72.553,573.874,95.683,0.000,0,-1.000000,1.000,28.924,-1.000000,0.0000,0.0000,0,0,0.000,1.000,19.607,-72.553,573.874,95.683,0,0,0,99.490336
297,43.0260,after-gather,-88.684,589.050,100.826,0.000,-121.219,173.550,-102.165,582.028,15.913,-87.936,571.840,15.913,0.0000,0.0000,-111.006,594.173,95.665,-72.511,573.946,95.665,0.7839,0.0000,1.6000,1,-100.000,550.000,0.0000,0.0000,0,0,-72.511,573.946,95.665,0.000,0,-1.000000,1.000,28.924,-1.000000,0.0000,0.0000,0,0,0.000,1.000,19.607,-72.511,573.946,95.665,0,0,0,99.487882
298,43.1931,after-gather,-88.684,589.050,100.826,0.000,-121.219,173.550,-102.165,582.028,15.913,-87.936,571.840,15.913,0.0000,0.0000,-110.957,594.276,95.648,-72.454,574.044,95.648,0.7839,0.0000,1.6000,1,-100.000,550.000,0.0000,0.0000,0,0,-72.454,574.044,95.648,0.000,0,-1.000000,1.000,28.924,-1.000000,0.0000,0.0000,0,0,0.000,1.000,19.607,-72.454,574.044,95.648,0,0,0,99.485214
299,43.3429,after-gather,-88.684,589.050,100.826,0.000,-121.219,173.550,-102.165,582.028,15.913,-87.936,571.840,15.913,0.0000,0.0000,-110.913,594.371,95.634,-72.401,574.135,95.634,0.7839,0.0000,1.6000,1,-100.000,550.000,0.0000,0.0000,0,0,-72.401,574.135,95.634,0.000,0,-1.000000,1.000,28.924,-1.000000,0.0000,0.0000,0,0,0.000,1.000,19.607,-72.401,574.135,95.634,0,0,0,99.482811
300,43.4954,after-gather,-88.684,589.050,100.826,0.000,-121.219,173.550,-102.165,582.028,15.913,-87.936,571.840,15.913,0.0000,0.0000,-110.873,594.454,95.621,-72.355,574.215,95.621,0.7839,0.0000,1.6000,1,-100.000,550.000,0.0000,0.0000,0,0,-72.355,574.215,95.621,0.000,0,-1.000000,1.000,28.924,-1.000000,0.0000,0.0000,0,0,0.000,1.000,19.607,-72.355,574.215,95.621,0,0,0,99.480379
301,43.6362,after-gather,-88.684,589.050,100.826,0.000,-121.219,173.550,-102.165,582.028,15.913,-87.936,571.840,15.913,0.0000,0.0000,-110.863,594.473,95.612,-72.345,574.234,95.612,0.7839,0.0000,1.6000,1,-100.000,550.000,0.0000,0.0000,0,0,-72.345,574.234,95.612,0.000,0,-1.000000,1.000,28.924,-1.000000,0.0000,0.0000,0,0,0.000,1.000,19.607,-72.345,574.234,95.612,0,0,0,99.478118
302,43.7853,walk-to-authored-tree,-88.684,589.050,100.826,0.000,-121.219,173.550,-102.165,582.028,15.913,-87.936,571.840,15.913,0.0000,0.0000,-110.819,594.568,95.605,-72.292,574.324,95.605,0.7839,0.0000,1.6000,1,-100.000,550.000,0.0000,0.0000,0,0,-72.292,574.324,95.605,0.000,0,-1.000000,1.000,28.924,-1.000000,0.0000,0.0000,0,0,0.000,1.000,19.607,-72.292,574.324,95.605,0,0,0,99.475738
303,43.9312,walk-to-authored-tree,-88.684,589.050,100.826,0.000,-121.219,182.231,-102.165,582.028,15.913,-87.936,571.840,15.913,0.0000,0.0000,-110.819,594.568,95.605,-72.292,574.324,95.605,0.7839,0.0000,1.6000,1,-100.000,550.000,0.0000,0.0000,0,0,-72.292,574.324,95.605,0.000,0,-1.000000,1.000,28.924,-1.000000,0.0000,0.0000,0,0,0.000,1.000,19.607,-72.292,574.324,95.605,0,0,0,99.473399
304,44.0834,walk-to-authored-tree,-88.684,589.050,100.826,0.000,-121.219,191.257,-102.165,582.028,15.913,-87.936,571.840,15.913,0.0000,0.0000,-110.812,594.584,95.602,-72.283,574.339,95.602,0.7839,0.0000,1.6000,1,-100.000,550.000,0.0000,0.0000,0,0,-72.283,574.339,95.602,0.000,0,-1.000000,1.000,28.924,-1.000000,0.0000,0.0000,0,0,0.000,1.000,19.607,-72.283,574.339,95.602,0,0,0,99.470966
305,44.2338,walk-to-authored-tree,-88.684,589.050,100.826,0.000,-121.219,200.199,-102.165,582.028,15.913,-87.936,571.840,15.913,0.0000,0.0000,-110.812,594.584,95.602,-72.283,574.339,95.602,0.7839,0.0000,1.6000,1,-100.000,550.000,0.0000,0.0000,0,0,-72.283,574.339,95.602,0.000,0,-1.000000,1.000,28.924,-1.000000,0.0000,0.0000,0,0,0.000,1.000,19.607,-72.283,574.339,95.602,0,0,0,99.468557
306,44.3788,walk-to-authored-tree,-88.684,589.050,100.826,0.000,-121.219,208.797,-102.165,582.028,15.913,-87.936,571.840,15.913,0.0000,0.0000,-110.865,594.471,95.619,-72.345,574.231,95.619,0.7839,0.0000,1.6000,1,-100.000,550.000,0.0000,0.0000,0,0,-72.345,574.231,95.619,0.000,0,-1.000000,1.000,28.924,-1.000000,0.0000,0.0000,0,0,0.000,1.000,19.607,-72.345,574.231,95.619,0,0,0,99.466240
307,44.5225,walk-to-authored-tree,-88.684,589.050,100.826,0.000,-121.219,217.341,-102.165,582.028,15.913,-87.936,571.840,15.913,0.0000,0.0000,-110.905,594.387,95.631,-72.392,574.151,95.631,0.7839,0.0000,1.6000,1,-100.000,550.000,0.0000,0.0000,0,0,-72.392,574.151,95.631,0.000,0,-1.000000,1.000,28.924,-1.000000,0.0000,0.0000,0,0,0.000,1.000,19.607,-72.392,574.151,95.631,0,0,0,99.463938
308,44.6639,walk-to-authored-tree,-88.684,589.050,100.826,0.000,-121.219,225.728,-102.165,582.028,15.913,-87.936,571.840,15.913,0.0000,0.0000,-110.944,594.304,95.644,-72.438,574.071,95.644,0.7839,0.0000,1.6000,1,-100.000,550.000,0.0000,0.0000,0,0,-72.438,574.071,95.644,0.000,0,-1.000000,1.000,28.924,-1.000000,0.0000,0.0000,0,0,0.000,1.000,19.607,-72.438,574.071,95.644,0,0,0,99.461678
309,44.8087,walk-to-authored-tree,-88.684,589.050,100.826,0.000,-121.219,234.333,-102.165,582.028,15.913,-87.936,571.840,15.913,0.0000,0.0000,-110.990,594.208,95.659,-72.492,573.979,95.659,0.7839,0.0000,1.6000,1,-100.000,550.000,0.0000,0.0000,0,0,-72.492,573.979,95.659,0.000,0,-1.000000,1.000,28.924,-1.000000,0.0000,0.0000,0,0,0.000,1.000,19.607,-72.492,573.979,95.659,0,0,0,99.459359
310,44.9551,walk-to-authored-tree,-88.684,589.050,100.826,0.000,-121.219,242.858,-102.165,582.028,15.913,-87.936,571.840,15.913,0.0000,0.0000,-111.029,594.126,95.672,-72.537,573.900,95.672,0.7839,0.0000,1.6000,1,-100.000,550.000,0.0000,0.0000,0,0,-72.537,573.900,95.672,0.000,0,-1.000000,1.000,28.924,-1.000000,0.0000,0.0000,0,0,0.000,1.000,19.607,-72.537,573.900,95.672,0,0,0,99.457021
311,45.0950,walk-to-authored-tree,-91.299,583.950,100.645,61.308,-117.142,247.883,-110.010,563.182,18.481,-85.412,575.964,15.345,0.7007,0.5109,-115.809,580.924,93.553,-70.295,576.369,92.350,0.8555,0.0000,1.6000,1,-100.000,550.000,0.0000,0.0000,0,0,-70.295,576.369,92.350,0.000,0,-1.000000,1.000,28.924,-1.000000,0.0000,0.0000,0,0,0.000,1.000,19.607,-70.295,576.369,92.350,0,0,0,99.454779
312,45.2372,walk-to-authored-tree,-96.887,571.021,100.210,112.500,-112.117,251.123,-119.067,532.422,15.410,-83.899,582.420,15.279,1.0000,0.9375,-119.541,571.620,89.137,-77.720,559.525,88.973,0.9887,0.0000,1.6000,1,-100.000,550.000,0.0000,0.0000,0,0,-77.720,559.525,88.973,0.000,0,-1.000000,1.000,28.924,-1.000000,0.0000,0.0000,0,0,0.000,1.000,19.607,-77.720,559.525,88.973,0,0,0,99.452506
313,45.3835,walk-to-authored-tree,-102.533,555.536,99.709,112.500,-108.877,253.277,-118.472,530.304,14.797,-92.393,559.748,19.090,1.0000,0.9375,-123.324,564.985,89.909,-86.421,535.983,91.392,0.1261,0.0000,1.6000,1,-100.000,550.000,0.0000,0.0000,0,0,-86.421,535.983,91.392,0.000,0,-1.000000,1.000,28.924,-1.000000,0.0000,0.0000,0,0,0.000,1.000,19.607,-86.421,535.983,91.392,0,0,0,99.450162
314,45.5264,walk-to-authored-tree,-107.371,540.235,99.223,112.500,-106.723,254.625,-118.698,530.019,14.326,-102.481,523.245,22.771,1.0000,0.9375,-127.899,552.493,91.201,-91.718,518.316,93.118,0.2598,0.0000,1.6000,1,-100.000,550.000,0.0000,0.0000,0,0,-91.718,518.316,93.118,0.000,0,-1.000000,1.000,28.924,-1.000000,0.0000,0.0000,0,0,0.000,1.000,19.607,-91.718,518.316,93.118,0,0,0,99.447879
315,45.6697,walk-to-authored-tree,-111.794,524.717,98.728,112.500,-105.375,255.523,-119.411,530.031,13.701,-110.740,486.980,16.913,1.0000,0.9375,-133.150,531.610,88.380,-93.993,507.256,89.680,0.3943,0.0000,1.6000,1,-100.000,550.000,0.0000,0.0000,0,0,-93.993,507.256,89.680,0.000,0,-1.000000,1.000,28.924,-1.000000,0.0000,0.0000,0,0,0.000,1.000,19.607,-93.993,507.256,89.680,0,0,0,99.445584
316,45.8203,walk-to-authored-tree,-116.123,508.361,98.197,112.500,-104.477,256.158,-121.689,525.129,13.563,-115.105,468.050,13.129,1.0000,0.9375,-138.783,503.993,87.367,-95.019,501.341,86.862,0.5353,0.0000,1.6000,1,-100.000,550.000,0.0000,0.0000,0,0,-95.019,501.341,86.862,0.000,0,-1.000000,1.000,28.924,-1.000000,0.0000,0.0000,0,0,0.000,1.000,19.607,-95.019,501.341,86.862,0,0,0,99.443178
317,45.9645,walk-to-authored-tree,-120.078,492.593,97.672,112.500,-103.842,256.573,-128.447,494.214,19.065,-115.576,468.169,12.532,1.0000,0.9375,-143.000,480.098,90.403,-96.577,494.169,88.568,0.6707,0.0000,1.6000,1,-100.000,550.000,0.0000,0.0000,0,0,-96.577,494.169,88.568,0.000,0,-1.000000,1.000,28.924,-1.000000,0.0000,0.0000,0,0,0.000,1.000,19.607,-96.577,494.169,88.568,0,0,0,99.440866
318,46.1044,walk-to-authored-tree,-123.778,477.294,97.159,112.500,-103.172,256.856,-136.100,456.182,20.036,-116.407,468.401,12.383,1.0000,0.9375,-146.650,463.801,90.857,-100.173,479.975,88.911,0.8019,0.0000,1.6000,1,-100.000,550.000,0.0000,0.0000,0,0,-100.173,479.975,88.911,0.000,0,-1.000000,1.000,28.924,-1.000000,0.0000,0.0000,0,0,0.000,1.000,19.607,-100.173,479.975,88.911,0,0,0,99.438627
319,46.2424,walk-to-authored-tree,-127.335,462.184,96.646,112.500,-102.949,257.073,-142.573,423.537,12.886,-117.445,468.735,11.353,1.0000,0.9375,-150.038,454.718,86.352,-105.432,458.273,85.395,0.9313,0.0000,1.6000,1,-100.000,550.000,0.0000,0.0000,0,0,-105.432,458.273,85.395,0.000,0,-1.000000,1.000,28.924,-1.000000,0.0000,0.0000,0,0,0.000,1.000,19.607,-105.432,458.273,85.395,0,0,0,99.436420
320,46.3804,walk-to-authored-tree,-130.827,447.060,96.126,112.500,-102.769,257.250,-145.253,412.512,11.209,-120.044,459.364,12.399,1.0000,0.9375,-152.881,449.753,85.125,-111.552,433.303,85.948,0.0606,0.0000,1.6000,1,-100.000,550.000,0.0000,0.0000,0,0,-111.552,433.303,85.948,0.000,0,-1.000000,1.000,28.924,-1.000000,0.0000,0.0000,0,0,0.000,1.000,19.607,-111.552,433.303,85.948,0,0,0,99.434212
321,46.5220,walk-to-authored-tree,-134.358,431.526,95.589,112.500,-102.611,257.405,-146.260,412.608,10.549,-126.433,426.538,17.969,1.0000,0.9375,-155.819,441.543,87.008,-117.018,411.433,88.832,0.1934,0.0000,1.6000,1,-100.000,550.000,0.0000,0.0000,0,0,-117.018,411.433,88.832,0.000,0,-1.000000,1.000,28.924,-1.000000,0.0000,0.0000,0,0,0.000,1.000,19.607,-117.018,411.433,88.832,0,0,0,99.431946
322,46.6485,walk-to-authored-tree,-137.470,417.660,95.110,112.500,-102.595,257.529,-147.021,412.794,10.190,-132.766,391.976,17.478,1.0000,0.9375,-158.899,427.449,86.557,-120.021,397.638,88.391,0.3118,0.0000,1.6000,1,-100.000,550.000,0.0000,0.0000,0,0,-120.021,397.638,88.391,0.000,0,-1.000000,1.000,28.924,-1.000000,0.0000,0.0000,0,0,0.000,1.000,19.607,-120.021,397.638,88.391,0,0,0,99.429925
323,46.7751,walk-to-authored-tree,-140.562,403.740,94.630,112.500,-102.471,257.643,-147.744,412.931,9.876,-138.168,362.281,11.416,1.0000,0.9375,-162.452,406.971,83.907,-121.260,389.433,84.838,0.4306,0.0000,1.6000,1,-100.000,550.000,0.0000,0.0000,0,0,-121.260,389.433,84.838,0.000,0,-1.000000,1.000,28.924,-1.000000,0.0000,0.0000,0,0,0.000,1.000,19.607,-121.260,389.433,84.838,0,0,0,99.427897
324,46.9155,walk-to-authored-tree,-143.957,388.301,94.101,112.500,-102.251,257.763,-150.602,403.199,10.522,-141.047,351.252,9.257,1.0000,0.9375,-166.706,381.075,84.075,-122.279,384.220,83.212,0.5623,0.0000,1.6000,1,-100.000,550.000,0.0000,0.0000,0,0,-122.279,384.220,83.212,0.000,0,-1.000000,1.000,28.924,-1.000000,0.0000,0.0000,0,0,0.000,1.000,19.607,-122.279,384.220,83.212,0,0,0,99.425649
325,47.0470,walk-to-authored-tree,-147.100,373.856,93.610,112.500,-102.237,257.870,-155.956,372.775,15.548,-141.686,351.393,8.385,1.0000,0.9375,-169.721,360.301,86.597,-123.594,376.556,84.693,0.6855,0.0000,1.6000,1,-100.000,550.000,0.0000,0.0000,0,0,-123.594,376.556,84.693,0.000,0,-1.000000,1.000,28.924,-1.000000,0.0000,0.0000,0,0,0.000,1.000,19.607,-123.594,376.556,84.693,0,0,0,99.423547
326,47.1881,walk-to-authored-tree,-150.446,358.344,93.089,112.500,-102.030,257.983,-162.707,334.303,14.864,-142.576,351.509,7.774,1.0000,0.9375,-173.008,344.793,85.940,-126.962,361.030,84.050,0.8178,0.0000,1.6000,1,-100.000,550.000,0.0000,0.0000,0,0,-126.962,361.030,84.050,0.000,0,-1.000000,1.000,28.924,-1.000000,0.0000,0.0000,0,0,0.000,1.000,19.607,-126.962,361.030,84.050,0,0,0,99.421290
327,47.3182,walk-to-authored-tree,-153.501,344.039,92.616,112.500,-102.017,258.086,-168.169,304.476,8.577,-143.540,351.718,7.360,1.0000,0.9375,-176.028,336.796,82.152,-131.652,339.852,81.299,0.9397,0.0000,1.6000,1,-100.000,550.000,0.0000,0.0000,0,0,-131.652,339.852,81.299,0.000,0,-1.000000,1.000,28.924,-1.000000,0.0000,0.0000,0,0,0.000,1.000,19.607,-131.652,339.852,81.299,0,0,0,99.419209
328,47.4584,walk-to-authored-tree,-156.771,328.589,92.113,112.500,-101.816,258.197,-170.440,295.051,7.177,-146.312,340.184,8.778,1.0000,0.9375,-178.807,331.732,81.231,-137.462,314.408,82.178,0.0713,0.0000,1.6000,1,-100.000,550.000,0.0000,0.0000,0,0,-137.462,314.408,82.178,0.000,0,-1.000000,1.000,28.924,-1.000000,0.0000,0.0000,0,0,0.000,1.000,19.607,-137.462,314.408,82.178,0,0,0,99.416963
329,47.5970,walk-to-authored-tree,-159.967,313.342,91.628,112.500,-101.706,258.307,-171.439,295.182,6.608,-152.159,307.200,14.348,1.0000,0.9375,-181.580,323.246,83.181,-142.381,293.334,85.032,0.2011,0.0000,1.6000,1,-100.000,550.000,0.0000,0.0000,0,0,-142.381,293.334,85.032,0.000,0,-1.000000,1.000,28.924,-1.000000,0.0000,0.0000,0,0,0.000,1.000,19.607,-142.381,293.334,85.032,0,0,0,99.414748
330,47.7272,walk-to-authored-tree,-162.941,299.019,91.181,112.500,-101.693,258.410,-172.215,295.341,6.292,-158.089,271.588,13.121,1.0000,0.9375,-184.548,308.080,82.463,-145.077,279.578,84.261,0.3230,0.0000,1.6000,1,-100.000,550.000,0.0000,0.0000,0,0,-145.077,279.578,84.261,0.000,0,-1.000000,1.000,28.924,-1.000000,0.0000,0.0000,0,0,0.000,1.000,19.607,-145.077,279.578,84.261,0,0,0,99.412667
331,47.8531,walk-to-authored-tree,-165.802,285.122,90.757,112.500,-101.590,258.511,-173.024,295.482,5.834,-162.968,242.926,6.955,1.0000,0.9375,-187.846,287.228,79.727,-146.151,271.873,80.528,0.4412,0.0000,1.6000,1,-100.000,550.000,0.0000,0.0000,0,0,-146.151,271.873,80.528,0.000,0,-1.000000,1.000,28.924,-1.000000,0.0000,0.0000,0,0,0.000,1.000,19.607,-146.151,271.873,80.528,0,0,0,99.410649
332,47.9806,walk-to-authored-tree,-168.661,271.107,90.340,112.500,-101.489,258.614,-175.463,286.063,6.646,-165.282,233.867,5.447,1.0000,0.9375,-191.296,263.732,80.215,-146.950,267.172,79.379,0.5604,0.0000,1.6000,1,-100.000,550.000,0.0000,0.0000,0,0,-146.950,267.172,79.379,0.000,0,-1.000000,1.000,28.924,-1.000000,0.0000,0.0000,0,0,0.000,1.000,19.607,-146.950,267.172,79.379,0,0,0,99.408615
333,48.1215,walk-to-authored-tree,-171.810,255.527,89.884,112.500,-101.285,258.729,-180.820,253.092,12.359,-165.926,234.046,4.938,1.0000,0.9375,-194.215,241.417,83.286,-148.324,258.832,81.357,0.6929,0.0000,1.6000,1,-100.000,550.000,0.0000,0.0000,0,0,-148.324,258.832,81.357,0.000,0,-1.000000,1.000,28.924,-1.000000,0.0000,0.0000,0,0,0.000,1.000,19.607,-148.324,258.832,81.357,0,0,0,99.406355
334,48.2624,walk-to-authored-tree,-174.918,239.981,89.442,112.500,-101.168,258.845,-186.952,214.591,10.962,-166.814,234.153,4.220,1.0000,0.9375,-197.247,226.305,82.217,-151.501,242.788,80.361,0.8250,0.0000,1.6000,1,-100.000,550.000,0.0000,0.0000,0,0,-151.501,242.788,80.361,0.000,0,-1.000000,1.000,28.924,-1.000000,0.0000,0.0000,0,0,0.000,1.000,19.607,-151.501,242.788,80.361,0,0,0,99.404100
335,48.4028,walk-to-authored-tree,-177.985,224.474,89.016,112.500,-101.051,258.963,-192.166,183.514,4.611,-167.919,234.336,3.915,1.0000,0.9375,-200.385,218.161,78.308,-156.387,219.353,77.692,0.9567,0.0000,1.6000,1,-100.000,550.000,0.0000,0.0000,0,0,-156.387,219.353,77.692,0.000,0,-1.000000,1.000,28.924,-1.000000,0.0000,0.0000,0,0,0.000,1.000,19.607,-156.387,219.353,77.692,0,0,0,99.401852
336,48.5312,walk-to-authored-tree,-180.751,210.349,88.643,112.500,-101.037,259.071,-193.841,177.259,3.751,-170.482,221.585,5.591,1.0000,0.9375,-202.772,213.609,77.890,-161.307,196.075,78.889,0.0767,0.0000,1.6000,1,-100.000,550.000,0.0000,0.0000,0,0,-161.307,196.075,78.889,0.000,0,-1.000000,1.000,28.924,-1.000000,0.0000,0.0000,0,0,0.000,1.000,19.607,-161.307,196.075,78.889,0,0,0,99.399804
337,48.6593,walk-to-authored-tree,-183.501,196.166,88.279,112.500,-100.929,259.181,-194.789,177.361,3.242,-175.520,190.807,10.826,1.0000,0.9375,-205.247,205.667,79.759,-165.614,176.493,81.596,0.1971,0.0000,1.6000,1,-100.000,550.000,0.0000,0.0000,0,0,-165.614,176.493,81.596,0.000,0,-1.000000,1.000,28.924,-1.000000,0.0000,0.0000,0,0,0.000,1.000,19.607,-165.614,176.493,81.596,0,0,0,99.397750
338,48.7847,walk-to-authored-tree,-186.152,182.355,87.922,112.500,-100.819,259.289,-195.492,177.490,3.031,-180.690,156.394,10.234,1.0000,0.9375,-207.865,191.383,79.353,-168.056,162.935,81.184,0.3143,0.0000,1.6000,1,-100.000,550.000,0.0000,0.0000,0,0,-168.056,162.935,81.184,0.000,0,-1.000000,1.000,28.924,-1.000000,0.0000,0.0000,0,0,0.000,1.000,19.607,-168.056,162.935,81.184,0,0,0,99.395750
339,48.9109,walk-to-authored-tree,-188.809,168.367,87.581,112.500,-100.711,259.399,-196.250,177.604,2.865,-185.186,126.774,4.317,1.0000,0.9375,-210.810,170.760,76.852,-169.056,154.808,77.759,0.4329,0.0000,1.6000,1,-100.000,550.000,0.0000,0.0000,0,0,-169.056,154.808,77.759,0.000,0,-1.000000,1.000,28.924,-1.000000,0.0000,0.0000,0,0,0.000,1.000,19.607,-169.056,154.808,77.759,0,0,0,99.393725
340,49.0362,walk-to-authored-tree,-191.411,154.531,87.250,112.500,-100.601,259.510,-198.239,170.173,2.962,-187.561,116.103,2.117,1.0000,0.9375,-213.854,147.624,76.603,-169.730,150.171,75.914,0.5502,0.0000,1.6000,1,-100.000,550.000,0.0000,0.0000,0,0,-169.730,150.171,75.914,0.000,0,-1.000000,1.000,28.924,-1.000000,0.0000,0.0000,0,0,0.000,1.000,19.607,-169.730,150.171,75.914,0,0,0,99.391723
341,49.1764,walk-to-authored-tree,-194.297,139.006,86.887,112.500,-100.379,259.636,-203.028,138.254,8.618,-188.198,116.276,1.599,1.0000,0.9375,-216.458,124.823,79.734,-170.901,142.354,77.845,0.6818,0.0000,1.6000,1,-100.000,550.000,0.0000,0.0000,0,0,-170.901,142.354,77.845,0.000,0,-1.000000,1.000,28.924,-1.000000,0.0000,0.0000,0,0,0.000,1.000,19.607,-170.901,142.354,77.845,0,0,0,99.389477
342,49.3018,walk-to-authored-tree,-196.843,125.146,86.576,112.500,-100.364,259.750,-208.067,103.910,9.609,-189.090,116.308,1.869,1.0000,0.9375,-219.030,110.489,80.387,-173.390,129.052,78.432,0.7993,0.0000,1.6000,1,-100.000,550.000,0.0000,0.0000,0,0,-173.390,129.052,78.432,0.000,0,-1.000000,1.000,28.924,-1.000000,0.0000,0.0000,0,0,0.000,1.000,19.607,-173.390,129.052,78.432,0,0,0,99.387472
343,49.4420,walk-to-authored-tree,-199.664,109.610,86.234,112.500,-100.136,259.880,-212.979,70.304,2.493,-190.112,116.588,0.944,1.0000,0.9375,-221.971,101.013,75.956,-177.587,106.810,74.994,0.9308,0.0000,1.6000,1,-100.000,550.000,0.0000,0.0000,0,0,-177.587,106.810,74.994,0.000,0,-1.000000,1.000,28.924,-1.000000,0.0000,0.0000,0,0,0.000,1.000,19.607,-177.587,106.810,74.994,0,0,0,99.385227
344,49.5674,walk-to-authored-tree,-202.150,95.748,85.943,112.500,-100.120,259.997,-215.069,59.115,1.113,-191.806,109.434,1.892,1.0000,0.9375,-224.289,96.472,74.896,-182.005,83.814,75.555,0.0482,0.0000,1.6000,1,-100.000,550.000,0.0000,0.0000,0,0,-182.005,83.814,75.555,0.000,0,-1.000000,1.000,28.924,-1.000000,0.0000,0.0000,0,0,0.000,1.000,19.607,-182.005,83.814,75.555,0,0,0,99.383224
345,49.7091,walk-to-authored-tree,-204.934,80.031,85.612,112.500,-99.885,260.131,-216.069,59.080,0.581,-196.535,77.435,7.498,1.0000,0.9375,-226.841,88.626,76.835,-186.550,61.105,78.614,0.1812,0.0000,1.6000,1,-100.000,550.000,0.0000,0.0000,0,0,-186.550,61.105,78.614,0.000,0,-1.000000,1.000,28.924,-1.000000,0.0000,0.0000,0,0,0.000,1.000,19.607,-186.550,61.105,78.614,0,0,0,99.380954
346,49.8446,walk-to-authored-tree,-207.552,65.052,85.319,112.500,-99.869,260.261,-216.941,59.277,0.357,-201.590,40.293,7.780,1.0000,0.9375,-229.438,73.951,76.792,-189.223,45.801,78.631,0.3079,0.0000,1.6000,1,-100.000,550.000,0.0000,0.0000,0,0,-189.223,45.801,78.631,0.000,0,-1.000000,1.000,28.924,-1.000000,0.0000,0.0000,0,0,0.000,1.000,19.607,-189.223,45.801,78.631,0,0,0,99.378791
347,49.9742,walk-to-authored-tree,-210.040,50.631,85.029,112.500,-99.739,260.387,-217.658,59.384,0.264,-205.661,9.405,1.832,1.0000,0.9375,-232.054,52.867,74.308,-190.084,37.214,75.247,0.4299,0.0000,1.6000,1,-100.000,550.000,0.0000,0.0000,0,0,-190.084,37.214,75.247,0.000,0,-1.000000,1.000,28.924,-1.000000,0.0000,0.0000,0,0,0.000,1.000,19.607,-190.084,37.214,75.247,0,0,0,99.376710
348,50.1136,walk-to-authored-tree,-212.671,35.174,84.727,112.500,-99.491,260.525,-219.993,49.876,1.039,-207.996,-1.912,-0.163,1.0000,0.9375,-235.037,27.006,74.608,-190.835,32.007,73.770,0.5605,0.0000,1.6000,1,-100.000,550.000,0.0000,0.0000,0,0,-190.835,32.007,73.770,0.000,0,-1.000000,1.000,28.924,-1.000000,0.0000,0.0000,0,0,0.000,1.000,19.607,-190.835,32.007,73.770,0,0,0,99.374480
349,50.2536,walk-to-authored-tree,-215.275,19.646,84.435,112.500,-99.351,260.666,-224.178,17.095,6.826,-208.680,-1.763,-0.554,1.0000,0.9375,-237.191,4.816,77.774,-191.917,23.708,75.849,0.6917,0.0000,1.6000,1,-100.000,550.000,0.0000,0.0000,0,0,-191.917,23.708,75.849,0.000,0,-1.000000,1.000,28.924,-1.000000,0.0000,0.0000,0,0,0.000,1.000,19.607,-191.917,23.708,75.849,0,0,0,99.372241
350,50.3903,walk-to-authored-tree,-217.779,4.483,84.145,112.500,-99.212,260.805,-228.871,-20.463,5.845,-209.554,-1.704,-1.145,1.0000,0.9375,-239.642,-10.101,76.975,-194.460,8.254,75.094,0.8198,0.0000,1.6000,1,-100.000,550.000,0.0000,0.0000,0,0,-194.460,8.254,75.094,0.000,0,-1.000000,1.000,28.924,-1.000000,0.0000,0.0000,0,0,0.000,1.000,19.607,-194.460,8.254,75.094,0,0,0,99.370055
351,50.5161,walk-to-authored-tree,-220.055,-9.501,83.886,112.500,-99.195,260.936,-232.758,-49.607,-0.102,-210.517,-1.546,-1.385,1.0000,0.9375,-242.208,-17.974,73.448,-198.014,-12.470,72.572,0.9379,0.0000,1.6000,1,-100.000,550.000,0.0000,0.0000,0,0,-198.014,-12.470,72.572,0.000,0,-1.000000,1.000,28.924,-1.000000,0.0000,0.0000,0,0,0.000,1.000,19.607,-198.014,-12.470,72.572,0,0,0,99.368040
352,50.6561,walk-to-authored-tree,-222.547,-25.035,83.598,112.500,-98.935,261.083,-234.555,-59.486,-1.355,-212.678,-12.719,0.149,1.0000,0.9375,-244.730,-23.181,72.663,-202.532,-38.076,73.588,0.0690,0.0000,1.6000,1,-100.000,550.000,0.0000,0.0000,0,0,-202.532,-38.076,73.588,0.000,0,-1.000000,1.000,28.924,-1.000000,0.0000,0.0000,0,0,0.000,1.000,19.607,-202.532,-38.076,73.588,0,0,0,99.365802
353,50.7875,walk-to-authored-tree,-224.852,-39.646,83.326,112.500,-98.917,261.223,-235.521,-59.427,-1.715,-216.603,-43.931,5.657,1.0000,0.9375,-246.913,-31.068,74.727,-206.245,-58.551,76.547,0.1922,0.0000,1.6000,1,-100.000,550.000,0.0000,0.0000,0,0,-206.245,-58.551,76.547,0.000,0,-1.000000,1.000,28.924,-1.000000,0.0000,0.0000,0,0,0.000,1.000,19.607,-206.245,-58.551,76.547,0,0,0,99.363699
354,50.9146,walk-to-authored-tree,-227.044,-53.750,83.073,112.500,-98.777,261.360,-236.261,-59.311,-1.854,-220.637,-78.963,5.454,1.0000,0.9375,-249.080,-45.389,74.524,-208.308,-72.578,76.359,0.3112,0.0000,1.6000,1,-100.000,550.000,0.0000,0.0000,0,0,-208.308,-72.578,76.359,0.000,0,-1.000000,1.000,28.924,-1.000000,0.0000,0.0000,0,0,0.000,1.000,19.607,-208.308,-72.578,76.359,0,0,0,99.361669
355,51.0505,walk-to-authored-tree,-229.360,-68.893,82.788,112.500,-98.640,261.510,-237.113,-59.208,-2.072,-224.323,-110.733,-0.858,1.0000,0.9375,-251.469,-67.745,71.847,-209.075,-81.291,72.679,0.4389,0.0000,1.6000,1,-100.000,550.000,0.0000,0.0000,0,0,-209.075,-81.291,72.679,0.000,0,-1.000000,1.000,28.924,-1.000000,0.0000,0.0000,0,0,0.000,1.000,19.607,-209.075,-81.291,72.679,0,0,0,99.359490
356,51.1756,walk-to-authored-tree,-231.448,-82.780,82.532,112.500,-98.490,261.650,-238.946,-67.843,-1.433,-226.152,-120.349,-2.473,1.0000,0.9375,-253.648,-90.964,72.172,-209.587,-85.914,71.402,0.5559,0.0000,1.6000,1,-100.000,550.000,0.0000,0.0000,0,0,-209.587,-85.914,71.402,0.000,0,-1.000000,1.000,28.924,-1.000000,0.0000,0.0000,0,0,0.000,1.000,19.607,-209.587,-85.914,71.402,0,0,0,99.357493
357,51.3153,walk-to-authored-tree,-233.748,-98.349,82.240,112.500,-98.210,261.809,-242.528,-100.297,4.285,-226.759,-120.194,-2.929,1.0000,0.9375,-255.362,-113.496,75.311,-210.486,-93.961,73.403,0.6870,0.0000,1.6000,1,-100.000,550.000,0.0000,0.0000,0,0,-210.486,-93.961,73.403,0.000,0,-1.000000,1.000,28.924,-1.000000,0.0000,0.0000,0,0,0.000,1.000,19.607,-210.486,-93.961,73.403,0,0,0,99.355254
358,51.4413,walk-to-authored-tree,-235.778,-112.355,81.973,112.500,-98.191,261.955,-246.256,-134.980,4.619,-227.625,-120.201,-2.921,1.0000,0.9375,-257.391,-127.707,75.497,-212.501,-107.725,73.561,0.8050,0.0000,1.6000,1,-100.000,550.000,0.0000,0.0000,0,0,-212.501,-107.725,73.561,0.000,0,-1.000000,1.000,28.924,-1.000000,0.0000,0.0000,0,0,0.000,1.000,19.607,-212.501,-107.725,73.561,0,0,0,99.353242
359,51.5799,walk-to-authored-tree,-237.980,-127.827,81.679,112.500,-97.902,262.118,-249.782,-168.012,-2.232,-228.666,-119.967,-3.616,1.0000,0.9375,-259.946,-136.994,71.280,-215.862,-130.092,70.369,0.9352,0.0000,1.6000,1,-100.000,550.000,0.0000,0.0000,0,0,-215.862,-130.092,70.369,0.000,0,-1.000000,1.000,28.924,-1.000000,0.0000,0.0000,0,0,0.000,1.000,19.607,-215.862,-130.092,70.369,0,0,0,99.351019
360,51.7060,walk-to-authored-tree,-239.935,-141.840,81.396,112.500,-97.882,262.269,-251.391,-178.371,-3.442,-230.174,-128.087,-2.511,1.0000,0.9375,-262.107,-141.607,70.387,-219.426,-153.346,71.111,0.0531,0.0000,1.6000,1,-100.000,550.000,0.0000,0.0000,0,0,-219.426,-153.346,71.111,0.000,0,-1.000000,1.000,28.924,-1.000000,0.0000,0.0000,0,0,0.000,1.000,19.607,-219.426,-153.346,71.111,0,0,0,99.349007
361,51.8322,walk-to-authored-tree,-241.865,-155.946,81.122,112.500,-97.732,262.422,-252.274,-178.462,-3.880,-233.243,-156.630,2.681,1.0000,0.9375,-264.061,-148.484,72.194,-222.708,-173.913,73.937,0.1717,0.0000,1.6000,1,-100.000,550.000,0.0000,0.0000,0,0,-222.708,-173.913,73.937,0.000,0,-1.000000,1.000,28.924,-1.000000,0.0000,0.0000,0,0,0.000,1.000,19.607,-222.708,-173.913,73.937,0,0,0,99.346982
362,51.9636,walk-to-authored-tree,-243.825,-170.554,80.820,112.500,-97.578,262.585,-253.136,-178.301,-4.154,-236.771,-192.684,3.696,1.0000,0.9375,-266.097,-162.171,72.475,-224.849,-189.313,74.339,0.2946,0.0000,1.6000,1,-100.000,550.000,0.0000,0.0000,0,0,-224.849,-189.313,74.339,0.000,0,-1.000000,1.000,28.924,-1.000000,0.0000,0.0000,0,0,0.000,1.000,19.607,-224.849,-189.313,74.339,0,0,0,99.344886
363,52.0928,walk-to-authored-tree,-245.723,-185.008,80.521,112.500,-97.415,262.748,-253.720,-178.205,-4.442,-239.495,-224.620,-2.292,1.0000,0.9375,-267.731,-182.670,69.849,-225.315,-198.493,70.933,0.4161,0.0000,1.6000,1,-100.000,550.000,0.0000,0.0000,0,0,-225.315,-198.493,70.933,0.000,0,-1.000000,1.000,28.924,-1.000000,0.0000,0.0000,0,0,0.000,1.000,19.607,-225.315,-198.493,70.933,0,0,0,99.342812
364,52.2326,walk-to-authored-tree,-247.725,-200.603,80.189,112.500,-97.094,262.928,-255.475,-185.250,-4.183,-241.533,-239.088,-4.943,1.0000,0.9375,-269.691,-208.653,69.495,-225.833,-203.884,68.844,0.5471,0.0000,1.6000,1,-100.000,550.000,0.0000,0.0000,0,0,-225.833,-203.884,68.844,0.000,0,-1.000000,1.000,28.924,-1.000000,0.0000,0.0000,0,0,0.000,1.000,19.607,-225.833,-203.884,68.844,0,0,0,99.340576
365,52.3605,walk-to-authored-tree,-249.512,-214.881,79.875,112.500,-97.072,263.095,-257.953,-213.620,1.170,-242.178,-239.070,-5.209,1.0000,0.9375,-270.794,-229.880,72.568,-226.364,-210.665,70.750,0.6670,0.0000,1.6000,1,-100.000,550.000,0.0000,0.0000,0,0,-226.364,-210.665,70.750,0.000,0,-1.000000,1.000,28.924,-1.000000,0.0000,0.0000,0,0,0.000,1.000,19.607,-226.364,-210.665,70.750,0,0,0,99.338530
366,52.4904,walk-to-authored-tree,-251.282,-229.357,79.555,112.500,-96.905,263.268,-261.112,-249.319,2.769,-243.121,-238.988,-5.230,1.0000,0.9375,-272.547,-245.531,73.440,-228.106,-223.805,71.456,0.7885,0.0000,1.6000,1,-100.000,550.000,0.0000,0.0000,0,0,-228.106,-223.805,71.456,0.000,0,-1.000000,1.000,28.924,-1.000000,0.0000,0.0000,0,0,0.000,1.000,19.607,-228.106,-223.805,71.456,0,0,0,99.336456
367,52.6176,walk-to-authored-tree,-252.980,-243.591,79.225,112.500,-96.732,263.441,-263.682,-281.274,-3.304,-243.927,-238.815,-5.817,1.0000,0.9375,-274.541,-254.931,69.812,-230.454,-243.383,68.624,0.9080,0.0000,1.6000,1,-100.000,550.000,0.0000,0.0000,0,0,-230.454,-243.383,68.624,0.000,0,-1.000000,1.000,28.924,-1.000000,0.0000,0.0000,0,0,0.000,1.000,19.607,-230.454,-243.383,68.624,0,0,0,99.334417
368,52.7487,walk-to-authored-tree,-254.679,-258.211,78.883,112.500,-96.559,263.623,-265.398,-297.672,-6.138,-245.120,-243.079,-5.795,1.0000,0.9375,-276.742,-260.219,67.551,-233.587,-267.541,67.981,0.0306,0.0000,1.6000,1,-100.000,550.000,0.0000,0.0000,0,0,-233.587,-267.541,67.981,0.000,0,-1.000000,1.000,28.924,-1.000000,0.0000,0.0000,0,0,0.000,1.000,19.607,-233.587,-267.541,67.981,0,0,0,99.332323
369,52.8856,walk-to-authored-tree,-256.405,-273.476,78.513,112.500,-96.377,263.816,-266.350,-297.728,-6.380,-247.678,-271.908,-0.400,1.0000,0.9375,-278.790,-267.098,69.438,-236.756,-290.536,71.134,0.1587,0.0000,1.6000,1,-100.000,550.000,0.0000,0.0000,0,0,-236.756,-290.536,71.134,0.000,0,-1.000000,1.000,28.924,-1.000000,0.0000,0.0000,0,0,0.000,1.000,19.607,-236.756,-290.536,71.134,0,0,0,99.330139
370,53.0217,walk-to-authored-tree,-258.078,-288.738,78.132,112.500,-96.184,264.013,-267.225,-297.661,-6.733,-250.414,-309.246,1.324,1.0000,0.9375,-280.554,-280.789,69.975,-238.659,-307.158,71.862,0.2866,0.0000,1.6000,1,-100.000,550.000,0.0000,0.0000,0,0,-238.659,-307.158,71.862,0.000,0,-1.000000,1.000,28.924,-1.000000,0.0000,0.0000,0,0,0.000,1.000,19.607,-238.659,-307.158,71.862,0,0,0,99.327955
371,53.1506,walk-to-authored-tree,-259.614,-303.192,77.765,112.500,-95.987,264.204,-267.771,-297.575,-7.296,-252.314,-341.778,-4.759,1.0000,0.9375,-281.637,-300.803,67.132,-238.913,-316.698,68.301,0.4077,0.0000,1.6000,1,-100.000,550.000,0.0000,0.0000,0,0,-238.913,-316.698,68.301,0.000,0,-1.000000,1.000,28.924,-1.000000,0.0000,0.0000,0,0,0.000,1.000,19.607,-238.913,-316.698,68.301,0,0,0,99.325888
372,53.2862,walk-to-authored-tree,-261.171,-318.328,77.362,112.500,-95.796,264.408,-269.200,-302.558,-7.287,-254.079,-358.107,-7.701,1.0000,0.9375,-282.910,-326.017,66.524,-239.252,-322.142,66.028,0.5345,0.0000,1.6000,1,-100.000,550.000,0.0000,0.0000,0,0,-239.252,-322.142,66.028,0.000,0,-1.000000,1.000,28.924,-1.000000,0.0000,0.0000,0,0,0.000,1.000,19.607,-239.252,-322.142,66.028,0,0,0,99.323724
373,53.4138,walk-to-authored-tree,-262.593,-332.643,76.975,112.500,-95.592,264.606,-271.124,-329.669,-2.064,-254.774,-358.226,-7.790,1.0000,0.9375,-283.649,-347.732,69.655,-239.731,-328.399,67.904,0.6544,0.0000,1.6000,1,-100.000,550.000,0.0000,0.0000,0,0,-239.731,-328.399,67.904,0.000,0,-1.000000,1.000,28.924,-1.000000,0.0000,0.0000,0,0,0.000,1.000,19.607,-239.731,-328.399,67.904,0,0,0,99.321678
374,53.5570,walk-to-authored-tree,-264.126,-348.650,76.530,112.500,-95.394,264.831,-273.425,-368.846,-0.254,-255.715,-358.077,-8.255,1.0000,0.9375,-284.956,-365.382,70.416,-241.104,-342.487,68.432,0.7884,0.0000,1.6000,1,-100.000,550.000,0.0000,0.0000,0,0,-241.104,-342.487,68.432,0.000,0,-1.000000,1.000,28.924,-1.000000,0.0000,0.0000,0,0,0.000,1.000,19.607,-241.104,-342.487,68.432,0,0,0,99.319391
375,53.6882,walk-to-authored-tree,-265.481,-363.386,76.111,112.500,-95.169,265.044,-275.183,-401.736,-6.639,-256.562,-357.913,-8.981,1.0000,0.9375,-286.765,-375.077,66.553,-243.012,-362.842,65.400,0.9117,0.0000,1.6000,1,-100.000,550.000,0.0000,0.0000,0,0,-243.012,-362.842,65.400,0.000,0,-1.000000,1.000,28.924,-1.000000,0.0000,0.0000,0,0,0.000,1.000,19.607,-243.012,-362.842,65.400,0,0,0,99.317286
376,53.8205,walk-to-authored-tree,-266.785,-378.168,75.679,112.500,-94.956,265.263,-276.361,-417.339,-9.324,-257.643,-362.976,-8.883,1.0000,0.9375,-288.794,-380.411,64.380,-245.475,-387.269,64.872,0.0354,0.0000,1.6000,1,-100.000,550.000,0.0000,0.0000,0,0,-245.475,-387.269,64.872,0.000,0,-1.000000,1.000,28.924,-1.000000,0.0000,0.0000,0,0,0.000,1.000,19.607,-245.475,-387.269,64.872,0,0,0,99.315176
377,53.9535,walk-to-authored-tree,-268.045,-393.105,75.233,112.500,-94.737,265.489,-277.288,-417.452,-9.678,-259.369,-391.534,-3.617,1.0000,0.9375,-290.600,-387.289,66.171,-247.922,-409.661,67.873,0.1603,0.0000,1.6000,1,-100.000,550.000,0.0000,0.0000,0,0,-247.922,-409.661,67.873,0.000,0,-1.000000,1.000,28.924,-1.000000,0.0000,0.0000,0,0,0.000,1.000,19.607,-247.922,-409.661,67.873,0,0,0,99.313044
378,54.0832,walk-to-authored-tree,-269.214,-407.628,74.792,112.500,-94.511,265.715,-278.097,-417.393,-10.033,-260.935,-427.031,-1.862,1.0000,0.9375,-291.914,-400.271,66.716,-249.267,-425.542,68.615,0.2817,0.0000,1.6000,1,-100.000,550.000,0.0000,0.0000,0,0,-249.267,-425.542,68.615,0.000,0,-1.000000,1.000,28.924,-1.000000,0.0000,0.0000,0,0,0.000,1.000,19.607,-249.267,-425.542,68.615,0,0,0,99.310972
379,54.2144,walk-to-authored-tree,-270.343,-422.380,74.335,112.500,-94.285,265.950,-278.651,-417.328,-10.753,-261.881,-460.450,-8.085,1.0000,0.9375,-292.420,-420.450,63.717,-249.258,-435.440,64.913,0.4050,0.0000,1.6000,1,-100.000,550.000,0.0000,0.0000,0,0,-249.258,-435.440,64.913,0.000,0,-1.000000,1.000,28.924,-1.000000,0.0000,0.0000,0,0,0.000,1.000,19.607,-249.258,-435.440,64.913,0,0,0,99.308867
380,54.3435,walk-to-authored-tree,-271.391,-436.834,73.880,112.500,-94.050,266.186,-279.806,-420.950,-10.867,-263.022,-477.459,-11.142,1.0000,0.9375,-292.890,-444.486,62.941,-249.374,-440.692,62.569,0.5258,0.0000,1.6000,1,-100.000,550.000,0.0000,0.0000,0,0,-249.374,-440.692,62.569,0.000,0,-1.000000,1.000,28.924,-1.000000,0.0000,0.0000,0,0,0.000,1.000,19.607,-249.374,-440.692,62.569,0,0,0,99.306806
381,54.4829,walk-to-authored-tree,-272.461,-452.515,73.376,112.500,-93.814,266.449,-281.057,-450.170,-5.607,-263.835,-477.545,-11.452,1.0000,0.9375,-293.004,-468.335,66.058,-249.713,-447.456,64.294,0.6568,0.0000,1.6000,1,-100.000,550.000,0.0000,0.0000,0,0,-249.713,-447.456,64.294,0.000,0,-1.000000,1.000,28.924,-1.000000,0.0000,0.0000,0,0,0.000,1.000,19.607,-249.713,-447.456,64.294,0,0,0,99.304571
382,54.6125,walk-to-authored-tree,-273.389,-467.033,72.908,112.500,-93.551,266.699,-282.047,-485.676,-3.715,-264.705,-477.413,-11.929,1.0000,0.9375,-293.666,-484.574,66.849,-250.586,-459.956,64.845,0.7780,0.0000,1.6000,1,-100.000,550.000,0.0000,0.0000,0,0,-250.586,-459.956,64.845,0.000,0,-1.000000,1.000,28.924,-1.000000,0.0000,0.0000,0,0,0.000,1.000,19.607,-250.586,-459.956,64.845,0,0,0,99.302502
383,54.7610,walk-to-authored-tree,-274.378,-483.735,72.367,112.500,-93.301,266.996,-282.854,-522.973,-10.702,-265.667,-477.288,-12.793,1.0000,0.9375,-295.341,-495.761,62.592,-251.993,-482.885,61.494,0.9174,0.0000,1.6000,1,-100.000,550.000,0.0000,0.0000,0,0,-251.993,-482.885,61.494,0.000,0,-1.000000,1.000,28.924,-1.000000,0.0000,0.0000,0,0,0.000,1.000,19.607,-251.993,-482.885,61.494,0,0,0,99.300122
384,54.9054,walk-to-authored-tree,-275.258,-499.938,71.830,112.500,-93.004,267.293,-283.564,-537.365,-13.002,-266.701,-485.369,-12.087,1.0000,0.9375,-297.365,-501.626,60.821,-253.840,-509.623,61.540,0.0526,0.0000,1.6000,1,-100.000,550.000,0.0000,0.0000,0,0,-253.840,-509.623,61.540,0.000,0,-1.000000,1.000,28.924,-1.000000,0.0000,0.0000,0,0,0.000,1.000,19.607,-253.840,-509.623,61.540,0,0,0,99.297815
385,55.0626,walk-to-authored-tree,-276.126,-517.625,71.245,112.500,-92.707,267.628,-284.618,-537.463,-13.784,-267.459,-522.308,-6.063,1.0000,0.9375,-299.020,-511.235,62.778,-255.626,-534.621,64.627,0.2002,0.0000,1.6000,1,-100.000,550.000,0.0000,0.0000,0,0,-255.626,-534.621,64.627,0.000,0,-1.000000,1.000,28.924,-1.000000,0.0000,0.0000,0,0,0.000,1.000,19.607,-255.626,-534.621,64.627,0,0,0,99.295296
386,55.2050,walk-to-authored-tree,-276.820,-533.603,70.719,112.500,-92.372,267.943,-285.449,-537.475,-14.197,-267.613,-561.533,-7.827,1.0000,0.9375,-299.620,-528.517,61.785,-256.046,-549.552,63.531,0.3335,0.0000,1.6000,1,-100.000,550.000,0.0000,0.0000,0,0,-256.046,-549.552,63.531,0.000,0,-1.000000,1.000,28.924,-1.000000,0.0000,0.0000,0,0,0.000,1.000,19.607,-256.046,-549.552,63.531,0,0,0,99.293021
387,55.3458,walk-to-authored-tree,-277.422,-549.457,70.199,112.500,-92.057,268.267,-286.522,-537.539,-14.845,-267.822,-592.081,-14.438,1.0000,0.9375,-299.471,-552.976,58.862,-255.879,-557.446,59.347,0.4657,0.0000,1.6000,1,-100.000,550.000,0.0000,0.0000,0,0,-255.879,-557.446,59.347,0.000,0,-1.000000,1.000,28.924,-1.000000,0.0000,0.0000,0,0,0.000,1.000,19.607,-255.879,-557.446,59.347,0,0,0,99.290765
388,55.4928,walk-to-authored-tree,-277.954,-565.958,69.663,112.500,-91.733,268.616,-286.656,-556.547,-12.309,-268.061,-596.976,-15.399,1.0000,0.9375,-298.187,-579.788,60.516,-255.353,-563.001,59.216,0.6033,0.0000,1.6000,1,-100.000,550.000,0.0000,0.0000,0,0,-255.353,-563.001,59.216,0.000,0,-1.000000,1.000,28.924,-1.000000,0.0000,0.0000,0,0,0.000,1.000,19.607,-255.353,-563.001,59.216,0,0,0,99.288417
389,55.6315,walk-to-authored-tree,-278.366,-581.586,69.163,112.500,-91.384,268.959,-286.619,-592.572,-7.339,-269.103,-596.929,-15.700,1.0000,0.9375,-297.961,-599.990,63.145,-255.857,-573.513,61.127,0.7336,0.0000,1.6000,1,-100.000,550.000,0.0000,0.0000,0,0,-255.857,-573.513,61.127,0.000,0,-1.000000,1.000,28.924,-1.000000,0.0000,0.0000,0,0,0.000,1.000,19.607,-255.857,-573.513,61.127,0,0,0,99.286194
390,55.7776,walk-to-authored-tree,-278.699,-597.998,68.647,112.500,-91.041,269.334,-285.944,-631.996,-11.618,-270.099,-596.849,-16.111,1.0000,0.9375,-298.782,-613.553,60.622,-256.368,-593.174,59.093,0.8703,0.0000,1.6000,1,-100.000,550.000,0.0000,0.0000,0,0,-256.368,-593.174,59.093,0.000,0,-1.000000,1.000,28.924,-1.000000,0.0000,0.0000,0,0,0.000,1.000,19.607,-256.368,-593.174,59.093,0,0,0,99.283859
391,55.9217,walk-to-authored-tree,-278.925,-614.219,68.152,112.500,-90.666,269.720,-285.470,-657.613,-16.801,-271.070,-597.578,-16.748,1.0000,0.9375,-300.437,-620.608,56.939,-256.952,-619.304,57.014,0.0055,0.0000,1.6000,1,-100.000,550.000,0.0000,0.0000,0,0,-256.952,-619.304,57.014,0.000,0,-1.000000,1.000,28.924,-1.000000,0.0000,0.0000,0,0,0.000,1.000,19.607,-256.952,-619.304,57.014,0,0,0,99.281552
392,56.0743,walk-to-authored-tree,-279.049,-631.359,67.646,112.500,-90.280,270.146,-286.296,-657.667,-17.151,-270.636,-627.351,-11.672,1.0000,0.9375,-301.955,-627.904,58.457,-257.683,-645.824,60.110,0.1484,0.0000,1.6000,1,-100.000,550.000,0.0000,0.0000,0,0,-257.683,-645.824,60.110,0.000,0,-1.000000,1.000,28.924,-1.000000,0.0000,0.0000,0,0,0.000,1.000,19.607,-257.683,-645.824,60.110,0,0,0,99.279114
393,56.2186,walk-to-authored-tree,-279.050,-647.617,67.185,112.500,-89.854,270.570,-287.130,-657.821,-17.640,-269.201,-666.660,-9.505,1.0000,0.9375,-302.271,-642.156,59.092,-257.715,-663.827,60.988,0.2839,0.0000,1.6000,1,-100.000,550.000,0.0000,0.0000,0,0,-257.715,-663.827,60.988,0.000,0,-1.000000,1.000,28.924,-1.000000,0.0000,0.0000,0,0,0.000,1.000,19.607,-257.715,-663.827,60.988,0,0,0,99.276802
394,56.3586,walk-to-authored-tree,-278.936,-663.330,66.762,112.500,-89.430,270.999,-287.783,-657.851,-18.217,-267.268,-701.563,-16.011,1.0000,0.9375,-301.061,-663.982,56.095,-256.849,-673.930,57.192,0.4148,0.0000,1.6000,1,-100.000,550.000,0.0000,0.0000,0,0,-256.849,-673.930,57.192,0.000,0,-1.000000,1.000,28.924,-1.000000,0.0000,0.0000,0,0,0.000,1.000,19.607,-256.849,-673.930,57.192,0,0,0,99.274567
395,56.4952,walk-to-authored-tree,-278.711,-678.746,66.348,112.500,-89.001,271.441,-288.547,-664.455,-18.113,-267.102,-716.409,-18.769,1.0000,0.9375,-299.345,-689.550,55.608,-256.550,-679.223,55.004,0.5433,0.0000,1.6000,1,-100.000,550.000,0.0000,0.0000,0,0,-256.550,-679.223,55.004,0.000,0,-1.000000,1.000,28.924,-1.000000,0.0000,0.0000,0,0,0.000,1.000,19.607,-256.550,-679.223,55.004,0,0,0,99.272374
396,56.6361,walk-to-authored-tree,-278.358,-694.572,65.978,112.500,-88.559,271.917,-286.814,-695.978,-12.502,-267.640,-716.391,-19.225,1.0000,0.9375,-297.162,-712.799,58.755,-256.119,-686.714,56.898,0.6752,0.0000,1.6000,1,-100.000,550.000,0.0000,0.0000,0,0,-256.119,-686.714,56.898,0.000,0,-1.000000,1.000,28.924,-1.000000,0.0000,0.0000,0,0,0.000,1.000,19.607,-256.119,-686.714,56.898,0,0,0,99.270123
397,56.7788,walk-to-authored-tree,-277.868,-710.631,65.637,112.500,-88.083,272.427,-284.136,-735.446,-12.018,-268.502,-716.424,-19.413,1.0000,0.9375,-296.467,-729.438,58.928,-255.752,-702.108,57.006,0.8091,0.0000,1.6000,1,-100.000,550.000,0.0000,0.0000,0,0,-255.752,-702.108,57.006,0.000,0,-1.000000,1.000,28.924,-1.000000,0.0000,0.0000,0,0,0.000,1.000,19.607,-255.752,-702.108,57.006,0,0,0,99.267838
398,56.9295,walk-to-authored-tree,-277.204,-727.551,65.299,112.500,-87.573,272.996,-281.382,-770.267,-19.001,-269.534,-716.409,-19.844,1.0000,0.9375,-297.313,-739.417,54.688,-254.924,-726.965,53.973,0.9502,0.0000,1.6000,1,-100.000,550.000,0.0000,0.0000,0,0,-254.924,-726.965,53.973,0.000,0,-1.000000,1.000,28.924,-1.000000,0.0000,0.0000,0,0,0.000,1.000,19.607,-254.924,-726.965,53.973,0,0,0,99.265430
399,57.0715,walk-to-authored-tree,-276.424,-743.530,65.041,112.500,-87.004,273.569,-281.146,-777.994,-19.786,-269.074,-730.768,-17.635,1.0000,0.9375,-298.636,-745.180,54.457,-254.062,-753.118,55.519,0.0835,0.0000,1.6000,1,-100.000,550.000,0.0000,0.0000,0,0,-254.062,-753.118,55.519,0.000,0,-1.000000,1.000,28.924,-1.000000,0.0000,0.0000,0,0,0.000,1.000,19.607,-254.062,-753.118,55.519,0,0,0,99.263154
400,57.2168,walk-to-authored-tree,-275.465,-759.826,64.799,112.500,-86.431,274.193,-281.961,-778.112,-20.037,-265.859,-767.001,-11.874,1.0000,0.9375,-298.973,-755.715,56.726,-253.197,-774.772,58.627,0.2196,0.0000,1.6000,1,-100.000,550.000,0.0000,0.0000,0,0,-253.197,-774.772,58.627,0.000,0,-1.000000,1.000,28.924,-1.000000,0.0000,0.0000,0,0,0.000,1.000,19.607,-253.197,-774.772,58.627,0,0,0,99.260833
401,57.3641,walk-to-authored-tree,-274.314,-776.373,64.596,112.500,-85.807,274.873,-282.911,-778.292,-20.261,-261.562,-806.888,-15.099,1.0000,0.9375,-297.426,-775.056,55.206,-251.953,-788.865,56.814,0.3578,0.0000,1.6000,1,-100.000,550.000,0.0000,0.0000,0,0,-251.953,-788.865,56.814,0.000,0,-1.000000,1.000,28.924,-1.000000,0.0000,0.0000,0,0,0.000,1.000,19.607,-251.953,-788.865,56.814,0,0,0,99.258474
402,57.5057,walk-to-authored-tree,-273.030,-792.222,64.421,112.500,-85.127,275.576,-283.817,-778.465,-20.520,-258.141,-833.975,-20.503,1.0000,0.9375,-293.925,-800.319,53.181,-250.660,-795.560,53.321,0.4903,0.0000,1.6000,1,-100.000,550.000,0.0000,0.0000,0,0,-250.660,-795.560,53.321,0.000,0,-1.000000,1.000,28.924,-1.000000,0.0000,0.0000,0,0,0.000,1.000,19.607,-250.660,-795.560,53.321,0,0,0,99.256212
403,57.6484,walk-to-authored-tree,-271.537,-808.248,64.250,112.500,-84.424,276.346,-281.061,-802.715,-16.464,-258.275,-835.351,-20.642,1.0000,0.9375,-289.606,-825.753,55.935,-249.706,-801.204,54.418,0.6244,0.0000,1.6000,1,-100.000,550.000,0.0000,0.0000,0,0,-249.706,-801.204,54.418,0.000,0,-1.000000,1.000,28.924,-1.000000,0.0000,0.0000,0,0,0.000,1.000,19.607,-249.706,-801.204,54.418,0,0,0,99.253923
404,57.7902,walk-to-authored-tree,-269.854,-824.075,64.091,112.500,-83.654,277.176,-275.834,-840.294,-12.346,-259.132,-835.207,-20.808,1.0000,0.9375,-286.782,-844.990,58.090,-248.649,-813.002,56.064,0.7570,0.0000,1.6000,1,-100.000,550.000,0.0000,0.0000,0,0,-248.649,-813.002,56.064,0.000,0,-1.000000,1.000,28.924,-1.000000,0.0000,0.0000,0,0,0.000,1.000,19.607,-248.649,-813.002,56.064,0,0,0,99.251659
405,57.9340,walk-to-authored-tree,-267.912,-840.166,63.937,112.500,-82.824,278.103,-269.580,-877.607,-17.787,-259.935,-835.230,-21.121,1.0000,0.9375,-285.819,-857.277,54.958,-246.238,-833.465,53.619,0.8921,0.0000,1.6000,1,-100.000,550.000,0.0000,0.0000,0,0,-246.238,-833.465,53.619,0.000,0,-1.000000,1.000,28.924,-1.000000,0.0000,0.0000,0,0,0.000,1.000,19.607,-246.238,-833.465,53.619,0,0,0,99.249354
406,58.0741,walk-to-authored-tree,-265.785,-855.754,63.798,112.500,-81.897,279.102,-266.051,-897.546,-21.190,-260.486,-838.432,-20.979,1.0000,0.9375,-286.493,-863.890,52.490,-243.127,-858.874,52.822,0.0232,0.0000,1.6000,1,-100.000,550.000,0.0000,0.0000,0,0,-243.127,-858.874,52.822,0.000,0,-1.000000,1.000,28.924,-1.000000,0.0000,0.0000,0,0,0.000,1.000,19.607,-243.127,-858.874,52.822,0,0,0,99.247117
407,58.2140,walk-to-authored-tree,-263.392,-871.327,63.669,112.500,-80.898,280.220,-266.408,-897.794,-21.176,-255.545,-866.888,-15.395,1.0000,0.9375,-286.628,-871.357,54.560,-239.929,-882.365,56.241,0.1545,0.0000,1.6000,1,-100.000,550.000,0.0000,0.0000,0,0,-239.929,-882.365,56.241,0.000,0,-1.000000,1.000,28.924,-1.000000,0.0000,0.0000,0,0,0.000,1.000,19.607,-239.929,-882.365,56.241,0,0,0,99.244876
408,58.3515,walk-to-authored-tree,-260.761,-886.551,63.550,112.500,-79.780,281.463,-266.914,-898.080,-21.267,-247.758,-903.474,-13.116,1.0000,0.9375,-284.582,-885.229,55.470,-236.918,-898.788,57.367,0.2833,0.0000,1.6000,1,-100.000,550.000,0.0000,0.0000,0,0,-236.918,-898.788,57.367,0.000,0,-1.000000,1.000,28.924,-1.000000,0.0000,0.0000,0,0,0.000,1.000,19.607,-236.918,-898.788,57.367,0,0,0,99.242679
409,58.4881,walk-to-authored-tree,-257.825,-901.658,63.442,112.500,-78.537,282.885,-267.428,-898.320,-21.577,-239.210,-936.663,-19.219,1.0000,0.9375,-279.485,-906.247,52.790,-234.083,-908.099,53.921,0.4115,0.0000,1.6000,1,-100.000,550.000,0.0000,0.0000,0,0,-234.083,-908.099,53.921,0.000,0,-1.000000,1.000,28.924,-1.000000,0.0000,0.0000,0,0,0.000,1.000,19.607,-234.083,-908.099,53.921,0,0,0,99.240490
410,58.6279,walk-to-authored-tree,-254.460,-917.010,63.343,112.500,-77.115,284.586,-267.036,-905.013,-21.136,-235.311,-951.562,-21.771,1.0000,0.9375,-272.441,-931.779,52.594,-232.657,-912.976,51.999,0.5425,0.0000,1.6000,1,-100.000,550.000,0.0000,0.0000,0,0,-232.657,-912.976,51.999,0.000,0,-1.000000,1.000,28.924,-1.000000,0.0000,0.0000,0,0,0.000,1.000,19.607,-232.657,-912.976,51.999,0,0,0,99.238255
411,58.7755,walk-to-authored-tree,-250.436,-933.142,63.250,112.500,-75.414,286.766,-258.071,-937.383,-15.046,-235.281,-951.266,-22.029,1.0000,0.9375,-264.547,-955.331,56.088,-230.631,-920.256,54.203,0.6810,0.0000,1.6000,1,-100.000,550.000,0.0000,0.0000,0,0,-230.631,-920.256,54.203,0.000,0,-1.000000,1.000,28.924,-1.000000,0.0000,0.0000,0,0,0.000,1.000,19.607,-230.631,-920.256,54.203,0,0,0,99.235890
412,58.9231,walk-to-authored-tree,-245.856,-949.075,63.170,112.500,-73.234,289.554,-244.937,-976.265,-15.108,-235.726,-951.107,-22.128,1.0000,0.9375,-259.116,-971.779,56.006,-226.553,-935.452,54.122,0.8192,0.0000,1.6000,1,-100.000,550.000,0.0000,0.0000,0,0,-226.553,-935.452,54.122,0.000,0,-1.000000,1.000,28.924,-1.000000,0.0000,0.0000,0,0,0.000,1.000,19.607,-226.553,-935.452,54.122,0,0,0,99.233532
413,59.0652,walk-to-authored-tree,-240.760,-964.230,63.108,112.500,-70.446,293.242,-232.152,-1006.427,-21.230,-236.850,-951.081,-22.022,1.0000,0.9375,-256.600,-981.346,52.463,-219.614,-957.291,51.782,0.9524,0.0000,1.6000,1,-100.000,550.000,0.0000,0.0000,0,0,-219.614,-957.291,51.782,0.000,0,-1.000000,1.000,28.924,-1.000000,0.0000,0.0000,0,0,0.000,1.000,19.607,-219.614,-957.291,51.782,0,0,0,99.231258
414,59.2090,view-authored-tree,-240.760,-964.230,63.108,0.000,-70.446,293.242,-240.524,-987.019,-22.922,-229.803,-967.700,-22.868,0.2809,0.0000,-258.370,-978.859,56.321,-219.154,-959.830,56.147,0.9524,0.0000,1.6000,1,-100.000,550.000,0.0000,0.0000,0,0,-219.154,-959.830,56.147,0.000,0,-1.000000,1.000,28.924,-1.000000,0.0000,0.0000,0,0,0.000,1.000,19.607,-219.154,-959.830,56.147,0,0,0,99.228957
415,59.3504,view-authored-tree,-240.760,-964.230,63.108,0.000,-70.446,286.998,-243.845,-979.114,-21.804,-226.955,-974.534,-21.804,0.0000,0.0000,-258.994,-977.967,57.899,-218.954,-960.927,57.899,0.9524,0.0000,1.6000,1,-100.000,550.000,0.0000,0.0000,0,0,-218.954,-960.927,57.899,0.000,0,-1.000000,1.000,28.924,-1.000000,0.0000,0.0000,0,0,0.000,1.000,19.607,-218.954,-960.927,57.899,0,0,0,99.226690
416,59.4941,view-authored-tree,-240.760,-964.230,63.108,0.000,-70.446,283.041,-243.845,-979.114,-21.804,-226.955,-974.534,-21.804,0.0000,0.0000,-258.954,-978.051,57.911,-218.921,-961.014,57.911,0.9524,0.0000,1.6000,1,-100.000,550.000,0.0000,0.0000,0,0,-218.921,-961.014,57.911,0.000,0,-1.000000,1.000,28.924,-1.000000,0.0000,0.0000,0,0,0.000,1.000,19.607,-218.921,-961.014,57.911,0,0,0,99.224396
417,59.6392,view-authored-tree,-240.760,-964.230,63.108,0.000,-70.446,280.548,-243.845,-979.114,-21.804,-226.955,-974.534,-21.804,0.0000,0.0000,-258.914,-978.135,57.924,-218.888,-961.101,57.924,0.9524,0.0000,1.6000,1,-100.000,550.000,0.0000,0.0000,0,0,-218.888,-961.101,57.924,0.000,0,-1.000000,1.000,28.924,-1.000000,0.0000,0.0000,0,0,0.000,1.000,19.607,-218.888,-961.101,57.924,0,0,0,99.222070
418,59.7840,view-authored-tree,-240.760,-964.230,63.108,0.000,-70.446,279.020,-243.845,-979.114,-21.804,-226.955,-974.534,-21.804,0.0000,0.0000,-258.869,-978.230,57.939,-218.851,-961.200,57.939,0.9524,0.0000,1.6000,1,-100.000,550.000,0.0000,0.0000,0,0,-218.851,-961.200,57.939,0.000,0,-1.000000,1.000,28.924,-1.000000,0.0000,0.0000,0,0,0.000,1.000,19.607,-218.851,-961.200,57.939,0,0,0,99.219756
419,59.9264,view-authored-tree,-240.760,-964.230,63.108,0.000,-70.446,278.087,-243.845,-979.114,-21.804,-226.955,-974.534,-21.804,0.0000,0.0000,-258.829,-978.314,57.952,-218.819,-961.286,57.952,0.9524,0.0000,1.6000,1,-100.000,550.000,0.0000,0.0000,0,0,-218.819,-961.286,57.952,0.000,0,-1.000000,1.000,28.924,-1.000000,0.0000,0.0000,0,0,0.000,1.000,19.607,-218.819,-961.286,57.952,0,0,0,99.217474
420,60.0780,view-authored-tree,-240.760,-964.230,63.108,0.000,-70.446,277.470,-243.845,-979.114,-21.804,-226.955,-974.534,-21.804,0.0000,0.0000,-258.790,-978.396,57.965,-218.786,-961.372,57.966,0.9524,0.0000,1.6000,1,-100.000,550.000,0.0000,0.0000,0,0,-218.786,-961.372,57.966,0.000,0,-1.000000,1.000,28.924,-1.000000,0.0000,0.0000,0,0,0.000,1.000,19.607,-218.786,-961.372,57.966,0,0,0,99.215053
421,60.2193,view-authored-tree,-240.760,-964.230,63.108,0.000,-70.446,277.124,-243.845,-979.114,-21.804,-226.955,-974.534,-21.804,0.0000,0.0000,-258.778,-978.420,57.969,-218.777,-961.396,57.969,0.9524,0.0000,1.6000,1,-100.000,550.000,0.0000,0.0000,0,0,-218.777,-961.396,57.969,0.000,0,-1.000000,1.000,28.924,-1.000000,0.0000,0.0000,0,0,0.000,1.000,19.607,-218.777,-961.396,57.969,0,0,0,99.212789
422,60.3627,view-authored-tree,-240.760,-964.230,63.108,0.000,-70.446,276.904,-243.845,-979.114,-21.804,-226.955,-974.534,-21.804,0.0000,0.0000,-258.778,-978.420,57.969,-218.777,-961.396,57.969,0.9524,0.0000,1.6000,1,-100.000,550.000,0.0000,0.0000,0,0,-218.777,-961.396,57.969,0.000,0,-1.000000,1.000,28.924,-1.000000,0.0000,0.0000,0,0,0.000,1.000,19.607,-218.777,-961.396,57.969,0,0,0,99.210500
423,60.5070,view-authored-tree,-240.760,-964.230,63.108,0.000,-70.446,276.766,-243.845,-979.114,-21.804,-226.955,-974.534,-21.804,0.0000,0.0000,-258.748,-978.484,57.980,-218.753,-961.462,57.980,0.9524,0.0000,1.6000,1,-100.000,550.000,0.0000,0.0000,0,0,-218.753,-961.462,57.980,0.000,0,-1.000000,1.000,28.924,-1.000000,0.0000,0.0000,0,0,0.000,1.000,19.607,-218.753,-961.462,57.980,0,0,0,99.208184
424,60.6472,view-authored-tree,-240.760,-964.230,63.108,0.000,-70.446,276.683,-243.845,-979.114,-21.804,-226.955,-974.534,-21.804,0.0000,0.0000,-258.748,-978.484,57.980,-218.753,-961.462,57.980,0.9524,0.0000,1.6000,1,-100.000,550.000,0.0000,0.0000,0,0,-218.753,-961.462,57.980,0.000,0,-1.000000,1.000,28.924,-1.000000,0.0000,0.0000,0,0,0.000,1.000,19.607,-218.753,-961.462,57.980,0,0,0,99.205945
425,60.7904,view-authored-tree,-240.760,-964.230,63.108,0.000,-70.446,276.630,-243.845,-979.114,-21.804,-226.955,-974.534,-21.804,0.0000,0.0000,-258.790,-978.396,57.969,-218.787,-961.372,57.969,0.9524,0.0000,1.6000,1,-100.000,550.000,0.0000,0.0000,0,0,-218.787,-961.372,57.969,0.000,0,-1.000000,1.000,28.924,-1.000000,0.0000,0.0000,0,0,0.000,1.000,19.607,-218.787,-961.372,57.969,0,0,0,99.203651
426,60.9311,view-authored-tree,-240.760,-964.230,63.108,0.000,-70.446,276.597,-243.845,-979.114,-21.804,-226.955,-974.534,-21.804,0.0000,0.0000,-258.815,-978.343,57.957,-218.807,-961.317,57.957,0.9524,0.0000,1.6000,1,-100.000,550.000,0.0000,0.0000,0,0,-218.807,-961.317,57.957,0.000,0,-1.000000,1.000,28.924,-1.000000,0.0000,0.0000,0,0,0.000,1.000,19.607,-218.807,-961.317,57.957,0,0,0,99.201405
427,61.1294,view-authored-tree,-240.760,-964.230,63.108,0.000,-70.446,276.568,-243.845,-979.114,-21.804,-226.955,-974.534,-21.804,0.0000,0.0000,-258.876,-978.215,57.936,-218.857,-961.184,57.936,0.9524,0.0000,1.6000,1,-100.000,550.000,0.0000,0.0000,0,0,-218.857,-961.184,57.936,0.000,0,-1.000000,1.000,28.924,-1.000000,0.0000,0.0000,0,0,0.000,1.000,19.607,-218.857,-961.184,57.936,0,0,0,99.198226
428,61.2768,view-authored-tree,-240.760,-964.230,63.108,0.000,-70.446,276.558,-243.845,-979.114,-21.804,-226.955,-974.534,-21.804,0.0000,0.0000,-258.918,-978.127,57.923,-218.891,-961.093,57.923,0.9524,0.0000,1.6000,1,-100.000,550.000,0.0000,0.0000,0,0,-218.891,-961.093,57.923,0.000,0,-1.000000,1.000,28.924,-1.000000,0.0000,0.0000,0,0,0.000,1.000,19.607,-218.891,-961.093,57.923,0,0,0,99.195872
429,61.4220,view-authored-tree,-240.760,-964.230,63.108,0.000,-70.446,276.552,-243.845,-979.114,-21.804,-226.955,-974.534,-21.804,0.0000,0.0000,-258.962,-978.034,57.909,-218.928,-960.996,57.909,0.9524,0.0000,1.6000,1,-100.000,550.000,0.0000,0.0000,0,0,-218.928,-960.996,57.909,0.000,0,-1.000000,1.000,28.924,-1.000000,0.0000,0.0000,0,0,0.000,1.000,19.607,-218.928,-960.996,57.909,0,0,0,99.193546
430,61.5609,view-authored-tree,-240.760,-964.230,63.108,0.000,-70.446,276.548,-243.845,-979.114,-21.804,-226.955,-974.534,-21.804,0.0000,0.0000,-258.982,-977.992,57.899,-218.945,-960.953,57.899,0.9524,0.0000,1.6000,1,-100.000,550.000,0.0000,0.0000,0,0,-218.945,-960.953,57.899,0.000,0,-1.000000,1.000,28.924,-1.000000,0.0000,0.0000,0,0,0.000,1.000,19.607,-218.945,-960.953,57.899,0,0,0,99.191329
431,61.6992,view-authored-tree,-240.760,-964.230,63.108,0.000,-70.446,276.546,-243.845,-979.114,-21.804,-226.955,-974.534,-21.804,0.0000,0.0000,-258.990,-977.972,57.891,-218.953,-960.933,57.891,0.9524,0.0000,1.6000,1,-100.000,550.000,0.0000,0.0000,0,0,-218.953,-960.933,57.891,0.000,0,-1.000000,1.000,28.924,-1.000000,0.0000,0.0000,0,0,0.000,1.000,19.607,-218.953,-960.933,57.891,0,0,0,99.189108
432,61.8400,view-authored-tree,-240.760,-964.230,63.108,0.000,-70.446,276.545,-243.845,-979.114,-21.804,-226.955,-974.534,-21.804,0.0000,0.0000,-259.032,-977.887,57.887,-218.986,-960.844,57.887,0.9524,0.0000,1.6000,1,-100.000,550.000,0.0000,0.0000,0,0,-218.986,-960.844,57.887,0.000,0,-1.000000,1.000,28.924,-1.000000,0.0000,0.0000,0,0,0.000,1.000,19.607,-218.986,-960.844,57.887,0,0,0,99.186861
433,61.9966,view-authored-tree,-240.760,-964.230,63.108,0.000,-70.446,276.545,-243.845,-979.114,-21.804,-226.955,-974.534,-21.804,0.0000,0.0000,-259.032,-977.887,57.887,-218.986,-960.844,57.887,0.9524,0.0000,1.6000,1,-100.000,550.000,0.0000,0.0000,0,0,-218.986,-960.844,57.887,0.000,0,-1.000000,1.000,28.924,-1.000000,0.0000,0.0000,0,0,0.000,1.000,19.607,-218.986,-960.844,57.887,0,0,0,99.184350
434,62.1360,view-authored-tree,-240.760,-964.230,63.108,0.000,-70.446,276.545,-243.845,-979.114,-21.804,-226.955,-974.534,-21.804,0.0000,0.0000,-259.039,-977.871,57.885,-218.992,-960.827,57.885,0.9524,0.0000,1.6000,1,-100.000,550.000,0.0000,0.0000,0,0,-218.992,-960.827,57.885,0.000,0,-1.000000,1.000,28.924,-1.000000,0.0000,0.0000,0,0,0.000,1.000,19.607,-218.992,-960.827,57.885,0,0,0,99.182126
435,62.2748,walk-into-authored-trunk,-240.760,-964.230,63.108,0.000,-70.446,276.545,-243.845,-979.114,-21.804,-226.955,-974.534,-21.804,0.0000,0.0000,-259.039,-977.871,57.885,-218.992,-960.827,57.885,0.9524,0.0000,1.6000,1,-100.000,550.000,0.0000,0.0000,0,0,-218.992,-960.827,57.885,0.000,0,-1.000000,1.000,28.924,-1.000000,0.0000,0.0000,0,0,0.000,1.000,19.607,-218.992,-960.827,57.885,0,0,0,99.179900
436,62.4133,walk-into-authored-trunk,-240.125,-969.765,63.071,60.439,-83.455,276.545,-243.053,-1003.304,-23.106,-232.712,-961.578,-23.181,0.6907,0.5037,-261.014,-977.945,53.648,-217.742,-972.817,53.862,0.0220,0.0000,1.6000,1,-100.000,550.000,0.0000,0.0000,0,0,-217.742,-972.817,53.862,0.000,0,-1.000000,1.000,28.924,-1.000000,0.0000,0.0000,0,0,0.000,1.000,19.607,-217.742,-972.817,53.862,0,0,0,99.177690
437,62.5529,walk-into-authored-trunk,-238.558,-983.419,62.979,112.500,-83.455,276.520,-242.726,-1009.881,-21.847,-230.563,-979.122,-16.135,1.0000,0.9375,-261.762,-982.483,53.859,-215.618,-995.437,55.535,0.1531,0.0000,1.6000,1,-100.000,550.000,0.0000,0.0000,0,0,-215.618,-995.437,55.535,0.000,0,-1.000000,1.000,28.924,-1.000000,0.0000,0.0000,0,0,0.000,1.000,19.607,-215.618,-995.437,55.535,0,0,0,99.175453
438,62.6939,walk-into-authored-trunk,-236.757,-999.163,62.880,112.500,-83.480,276.443,-243.684,-1010.052,-21.963,-224.816,-1017.220,-13.865,1.0000,0.9375,-260.436,-996.331,54.758,-213.758,-1012.884,56.649,0.2851,0.0000,1.6000,1,-100.000,550.000,0.0000,0.0000,0,0,-213.758,-1012.884,56.649,0.000,0,-1.000000,1.000,28.924,-1.000000,0.0000,0.0000,0,0,0.000,1.000,19.607,-213.758,-1012.884,56.649,0,0,0,99.173199
439,62.8361,walk-into-authored-trunk,-234.952,-1015.082,62.784,112.500,-83.557,276.320,-244.413,-1010.095,-22.146,-219.387,-1052.312,-20.110,1.0000,0.9375,-256.850,-1018.267,52.101,-211.934,-1023.123,53.158,0.4186,0.0000,1.6000,1,-100.000,550.000,0.0000,0.0000,0,0,-211.934,-1023.123,53.158,0.000,0,-1.000000,1.000,28.924,-1.000000,0.0000,0.0000,0,0,0.000,1.000,19.607,-211.934,-1023.123,53.158,0,0,0,99.170921
440,62.9810,walk-into-authored-trunk,-233.148,-1031.266,62.723,112.500,-83.680,276.163,-244.220,-1018.618,-21.331,-218.386,-1066.418,-22.317,1.0000,0.9375,-252.544,-1044.731,52.285,-211.192,-1028.823,51.537,0.5543,0.0000,1.6000,1,-100.000,550.000,0.0000,0.0000,0,0,-211.192,-1028.823,51.537,0.000,0,-1.000000,1.000,28.924,-1.000000,0.0000,0.0000,0,0,0.000,1.000,19.607,-211.192,-1028.823,51.537,0,0,0,99.168605
441,63.1358,walk-into-authored-trunk,-231.261,-1048.592,62.723,112.500,-83.837,275.970,-238.949,-1054.702,-14.287,-219.368,-1066.523,-21.958,1.0000,0.9375,-248.368,-1068.931,56.505,-209.883,-1038.204,54.554,0.6996,0.0000,1.6000,1,-100.000,550.000,0.0000,0.0000,0,0,-209.883,-1038.204,54.554,0.000,0,-1.000000,1.000,28.924,-1.000000,0.0000,0.0000,0,0,0.000,1.000,19.607,-209.883,-1038.204,54.554,0,0,0,99.166126
442,63.2801,walk-into-authored-trunk,-229.556,-1064.718,62.466,112.500,-84.030,275.773,-233.313,-1094.087,-16.320,-220.301,-1066.717,-22.617,1.0000,0.9375,-246.948,-1084.074,55.134,-207.973,-1055.460,53.330,0.8347,0.0000,1.6000,1,-100.000,550.000,0.0000,0.0000,0,0,-207.973,-1055.460,53.330,0.000,0,-1.000000,1.000,28.924,-1.000000,0.0000,0.0000,0,0,0.000,1.000,19.607,-207.973,-1055.460,53.330,0,0,0,99.163820
443,63.4296,walk-into-authored-trunk,-227.843,-1081.463,62.466,112.500,-84.227,275.556,-229.517,-1125.684,-22.178,-221.506,-1066.931,-22.509,1.0000,0.9375,-247.924,-1092.585,51.530,-205.665,-1081.574,51.176,0.9750,0.0000,1.6000,1,-100.000,550.000,0.0000,0.0000,0,0,-205.665,-1081.574,51.176,0.000,0,-1.000000,1.000,28.924,-1.000000,0.0000,0.0000,0,0,0.000,1.000,19.607,-205.665,-1081.574,51.176,0,0,0,99.161426
444,63.5824,walk-into-authored-trunk,-226.158,-1098.558,62.466,112.500,-84.444,275.323,-230.129,-1129.078,-22.497,-218.914,-1089.397,-18.593,1.0000,0.9375,-248.933,-1098.969,52.453,-203.456,-1109.263,53.860,0.1181,0.0000,1.6000,1,-100.000,550.000,0.0000,0.0000,0,0,-203.456,-1109.263,53.860,0.000,0,-1.000000,1.000,28.924,-1.000000,0.0000,0.0000,0,0,0.000,1.000,19.607,-203.456,-1109.263,53.860,0,0,0,99.158983
445,63.7227,walk-into-authored-trunk,-224.669,-1114.299,62.205,112.500,-84.677,275.099,-231.152,-1129.249,-22.694,-214.013,-1126.491,-14.195,1.0000,0.9375,-248.299,-1110.534,54.205,-201.931,-1128.792,56.119,0.2499,0.0000,1.6000,1,-100.000,550.000,0.0000,0.0000,0,0,-201.931,-1128.792,56.119,0.000,0,-1.000000,1.000,28.924,-1.000000,0.0000,0.0000,0,0,0.000,1.000,19.607,-201.931,-1128.792,56.119,0,0,0,99.156734
446,63.8615,walk-into-authored-trunk,-223.261,-1129.818,62.205,112.500,-84.901,274.871,-232.344,-1129.305,-22.648,-209.730,-1163.057,-18.656,1.0000,0.9375,-246.230,-1130.024,52.344,-200.815,-1140.835,53.779,0.3797,0.0000,1.6000,1,-100.000,550.000,0.0000,0.0000,0,0,-200.815,-1140.835,53.779,0.000,0,-1.000000,1.000,28.924,-1.000000,0.0000,0.0000,0,0,0.000,1.000,19.607,-200.815,-1140.835,53.779,0,0,0,99.154518
447,64.0044,walk-into-authored-trunk,-221.872,-1145.847,62.205,112.500,-85.129,274.628,-232.587,-1131.049,-22.637,-206.987,-1186.116,-22.754,1.0000,0.9375,-242.078,-1155.780,51.145,-199.384,-1147.218,50.945,0.5138,0.0000,1.6000,1,-100.000,550.000,0.0000,0.0000,0,0,-199.384,-1147.218,50.945,0.000,0,-1.000000,1.000,28.924,-1.000000,0.0000,0.0000,0,0,0.000,1.000,19.607,-199.384,-1147.218,50.945,0,0,0,99.152229
448,64.1519,walk-into-authored-trunk,-220.510,-1162.365,62.205,112.500,-85.372,274.370,-229.513,-1160.578,-16.889,-208.248,-1186.467,-22.493,1.0000,0.9375,-238.604,-1180.868,54.884,-198.779,-1154.249,53.146,0.6519,0.0000,1.6000,1,-100.000,550.000,0.0000,0.0000,0,0,-198.779,-1154.249,53.146,0.000,0,-1.000000,1.000,28.924,-1.000000,0.0000,0.0000,0,0,0.000,1.000,19.607,-198.779,-1154.249,53.146,0,0,0,99.149872
449,64.2980,walk-into-authored-trunk,-219.230,-1178.787,62.205,112.500,-85.630,274.106,-224.949,-1200.406,-14.594,-209.352,-1186.557,-22.575,1.0000,0.9375,-236.924,-1198.794,56.086,-197.584,-1168.826,54.104,0.7892,0.0000,1.6000,1,-100.000,550.000,0.0000,0.0000,0,0,-197.584,-1168.826,54.104,0.000,0,-1.000000,1.000,28.924,-1.000000,0.0000,0.0000,0,0,0.000,1.000,19.607,-197.584,-1168.826,54.104,0,0,0,99.147530
450,64.4398,walk-into-authored-trunk,-218.063,-1194.672,62.205,112.500,-85.894,273.842,-221.373,-1235.137,-21.101,-210.344,-1186.619,-23.003,1.0000,0.9375,-237.392,-1209.029,52.260,-195.973,-1191.282,51.207,0.9219,0.0000,1.6000,1,-100.000,550.000,0.0000,0.0000,0,0,-195.973,-1191.282,51.207,0.000,0,-1.000000,1.000,28.924,-1.000000,0.0000,0.0000,0,0,0.000,1.000,19.607,-195.973,-1191.282,51.207,0,0,0,99.145264
451,64.5787,walk-into-authored-trunk,-216.988,-1210.286,61.951,112.500,-86.158,273.575,-220.767,-1248.469,-22.878,-210.231,-1194.778,-21.973,1.0000,0.9375,-238.730,-1214.618,50.942,-194.567,-1217.326,51.656,0.0524,0.0000,1.6000,1,-100.000,550.000,0.0000,0.0000,0,0,-194.567,-1217.326,51.656,0.000,0,-1.000000,1.000,28.924,-1.000000,0.0000,0.0000,0,0,0.000,1.000,19.607,-194.567,-1217.326,51.656,0,0,0,99.143039
452,64.7258,walk-into-authored-trunk,-215.931,-1226.766,61.951,112.500,-86.425,273.285,-222.030,-1248.664,-23.090,-206.993,-1228.789,-15.815,1.0000,0.9375,-239.307,-1223.234,53.315,-193.668,-1241.135,55.127,0.1900,0.0000,1.6000,1,-100.000,550.000,0.0000,0.0000,0,0,-193.668,-1241.135,55.127,0.000,0,-1.000000,1.000,28.924,-1.000000,0.0000,0.0000,0,0,0.000,1.000,19.607,-193.668,-1241.135,55.127,0,0,0,99.140690
453,64.8655,walk-into-authored-trunk,-214.999,-1242.490,61.951,112.500,-86.715,272.999,-222.975,-1248.649,-22.931,-203.245,-1267.464,-16.022,1.0000,0.9375,-238.218,-1239.263,53.270,-192.712,-1256.711,55.076,0.3212,0.0000,1.6000,1,-100.000,550.000,0.0000,0.0000,0,0,-192.712,-1256.711,55.076,0.000,0,-1.000000,1.000,28.924,-1.000000,0.0000,0.0000,0,0,0.000,1.000,19.607,-192.712,-1256.711,55.076,0,0,0,99.138450
454,65.0068,walk-into-authored-trunk,-214.140,-1258.331,61.951,112.500,-87.001,272.701,-224.003,-1248.676,-23.175,-200.791,-1299.233,-22.473,1.0000,0.9375,-235.894,-1262.783,50.598,-191.872,-1265.293,51.242,0.4534,0.0000,1.6000,1,-100.000,550.000,0.0000,0.0000,0,0,-191.872,-1265.293,51.242,0.000,0,-1.000000,1.000,28.924,-1.000000,0.0000,0.0000,0,0,0.000,1.000,19.607,-191.872,-1265.293,51.242,0,0,0,99.136193
455,65.1496,walk-into-authored-trunk,-213.352,-1274.408,61.951,112.500,-87.299,272.389,-223.098,-1264.101,-20.732,-201.041,-1306.424,-23.062,1.0000,0.9375,-232.834,-1288.838,52.444,-191.154,-1270.854,51.300,0.5876,0.0000,1.6000,1,-100.000,550.000,0.0000,0.0000,0,0,-191.154,-1270.854,51.300,0.000,0,-1.000000,1.000,28.924,-1.000000,0.0000,0.0000,0,0,0.000,1.000,19.607,-191.154,-1270.854,51.300,0,0,0,99.133904
456,65.2881,walk-into-authored-trunk,-212.672,-1289.940,61.951,112.500,-87.611,272.077,-220.478,-1298.692,-14.711,-202.189,-1306.656,-22.842,1.0000,0.9375,-231.030,-1309.438,55.874,-190.716,-1280.599,53.876,0.7171,0.0000,1.6000,1,-100.000,550.000,0.0000,0.0000,0,0,-190.716,-1280.599,53.876,0.000,0,-1.000000,1.000,28.924,-1.000000,0.0000,0.0000,0,0,0.000,1.000,19.607,-190.716,-1280.599,53.876,0,0,0,99.131693
457,65.4321,walk-into-authored-trunk,-212.052,-1306.164,61.951,112.500,-87.923,271.740,-217.787,-1337.994,-17.447,-203.415,-1306.671,-22.894,1.0000,0.9375,-231.153,-1323.601,54.353,-190.123,-1299.194,52.701,0.8524,0.0000,1.6000,1,-100.000,550.000,0.0000,0.0000,0,0,-190.123,-1299.194,52.701,0.000,0,-1.000000,1.000,28.924,-1.000000,0.0000,0.0000,0,0,0.000,1.000,19.607,-190.123,-1299.194,52.701,0,0,0,99.129384
458,65.5709,walk-into-authored-trunk,-211.545,-1321.739,61.951,112.500,-88.260,271.403,-216.249,-1365.973,-22.778,-204.227,-1306.816,-22.968,1.0000,0.9375,-232.419,-1330.842,50.942,-189.379,-1323.979,50.689,0.9823,0.0000,1.6000,1,-100.000,550.000,0.0000,0.0000,0,0,-189.379,-1323.979,50.689,0.000,0,-1.000000,1.000,28.924,-1.000000,0.0000,0.0000,0,0,0.000,1.000,19.607,-189.379,-1323.979,50.689,0,0,0,99.127168
459,65.7104,walk-into-authored-trunk,-211.126,-1337.446,61.951,112.500,-88.597,271.051,-217.239,-1368.189,-23.017,-203.282,-1328.237,-19.373,1.0000,0.9375,-233.816,-1336.511,51.839,-189.237,-1349.477,53.199,0.1132,0.0000,1.6000,1,-100.000,550.000,0.0000,0.0000,0,0,-189.237,-1349.477,53.199,0.000,0,-1.000000,1.000,28.924,-1.000000,0.0000,0.0000,0,0,0.000,1.000,19.607,-189.237,-1349.477,53.199,0,0,0,99.124933
460,65.8505,walk-into-authored-trunk,-210.802,-1353.181,61.951,112.500,-88.949,270.685,-218.319,-1368.238,-22.949,-201.176,-1365.099,-14.487,1.0000,0.9375,-234.089,-1347.728,53.938,-189.205,-1369.297,55.855,0.2444,0.0000,1.6000,1,-100.000,550.000,0.0000,0.0000,0,0,-189.205,-1369.297,55.855,0.000,0,-1.000000,1.000,28.924,-1.000000,0.0000,0.0000,0,0,0.000,1.000,19.607,-189.205,-1369.297,55.855,0,0,0,99.122695
461,65.9899,walk-into-authored-trunk,-210.577,-1368.893,61.951,112.500,-89.315,270.304,-219.524,-1368.179,-22.964,-199.654,-1402.513,-18.741,1.0000,0.9375,-233.507,-1367.095,52.117,-189.038,-1381.838,53.590,0.3753,0.0000,1.6000,1,-100.000,550.000,0.0000,0.0000,0,0,-189.038,-1381.838,53.590,0.000,0,-1.000000,1.000,28.924,-1.000000,0.0000,0.0000,0,0,0.000,1.000,19.607,-189.038,-1381.838,53.590,0,0,0,99.120460
462,66.1263,walk-into-authored-trunk,-210.457,-1384.207,61.951,112.500,-89.696,269.916,-219.891,-1368.489,-22.946,-198.661,-1426.783,-23.017,1.0000,0.9375,-231.459,-1391.616,50.799,-188.094,-1388.279,50.760,0.5029,0.0000,1.6000,1,-100.000,550.000,0.0000,0.0000,0,0,-188.094,-1388.279,50.760,0.000,0,-1.000000,1.000,28.924,-1.000000,0.0000,0.0000,0,0,0.000,1.000,19.607,-188.094,-1388.279,50.760,0,0,0,99.118282
463,66.2620,walk-into-authored-trunk,-210.440,-1399.507,61.951,112.500,-90.084,269.511,-219.369,-1393.915,-18.538,-199.987,-1427.058,-23.022,1.0000,0.9375,-230.110,-1415.476,53.739,-188.036,-1394.329,52.159,0.6304,0.0000,1.6000,1,-100.000,550.000,0.0000,0.0000,0,0,-188.036,-1394.329,52.159,0.000,0,-1.000000,1.000,28.924,-1.000000,0.0000,0.0000,0,0,0.000,1.000,19.607,-188.036,-1394.329,52.159,0,0,0,99.116106
464,66.3991,walk-into-authored-trunk,-210.530,-1414.905,61.951,112.500,-90.489,269.086,-218.379,-1430.601,-14.494,-201.216,-1427.035,-22.944,1.0000,0.9375,-229.828,-1433.649,55.947,-188.156,-1406.443,53.923,0.7588,0.0000,1.6000,1,-100.000,550.000,0.0000,0.0000,0,0,-188.156,-1406.443,53.923,0.000,0,-1.000000,1.000,28.924,-1.000000,0.0000,0.0000,0,0,0.000,1.000,19.607,-188.156,-1406.443,53.923,0,0,0,99.113916
465,66.5359,walk-into-authored-trunk,-210.733,-1430.311,61.951,112.500,-90.914,268.639,-217.716,-1466.572,-19.563,-202.143,-1427.140,-23.184,1.0000,0.9375,-230.844,-1445.022,53.050,-188.353,-1426.415,51.664,0.8872,0.0000,1.6000,1,-100.000,550.000,0.0000,0.0000,0,0,-188.353,-1426.415,51.664,0.000,0,-1.000000,1.000,28.924,-1.000000,0.0000,0.0000,0,0,0.000,1.000,19.607,-188.353,-1426.415,51.664,0,0,0,99.111724
466,66.6748,walk-into-authored-trunk,-211.058,-1445.921,61.951,112.500,-91.361,268.164,-218.219,-1487.824,-22.987,-203.042,-1429.484,-22.900,1.0000,0.9375,-232.798,-1451.039,50.669,-189.235,-1452.260,50.920,0.0173,0.0000,1.6000,1,-100.000,550.000,0.0000,0.0000,0,0,-189.235,-1452.260,50.920,0.000,0,-1.000000,1.000,28.924,-1.000000,0.0000,0.0000,0,0,0.000,1.000,19.607,-189.235,-1452.260,50.920,0,0,0,99.109504
467,66.8113,walk-into-authored-trunk,-211.503,-1461.293,61.951,112.500,-91.836,267.669,-219.436,-1487.751,-22.861,-202.978,-1457.092,-17.548,1.0000,0.9375,-234.277,-1457.365,52.680,-190.505,-1476.202,54.314,0.1454,0.0000,1.6000,1,-100.000,550.000,0.0000,0.0000,0,0,-190.505,-1476.202,54.314,0.000,0,-1.000000,1.000,28.924,-1.000000,0.0000,0.0000,0,0,0.000,1.000,19.607,-190.505,-1476.202,54.314,0,0,0,99.107317
468,66.9527,walk-into-authored-trunk,-212.098,-1477.155,62.213,112.500,-92.331,267.131,-220.586,-1487.718,-22.632,-203.096,-1495.525,-14.400,1.0000,0.9375,-235.054,-1470.612,54.147,-191.483,-1494.340,56.052,0.2777,0.0000,1.6000,1,-100.000,550.000,0.0000,0.0000,0,0,-191.483,-1494.340,56.052,0.000,0,-1.000000,1.000,28.924,-1.000000,0.0000,0.0000,0,0,0.000,1.000,19.607,-191.483,-1494.340,56.052,0,0,0,99.105059
469,67.0906,walk-into-authored-trunk,-212.821,-1492.672,62.213,112.500,-92.869,266.570,-221.267,-1487.575,-22.854,-203.431,-1530.744,-20.290,1.0000,0.9375,-234.941,-1491.443,51.583,-191.418,-1505.070,52.758,0.4072,0.0000,1.6000,1,-100.000,550.000,0.0000,0.0000,0,0,-191.418,-1505.070,52.758,0.000,0,-1.000000,1.000,28.924,-1.000000,0.0000,0.0000,0,0,0.000,1.000,19.607,-191.418,-1505.070,52.758,0,0,0,99.102850
470,67.2265,walk-into-authored-trunk,-213.678,-1507.922,62.213,112.500,-93.430,265.984,-222.351,-1492.491,-22.438,-204.950,-1547.385,-22.849,1.0000,0.9375,-235.081,-1516.494,51.374,-191.621,-1510.835,50.879,0.5344,0.0000,1.6000,1,-100.000,550.000,0.0000,0.0000,0,0,-191.621,-1510.835,50.879,0.000,0,-1.000000,1.000,28.924,-1.000000,0.0000,0.0000,0,0,0.000,1.000,19.607,-191.621,-1510.835,50.879,0,0,0,99.100678
471,67.3631,walk-into-authored-trunk,-214.697,-1523.281,62.213,112.500,-94.016,265.353,-223.229,-1521.815,-16.615,-206.114,-1547.587,-22.769,1.0000,0.9375,-235.208,-1539.242,54.899,-191.856,-1518.029,53.103,0.6627,0.0000,1.6000,1,-100.000,550.000,0.0000,0.0000,0,0,-191.856,-1518.029,53.103,0.000,0,-1.000000,1.000,28.924,-1.000000,0.0000,0.0000,0,0,0.000,1.000,19.607,-191.856,-1518.029,53.103,0,0,0,99.098488
472,67.5043,walk-into-authored-trunk,-215.917,-1539.084,62.486,112.500,-94.647,264.656,-224.963,-1560.534,-14.414,-207.348,-1547.638,-22.256,1.0000,0.9375,-236.532,-1555.963,56.328,-192.974,-1532.762,54.361,0.7948,0.0000,1.6000,1,-100.000,550.000,0.0000,0.0000,0,0,-192.974,-1532.762,54.361,0.000,0,-1.000000,1.000,28.924,-1.000000,0.0000,0.0000,0,0,0.000,1.000,19.607,-192.974,-1532.762,54.361,0,0,0,99.096234
473,67.6433,walk-into-authored-trunk,-217.308,-1554.699,62.486,112.500,-95.344,263.910,-227.247,-1594.432,-20.997,-208.372,-1547.599,-22.757,1.0000,0.9375,-238.767,-1565.468,52.409,-195.006,-1555.244,51.392,0.9254,0.0000,1.6000,1,-100.000,550.000,0.0000,0.0000,0,0,-195.006,-1555.244,51.392,0.000,0,-1.000000,1.000,28.924,-1.000000,0.0000,0.0000,0,0,0.000,1.000,19.607,-195.006,-1555.244,51.392,0,0,0,99.094005
474,67.7918,walk-into-authored-trunk,-219.003,-1571.293,62.486,112.500,-96.090,263.047,-229.315,-1606.833,-22.464,-209.748,-1558.115,-21.139,1.0000,0.9375,-241.245,-1570.892,51.493,-198.320,-1583.003,52.366,0.0644,0.0000,1.6000,1,-100.000,550.000,0.0000,0.0000,0,0,-198.320,-1583.003,52.366,0.000,0,-1.000000,1.000,28.924,-1.000000,0.0000,0.0000,0,0,0.000,1.000,19.607,-198.320,-1583.003,52.366,0,0,0,99.091632
475,67.9289,walk-into-authored-trunk,-220.787,-1586.621,62.750,112.500,-96.953,262.165,-230.768,-1606.659,-22.290,-212.406,-1590.751,-14.884,1.0000,0.9375,-243.131,-1578.779,54.164,-201.549,-1604.899,55.986,0.1930,0.0000,1.6000,1,-100.000,550.000,0.0000,0.0000,0,0,-201.549,-1604.899,55.986,0.000,0,-1.000000,1.000,28.924,-1.000000,0.0000,0.0000,0,0,0.000,1.000,19.607,-201.549,-1604.899,55.986,0,0,0,99.089437
476,68.1210,walk-into-authored-trunk,-223.636,-1608.029,62.750,112.500,-97.835,260.805,-232.382,-1606.261,-22.197,-217.776,-1642.605,-17.848,1.0000,0.9375,-246.035,-1602.731,52.931,-204.267,-1624.145,54.424,0.3730,0.0000,1.6000,1,-100.000,550.000,0.0000,0.0000,0,0,-204.267,-1624.145,54.424,0.000,0,-1.000000,1.000,28.924,-1.000000,0.0000,0.0000,0,0,0.000,1.000,19.607,-204.267,-1624.145,54.424,0,0,0,99.086366
477,68.2576,walk-into-authored-trunk,-225.974,-1623.248,63.014,112.500,-99.195,259.656,-232.672,-1606.174,-21.891,-221.371,-1667.373,-21.947,1.0000,0.9375,-247.898,-1626.957,51.849,-204.605,-1631.091,51.835,0.5013,0.0000,1.6000,1,-100.000,550.000,0.0000,0.0000,0,0,-204.605,-1631.091,51.835,0.000,0,-1.000000,1.000,28.924,-1.000000,0.0000,0.0000,0,0,0.000,1.000,19.607,-204.605,-1631.091,51.835,0,0,0,99.084176
478,68.3925,walk-into-authored-trunk,-228.575,-1638.164,63.014,112.500,-100.344,258.376,-236.293,-1630.660,-17.588,-223.226,-1667.493,-21.921,1.0000,0.9375,-250.764,-1650.211,54.751,-205.628,-1637.215,53.202,0.6275,0.0000,1.6000,1,-100.000,550.000,0.0000,0.0000,0,0,-205.628,-1637.215,53.202,0.000,0,-1.000000,1.000,28.924,-1.000000,0.0000,0.0000,0,0,0.000,1.000,19.607,-205.628,-1637.215,53.202,0,0,0,99.082023
479,68.5262,walk-into-authored-trunk,-231.485,-1652.954,63.014,112.500,-101.624,256.915,-242.084,-1665.845,-13.400,-224.792,-1667.300,-21.892,1.0000,0.9375,-254.041,-1667.645,57.019,-207.898,-1648.944,54.991,0.7531,0.0000,1.6000,1,-100.000,550.000,0.0000,0.0000,0,0,-207.898,-1648.944,54.991,0.000,0,-1.000000,1.000,28.924,-1.000000,0.0000,0.0000,0,0,0.000,1.000,19.607,-207.898,-1648.944,54.991,0,0,0,99.079879
480,68.6615,walk-into-authored-trunk,-234.780,-1667.781,63.298,112.500,-103.085,255.188,-249.136,-1700.808,-17.752,-225.902,-1667.365,-21.775,1.0000,0.9375,-257.596,-1678.330,54.686,-212.016,-1668.248,53.233,0.8797,0.0000,1.6000,1,-100.000,550.000,0.0000,0.0000,0,0,-212.016,-1668.248,53.233,0.000,0,-1.000000,1.000,28.924,-1.000000,0.0000,0.0000,0,0,0.000,1.000,19.607,-212.016,-1668.248,53.233,0,0,0,99.077719
481,68.7968,walk-into-authored-trunk,-234.335,-1675.566,63.399,31.674,-104.812,253.092,-250.003,-1709.871,-20.195,-224.920,-1673.055,-22.028,0.9050,0.2639,-257.287,-1682.686,54.092,-212.387,-1679.671,53.077,0.9155,0.0000,1.6000,1,-100.000,550.000,0.0000,0.0000,0,0,-212.387,-1679.671,53.077,0.000,0,-1.000000,1.000,28.924,-1.000000,0.0000,0.0000,0,0,0.000,1.000,19.607,-212.387,-1679.671,53.077,0,0,0,99.075549
482,68.9351,walk-into-authored-trunk,-231.238,-1677.739,63.429,26.624,-106.908,250.504,-247.810,-1709.872,-22.039,-221.746,-1675.692,-22.531,0.7607,0.2219,-254.204,-1681.561,54.132,-210.377,-1685.256,53.543,0.9461,0.0000,1.6000,1,-100.000,550.000,0.0000,0.0000,0,0,-210.377,-1685.256,53.543,0.000,0,-1.000000,1.000,28.924,-1.000000,0.0000,0.0000,0,0,0.000,1.000,19.607,-210.377,-1685.256,53.543,0,0,0,99.073342
483,69.0716,walk-into-authored-trunk,-228.520,-1679.825,63.457,24.990,-109.496,247.795,-246.592,-1710.894,-22.631,-218.669,-1676.871,-22.657,0.7140,0.2083,-251.441,-1680.805,54.174,-208.826,-1689.960,53.911,0.9746,0.0000,1.6000,1,-100.000,550.000,0.0000,0.0000,0,0,-208.826,-1689.960,53.911,0.000,0,-1.000000,1.000,28.924,-1.000000,0.0000,0.0000,0,0,0.000,1.000,19.607,-208.826,-1689.960,53.911,0,0,0,99.071153
484,69.2102,walk-into-authored-trunk,-225.966,-1681.968,63.484,24.261,-112.205,245.057,-245.205,-1711.558,-22.888,-215.431,-1678.099,-22.869,0.6932,0.2022,-248.523,-1680.357,54.149,-207.405,-1694.523,54.170,0.0025,0.0000,1.6000,1,-100.000,550.000,0.0000,0.0000,0,0,-207.405,-1694.523,54.170,0.000,0,-1.000000,1.000,28.924,-1.000000,0.0000,0.0000,0,0,0.000,1.000,19.607,-207.405,-1694.523,54.170,0,0,0,99.068940
485,69.3554,walk-into-authored-trunk,-223.431,-1684.281,63.513,23.873,-114.943,242.220,-243.014,-1710.420,-22.620,-212.963,-1681.655,-22.649,0.6821,0.1989,-245.383,-1679.992,54.128,-206.181,-1699.157,54.439,0.0314,0.0000,1.6000,1,-100.000,550.000,0.0000,0.0000,0,0,-206.181,-1699.157,54.439,0.000,0,-1.000000,1.000,28.924,-1.000000,0.0000,0.0000,0,0,0.000,1.000,19.607,-206.181,-1699.157,54.439,0,0,0,99.066615
486,69.4913,walk-into-authored-trunk,-221.227,-1686.545,63.540,23.496,-117.780,239.615,-241.125,-1709.468,-22.306,-211.218,-1685.583,-21.972,0.6713,0.1958,-242.576,-1679.908,54.405,-205.461,-1703.423,54.958,0.0580,0.0000,1.6000,1,-100.000,550.000,0.0000,0.0000,0,0,-205.461,-1703.423,54.958,0.000,0,-1.000000,1.000,28.924,-1.000000,0.0000,0.0000,0,0,0.000,1.000,19.607,-205.461,-1703.423,54.958,0,0,0,99.064442
487,69.6253,walk-into-authored-trunk,-219.160,-1688.828,63.567,23.177,-120.385,237.080,-239.007,-1708.823,-22.074,-209.838,-1689.847,-21.137,0.6622,0.1931,-239.684,-1680.051,54.705,-204.766,-1707.412,55.456,0.0840,0.0000,1.6000,1,-100.000,550.000,0.0000,0.0000,0,0,-204.766,-1707.412,55.456,0.000,0,-1.000000,1.000,28.924,-1.000000,0.0000,0.0000,0,0,0.000,1.000,19.607,-204.766,-1707.412,55.456,0,0,0,99.062294
488,69.7617,walk-into-authored-trunk,-217.180,-1691.199,63.595,22.932,-122.920,234.545,-236.844,-1708.302,-21.982,-208.978,-1694.345,-20.314,0.6552,0.1911,-236.906,-1680.445,54.972,-204.252,-1711.168,55.894,0.1100,0.0000,1.6000,1,-100.000,550.000,0.0000,0.0000,0,0,-204.252,-1711.168,55.894,0.000,0,-1.000000,1.000,28.924,-1.000000,0.0000,0.0000,0,0,0.000,1.000,19.607,-204.252,-1711.168,55.894,0,0,0,99.060115
489,69.8996,walk-into-authored-trunk,-215.298,-1693.656,63.623,22.732,-125.455,232.016,-234.501,-1708.035,-21.749,-208.472,-1699.234,-19.328,0.6495,0.1894,-234.102,-1681.205,55.375,-203.784,-1714.894,56.451,0.1361,0.0000,1.6000,1,-100.000,550.000,0.0000,0.0000,0,0,-203.784,-1714.894,56.451,0.000,0,-1.000000,1.000,28.924,-1.000000,0.0000,0.0000,0,0,0.000,1.000,19.607,-203.784,-1714.894,56.451,0,0,0,99.057911
490,70.0406,walk-into-authored-trunk,-213.491,-1696.231,63.651,22.579,-127.984,229.457,-232.157,-1708.011,-21.669,-208.424,-1704.234,-18.506,0.6451,0.1882,-231.327,-1682.210,55.662,-203.379,-1718.450,56.827,0.1626,0.0000,1.6000,1,-100.000,550.000,0.0000,0.0000,0,0,-203.379,-1718.450,56.827,0.000,0,-1.000000,1.000,28.924,-1.000000,0.0000,0.0000,0,0,0.000,1.000,19.607,-203.379,-1718.450,56.827,0,0,0,99.055653
491,70.1830,walk-into-authored-trunk,-211.793,-1698.898,63.681,22.447,-130.543,226.898,-229.675,-1708.095,-21.616,-208.915,-1709.517,-17.879,0.6413,0.1871,-228.693,-1683.573,55.906,-202.995,-1721.858,57.126,0.1893,0.0000,1.6000,1,-100.000,550.000,0.0000,0.0000,0,0,-202.995,-1721.858,57.126,0.000,0,-1.000000,1.000,28.924,-1.000000,0.0000,0.0000,0,0,0.000,1.000,19.607,-202.995,-1721.858,57.126,0,0,0,99.053370
492,70.3214,walk-into-authored-trunk,-210.283,-1701.538,63.709,22.284,-133.102,224.444,-227.199,-1708.332,-21.402,-209.862,-1714.702,-17.245,0.6367,0.1857,-226.315,-1685.184,56.253,-202.701,-1725.061,57.506,0.2150,0.0000,1.6000,1,-100.000,550.000,0.0000,0.0000,0,0,-202.701,-1725.061,57.506,0.000,0,-1.000000,1.000,28.924,-1.000000,0.0000,0.0000,0,0,0.000,1.000,19.607,-202.701,-1725.061,57.506,0,0,0,99.051160
493,70.4565,walk-into-authored-trunk,-208.921,-1704.162,63.737,22.124,-135.556,222.060,-224.791,-1708.796,-21.376,-211.069,-1719.545,-17.050,0.6321,0.1844,-224.099,-1687.011,56.336,-202.389,-1728.049,57.587,0.2399,0.0000,1.6000,1,-100.000,550.000,0.0000,0.0000,0,0,-202.389,-1728.049,57.587,0.000,0,-1.000000,1.000,28.924,-1.000000,0.0000,0.0000,0,0,0.000,1.000,19.607,-202.389,-1728.049,57.587,0,0,0,99.048996
494,70.5953,walk-into-authored-trunk,-207.628,-1706.887,63.766,22.024,-137.940,219.633,-222.279,-1709.431,-21.338,-212.637,-1724.435,-17.018,0.6293,0.1835,-222.126,-1689.165,56.369,-202.047,-1730.984,57.605,0.2654,0.0000,1.6000,1,-100.000,550.000,0.0000,0.0000,0,0,-202.047,-1730.984,57.605,0.000,0,-1.000000,1.000,28.924,-1.000000,0.0000,0.0000,0,0,0.000,1.000,19.607,-202.047,-1730.984,57.605,0,0,0,99.046776
495,70.7298,walk-into-authored-trunk,-206.503,-1709.575,63.794,21.901,-140.367,217.293,-219.915,-1710.212,-21.348,-214.401,-1728.890,-17.276,0.6258,0.1825,-220.421,-1691.422,56.302,-201.775,-1733.722,57.493,0.2900,0.0000,1.6000,1,-100.000,550.000,0.0000,0.0000,0,0,-201.775,-1733.722,57.493,0.000,0,-1.000000,1.000,28.924,-1.000000,0.0000,0.0000,0,0,0.000,1.000,19.607,-201.775,-1733.722,57.493,0,0,0,99.044622
496,70.8642,walk-into-authored-trunk,-205.488,-1712.278,63.822,21.795,-142.707,214.977,-217.473,-1711.191,-21.356,-216.276,-1733.170,-17.685,0.6227,0.1816,-218.901,-1693.926,56.173,-201.401,-1736.424,57.313,0.3143,0.0000,1.6000,1,-100.000,550.000,0.0000,0.0000,0,0,-201.401,-1736.424,57.313,0.000,0,-1.000000,1.000,28.924,-1.000000,0.0000,0.0000,0,0,0.000,1.000,19.607,-201.401,-1736.424,57.313,0,0,0,99.042476
497,70.9994,walk-into-authored-trunk,-204.573,-1715.035,63.850,21.719,-145.023,212.650,-215.079,-1712.270,-21.375,-218.175,-1736.974,-18.282,0.6205,0.1810,-217.680,-1696.530,56.009,-201.047,-1738.995,57.070,0.3388,0.0000,1.6000,1,-100.000,550.000,0.0000,0.0000,0,0,-201.047,-1738.995,57.070,0.000,0,-1.000000,1.000,28.924,-1.000000,0.0000,0.0000,0,0,0.000,1.000,19.607,-201.047,-1738.995,57.070,0,0,0,99.040308
498,71.1420,walk-into-authored-trunk,-203.718,-1717.958,63.879,21.708,-147.350,210.219,-212.499,-1713.529,-21.538,-220.210,-1740.702,-19.120,0.6202,0.1809,-216.687,-1699.413,55.663,-200.585,-1741.619,56.615,0.3646,0.0000,1.6000,1,-100.000,550.000,0.0000,0.0000,0,0,-200.585,-1741.619,56.615,0.000,0,-1.000000,1.000,28.924,-1.000000,0.0000,0.0000,0,0,0.000,1.000,19.607,-200.585,-1741.619,56.615,0,0,0,99.038032
499,71.2837,retreat-from-authored-trunk,-203.005,-1720.908,63.908,21.680,-149.781,207.803,-209.971,-1715.106,-21.601,-222.017,-1744.079,-19.931,0.6194,0.1807,-215.822,-1702.489,55.454,-200.049,-1744.337,56.268,0.3902,0.0000,1.6000,1,-100.000,550.000,0.0000,0.0000,0,0,-200.049,-1744.337,56.268,0.000,0,-1.000000,1.000,28.924,-1.000000,0.0000,0.0000,0,0,0.000,1.000,19.607,-200.049,-1744.337,56.268,0,0,0,99.035760
500,71.4192,retreat-from-authored-trunk,-197.459,-1719.356,63.908,60.125,-109.194,205.508,-202.832,-1706.167,-21.194,-200.660,-1762.514,-20.602,1.0000,0.5010,-219.390,-1715.619,52.558,-179.379,-1733.887,53.143,0.4580,0.0000,1.6000,1,-100.000,550.000,0.0000,0.0000,0,0,-179.379,-1733.887,53.143,0.000,0,-1.000000,1.000,28.924,-1.000000,0.0000,0.0000,0,0,0.000,1.000,19.607,-179.379,-1733.887,53.143,0,0,0,99.033595
501,71.5608,retreat-from-authored-trunk,-185.528,-1713.857,63.908,101.250,-66.626,204.050,-198.854,-1706.850,-19.099,-162.300,-1740.570,-20.986,1.0000,0.8438,-199.124,-1733.790,54.259,-165.855,-1703.429,53.216,0.5777,0.0000,1.6000,1,-100.000,550.000,0.0000,0.0000,0,0,-165.855,-1703.429,53.216,0.000,0,-1.000000,1.000,28.924,-1.000000,0.0000,0.0000,0,0,0.000,1.000,19.607,-165.855,-1703.429,53.216,0,0,0,99.031325
502,71.6982,retreat-from-authored-trunk,-172.886,-1708.121,63.908,101.250,-25.493,203.796,-172.654,-1717.488,-13.576,-150.679,-1707.668,-21.017,1.0000,0.8438,-164.694,-1733.309,57.341,-170.340,-1684.537,55.411,0.6934,0.0000,1.6000,1,-100.000,550.000,0.0000,0.0000,0,0,-170.340,-1684.537,55.411,0.000,0,-1.000000,1.000,28.924,-1.000000,0.0000,0.0000,0,0,0.000,1.000,19.607,-170.340,-1684.537,55.411,0,0,0,99.029131
503,71.8342,retreat-from-authored-trunk,-160.296,-1702.533,63.908,101.250,15.320,203.796,-134.847,-1702.929,-13.684,-156.730,-1692.047,-21.110,1.0000,0.8438,-137.670,-1716.258,57.248,-173.738,-1683.004,55.324,0.8082,0.0000,1.6000,1,-100.000,550.000,0.0000,0.0000,0,0,-173.738,-1683.004,55.324,0.000,0,-1.000000,1.000,28.924,-1.000000,0.0000,0.0000,0,0,0.000,1.000,19.607,-173.738,-1683.004,55.324,0,0,0,99.026954
504,71.9762,retreat-from-authored-trunk,-147.142,-1696.727,63.908,101.250,23.796,203.796,-107.357,-1685.951,-19.701,-157.968,-1692.532,-21.358,1.0000,0.8438,-127.416,-1710.327,53.734,-157.342,-1676.917,52.743,0.9280,0.0000,1.6000,1,-100.000,550.000,0.0000,0.0000,0,0,-157.342,-1676.917,52.743,0.000,0,-1.000000,1.000,28.924,-1.000000,0.0000,0.0000,0,0,0.000,1.000,19.607,-157.342,-1676.917,52.743,0,0,0,99.024682
505,72.1193,retreat-from-authored-trunk,-133.870,-1690.874,63.908,101.250,23.796,203.796,-96.336,-1681.195,-20.911,-150.967,-1689.913,-20.114,1.0000,0.8438,-122.163,-1709.681,52.875,-135.155,-1667.481,53.544,0.0489,0.0000,1.6000,1,-100.000,550.000,0.0000,0.0000,0,0,-135.155,-1667.481,53.544,0.000,0,-1.000000,1.000,28.924,-1.000000,0.0000,0.0000,0,0,0.000,1.000,19.607,-135.155,-1667.481,53.544,0,0,0,99.022390
506,72.2554,retreat-from-authored-trunk,-121.280,-1685.322,63.908,101.250,23.796,203.796,-95.793,-1681.973,-21.039,-126.379,-1678.220,-14.814,1.0000,0.8438,-115.762,-1707.984,54.873,-116.231,-1659.683,56.587,0.1636,0.0000,1.6000,1,-100.000,550.000,0.0000,0.0000,0,0,-116.231,-1659.683,56.587,0.000,0,-1.000000,1.000,28.924,-1.000000,0.0000,0.0000,0,0,0.000,1.000,19.607,-116.231,-1659.683,56.587,0,0,0,99.020216
507,72.3902,retreat-from-authored-trunk,-108.764,-1679.802,63.908,101.250,23.796,203.796,-95.528,-1682.764,-20.938,-96.255,-1663.641,-12.704,1.0000,0.8438,-104.531,-1703.294,55.842,-102.410,-1653.725,57.747,0.2776,0.0000,1.6000,1,-100.000,550.000,0.0000,0.0000,0,0,-102.410,-1653.725,57.747,0.000,0,-1.000000,1.000,28.924,-1.000000,0.0000,0.0000,0,0,0.000,1.000,19.607,-102.410,-1653.725,57.747,0,0,0,99.018054
508,72.5280,retreat-from-authored-trunk,-96.027,-1674.185,63.908,101.250,23.796,203.796,-95.248,-1683.429,-21.106,-67.501,-1649.595,-17.857,1.0000,0.8438,-87.907,-1695.140,53.588,-93.684,-1649.363,54.896,0.3936,0.0000,1.6000,1,-100.000,550.000,0.0000,0.0000,0,0,-93.684,-1649.363,54.896,0.000,0,-1.000000,1.000,28.924,-1.000000,0.0000,0.0000,0,0,0.000,1.000,19.607,-93.684,-1649.363,54.896,0,0,0,99.015854
509,72.6617,retreat-from-authored-trunk,-83.612,-1668.711,63.908,101.250,23.796,203.796,-94.222,-1683.635,-20.971,-49.631,-1641.139,-21.069,1.0000,0.8438,-68.179,-1684.878,52.784,-89.070,-1646.719,52.691,0.5066,0.0000,1.6000,1,-100.000,550.000,0.0000,0.0000,0,0,-89.070,-1646.719,52.691,0.000,0,-1.000000,1.000,28.924,-1.000000,0.0000,0.0000,0,0,0.000,1.000,19.607,-89.070,-1646.719,52.691,0,0,0,99.013710
510,72.8062,retreat-from-authored-trunk,-70.263,-1662.824,63.908,101.250,23.796,203.796,-72.048,-1673.381,-16.667,-49.067,-1641.980,-21.037,1.0000,0.8438,-47.804,-1674.407,55.657,-83.961,-1644.381,54.101,0.6282,0.0000,1.6000,1,-100.000,550.000,0.0000,0.0000,0,0,-83.961,-1644.381,54.101,0.000,0,-1.000000,1.000,28.924,-1.000000,0.0000,0.0000,0,0,0.000,1.000,19.607,-83.961,-1644.381,54.101,0,0,0,99.011405
511,72.9499,retreat-from-authored-trunk,-56.918,-1656.940,63.908,101.250,23.796,203.796,-40.797,-1658.381,-12.484,-48.758,-1642.997,-21.001,1.0000,0.8438,-31.862,-1666.799,57.918,-73.868,-1640.049,55.888,0.7498,0.0000,1.6000,1,-100.000,550.000,0.0000,0.0000,0,0,-73.868,-1640.049,55.888,0.000,0,-1.000000,1.000,28.924,-1.000000,0.0000,0.0000,0,0,0.000,1.000,19.607,-73.868,-1640.049,55.888,0,0,0,99.009100
512,73.0900,retreat-from-authored-trunk,-43.961,-1651.226,63.908,101.250,23.796,203.796,-10.378,-1643.694,-16.130,-48.337,-1643.773,-20.760,1.0000,0.8438,-21.293,-1662.854,56.046,-57.847,-1633.055,54.496,0.8678,0.0000,1.6000,1,-100.000,550.000,0.0000,0.0000,0,0,-57.847,-1633.055,54.496,0.000,0,-1.000000,1.000,28.924,-1.000000,0.0000,0.0000,0,0,0.000,1.000,19.607,-57.847,-1633.055,54.496,0,0,0,99.006862
513,73.2256,retreat-from-authored-trunk,-31.375,-1645.676,63.908,101.250,23.796,203.796,11.390,-1633.422,-20.823,-47.965,-1644.502,-21.011,1.0000,0.8438,-15.107,-1661.607,52.898,-37.616,-1624.287,52.646,0.9824,0.0000,1.6000,1,-100.000,550.000,0.0000,0.0000,0,0,-37.616,-1624.287,52.646,0.000,0,-1.000000,1.000,28.924,-1.000000,0.0000,0.0000,0,0,0.000,1.000,19.607,-37.616,-1624.287,52.646,0,0,0,99.004688
514,73.3608,retreat-from-authored-trunk,-18.868,-1640.160,64.169,101.250,23.796,203.796,13.676,-1633.096,-20.746,-32.099,-1637.213,-17.987,1.0000,0.8438,-10.146,-1660.842,53.779,-17.087,-1615.626,54.970,0.0963,0.0000,1.6000,1,-100.000,550.000,0.0000,0.0000,0,0,-17.087,-1615.626,54.970,0.000,0,-1.000000,1.000,28.924,-1.000000,0.0000,0.0000,0,0,0.000,1.000,19.607,-17.087,-1615.626,54.970,0,0,0,99.002528
515,73.4974,retreat-from-authored-trunk,-6.195,-1634.572,64.169,101.250,23.796,203.796,14.070,-1633.929,-20.720,-4.007,-1623.721,-12.734,1.0000,0.8438,-1.830,-1658.000,55.973,0.031,-1608.559,57.855,0.2117,0.0000,1.6000,1,-100.000,550.000,0.0000,0.0000,0,0,0.031,-1608.559,57.855,0.000,0,-1.000000,1.000,28.924,-1.000000,0.0000,0.0000,0,0,0.000,1.000,19.607,0.031,-1608.559,57.855,0,0,0,99.000340
516,73.6413,retreat-from-authored-trunk,7.111,-1628.704,64.169,101.250,23.796,203.796,14.452,-1634.707,-20.747,28.034,-1608.164,-14.352,1.0000,0.8438,12.582,-1651.420,55.245,12.281,-1603.018,56.994,0.3329,0.0000,1.6000,1,-100.000,550.000,0.0000,0.0000,0,0,12.281,-1603.018,56.994,0.000,0,-1.000000,1.000,28.924,-1.000000,0.0000,0.0000,0,0,0.000,1.000,19.607,12.281,-1603.018,56.994,0,0,0,98.998042
517,73.7827,retreat-from-authored-trunk,20.240,-1622.915,64.169,101.250,23.796,203.796,14.812,-1635.505,-20.961,53.683,-1595.930,-20.235,1.0000,0.8438,32.056,-1641.705,52.816,18.904,-1599.593,53.473,0.4525,0.0000,1.6000,1,-100.000,550.000,0.0000,0.0000,0,0,18.904,-1599.593,53.473,0.000,0,-1.000000,1.000,28.924,-1.000000,0.0000,0.0000,0,0,0.000,1.000,19.607,18.904,-1599.593,53.473,0,0,0,98.995774
518,73.9249,retreat-from-authored-trunk,33.382,-1617.119,64.425,101.250,23.796,203.796,26.022,-1630.820,-18.742,60.546,-1593.460,-20.389,1.0000,0.8438,53.164,-1630.830,54.700,23.226,-1597.433,53.715,0.5722,0.0000,1.6000,1,-100.000,550.000,0.0000,0.0000,0,0,23.226,-1597.433,53.715,0.000,0,-1.000000,1.000,28.924,-1.000000,0.0000,0.0000,0,0,0.000,1.000,19.607,23.226,-1597.433,53.715,0,0,0,98.993504
519,74.0645,retreat-from-authored-trunk,46.341,-1611.405,64.425,101.250,23.796,203.796,53.117,-1617.579,-13.299,60.824,-1594.086,-20.624,1.0000,0.8438,70.709,-1621.665,57.676,30.208,-1594.048,55.756,0.6902,0.0000,1.6000,1,-100.000,550.000,0.0000,0.0000,0,0,30.208,-1594.048,55.756,0.000,0,-1.000000,1.000,28.924,-1.000000,0.0000,0.0000,0,0,0.000,1.000,19.607,30.208,-1594.048,55.756,0,0,0,98.991266
520,74.2006,retreat-from-authored-trunk,58.931,-1605.853,64.425,101.250,23.796,203.796,83.656,-1602.763,-12.921,61.278,-1594.776,-20.466,1.0000,0.8438,83.403,-1616.051,57.955,42.670,-1588.564,56.019,0.8049,0.0000,1.6000,1,-100.000,550.000,0.0000,0.0000,0,0,42.670,-1588.564,56.019,0.000,0,-1.000000,1.000,28.924,-1.000000,0.0000,0.0000,0,0,0.000,1.000,19.607,42.670,-1588.564,56.019,0,0,0,98.989092
