frame,seconds,pass,x,y,z,speed,yaw,view_yaw,left_toe_x,left_toe_y,left_toe_z,right_toe_x,right_toe_y,right_toe_z,walk_weight,gait_rate,left_hand_x,left_hand_y,left_hand_z,right_hand_x,right_hand_y,right_hand_z,walk_phase,gather_weight,gather_phase,gather_starts,forage_x,forage_y,water_weight,water_phase,water_starts,tool_visible,tool_x,tool_y,tool_z,can_pitch,water_stock,plot_moisture,tool_scale,tool_radius,plot_weeds,clear_weight,clear_phase,clear_starts,hatchet_visible,hatchet_pitch,hatchet_scale,hatchet_radius,hatchet_x,hatchet_y,hatchet_z,branch_stock,fiber_stock,resource_cleared,energy
0,0.1308,close-notes,-1000.000,0.000,88.150,0.000,0.000,15.000,-987.007,-7.889,3.238,-985.670,9.560,3.238,0.0000,0.0000,-992.659,-21.729,83.011,-995.313,21.663,83.011,0.0000,0.0000,0.0000,0,0.000,0.000,0.0000,0.0000,0,0,-995.313,21.663,83.011,0.000,0,-1.000000,1.000,28.924,-1.000000,0.0000,0.0000,0,0,0.000,1.000,19.607,-995.313,21.663,83.011,0,0,-1,99.997867
1,0.2690,close-notes,-1000.000,0.000,88.150,0.000,0.000,15.000,-987.007,-7.889,3.238,-985.670,9.560,3.238,0.0000,0.0000,-992.589,-21.721,83.022,-995.242,21.664,83.022,0.0000,0.0000,0.0000,0,0.000,0.000,0.0000,0.0000,0,0,-995.242,21.664,83.022,0.000,0,-1.000000,1.000,28.924,-1.000000,0.0000,0.0000,0,0,0.000,1.000,19.607,-995.242,21.664,83.022,0,0,-1,99.995656
2,0.4086,close-notes,-1000.000,0.000,88.150,0.000,0.000,15.000,-987.007,-7.889,3.238,-985.670,9.560,3.238,0.0000,0.0000,-992.589,-21.721,83.022,-995.242,21.664,83.022,0.0000,0.0000,0.0000,0,0.000,0.000,0.0000,0.0000,0,0,-995.242,21.664,83.022,0.000,0,-1.000000,1.000,28.924,-1.000000,0.0000,0.0000,0,0,0.000,1.000,19.607,-995.242,21.664,83.022,0,0,-1,99.993423
3,0.5443,close-notes,-1000.000,0.000,88.150,0.000,0.000,15.000,-987.007,-7.889,3.238,-985.670,9.560,3.238,0.0000,0.0000,-992.667,-21.729,83.013,-995.321,21.663,83.013,0.0000,0.0000,0.0000,0,0.000,0.000,0.0000,0.0000,0,0,-995.321,21.663,83.013,0.000,0,-1.000000,1.000,28.924,-1.000000,0.0000,0.0000,0,0,0.000,1.000,19.607,-995.321,21.663,83.013,0,0,-1,99.991253
4,0.6784,close-notes,-1000.000,0.000,88.150,0.000,0.000,15.000,-987.007,-7.889,3.238,-985.670,9.560,3.238,0.0000,0.0000,-992.739,-21.737,83.007,-995.393,21.661,83.007,0.0000,0.0000,0.0000,0,0.000,0.000,0.0000,0.0000,0,0,-995.393,21.661,83.007,0.000,0,-1.000000,1.000,28.924,-1.000000,0.0000,0.0000,0,0,0.000,1.000,19.607,-995.393,21.661,83.007,0,0,-1,99.989106
5,0.8191,close-notes,-1000.000,0.000,88.150,0.000,0.000,15.000,-987.007,-7.889,3.238,-985.670,9.560,3.238,0.0000,0.0000,-992.815,-21.745,82.988,-995.469,21.660,82.989,0.0000,0.0000,0.0000,0,0.000,0.000,0.0000,0.0000,0,0,-995.469,21.660,82.989,0.000,0,-1.000000,1.000,28.924,-1.000000,0.0000,0.0000,0,0,0.000,1.000,19.607,-995.469,21.660,82.989,0,0,-1,99.986854
6,0.9583,close-notes,-1000.000,0.000,88.150,0.000,0.000,15.000,-987.007,-7.889,3.238,-985.670,9.560,3.238,0.0000,0.0000,-992.913,-21.755,82.974,-995.568,21.658,82.974,0.0000,0.0000,0.0000,0,0.000,0.000,0.0000,0.0000,0,0,-995.568,21.658,82.974,0.000,0,-1.000000,1.000,28.924,-1.000000,0.0000,0.0000,0,0,0.000,1.000,19.607,-995.568,21.658,82.974,0,0,-1,99.984629
7,1.0841,close-notes,-1000.000,0.000,88.150,0.000,0.000,15.000,-987.007,-7.889,3.238,-985.670,9.560,3.238,0.0000,0.0000,-992.996,-21.764,82.963,-995.651,21.657,82.963,0.0000,0.0000,0.0000,0,0.000,0.000,0.0000,0.0000,0,0,-995.651,21.657,82.963,0.000,0,-1.000000,1.000,28.924,-1.000000,0.0000,0.0000,0,0,0.000,1.000,19.607,-995.651,21.657,82.963,0,0,-1,99.982614
8,1.2093,idle,-1000.000,0.000,88.150,0.000,0.000,15.000,-987.007,-7.889,3.238,-985.670,9.560,3.238,0.0000,0.0000,-993.084,-21.773,82.951,-995.739,21.655,82.951,0.0000,0.0000,0.0000,0,0.000,0.000,0.0000,0.0000,0,0,-995.739,21.655,82.951,0.000,0,-1.000000,1.000,28.924,-1.000000,0.0000,0.0000,0,0,0.000,1.000,19.607,-995.739,21.655,82.951,0,0,-1,99.980616
9,1.3377,idle,-1000.000,0.000,88.150,0.000,0.000,15.000,-987.007,-7.889,3.238,-985.670,9.560,3.238,0.0000,0.0000,-993.129,-21.777,82.942,-995.785,21.654,82.942,0.0000,0.0000,0.0000,0,0.000,0.000,0.0000,0.0000,0,0,-995.785,21.654,82.942,0.000,0,-1.000000,1.000,28.924,-1.000000,0.0000,0.0000,0,0,0.000,1.000,19.607,-995.785,21.654,82.942,0,0,-1,99.978556
10,1.4751,idle,-1000.000,0.000,88.150,0.000,0.000,15.000,-987.007,-7.889,3.238,-985.670,9.560,3.238,0.0000,0.0000,-993.150,-21.778,82.933,-995.806,21.652,82.933,0.0000,0.0000,0.0000,0,0.000,0.000,0.0000,0.0000,0,0,-995.806,21.652,82.933,0.000,0,-1.000000,1.000,28.924,-1.000000,0.0000,0.0000,0,0,0.000,1.000,19.607,-995.806,21.652,82.933,0,0,-1,99.976363
11,1.6048,idle,-1000.000,0.000,88.150,0.000,0.000,15.000,-987.007,-7.889,3.238,-985.670,9.560,3.238,0.0000,0.0000,-993.246,-21.789,82.929,-995.903,21.652,82.929,0.0000,0.0000,0.0000,0,0.000,0.000,0.0000,0.0000,0,0,-995.903,21.652,82.929,0.000,0,-1.000000,1.000,28.924,-1.000000,0.0000,0.0000,0,0,0.000,1.000,19.607,-995.903,21.652,82.929,0,0,-1,99.974284
12,1.7462,idle,-1000.000,0.000,88.150,0.000,0.000,15.000,-987.007,-7.889,3.238,-985.670,9.560,3.238,0.0000,0.0000,-993.246,-21.789,82.929,-995.903,21.652,82.929,0.0000,0.0000,0.0000,0,0.000,0.000,0.0000,0.0000,0,0,-995.903,21.652,82.929,0.000,0,-1.000000,1.000,28.924,-1.000000,0.0000,0.0000,0,0,0.000,1.000,19.607,-995.903,21.652,82.929,0,0,-1,99.972022
13,1.8754,idle,-1000.000,0.000,88.150,0.000,0.000,15.000,-987.007,-7.889,3.238,-985.670,9.560,3.238,0.0000,0.0000,-993.263,-21.791,82.927,-995.921,21.651,82.927,0.0000,0.0000,0.0000,0,0.000,0.000,0.0000,0.0000,0,0,-995.921,21.651,82.927,0.000,0,-1.000000,1.000,28.924,-1.000000,0.0000,0.0000,0,0,0.000,1.000,19.607,-995.921,21.651,82.927,0,0,-1,99.969953
14,2.0168,idle,-1000.000,0.000,88.150,0.000,0.000,15.000,-987.007,-7.889,3.238,-985.670,9.560,3.238,0.0000,0.0000,-993.263,-21.791,82.927,-995.921,21.651,82.927,0.0000,0.0000,0.0000,0,0.000,0.000,0.0000,0.0000,0,0,-995.921,21.651,82.927,0.000,0,-1.000000,1.000,28.924,-1.000000,0.0000,0.0000,0,0,0.000,1.000,19.607,-995.921,21.651,82.927,0,0,-1,99.967692
15,2.1440,idle,-1000.000,0.000,88.150,0.000,0.000,15.000,-987.007,-7.889,3.238,-985.670,9.560,3.238,0.0000,0.0000,-993.154,-21.780,82.941,-995.811,21.654,82.941,0.0000,0.0000,0.0000,0,0.000,0.000,0.0000,0.0000,0,0,-995.811,21.654,82.941,0.000,0,-1.000000,1.000,28.924,-1.000000,0.0000,0.0000,0,0,0.000,1.000,19.607,-995.811,21.654,82.941,0,0,-1,99.965656
16,2.2700,idle,-1000.000,0.000,88.150,0.000,0.000,15.000,-987.007,-7.889,3.238,-985.670,9.560,3.238,0.0000,0.0000,-993.073,-21.772,82.952,-995.729,21.655,82.952,0.0000,0.0000,0.0000,0,0.000,0.000,0.0000,0.0000,0,0,-995.729,21.655,82.952,0.000,0,-1.000000,1.000,28.924,-1.000000,0.0000,0.0000,0,0,0.000,1.000,19.607,-995.729,21.655,82.952,0,0,-1,99.963644
17,2.4053,idle,-1000.000,0.000,88.150,0.000,0.000,15.000,-987.007,-7.889,3.238,-985.670,9.560,3.238,0.0000,0.0000,-992.989,-21.763,82.964,-995.644,21.657,82.964,0.0000,0.0000,0.0000,0,0.000,0.000,0.0000,0.0000,0,0,-995.644,21.657,82.964,0.000,0,-1.000000,1.000,28.924,-1.000000,0.0000,0.0000,0,0,0.000,1.000,19.607,-995.644,21.657,82.964,0,0,-1,99.961477
18,2.5468,idle,-1000.000,0.000,88.150,0.000,0.000,15.000,-987.007,-7.889,3.238,-985.670,9.560,3.238,0.0000,0.0000,-992.886,-21.752,82.978,-995.541,21.659,82.978,0.0000,0.0000,0.0000,0,0.000,0.000,0.0000,0.0000,0,0,-995.541,21.659,82.978,0.000,0,-1.000000,1.000,28.924,-1.000000,0.0000,0.0000,0,0,0.000,1.000,19.607,-995.541,21.659,82.978,0,0,-1,99.959215
19,2.6795,idle,-1000.000,0.000,88.150,0.000,0.000,15.000,-987.007,-7.889,3.238,-985.670,9.560,3.238,0.0000,0.0000,-992.797,-21.743,82.991,-995.452,21.661,82.991,0.0000,0.0000,0.0000,0,0.000,0.000,0.0000,0.0000,0,0,-995.452,21.661,82.991,0.000,0,-1.000000,1.000,28.924,-1.000000,0.0000,0.0000,0,0,0.000,1.000,19.607,-995.452,21.661,82.991,0,0,-1,99.957090
20,2.8131,idle,-1000.000,0.000,88.150,0.000,0.000,15.000,-987.007,-7.889,3.238,-985.670,9.560,3.238,0.0000,0.0000,-992.717,-21.735,83.003,-995.371,21.662,83.003,0.0000,0.0000,0.0000,0,0.000,0.000,0.0000,0.0000,0,0,-995.371,21.662,83.003,0.000,0,-1.000000,1.000,28.924,-1.000000,0.0000,0.0000,0,0,0.000,1.000,19.607,-995.371,21.662,83.003,0,0,-1,99.954954
21,2.9442,idle,-1000.000,0.000,88.150,0.000,0.000,15.000,-987.007,-7.889,3.238,-985.670,9.560,3.238,0.0000,0.0000,-992.659,-21.729,83.011,-995.313,21.663,83.011,0.0000,0.0000,0.0000,0,0.000,0.000,0.0000,0.0000,0,0,-995.313,21.663,83.011,0.000,0,-1.000000,1.000,28.924,-1.000000,0.0000,0.0000,0,0,0.000,1.000,19.607,-995.313,21.663,83.011,0,0,-1,99.952854
22,3.0782,idle,-1000.000,0.000,88.150,0.000,0.000,15.000,-987.007,-7.889,3.238,-985.670,9.560,3.238,0.0000,0.0000,-992.659,-21.729,83.011,-995.313,21.663,83.011,0.0000,0.0000,0.0000,0,0.000,0.000,0.0000,0.0000,0,0,-995.313,21.663,83.011,0.000,0,-1.000000,1.000,28.924,-1.000000,0.0000,0.0000,0,0,0.000,1.000,19.607,-995.313,21.663,83.011,0,0,-1,99.950713
23,3.2110,idle,-1000.000,0.000,88.150,0.000,0.000,15.000,-987.007,-7.889,3.238,-985.670,9.560,3.238,0.0000,0.0000,-992.589,-21.721,83.022,-995.242,21.664,83.022,0.0000,0.0000,0.0000,0,0.000,0.000,0.0000,0.0000,0,0,-995.242,21.664,83.022,0.000,0,-1.000000,1.000,28.924,-1.000000,0.0000,0.0000,0,0,0.000,1.000,19.607,-995.242,21.664,83.022,0,0,-1,99.948583
24,3.3501,idle,-1000.000,0.000,88.150,0.000,0.000,15.000,-987.007,-7.889,3.238,-985.670,9.560,3.238,0.0000,0.0000,-992.589,-21.721,83.022,-995.242,21.664,83.022,0.0000,0.0000,0.0000,0,0.000,0.000,0.0000,0.0000,0,0,-995.242,21.664,83.022,0.000,0,-1.000000,1.000,28.924,-1.000000,0.0000,0.0000,0,0,0.000,1.000,19.607,-995.242,21.664,83.022,0,0,-1,99.946364
25,3.4852,idle,-1000.000,0.000,88.150,0.000,0.000,15.000,-987.007,-7.889,3.238,-985.670,9.560,3.238,0.0000,0.0000,-992.636,-21.726,83.016,-995.289,21.663,83.016,0.0000,0.0000,0.0000,0,0.000,0.000,0.0000,0.0000,0,0,-995.289,21.663,83.016,0.000,0,-1.000000,1.000,28.924,-1.000000,0.0000,0.0000,0,0,0.000,1.000,19.607,-995.289,21.663,83.016,0,0,-1,99.944197
26,3.6199,idle,-1000.000,0.000,88.150,0.000,0.000,15.000,-987.007,-7.889,3.238,-985.670,9.560,3.238,0.0000,0.0000,-992.707,-21.733,83.009,-995.361,21.662,83.010,0.0000,0.0000,0.0000,0,0.000,0.000,0.0000,0.0000,0,0,-995.361,21.662,83.010,0.000,0,-1.000000,1.000,28.924,-1.000000,0.0000,0.0000,0,0,0.000,1.000,19.607,-995.361,21.662,83.010,0,0,-1,99.942046
27,3.7560,idle,-1000.000,0.000,88.150,0.000,0.000,15.000,-987.007,-7.889,3.238,-985.670,9.560,3.238,0.0000,0.0000,-992.770,-21.740,82.995,-995.424,21.661,82.995,0.0000,0.0000,0.0000,0,0.000,0.000,0.0000,0.0000,0,0,-995.424,21.661,82.995,0.000,0,-1.000000,1.000,28.924,-1.000000,0.0000,0.0000,0,0,0.000,1.000,19.607,-995.424,21.661,82.995,0,0,-1,99.939865
28,3.8909,idle,-1000.000,0.000,88.150,0.000,0.000,15.000,-987.007,-7.889,3.238,-985.670,9.560,3.238,0.0000,0.0000,-992.866,-21.750,82.981,-995.520,21.659,82.981,0.0000,0.0000,0.0000,0,0.000,0.000,0.0000,0.0000,0,0,-995.520,21.659,82.981,0.000,0,-1.000000,1.000,28.924,-1.000000,0.0000,0.0000,0,0,0.000,1.000,19.607,-995.520,21.659,82.981,0,0,-1,99.937710
29,4.0248,idle,-1000.000,0.000,88.150,0.000,0.000,15.000,-987.007,-7.889,3.238,-985.670,9.560,3.238,0.0000,0.0000,-992.954,-21.759,82.969,-995.609,21.658,82.969,0.0000,0.0000,0.0000,0,0.000,0.000,0.0000,0.0000,0,0,-995.609,21.658,82.969,0.000,0,-1.000000,1.000,28.924,-1.000000,0.0000,0.0000,0,0,0.000,1.000,19.607,-995.609,21.658,82.969,0,0,-1,99.935563
30,4.1593,idle,-1000.000,0.000,88.150,0.000,0.000,15.000,-987.007,-7.889,3.238,-985.670,9.560,3.238,0.0000,0.0000,-993.049,-21.769,82.956,-995.704,21.656,82.956,0.0000,0.0000,0.0000,0,0.000,0.000,0.0000,0.0000,0,0,-995.704,21.656,82.956,0.000,0,-1.000000,1.000,28.924,-1.000000,0.0000,0.0000,0,0,0.000,1.000,19.607,-995.704,21.656,82.956,0,0,-1,99.933416
31,4.2971,slow-walk,-1000.000,0.000,88.150,0.000,0.000,15.000,-987.007,-7.889,3.238,-985.670,9.560,3.238,0.0000,0.0000,-993.123,-21.777,82.945,-995.779,21.654,82.945,0.0000,0.0000,0.0000,0,0.000,0.000,0.0000,0.0000,0,0,-995.779,21.654,82.945,0.000,0,-1.000000,1.000,28.924,-1.000000,0.0000,0.0000,0,0,0.000,1.000,19.607,-995.779,21.654,82.945,0,0,-1,99.931206
32,4.4398,slow-walk,-996.575,0.918,88.150,37.356,15.000,15.000,-964.242,2.593,2.277,-1005.753,7.082,2.435,0.7116,0.3113,-986.624,-19.040,78.705,-995.629,23.827,79.130,0.0443,0.0000,0.0000,0,0.000,0.000,0.0000,0.0000,0,0,-995.629,23.827,79.130,0.000,0,-1.000000,1.000,28.924,-1.000000,0.0000,0.0000,0,0,0.000,1.000,19.607,-995.629,23.827,79.130,0,0,-1,99.928929
33,4.5802,slow-walk,-988.449,3.095,88.150,67.500,15.000,15.000,-958.310,4.012,3.219,-997.954,9.024,7.381,1.0000,0.5625,-984.573,-19.391,78.279,-981.334,27.330,79.737,0.1234,0.0000,0.0000,0,0.000,0.000,0.0000,0.0000,0,0,-981.334,27.330,79.737,0.000,0,-1.000000,1.000,28.924,-1.000000,0.0000,0.0000,0,0,0.000,1.000,19.607,-981.334,27.330,79.737,0,0,-1,99.926678
34,4.7128,slow-walk,-979.823,5.406,88.150,67.500,15.000,15.000,-958.067,3.445,3.115,-978.371,14.966,10.734,1.0000,0.5625,-978.882,-18.316,79.643,-969.930,30.097,81.483,0.1979,0.0000,0.0000,0,0.000,0.000,0.0000,0.0000,0,0,-969.930,30.097,81.483,0.000,0,-1.000000,1.000,28.924,-1.000000,0.0000,0.0000,0,0,0.000,1.000,19.607,-969.930,30.097,81.483,0,0,-1,99.924562
35,4.8490,slow-walk,-970.923,7.791,88.150,67.500,15.000,15.000,-957.974,2.953,3.292,-956.575,21.691,11.573,1.0000,0.5625,-970.372,-16.079,80.092,-960.626,32.599,82.001,0.2746,0.0000,0.0000,0,0.000,0.000,0.0000,0.0000,0,0,-960.626,32.599,82.001,0.000,0,-1.000000,1.000,28.924,-1.000000,0.0000,0.0000,0,0,0.000,1.000,19.607,-960.626,32.599,82.001,0,0,-1,99.922378
36,4.9853,slow-walk,-962.056,10.167,88.150,67.500,15.000,15.000,-957.762,2.375,3.433,-935.392,28.147,8.960,1.0000,0.5625,-959.350,-12.891,79.052,-953.666,34.555,80.706,0.3511,0.0000,0.0000,0,0.000,0.000,0.0000,0.0000,0,0,-953.666,34.555,80.706,0.000,0,-1.000000,1.000,28.924,-1.000000,0.0000,0.0000,0,0,0.000,1.000,19.607,-953.666,34.555,80.706,0,0,-1,99.920202
37,5.1212,slow-walk,-953.175,12.547,88.150,67.500,15.000,15.000,-957.703,2.057,3.351,-917.774,33.721,5.004,1.0000,0.5625,-946.140,-8.430,77.435,-949.210,36.328,78.397,0.4278,0.0000,0.0000,0,0.000,0.000,0.0000,0.0000,0,0,-949.210,36.328,78.397,0.000,0,-1.000000,1.000,28.924,-1.000000,0.0000,0.0000,0,0,0.000,1.000,19.607,-949.210,36.328,78.397,0,0,-1,99.918022
38,5.2564,slow-walk,-944.378,14.904,88.150,67.500,15.000,15.000,-957.181,1.788,3.256,-906.262,37.085,3.179,1.0000,0.5625,-931.830,-3.513,77.003,-946.169,37.550,76.954,0.5036,0.0000,0.0000,0,0.000,0.000,0.0000,0.0000,0,0,-946.169,37.550,76.954,0.000,0,-1.000000,1.000,28.924,-1.000000,0.0000,0.0000,0,0,0.000,1.000,19.607,-946.169,37.550,76.954,0,0,-1,99.915864
39,5.3954,slow-walk,-935.291,17.339,88.150,67.500,15.000,15.000,-943.780,5.370,5.279,-905.985,36.323,3.201,1.0000,0.5625,-917.328,1.156,78.562,-943.071,38.299,77.475,0.5820,0.0000,0.0000,0,0.000,0.000,0.0000,0.0000,0,0,-943.071,38.299,77.475,0.000,0,-1.000000,1.000,28.924,-1.000000,0.0000,0.0000,0,0,0.000,1.000,19.607,-943.071,38.299,77.475,0,0,-1,99.913634
40,5.5338,slow-walk,-926.291,19.750,88.150,67.500,15.000,15.000,-925.323,11.029,9.241,-905.739,35.888,3.245,1.0000,0.5625,-904.606,5.482,80.833,-938.556,39.643,79.054,0.6597,0.0000,0.0000,0,0.000,0.000,0.0000,0.0000,0,0,-938.556,39.643,79.054,0.000,0,-1.000000,1.000,28.924,-1.000000,0.0000,0.0000,0,0,0.000,1.000,19.607,-938.556,39.643,79.054,0,0,-1,99.911425
41,5.6766,slow-walk,-916.964,22.249,88.150,67.500,15.000,15.000,-902.936,17.809,11.675,-905.636,35.186,3.261,1.0000,0.5625,-893.752,8.655,82.143,-931.088,41.553,80.120,0.7402,0.0000,0.0000,0,0.000,0.000,0.0000,0.0000,0,0,-931.088,41.553,80.120,0.000,0,-1.000000,1.000,28.924,-1.000000,0.0000,0.0000,0,0,0.000,1.000,19.607,-931.088,41.553,80.120,0,0,-1,99.909136
42,5.8173,slow-walk,-907.806,24.703,88.150,67.500,15.000,15.000,-880.605,24.782,9.873,-905.459,34.767,2.852,1.0000,0.5625,-885.521,10.751,80.986,-920.828,44.417,79.102,0.8192,0.0000,0.0000,0,0.000,0.000,0.0000,0.0000,0,0,-920.828,44.417,79.102,0.000,0,-1.000000,1.000,28.924,-1.000000,0.0000,0.0000,0,0,0.000,1.000,19.607,-920.828,44.417,79.102,0,0,-1,99.906889
43,5.9571,slow-walk,-898.674,27.150,88.150,67.500,15.000,15.000,-860.729,30.850,6.197,-905.323,34.192,3.190,1.0000,0.5625,-879.607,11.617,79.081,-907.917,47.835,77.798,0.8980,0.0000,0.0000,0,0.000,0.000,0.0000,0.0000,0,0,-907.917,47.835,77.798,0.000,0,-1.000000,1.000,28.924,-1.000000,0.0000,0.0000,0,0,0.000,1.000,19.607,-907.917,47.835,77.798,0,0,-1,99.904648
44,6.0972,slow-walk,-889.555,29.594,88.150,67.500,15.000,15.000,-845.590,35.061,3.486,-905.105,33.468,3.186,1.0000,0.5625,-875.481,11.513,77.197,-892.880,51.543,76.866,0.9766,0.0000,0.0000,0,0.000,0.000,0.0000,0.0000,0,0,-892.880,51.543,76.866,0.000,0,-1.000000,1.000,28.924,-1.000000,0.0000,0.0000,0,0,0.000,1.000,19.607,-892.880,51.543,76.866,0,0,-1,99.902410
45,6.2367,slow-walk,-880.449,32.034,88.150,67.500,15.000,15.000,-842.566,35.595,3.288,-896.762,35.724,4.290,1.0000,0.5625,-872.185,11.446,77.143,-877.666,55.429,77.894,0.0552,0.0000,0.0000,0,0.000,0.000,0.0000,0.0000,0,0,-877.666,55.429,77.894,0.000,0,-1.000000,1.000,28.924,-1.000000,0.0000,0.0000,0,0,0.000,1.000,19.607,-877.666,55.429,77.894,0,0,-1,99.900175
46,6.3774,slow-walk,-871.291,34.487,88.150,67.500,15.000,15.000,-842.402,35.042,3.299,-879.341,40.979,8.013,1.0000,0.5625,-867.951,11.819,78.571,-863.616,58.876,80.129,0.1342,0.0000,0.0000,0,0.000,0.000,0.0000,0.0000,0,0,-863.616,58.876,80.129,0.000,0,-1.000000,1.000,28.924,-1.000000,0.0000,0.0000,0,0,0.000,1.000,19.607,-863.616,58.876,80.129,0,0,-1,99.897928
47,6.5194,slow-walk,-862.019,36.972,88.150,67.500,15.000,15.000,-842.184,34.421,3.294,-857.771,47.511,11.344,1.0000,0.5625,-861.319,13.138,80.011,-851.850,61.739,81.901,0.2142,0.0000,0.0000,0,0.000,0.000,0.0000,0.0000,0,0,-851.850,61.739,81.901,0.000,0,-1.000000,1.000,28.924,-1.000000,0.0000,0.0000,0,0,0.000,1.000,19.607,-851.850,61.739,81.901,0,0,-1,99.895653
48,6.6593,slow-walk,-852.909,39.413,88.150,67.500,15.000,15.000,-841.979,33.862,3.200,-835.492,54.321,11.094,1.0000,0.5625,-852.121,15.619,79.847,-842.846,64.146,81.717,0.2928,0.0000,0.0000,0,0.000,0.000,0.0000,0.0000,0,0,-842.846,64.146,81.717,0.000,0,-1.000000,1.000,28.924,-1.000000,0.0000,0.0000,0,0,0.000,1.000,19.607,-842.846,64.146,81.717,0,0,-1,99.893417
49,6.8011,slow-walk,-843.648,41.894,88.150,67.500,15.000,15.000,-841.849,33.162,3.199,-814.096,60.702,7.565,1.0000,0.5625,-839.855,19.189,78.333,-836.295,66.004,79.829,0.3727,0.0000,0.0000,0,0.000,0.000,0.0000,0.0000,0,0,-836.295,66.004,79.829,0.000,0,-1.000000,1.000,28.924,-1.000000,0.0000,0.0000,0,0,0.000,1.000,19.607,-836.295,66.004,79.829,0,0,-1,99.891144
50,6.9388,slow-walk,-834.689,44.295,88.150,67.500,15.000,15.000,-841.706,32.794,3.011,-797.659,65.822,3.799,1.0000,0.5625,-826.081,23.858,76.797,-832.267,67.605,77.486,0.4500,0.0000,0.0000,0,0.000,0.000,0.0000,0.0000,0,0,-832.267,67.605,77.486,0.000,0,-1.000000,1.000,28.924,-1.000000,0.0000,0.0000,0,0,0.000,1.000,19.607,-832.267,67.605,77.486,0,0,-1,99.888946
51,7.0722,slow-walk,-825.975,46.630,88.150,67.500,15.000,15.000,-838.268,33.490,3.397,-790.233,67.831,3.132,1.0000,0.5625,-811.773,28.789,77.204,-829.466,68.717,76.841,0.5251,0.0000,0.0000,0,0.000,0.000,0.0000,0.0000,0,0,-829.466,68.717,76.841,0.000,0,-1.000000,1.000,28.924,-1.000000,0.0000,0.0000,0,0,0.000,1.000,19.607,-829.466,68.717,76.841,0,0,-1,99.886808
52,7.2063,slow-walk,-817.243,48.970,88.150,67.500,15.000,15.000,-824.075,37.832,5.983,-790.092,67.490,3.032,1.0000,0.5625,-798.332,33.517,78.858,-826.416,69.820,77.587,0.6005,0.0000,0.0000,0,0.000,0.000,0.0000,0.0000,0,0,-826.416,69.820,77.587,0.000,0,-1.000000,1.000,28.924,-1.000000,0.0000,0.0000,0,0,0.000,1.000,19.607,-826.416,69.820,77.587,0,0,-1,99.884665
53,7.3666,slow-walk,-806.781,51.773,88.150,67.500,15.000,15.000,-800.945,44.662,10.466,-789.881,66.650,3.121,1.0000,0.5625,-784.257,37.912,81.431,-820.085,71.387,79.510,0.6907,0.0000,0.0000,0,0.000,0.000,0.0000,0.0000,0,0,-820.085,71.387,79.510,0.000,0,-1.000000,1.000,28.924,-1.000000,0.0000,0.0000,0,0,0.000,1.000,19.607,-820.085,71.387,79.510,0,0,-1,99.882097
54,7.5253,slow-walk,-796.446,54.542,88.150,67.500,15.000,15.000,-775.698,52.374,11.507,-789.580,66.009,3.321,1.0000,0.5625,-773.383,40.894,82.084,-810.388,73.917,80.082,0.7799,0.0000,0.0000,0,0.000,0.000,0.0000,0.0000,0,0,-810.388,73.917,80.082,0.000,0,-1.000000,1.000,28.924,-1.000000,0.0000,0.0000,0,0,0.000,1.000,19.607,-810.388,73.917,80.082,0,0,-1,99.879561
55,7.6626,slow-walk,-787.477,56.945,88.150,67.500,15.000,15.000,-754.530,58.720,8.554,-789.468,65.320,3.374,1.0000,0.5625,-766.411,42.152,80.485,-798.939,76.844,78.864,0.8573,0.0000,0.0000,0,0.000,0.000,0.0000,0.0000,0,0,-798.939,76.844,78.864,0.000,0,-1.000000,1.000,28.924,-1.000000,0.0000,0.0000,0,0,0.000,1.000,19.607,-798.939,76.844,78.864,0,0,-1,99.877360
56,7.7977,slow-walk,-778.684,59.302,88.150,67.500,15.000,15.000,-737.218,64.005,4.305,-789.319,64.887,2.843,1.0000,0.5625,-761.553,42.688,77.787,-785.355,80.508,76.850,0.9331,0.0000,0.0000,0,0.000,0.000,0.0000,0.0000,0,0,-785.355,80.508,76.850,0.000,0,-1.000000,1.000,28.924,-1.000000,0.0000,0.0000,0,0,0.000,1.000,19.607,-785.355,80.508,76.850,0,0,-1,99.875202
57,7.9349,slow-walk,-769.718,61.704,88.150,67.500,15.000,15.000,-726.724,66.914,3.193,-787.820,64.765,3.268,1.0000,0.5625,-758.147,42.531,76.905,-770.342,84.315,77.055,0.0105,0.0000,0.0000,0,0.000,0.000,0.0000,0.0000,0,0,-770.342,84.315,77.055,0.000,0,-1.000000,1.000,28.924,-1.000000,0.0000,0.0000,0,0,0.000,1.000,19.607,-770.342,84.315,77.055,0,0,-1,99.873002
58,8.0727,slow-walk,-760.748,64.107,88.150,67.500,15.000,15.000,-726.551,66.471,3.288,-774.286,68.779,5.641,1.0000,0.5625,-754.780,42.590,77.630,-755.753,88.012,78.736,0.0879,0.0000,0.0000,0,0.000,0.000,0.0000,0.0000,0,0,-755.753,88.012,78.736,0.000,0,-1.000000,1.000,28.924,-1.000000,0.0000,0.0000,0,0,0.000,1.000,19.607,-755.753,88.012,78.736,0,0,-1,99.870801
59,8.2218,slow-walk,-751.015,66.715,88.150,67.500,15.000,15.000,-726.237,65.811,3.148,-753.699,74.938,9.713,1.0000,0.5625,-749.324,43.358,79.223,-741.843,91.328,80.967,0.1719,0.0000,0.0000,0,0.000,0.000,0.0000,0.0000,0,0,-741.843,91.328,80.967,0.000,0,-1.000000,1.000,28.924,-1.000000,0.0000,0.0000,0,0,0.000,1.000,19.607,-741.843,91.328,80.967,0,0,-1,99.868412
60,8.3645,stop-from-slow-walk,-741.725,69.205,88.150,67.500,15.000,15.000,-726.149,65.244,3.249,-731.143,81.874,11.736,1.0000,0.5625,-741.443,45.281,80.145,-731.270,94.053,82.060,0.2520,0.0000,0.0000,0,0.000,0.000,0.0000,0.0000,0,0,-731.270,94.053,82.060,0.000,0,-1.000000,1.000,28.924,-1.000000,0.0000,0.0000,0,0,0.000,1.000,19.607,-731.270,94.053,82.060,0,0,-1,99.866133
61,8.5003,stop-from-slow-walk,-741.725,69.205,88.150,0.000,15.000,15.000,-726.795,65.046,3.049,-730.493,82.150,4.787,0.3194,0.0000,-733.098,48.315,81.659,-739.282,92.348,82.338,0.2520,0.0000,0.0000,0,0.000,0.000,0.0000,0.0000,0,0,-739.282,92.348,82.338,0.000,0,-1.000000,1.000,28.924,-1.000000,0.0000,0.0000,0,0,0.000,1.000,19.607,-739.282,92.348,82.338,0,0,-1,99.863955
62,8.6358,stop-from-slow-walk,-741.725,69.205,88.150,0.000,15.000,15.000,-727.133,64.947,3.238,-730.357,82.148,3.238,0.0000,0.0000,-729.163,50.058,82.987,-742.961,91.298,82.988,0.2520,0.0000,0.0000,0,0.000,0.000,0.0000,0.0000,0,0,-742.961,91.298,82.988,0.000,0,-1.000000,1.000,28.924,-1.000000,0.0000,0.0000,0,0,0.000,1.000,19.607,-742.961,91.298,82.988,0,0,-1,99.861792
63,8.7821,stop-from-slow-walk,-741.725,69.205,88.150,0.000,15.000,15.000,-727.133,64.947,3.238,-730.357,82.148,3.238,0.0000,0.0000,-729.082,50.089,83.000,-742.878,91.322,83.000,0.2520,0.0000,0.0000,0,0.000,0.000,0.0000,0.0000,0,0,-742.878,91.322,83.000,0.000,0,-1.000000,1.000,28.924,-1.000000,0.0000,0.0000,0,0,0.000,1.000,19.607,-742.878,91.322,83.000,0,0,-1,99.859446
64,8.9191,stop-from-slow-walk,-741.725,69.205,88.150,0.000,15.000,15.000,-727.133,64.947,3.238,-730.357,82.148,3.238,0.0000,0.0000,-729.010,50.116,83.011,-742.804,91.342,83.011,0.2520,0.0000,0.0000,0,0.000,0.000,0.0000,0.0000,0,0,-742.804,91.342,83.011,0.000,0,-1.000000,1.000,28.924,-1.000000,0.0000,0.0000,0,0,0.000,1.000,19.607,-742.804,91.342,83.011,0,0,-1,99.857258
65,9.0500,stop-from-slow-walk,-741.725,69.205,88.150,0.000,15.000,15.000,-727.133,64.947,3.238,-730.357,82.148,3.238,0.0000,0.0000,-729.010,50.116,83.011,-742.804,91.342,83.011,0.2520,0.0000,0.0000,0,0.000,0.000,0.0000,0.0000,0,0,-742.804,91.342,83.011,0.000,0,-1.000000,1.000,28.924,-1.000000,0.0000,0.0000,0,0,0.000,1.000,19.607,-742.804,91.342,83.011,0,0,-1,99.855161
66,9.1852,stop-from-slow-walk,-741.725,69.205,88.150,0.000,15.000,15.000,-727.133,64.947,3.238,-730.357,82.148,3.238,0.0000,0.0000,-728.946,50.141,83.022,-742.739,91.361,83.022,0.2520,0.0000,0.0000,0,0.000,0.000,0.0000,0.0000,0,0,-742.739,91.361,83.022,0.000,0,-1.000000,1.000,28.924,-1.000000,0.0000,0.0000,0,0,0.000,1.000,19.607,-742.739,91.361,83.022,0,0,-1,99.853001
67,9.3213,stop-from-slow-walk,-741.725,69.205,88.150,0.000,15.000,15.000,-727.133,64.947,3.238,-730.357,82.148,3.238,0.0000,0.0000,-728.944,50.142,83.022,-742.736,91.362,83.022,0.2520,0.0000,0.0000,0,0.000,0.000,0.0000,0.0000,0,0,-742.736,91.362,83.022,0.000,0,-1.000000,1.000,28.924,-1.000000,0.0000,0.0000,0,0,0.000,1.000,19.607,-742.736,91.362,83.022,0,0,-1,99.850820
68,9.4617,stop-from-slow-walk,-741.725,69.205,88.150,0.000,15.000,15.000,-727.133,64.947,3.238,-730.357,82.148,3.238,0.0000,0.0000,-728.977,50.129,83.017,-742.769,91.353,83.017,0.2520,0.0000,0.0000,0,0.000,0.000,0.0000,0.0000,0,0,-742.769,91.353,83.017,0.000,0,-1.000000,1.000,28.924,-1.000000,0.0000,0.0000,0,0,0.000,1.000,19.607,-742.769,91.353,83.017,0,0,-1,99.848576
69,9.5976,stop-from-slow-walk,-741.725,69.205,88.150,0.000,15.000,15.000,-727.133,64.947,3.238,-730.357,82.148,3.238,0.0000,0.0000,-729.044,50.103,83.010,-742.839,91.332,83.011,0.2520,0.0000,0.0000,0,0.000,0.000,0.0000,0.0000,0,0,-742.839,91.332,83.011,0.000,0,-1.000000,1.000,28.924,-1.000000,0.0000,0.0000,0,0,0.000,1.000,19.607,-742.839,91.332,83.011,0,0,-1,99.846399
70,9.7338,stop-from-slow-walk,-741.725,69.205,88.150,0.000,15.000,15.000,-727.133,64.947,3.238,-730.357,82.148,3.238,0.0000,0.0000,-729.099,50.082,82.997,-742.896,91.316,82.997,0.2520,0.0000,0.0000,0,0.000,0.000,0.0000,0.0000,0,0,-742.896,91.316,82.997,0.000,0,-1.000000,1.000,28.924,-1.000000,0.0000,0.0000,0,0,0.000,1.000,19.607,-742.896,91.316,82.997,0,0,-1,99.844224
71,9.8689,stop-from-slow-walk,-741.725,69.205,88.150,0.000,15.000,15.000,-727.133,64.947,3.238,-730.357,82.148,3.238,0.0000,0.0000,-729.189,50.048,82.983,-742.988,91.290,82.983,0.2520,0.0000,0.0000,0,0.000,0.000,0.0000,0.0000,0,0,-742.988,91.290,82.983,0.000,0,-1.000000,1.000,28.924,-1.000000,0.0000,0.0000,0,0,0.000,1.000,19.607,-742.988,91.290,82.983,0,0,-1,99.842059
72,10.0065,stop-from-slow-walk,-741.725,69.205,88.150,0.000,15.000,15.000,-727.133,64.947,3.238,-730.357,82.148,3.238,0.0000,0.0000,-729.274,50.015,82.970,-743.076,91.265,82.971,0.2520,0.0000,0.0000,0,0.000,0.000,0.0000,0.0000,0,0,-743.076,91.265,82.971,0.000,0,-1.000000,1.000,28.924,-1.000000,0.0000,0.0000,0,0,0.000,1.000,19.607,-743.076,91.265,82.971,0,0,-1,99.839862
73,10.1420,stop-from-slow-walk,-741.725,69.205,88.150,0.000,15.000,15.000,-727.133,64.947,3.238,-730.357,82.148,3.238,0.0000,0.0000,-729.364,49.981,82.957,-743.168,91.238,82.957,0.2520,0.0000,0.0000,0,0.000,0.000,0.0000,0.0000,0,0,-743.168,91.238,82.957,0.000,0,-1.000000,1.000,28.924,-1.000000,0.0000,0.0000,0,0,0.000,1.000,19.607,-743.168,91.238,82.957,0,0,-1,99.837688
74,10.2791,stop-from-slow-walk,-741.725,69.205,88.150,0.000,15.000,15.000,-727.133,64.947,3.238,-730.357,82.148,3.238,0.0000,0.0000,-729.443,49.951,82.946,-743.249,91.214,82.946,0.2520,0.0000,0.0000,0,0.000,0.000,0.0000,0.0000,0,0,-743.249,91.214,82.946,0.000,0,-1.000000,1.000,28.924,-1.000000,0.0000,0.0000,0,0,0.000,1.000,19.607,-743.249,91.214,82.946,0,0,-1,99.835499
75,10.4168,full-walk,-741.725,69.205,88.150,0.000,15.000,15.000,-727.133,64.947,3.238,-730.357,82.148,3.238,0.0000,0.0000,-729.463,49.944,82.937,-743.269,91.208,82.937,0.2520,0.0000,0.0000,0,0.000,0.000,0.0000,0.0000,0,0,-743.269,91.208,82.937,0.000,0,-1.000000,1.000,28.924,-1.000000,0.0000,0.0000,0,0,0.000,1.000,19.607,-743.269,91.208,82.937,0,0,-1,99.833291
76,10.5693,full-walk,-731.750,71.877,88.150,106.495,15.000,15.000,-728.280,63.783,2.836,-704.806,89.970,5.232,0.7607,0.8875,-725.393,50.215,79.131,-727.149,95.492,80.162,0.3870,0.0000,0.0000,0,0.000,0.000,0.0000,0.0000,0,0,-727.149,95.492,80.162,0.000,0,-1.000000,1.000,28.924,-1.000000,0.0000,0.0000,0,0,0.000,1.000,19.607,-727.149,95.492,80.162,0,0,-1,99.830857
77,10.7057,full-walk,-710.184,77.656,88.150,180.000,15.000,15.000,-717.780,66.140,5.632,-682.052,96.393,3.091,1.0000,1.5000,-691.706,61.873,78.710,-718.727,98.563,77.521,0.5921,0.0000,0.0000,0,0.000,0.000,0.0000,0.0000,0,0,-718.727,98.563,77.521,0.000,0,-1.000000,1.000,28.924,-1.000000,0.0000,0.0000,0,0,0.000,1.000,19.607,-718.727,98.563,77.521,0,0,-1,99.828670
78,10.8391,full-walk,-687.039,83.858,88.150,180.000,15.000,15.000,-664.309,82.372,11.303,-681.516,94.910,3.386,1.0000,1.5000,-664.157,70.140,82.013,-700.770,103.315,80.038,0.7917,0.0000,0.0000,0,0.000,0.000,0.0000,0.0000,0,0,-700.770,103.315,80.038,0.000,0,-1.000000,1.000,28.924,-1.000000,0.0000,0.0000,0,0,0.000,1.000,19.607,-700.770,103.315,80.038,0,0,-1,99.826540
79,10.9781,full-walk,-662.817,90.348,88.150,180.000,15.000,15.000,-618.734,95.964,3.223,-681.002,93.426,3.233,1.0000,1.5000,-650.476,71.543,76.972,-664.257,112.797,76.974,0.0007,0.0000,0.0000,0,0.000,0.000,0.0000,0.0000,0,0,-664.257,112.797,76.974,0.000,0,-1.000000,1.000,28.924,-1.000000,0.0000,0.0000,0,0,0.000,1.000,19.607,-664.257,112.797,76.974,0,0,-1,99.824311
80,11.1129,full-walk,-639.440,96.612,88.150,180.000,15.000,15.000,-618.216,94.479,3.145,-637.234,106.428,10.913,1.0000,1.5000,-638.591,72.846,79.734,-629.450,121.320,81.589,0.2024,0.0000,0.0000,0,0.000,0.000,0.0000,0.0000,0,0,-629.450,121.320,81.589,0.000,0,-1.000000,1.000,28.924,-1.000000,0.0000,0.0000,0,0,0.000,1.000,19.607,-629.450,121.320,81.589,0,0,-1,99.822160
81,11.2511,full-walk,-615.367,103.062,88.150,180.000,15.000,15.000,-617.948,93.333,3.115,-581.720,123.762,5.539,1.0000,1.5000,-609.548,81.696,77.505,-610.315,127.183,78.650,0.4101,0.0000,0.0000,0,0.000,0.000,0.0000,0.0000,0,0,-610.315,127.183,78.650,0.000,0,-1.000000,1.000,28.924,-1.000000,0.0000,0.0000,0,0,0.000,1.000,19.607,-610.315,127.183,78.650,0,0,-1,99.819944
82,11.3938,full-walk,-590.606,109.697,87.888,180.000,15.000,15.000,-594.602,99.368,7.149,-565.959,127.248,3.006,1.0000,1.5000,-570.416,94.723,79.561,-601.093,130.091,78.052,0.6237,0.0000,0.0000,0,0.000,0.000,0.0000,0.0000,0,0,-601.093,130.091,78.052,0.000,0,-1.000000,1.000,28.924,-1.000000,0.0000,0.0000,0,0,0.000,1.000,19.607,-601.093,130.091,78.052,0,0,-1,99.817666
83,11.5378,full-walk,-565.505,116.423,87.565,180.000,15.000,15.000,-535.047,117.503,8.578,-565.594,125.571,2.551,1.0000,1.5000,-543.832,102.088,80.148,-577.777,136.253,78.394,0.8403,0.0000,0.0000,0,0.000,0.000,0.0000,0.0000,0,0,-577.777,136.253,78.394,0.000,0,-1.000000,1.000,28.924,-1.000000,0.0000,0.0000,0,0,0.000,1.000,19.607,-577.777,136.253,78.394,0,0,-1,99.815356
84,11.6796,full-walk,-540.901,123.015,87.275,180.000,15.000,15.000,-502.726,126.689,2.444,-557.411,126.647,3.354,1.0000,1.5000,-532.455,102.517,76.266,-538.320,146.376,76.982,0.0525,0.0000,0.0000,0,0.000,0.000,0.0000,0.0000,0,0,-538.320,146.376,76.982,0.000,0,-1.000000,1.000,28.924,-1.000000,0.0000,0.0000,0,0,0.000,1.000,19.607,-538.320,146.376,76.982,0,0,-1,99.813092
85,11.8225,full-walk,-516.009,129.685,86.972,180.000,15.000,15.000,-502.250,125.132,2.090,-502.880,143.184,10.502,1.0000,1.5000,-515.558,105.796,78.932,-505.637,154.517,80.852,0.2673,0.0000,0.0000,0,0.000,0.000,0.0000,0.0000,0,0,-505.637,154.517,80.852,0.000,0,-1.000000,1.000,28.924,-1.000000,0.0000,0.0000,0,0,0.000,1.000,19.607,-505.637,154.517,80.852,0,0,-1,99.810801
86,11.9681,full-walk,-490.766,136.449,86.669,180.000,15.000,15.000,-501.763,123.449,1.736,-452.291,158.264,1.763,1.0000,1.5000,-479.456,116.966,75.400,-490.955,158.984,75.611,0.4850,0.0000,0.0000,0,0.000,0.000,0.0000,0.0000,0,0,-490.955,158.984,75.611,0.000,0,-1.000000,1.000,28.924,-1.000000,0.0000,0.0000,0,0,0.000,1.000,19.607,-490.955,158.984,75.611,0,0,-1,99.808478
87,12.1092,full-walk,-466.180,143.037,86.392,180.000,15.000,15.000,-459.337,136.256,9.194,-450.013,157.645,1.614,1.0000,1.5000,-443.509,129.235,80.037,-479.662,162.589,78.094,0.6972,0.0000,0.0000,0,0.000,0.000,0.0000,0.0000,0,0,-479.662,162.589,78.094,0.000,0,-1.000000,1.000,28.924,-1.000000,0.0000,0.0000,0,0,0.000,1.000,19.607,-479.662,162.589,78.094,0,0,-1,99.806215
88,12.2490,full-walk,-441.919,149.537,86.103,180.000,15.000,15.000,-403.103,153.507,3.666,-449.536,156.243,1.082,1.0000,1.5000,-423.318,133.756,76.749,-450.564,170.363,75.546,0.9065,0.0000,0.0000,0,0.000,0.000,0.0000,0.0000,0,0,-450.564,170.363,75.546,0.000,0,-1.000000,1.000,28.924,-1.000000,0.0000,0.0000,0,0,0.000,1.000,19.607,-450.564,170.363,75.546,0,0,-1,99.803983
89,12.4236,full-walk,-411.498,157.689,86.103,180.000,15.000,15.000,-386.380,156.904,1.113,-414.656,165.757,7.574,1.0000,1.5000,-409.722,134.373,77.130,-402.407,182.292,78.863,0.1689,0.0000,0.0000,0,0.000,0.000,0.0000,0.0000,0,0,-402.407,182.292,78.863,0.000,0,-1.000000,1.000,28.924,-1.000000,0.0000,0.0000,0,0,0.000,1.000,19.607,-402.407,182.292,78.863,0,0,-1,99.801183
90,12.5608,full-walk,-387.696,164.066,85.841,180.000,15.000,15.000,-386.064,155.266,0.911,-357.950,182.927,5.191,1.0000,1.5000,-383.822,141.387,76.014,-380.424,188.153,77.496,0.3743,0.0000,0.0000,0,0.000,0.000,0.0000,0.0000,0,0,-380.424,188.153,77.496,0.000,0,-1.000000,1.000,28.924,-1.000000,0.0000,0.0000,0,0,0.000,1.000,19.607,-380.424,188.153,77.496,0,0,-1,99.798993
91,12.6992,full-walk,-363.583,170.527,85.841,180.000,15.000,15.000,-372.050,158.569,2.978,-334.306,189.505,0.889,1.0000,1.5000,-345.607,154.354,76.257,-371.382,191.486,75.167,0.5823,0.0000,0.0000,0,0.000,0.000,0.0000,0.0000,0,0,-371.382,191.486,75.167,0.000,0,-1.000000,1.000,28.924,-1.000000,0.0000,0.0000,0,0,0.000,1.000,19.607,-371.382,191.486,75.167,0,0,-1,99.796774
92,12.8333,full-walk,-340.313,176.763,85.841,180.000,15.000,15.000,-319.040,174.773,9.168,-333.796,188.118,1.026,1.0000,1.5000,-317.279,163.104,79.763,-354.220,196.150,77.765,0.7831,0.0000,0.0000,0,0.000,0.000,0.0000,0.0000,0,0,-354.220,196.150,77.765,0.000,0,-1.000000,1.000,28.924,-1.000000,0.0000,0.0000,0,0,0.000,1.000,19.607,-354.220,196.150,77.765,0,0,-1,99.794633
93,12.9688,full-walk,-316.705,183.088,86.119,180.000,15.000,15.000,-272.541,188.687,1.341,-333.410,186.636,1.194,1.0000,1.5000,-303.373,164.725,75.066,-319.261,205.270,74.874,0.9867,0.0000,0.0000,0,0.000,0.000,0.0000,0.0000,0,0,-319.261,205.270,74.874,0.000,0,-1.000000,1.000,28.924,-1.000000,0.0000,0.0000,0,0,0.000,1.000,19.607,-319.261,205.270,74.874,0,0,-1,99.792460
94,13.1042,full-walk,-293.218,189.382,86.289,180.000,15.000,15.000,-270.474,187.766,1.248,-293.102,198.512,8.496,1.0000,1.5000,-292.032,165.778,77.643,-283.560,214.048,79.452,0.1894,0.0000,0.0000,0,0.000,0.000,0.0000,0.0000,0,0,-283.560,214.048,79.452,0.000,0,-1.000000,1.000,28.924,-1.000000,0.0000,0.0000,0,0,0.000,1.000,19.607,-283.560,214.048,79.452,0,0,-1,99.790299
95,13.2482,full-walk,-268.169,196.094,86.642,180.000,15.000,15.000,-270.242,186.564,1.558,-234.985,216.667,4.204,1.0000,1.5000,-262.669,174.628,76.021,-262.833,220.301,77.213,0.4055,0.0000,0.0000,0,0.000,0.000,0.0000,0.0000,0,0,-262.833,220.301,77.213,0.000,0,-1.000000,1.000,28.924,-1.000000,0.0000,0.0000,0,0,0.000,1.000,19.607,-262.833,220.301,77.213,0,0,-1,99.787994
96,13.3861,full-walk,-244.224,202.510,87.079,180.000,15.000,15.000,-249.717,191.762,5.751,-218.292,220.552,2.200,1.0000,1.5000,-224.657,187.298,78.391,-254.080,223.117,77.002,0.6120,0.0000,0.0000,0,0.000,0.000,0.0000,0.0000,0,0,-254.080,223.117,77.002,0.000,0,-1.000000,1.000,28.924,-1.000000,0.0000,0.0000,0,0,0.000,1.000,19.607,-254.080,223.117,77.002,0,0,-1,99.785790
97,13.5217,turn-while-moving,-220.576,208.846,87.602,180.000,15.000,15.000,-193.857,208.755,9.460,-217.863,219.026,2.296,1.0000,1.5000,-198.208,194.923,80.499,-233.691,228.526,78.602,0.8161,0.0000,0.0000,0,0.000,0.000,0.0000,0.0000,0,0,-233.691,228.526,78.602,0.000,0,-1.000000,1.000,28.924,-1.000000,0.0000,0.0000,0,0,0.000,1.000,19.607,-233.691,228.526,78.602,0,0,-1,99.783614
98,13.6589,turn-while-moving,-206.291,221.215,88.132,142.237,56.087,15.000,-176.727,254.289,3.446,-220.675,213.741,3.180,1.0000,1.1853,-183.869,216.715,77.160,-223.152,235.693,76.854,0.9784,0.0000,0.0000,0,0.000,0.000,0.0000,0.0000,0,0,-223.152,235.693,76.854,0.000,0,-1.000000,1.000,28.924,-1.000000,0.0000,0.0000,0,0,0.000,1.000,19.607,-223.152,235.693,76.854,0,0,-1,99.781423
99,13.7941,turn-while-moving,-198.857,238.963,88.657,142.237,72.265,15.000,-183.817,263.013,3.819,-208.477,236.352,8.776,1.0000,1.1853,-178.002,229.279,79.205,-215.116,258.794,80.795,0.1389,0.0000,0.0000,0,0.000,0.000,0.0000,0.0000,0,0,-215.116,258.794,80.795,0.000,0,-1.000000,1.000,28.924,-1.000000,0.0000,0.0000,0,0,0.000,1.000,19.607,-215.116,258.794,80.795,0,0,-1,99.779257
100,13.9348,turn-while-moving,-192.515,257.908,89.218,142.237,72.265,15.000,-182.329,262.643,4.229,-195.123,282.806,11.747,1.0000,1.1853,-172.055,246.001,80.709,-207.995,279.534,82.551,0.3053,0.0000,0.0000,0,0.000,0.000,0.0000,0.0000,0,0,-207.995,279.534,82.551,0.000,0,-1.000000,1.000,28.924,-1.000000,0.0000,0.0000,0,0,0.000,1.000,19.607,-207.995,279.534,82.551,0,0,-1,99.777009
101,14.0690,turn-while-moving,-186.653,276.108,89.775,142.237,72.265,15.000,-181.090,262.291,4.722,-184.400,319.687,5.154,1.0000,1.1853,-164.494,273.457,78.436,-205.217,289.694,78.934,0.4647,0.0000,0.0000,0,0.000,0.000,0.0000,0.0000,0,0,-205.217,289.694,78.934,0.000,0,-1.000000,1.000,28.924,-1.000000,0.0000,0.0000,0,0,0.000,1.000,19.607,-205.217,289.694,78.934,0,0,-1,99.774858
102,14.2092,turn-while-moving,-180.580,295.075,90.377,142.237,72.265,15.000,-173.759,287.065,9.895,-182.192,324.475,5.401,1.0000,1.1853,-156.992,304.339,82.168,-203.502,296.923,80.586,0.6306,0.0000,0.0000,0,0.000,0.000,0.0000,0.0000,0,0,-203.502,296.923,80.586,0.000,0,-1.000000,1.000,28.924,-1.000000,0.0000,0.0000,0,0,0.000,1.000,19.607,-203.502,296.923,80.586,0,0,-1,99.772618
103,14.3434,turn-while-moving,-174.757,313.280,90.978,142.237,72.265,15.000,-161.292,331.282,14.164,-181.008,324.111,6.202,1.0000,1.1853,-150.837,325.144,84.853,-198.557,312.212,82.874,0.7899,0.0000,0.0000,0,0.000,0.000,0.0000,0.0000,0,0,-198.557,312.212,82.874,0.000,0,-1.000000,1.000,28.924,-1.000000,0.0000,0.0000,0,0,0.000,1.000,19.607,-198.557,312.212,82.874,0,0,-1,99.770468
104,14.4831,turn-while-moving,-168.712,332.181,91.627,142.237,72.265,15.000,-149.905,371.131,7.243,-179.835,323.735,6.515,1.0000,1.1853,-145.733,335.963,80.939,-189.624,339.678,80.302,0.9553,0.0000,0.0000,0,0.000,0.000,0.0000,0.0000,0,0,-189.624,339.678,80.302,0.000,0,-1.000000,1.000,28.924,-1.000000,0.0000,0.0000,0,0,0.000,1.000,19.607,-189.624,339.678,80.302,0,0,-1,99.768236
105,14.6192,turn-while-moving,-162.805,350.649,92.279,142.237,72.265,15.000,-147.047,377.256,7.310,-173.117,344.919,11.154,1.0000,1.1853,-141.708,342.085,82.232,-179.444,369.392,83.628,0.1169,0.0000,0.0000,0,0.000,0.000,0.0000,0.0000,0,0,-179.444,369.392,83.628,0.000,0,-1.000000,1.000,28.924,-1.000000,0.0000,0.0000,0,0,0.000,1.000,19.607,-179.444,369.392,83.628,0,0,-1,99.766055
106,14.7556,turn-while-moving,-156.904,369.102,92.945,142.237,72.265,15.000,-145.931,376.961,8.103,-160.675,389.308,16.325,1.0000,1.1853,-136.507,356.704,84.877,-172.214,391.139,86.781,0.2783,0.0000,0.0000,0,0.000,0.000,0.0000,0.0000,0,0,-172.214,391.139,86.781,0.000,0,-1.000000,1.000,28.924,-1.000000,0.0000,0.0000,0,0,0.000,1.000,19.607,-172.214,391.139,86.781,0,0,-1,99.763875
107,14.8890,turn-while-moving,-151.116,387.200,93.612,142.237,72.265,15.000,-144.944,376.673,8.810,-149.529,429.173,10.112,1.0000,1.1853,-129.505,382.409,82.754,-169.140,402.806,83.614,0.4367,0.0000,0.0000,0,0.000,0.000,0.0000,0.0000,0,0,-169.140,402.806,83.614,0.000,0,-1.000000,1.000,28.924,-1.000000,0.0000,0.0000,0,0,0.000,1.000,19.607,-169.140,402.806,83.614,0,0,-1,99.761738
108,15.0248,turn-while-moving,-145.239,405.574,94.298,142.237,72.265,15.000,-139.607,393.492,11.991,-146.016,438.770,9.191,1.0000,1.1853,-122.004,412.931,84.941,-167.639,409.335,83.699,0.5974,0.0000,0.0000,0,0.000,0.000,0.0000,0.0000,0,0,-167.639,409.335,83.699,0.000,0,-1.000000,1.000,28.924,-1.000000,0.0000,0.0000,0,0,0.000,1.000,19.607,-167.639,409.335,83.699,0,0,-1,99.759568
109,15.1602,turn-while-moving,-139.366,423.937,94.989,142.237,72.265,15.000,-127.245,436.483,18.547,-144.644,438.359,10.091,1.0000,1.1853,-115.378,436.120,88.985,-163.243,422.486,86.961,0.7581,0.0000,0.0000,0,0.000,0.000,0.0000,0.0000,0,0,-163.243,422.486,86.961,0.000,0,-1.000000,1.000,28.924,-1.000000,0.0000,0.0000,0,0,0.000,1.000,19.607,-163.243,422.486,86.961,0,0,-1,99.757399
110,15.2966,turn-while-moving,-133.462,442.397,95.684,142.237,72.265,15.000,-115.407,478.498,12.498,-143.563,438.069,10.499,1.0000,1.1853,-110.171,448.680,85.826,-155.293,447.306,84.750,0.9196,0.0000,0.0000,0,0.000,0.000,0.0000,0.0000,0,0,-155.293,447.306,84.750,0.000,0,-1.000000,1.000,28.924,-1.000000,0.0000,0.0000,0,0,0.000,1.000,19.607,-155.293,447.306,84.750,0,0,-1,99.755219
111,15.4308,turn-while-moving,-127.642,460.597,96.364,142.237,72.265,15.000,-110.859,491.690,11.493,-139.115,450.832,13.430,1.0000,1.1853,-106.194,454.629,85.665,-145.249,477.180,86.684,0.0788,0.0000,0.0000,0,0.000,0.000,0.0000,0.0000,0,0,-145.249,477.180,86.684,0.000,0,-1.000000,1.000,28.924,-1.000000,0.0000,0.0000,0,0,0.000,1.000,19.607,-145.249,477.180,86.684,0,0,-1,99.753070
112,15.5676,turn-while-moving,-121.722,479.108,97.045,142.237,72.265,15.000,-109.661,491.346,12.148,-127.156,492.833,20.591,1.0000,1.1853,-101.417,466.483,89.024,-136.985,501.303,90.941,0.2408,0.0000,0.0000,0,0.000,0.000,0.0000,0.0000,0,0,-136.985,501.303,90.941,0.000,0,-1.000000,1.000,28.924,-1.000000,0.0000,0.0000,0,0,0.000,1.000,19.607,-136.985,501.303,90.941,0,0,-1,99.750884
113,15.7048,turn-while-moving,-115.768,497.724,97.714,142.237,72.265,15.000,-108.831,491.035,12.613,-115.186,536.584,15.348,1.0000,1.1853,-94.772,490.618,87.104,-133.213,515.414,88.314,0.4037,0.0000,0.0000,0,0.000,0.000,0.0000,0.0000,0,0,-133.213,515.414,88.314,0.000,0,-1.000000,1.000,28.924,-1.000000,0.0000,0.0000,0,0,0.000,1.000,19.607,-133.213,515.414,88.314,0,0,-1,99.748685
114,15.8471,turn-while-moving,-109.621,516.944,98.382,142.237,72.265,15.000,-104.248,502.315,15.205,-109.306,553.006,13.573,1.0000,1.1853,-86.240,522.639,88.652,-131.079,522.418,87.671,0.5718,0.0000,0.0000,0,0.000,0.000,0.0000,0.0000,0,0,-131.079,522.418,87.671,0.000,0,-1.000000,1.000,28.924,-1.000000,0.0000,0.0000,0,0,0.000,1.000,19.607,-131.079,522.418,87.671,0,0,-1,99.746415
115,15.9818,turn-while-moving,-103.762,535.265,98.991,142.237,72.265,15.000,-92.810,543.243,22.472,-108.289,552.769,14.133,1.0000,1.1853,-79.782,547.396,92.969,-127.630,533.870,90.952,0.7321,0.0000,0.0000,0,0.000,0.000,0.0000,0.0000,0,0,-127.630,533.870,90.952,0.000,0,-1.000000,1.000,28.924,-1.000000,0.0000,0.0000,0,0,0.000,1.000,19.607,-127.630,533.870,90.952,0,0,-1,99.744251
116,16.1227,turn-while-moving,-97.671,554.309,99.599,142.237,72.265,15.000,-80.248,588.317,17.617,-107.217,552.435,14.652,1.0000,1.1853,-74.304,561.903,90.518,-120.057,557.768,89.243,0.8987,0.0000,0.0000,0,0.000,0.000,0.0000,0.0000,0,0,-120.057,557.768,89.243,0.000,0,-1.000000,1.000,28.924,-1.000000,0.0000,0.0000,0,0,0.000,1.000,19.607,-120.057,557.768,89.243,0,0,-1,99.742002
117,16.2597,turn-while-moving,-91.723,572.908,100.179,142.237,72.265,15.000,-74.380,605.979,15.254,-103.512,561.646,16.474,1.0000,1.1853,-69.992,568.251,89.180,-109.708,588.341,90.013,0.0614,0.0000,0.0000,0,0.000,0.000,0.0000,0.0000,0,0,-109.708,588.341,90.013,0.000,0,-1.000000,1.000,28.924,-1.000000,0.0000,0.0000,0,0,0.000,1.000,19.607,-109.708,588.341,90.013,0,0,-1,99.739806
118,16.4057,turn-while-moving,-85.411,592.644,100.785,142.237,72.265,15.000,-73.175,605.628,15.900,-91.140,605.151,24.322,1.0000,1.1853,-65.079,580.090,92.749,-100.687,614.807,94.669,0.2341,0.0000,0.0000,0,0.000,0.000,0.0000,0.0000,0,0,-100.687,614.807,94.669,0.000,0,-1.000000,1.000,28.924,-1.000000,0.0000,0.0000,0,0,0.000,1.000,19.607,-100.687,614.807,94.669,0,0,-1,99.737475
119,16.5460,stop-from-turn,-79.327,611.668,101.359,142.237,72.265,15.000,-72.319,605.337,16.229,-78.841,650.221,19.119,1.0000,1.1853,-58.391,604.347,90.767,-96.717,629.548,92.008,0.4006,0.0000,0.0000,0,0.000,0.000,0.0000,0.0000,0,0,-96.717,629.548,92.008,0.000,0,-1.000000,1.000,28.924,-1.000000,0.0000,0.0000,0,0,0.000,1.000,19.607,-96.717,629.548,92.008,0,0,-1,99.735228
120,16.6799,stop-from-turn,-79.095,612.392,101.381,0.000,72.265,15.000,-69.141,616.751,15.789,-82.061,636.656,16.332,0.3310,0.0000,-56.843,609.818,94.254,-97.876,625.371,94.650,0.4006,0.0000,0.0000,0,0.000,0.000,0.0000,0.0000,0,0,-97.876,625.371,94.650,0.000,0,-1.000000,1.000,28.924,-1.000000,0.0000,0.0000,0,0,0.000,1.000,19.607,-97.876,625.371,94.650,0,0,-1,99.733087
121,16.8158,stop-from-turn,-79.095,612.392,101.381,0.000,72.265,15.000,-67.623,622.364,16.468,-83.836,628.953,16.468,0.0000,0.0000,-56.284,612.188,96.160,-98.470,622.890,96.160,0.4006,0.0000,0.0000,0,0.000,0.000,0.0000,0.0000,0,0,-98.470,622.890,96.160,0.000,0,-1.000000,1.000,28.924,-1.000000,0.0000,0.0000,0,0,0.000,1.000,19.607,-98.470,622.890,96.160,0,0,-1,99.730906
122,16.9515,stop-from-turn,-79.095,612.392,101.381,0.000,72.265,15.000,-67.623,622.364,16.468,-83.836,628.953,16.468,0.0000,0.0000,-56.287,612.170,96.158,-98.475,622.873,96.158,0.4006,0.0000,0.0000,0,0.000,0.000,0.0000,0.0000,0,0,-98.475,622.873,96.158,0.000,0,-1.000000,1.000,28.924,-1.000000,0.0000,0.0000,0,0,0.000,1.000,19.607,-98.475,622.873,96.158,0,0,-1,99.728740
123,17.0940,stop-from-turn,-79.095,612.392,101.381,0.000,72.265,15.000,-67.623,622.364,16.468,-83.836,628.953,16.468,0.0000,0.0000,-56.287,612.170,96.158,-98.475,622.873,96.158,0.4006,0.0000,0.0000,0,0.000,0.000,0.0000,0.0000,0,0,-98.475,622.873,96.158,0.000,0,-1.000000,1.000,28.924,-1.000000,0.0000,0.0000,0,0,0.000,1.000,19.607,-98.475,622.873,96.158,0,0,-1,99.726458
124,17.2288,stop-from-turn,-79.095,612.392,101.381,0.000,72.265,15.000,-67.623,622.364,16.468,-83.836,628.953,16.468,0.0000,0.0000,-56.254,612.331,96.179,-98.428,623.031,96.179,0.4006,0.0000,0.0000,0,0.000,0.000,0.0000,0.0000,0,0,-98.428,623.031,96.179,0.000,0,-1.000000,1.000,28.924,-1.000000,0.0000,0.0000,0,0,0.000,1.000,19.607,-98.428,623.031,96.179,0,0,-1,99.724302
125,17.3702,stop-from-turn,-79.095,612.392,101.381,0.000,72.265,15.000,-67.623,622.364,16.468,-83.836,628.953,16.468,0.0000,0.0000,-56.235,612.421,96.192,-98.402,623.119,96.192,0.4006,0.0000,0.0000,0,0.000,0.000,0.0000,0.0000,0,0,-98.402,623.119,96.192,0.000,0,-1.000000,1.000,28.924,-1.000000,0.0000,0.0000,0,0,0.000,1.000,19.607,-98.402,623.119,96.192,0,0,-1,99.722036
126,17.5080,stop-from-turn,-79.095,612.392,101.381,0.000,72.265,15.000,-67.623,622.364,16.468,-83.836,628.953,16.468,0.0000,0.0000,-56.215,612.514,96.205,-98.374,623.210,96.205,0.4006,0.0000,0.0000,0,0.000,0.000,0.0000,0.0000,0,0,-98.374,623.210,96.205,0.000,0,-1.000000,1.000,28.924,-1.000000,0.0000,0.0000,0,0,0.000,1.000,19.607,-98.374,623.210,96.205,0,0,-1,99.719837
127,17.6453,stop-from-turn,-79.095,612.392,101.381,0.000,72.265,15.000,-67.623,622.364,16.468,-83.836,628.953,16.468,0.0000,0.0000,-56.195,612.610,96.219,-98.346,623.303,96.219,0.4006,0.0000,0.0000,0,0.000,0.000,0.0000,0.0000,0,0,-98.346,623.303,96.219,0.000,0,-1.000000,1.000,28.924,-1.000000,0.0000,0.0000,0,0,0.000,1.000,19.607,-98.346,623.303,96.219,0,0,-1,99.717638
128,17.7809,stop-from-turn,-79.095,612.392,101.381,0.000,72.265,15.000,-67.623,622.364,16.468,-83.836,628.953,16.468,0.0000,0.0000,-56.179,612.689,96.231,-98.323,623.381,96.231,0.4006,0.0000,0.0000,0,0.000,0.000,0.0000,0.0000,0,0,-98.323,623.381,96.231,0.000,0,-1.000000,1.000,28.924,-1.000000,0.0000,0.0000,0,0,0.000,1.000,19.607,-98.323,623.381,96.231,0,0,-1,99.715473
129,17.9287,stop-from-turn,-79.095,612.392,101.381,0.000,72.265,15.000,-67.623,622.364,16.468,-83.836,628.953,16.468,0.0000,0.0000,-56.163,612.765,96.242,-98.301,623.455,96.242,0.4006,0.0000,0.0000,0,0.000,0.000,0.0000,0.0000,0,0,-98.301,623.455,96.242,0.000,0,-1.000000,1.000,28.924,-1.000000,0.0000,0.0000,0,0,0.000,1.000,19.607,-98.301,623.455,96.242,0,0,-1,99.713101
130,18.0669,stop-from-turn,-79.095,612.392,101.381,0.000,72.265,15.000,-67.623,622.364,16.468,-83.836,628.953,16.468,0.0000,0.0000,-56.163,612.765,96.242,-98.301,623.455,96.242,0.4006,0.0000,0.0000,0,0.000,0.000,0.0000,0.0000,0,0,-98.301,623.455,96.242,0.000,0,-1.000000,1.000,28.924,-1.000000,0.0000,0.0000,0,0,0.000,1.000,19.607,-98.301,623.455,96.242,0,0,-1,99.710896
131,18.2055,stop-from-turn,-79.095,612.392,101.381,0.000,72.265,15.000,-67.623,622.364,16.468,-83.836,628.953,16.468,0.0000,0.0000,-56.148,612.835,96.253,-98.280,623.523,96.253,0.4006,0.0000,0.0000,0,0.000,0.000,0.0000,0.0000,0,0,-98.280,623.523,96.253,0.000,0,-1.000000,1.000,28.924,-1.000000,0.0000,0.0000,0,0,0.000,1.000,19.607,-98.280,623.523,96.253,0,0,-1,99.708671
132,18.3465,stop-from-turn,-79.095,612.392,101.381,0.000,72.265,15.000,-67.623,622.364,16.468,-83.836,628.953,16.468,0.0000,0.0000,-56.148,612.835,96.253,-98.280,623.523,96.253,0.4006,0.0000,0.0000,0,0.000,0.000,0.0000,0.0000,0,0,-98.280,623.523,96.253,0.000,0,-1.000000,1.000,28.924,-1.000000,0.0000,0.0000,0,0,0.000,1.000,19.607,-98.280,623.523,96.253,0,0,-1,99.706421
133,18.4883,stop-from-turn,-79.095,612.392,101.381,0.000,72.265,15.000,-67.623,622.364,16.468,-83.836,628.953,16.468,0.0000,0.0000,-56.159,612.786,96.246,-98.294,623.476,96.246,0.4006,0.0000,0.0000,0,0.000,0.000,0.0000,0.0000,0,0,-98.294,623.476,96.246,0.000,0,-1.000000,1.000,28.924,-1.000000,0.0000,0.0000,0,0,0.000,1.000,19.607,-98.294,623.476,96.246,0,0,-1,99.704147
134,18.6239,orbit-standing-character,-79.095,612.392,101.381,0.000,72.265,15.000,-67.623,622.364,16.468,-83.836,628.953,16.468,0.0000,0.0000,-56.174,612.715,96.240,-98.315,623.407,96.240,0.4006,0.0000,0.0000,0,0.000,0.000,0.0000,0.0000,0,0,-98.315,623.407,96.240,0.000,0,-1.000000,1.000,28.924,-1.000000,0.0000,0.0000,0,0,0.000,1.000,19.607,-98.315,623.407,96.240,0,0,-1,99.701981
135,18.7616,orbit-standing-character,-79.095,612.392,101.381,0.000,72.265,22.361,-67.623,622.364,16.468,-83.836,628.953,16.468,0.0000,0.0000,-56.186,612.652,96.225,-98.334,623.345,96.225,0.4006,0.0000,0.0000,0,0.000,0.000,0.0000,0.0000,0,0,-98.334,623.345,96.225,0.000,0,-1.000000,1.000,28.924,-1.000000,0.0000,0.0000,0,0,0.000,1.000,19.607,-98.334,623.345,96.225,0,0,-1,99.699777
136,18.8959,orbit-standing-character,-79.095,612.392,101.381,0.000,72.265,29.531,-67.623,622.364,16.468,-83.836,628.953,16.468,0.0000,0.0000,-56.206,612.558,96.211,-98.361,623.253,96.211,0.4006,0.0000,0.0000,0,0.000,0.000,0.0000,0.0000,0,0,-98.361,623.253,96.211,0.000,0,-1.000000,1.000,28.924,-1.000000,0.0000,0.0000,0,0,0.000,1.000,19.607,-98.361,623.253,96.211,0,0,-1,99.697630
137,19.0416,orbit-standing-character,-79.095,612.392,101.381,0.000,72.265,37.327,-67.623,622.364,16.468,-83.836,628.953,16.468,0.0000,0.0000,-56.226,612.463,96.198,-98.389,623.160,96.198,0.4006,0.0000,0.0000,0,0.000,0.000,0.0000,0.0000,0,0,-98.389,623.160,96.198,0.000,0,-1.000000,1.000,28.924,-1.000000,0.0000,0.0000,0,0,0.000,1.000,19.607,-98.389,623.160,96.198,0,0,-1,99.695296
138,19.1801,orbit-standing-character,-79.095,612.392,101.381,0.000,72.265,44.723,-67.623,622.364,16.468,-83.836,628.953,16.468,0.0000,0.0000,-56.246,612.367,96.184,-98.417,623.066,96.184,0.4006,0.0000,0.0000,0,0.000,0.000,0.0000,0.0000,0,0,-98.417,623.066,96.184,0.000,0,-1.000000,1.000,28.924,-1.000000,0.0000,0.0000,0,0,0.000,1.000,19.607,-98.417,623.066,96.184,0,0,-1,99.693081
139,19.3193,orbit-standing-character,-79.095,612.392,101.381,0.000,72.265,52.173,-67.623,622.364,16.468,-83.836,628.953,16.468,0.0000,0.0000,-56.259,612.306,96.174,-98.435,623.005,96.174,0.4006,0.0000,0.0000,0,0.000,0.000,0.0000,0.0000,0,0,-98.435,623.005,96.174,0.000,0,-1.000000,1.000,28.924,-1.000000,0.0000,0.0000,0,0,0.000,1.000,19.607,-98.435,623.005,96.174,0,0,-1,99.690851
140,19.4566,orbit-standing-character,-79.095,612.392,101.381,0.000,72.265,59.492,-67.623,622.364,16.468,-83.836,628.953,16.468,0.0000,0.0000,-56.264,612.285,96.165,-98.440,622.985,96.165,0.4006,0.0000,0.0000,0,0.000,0.000,0.0000,0.0000,0,0,-98.440,622.985,96.165,0.000,0,-1.000000,1.000,28.924,-1.000000,0.0000,0.0000,0,0,0.000,1.000,19.607,-98.440,622.985,96.165,0,0,-1,99.688659
141,19.5944,orbit-standing-character,-79.095,612.392,101.381,0.000,72.265,66.871,-67.623,622.364,16.468,-83.836,628.953,16.468,0.0000,0.0000,-56.284,612.188,96.160,-98.470,622.890,96.160,0.4006,0.0000,0.0000,0,0.000,0.000,0.0000,0.0000,0,0,-98.470,622.890,96.160,0.000,0,-1.000000,1.000,28.924,-1.000000,0.0000,0.0000,0,0,0.000,1.000,19.607,-98.470,622.890,96.160,0,0,-1,99.686450
142,19.7345,orbit-standing-character,-79.095,612.392,101.381,0.000,72.265,74.347,-67.623,622.364,16.468,-83.836,628.953,16.468,0.0000,0.0000,-56.284,612.188,96.160,-98.470,622.890,96.160,0.4006,0.0000,0.0000,0,0.000,0.000,0.0000,0.0000,0,0,-98.470,622.890,96.160,0.000,0,-1.000000,1.000,28.924,-1.000000,0.0000,0.0000,0,0,0.000,1.000,19.607,-98.470,622.890,96.160,0,0,-1,99.684212
143,19.8784,orbit-standing-character,-79.095,612.392,101.381,0.000,72.265,82.050,-67.623,622.364,16.468,-83.836,628.953,16.468,0.0000,0.0000,-56.287,612.170,96.158,-98.475,622.873,96.158,0.4006,0.0000,0.0000,0,0.000,0.000,0.0000,0.0000,0,0,-98.475,622.873,96.158,0.000,0,-1.000000,1.000,28.924,-1.000000,0.0000,0.0000,0,0,0.000,1.000,19.607,-98.475,622.873,96.158,0,0,-1,99.681905
144,20.0230,orbit-standing-character,-79.095,612.392,101.381,0.000,72.265,89.763,-67.623,622.364,16.468,-83.836,628.953,16.468,0.0000,0.0000,-56.287,612.170,96.158,-98.475,622.873,96.158,0.4006,0.0000,0.0000,0,0.000,0.000,0.0000,0.0000,0,0,-98.475,622.873,96.158,0.000,0,-1.000000,1.000,28.924,-1.000000,0.0000,0.0000,0,0,0.000,1.000,19.607,-98.475,622.873,96.158,0,0,-1,99.679596
145,20.1620,orbit-standing-character,-79.095,612.392,101.381,0.000,72.265,97.203,-67.623,622.364,16.468,-83.836,628.953,16.468,0.0000,0.0000,-56.263,612.289,96.174,-98.440,622.990,96.174,0.4006,0.0000,0.0000,0,0.000,0.000,0.0000,0.0000,0,0,-98.440,622.990,96.174,0.000,0,-1.000000,1.000,28.924,-1.000000,0.0000,0.0000,0,0,0.000,1.000,19.607,-98.440,622.990,96.174,0,0,-1,99.677368
146,20.3035,orbit-standing-character,-79.095,612.392,101.381,0.000,72.265,104.754,-67.623,622.364,16.468,-83.836,628.953,16.468,0.0000,0.0000,-56.244,612.379,96.186,-98.414,623.077,96.186,0.4006,0.0000,0.0000,0,0.000,0.000,0.0000,0.0000,0,0,-98.414,623.077,96.186,0.000,0,-1.000000,1.000,28.924,-1.000000,0.0000,0.0000,0,0,0.000,1.000,19.607,-98.414,623.077,96.186,0,0,-1,99.675107
147,20.4427,orbit-standing-character,-79.095,612.392,101.381,0.000,72.265,112.202,-67.623,622.364,16.468,-83.836,628.953,16.468,0.0000,0.0000,-56.225,612.467,96.198,-98.388,623.164,96.199,0.4006,0.0000,0.0000,0,0.000,0.000,0.0000,0.0000,0,0,-98.388,623.164,96.199,0.000,0,-1.000000,1.000,28.924,-1.000000,0.0000,0.0000,0,0,0.000,1.000,19.607,-98.388,623.164,96.199,0,0,-1,99.672877
148,20.5824,orbit-standing-character,-79.095,612.392,101.381,0.000,72.265,119.655,-67.623,622.364,16.468,-83.836,628.953,16.468,0.0000,0.0000,-56.204,612.567,96.213,-98.359,623.262,96.213,0.4006,0.0000,0.0000,0,0.000,0.000,0.0000,0.0000,0,0,-98.359,623.262,96.213,0.000,0,-1.000000,1.000,28.924,-1.000000,0.0000,0.0000,0,0,0.000,1.000,19.607,-98.359,623.262,96.213,0,0,-1,99.670646
149,20.7189,orbit-standing-character,-79.095,612.392,101.381,0.000,72.265,126.963,-67.623,622.364,16.468,-83.836,628.953,16.468,0.0000,0.0000,-56.186,612.652,96.225,-98.334,623.345,96.225,0.4006,0.0000,0.0000,0,0.000,0.000,0.0000,0.0000,0,0,-98.334,623.345,96.225,0.000,0,-1.000000,1.000,28.924,-1.000000,0.0000,0.0000,0,0,0.000,1.000,19.607,-98.334,623.345,96.225,0,0,-1,99.668458
150,20.8570,orbit-standing-character,-79.095,612.392,101.381,0.000,72.265,134.332,-67.623,622.364,16.468,-83.836,628.953,16.468,0.0000,0.0000,-56.169,612.734,96.237,-98.310,623.425,96.238,0.4006,0.0000,0.0000,0,0.000,0.000,0.0000,0.0000,0,0,-98.310,623.425,96.238,0.000,0,-1.000000,1.000,28.924,-1.000000,0.0000,0.0000,0,0,0.000,1.000,19.607,-98.310,623.425,96.238,0,0,-1,99.666251
151,20.9938,orbit-standing-character,-79.095,612.392,101.381,0.000,72.265,141.651,-67.623,622.364,16.468,-83.836,628.953,16.468,0.0000,0.0000,-56.163,612.765,96.242,-98.301,623.455,96.242,0.4006,0.0000,0.0000,0,0.000,0.000,0.0000,0.0000,0,0,-98.301,623.455,96.242,0.000,0,-1.000000,1.000,28.924,-1.000000,0.0000,0.0000,0,0,0.000,1.000,19.607,-98.301,623.455,96.242,0,0,-1,99.664060
152,21.1337,orbit-standing-character,-79.095,612.392,101.381,0.000,72.265,149.110,-67.623,622.364,16.468,-83.836,628.953,16.468,0.0000,0.0000,-56.163,612.765,96.242,-98.301,623.455,96.242,0.4006,0.0000,0.0000,0,0.000,0.000,0.0000,0.0000,0,0,-98.301,623.455,96.242,0.000,0,-1.000000,1.000,28.924,-1.000000,0.0000,0.0000,0,0,0.000,1.000,19.607,-98.301,623.455,96.242,0,0,-1,99.661826
153,21.2748,orbit-standing-character,-79.095,612.392,101.381,0.000,72.265,156.663,-67.623,622.364,16.468,-83.836,628.953,16.468,0.0000,0.0000,-56.148,612.835,96.253,-98.280,623.523,96.253,0.4006,0.0000,0.0000,0,0.000,0.000,0.0000,0.0000,0,0,-98.280,623.523,96.253,0.000,0,-1.000000,1.000,28.924,-1.000000,0.0000,0.0000,0,0,0.000,1.000,19.607,-98.280,623.523,96.253,0,0,-1,99.659565
154,21.4160,orbit-standing-character,-79.095,612.392,101.381,0.000,72.265,164.201,-67.623,622.364,16.468,-83.836,628.953,16.468,0.0000,0.0000,-56.148,612.835,96.253,-98.280,623.523,96.253,0.4006,0.0000,0.0000,0,0.000,0.000,0.0000,0.0000,0,0,-98.280,623.523,96.253,0.000,0,-1.000000,1.000,28.924,-1.000000,0.0000,0.0000,0,0,0.000,1.000,19.607,-98.280,623.523,96.253,0,0,-1,99.657308
155,21.5657,orbit-standing-character,-79.095,612.392,101.381,0.000,72.265,172.215,-67.623,622.364,16.468,-83.836,628.953,16.468,0.0000,0.0000,-56.167,612.746,96.243,-98.306,623.437,96.243,0.4006,0.0000,0.0000,0,0.000,0.000,0.0000,0.0000,0,0,-98.306,623.437,96.243,0.000,0,-1.000000,1.000,28.924,-1.000000,0.0000,0.0000,0,0,0.000,1.000,19.607,-98.306,623.437,96.243,0,0,-1,99.654908
156,21.7156,orbit-standing-character,-79.095,612.392,101.381,0.000,72.265,180.212,-67.623,622.364,16.468,-83.836,628.953,16.468,0.0000,0.0000,-56.181,612.680,96.231,-98.326,623.372,96.231,0.4006,0.0000,0.0000,0,0.000,0.000,0.0000,0.0000,0,0,-98.326,623.372,96.231,0.000,0,-1.000000,1.000,28.924,-1.000000,0.0000,0.0000,0,0,0.000,1.000,19.607,-98.326,623.372,96.231,0,0,-1,99.652514
157,21.8750,orbit-standing-character,-79.095,612.392,101.381,0.000,72.265,188.744,-67.623,622.364,16.468,-83.836,628.953,16.468,0.0000,0.0000,-56.203,612.573,96.214,-98.357,623.267,96.214,0.4006,0.0000,0.0000,0,0.000,0.000,0.0000,0.0000,0,0,-98.357,623.267,96.214,0.000,0,-1.000000,1.000,28.924,-1.000000,0.0000,0.0000,0,0,0.000,1.000,19.607,-98.357,623.267,96.214,0,0,-1,99.649959
158,22.0220,orbit-standing-character,-79.095,612.392,101.381,0.000,72.265,196.576,-67.623,622.364,16.468,-83.836,628.953,16.468,0.0000,0.0000,-56.223,612.477,96.200,-98.385,623.174,96.200,0.4006,0.0000,0.0000,0,0.000,0.000,0.0000,0.0000,0,0,-98.385,623.174,96.200,0.000,0,-1.000000,1.000,28.924,-1.000000,0.0000,0.0000,0,0,0.000,1.000,19.607,-98.385,623.174,96.200,0,0,-1,99.647614
159,22.1878,orbit-standing-character,-79.095,612.392,101.381,0.000,72.265,205.455,-67.623,622.364,16.468,-83.836,628.953,16.468,0.0000,0.0000,-56.247,612.362,96.184,-98.419,623.061,96.184,0.4006,0.0000,0.0000,0,0.000,0.000,0.0000,0.0000,0,0,-98.419,623.061,96.184,0.000,0,-1.000000,1.000,28.924,-1.000000,0.0000,0.0000,0,0,0.000,1.000,19.607,-98.419,623.061,96.184,0,0,-1,99.644956
160,22.3305,orbit-standing-character,-79.095,612.392,101.381,0.000,72.265,213.072,-67.623,622.364,16.468,-83.836,628.953,16.468,0.0000,0.0000,-56.260,612.304,96.173,-98.436,623.004,96.173,0.4006,0.0000,0.0000,0,0.000,0.000,0.0000,0.0000,0,0,-98.436,623.004,96.173,0.000,0,-1.000000,1.000,28.924,-1.000000,0.0000,0.0000,0,0,0.000,1.000,19.607,-98.436,623.004,96.173,0,0,-1,99.642675
161,22.4740,orbit-standing-character,-79.095,612.392,101.381,0.000,72.265,220.740,-67.623,622.364,16.468,-83.836,628.953,16.468,0.0000,0.0000,-56.265,612.283,96.164,-98.441,622.982,96.164,0.4006,0.0000,0.0000,0,0.000,0.000,0.0000,0.0000,0,0,-98.441,622.982,96.164,0.000,0,-1.000000,1.000,28.924,-1.000000,0.0000,0.0000,0,0,0.000,1.000,19.607,-98.441,622.982,96.164,0,0,-1,99.640379
162,22.6235,orbit-standing-character,-79.095,612.392,101.381,0.000,72.265,228.725,-67.623,622.364,16.468,-83.836,628.953,16.468,0.0000,0.0000,-56.284,612.188,96.160,-98.470,622.890,96.160,0.4006,0.0000,0.0000,0,0.000,0.000,0.0000,0.0000,0,0,-98.470,622.890,96.160,0.000,0,-1.000000,1.000,28.924,-1.000000,0.0000,0.0000,0,0,0.000,1.000,19.607,-98.470,622.890,96.160,0,0,-1,99.637989
163,22.7574,open-pack,-79.095,612.392,101.381,0.000,72.265,235.897,-67.623,622.364,16.468,-83.836,628.953,16.468,0.0000,0.0000,-56.284,612.188,96.160,-98.470,622.890,96.160,0.4006,0.0000,0.0000,0,0.000,0.000,0.0000,0.0000,0,0,-98.470,622.890,96.160,0.000,0,-1.000000,1.000,28.924,-1.000000,0.0000,0.0000,0,0,0.000,1.000,19.607,-98.470,622.890,96.160,0,0,-1,99.635841
164,22.8909,open-pack,-79.095,612.392,101.381,0.000,72.265,235.897,-67.623,622.364,16.468,-83.836,628.953,16.468,0.0000,0.0000,-56.287,612.170,96.158,-98.475,622.873,96.158,0.4006,0.0000,0.0000,0,0.000,0.000,0.0000,0.0000,0,0,-98.475,622.873,96.158,0.000,0,-1.000000,1.000,28.924,-1.000000,0.0000,0.0000,0,0,0.000,1.000,19.607,-98.475,622.873,96.158,0,0,-1,99.635841
165,23.0234,open-pack,-79.095,612.392,101.381,0.000,72.265,235.897,-67.623,622.364,16.468,-83.836,628.953,16.468,0.0000,0.0000,-56.287,612.170,96.158,-98.475,622.873,96.158,0.4006,0.0000,0.0000,0,0.000,0.000,0.0000,0.0000,0,0,-98.475,622.873,96.158,0.000,0,-1.000000,1.000,28.924,-1.000000,0.0000,0.0000,0,0,0.000,1.000,19.607,-98.475,622.873,96.158,0,0,-1,99.635841
166,23.2648,open-look,-79.095,612.392,101.381,0.000,72.265,252.265,-67.623,622.364,16.468,-83.836,628.953,16.468,0.0000,0.0000,-56.249,612.354,96.182,-98.421,623.054,96.183,0.4006,0.0000,0.0000,0,0.000,0.000,0.0000,0.0000,0,0,-98.421,623.054,96.183,0.000,0,-1.000000,1.000,28.924,-1.000000,0.0000,0.0000,0,0,0.000,1.000,19.607,-98.421,623.054,96.183,0,0,-1,99.635841
167,23.3964,open-look,-79.095,612.392,101.381,0.000,72.265,252.265,-67.623,622.364,16.468,-83.836,628.953,16.468,0.0000,0.0000,-56.232,612.434,96.194,-98.398,623.132,96.194,0.4006,0.0000,0.0000,0,0.000,0.000,0.0000,0.0000,0,0,-98.398,623.132,96.194,0.000,0,-1.000000,1.000,28.924,-1.000000,0.0000,0.0000,0,0,0.000,1.000,19.607,-98.398,623.132,96.194,0,0,-1,99.635841
168,23.5327,open-look,-79.095,612.392,101.381,0.000,72.265,252.265,-67.623,622.364,16.468,-83.836,628.953,16.468,0.0000,0.0000,-56.212,612.531,96.208,-98.369,623.227,96.208,0.4006,0.0000,0.0000,0,0.000,0.000,0.0000,0.0000,0,0,-98.369,623.227,96.208,0.000,0,-1.000000,1.000,28.924,-1.000000,0.0000,0.0000,0,0,0.000,1.000,19.607,-98.369,623.227,96.208,0,0,-1,99.635841
169,23.6621,open-look,-79.095,612.392,101.381,0.000,72.265,252.265,-67.623,622.364,16.468,-83.836,628.953,16.468,0.0000,0.0000,-56.193,612.619,96.220,-98.344,623.312,96.220,0.4006,0.0000,0.0000,0,0.000,0.000,0.0000,0.0000,0,0,-98.344,623.312,96.220,0.000,0,-1.000000,1.000,28.924,-1.000000,0.0000,0.0000,0,0,0.000,1.000,19.607,-98.344,623.312,96.220,0,0,-1,99.635841
170,23.7979,open-look,-79.095,612.392,101.381,0.000,72.265,252.265,-67.623,622.364,16.468,-83.836,628.953,16.468,0.0000,0.0000,-56.177,612.699,96.232,-98.320,623.391,96.232,0.4006,0.0000,0.0000,0,0.000,0.000,0.0000,0.0000,0,0,-98.320,623.391,96.232,0.000,0,-1.000000,1.000,28.924,-1.000000,0.0000,0.0000,0,0,0.000,1.000,19.607,-98.320,623.391,96.232,0,0,-1,99.635841
171,23.9290,open-look,-79.095,612.392,101.381,0.000,72.265,252.265,-67.623,622.364,16.468,-83.836,628.953,16.468,0.0000,0.0000,-56.163,612.765,96.242,-98.301,623.455,96.242,0.4006,0.0000,0.0000,0,0.000,0.000,0.0000,0.0000,0,0,-98.301,623.455,96.242,0.000,0,-1.000000,1.000,28.924,-1.000000,0.0000,0.0000,0,0,0.000,1.000,19.607,-98.301,623.455,96.242,0,0,-1,99.635841
172,24.0637,open-look,-79.095,612.392,101.381,0.000,72.265,252.265,-67.623,622.364,16.468,-83.836,628.953,16.468,0.0000,0.0000,-56.163,612.765,96.242,-98.301,623.455,96.242,0.4006,0.0000,0.0000,0,0.000,0.000,0.0000,0.0000,0,0,-98.301,623.455,96.242,0.000,0,-1.000000,1.000,28.924,-1.000000,0.0000,0.0000,0,0,0.000,1.000,19.607,-98.301,623.455,96.242,0,0,-1,99.635841
173,24.1968,open-look,-79.095,612.392,101.381,0.000,72.265,252.265,-67.623,622.364,16.468,-83.836,628.953,16.468,0.0000,0.0000,-56.148,612.835,96.253,-98.280,623.523,96.253,0.4006,0.0000,0.0000,0,0.000,0.000,0.0000,0.0000,0,0,-98.280,623.523,96.253,0.000,0,-1.000000,1.000,28.924,-1.000000,0.0000,0.0000,0,0,0.000,1.000,19.607,-98.280,623.523,96.253,0,0,-1,99.635841
174,24.3340,open-look,-79.095,612.392,101.381,0.000,72.265,252.265,-67.623,622.364,16.468,-83.836,628.953,16.468,0.0000,0.0000,-56.148,612.835,96.253,-98.280,623.523,96.253,0.4006,0.0000,0.0000,0,0.000,0.000,0.0000,0.0000,0,0,-98.280,623.523,96.253,0.000,0,-1.000000,1.000,28.924,-1.000000,0.0000,0.0000,0,0,0.000,1.000,19.607,-98.280,623.523,96.253,0,0,-1,99.635841
175,24.4690,open-look,-79.095,612.392,101.381,0.000,72.265,252.265,-67.623,622.364,16.468,-83.836,628.953,16.468,0.0000,0.0000,-56.156,612.796,96.247,-98.292,623.486,96.247,0.4006,0.0000,0.0000,0,0.000,0.000,0.0000,0.0000,0,0,-98.292,623.486,96.247,0.000,0,-1.000000,1.000,28.924,-1.000000,0.0000,0.0000,0,0,0.000,1.000,19.607,-98.292,623.486,96.247,0,0,-1,99.635841
176,24.6036,open-look,-79.095,612.392,101.381,0.000,72.265,252.265,-67.623,622.364,16.468,-83.836,628.953,16.468,0.0000,0.0000,-56.171,612.726,96.241,-98.312,623.417,96.241,0.4006,0.0000,0.0000,0,0.000,0.000,0.0000,0.0000,0,0,-98.312,623.417,96.241,0.000,0,-1.000000,1.000,28.924,-1.000000,0.0000,0.0000,0,0,0.000,1.000,19.607,-98.312,623.417,96.241,0,0,-1,99.635841
177,24.7429,open-look,-79.095,612.392,101.381,0.000,72.265,252.265,-67.623,622.364,16.468,-83.836,628.953,16.468,0.0000,0.0000,-56.184,612.665,96.227,-98.330,623.358,96.227,0.4006,0.0000,0.0000,0,0.000,0.000,0.0000,0.0000,0,0,-98.330,623.358,96.227,0.000,0,-1.000000,1.000,28.924,-1.000000,0.0000,0.0000,0,0,0.000,1.000,19.607,-98.330,623.358,96.227,0,0,-1,99.635841
178,24.8725,open-look,-79.095,612.392,101.381,0.000,72.265,252.265,-67.623,622.364,16.468,-83.836,628.953,16.468,0.0000,0.0000,-56.203,612.575,96.214,-98.357,623.269,96.214,0.4006,0.0000,0.0000,0,0.000,0.000,0.0000,0.0000,0,0,-98.357,623.269,96.214,0.000,0,-1.000000,1.000,28.924,-1.000000,0.0000,0.0000,0,0,0.000,1.000,19.607,-98.357,623.269,96.214,0,0,-1,99.635841
179,25.0085,open-look,-79.095,612.392,101.381,0.000,72.265,252.265,-67.623,622.364,16.468,-83.836,628.953,16.468,0.0000,0.0000,-56.221,612.486,96.201,-98.383,623.183,96.201,0.4006,0.0000,0.0000,0,0.000,0.000,0.0000,0.0000,0,0,-98.383,623.183,96.201,0.000,0,-1.000000,1.000,28.924,-1.000000,0.0000,0.0000,0,0,0.000,1.000,19.607,-98.383,623.183,96.201,0,0,-1,99.635841
180,25.1403,open-look,-79.095,612.392,101.381,0.000,72.265,252.265,-67.623,622.364,16.468,-83.836,628.953,16.468,0.0000,0.0000,-56.240,612.395,96.188,-98.409,623.093,96.188,0.4006,0.0000,0.0000,0,0.000,0.000,0.0000,0.0000,0,0,-98.409,623.093,96.188,0.000,0,-1.000000,1.000,28.924,-1.000000,0.0000,0.0000,0,0,0.000,1.000,19.607,-98.409,623.093,96.188,0,0,-1,99.635841
181,25.2697,open-look,-79.095,612.392,101.381,0.000,72.265,252.265,-67.623,622.364,16.468,-83.836,628.953,16.468,0.0000,0.0000,-56.257,612.313,96.177,-98.433,623.012,96.177,0.4006,0.0000,0.0000,0,0.000,0.000,0.0000,0.0000,0,0,-98.433,623.012,96.177,0.000,0,-1.000000,1.000,28.924,-1.000000,0.0000,0.0000,0,0,0.000,1.000,19.607,-98.433,623.012,96.177,0,0,-1,99.635841
182,25.4096,open-look,-79.095,612.392,101.381,0.000,72.265,252.265,-67.623,622.364,16.468,-83.836,628.953,16.468,0.0000,0.0000,-56.263,612.292,96.168,-98.438,622.992,96.168,0.4006,0.0000,0.0000,0,0.000,0.000,0.0000,0.0000,0,0,-98.438,622.992,96.168,0.000,0,-1.000000,1.000,28.924,-1.000000,0.0000,0.0000,0,0,0.000,1.000,19.607,-98.438,622.992,96.168,0,0,-1,99.635841
183,25.5417,open-look,-79.095,612.392,101.381,0.000,72.265,252.265,-67.623,622.364,16.468,-83.836,628.953,16.468,0.0000,0.0000,-56.273,612.242,96.160,-98.453,622.943,96.160,0.4006,0.0000,0.0000,0,0.000,0.000,0.0000,0.0000,0,0,-98.453,622.943,96.160,0.000,0,-1.000000,1.000,28.924,-1.000000,0.0000,0.0000,0,0,0.000,1.000,19.607,-98.453,622.943,96.160,0,0,-1,99.635841
184,25.6804,open-look,-79.095,612.392,101.381,0.000,72.265,252.265,-67.623,622.364,16.468,-83.836,628.953,16.468,0.0000,0.0000,-56.284,612.188,96.160,-98.470,622.890,96.160,0.4006,0.0000,0.0000,0,0.000,0.000,0.0000,0.0000,0,0,-98.470,622.890,96.160,0.000,0,-1.000000,1.000,28.924,-1.000000,0.0000,0.0000,0,0,0.000,1.000,19.607,-98.470,622.890,96.160,0,0,-1,99.635841
185,25.8184,open-look,-79.095,612.392,101.381,0.000,72.265,252.265,-67.623,622.364,16.468,-83.836,628.953,16.468,0.0000,0.0000,-56.284,612.188,96.160,-98.470,622.890,96.160,0.4006,0.0000,0.0000,0,0.000,0.000,0.0000,0.0000,0,0,-98.470,622.890,96.160,0.000,0,-1.000000,1.000,28.924,-1.000000,0.0000,0.0000,0,0,0.000,1.000,19.607,-98.470,622.890,96.160,0,0,-1,99.635841
186,25.9555,open-look,-79.095,612.392,101.381,0.000,72.265,252.265,-67.623,622.364,16.468,-83.836,628.953,16.468,0.0000,0.0000,-56.287,612.170,96.158,-98.475,622.873,96.158,0.4006,0.0000,0.0000,0,0.000,0.000,0.0000,0.0000,0,0,-98.475,622.873,96.158,0.000,0,-1.000000,1.000,28.924,-1.000000,0.0000,0.0000,0,0,0.000,1.000,19.607,-98.475,622.873,96.158,0,0,-1,99.635841
187,26.0944,open-look,-79.095,612.392,101.381,0.000,72.265,252.265,-67.623,622.364,16.468,-83.836,628.953,16.468,0.0000,0.0000,-56.287,612.170,96.158,-98.475,622.873,96.158,0.4006,0.0000,0.0000,0,0.000,0.000,0.0000,0.0000,0,0,-98.475,622.873,96.158,0.000,0,-1.000000,1.000,28.924,-1.000000,0.0000,0.0000,0,0,0.000,1.000,19.607,-98.475,622.873,96.158,0,0,-1,99.635841
188,26.3493,portrait-idle,-79.095,612.392,101.381,0.000,72.265,252.265,-67.623,622.364,16.468,-83.836,628.953,16.468,0.0000,0.0000,-56.238,612.408,96.190,-98.405,623.106,96.190,0.4006,0.0000,0.0000,0,0.000,0.000,0.0000,0.0000,0,0,-98.405,623.106,96.190,0.000,0,-1.000000,1.000,28.924,-1.000000,0.0000,0.0000,0,0,0.000,1.000,19.607,-98.405,623.106,96.190,0,0,-1,99.635841
189,26.4892,portrait-idle,-79.095,612.392,101.381,0.000,72.265,252.265,-67.623,622.364,16.468,-83.836,628.953,16.468,0.0000,0.0000,-56.218,612.500,96.203,-98.378,623.197,96.203,0.4006,0.0000,0.0000,0,0.000,0.000,0.0000,0.0000,0,0,-98.378,623.197,96.203,0.000,0,-1.000000,1.000,28.924,-1.000000,0.0000,0.0000,0,0,0.000,1.000,19.607,-98.378,623.197,96.203,0,0,-1,99.635841
190,26.6223,portrait-idle,-79.095,612.392,101.381,0.000,72.265,252.265,-67.623,622.364,16.468,-83.836,628.953,16.468,0.0000,0.0000,-56.198,612.595,96.217,-98.350,623.290,96.217,0.4006,0.0000,0.0000,0,0.000,0.000,0.0000,0.0000,0,0,-98.350,623.290,96.217,0.000,0,-1.000000,1.000,28.924,-1.000000,0.0000,0.0000,0,0,0.000,1.000,19.607,-98.350,623.290,96.217,0,0,-1,99.635841
191,26.7612,portrait-idle,-79.095,612.392,101.381,0.000,72.265,252.265,-67.623,622.364,16.468,-83.836,628.953,16.468,0.0000,0.0000,-56.181,612.677,96.229,-98.326,623.370,96.229,0.4006,0.0000,0.0000,0,0.000,0.000,0.0000,0.0000,0,0,-98.326,623.370,96.229,0.000,0,-1.000000,1.000,28.924,-1.000000,0.0000,0.0000,0,0,0.000,1.000,19.607,-98.326,623.370,96.229,0,0,-1,99.635841
192,26.8950,portrait-idle,-79.095,612.392,101.381,0.000,72.265,252.265,-67.623,622.364,16.468,-83.836,628.953,16.468,0.0000,0.0000,-56.165,612.756,96.241,-98.303,623.447,96.241,0.4006,0.0000,0.0000,0,0.000,0.000,0.0000,0.0000,0,0,-98.303,623.447,96.241,0.000,0,-1.000000,1.000,28.924,-1.000000,0.0000,0.0000,0,0,0.000,1.000,19.607,-98.303,623.447,96.241,0,0,-1,99.635841
193,27.0317,portrait-idle,-79.095,612.392,101.381,0.000,72.265,252.265,-67.623,622.364,16.468,-83.836,628.953,16.468,0.0000,0.0000,-56.163,612.765,96.242,-98.301,623.455,96.242,0.4006,0.0000,0.0000,0,0.000,0.000,0.0000,0.0000,0,0,-98.301,623.455,96.242,0.000,0,-1.000000,1.000,28.924,-1.000000,0.0000,0.0000,0,0,0.000,1.000,19.607,-98.301,623.455,96.242,0,0,-1,99.635841
194,27.1689,portrait-idle,-79.095,612.392,101.381,0.000,72.265,252.265,-67.623,622.364,16.468,-83.836,628.953,16.468,0.0000,0.0000,-56.163,612.765,96.242,-98.301,623.455,96.242,0.4006,0.0000,0.0000,0,0.000,0.000,0.0000,0.0000,0,0,-98.301,623.455,96.242,0.000,0,-1.000000,1.000,28.924,-1.000000,0.0000,0.0000,0,0,0.000,1.000,19.607,-98.301,623.455,96.242,0,0,-1,99.635841
195,27.3047,portrait-idle,-79.095,612.392,101.381,0.000,72.265,252.265,-67.623,622.364,16.468,-83.836,628.953,16.468,0.0000,0.0000,-56.148,612.835,96.253,-98.280,623.523,96.253,0.4006,0.0000,0.0000,0,0.000,0.000,0.0000,0.0000,0,0,-98.280,623.523,96.253,0.000,0,-1.000000,1.000,28.924,-1.000000,0.0000,0.0000,0,0,0.000,1.000,19.607,-98.280,623.523,96.253,0,0,-1,99.635841
196,27.4432,portrait-idle,-79.095,612.392,101.381,0.000,72.265,252.265,-67.623,622.364,16.468,-83.836,628.953,16.468,0.0000,0.0000,-56.151,612.821,96.251,-98.284,623.510,96.251,0.4006,0.0000,0.0000,0,0.000,0.000,0.0000,0.0000,0,0,-98.284,623.510,96.251,0.000,0,-1.000000,1.000,28.924,-1.000000,0.0000,0.0000,0,0,0.000,1.000,19.607,-98.284,623.510,96.251,0,0,-1,99.635841
197,27.5696,portrait-idle,-79.095,612.392,101.381,0.000,72.265,252.265,-67.623,622.364,16.468,-83.836,628.953,16.468,0.0000,0.0000,-56.168,612.744,96.243,-98.307,623.435,96.243,0.4006,0.0000,0.0000,0,0.000,0.000,0.0000,0.0000,0,0,-98.307,623.435,96.243,0.000,0,-1.000000,1.000,28.924,-1.000000,0.0000,0.0000,0,0,0.000,1.000,19.607,-98.307,623.435,96.243,0,0,-1,99.635841
198,27.7086,portrait-idle,-79.095,612.392,101.381,0.000,72.265,252.265,-67.623,622.364,16.468,-83.836,628.953,16.468,0.0000,0.0000,-56.181,612.677,96.234,-98.326,623.369,96.234,0.4006,0.0000,0.0000,0,0.000,0.000,0.0000,0.0000,0,0,-98.326,623.369,96.234,0.000,0,-1.000000,1.000,28.924,-1.000000,0.0000,0.0000,0,0,0.000,1.000,19.607,-98.326,623.369,96.234,0,0,-1,99.635841
199,27.8388,portrait-idle,-79.095,612.392,101.381,0.000,72.265,252.265,-67.623,622.364,16.468,-83.836,628.953,16.468,0.0000,0.0000,-56.198,612.598,96.217,-98.350,623.292,96.217,0.4006,0.0000,0.0000,0,0.000,0.000,0.0000,0.0000,0,0,-98.350,623.292,96.217,0.000,0,-1.000000,1.000,28.924,-1.000000,0.0000,0.0000,0,0,0.000,1.000,19.607,-98.350,623.292,96.217,0,0,-1,99.635841
200,27.9657,portrait-idle,-79.095,612.392,101.381,0.000,72.265,252.265,-67.623,622.364,16.468,-83.836,628.953,16.468,0.0000,0.0000,-56.216,612.510,96.204,-98.376,623.206,96.204,0.4006,0.0000,0.0000,0,0.000,0.000,0.0000,0.0000,0,0,-98.376,623.206,96.204,0.000,0,-1.000000,1.000,28.924,-1.000000,0.0000,0.0000,0,0,0.000,1.000,19.607,-98.376,623.206,96.204,0,0,-1,99.635841
201,28.0909,portrait-idle,-79.095,612.392,101.381,0.000,72.265,252.265,-67.623,622.364,16.468,-83.836,628.953,16.468,0.0000,0.0000,-56.233,612.429,96.193,-98.399,623.127,96.193,0.4006,0.0000,0.0000,0,0.000,0.000,0.0000,0.0000,0,0,-98.399,623.127,96.193,0.000,0,-1.000000,1.000,28.924,-1.000000,0.0000,0.0000,0,0,0.000,1.000,19.607,-98.399,623.127,96.193,0,0,-1,99.635841
202,28.2193,portrait-idle,-79.095,612.392,101.381,0.000,72.265,252.265,-67.623,622.364,16.468,-83.836,628.953,16.468,0.0000,0.0000,-56.252,612.340,96.181,-98.425,623.040,96.181,0.4006,0.0000,0.0000,0,0.000,0.000,0.0000,0.0000,0,0,-98.425,623.040,96.181,0.000,0,-1.000000,1.000,28.924,-1.000000,0.0000,0.0000,0,0,0.000,1.000,19.607,-98.425,623.040,96.181,0,0,-1,99.635841
203,28.3466,portrait-idle,-79.095,612.392,101.381,0.000,72.265,252.265,-67.623,622.364,16.468,-83.836,628.953,16.468,0.0000,0.0000,-56.260,612.302,96.172,-98.436,623.001,96.172,0.4006,0.0000,0.0000,0,0.000,0.000,0.0000,0.0000,0,0,-98.436,623.001,96.172,0.000,0,-1.000000,1.000,28.924,-1.000000,0.0000,0.0000,0,0,0.000,1.000,19.607,-98.436,623.001,96.172,0,0,-1,99.635841
204,28.4754,portrait-idle,-79.095,612.392,101.381,0.000,72.265,252.265,-67.623,622.364,16.468,-83.836,628.953,16.468,0.0000,0.0000,-56.265,612.283,96.164,-98.441,622.982,96.164,0.4006,0.0000,0.0000,0,0.000,0.000,0.0000,0.0000,0,0,-98.441,622.982,96.164,0.000,0,-1.000000,1.000,28.924,-1.000000,0.0000,0.0000,0,0,0.000,1.000,19.607,-98.441,622.982,96.164,0,0,-1,99.635841
205,28.6006,portrait-idle,-79.095,612.392,101.381,0.000,72.265,252.265,-67.623,622.364,16.468,-83.836,628.953,16.468,0.0000,0.0000,-56.284,612.188,96.160,-98.470,622.890,96.160,0.4006,0.0000,0.0000,0,0.000,0.000,0.0000,0.0000,0,0,-98.470,622.890,96.160,0.000,0,-1.000000,1.000,28.924,-1.000000,0.0000,0.0000,0,0,0.000,1.000,19.607,-98.470,622.890,96.160,0,0,-1,99.635841
206,28.7423,portrait-idle,-79.095,612.392,101.381,0.000,72.265,252.265,-67.623,622.364,16.468,-83.836,628.953,16.468,0.0000,0.0000,-56.284,612.188,96.160,-98.470,622.890,96.160,0.4006,0.0000,0.0000,0,0.000,0.000,0.0000,0.0000,0,0,-98.470,622.890,96.160,0.000,0,-1.000000,1.000,28.924,-1.000000,0.0000,0.0000,0,0,0.000,1.000,19.607,-98.470,622.890,96.160,0,0,-1,99.635841
207,28.8681,portrait-idle,-79.095,612.392,101.381,0.000,72.265,252.265,-67.623,622.364,16.468,-83.836,628.953,16.468,0.0000,0.0000,-56.287,612.170,96.158,-98.475,622.873,96.158,0.4006,0.0000,0.0000,0,0.000,0.000,0.0000,0.0000,0,0,-98.475,622.873,96.158,0.000,0,-1.000000,1.000,28.924,-1.000000,0.0000,0.0000,0,0,0.000,1.000,19.607,-98.475,622.873,96.158,0,0,-1,99.635841
208,29.0074,portrait-idle,-79.095,612.392,101.381,0.000,72.265,252.265,-67.623,622.364,16.468,-83.836,628.953,16.468,0.0000,0.0000,-56.287,612.170,96.158,-98.475,622.873,96.158,0.4006,0.0000,0.0000,0,0.000,0.000,0.0000,0.0000,0,0,-98.475,622.873,96.158,0.000,0,-1.000000,1.000,28.924,-1.000000,0.0000,0.0000,0,0,0.000,1.000,19.607,-98.475,622.873,96.158,0,0,-1,99.635841
209,29.1347,portrait-idle,-79.095,612.392,101.381,0.000,72.265,252.265,-67.623,622.364,16.468,-83.836,628.953,16.468,0.0000,0.0000,-56.266,612.272,96.171,-98.445,622.973,96.171,0.4006,0.0000,0.0000,0,0.000,0.000,0.0000,0.0000,0,0,-98.445,622.973,96.171,0.000,0,-1.000000,1.000,28.924,-1.000000,0.0000,0.0000,0,0,0.000,1.000,19.607,-98.445,622.973,96.171,0,0,-1,99.635841
210,29.3927,portrait-orbit,-79.095,612.392,101.381,0.000,72.265,255.728,-67.623,622.364,16.468,-83.836,628.953,16.468,0.0000,0.0000,-56.233,612.431,96.193,-98.399,623.129,96.194,0.4006,0.0000,0.0000,0,0.000,0.000,0.0000,0.0000,0,0,-98.399,623.129,96.194,0.000,0,-1.000000,1.000,28.924,-1.000000,0.0000,0.0000,0,0,0.000,1.000,19.607,-98.399,623.129,96.194,0,0,-1,99.635841
211,29.5199,portrait-orbit,-79.095,612.392,101.381,0.000,72.265,259.509,-67.623,622.364,16.468,-83.836,628.953,16.468,0.0000,0.0000,-56.214,612.522,96.206,-98.372,623.218,96.206,0.4006,0.0000,0.0000,0,0.000,0.000,0.0000,0.0000,0,0,-98.372,623.218,96.206,0.000,0,-1.000000,1.000,28.924,-1.000000,0.0000,0.0000,0,0,0.000,1.000,19.607,-98.372,623.218,96.206,0,0,-1,99.635841
212,29.6623,portrait-orbit,-79.095,612.392,101.381,0.000,72.265,263.727,-67.623,622.364,16.468,-83.836,628.953,16.468,0.0000,0.0000,-56.193,612.619,96.220,-98.344,623.312,96.220,0.4006,0.0000,0.0000,0,0.000,0.000,0.0000,0.0000,0,0,-98.344,623.312,96.220,0.000,0,-1.000000,1.000,28.924,-1.000000,0.0000,0.0000,0,0,0.000,1.000,19.607,-98.344,623.312,96.220,0,0,-1,99.635841
213,29.7921,portrait-orbit,-79.095,612.392,101.381,0.000,72.265,267.586,-67.623,622.364,16.468,-83.836,628.953,16.468,0.0000,0.0000,-56.177,612.696,96.232,-98.321,623.388,96.232,0.4006,0.0000,0.0000,0,0.000,0.000,0.0000,0.0000,0,0,-98.321,623.388,96.232,0.000,0,-1.000000,1.000,28.924,-1.000000,0.0000,0.0000,0,0,0.000,1.000,19.607,-98.321,623.388,96.232,0,0,-1,99.635841
214,29.9216,portrait-orbit,-79.095,612.392,101.381,0.000,72.265,271.425,-67.623,622.364,16.468,-83.836,628.953,16.468,0.0000,0.0000,-56.163,612.765,96.242,-98.301,623.455,96.242,0.4006,0.0000,0.0000,0,0.000,0.000,0.0000,0.0000,0,0,-98.301,623.455,96.242,0.000,0,-1.000000,1.000,28.924,-1.000000,0.0000,0.0000,0,0,0.000,1.000,19.607,-98.301,623.455,96.242,0,0,-1,99.635841
215,30.0525,portrait-orbit,-79.095,612.392,101.381,0.000,72.265,275.319,-67.623,622.364,16.468,-83.836,628.953,16.468,0.0000,0.0000,-56.163,612.765,96.242,-98.301,623.455,96.242,0.4006,0.0000,0.0000,0,0.000,0.000,0.0000,0.0000,0,0,-98.301,623.455,96.242,0.000,0,-1.000000,1.000,28.924,-1.000000,0.0000,0.0000,0,0,0.000,1.000,19.607,-98.301,623.455,96.242,0,0,-1,99.635841
216,30.1851,portrait-orbit,-79.095,612.392,101.381,0.000,72.265,279.246,-67.623,622.364,16.468,-83.836,628.953,16.468,0.0000,0.0000,-56.149,612.831,96.252,-98.281,623.519,96.252,0.4006,0.0000,0.0000,0,0.000,0.000,0.0000,0.0000,0,0,-98.281,623.519,96.252,0.000,0,-1.000000,1.000,28.924,-1.000000,0.0000,0.0000,0,0,0.000,1.000,19.607,-98.281,623.519,96.252,0,0,-1,99.635841
217,30.3161,portrait-orbit,-79.095,612.392,101.381,0.000,72.265,283.143,-67.623,622.364,16.468,-83.836,628.953,16.468,0.0000,0.0000,-56.148,612.835,96.253,-98.280,623.523,96.253,0.4006,0.0000,0.0000,0,0.000,0.000,0.0000,0.0000,0,0,-98.280,623.523,96.253,0.000,0,-1.000000,1.000,28.924,-1.000000,0.0000,0.0000,0,0,0.000,1.000,19.607,-98.280,623.523,96.253,0,0,-1,99.635841
218,30.4470,portrait-orbit,-79.095,612.392,101.381,0.000,72.265,287.022,-67.623,622.364,16.468,-83.836,628.953,16.468,0.0000,0.0000,-56.153,612.815,96.250,-98.286,623.504,96.250,0.4006,0.0000,0.0000,0,0.000,0.000,0.0000,0.0000,0,0,-98.286,623.504,96.250,0.000,0,-1.000000,1.000,28.924,-1.000000,0.0000,0.0000,0,0,0.000,1.000,19.607,-98.286,623.504,96.250,0,0,-1,99.635841
219,30.5743,portrait-orbit,-79.095,612.392,101.381,0.000,72.265,290.811,-67.623,622.364,16.468,-83.836,628.953,16.468,0.0000,0.0000,-56.168,612.741,96.242,-98.308,623.432,96.242,0.4006,0.0000,0.0000,0,0.000,0.000,0.0000,0.0000,0,0,-98.308,623.432,96.242,0.000,0,-1.000000,1.000,28.924,-1.000000,0.0000,0.0000,0,0,0.000,1.000,19.607,-98.308,623.432,96.242,0,0,-1,99.635841
220,30.7022,portrait-orbit,-79.095,612.392,101.381,0.000,72.265,294.594,-67.623,622.364,16.468,-83.836,628.953,16.468,0.0000,0.0000,-56.182,612.675,96.237,-98.327,623.367,96.237,0.4006,0.0000,0.0000,0,0.000,0.000,0.0000,0.0000,0,0,-98.327,623.367,96.237,0.000,0,-1.000000,1.000,28.924,-1.000000,0.0000,0.0000,0,0,0.000,1.000,19.607,-98.327,623.367,96.237,0,0,-1,99.635841
221,30.8273,portrait-orbit,-79.095,612.392,101.381,0.000,72.265,298.322,-67.623,622.364,16.468,-83.836,628.953,16.468,0.0000,0.0000,-56.196,612.606,96.218,-98.347,623.300,96.218,0.4006,0.0000,0.0000,0,0.000,0.000,0.0000,0.0000,0,0,-98.347,623.300,96.218,0.000,0,-1.000000,1.000,28.924,-1.000000,0.0000,0.0000,0,0,0.000,1.000,19.607,-98.347,623.300,96.218,0,0,-1,99.635841
222,30.9558,portrait-orbit,-79.095,612.392,101.381,0.000,72.265,302.127,-67.623,622.364,16.468,-83.836,628.953,16.468,0.0000,0.0000,-56.215,612.517,96.205,-98.373,623.213,96.205,0.4006,0.0000,0.0000,0,0.000,0.000,0.0000,0.0000,0,0,-98.373,623.213,96.205,0.000,0,-1.000000,1.000,28.924,-1.000000,0.0000,0.0000,0,0,0.000,1.000,19.607,-98.373,623.213,96.205,0,0,-1,99.635841
223,31.0857,portrait-orbit,-79.095,612.392,101.381,0.000,72.265,305.987,-67.623,622.364,16.468,-83.836,628.953,16.468,0.0000,0.0000,-56.232,612.433,96.193,-98.398,623.131,96.194,0.4006,0.0000,0.0000,0,0.000,0.000,0.0000,0.0000,0,0,-98.398,623.131,96.194,0.000,0,-1.000000,1.000,28.924,-1.000000,0.0000,0.0000,0,0,0.000,1.000,19.607,-98.398,623.131,96.194,0,0,-1,99.635841
224,31.2164,portrait-orbit,-79.095,612.392,101.381,0.000,72.265,309.869,-67.623,622.364,16.468,-83.836,628.953,16.468,0.0000,0.0000,-56.251,612.342,96.181,-98.425,623.042,96.181,0.4006,0.0000,0.0000,0,0.000,0.000,0.0000,0.0000,0,0,-98.425,623.042,96.181,0.000,0,-1.000000,1.000,28.924,-1.000000,0.0000,0.0000,0,0,0.000,1.000,19.607,-98.425,623.042,96.181,0,0,-1,99.635841
225,31.3442,portrait-orbit,-79.095,612.392,101.381,0.000,72.265,313.664,-67.623,622.364,16.468,-83.836,628.953,16.468,0.0000,0.0000,-56.260,612.302,96.172,-98.436,623.002,96.172,0.4006,0.0000,0.0000,0,0.000,0.000,0.0000,0.0000,0,0,-98.436,623.002,96.172,0.000,0,-1.000000,1.000,28.924,-1.000000,0.0000,0.0000,0,0,0.000,1.000,19.607,-98.436,623.002,96.172,0,0,-1,99.635841
226,31.4800,portrait-orbit,-79.095,612.392,101.381,0.000,72.265,317.693,-67.623,622.364,16.468,-83.836,628.953,16.468,0.0000,0.0000,-56.265,612.282,96.164,-98.441,622.981,96.164,0.4006,0.0000,0.0000,0,0.000,0.000,0.0000,0.0000,0,0,-98.441,622.981,96.164,0.000,0,-1.000000,1.000,28.924,-1.000000,0.0000,0.0000,0,0,0.000,1.000,19.607,-98.441,622.981,96.164,0,0,-1,99.635841
227,31.6153,portrait-orbit,-79.095,612.392,101.381,0.000,72.265,321.713,-67.623,622.364,16.468,-83.836,628.953,16.468,0.0000,0.0000,-56.284,612.188,96.160,-98.470,622.890,96.160,0.4006,0.0000,0.0000,0,0.000,0.000,0.0000,0.0000,0,0,-98.470,622.890,96.160,0.000,0,-1.000000,1.000,28.924,-1.000000,0.0000,0.0000,0,0,0.000,1.000,19.607,-98.470,622.890,96.160,0,0,-1,99.635841
228,31.7489,portrait-orbit,-79.095,612.392,101.381,0.000,72.265,325.683,-67.623,622.364,16.468,-83.836,628.953,16.468,0.0000,0.0000,-56.284,612.188,96.160,-98.470,622.890,96.160,0.4006,0.0000,0.0000,0,0.000,0.000,0.0000,0.0000,0,0,-98.470,622.890,96.160,0.000,0,-1.000000,1.000,28.924,-1.000000,0.0000,0.0000,0,0,0.000,1.000,19.607,-98.470,622.890,96.160,0,0,-1,99.635841
229,31.8818,portrait-orbit,-79.095,612.392,101.381,0.000,72.265,329.623,-67.623,622.364,16.468,-83.836,628.953,16.468,0.0000,0.0000,-56.287,612.170,96.158,-98.475,622.873,96.158,0.4006,0.0000,0.0000,0,0.000,0.000,0.0000,0.0000,0,0,-98.475,622.873,96.158,0.000,0,-1.000000,1.000,28.924,-1.000000,0.0000,0.0000,0,0,0.000,1.000,19.607,-98.475,622.873,96.158,0,0,-1,99.635841
230,32.0161,portrait-orbit,-79.095,612.392,101.381,0.000,72.265,333.611,-67.623,622.364,16.468,-83.836,628.953,16.468,0.0000,0.0000,-56.287,612.170,96.158,-98.475,622.873,96.158,0.4006,0.0000,0.0000,0,0.000,0.000,0.0000,0.0000,0,0,-98.475,622.873,96.158,0.000,0,-1.000000,1.000,28.924,-1.000000,0.0000,0.0000,0,0,0.000,1.000,19.607,-98.475,622.873,96.158,0,0,-1,99.635841
231,32.1521,portrait-orbit,-79.095,612.392,101.381,0.000,72.265,337.650,-67.623,622.364,16.468,-83.836,628.953,16.468,0.0000,0.0000,-56.264,612.283,96.173,-98.442,622.983,96.173,0.4006,0.0000,0.0000,0,0.000,0.000,0.0000,0.0000,0,0,-98.442,622.983,96.173,0.000,0,-1.000000,1.000,28.924,-1.000000,0.0000,0.0000,0,0,0.000,1.000,19.607,-98.442,622.983,96.173,0,0,-1,99.635841
232,32.2837,portrait-orbit,-79.095,612.392,101.381,0.000,72.265,341.547,-67.623,622.364,16.468,-83.836,628.953,16.468,0.0000,0.0000,-56.246,612.366,96.184,-98.418,623.065,96.184,0.4006,0.0000,0.0000,0,0.000,0.000,0.0000,0.0000,0,0,-98.418,623.065,96.184,0.000,0,-1.000000,1.000,28.924,-1.000000,0.0000,0.0000,0,0,0.000,1.000,19.607,-98.418,623.065,96.184,0,0,-1,99.635841
233,32.4196,portrait-orbit,-79.095,612.392,101.381,0.000,72.265,345.594,-67.623,622.364,16.468,-83.836,628.953,16.468,0.0000,0.0000,-56.229,612.451,96.196,-98.393,623.148,96.196,0.4006,0.0000,0.0000,0,0.000,0.000,0.0000,0.0000,0,0,-98.393,623.148,96.196,0.000,0,-1.000000,1.000,28.924,-1.000000,0.0000,0.0000,0,0,0.000,1.000,19.607,-98.393,623.148,96.196,0,0,-1,99.635841
234,32.5504,portrait-orbit,-79.095,612.392,101.381,0.000,72.265,349.475,-67.623,622.364,16.468,-83.836,628.953,16.468,0.0000,0.0000,-56.209,612.544,96.209,-98.366,623.239,96.209,0.4006,0.0000,0.0000,0,0.000,0.000,0.0000,0.0000,0,0,-98.366,623.239,96.209,0.000,0,-1.000000,1.000,28.924,-1.000000,0.0000,0.0000,0,0,0.000,1.000,19.607,-98.366,623.239,96.209,0,0,-1,99.635841
235,32.6822,portrait-orbit,-79.095,612.392,101.381,0.000,72.265,353.391,-67.623,622.364,16.468,-83.836,628.953,16.468,0.0000,0.0000,-56.191,612.631,96.222,-98.340,623.324,96.222,0.4006,0.0000,0.0000,0,0.000,0.000,0.0000,0.0000,0,0,-98.340,623.324,96.222,0.000,0,-1.000000,1.000,28.924,-1.000000,0.0000,0.0000,0,0,0.000,1.000,19.607,-98.340,623.324,96.222,0,0,-1,99.635841
236,32.8133,portrait-orbit,-79.095,612.392,101.381,0.000,72.265,357.281,-67.623,622.364,16.468,-83.836,628.953,16.468,0.0000,0.0000,-56.175,612.708,96.234,-98.317,623.400,96.234,0.4006,0.0000,0.0000,0,0.000,0.000,0.0000,0.0000,0,0,-98.317,623.400,96.234,0.000,0,-1.000000,1.000,28.924,-1.000000,0.0000,0.0000,0,0,0.000,1.000,19.607,-98.317,623.400,96.234,0,0,-1,99.635841
237,32.9467,portrait-orbit,-79.095,612.392,101.381,0.000,72.265,1.241,-67.623,622.364,16.468,-83.836,628.953,16.468,0.0000,0.0000,-56.163,612.765,96.242,-98.301,623.455,96.242,0.4006,0.0000,0.0000,0,0.000,0.000,0.0000,0.0000,0,0,-98.301,623.455,96.242,0.000,0,-1.000000,1.000,28.924,-1.000000,0.0000,0.0000,0,0,0.000,1.000,19.607,-98.301,623.455,96.242,0,0,-1,99.635841
238,33.0800,portrait-orbit,-79.095,612.392,101.381,0.000,72.265,5.200,-67.623,622.364,16.468,-83.836,628.953,16.468,0.0000,0.0000,-56.163,612.765,96.242,-98.301,623.455,96.242,0.4006,0.0000,0.0000,0,0.000,0.000,0.0000,0.0000,0,0,-98.301,623.455,96.242,0.000,0,-1.000000,1.000,28.924,-1.000000,0.0000,0.0000,0,0,0.000,1.000,19.607,-98.301,623.455,96.242,0,0,-1,99.635841
239,33.2165,portrait-orbit,-79.095,612.392,101.381,0.000,72.265,9.252,-67.623,622.364,16.468,-83.836,628.953,16.468,0.0000,0.0000,-56.148,612.835,96.253,-98.280,623.523,96.253,0.4006,0.0000,0.0000,0,0.000,0.000,0.0000,0.0000,0,0,-98.280,623.523,96.253,0.000,0,-1.000000,1.000,28.924,-1.000000,0.0000,0.0000,0,0,0.000,1.000,19.607,-98.280,623.523,96.253,0,0,-1,99.635841
240,33.4680,return-to-world,-79.095,612.392,101.381,0.000,72.265,235.897,-67.623,622.364,16.468,-83.836,628.953,16.468,0.0000,0.0000,-56.156,612.797,96.247,-98.291,623.487,96.247,0.4006,0.0000,0.0000,0,0.000,0.000,0.0000,0.0000,0,0,-98.291,623.487,96.247,0.000,0,-1.000000,1.000,28.924,-1.000000,0.0000,0.0000,0,0,0.000,1.000,19.607,-98.291,623.487,96.247,0,0,-1,99.633974
241,33.6051,return-to-world,-79.095,612.392,101.381,0.000,72.265,235.897,-67.623,622.364,16.468,-83.836,628.953,16.468,0.0000,0.0000,-56.171,612.725,96.241,-98.312,623.417,96.241,0.4006,0.0000,0.0000,0,0.000,0.000,0.0000,0.0000,0,0,-98.312,623.417,96.241,0.000,0,-1.000000,1.000,28.924,-1.000000,0.0000,0.0000,0,0,0.000,1.000,19.607,-98.312,623.417,96.241,0,0,-1,99.631787
242,33.7333,return-to-world,-79.095,612.392,101.381,0.000,72.265,235.897,-67.623,622.364,16.468,-83.836,628.953,16.468,0.0000,0.0000,-56.182,612.672,96.228,-98.328,623.364,96.228,0.4006,0.0000,0.0000,0,0.000,0.000,0.0000,0.0000,0,0,-98.328,623.364,96.228,0.000,0,-1.000000,1.000,28.924,-1.000000,0.0000,0.0000,0,0,0.000,1.000,19.607,-98.328,623.364,96.228,0,0,-1,99.629731
243,33.8666,return-to-world,-79.095,612.392,101.381,0.000,72.265,235.897,-67.623,622.364,16.468,-83.836,628.953,16.468,0.0000,0.0000,-56.202,612.579,96.214,-98.355,623.273,96.214,0.4006,0.0000,0.0000,0,0.000,0.000,0.0000,0.0000,0,0,-98.355,623.273,96.214,0.000,0,-1.000000,1.000,28.924,-1.000000,0.0000,0.0000,0,0,0.000,1.000,19.607,-98.355,623.273,96.214,0,0,-1,99.627600
244,33.9945,return-to-world,-79.095,612.392,101.381,0.000,72.265,235.897,-67.623,622.364,16.468,-83.836,628.953,16.468,0.0000,0.0000,-56.219,612.496,96.202,-98.380,623.192,96.202,0.4006,0.0000,0.0000,0,0.000,0.000,0.0000,0.0000,0,0,-98.380,623.192,96.202,0.000,0,-1.000000,1.000,28.924,-1.000000,0.0000,0.0000,0,0,0.000,1.000,19.607,-98.380,623.192,96.202,0,0,-1,99.625551
245,34.1263,return-to-world,-79.095,612.392,101.381,0.000,72.265,235.897,-67.623,622.364,16.468,-83.836,628.953,16.468,0.0000,0.0000,-56.238,612.405,96.190,-98.406,623.103,96.190,0.4006,0.0000,0.0000,0,0.000,0.000,0.0000,0.0000,0,0,-98.406,623.103,96.190,0.000,0,-1.000000,1.000,28.924,-1.000000,0.0000,0.0000,0,0,0.000,1.000,19.607,-98.406,623.103,96.190,0,0,-1,99.623445
246,34.2688,return-to-world,-79.095,612.392,101.381,0.000,72.265,235.897,-67.623,622.364,16.468,-83.836,628.953,16.468,0.0000,0.0000,-56.257,612.313,96.177,-98.433,623.013,96.177,0.4006,0.0000,0.0000,0,0.000,0.000,0.0000,0.0000,0,0,-98.433,623.013,96.177,0.000,0,-1.000000,1.000,28.924,-1.000000,0.0000,0.0000,0,0,0.000,1.000,19.607,-98.433,623.013,96.177,0,0,-1,99.621159
247,34.4047,return-to-world,-79.095,612.392,101.381,0.000,72.265,235.897,-67.623,622.364,16.468,-83.836,628.953,16.468,0.0000,0.0000,-56.262,612.293,96.169,-98.438,622.993,96.169,0.4006,0.0000,0.0000,0,0.000,0.000,0.0000,0.0000,0,0,-98.438,622.993,96.169,0.000,0,-1.000000,1.000,28.924,-1.000000,0.0000,0.0000,0,0,0.000,1.000,19.607,-98.438,622.993,96.169,0,0,-1,99.618990
248,34.5511,walk-to-forage,-79.095,612.392,101.381,0.000,72.265,235.897,-67.623,622.364,16.468,-83.836,628.953,16.468,0.0000,0.0000,-56.283,612.194,96.160,-98.468,622.896,96.160,0.4006,0.0000,0.0000,0,-100.000,550.000,0.0000,0.0000,0,0,-98.468,622.896,96.160,0.000,0,-1.000000,1.000,28.924,-1.000000,0.0000,0.0000,0,0,0.000,1.000,19.607,-98.468,622.896,96.160,0,0,0,99.616644
249,34.6823,walk-to-forage,-80.219,610.732,101.317,22.907,111.534,238.170,-72.111,613.646,15.716,-101.698,635.789,16.530,0.6545,0.1909,-60.880,621.725,92.430,-103.541,610.189,93.058,0.4256,0.0000,0.0000,0,-100.000,550.000,0.0000,0.0000,0,0,-103.541,610.189,93.058,0.000,0,-1.000000,1.000,28.924,-1.000000,0.0000,0.0000,0,0,0.000,1.000,19.607,-103.541,610.189,93.058,0,0,0,99.614549
250,34.8300,walk-to-forage,-83.298,605.871,101.134,45.000,155.910,240.039,-67.014,609.241,16.185,-126.819,613.208,16.265,1.0000,0.3750,-79.460,628.074,89.846,-97.637,588.443,90.114,0.4810,0.0000,0.0000,0,-100.000,550.000,0.0000,0.0000,0,0,-97.637,588.443,90.114,0.000,0,-1.000000,1.000,28.924,-1.000000,0.0000,0.0000,0,0,0.000,1.000,19.607,-97.637,588.443,90.114,0,0,0,99.612183
251,34.9646,walk-to-forage,-86.382,600.668,100.942,45.000,-163.770,241.571,-74.638,614.047,16.249,-120.943,579.024,15.893,1.0000,0.3750,-101.440,618.019,90.068,-81.936,578.834,89.615,0.5314,0.0000,0.0000,0,-100.000,550.000,0.0000,0.0000,0,0,-81.936,578.834,89.615,0.000,0,-1.000000,1.000,28.924,-1.000000,0.0000,0.0000,0,0,0.000,1.000,19.607,-81.936,578.834,89.615,0,0,0,99.610032
252,35.1151,walk-to-forage,-89.666,594.743,100.727,45.000,-118.610,243.313,-92.645,608.586,18.055,-95.767,561.024,15.711,1.0000,0.3750,-113.812,592.521,91.225,-68.839,586.262,90.078,0.5879,0.0000,0.0000,0,-100.000,550.000,0.0000,0.0000,0,0,-68.839,586.262,90.078,0.000,0,-1.000000,1.000,28.924,-1.000000,0.0000,0.0000,0,0,0.000,1.000,19.607,-68.839,586.262,90.078,0,0,0,99.607624
253,35.2850,walk-to-forage,-93.154,587.967,100.488,45.000,-116.687,245.405,-99.889,594.252,21.381,-95.235,560.941,15.804,1.0000,0.3750,-118.229,581.584,93.166,-70.386,583.585,91.431,0.6514,0.0000,0.0000,0,-100.000,550.000,0.0000,0.0000,0,0,-70.386,583.585,91.431,0.000,0,-1.000000,1.000,28.924,-1.000000,0.0000,0.0000,0,0,0.000,1.000,19.607,-70.386,583.585,91.431,0,0,0,99.604914
254,35.4396,settle-forage,-93.154,587.967,100.488,0.000,-116.687,245.405,-104.566,583.439,16.011,-92.011,568.542,15.351,0.2234,0.0000,-116.411,589.256,94.630,-74.474,576.353,94.232,0.6514,0.0000,0.0000,0,-100.000,550.000,0.0000,0.0000,0,0,-74.474,576.353,94.232,0.000,0,-1.000000,1.000,28.924,-1.000000,0.0000,0.0000,0,0,0.000,1.000,19.607,-74.474,576.353,94.232,0,0,0,99.602428
255,35.6036,settle-forage,-93.154,587.967,100.488,0.000,-116.687,245.405,-106.038,579.901,15.575,-91.048,570.870,15.575,0.0000,0.0000,-115.799,591.342,95.322,-75.823,574.218,95.322,0.6514,0.0000,0.0000,0,-100.000,550.000,0.0000,0.0000,0,0,-75.823,574.218,95.322,0.000,0,-1.000000,1.000,28.924,-1.000000,0.0000,0.0000,0,0,0.000,1.000,19.607,-75.823,574.218,95.322,0,0,0,99.599808
256,35.7569,settle-forage,-93.154,587.967,100.488,0.000,-116.687,245.405,-106.038,579.901,15.575,-91.048,570.870,15.575,0.0000,0.0000,-115.832,591.253,95.335,-75.864,574.132,95.336,0.6514,0.0000,0.0000,0,-100.000,550.000,0.0000,0.0000,0,0,-75.864,574.132,95.336,0.000,0,-1.000000,1.000,28.924,-1.000000,0.0000,0.0000,0,0,0.000,1.000,19.607,-75.864,574.132,95.336,0,0,0,99.597351
257,35.9063,settle-forage,-93.154,587.967,100.488,0.000,-116.687,245.405,-106.038,579.901,15.575,-91.048,570.870,15.575,0.0000,0.0000,-115.864,591.170,95.349,-75.902,574.053,95.349,0.6514,0.0000,0.0000,0,-100.000,550.000,0.0000,0.0000,0,0,-75.902,574.053,95.349,0.000,0,-1.000000,1.000,28.924,-1.000000,0.0000,0.0000,0,0,0.000,1.000,19.607,-75.902,574.053,95.349,0,0,0,99.594965
258,36.0427,settle-forage,-93.154,587.967,100.488,0.000,-116.687,245.405,-106.038,579.901,15.575,-91.048,570.870,15.575,0.0000,0.0000,-115.865,591.167,95.349,-75.904,574.050,95.349,0.6514,0.0000,0.0000,0,-100.000,550.000,0.0000,0.0000,0,0,-75.904,574.050,95.349,0.000,0,-1.000000,1.000,28.924,-1.000000,0.0000,0.0000,0,0,0.000,1.000,19.607,-75.904,574.050,95.349,0,0,0,99.592777
259,36.1830,view-picking-side,-93.154,587.967,100.488,0.000,-116.687,245.405,-106.038,579.901,15.575,-91.048,570.870,15.575,0.0000,0.0000,-115.886,591.111,95.358,-75.929,573.997,95.358,0.6514,0.0000,0.0000,0,-100.000,550.000,0.0000,0.0000,0,0,-75.929,573.997,95.358,0.000,0,-1.000000,1.000,28.924,-1.000000,0.0000,0.0000,0,0,0.000,1.000,19.607,-75.929,573.997,95.358,0,0,0,99.590536
260,36.3306,view-picking-side,-93.154,587.967,100.488,0.000,-116.687,237.507,-106.038,579.901,15.575,-91.048,570.870,15.575,0.0000,0.0000,-115.890,591.100,95.360,-75.935,573.986,95.360,0.6514,0.0000,0.0000,0,-100.000,550.000,0.0000,0.0000,0,0,-75.935,573.986,95.360,0.000,0,-1.000000,1.000,28.924,-1.000000,0.0000,0.0000,0,0,0.000,1.000,19.607,-75.935,573.986,95.360,0,0,0,99.588171
261,36.4693,view-picking-side,-93.154,587.967,100.488,0.000,-116.687,230.108,-106.038,579.901,15.575,-91.048,570.870,15.575,0.0000,0.0000,-115.876,591.137,95.354,-75.918,574.021,95.354,0.6514,0.0000,0.0000,0,-100.000,550.000,0.0000,0.0000,0,0,-75.918,574.021,95.354,0.000,0,-1.000000,1.000,28.924,-1.000000,0.0000,0.0000,0,0,0.000,1.000,19.607,-75.918,574.021,95.354,0,0,0,99.585956
262,36.6014,view-picking-side,-93.154,587.967,100.488,0.000,-116.687,223.037,-106.038,579.901,15.575,-91.048,570.870,15.575,0.0000,0.0000,-115.851,591.203,95.348,-75.887,574.084,95.348,0.6514,0.0000,0.0000,0,-100.000,550.000,0.0000,0.0000,0,0,-75.887,574.084,95.348,0.000,0,-1.000000,1.000,28.924,-1.000000,0.0000,0.0000,0,0,0.000,1.000,19.607,-75.887,574.084,95.348,0,0,0,99.583839
263,36.7370,view-picking-side,-93.154,587.967,100.488,0.000,-116.687,215.802,-106.038,579.901,15.575,-91.048,570.870,15.575,0.0000,0.0000,-115.830,591.258,95.335,-75.862,574.138,95.335,0.6514,0.0000,0.0000,0,-100.000,550.000,0.0000,0.0000,0,0,-75.862,574.138,95.335,0.000,0,-1.000000,1.000,28.924,-1.000000,0.0000,0.0000,0,0,0.000,1.000,19.607,-75.862,574.138,95.335,0,0,0,99.581673
264,36.8670,view-picking-side,-93.154,587.967,100.488,0.000,-116.687,208.845,-106.038,579.901,15.575,-91.048,570.870,15.575,0.0000,0.0000,-115.798,591.345,95.321,-75.822,574.221,95.321,0.6514,0.0000,0.0000,0,-100.000,550.000,0.0000,0.0000,0,0,-75.822,574.221,95.321,0.000,0,-1.000000,1.000,28.924,-1.000000,0.0000,0.0000,0,0,0.000,1.000,19.607,-75.822,574.221,95.321,0,0,0,99.579590
265,37.0046,view-picking-side,-93.154,587.967,100.488,0.000,-116.687,201.502,-106.038,579.901,15.575,-91.048,570.870,15.575,0.0000,0.0000,-115.765,591.430,95.308,-75.782,574.303,95.308,0.6514,0.0000,0.0000,0,-100.000,550.000,0.0000,0.0000,0,0,-75.782,574.303,95.308,0.000,0,-1.000000,1.000,28.924,-1.000000,0.0000,0.0000,0,0,0.000,1.000,19.607,-75.782,574.303,95.308,0,0,0,99.577391
266,37.1385,view-picking-side,-93.154,587.967,100.488,0.000,-116.687,194.338,-106.038,579.901,15.575,-91.048,570.870,15.575,0.0000,0.0000,-115.731,591.519,95.295,-75.741,574.389,95.295,0.6514,0.0000,0.0000,0,-100.000,550.000,0.0000,0.0000,0,0,-75.741,574.389,95.295,0.000,0,-1.000000,1.000,28.924,-1.000000,0.0000,0.0000,0,0,0.000,1.000,19.607,-75.741,574.389,95.295,0,0,0,99.575246
267,37.2784,view-picking-side,-93.154,587.967,100.488,0.000,-116.687,186.886,-106.038,579.901,15.575,-91.048,570.870,15.575,0.0000,0.0000,-115.701,591.600,95.283,-75.704,574.468,95.283,0.6514,0.0000,0.0000,0,-100.000,550.000,0.0000,0.0000,0,0,-75.704,574.468,95.283,0.000,0,-1.000000,1.000,28.924,-1.000000,0.0000,0.0000,0,0,0.000,1.000,19.607,-75.704,574.468,95.283,0,0,0,99.573015
268,37.4172,before-pick,-93.154,587.967,100.488,0.000,-116.687,179.440,-106.038,579.901,15.575,-91.048,570.870,15.575,0.0000,0.0000,-115.693,591.619,95.275,-75.695,574.487,95.275,0.6514,0.0000,0.0000,0,-100.000,550.000,0.0000,0.0000,0,0,-75.695,574.487,95.275,0.000,0,-1.000000,1.000,28.924,-1.000000,0.0000,0.0000,0,0,0.000,1.000,19.607,-75.695,574.487,95.275,0,0,0,99.570785
269,37.5557,before-pick,-93.154,587.967,100.488,0.000,-116.687,179.440,-106.038,579.901,15.575,-91.048,570.870,15.575,0.0000,0.0000,-115.656,591.718,95.267,-75.649,574.582,95.267,0.6514,0.0000,0.0000,0,-100.000,550.000,0.0000,0.0000,0,0,-75.649,574.582,95.267,0.000,0,-1.000000,1.000,28.924,-1.000000,0.0000,0.0000,0,0,0.000,1.000,19.607,-75.649,574.582,95.267,0,0,0,99.568575
270,37.6905,before-pick,-93.154,587.967,100.488,0.000,-116.687,179.440,-106.038,579.901,15.575,-91.048,570.870,15.575,0.0000,0.0000,-115.656,591.718,95.267,-75.649,574.582,95.267,0.6514,0.0000,0.0000,0,-100.000,550.000,0.0000,0.0000,0,0,-75.649,574.582,95.267,0.000,0,-1.000000,1.000,28.924,-1.000000,0.0000,0.0000,0,0,0.000,1.000,19.607,-75.649,574.582,95.267,0,0,0,99.566412
271,37.8313,before-pick,-93.154,587.967,100.488,0.000,-116.687,179.440,-106.038,579.901,15.575,-91.048,570.870,15.575,0.0000,0.0000,-115.651,591.730,95.265,-75.644,574.594,95.265,0.6514,0.0000,0.0000,0,-100.000,550.000,0.0000,0.0000,0,0,-75.644,574.594,95.265,0.000,0,-1.000000,1.000,28.924,-1.000000,0.0000,0.0000,0,0,0.000,1.000,19.607,-75.644,574.594,95.265,0,0,0,99.564165
272,37.9687,before-pick,-93.154,587.967,100.488,0.000,-116.687,179.440,-106.038,579.901,15.575,-91.048,570.870,15.575,0.0000,0.0000,-115.649,591.735,95.264,-75.641,574.598,95.264,0.6514,0.0000,0.0000,0,-100.000,550.000,0.0000,0.0000,0,0,-75.641,574.598,95.264,0.000,0,-1.000000,1.000,28.924,-1.000000,0.0000,0.0000,0,0,0.000,1.000,19.607,-75.641,574.598,95.264,0,0,0,99.561962
273,38.1140,before-pick,-93.154,587.967,100.488,0.000,-116.687,179.440,-106.038,579.901,15.575,-91.048,570.870,15.575,0.0000,0.0000,-115.672,591.674,95.273,-75.669,574.539,95.273,0.6514,0.0000,0.0000,0,-100.000,550.000,0.0000,0.0000,0,0,-75.669,574.539,95.273,0.000,0,-1.000000,1.000,28.924,-1.000000,0.0000,0.0000,0,0,0.000,1.000,19.607,-75.669,574.539,95.273,0,0,0,99.559641
274,38.2492,gather,-93.154,587.967,100.488,0.000,-116.687,179.440,-106.038,579.901,15.575,-91.048,570.870,15.575,0.0000,0.0000,-115.713,591.569,95.288,-75.718,574.437,95.288,0.6514,0.0000,0.0000,0,-100.000,550.000,0.0000,0.0000,0,0,-75.718,574.437,95.288,0.000,0,-1.000000,1.000,28.924,-1.000000,0.0000,0.0000,0,0,0.000,1.000,19.607,-75.718,574.437,95.288,0,0,0,99.557473
275,38.4008,gather,-93.154,587.967,100.488,0.000,-116.687,179.440,-106.043,579.921,15.402,-91.028,570.929,15.408,0.0000,0.0000,-114.970,593.285,92.146,-75.766,574.981,92.200,0.6514,1.0000,0.1512,1,-100.000,550.000,0.0000,0.0000,0,0,-75.766,574.981,92.200,0.000,0,-1.000000,1.000,28.924,-1.000000,0.0000,0.0000,0,0,0.000,1.000,19.607,-75.766,574.981,92.200,0,0,0,99.555055
276,38.5316,gather,-93.154,587.967,100.488,0.000,-116.687,179.440,-105.977,580.006,15.520,-91.020,570.978,15.485,0.0000,0.0000,-113.639,596.392,87.416,-79.882,568.999,88.766,0.6514,1.0000,0.2823,1,-100.000,550.000,0.0000,0.0000,0,0,-79.882,568.999,88.766,0.000,0,-1.000000,1.000,28.924,-1.000000,0.0000,0.0000,0,0,0.000,1.000,19.607,-79.882,568.999,88.766,0,0,0,99.552957
277,38.6775,gather,-93.154,587.967,100.488,0.000,-116.687,179.440,-106.066,579.826,15.937,-91.078,570.788,15.945,0.0000,0.0000,-112.449,599.171,83.720,-89.141,554.790,93.702,0.6514,1.0000,0.4280,1,-100.000,550.000,0.0000,0.0000,0,0,-89.141,554.790,93.702,0.000,0,-1.000000,1.000,28.924,-1.000000,0.0000,0.0000,0,0,0.000,1.000,19.607,-89.141,554.790,93.702,0,0,0,99.550626
278,38.8070,gather,-93.154,587.967,100.488,0.000,-116.687,179.440,-106.057,579.883,15.594,-91.063,570.806,15.603,0.0000,0.0000,-112.212,599.724,82.706,-90.780,552.902,96.019,0.6514,1.0000,0.5578,1,-100.000,550.000,0.0000,0.0000,0,0,-90.780,552.902,96.019,0.000,0,-1.000000,1.000,28.924,-1.000000,0.0000,0.0000,0,0,0.000,1.000,19.607,-90.780,552.902,96.019,0,0,0,99.548549
279,38.9523,gather,-93.154,587.967,100.488,0.000,-116.687,179.440,-106.104,579.788,15.613,-91.059,570.804,15.603,0.0000,0.0000,-112.212,599.724,82.706,-89.713,555.465,98.002,0.6514,1.0000,0.7029,1,-100.000,550.000,0.0000,0.0000,0,0,-89.713,555.465,98.002,0.000,0,-1.000000,1.000,28.924,-1.000000,0.0000,0.0000,0,0,0.000,1.000,19.607,-89.713,555.465,98.002,0,0,0,99.546227
280,39.0806,gather,-93.154,587.967,100.488,0.000,-116.687,179.440,-106.104,579.788,15.613,-91.059,570.804,15.603,0.0000,0.0000,-112.212,599.724,82.706,-90.183,554.273,97.072,0.6514,1.0000,0.8314,1,-100.000,550.000,0.0000,0.0000,0,0,-90.183,554.273,97.072,0.000,0,-1.000000,1.000,28.924,-1.000000,0.0000,0.0000,0,0,0.000,1.000,19.607,-90.183,554.273,97.072,0,0,0,99.544170
281,39.2284,gather,-93.154,587.967,100.488,0.000,-116.687,179.440,-106.020,579.944,15.585,-91.054,570.836,15.577,0.0000,0.0000,-112.494,599.065,83.616,-88.389,555.870,92.593,0.6514,1.0000,0.9788,1,-100.000,550.000,0.0000,0.0000,0,0,-88.389,555.870,92.593,0.000,0,-1.000000,1.000,28.924,-1.000000,0.0000,0.0000,0,0,0.000,1.000,19.607,-88.389,555.870,92.593,0,0,0,99.541812
282,39.3609,gather,-93.154,587.967,100.488,0.000,-116.687,179.440,-105.990,579.954,15.411,-91.042,570.861,15.407,0.0000,0.0000,-113.190,597.440,85.800,-82.552,564.745,88.821,0.6514,1.0000,1.1117,1,-100.000,550.000,0.0000,0.0000,0,0,-82.552,564.745,88.821,0.000,0,-1.000000,1.000,28.924,-1.000000,0.0000,0.0000,0,0,0.000,1.000,19.607,-82.552,564.745,88.821,0,0,0,99.539685
283,39.5151,gather,-93.154,587.967,100.488,0.000,-116.687,179.440,-106.022,579.913,15.631,-91.040,570.875,15.635,0.0000,0.0000,-114.292,594.868,89.770,-77.243,573.066,90.125,0.6514,1.0000,1.2656,1,-100.000,550.000,0.0000,0.0000,0,0,-77.243,573.066,90.125,0.000,0,-1.000000,1.000,28.924,-1.000000,0.0000,0.0000,0,0,0.000,1.000,19.607,-77.243,573.066,90.125,0,0,0,99.537223
284,39.6487,gather,-93.154,587.967,100.488,0.000,-116.687,179.440,-106.053,579.864,15.509,-91.062,570.893,15.507,0.0000,0.0000,-115.142,592.883,92.826,-75.663,574.977,92.859,0.6514,1.0000,1.3995,1,-100.000,550.000,0.0000,0.0000,0,0,-75.663,574.977,92.859,0.000,0,-1.000000,1.000,28.924,-1.000000,0.0000,0.0000,0,0,0.000,1.000,19.607,-75.663,574.977,92.859,0,0,0,99.535082
285,39.7994,gather,-93.154,587.967,100.488,0.000,-116.687,179.440,-106.041,579.897,15.589,-91.050,570.866,15.590,0.0000,0.0000,-115.810,591.312,95.328,-75.837,574.189,95.328,0.6514,0.0599,1.5499,1,-100.000,550.000,0.0000,0.0000,0,0,-75.837,574.189,95.328,0.000,0,-1.000000,1.000,28.924,-1.000000,0.0000,0.0000,0,0,0.000,1.000,19.607,-75.837,574.189,95.328,0,0,0,99.532675
286,39.9379,gather,-93.154,587.967,100.488,0.000,-116.687,179.440,-106.038,579.901,15.575,-91.048,570.870,15.575,0.0000,0.0000,-115.780,591.392,95.314,-75.800,574.267,95.314,0.6514,0.0000,1.6000,1,-100.000,550.000,0.0000,0.0000,0,0,-75.800,574.267,95.314,0.000,0,-1.000000,1.000,28.924,-1.000000,0.0000,0.0000,0,0,0.000,1.000,19.607,-75.800,574.267,95.314,0,0,0,99.530453
287,40.0755,gather,-93.154,587.967,100.488,0.000,-116.687,179.440,-106.038,579.901,15.575,-91.048,570.870,15.575,0.0000,0.0000,-115.747,591.477,95.301,-75.760,574.349,95.301,0.6514,0.0000,1.6000,1,-100.000,550.000,0.0000,0.0000,0,0,-75.760,574.349,95.301,0.000,0,-1.000000,1.000,28.924,-1.000000,0.0000,0.0000,0,0,0.000,1.000,19.607,-75.760,574.349,95.301,0,0,0,99.528258
288,40.2213,gather,-93.154,587.967,100.488,0.000,-116.687,179.440,-106.038,579.901,15.575,-91.048,570.870,15.575,0.0000,0.0000,-115.711,591.574,95.287,-75.716,574.442,95.287,0.6514,0.0000,1.6000,1,-100.000,550.000,0.0000,0.0000,0,0,-75.716,574.442,95.287,0.000,0,-1.000000,1.000,28.924,-1.000000,0.0000,0.0000,0,0,0.000,1.000,19.607,-75.716,574.442,95.287,0,0,0,99.525920
289,40.3576,gather,-93.154,587.967,100.488,0.000,-116.687,179.440,-106.038,579.901,15.575,-91.048,570.870,15.575,0.0000,0.0000,-115.696,591.611,95.278,-75.699,574.479,95.278,0.6514,0.0000,1.6000,1,-100.000,550.000,0.0000,0.0000,0,0,-75.699,574.479,95.278,0.000,0,-1.000000,1.000,28.924,-1.000000,0.0000,0.0000,0,0,0.000,1.000,19.607,-75.699,574.479,95.278,0,0,0,99.523743
290,40.4897,gather,-93.154,587.967,100.488,0.000,-116.687,179.440,-106.038,579.901,15.575,-91.048,570.870,15.575,0.0000,0.0000,-115.688,591.629,95.270,-75.691,574.497,95.270,0.6514,0.0000,1.6000,1,-100.000,550.000,0.0000,0.0000,0,0,-75.691,574.497,95.270,0.000,0,-1.000000,1.000,28.924,-1.000000,0.0000,0.0000,0,0,0.000,1.000,19.607,-75.691,574.497,95.270,0,0,0,99.521627
291,40.6190,gather,-93.154,587.967,100.488,0.000,-116.687,179.440,-106.038,579.901,15.575,-91.048,570.870,15.575,0.0000,0.0000,-115.656,591.718,95.267,-75.649,574.582,95.267,0.6514,0.0000,1.6000,1,-100.000,550.000,0.0000,0.0000,0,0,-75.649,574.582,95.267,0.000,0,-1.000000,1.000,28.924,-1.000000,0.0000,0.0000,0,0,0.000,1.000,19.607,-75.649,574.582,95.267,0,0,0,99.519562
292,40.7497,gather,-93.154,587.967,100.488,0.000,-116.687,179.440,-106.038,579.901,15.575,-91.048,570.870,15.575,0.0000,0.0000,-115.656,591.718,95.267,-75.649,574.582,95.267,0.6514,0.0000,1.6000,1,-100.000,550.000,0.0000,0.0000,0,0,-75.649,574.582,95.267,0.000,0,-1.000000,1.000,28.924,-1.000000,0.0000,0.0000,0,0,0.000,1.000,19.607,-75.649,574.582,95.267,0,0,0,99.517465
293,41.3780,gather,-93.154,587.967,100.488,0.000,-116.687,179.440,-106.038,579.901,15.575,-91.048,570.870,15.575,0.0000,0.0000,-115.690,591.629,95.279,-75.690,574.495,95.279,0.6514,0.0000,1.6000,1,-100.000,550.000,0.0000,0.0000,0,0,-75.690,574.495,95.279,0.000,0,-1.000000,1.000,28.924,-1.000000,0.0000,0.0000,0,0,0.000,1.000,19.607,-75.690,574.495,95.279,0,0,0,99.511065
294,41.5433,after-gather,-93.154,587.967,100.488,0.000,-116.687,179.440,-106.038,579.901,15.575,-91.048,570.870,15.575,0.0000,0.0000,-115.728,591.529,95.294,-75.737,574.398,95.294,0.6514,0.0000,1.6000,1,-100.000,550.000,0.0000,0.0000,0,0,-75.737,574.398,95.294,0.000,0,-1.000000,1.000,28.924,-1.000000,0.0000,0.0000,0,0,0.000,1.000,19.607,-75.737,574.398,95.294,0,0,0,99.508415
295,41.7069,after-gather,-93.154,587.967,100.488,0.000,-116.687,179.440,-106.038,579.901,15.575,-91.048,570.870,15.575,0.0000,0.0000,-115.767,591.427,95.309,-75.784,574.300,95.309,0.6514,0.0000,1.6000,1,-100.000,550.000,0.0000,0.0000,0,0,-75.784,574.300,95.309,0.000,0,-1.000000,1.000,28.924,-1.000000,0.0000,0.0000,0,0,0.000,1.000,19.607,-75.784,574.300,95.309,0,0,0,99.505802
296,41.8477,after-gather,-93.154,587.967,100.488,0.000,-116.687,179.440,-106.038,579.901,15.575,-91.048,570.870,15.575,0.0000,0.0000,-115.803,591.330,95.323,-75.828,574.207,95.324,0.6514,0.0000,1.6000,1,-100.000,550.000,0.0000,0.0000,0,0,-75.828,574.207,95.324,0.000,0,-1.000000,1.000,28.924,-1.000000,0.0000,0.0000,0,0,0.000,1.000,19.607,-75.828,574.207,95.324,0,0,0,99.503543
297,42.0184,after-gather,-93.154,587.967,100.488,0.000,-116.687,179.440,-106.038,579.901,15.575,-91.048,570.870,15.575,0.0000,0.0000,-115.840,591.234,95.338,-75.873,574.114,95.338,0.6514,0.0000,1.6000,1,-100.000,550.000,0.0000,0.0000,0,0,-75.873,574.114,95.338,0.000,0,-1.000000,1.000,28.924,-1.000000,0.0000,0.0000,0,0,0.000,1.000,19.607,-75.873,574.114,95.338,0,0,0,99.500816
298,42.1589,after-gather,-93.154,587.967,100.488,0.000,-116.687,179.440,-106.038,579.901,15.575,-91.048,570.870,15.575,0.0000,0.0000,-115.865,591.167,95.349,-75.904,574.050,95.349,0.6514,0.0000,1.6000,1,-100.000,550.000,0.0000,0.0000,0,0,-75.904,574.050,95.349,0.000,0,-1.000000,1.000,28.924,-1.000000,0.0000,0.0000,0,0,0.000,1.000,19.607,-75.904,574.050,95.349,0,0,0,99.498563
299,42.3144,after-gather,-93.154,587.967,100.488,0.000,-116.687,179.440,-106.038,579.901,15.575,-91.048,570.870,15.575,0.0000,0.0000,-115.865,591.167,95.349,-75.904,574.050,95.349,0.6514,0.0000,1.6000,1,-100.000,550.000,0.0000,0.0000,0,0,-75.904,574.050,95.349,0.000,0,-1.000000,1.000,28.924,-1.000000,0.0000,0.0000,0,0,0.000,1.000,19.607,-75.904,574.050,95.349,0,0,0,99.496081
300,42.4448,after-gather,-93.154,587.967,100.488,0.000,-116.687,179.440,-106.038,579.901,15.575,-91.048,570.870,15.575,0.0000,0.0000,-115.890,591.100,95.360,-75.935,573.986,95.360,0.6514,0.0000,1.6000,1,-100.000,550.000,0.0000,0.0000,0,0,-75.935,573.986,95.360,0.000,0,-1.000000,1.000,28.924,-1.000000,0.0000,0.0000,0,0,0.000,1.000,19.607,-75.935,573.986,95.360,0,0,0,99.493988
301,42.5844,after-gather,-93.154,587.967,100.488,0.000,-116.687,179.440,-106.038,579.901,15.575,-91.048,570.870,15.575,0.0000,0.0000,-115.890,591.100,95.360,-75.935,573.986,95.360,0.6514,0.0000,1.6000,1,-100.000,550.000,0.0000,0.0000,0,0,-75.935,573.986,95.360,0.000,0,-1.000000,1.000,28.924,-1.000000,0.0000,0.0000,0,0,0.000,1.000,19.607,-75.935,573.986,95.360,0,0,0,99.491760
302,42.7231,after-gather,-93.154,587.967,100.488,0.000,-116.687,179.440,-106.038,579.901,15.575,-91.048,570.870,15.575,0.0000,0.0000,-115.871,591.150,95.353,-75.912,574.033,95.353,0.6514,0.0000,1.6000,1,-100.000,550.000,0.0000,0.0000,0,0,-75.912,574.033,95.353,0.000,0,-1.000000,1.000,28.924,-1.000000,0.0000,0.0000,0,0,0.000,1.000,19.607,-75.912,574.033,95.353,0,0,0,99.489538
303,42.8508,after-gather,-93.154,587.967,100.488,0.000,-116.687,179.440,-106.038,579.901,15.575,-91.048,570.870,15.575,0.0000,0.0000,-115.847,591.214,95.347,-75.883,574.095,95.347,0.6514,0.0000,1.6000,1,-100.000,550.000,0.0000,0.0000,0,0,-75.883,574.095,95.347,0.000,0,-1.000000,1.000,28.924,-1.000000,0.0000,0.0000,0,0,0.000,1.000,19.607,-75.883,574.095,95.347,0,0,0,99.487497
304,42.9913,after-gather,-93.154,587.967,100.488,0.000,-116.687,179.440,-106.038,579.901,15.575,-91.048,570.870,15.575,0.0000,0.0000,-115.824,591.276,95.332,-75.853,574.155,95.332,0.6514,0.0000,1.6000,1,-100.000,550.000,0.0000,0.0000,0,0,-75.853,574.155,95.332,0.000,0,-1.000000,1.000,28.924,-1.000000,0.0000,0.0000,0,0,0.000,1.000,19.607,-75.853,574.155,95.332,0,0,0,99.485247
305,43.1238,after-gather,-93.154,587.967,100.488,0.000,-116.687,179.440,-106.038,579.901,15.575,-91.048,570.870,15.575,0.0000,0.0000,-115.790,591.364,95.318,-75.813,574.240,95.318,0.6514,0.0000,1.6000,1,-100.000,550.000,0.0000,0.0000,0,0,-75.813,574.240,95.318,0.000,0,-1.000000,1.000,28.924,-1.000000,0.0000,0.0000,0,0,0.000,1.000,19.607,-75.813,574.240,95.318,0,0,0,99.483129
306,43.2493,after-gather,-93.154,587.967,100.488,0.000,-116.687,179.440,-106.038,579.901,15.575,-91.048,570.870,15.575,0.0000,0.0000,-115.761,591.442,95.307,-75.777,574.314,95.307,0.6514,0.0000,1.6000,1,-100.000,550.000,0.0000,0.0000,0,0,-75.777,574.314,95.307,0.000,0,-1.000000,1.000,28.924,-1.000000,0.0000,0.0000,0,0,0.000,1.000,19.607,-75.777,574.314,95.307,0,0,0,99.481117
307,43.3957,after-gather,-93.154,587.967,100.488,0.000,-116.687,179.440,-106.038,579.901,15.575,-91.048,570.870,15.575,0.0000,0.0000,-115.724,591.538,95.292,-75.732,574.408,95.292,0.6514,0.0000,1.6000,1,-100.000,550.000,0.0000,0.0000,0,0,-75.732,574.408,95.292,0.000,0,-1.000000,1.000,28.924,-1.000000,0.0000,0.0000,0,0,0.000,1.000,19.607,-75.732,574.408,95.292,0,0,0,99.478780
