frame,seconds,pass,x,y,z,speed,yaw,view_yaw,left_toe_x,left_toe_y,left_toe_z,right_toe_x,right_toe_y,right_toe_z,walk_weight,gait_rate,left_hand_x,left_hand_y,left_hand_z,right_hand_x,right_hand_y,right_hand_z,walk_phase,gather_weight,gather_phase,gather_starts,forage_x,forage_y,water_weight,water_phase,water_starts,tool_visible,tool_x,tool_y,tool_z,can_pitch,water_stock,plot_moisture,tool_scale,tool_radius,plot_weeds,clear_weight,clear_phase,clear_starts,hatchet_visible,hatchet_pitch,hatchet_scale,hatchet_radius,hatchet_x,hatchet_y,hatchet_z,branch_stock,fiber_stock,resource_cleared,energy
0,0.1308,close-notes,-1000.000,0.000,88.150,0.000,0.000,15.000,-987.007,-7.889,3.238,-985.670,9.560,3.238,0.0000,0.0000,-992.659,-21.729,83.011,-995.313,21.663,83.011,0.0000,0.0000,0.0000,0,0.000,0.000,0.0000,0.0000,0,0,-995.313,21.663,83.011,0.000,0,-1.000000,1.000,28.924,-1.000000,0.0000,0.0000,0,0,0.000,1.000,19.607,-995.313,21.663,83.011,0,0,-1,99.997866
1,0.2582,close-notes,-1000.000,0.000,88.150,0.000,0.000,15.000,-987.007,-7.889,3.238,-985.670,9.560,3.238,0.0000,0.0000,-992.589,-21.721,83.022,-995.242,21.664,83.022,0.0000,0.0000,0.0000,0,0.000,0.000,0.0000,0.0000,0,0,-995.242,21.664,83.022,0.000,0,-1.000000,1.000,28.924,-1.000000,0.0000,0.0000,0,0,0.000,1.000,19.607,-995.242,21.664,83.022,0,0,-1,99.995829
2,0.3857,close-notes,-1000.000,0.000,88.150,0.000,0.000,15.000,-987.007,-7.889,3.238,-985.670,9.560,3.238,0.0000,0.0000,-992.589,-21.721,83.022,-995.242,21.664,83.022,0.0000,0.0000,0.0000,0,0.000,0.000,0.0000,0.0000,0,0,-995.242,21.664,83.022,0.000,0,-1.000000,1.000,28.924,-1.000000,0.0000,0.0000,0,0,0.000,1.000,19.607,-995.242,21.664,83.022,0,0,-1,99.993787
3,0.5123,close-notes,-1000.000,0.000,88.150,0.000,0.000,15.000,-987.007,-7.889,3.238,-985.670,9.560,3.238,0.0000,0.0000,-992.647,-21.727,83.015,-995.300,21.663,83.015,0.0000,0.0000,0.0000,0,0.000,0.000,0.0000,0.0000,0,0,-995.300,21.663,83.015,0.000,0,-1.000000,1.000,28.924,-1.000000,0.0000,0.0000,0,0,0.000,1.000,19.607,-995.300,21.663,83.015,0,0,-1,99.991762
4,0.6374,close-notes,-1000.000,0.000,88.150,0.000,0.000,15.000,-987.007,-7.889,3.238,-985.670,9.560,3.238,0.0000,0.0000,-992.713,-21.734,83.009,-995.367,21.662,83.009,0.0000,0.0000,0.0000,0,0.000,0.000,0.0000,0.0000,0,0,-995.367,21.662,83.009,0.000,0,-1.000000,1.000,28.924,-1.000000,0.0000,0.0000,0,0,0.000,1.000,19.607,-995.367,21.662,83.009,0,0,-1,99.989761
5,0.7641,close-notes,-1000.000,0.000,88.150,0.000,0.000,15.000,-987.007,-7.889,3.238,-985.670,9.560,3.238,0.0000,0.0000,-992.771,-21.740,82.995,-995.425,21.661,82.995,0.0000,0.0000,0.0000,0,0.000,0.000,0.0000,0.0000,0,0,-995.425,21.661,82.995,0.000,0,-1.000000,1.000,28.924,-1.000000,0.0000,0.0000,0,0,0.000,1.000,19.607,-995.425,21.661,82.995,0,0,-1,99.987733
6,0.9053,close-notes,-1000.000,0.000,88.150,0.000,0.000,15.000,-987.007,-7.889,3.238,-985.670,9.560,3.238,0.0000,0.0000,-992.871,-21.751,82.980,-995.526,21.659,82.980,0.0000,0.0000,0.0000,0,0.000,0.000,0.0000,0.0000,0,0,-995.526,21.659,82.980,0.000,0,-1.000000,1.000,28.924,-1.000000,0.0000,0.0000,0,0,0.000,1.000,19.607,-995.526,21.659,82.980,0,0,-1,99.985474
7,1.1515,idle,-1000.000,0.000,88.150,0.000,0.000,15.000,-987.007,-7.889,3.238,-985.670,9.560,3.238,0.0000,0.0000,-993.039,-21.768,82.957,-995.694,21.656,82.957,0.0000,0.0000,0.0000,0,0.000,0.000,0.0000,0.0000,0,0,-995.694,21.656,82.957,0.000,0,-1.000000,1.000,28.924,-1.000000,0.0000,0.0000,0,0,0.000,1.000,19.607,-995.694,21.656,82.957,0,0,-1,99.981535
8,1.2801,idle,-1000.000,0.000,88.150,0.000,0.000,15.000,-987.007,-7.889,3.238,-985.670,9.560,3.238,0.0000,0.0000,-993.119,-21.776,82.946,-995.776,21.654,82.946,0.0000,0.0000,0.0000,0,0.000,0.000,0.0000,0.0000,0,0,-995.776,21.654,82.946,0.000,0,-1.000000,1.000,28.924,-1.000000,0.0000,0.0000,0,0,0.000,1.000,19.607,-995.776,21.654,82.946,0,0,-1,99.979481
9,1.4055,idle,-1000.000,0.000,88.150,0.000,0.000,15.000,-987.007,-7.889,3.238,-985.670,9.560,3.238,0.0000,0.0000,-993.138,-21.778,82.938,-995.795,21.653,82.938,0.0000,0.0000,0.0000,0,0.000,0.000,0.0000,0.0000,0,0,-995.795,21.653,82.938,0.000,0,-1.000000,1.000,28.924,-1.000000,0.0000,0.0000,0,0,0.000,1.000,19.607,-995.795,21.653,82.938,0,0,-1,99.977471
10,1.5333,idle,-1000.000,0.000,88.150,0.000,0.000,15.000,-987.007,-7.889,3.238,-985.670,9.560,3.238,0.0000,0.0000,-993.158,-21.779,82.930,-995.814,21.652,82.930,0.0000,0.0000,0.0000,0,0.000,0.000,0.0000,0.0000,0,0,-995.814,21.652,82.930,0.000,0,-1.000000,1.000,28.924,-1.000000,0.0000,0.0000,0,0,0.000,1.000,19.607,-995.814,21.652,82.930,0,0,-1,99.975433
11,1.6592,idle,-1000.000,0.000,88.150,0.000,0.000,15.000,-987.007,-7.889,3.238,-985.670,9.560,3.238,0.0000,0.0000,-993.246,-21.789,82.929,-995.903,21.652,82.929,0.0000,0.0000,0.0000,0,0.000,0.000,0.0000,0.0000,0,0,-995.903,21.652,82.929,0.000,0,-1.000000,1.000,28.924,-1.000000,0.0000,0.0000,0,0,0.000,1.000,19.607,-995.903,21.652,82.929,0,0,-1,99.973412
12,1.7863,idle,-1000.000,0.000,88.150,0.000,0.000,15.000,-987.007,-7.889,3.238,-985.670,9.560,3.238,0.0000,0.0000,-993.246,-21.789,82.929,-995.903,21.652,82.929,0.0000,0.0000,0.0000,0,0.000,0.000,0.0000,0.0000,0,0,-995.903,21.652,82.929,0.000,0,-1.000000,1.000,28.924,-1.000000,0.0000,0.0000,0,0,0.000,1.000,19.607,-995.903,21.652,82.929,0,0,-1,99.971382
13,1.9146,idle,-1000.000,0.000,88.150,0.000,0.000,15.000,-987.007,-7.889,3.238,-985.670,9.560,3.238,0.0000,0.0000,-993.263,-21.791,82.927,-995.921,21.651,82.927,0.0000,0.0000,0.0000,0,0.000,0.000,0.0000,0.0000,0,0,-995.921,21.651,82.927,0.000,0,-1.000000,1.000,28.924,-1.000000,0.0000,0.0000,0,0,0.000,1.000,19.607,-995.921,21.651,82.927,0,0,-1,99.969326
14,2.0419,idle,-1000.000,0.000,88.150,0.000,0.000,15.000,-987.007,-7.889,3.238,-985.670,9.560,3.238,0.0000,0.0000,-993.263,-21.791,82.927,-995.921,21.651,82.927,0.0000,0.0000,0.0000,0,0.000,0.000,0.0000,0.0000,0,0,-995.921,21.651,82.927,0.000,0,-1.000000,1.000,28.924,-1.000000,0.0000,0.0000,0,0,0.000,1.000,19.607,-995.921,21.651,82.927,0,0,-1,99.967293
15,2.1677,idle,-1000.000,0.000,88.150,0.000,0.000,15.000,-987.007,-7.889,3.238,-985.670,9.560,3.238,0.0000,0.0000,-993.144,-21.779,82.943,-995.800,21.654,82.943,0.0000,0.0000,0.0000,0,0.000,0.000,0.0000,0.0000,0,0,-995.800,21.654,82.943,0.000,0,-1.000000,1.000,28.924,-1.000000,0.0000,0.0000,0,0,0.000,1.000,19.607,-995.800,21.654,82.943,0,0,-1,99.965277
16,2.3017,idle,-1000.000,0.000,88.150,0.000,0.000,15.000,-987.007,-7.889,3.238,-985.670,9.560,3.238,0.0000,0.0000,-993.057,-21.770,82.954,-995.713,21.656,82.954,0.0000,0.0000,0.0000,0,0.000,0.000,0.0000,0.0000,0,0,-995.713,21.656,82.954,0.000,0,-1.000000,1.000,28.924,-1.000000,0.0000,0.0000,0,0,0.000,1.000,19.607,-995.713,21.656,82.954,0,0,-1,99.963136
17,2.4391,idle,-1000.000,0.000,88.150,0.000,0.000,15.000,-987.007,-7.889,3.238,-985.670,9.560,3.238,0.0000,0.0000,-992.969,-21.761,82.967,-995.624,21.657,82.967,0.0000,0.0000,0.0000,0,0.000,0.000,0.0000,0.0000,0,0,-995.624,21.657,82.967,0.000,0,-1.000000,1.000,28.924,-1.000000,0.0000,0.0000,0,0,0.000,1.000,19.607,-995.624,21.657,82.967,0,0,-1,99.960934
18,2.5642,idle,-1000.000,0.000,88.150,0.000,0.000,15.000,-987.007,-7.889,3.238,-985.670,9.560,3.238,0.0000,0.0000,-992.879,-21.752,82.979,-995.533,21.659,82.979,0.0000,0.0000,0.0000,0,0.000,0.000,0.0000,0.0000,0,0,-995.533,21.659,82.979,0.000,0,-1.000000,1.000,28.924,-1.000000,0.0000,0.0000,0,0,0.000,1.000,19.607,-995.533,21.659,82.979,0,0,-1,99.958938
19,2.6971,idle,-1000.000,0.000,88.150,0.000,0.000,15.000,-987.007,-7.889,3.238,-985.670,9.560,3.238,0.0000,0.0000,-992.791,-21.742,82.992,-995.445,21.661,82.992,0.0000,0.0000,0.0000,0,0.000,0.000,0.0000,0.0000,0,0,-995.445,21.661,82.992,0.000,0,-1.000000,1.000,28.924,-1.000000,0.0000,0.0000,0,0,0.000,1.000,19.607,-995.445,21.661,82.992,0,0,-1,99.956807
20,2.8317,idle,-1000.000,0.000,88.150,0.000,0.000,15.000,-987.007,-7.889,3.238,-985.670,9.560,3.238,0.0000,0.0000,-992.710,-21.734,83.004,-995.364,21.662,83.004,0.0000,0.0000,0.0000,0,0.000,0.000,0.0000,0.0000,0,0,-995.364,21.662,83.004,0.000,0,-1.000000,1.000,28.924,-1.000000,0.0000,0.0000,0,0,0.000,1.000,19.607,-995.364,21.662,83.004,0,0,-1,99.954652
21,2.9664,idle,-1000.000,0.000,88.150,0.000,0.000,15.000,-987.007,-7.889,3.238,-985.670,9.560,3.238,0.0000,0.0000,-992.659,-21.729,83.011,-995.313,21.663,83.011,0.0000,0.0000,0.0000,0,0.000,0.000,0.0000,0.0000,0,0,-995.313,21.663,83.011,0.000,0,-1.000000,1.000,28.924,-1.000000,0.0000,0.0000,0,0,0.000,1.000,19.607,-995.313,21.663,83.011,0,0,-1,99.952497
22,3.0997,idle,-1000.000,0.000,88.150,0.000,0.000,15.000,-987.007,-7.889,3.238,-985.670,9.560,3.238,0.0000,0.0000,-992.659,-21.729,83.011,-995.313,21.663,83.011,0.0000,0.0000,0.0000,0,0.000,0.000,0.0000,0.0000,0,0,-995.313,21.663,83.011,0.000,0,-1.000000,1.000,28.924,-1.000000,0.0000,0.0000,0,0,0.000,1.000,19.607,-995.313,21.663,83.011,0,0,-1,99.950365
23,3.2325,idle,-1000.000,0.000,88.150,0.000,0.000,15.000,-987.007,-7.889,3.238,-985.670,9.560,3.238,0.0000,0.0000,-992.589,-21.721,83.022,-995.242,21.664,83.022,0.0000,0.0000,0.0000,0,0.000,0.000,0.0000,0.0000,0,0,-995.242,21.664,83.022,0.000,0,-1.000000,1.000,28.924,-1.000000,0.0000,0.0000,0,0,0.000,1.000,19.607,-995.242,21.664,83.022,0,0,-1,99.948239
24,3.3665,idle,-1000.000,0.000,88.150,0.000,0.000,15.000,-987.007,-7.889,3.238,-985.670,9.560,3.238,0.0000,0.0000,-992.589,-21.721,83.022,-995.242,21.664,83.022,0.0000,0.0000,0.0000,0,0.000,0.000,0.0000,0.0000,0,0,-995.242,21.664,83.022,0.000,0,-1.000000,1.000,28.924,-1.000000,0.0000,0.0000,0,0,0.000,1.000,19.607,-995.242,21.664,83.022,0,0,-1,99.946095
25,3.4993,idle,-1000.000,0.000,88.150,0.000,0.000,15.000,-987.007,-7.889,3.238,-985.670,9.560,3.238,0.0000,0.0000,-992.640,-21.727,83.015,-995.293,21.663,83.015,0.0000,0.0000,0.0000,0,0.000,0.000,0.0000,0.0000,0,0,-995.293,21.663,83.015,0.000,0,-1.000000,1.000,28.924,-1.000000,0.0000,0.0000,0,0,0.000,1.000,19.607,-995.293,21.663,83.015,0,0,-1,99.943971
26,3.6351,idle,-1000.000,0.000,88.150,0.000,0.000,15.000,-987.007,-7.889,3.238,-985.670,9.560,3.238,0.0000,0.0000,-992.712,-21.734,83.009,-995.366,21.662,83.009,0.0000,0.0000,0.0000,0,0.000,0.000,0.0000,0.0000,0,0,-995.366,21.662,83.009,0.000,0,-1.000000,1.000,28.924,-1.000000,0.0000,0.0000,0,0,0.000,1.000,19.607,-995.366,21.662,83.009,0,0,-1,99.941797
27,3.7725,idle,-1000.000,0.000,88.150,0.000,0.000,15.000,-987.007,-7.889,3.238,-985.670,9.560,3.238,0.0000,0.0000,-992.777,-21.741,82.994,-995.431,21.661,82.994,0.0000,0.0000,0.0000,0,0.000,0.000,0.0000,0.0000,0,0,-995.431,21.661,82.994,0.000,0,-1.000000,1.000,28.924,-1.000000,0.0000,0.0000,0,0,0.000,1.000,19.607,-995.431,21.661,82.994,0,0,-1,99.939600
28,3.9076,idle,-1000.000,0.000,88.150,0.000,0.000,15.000,-987.007,-7.889,3.238,-985.670,9.560,3.238,0.0000,0.0000,-992.873,-21.751,82.980,-995.527,21.659,82.980,0.0000,0.0000,0.0000,0,0.000,0.000,0.0000,0.0000,0,0,-995.527,21.659,82.980,0.000,0,-1.000000,1.000,28.924,-1.000000,0.0000,0.0000,0,0,0.000,1.000,19.607,-995.527,21.659,82.980,0,0,-1,99.937438
29,4.1646,slow-walk,-998.028,0.528,88.150,30.625,15.000,15.000,-966.973,1.674,1.770,-1004.181,7.656,1.626,0.5833,0.2552,-986.432,-18.808,79.401,-998.683,22.963,79.543,0.0170,0.0000,0.0000,0,0.000,0.000,0.0000,0.0000,0,0,-998.683,22.963,79.543,0.000,0,-1.000000,1.000,28.924,-1.000000,0.0000,0.0000,0,0,0.000,1.000,19.607,-998.683,22.963,79.543,0,0,-1,99.933328
30,4.2995,slow-walk,-991.079,2.391,88.150,66.052,15.000,15.000,-956.780,4.792,3.295,-1004.714,7.034,5.606,1.0000,0.5504,-985.056,-19.099,77.617,-986.139,26.287,78.714,0.0870,0.0000,0.0000,0,0.000,0.000,0.0000,0.0000,0,0,-986.139,26.287,78.714,0.000,0,-1.000000,1.000,28.924,-1.000000,0.0000,0.0000,0,0,0.000,1.000,19.607,-986.139,26.287,78.714,0,0,-1,99.931168
31,4.4346,slow-walk,-982.271,4.751,88.150,67.500,15.000,15.000,-956.510,4.183,3.210,-986.307,12.519,9.404,1.0000,0.5625,-980.255,-18.481,79.110,-973.382,29.310,80.822,0.1630,0.0000,0.0000,0,0.000,0.000,0.0000,0.0000,0,0,-973.382,29.310,80.822,0.000,0,-1.000000,1.000,28.924,-1.000000,0.0000,0.0000,0,0,0.000,1.000,19.607,-973.382,29.310,80.822,0,0,-1,99.929007
32,4.5708,slow-walk,-973.392,7.130,88.150,67.500,15.000,15.000,-956.445,3.648,3.255,-965.000,19.048,11.693,1.0000,0.5625,-973.018,-16.775,80.126,-962.982,31.969,82.044,0.2396,0.0000,0.0000,0,0.000,0.000,0.0000,0.0000,0,0,-962.982,31.969,82.044,0.000,0,-1.000000,1.000,28.924,-1.000000,0.0000,0.0000,0,0,0.000,1.000,19.607,-962.982,31.969,82.044,0,0,-1,99.926828
33,4.7077,slow-walk,-964.463,9.522,88.150,67.500,15.000,15.000,-956.292,3.160,3.288,-943.084,25.896,10.413,1.0000,0.5625,-963.058,-13.910,79.566,-954.920,34.278,81.393,0.3166,0.0000,0.0000,0,0.000,0.000,0.0000,0.0000,0,0,-954.920,34.278,81.393,0.000,0,-1.000000,1.000,28.924,-1.000000,0.0000,0.0000,0,0,0.000,1.000,19.607,-954.920,34.278,81.393,0,0,-1,99.924637
34,4.8444,slow-walk,-955.545,11.912,88.150,67.500,15.000,15.000,-956.186,2.658,3.137,-923.597,31.848,6.387,1.0000,0.5625,-950.727,-10.039,77.832,-949.433,36.083,79.139,0.3935,0.0000,0.0000,0,0.000,0.000,0.0000,0.0000,0,0,-949.433,36.083,79.139,0.000,0,-1.000000,1.000,28.924,-1.000000,0.0000,0.0000,0,0,0.000,1.000,19.607,-949.433,36.083,79.139,0,0,-1,99.922449
35,4.9821,slow-walk,-946.570,14.317,88.150,67.500,15.000,15.000,-955.906,1.883,3.131,-908.456,36.023,3.430,1.0000,0.5625,-936.329,-5.597,76.826,-945.653,37.129,77.237,0.4710,0.0000,0.0000,0,0.000,0.000,0.0000,0.0000,0,0,-945.653,37.129,77.237,0.000,0,-1.000000,1.000,28.924,-1.000000,0.0000,0.0000,0,0,0.000,1.000,19.607,-945.653,37.129,77.237,0,0,-1,99.920246
36,5.1199,slow-walk,-937.586,16.724,88.150,67.500,15.000,15.000,-948.830,3.785,3.812,-904.406,36.876,3.015,1.0000,0.5625,-921.774,-0.571,77.473,-942.888,38.205,76.805,0.5485,0.0000,0.0000,0,0.000,0.000,0.0000,0.0000,0,0,-942.888,38.205,76.805,0.000,0,-1.000000,1.000,28.924,-1.000000,0.0000,0.0000,0,0,0.000,1.000,19.607,-942.888,38.205,76.805,0,0,-1,99.918041
37,5.2556,slow-walk,-928.756,19.090,88.150,67.500,15.000,15.000,-932.619,8.798,7.445,-904.219,36.599,3.254,1.0000,0.5625,-908.515,4.136,79.839,-939.292,39.469,78.320,0.6247,0.0000,0.0000,0,0.000,0.000,0.0000,0.0000,0,0,-939.292,39.469,78.320,0.000,0,-1.000000,1.000,28.924,-1.000000,0.0000,0.0000,0,0,0.000,1.000,19.607,-939.292,39.469,78.320,0,0,-1,99.915874
38,5.3893,slow-walk,-920.029,21.428,88.150,67.500,15.000,15.000,-912.752,14.790,11.169,-904.182,35.920,3.484,1.0000,0.5625,-897.295,7.652,81.953,-933.588,40.953,80.001,0.7000,0.0000,0.0000,0,0.000,0.000,0.0000,0.0000,0,0,-933.588,40.953,80.001,0.000,0,-1.000000,1.000,28.924,-1.000000,0.0000,0.0000,0,0,0.000,1.000,19.607,-933.588,40.953,80.001,0,0,-1,99.913733
39,5.5273,slow-walk,-911.025,23.841,88.150,67.500,15.000,15.000,-890.656,21.544,11.532,-903.908,35.389,3.311,1.0000,0.5625,-887.942,10.199,82.092,-924.994,43.205,80.087,0.7776,0.0000,0.0000,0,0.000,0.000,0.0000,0.0000,0,0,-924.994,43.205,80.087,0.000,0,-1.000000,1.000,28.924,-1.000000,0.0000,0.0000,0,0,0.000,1.000,19.607,-924.994,43.205,80.087,0,0,-1,99.911523
40,5.6629,slow-walk,-902.186,26.209,88.150,67.500,15.000,15.000,-869.686,27.812,8.691,-903.790,34.694,3.325,1.0000,0.5625,-880.980,11.469,80.532,-913.813,46.049,78.889,0.8539,0.0000,0.0000,0,0.000,0.000,0.0000,0.0000,0,0,-913.813,46.049,78.889,0.000,0,-1.000000,1.000,28.924,-1.000000,0.0000,0.0000,0,0,0.000,1.000,19.607,-913.813,46.049,78.889,0,0,-1,99.909354
41,5.7989,slow-walk,-893.318,28.585,88.150,67.500,15.000,15.000,-852.120,33.215,4.430,-903.643,34.287,2.864,1.0000,0.5625,-876.035,12.056,77.888,-900.192,49.755,76.922,0.9304,0.0000,0.0000,0,0.000,0.000,0.0000,0.0000,0,0,-900.192,49.755,76.922,0.000,0,-1.000000,1.000,28.924,-1.000000,0.0000,0.0000,0,0,0.000,1.000,19.607,-900.192,49.755,76.922,0,0,-1,99.907178
42,5.9327,slow-walk,-884.592,30.924,88.150,67.500,15.000,15.000,-841.059,36.334,3.197,-902.734,33.993,3.251,1.0000,0.5625,-872.642,11.931,76.936,-885.616,53.456,77.014,0.0057,0.0000,0.0000,0,0.000,0.000,0.0000,0.0000,0,0,-885.616,53.456,77.014,0.000,0,-1.000000,1.000,28.924,-1.000000,0.0000,0.0000,0,0,0.000,1.000,19.607,-885.616,53.456,77.014,0,0,-1,99.905037
43,6.0689,slow-walk,-875.712,33.303,88.150,67.500,15.000,15.000,-840.879,35.892,3.313,-889.834,37.795,5.408,1.0000,0.5625,-869.391,11.950,77.537,-871.064,57.148,78.588,0.0823,0.0000,0.0000,0,0.000,0.000,0.0000,0.0000,0,0,-871.064,57.148,78.588,0.000,0,-1.000000,1.000,28.924,-1.000000,0.0000,0.0000,0,0,0.000,1.000,19.607,-871.064,57.148,78.588,0,0,-1,99.902858
44,6.2064,slow-walk,-866.748,35.705,88.150,67.500,15.000,15.000,-840.640,35.251,3.246,-871.251,43.308,9.274,1.0000,0.5625,-864.573,12.521,79.083,-857.986,60.230,80.782,0.1596,0.0000,0.0000,0,0.000,0.000,0.0000,0.0000,0,0,-857.986,60.230,80.782,0.000,0,-1.000000,1.000,28.924,-1.000000,0.0000,0.0000,0,0,0.000,1.000,19.607,-857.986,60.230,80.782,0,0,-1,99.900658
45,6.3443,slow-walk,-857.758,38.114,88.150,67.500,15.000,15.000,-840.551,34.724,3.259,-849.792,49.884,11.688,1.0000,0.5625,-857.358,14.215,80.121,-847.360,62.951,82.040,0.2372,0.0000,0.0000,0,0.000,0.000,0.0000,0.0000,0,0,-847.360,62.951,82.040,0.000,0,-1.000000,1.000,28.924,-1.000000,0.0000,0.0000,0,0,0.000,1.000,19.607,-847.360,62.951,82.040,0,0,-1,99.898452
46,6.4807,slow-walk,-848.862,40.497,88.150,67.500,15.000,15.000,-840.378,34.219,3.256,-827.924,56.700,10.469,1.0000,0.5625,-847.543,17.013,79.583,-839.254,65.244,81.414,0.3139,0.0000,0.0000,0,0.000,0.000,0.0000,0.0000,0,0,-839.254,65.244,81.414,0.000,0,-1.000000,1.000,28.924,-1.000000,0.0000,0.0000,0,0,0.000,1.000,19.607,-839.254,65.244,81.414,0,0,-1,99.896269
47,6.6179,slow-walk,-839.917,42.894,88.150,67.500,15.000,15.000,-840.242,33.656,3.186,-808.229,62.647,6.565,1.0000,0.5625,-835.213,20.804,77.935,-833.638,67.014,79.265,0.3911,0.0000,0.0000,0,0.000,0.000,0.0000,0.0000,0,0,-833.638,67.014,79.265,0.000,0,-1.000000,1.000,28.924,-1.000000,0.0000,0.0000,0,0,0.000,1.000,19.607,-833.638,67.014,79.265,0,0,-1,99.894074
48,6.7555,slow-walk,-830.943,45.299,88.150,67.500,15.000,15.000,-839.991,32.976,3.121,-792.901,66.995,3.469,1.0000,0.5625,-820.893,25.322,76.820,-829.836,68.170,77.265,0.4685,0.0000,0.0000,0,0.000,0.000,0.0000,0.0000,0,0,-829.836,68.170,77.265,0.000,0,-1.000000,1.000,28.924,-1.000000,0.0000,0.0000,0,0,0.000,1.000,19.607,-829.836,68.170,77.265,0,0,-1,99.891871
49,6.8881,slow-walk,-822.310,47.612,88.150,67.500,15.000,15.000,-833.810,34.607,3.683,-788.544,68.000,3.034,1.0000,0.5625,-806.853,30.199,77.407,-827.187,69.238,76.806,0.5430,0.0000,0.0000,0,0.000,0.000,0.0000,0.0000,0,0,-827.187,69.238,76.806,0.000,0,-1.000000,1.000,28.924,-1.000000,0.0000,0.0000,0,0,0.000,1.000,19.607,-827.187,69.238,76.806,0,0,-1,99.889753
50,7.0192,slow-walk,-813.755,49.904,88.150,67.500,15.000,15.000,-818.696,39.318,7.184,-788.328,67.748,3.372,1.0000,0.5625,-793.921,34.792,79.710,-823.891,70.410,78.271,0.6168,0.0000,0.0000,0,0.000,0.000,0.0000,0.0000,0,0,-823.891,70.410,78.271,0.000,0,-1.000000,1.000,28.924,-1.000000,0.0000,0.0000,0,0,0.000,1.000,19.607,-823.891,70.410,78.271,0,0,-1,99.887654
51,7.1503,slow-walk,-805.221,52.191,88.150,67.500,15.000,15.000,-799.433,45.065,10.443,-788.287,67.081,3.110,1.0000,0.5625,-782.704,38.327,81.414,-818.517,71.808,79.494,0.6904,0.0000,0.0000,0,0.000,0.000,0.0000,0.0000,0,0,-818.517,71.808,79.494,0.000,0,-1.000000,1.000,28.924,-1.000000,0.0000,0.0000,0,0,0.000,1.000,19.607,-818.517,71.808,79.494,0,0,-1,99.885559
52,7.2844,slow-walk,-796.462,54.538,88.150,67.500,15.000,15.000,-778.025,51.584,11.689,-788.056,66.500,3.277,1.0000,0.5625,-773.276,40.931,82.133,-810.558,73.854,80.114,0.7660,0.0000,0.0000,0,0.000,0.000,0.0000,0.0000,0,0,-810.558,73.854,80.114,0.000,0,-1.000000,1.000,28.924,-1.000000,0.0000,0.0000,0,0,0.000,1.000,19.607,-810.558,73.854,80.114,0,0,-1,99.883410
53,7.4194,slow-walk,-787.672,56.893,88.150,67.500,15.000,15.000,-756.966,58.026,9.109,-787.935,65.954,3.157,1.0000,0.5625,-766.049,42.502,80.709,-799.870,76.714,78.969,0.8418,0.0000,0.0000,0,0.000,0.000,0.0000,0.0000,0,0,-799.870,76.714,78.969,0.000,0,-1.000000,1.000,28.924,-1.000000,0.0000,0.0000,0,0,0.000,1.000,19.607,-799.870,76.714,78.969,0,0,-1,99.881253
54,7.5518,slow-walk,-779.029,59.209,88.150,67.500,15.000,15.000,-739.216,63.455,5.137,-787.771,65.498,3.001,1.0000,0.5625,-760.973,43.114,78.413,-786.940,80.181,77.306,0.9164,0.0000,0.0000,0,0.000,0.000,0.0000,0.0000,0,0,-786.940,80.181,77.306,0.000,0,-1.000000,1.000,28.924,-1.000000,0.0000,0.0000,0,0,0.000,1.000,19.607,-786.940,80.181,77.306,0,0,-1,99.879132
55,7.6833,slow-walk,-770.471,61.502,88.150,67.500,15.000,15.000,-726.308,67.113,3.333,-787.571,64.926,3.216,1.0000,0.5625,-757.386,43.028,77.063,-772.748,83.752,76.919,0.9902,0.0000,0.0000,0,0.000,0.000,0.0000,0.0000,0,0,-772.748,83.752,76.919,0.000,0,-1.000000,1.000,28.924,-1.000000,0.0000,0.0000,0,0,0.000,1.000,19.607,-772.748,83.752,76.919,0,0,-1,99.877032
56,7.8150,slow-walk,-761.868,63.807,88.150,67.500,15.000,15.000,-725.000,66.975,3.200,-777.492,67.700,4.525,1.0000,0.5625,-754.240,42.910,77.156,-758.384,87.319,78.030,0.0645,0.0000,0.0000,0,0.000,0.000,0.0000,0.0000,0,0,-758.384,87.319,78.030,0.000,0,-1.000000,1.000,28.924,-1.000000,0.0000,0.0000,0,0,0.000,1.000,19.607,-758.384,87.319,78.030,0,0,-1,99.874921
57,7.9521,slow-walk,-752.943,66.199,88.150,67.500,15.000,15.000,-724.873,66.440,3.321,-759.982,72.983,8.417,1.0000,0.5625,-749.928,43.357,78.769,-744.936,90.605,80.376,0.1415,0.0000,0.0000,0,0.000,0.000,0.0000,0.0000,0,0,-744.936,90.605,80.376,0.000,0,-1.000000,1.000,28.924,-1.000000,0.0000,0.0000,0,0,0.000,1.000,19.607,-744.936,90.605,80.376,0,0,-1,99.872730
58,8.0898,slow-walk,-743.952,68.608,88.150,67.500,15.000,15.000,-724.681,65.884,3.317,-738.906,79.418,11.471,1.0000,0.5625,-743.315,44.753,80.076,-733.721,93.395,81.976,0.2190,0.0000,0.0000,0,0.000,0.000,0.0000,0.0000,0,0,-733.721,93.395,81.976,0.000,0,-1.000000,1.000,28.924,-1.000000,0.0000,0.0000,0,0,0.000,1.000,19.607,-733.721,93.395,81.976,0,0,-1,99.870524
59,8.2273,stop-from-slow-walk,-735.040,70.996,88.150,67.500,15.000,15.000,-724.462,65.320,3.160,-717.083,86.082,10.977,1.0000,0.5625,-734.213,47.220,79.774,-725.025,95.713,81.634,0.2959,0.0000,0.0000,0,0.000,0.000,0.0000,0.0000,0,0,-725.025,95.713,81.634,0.000,0,-1.000000,1.000,28.924,-1.000000,0.0000,0.0000,0,0,0.000,1.000,19.607,-725.025,95.713,81.634,0,0,-1,99.868337
60,8.3592,stop-from-slow-walk,-735.040,70.996,88.150,0.000,15.000,15.000,-721.838,66.247,2.981,-721.046,84.854,4.722,0.3362,0.0000,-726.501,50.067,81.510,-732.612,94.116,82.180,0.2959,0.0000,0.0000,0,0.000,0.000,0.0000,0.0000,0,0,-732.612,94.116,82.180,0.000,0,-1.000000,1.000,28.924,-1.000000,0.0000,0.0000,0,0,0.000,1.000,19.607,-732.612,94.116,82.180,0,0,-1,99.866213
61,8.4907,stop-from-slow-walk,-735.040,70.996,88.150,0.000,15.000,15.000,-720.448,66.738,3.238,-723.673,83.939,3.238,0.0000,0.0000,-722.582,51.809,82.972,-736.383,93.058,82.972,0.2959,0.0000,0.0000,0,0.000,0.000,0.0000,0.0000,0,0,-736.383,93.058,82.972,0.000,0,-1.000000,1.000,28.924,-1.000000,0.0000,0.0000,0,0,0.000,1.000,19.607,-736.383,93.058,82.972,0,0,-1,99.864112
62,8.6191,stop-from-slow-walk,-735.040,70.996,88.150,0.000,15.000,15.000,-720.448,66.738,3.238,-723.673,83.939,3.238,0.0000,0.0000,-722.494,51.843,82.985,-736.293,93.084,82.985,0.2959,0.0000,0.0000,0,0.000,0.000,0.0000,0.0000,0,0,-736.293,93.084,82.985,0.000,0,-1.000000,1.000,28.924,-1.000000,0.0000,0.0000,0,0,0.000,1.000,19.607,-736.293,93.084,82.985,0,0,-1,99.862053
63,8.7520,stop-from-slow-walk,-735.040,70.996,88.150,0.000,15.000,15.000,-720.448,66.738,3.238,-723.673,83.939,3.238,0.0000,0.0000,-722.418,51.872,82.997,-736.215,93.106,82.997,0.2959,0.0000,0.0000,0,0.000,0.000,0.0000,0.0000,0,0,-736.215,93.106,82.997,0.000,0,-1.000000,1.000,28.924,-1.000000,0.0000,0.0000,0,0,0.000,1.000,19.607,-736.215,93.106,82.997,0,0,-1,99.859930
64,8.8864,stop-from-slow-walk,-735.040,70.996,88.150,0.000,15.000,15.000,-720.448,66.738,3.238,-723.673,83.939,3.238,0.0000,0.0000,-722.343,51.901,83.009,-736.137,93.129,83.009,0.2959,0.0000,0.0000,0,0.000,0.000,0.0000,0.0000,0,0,-736.137,93.129,83.009,0.000,0,-1.000000,1.000,28.924,-1.000000,0.0000,0.0000,0,0,0.000,1.000,19.607,-736.137,93.129,83.009,0,0,-1,99.857778
65,9.0209,stop-from-slow-walk,-735.040,70.996,88.150,0.000,15.000,15.000,-720.448,66.738,3.238,-723.673,83.939,3.238,0.0000,0.0000,-722.326,51.907,83.011,-736.120,93.134,83.011,0.2959,0.0000,0.0000,0,0.000,0.000,0.0000,0.0000,0,0,-736.120,93.134,83.011,0.000,0,-1.000000,1.000,28.924,-1.000000,0.0000,0.0000,0,0,0.000,1.000,19.607,-736.120,93.134,83.011,0,0,-1,99.855629
66,9.1534,stop-from-slow-walk,-735.040,70.996,88.150,0.000,15.000,15.000,-720.448,66.738,3.238,-723.673,83.939,3.238,0.0000,0.0000,-722.326,51.907,83.011,-736.120,93.134,83.011,0.2959,0.0000,0.0000,0,0.000,0.000,0.0000,0.0000,0,0,-736.120,93.134,83.011,0.000,0,-1.000000,1.000,28.924,-1.000000,0.0000,0.0000,0,0,0.000,1.000,19.607,-736.120,93.134,83.011,0,0,-1,99.853506
67,9.2841,stop-from-slow-walk,-735.040,70.996,88.150,0.000,15.000,15.000,-720.448,66.738,3.238,-723.673,83.939,3.238,0.0000,0.0000,-722.259,51.933,83.022,-736.052,93.153,83.022,0.2959,0.0000,0.0000,0,0.000,0.000,0.0000,0.0000,0,0,-736.052,93.153,83.022,0.000,0,-1.000000,1.000,28.924,-1.000000,0.0000,0.0000,0,0,0.000,1.000,19.607,-736.052,93.153,83.022,0,0,-1,99.851417
68,9.4160,stop-from-slow-walk,-735.040,70.996,88.150,0.000,15.000,15.000,-720.448,66.738,3.238,-723.673,83.939,3.238,0.0000,0.0000,-722.259,51.933,83.022,-736.052,93.153,83.022,0.2959,0.0000,0.0000,0,0.000,0.000,0.0000,0.0000,0,0,-736.052,93.153,83.022,0.000,0,-1.000000,1.000,28.924,-1.000000,0.0000,0.0000,0,0,0.000,1.000,19.607,-736.052,93.153,83.022,0,0,-1,99.849303
69,9.5489,stop-from-slow-walk,-735.040,70.996,88.150,0.000,15.000,15.000,-720.448,66.738,3.238,-723.673,83.939,3.238,0.0000,0.0000,-722.332,51.905,83.013,-736.126,93.132,83.013,0.2959,0.0000,0.0000,0,0.000,0.000,0.0000,0.0000,0,0,-736.126,93.132,83.013,0.000,0,-1.000000,1.000,28.924,-1.000000,0.0000,0.0000,0,0,0.000,1.000,19.607,-736.126,93.132,83.013,0,0,-1,99.847180
70,9.6800,stop-from-slow-walk,-735.040,70.996,88.150,0.000,15.000,15.000,-720.448,66.738,3.238,-723.673,83.939,3.238,0.0000,0.0000,-722.398,51.880,83.007,-736.193,93.112,83.007,0.2959,0.0000,0.0000,0,0.000,0.000,0.0000,0.0000,0,0,-736.193,93.112,83.007,0.000,0,-1.000000,1.000,28.924,-1.000000,0.0000,0.0000,0,0,0.000,1.000,19.607,-736.193,93.112,83.007,0,0,-1,99.845080
71,9.8192,stop-from-slow-walk,-735.040,70.996,88.150,0.000,15.000,15.000,-720.448,66.738,3.238,-723.673,83.939,3.238,0.0000,0.0000,-722.467,51.853,82.989,-736.265,93.092,82.989,0.2959,0.0000,0.0000,0,0.000,0.000,0.0000,0.0000,0,0,-736.265,93.092,82.989,0.000,0,-1.000000,1.000,28.924,-1.000000,0.0000,0.0000,0,0,0.000,1.000,19.607,-736.265,93.092,82.989,0,0,-1,99.842857
72,9.9537,stop-from-slow-walk,-735.040,70.996,88.150,0.000,15.000,15.000,-720.448,66.738,3.238,-723.673,83.939,3.238,0.0000,0.0000,-722.557,51.819,82.975,-736.357,93.065,82.976,0.2959,0.0000,0.0000,0,0.000,0.000,0.0000,0.0000,0,0,-736.357,93.065,82.976,0.000,0,-1.000000,1.000,28.924,-1.000000,0.0000,0.0000,0,0,0.000,1.000,19.607,-736.357,93.065,82.976,0,0,-1,99.840701
73,10.0918,stop-from-slow-walk,-735.040,70.996,88.150,0.000,15.000,15.000,-720.448,66.738,3.238,-723.673,83.939,3.238,0.0000,0.0000,-722.642,51.786,82.963,-736.445,93.040,82.963,0.2959,0.0000,0.0000,0,0.000,0.000,0.0000,0.0000,0,0,-736.445,93.040,82.963,0.000,0,-1.000000,1.000,28.924,-1.000000,0.0000,0.0000,0,0,0.000,1.000,19.607,-736.445,93.040,82.963,0,0,-1,99.838498
74,10.2274,full-walk,-735.040,70.996,88.150,0.000,15.000,15.000,-720.448,66.738,3.238,-723.673,83.939,3.238,0.0000,0.0000,-722.732,51.752,82.950,-736.537,93.013,82.950,0.2959,0.0000,0.0000,0,0.000,0.000,0.0000,0.0000,0,0,-736.537,93.013,82.950,0.000,0,-1.000000,1.000,28.924,-1.000000,0.0000,0.0000,0,0,0.000,1.000,19.607,-736.537,93.013,82.950,0,0,-1,99.836328
75,10.3606,full-walk,-727.047,73.138,88.150,93.120,15.000,15.000,-723.298,65.442,2.511,-701.110,91.242,4.091,0.6651,0.7760,-719.538,52.236,79.250,-723.747,96.736,80.080,0.3991,0.0000,0.0000,0,0.000,0.000,0.0000,0.0000,0,0,-723.747,96.736,80.080,0.000,0,-1.000000,1.000,28.924,-1.000000,0.0000,0.0000,0,0,0.000,1.000,19.607,-723.747,96.736,80.080,0,0,-1,99.834200
76,10.4926,full-walk,-707.426,78.395,88.150,180.000,15.000,15.000,-714.497,67.147,5.864,-679.982,96.986,3.039,1.0000,1.5000,-688.647,62.849,78.801,-716.415,99.268,77.554,0.5979,0.0000,0.0000,0,0.000,0.000,0.0000,0.0000,0,0,-716.415,99.268,77.554,0.000,0,-1.000000,1.000,28.924,-1.000000,0.0000,0.0000,0,0,0.000,1.000,19.607,-716.415,99.268,77.554,0,0,-1,99.832079
77,10.6239,full-walk,-684.642,84.500,88.150,180.000,15.000,15.000,-661.448,83.176,11.255,-679.434,95.457,3.406,1.0000,1.5000,-661.809,70.763,81.994,-698.316,103.980,80.026,0.7945,0.0000,0.0000,0,0.000,0.000,0.0000,0.0000,0,0,-698.316,103.980,80.026,0.000,0,-1.000000,1.000,28.924,-1.000000,0.0000,0.0000,0,0,0.000,1.000,19.607,-698.316,103.980,80.026,0,0,-1,99.829983
78,10.7578,full-walk,-661.328,90.747,88.150,180.000,15.000,15.000,-617.167,96.377,3.275,-679.033,93.980,3.217,1.0000,1.5000,-648.624,72.104,77.014,-663.175,113.101,76.945,0.9956,0.0000,0.0000,0,0.000,0.000,0.0000,0.0000,0,0,-663.175,113.101,76.945,0.000,0,-1.000000,1.000,28.924,-1.000000,0.0000,0.0000,0,0,0.000,1.000,19.607,-663.175,113.101,76.945,0,0,-1,99.827837
79,10.8952,full-walk,-637.495,97.133,88.150,180.000,15.000,15.000,-616.137,95.040,3.132,-635.489,106.878,10.875,1.0000,1.5000,-636.632,73.373,79.707,-627.524,121.836,81.559,0.2013,0.0000,0.0000,0,0.000,0.000,0.0000,0.0000,0,0,-627.524,121.836,81.559,0.000,0,-1.000000,1.000,28.924,-1.000000,0.0000,0.0000,0,0,0.000,1.000,19.607,-627.524,121.836,81.559,0,0,-1,99.825644
80,11.0284,full-walk,-614.278,103.354,88.150,180.000,15.000,15.000,-615.922,93.993,3.029,-581.485,123.820,5.869,1.0000,1.5000,-609.047,81.806,77.552,-608.702,127.633,78.783,0.4016,0.0000,0.0000,0,0.000,0.000,0.0000,0.0000,0,0,-608.702,127.633,78.783,0.000,0,-1.000000,1.000,28.924,-1.000000,0.0000,0.0000,0,0,0.000,1.000,19.607,-608.702,127.633,78.783,0,0,-1,99.823507
81,11.1600,full-walk,-591.452,109.470,87.880,180.000,15.000,15.000,-598.475,98.247,5.616,-564.072,128.048,2.764,1.0000,1.5000,-572.645,93.946,78.539,-600.482,130.340,77.287,0.5985,0.0000,0.0000,0,0.000,0.000,0.0000,0.0000,0,0,-600.482,130.340,77.287,0.000,0,-1.000000,1.000,28.924,-1.000000,0.0000,0.0000,0,0,0.000,1.000,19.607,-600.482,130.340,77.287,0,0,-1,99.821407
82,11.2928,full-walk,-568.318,115.669,87.586,180.000,15.000,15.000,-544.522,114.554,10.635,-563.518,126.501,2.869,1.0000,1.5000,-545.548,101.907,81.405,-581.919,135.178,79.447,0.7981,0.0000,0.0000,0,0.000,0.000,0.0000,0.0000,0,0,-581.919,135.178,79.447,0.000,0,-1.000000,1.000,28.924,-1.000000,0.0000,0.0000,0,0,0.000,1.000,19.607,-581.919,135.178,79.447,0,0,-1,99.819278
83,11.4283,full-walk,-544.795,121.972,87.315,180.000,15.000,15.000,-500.745,127.576,2.385,-562.978,125.050,2.398,1.0000,1.5000,-532.477,103.156,76.134,-546.210,144.426,76.141,0.0010,0.0000,0.0000,0,0.000,0.000,0.0000,0.0000,0,0,-546.210,144.426,76.141,0.000,0,-1.000000,1.000,28.924,-1.000000,0.0000,0.0000,0,0,0.000,1.000,19.607,-546.210,144.426,76.141,0,0,-1,99.817113
84,11.5595,full-walk,-521.944,128.095,87.031,180.000,15.000,15.000,-500.222,126.121,1.996,-520.445,137.670,9.629,1.0000,1.5000,-521.012,104.368,78.529,-512.043,152.786,80.370,0.1981,0.0000,0.0000,0,0.000,0.000,0.0000,0.0000,0,0,-512.043,152.786,80.370,0.000,0,-1.000000,1.000,28.924,-1.000000,0.0000,0.0000,0,0,0.000,1.000,19.607,-512.043,152.786,80.370,0,0,-1,99.815011
85,11.6951,full-walk,-498.407,134.401,86.745,180.000,15.000,15.000,-500.013,125.056,1.621,-465.651,154.858,4.479,1.0000,1.5000,-493.201,112.846,76.149,-492.810,158.687,77.384,0.4012,0.0000,0.0000,0,0.000,0.000,0.0000,0.0000,0,0,-492.810,158.687,77.384,0.000,0,-1.000000,1.000,28.924,-1.000000,0.0000,0.0000,0,0,0.000,1.000,19.607,-492.810,158.687,77.384,0,0,-1,99.812845
86,11.8272,full-walk,-475.408,140.564,86.480,180.000,15.000,15.000,-482.328,129.393,4.264,-448.162,159.114,1.356,1.0000,1.5000,-456.543,125.087,77.157,-484.525,161.427,75.894,0.5996,0.0000,0.0000,0,0.000,0.000,0.0000,0.0000,0,0,-484.525,161.427,75.894,0.000,0,-1.000000,1.000,28.924,-1.000000,0.0000,0.0000,0,0,0.000,1.000,19.607,-484.525,161.427,75.894,0,0,-1,99.810728
87,11.9629,full-walk,-451.822,146.884,86.181,180.000,15.000,15.000,-427.199,146.057,8.966,-447.605,157.536,1.358,1.0000,1.5000,-429.158,133.080,79.810,-465.297,166.439,77.868,0.8031,0.0000,0.0000,0,0.000,0.000,0.0000,0.0000,0,0,-465.297,166.439,77.868,0.000,0,-1.000000,1.000,28.924,-1.000000,0.0000,0.0000,0,0,0.000,1.000,19.607,-465.297,166.439,77.868,0,0,-1,99.808558
88,12.0976,full-walk,-428.383,153.164,86.181,180.000,15.000,15.000,-384.811,158.590,1.229,-446.529,156.234,1.280,1.0000,1.5000,-416.405,134.185,74.969,-429.438,175.691,75.041,0.0053,0.0000,0.0000,0,0.000,0.000,0.0000,0.0000,0,0,-429.438,175.691,75.041,0.000,0,-1.000000,1.000,28.924,-1.000000,0.0000,0.0000,0,0,0.000,1.000,19.607,-429.438,175.691,75.041,0,0,-1,99.806401
89,12.2346,full-walk,-404.579,159.543,85.915,180.000,15.000,15.000,-384.332,157.116,1.012,-400.934,169.869,8.973,1.0000,1.5000,-403.835,135.729,77.694,-394.463,184.293,79.573,0.2107,0.0000,0.0000,0,0.000,0.000,0.0000,0.0000,0,0,-394.463,184.293,79.573,0.000,0,-1.000000,1.000,28.924,-1.000000,0.0000,0.0000,0,0,0.000,1.000,19.607,-394.463,184.293,79.573,0,0,-1,99.804210
90,12.3656,full-walk,-381.768,165.655,85.915,180.000,15.000,15.000,-384.065,156.038,0.852,-348.381,186.284,3.400,1.0000,1.5000,-376.128,144.232,75.284,-376.557,189.824,76.455,0.4075,0.0000,0.0000,0,0.000,0.000,0.0000,0.0000,0,0,-376.557,189.824,76.455,0.000,0,-1.000000,1.000,28.924,-1.000000,0.0000,0.0000,0,0,0.000,1.000,19.607,-376.557,189.824,76.455,0,0,-1,99.802111
91,12.5056,full-walk,-357.552,172.143,85.915,180.000,15.000,15.000,-362.543,161.543,4.924,-332.081,190.004,1.134,1.0000,1.5000,-337.740,157.023,77.458,-367.665,192.657,76.024,0.6164,0.0000,0.0000,0,0.000,0.000,0.0000,0.0000,0,0,-367.665,192.657,76.024,0.000,0,-1.000000,1.000,28.924,-1.000000,0.0000,0.0000,0,0,0.000,1.000,19.607,-367.665,192.657,76.024,0,0,-1,99.799882
92,12.6370,full-walk,-334.598,178.294,85.915,180.000,15.000,15.000,-308.143,178.110,7.884,-331.697,188.533,0.667,1.0000,1.5000,-312.192,164.386,78.904,-347.758,197.958,77.000,0.8144,0.0000,0.0000,0,0.000,0.000,0.0000,0.0000,0,0,-347.758,197.958,77.000,0.000,0,-1.000000,1.000,28.924,-1.000000,0.0000,0.0000,0,0,0.000,1.000,19.607,-347.758,197.958,77.000,0,0,-1,99.797770
93,12.7771,full-walk,-310.310,184.802,86.177,180.000,15.000,15.000,-268.879,189.534,1.185,-328.118,187.999,1.410,1.0000,1.5000,-299.806,165.200,74.867,-309.877,207.689,75.208,0.0240,0.0000,0.0000,0,0.000,0.000,0.0000,0.0000,0,0,-309.877,207.689,75.208,0.000,0,-1.000000,1.000,28.924,-1.000000,0.0000,0.0000,0,0,0.000,1.000,19.607,-309.877,207.689,75.208,0,0,-1,99.795535
94,12.9120,full-walk,-286.777,191.107,86.355,180.000,15.000,15.000,-268.424,188.095,1.489,-280.483,202.322,9.785,1.0000,1.5000,-286.249,167.233,78.301,-276.464,215.921,80.212,0.2270,0.0000,0.0000,0,0.000,0.000,0.0000,0.0000,0,0,-276.464,215.921,80.212,0.000,0,-1.000000,1.000,28.924,-1.000000,0.0000,0.0000,0,0,0.000,1.000,19.607,-276.464,215.921,80.212,0,0,-1,99.793369
95,13.0525,full-walk,-262.388,197.643,86.728,180.000,15.000,15.000,-267.990,186.723,1.906,-226.173,219.015,3.177,1.0000,1.5000,-254.677,176.892,75.842,-259.061,221.227,76.692,0.4374,0.0000,0.0000,0,0.000,0.000,0.0000,0.0000,0,0,-259.061,221.227,76.692,0.000,0,-1.000000,1.000,28.924,-1.000000,0.0000,0.0000,0,0,0.000,1.000,19.607,-259.061,221.227,76.692,0,0,-1,99.791125
96,13.1922,full-walk,-238.078,204.156,87.196,180.000,15.000,15.000,-238.878,194.749,7.837,-216.030,220.739,2.485,1.0000,1.5000,-216.799,189.595,79.729,-249.741,224.132,78.021,0.6471,0.0000,0.0000,0,0.000,0.000,0.0000,0.0000,0,0,-249.741,224.132,78.021,0.000,0,-1.000000,1.000,28.924,-1.000000,0.0000,0.0000,0,0,0.000,1.000,19.607,-249.741,224.132,78.021,0,0,-1,99.788888
97,13.3337,turn-while-moving,-213.542,210.731,87.765,180.000,15.000,15.000,-180.390,212.584,8.108,-215.709,219.056,3.012,1.0000,1.5000,-192.540,195.913,80.079,-224.929,230.656,78.468,0.8588,0.0000,0.0000,0,0.000,0.000,0.0000,0.0000,0,0,-224.929,230.656,78.468,0.000,0,-1.000000,1.000,28.924,-1.000000,0.0000,0.0000,0,0,0.000,1.000,19.607,-224.929,230.656,78.468,0,0,-1,99.786630
98,13.4644,turn-while-moving,-199.566,222.260,88.284,142.237,54.294,15.000,-169.810,253.148,3.337,-215.486,213.179,3.416,1.0000,1.1853,-178.604,214.468,77.019,-214.175,239.598,77.223,0.0141,0.0000,0.0000,0,0.000,0.000,0.0000,0.0000,0,0,-214.175,239.598,77.223,0.000,0,-1.000000,1.000,28.924,-1.000000,0.0000,0.0000,0,0,0.000,1.000,19.607,-214.175,239.598,77.223,0,0,-1,99.784534
99,13.6037,turn-while-moving,-191.810,240.460,88.847,142.237,72.265,15.000,-177.858,259.947,3.820,-199.867,243.834,10.655,1.0000,1.1853,-171.275,229.021,80.036,-207.464,261.666,81.807,0.1791,0.0000,0.0000,0,0.000,0.000,0.0000,0.0000,0,0,-207.464,261.666,81.807,0.000,0,-1.000000,1.000,28.924,-1.000000,0.0000,0.0000,0,0,0.000,1.000,19.607,-207.464,261.666,81.807,0,0,-1,99.782307
100,13.7358,turn-while-moving,-185.813,258.300,89.386,142.237,72.265,15.000,-176.531,259.464,4.499,-187.184,288.057,10.745,1.0000,1.1853,-165.144,247.458,80.434,-201.642,279.096,82.167,0.3359,0.0000,0.0000,0,0.000,0.000,0.0000,0.0000,0,0,-201.642,279.096,82.167,0.000,0,-1.000000,1.000,28.924,-1.000000,0.0000,0.0000,0,0,0.000,1.000,19.607,-201.642,279.096,82.167,0,0,-1,99.780190
101,13.8648,turn-while-moving,-180.192,275.722,89.928,142.237,72.265,15.000,-175.414,259.069,4.989,-177.835,319.954,5.011,1.0000,1.1853,-157.755,275.006,78.678,-199.454,287.522,78.843,0.4885,0.0000,0.0000,0,0.000,0.000,0.0000,0.0000,0,0,-199.454,287.522,78.843,0.000,0,-1.000000,1.000,28.924,-1.000000,0.0000,0.0000,0,0,0.000,1.000,19.607,-199.454,287.522,78.843,0,0,-1,99.778130
102,13.9910,turn-while-moving,-174.699,292.870,90.481,142.237,72.265,15.000,-167.557,285.938,10.476,-176.510,321.361,5.579,1.0000,1.1853,-151.030,302.513,82.580,-197.715,294.309,80.932,0.6385,0.0000,0.0000,0,0.000,0.000,0.0000,0.0000,0,0,-197.715,294.309,80.932,0.000,0,-1.000000,1.000,28.924,-1.000000,0.0000,0.0000,0,0,0.000,1.000,19.607,-197.715,294.309,80.932,0,0,-1,99.776105
103,14.1256,turn-while-moving,-168.883,311.050,91.092,142.237,72.265,15.000,-155.096,330.384,14.149,-175.385,320.998,6.372,1.0000,1.1853,-144.992,322.770,84.915,-192.650,310.149,82.955,0.7976,0.0000,0.0000,0,0.000,0.000,0.0000,0.0000,0,0,-192.650,310.149,82.955,0.000,0,-1.000000,1.000,28.924,-1.000000,0.0000,0.0000,0,0,0.000,1.000,19.607,-192.650,310.149,82.955,0,0,-1,99.773958
104,14.2586,turn-while-moving,-163.111,329.098,91.719,142.237,72.265,15.000,-144.297,368.061,7.332,-174.237,320.625,6.609,1.0000,1.1853,-140.132,332.862,81.028,-184.015,336.612,80.394,0.9555,0.0000,0.0000,0,0.000,0.000,0.0000,0.0000,0,0,-184.015,336.612,80.394,0.000,0,-1.000000,1.000,28.924,-1.000000,0.0000,0.0000,0,0,0.000,1.000,19.607,-184.015,336.612,80.394,0,0,-1,99.771826
105,14.3914,turn-while-moving,-157.357,347.090,92.360,142.237,72.265,15.000,-141.495,374.165,7.392,-167.796,340.930,11.019,1.0000,1.1853,-136.225,338.788,82.243,-174.100,365.616,83.599,0.1129,0.0000,0.0000,0,0.000,0.000,0.0000,0.0000,0,0,-174.100,365.616,83.599,0.000,0,-1.000000,1.000,28.924,-1.000000,0.0000,0.0000,0,0,0.000,1.000,19.607,-174.100,365.616,83.599,0,0,-1,99.769701
106,14.5233,turn-while-moving,-151.632,364.990,93.007,142.237,72.265,15.000,-140.423,373.845,8.132,-155.789,383.713,16.502,1.0000,1.1853,-131.282,352.480,84.962,-166.918,387.118,86.878,0.2695,0.0000,0.0000,0,0.000,0.000,0.0000,0.0000,0,0,-166.918,387.118,86.878,0.000,0,-1.000000,1.000,28.924,-1.000000,0.0000,0.0000,0,0,0.000,1.000,19.607,-166.918,387.118,86.878,0,0,-1,99.767587
107,14.6550,turn-while-moving,-145.934,382.805,93.664,142.237,72.265,15.000,-139.504,373.596,8.829,-144.675,423.806,10.578,1.0000,1.1853,-124.528,377.216,82.956,-163.755,399.147,83.943,0.4254,0.0000,0.0000,0,0.000,0.000,0.0000,0.0000,0,0,-163.755,399.147,83.943,0.000,0,-1.000000,1.000,28.924,-1.000000,0.0000,0.0000,0,0,0.000,1.000,19.607,-163.755,399.147,83.943,0,0,-1,99.765483
108,14.7880,turn-while-moving,-140.166,400.841,94.337,142.237,72.265,15.000,-134.676,387.344,11.504,-140.337,435.629,9.374,1.0000,1.1853,-116.846,407.276,84.766,-162.047,405.554,83.667,0.5832,0.0000,0.0000,0,0.000,0.000,0.0000,0.0000,0,0,-162.047,405.554,83.667,0.000,0,-1.000000,1.000,28.924,-1.000000,0.0000,0.0000,0,0,0.000,1.000,19.607,-162.047,405.554,83.667,0,0,-1,99.763353
109,14.9210,turn-while-moving,-134.410,418.840,95.015,142.237,72.265,15.000,-123.065,428.331,18.543,-139.180,435.301,10.124,1.0000,1.1853,-110.422,431.017,89.009,-158.286,417.395,86.985,0.7407,0.0000,0.0000,0,0.000,0.000,0.0000,0.0000,0,0,-158.286,417.395,86.985,0.000,0,-1.000000,1.000,28.924,-1.000000,0.0000,0.0000,0,0,0.000,1.000,19.607,-158.286,417.395,86.985,0,0,-1,99.761228
110,15.0543,turn-while-moving,-128.627,436.920,95.695,142.237,72.265,15.000,-111.202,470.943,13.708,-138.178,435.030,10.751,1.0000,1.1853,-105.262,444.506,86.612,-151.012,440.387,85.338,0.8989,0.0000,0.0000,0,0.000,0.000,0.0000,0.0000,0,0,-151.012,440.387,85.338,0.000,0,-1.000000,1.000,28.924,-1.000000,0.0000,0.0000,0,0,0.000,1.000,19.607,-151.012,440.387,85.338,0,0,-1,99.759092
111,15.1931,turn-while-moving,-122.631,455.668,96.393,142.237,72.265,15.000,-105.322,488.574,11.455,-134.390,444.514,12.726,1.0000,1.1853,-100.914,450.903,85.396,-140.573,471.203,86.249,0.0629,0.0000,0.0000,0,0.000,0.000,0.0000,0.0000,0,0,-140.573,471.203,86.249,0.000,0,-1.000000,1.000,28.924,-1.000000,0.0000,0.0000,0,0,0.000,1.000,19.607,-140.573,471.203,86.249,0,0,-1,99.756878
112,15.3229,turn-while-moving,-116.987,473.318,97.041,142.237,72.265,15.000,-104.220,488.255,12.216,-123.424,483.135,20.342,1.0000,1.1853,-96.568,460.976,88.962,-132.310,495.310,90.860,0.2173,0.0000,0.0000,0,0.000,0.000,0.0000,0.0000,0,0,-132.310,495.310,90.860,0.000,0,-1.000000,1.000,28.924,-1.000000,0.0000,0.0000,0,0,0.000,1.000,19.607,-132.310,495.310,90.860,0,0,-1,99.754794
113,15.4592,turn-while-moving,-111.096,491.737,97.700,142.237,72.265,15.000,-102.898,487.882,12.829,-110.716,527.467,16.887,1.0000,1.1853,-89.865,482.948,87.847,-127.488,510.666,89.292,0.3785,0.0000,0.0000,0,0.000,0.000,0.0000,0.0000,0,0,-127.488,510.666,89.292,0.000,0,-1.000000,1.000,28.924,-1.000000,0.0000,0.0000,0,0,0.000,1.000,19.607,-127.488,510.666,89.292,0,0,-1,99.752619
114,15.5868,turn-while-moving,-105.554,509.066,98.310,142.237,72.265,15.000,-101.046,491.801,13.604,-104.167,549.989,13.266,1.0000,1.1853,-82.775,511.754,87.420,-126.120,517.684,86.986,0.5301,0.0000,0.0000,0,0.000,0.000,0.0000,0.0000,0,0,-126.120,517.684,86.986,0.000,0,-1.000000,1.000,28.924,-1.000000,0.0000,0.0000,0,0,0.000,1.000,19.607,-126.120,517.684,86.986,0,0,-1,99.750572
115,15.7197,turn-while-moving,-99.803,527.048,98.915,142.237,72.265,15.000,-90.806,527.577,20.987,-103.090,549.704,13.760,1.0000,1.1853,-75.979,538.419,92.007,-123.473,526.559,90.098,0.6874,0.0000,0.0000,0,0.000,0.000,0.0000,0.0000,0,0,-123.473,526.559,90.098,0.000,0,-1.000000,1.000,28.924,-1.000000,0.0000,0.0000,0,0,0.000,1.000,19.607,-123.473,526.559,90.098,0,0,-1,99.748448
116,15.8510,turn-while-moving,-94.108,544.854,99.485,142.237,72.265,15.000,-78.381,571.497,20.400,-101.890,549.366,14.510,1.0000,1.1853,-70.293,555.199,92.023,-117.337,545.360,90.296,0.8432,0.0000,0.0000,0,0.000,0.000,0.0000,0.0000,0,0,-117.337,545.360,90.296,0.000,0,-1.000000,1.000,28.924,-1.000000,0.0000,0.0000,0,0,0.000,1.000,19.607,-117.337,545.360,90.296,0,0,-1,99.746345
117,15.9864,turn-while-moving,-88.249,563.175,100.060,142.237,72.265,15.000,-69.204,602.974,15.115,-100.655,549.561,15.152,1.0000,1.1853,-65.787,563.147,88.861,-107.825,574.324,88.905,0.0035,0.0000,0.0000,0,0.000,0.000,0.0000,0.0000,0,0,-107.825,574.324,88.905,0.000,0,-1.000000,1.000,28.924,-1.000000,0.0000,0.0000,0,0,0.000,1.000,19.607,-107.825,574.324,88.905,0,0,-1,99.744182
118,16.1211,turn-while-moving,-82.401,581.460,100.624,142.237,72.265,15.000,-68.006,602.771,15.679,-91.101,582.335,21.898,1.0000,1.1853,-61.776,570.570,91.589,-98.247,602.235,93.302,0.1635,0.0000,0.0000,0,0.000,0.000,0.0000,0.0000,0,0,-98.247,602.235,93.302,0.000,0,-1.000000,1.000,28.924,-1.000000,0.0000,0.0000,0,0,0.000,1.000,19.607,-98.247,602.235,93.302,0,0,-1,99.742022
119,16.2549,turn-while-moving,-76.623,599.525,101.174,142.237,72.265,15.000,-66.976,602.380,16.290,-78.625,627.096,23.186,1.0000,1.1853,-56.105,588.194,92.487,-92.329,620.785,94.291,0.3215,0.0000,0.0000,0,0.000,0.000,0.0000,0.0000,0,0,-92.329,620.785,94.291,0.000,0,-1.000000,1.000,28.924,-1.000000,0.0000,0.0000,0,0,0.000,1.000,19.607,-92.329,620.785,94.291,0,0,-1,99.739889
120,16.3885,stop-from-turn,-70.818,617.678,101.716,142.237,72.265,15.000,-65.648,601.951,16.760,-68.351,661.726,16.856,1.0000,1.1853,-48.339,616.267,90.425,-89.711,630.054,90.702,0.4803,0.0000,0.0000,0,0.000,0.000,0.0000,0.0000,0,0,-89.711,630.054,90.702,0.000,0,-1.000000,1.000,28.924,-1.000000,0.0000,0.0000,0,0,0.000,1.000,19.607,-89.711,630.054,90.702,0,0,-1,99.737745
121,16.5261,stop-from-turn,-70.586,618.403,101.737,0.000,72.265,15.000,-61.108,620.056,15.716,-73.073,643.802,15.593,0.3140,0.0000,-47.865,617.880,94.608,-89.795,629.551,94.690,0.4803,0.0000,0.0000,0,0.000,0.000,0.0000,0.0000,0,0,-89.795,629.551,94.690,0.000,0,-1.000000,1.000,28.924,-1.000000,0.0000,0.0000,0,0,0.000,1.000,19.607,-89.795,629.551,94.690,0,0,-1,99.735549
122,16.6564,stop-from-turn,-70.586,618.403,101.737,0.000,72.265,15.000,-59.114,628.375,16.825,-75.327,634.964,16.825,0.0000,0.0000,-47.775,618.198,96.516,-89.961,628.900,96.516,0.4803,0.0000,0.0000,0,0.000,0.000,0.0000,0.0000,0,0,-89.961,628.900,96.516,0.000,0,-1.000000,1.000,28.924,-1.000000,0.0000,0.0000,0,0,0.000,1.000,19.607,-89.961,628.900,96.516,0,0,-1,99.733456
123,16.7928,stop-from-turn,-70.586,618.403,101.737,0.000,72.265,15.000,-59.114,628.375,16.825,-75.327,634.964,16.825,0.0000,0.0000,-47.775,618.198,96.516,-89.961,628.900,96.516,0.4803,0.0000,0.0000,0,0.000,0.000,0.0000,0.0000,0,0,-89.961,628.900,96.516,0.000,0,-1.000000,1.000,28.924,-1.000000,0.0000,0.0000,0,0,0.000,1.000,19.607,-89.961,628.900,96.516,0,0,-1,99.731279
124,16.9265,stop-from-turn,-70.586,618.403,101.737,0.000,72.265,15.000,-59.114,628.375,16.825,-75.327,634.964,16.825,0.0000,0.0000,-47.778,618.181,96.514,-89.966,628.883,96.514,0.4803,0.0000,0.0000,0,0.000,0.000,0.0000,0.0000,0,0,-89.966,628.883,96.514,0.000,0,-1.000000,1.000,28.924,-1.000000,0.0000,0.0000,0,0,0.000,1.000,19.607,-89.966,628.883,96.514,0,0,-1,99.729136
125,17.0601,stop-from-turn,-70.586,618.403,101.737,0.000,72.265,15.000,-59.114,628.375,16.825,-75.327,634.964,16.825,0.0000,0.0000,-47.778,618.181,96.514,-89.966,628.883,96.514,0.4803,0.0000,0.0000,0,0.000,0.000,0.0000,0.0000,0,0,-89.966,628.883,96.514,0.000,0,-1.000000,1.000,28.924,-1.000000,0.0000,0.0000,0,0,0.000,1.000,19.607,-89.966,628.883,96.514,0,0,-1,99.727003
126,17.1933,stop-from-turn,-70.586,618.403,101.737,0.000,72.265,15.000,-59.114,628.375,16.825,-75.327,634.964,16.825,0.0000,0.0000,-47.750,618.315,96.532,-89.927,629.015,96.532,0.4803,0.0000,0.0000,0,0.000,0.000,0.0000,0.0000,0,0,-89.927,629.015,96.532,0.000,0,-1.000000,1.000,28.924,-1.000000,0.0000,0.0000,0,0,0.000,1.000,19.607,-89.927,629.015,96.532,0,0,-1,99.724868
127,17.3246,stop-from-turn,-70.586,618.403,101.737,0.000,72.265,15.000,-59.114,628.375,16.825,-75.327,634.964,16.825,0.0000,0.0000,-47.733,618.398,96.544,-89.902,629.097,96.544,0.4803,0.0000,0.0000,0,0.000,0.000,0.0000,0.0000,0,0,-89.902,629.097,96.544,0.000,0,-1.000000,1.000,28.924,-1.000000,0.0000,0.0000,0,0,0.000,1.000,19.607,-89.902,629.097,96.544,0,0,-1,99.722770
128,17.4565,stop-from-turn,-70.586,618.403,101.737,0.000,72.265,15.000,-59.114,628.375,16.825,-75.327,634.964,16.825,0.0000,0.0000,-47.715,618.483,96.556,-89.878,629.180,96.556,0.4803,0.0000,0.0000,0,0.000,0.000,0.0000,0.0000,0,0,-89.878,629.180,96.556,0.000,0,-1.000000,1.000,28.924,-1.000000,0.0000,0.0000,0,0,0.000,1.000,19.607,-89.878,629.180,96.556,0,0,-1,99.720655
129,17.5948,stop-from-turn,-70.586,618.403,101.737,0.000,72.265,15.000,-59.114,628.375,16.825,-75.327,634.964,16.825,0.0000,0.0000,-47.694,618.581,96.570,-89.849,629.276,96.570,0.4803,0.0000,0.0000,0,0.000,0.000,0.0000,0.0000,0,0,-89.849,629.276,96.570,0.000,0,-1.000000,1.000,28.924,-1.000000,0.0000,0.0000,0,0,0.000,1.000,19.607,-89.849,629.276,96.570,0,0,-1,99.718446
130,17.7268,stop-from-turn,-70.586,618.403,101.737,0.000,72.265,15.000,-59.114,628.375,16.825,-75.327,634.964,16.825,0.0000,0.0000,-47.677,618.663,96.582,-89.825,629.356,96.582,0.4803,0.0000,0.0000,0,0.000,0.000,0.0000,0.0000,0,0,-89.825,629.356,96.582,0.000,0,-1.000000,1.000,28.924,-1.000000,0.0000,0.0000,0,0,0.000,1.000,19.607,-89.825,629.356,96.582,0,0,-1,99.716333
131,17.8600,stop-from-turn,-70.586,618.403,101.737,0.000,72.265,15.000,-59.114,628.375,16.825,-75.327,634.964,16.825,0.0000,0.0000,-47.661,618.742,96.594,-89.802,629.433,96.594,0.4803,0.0000,0.0000,0,0.000,0.000,0.0000,0.0000,0,0,-89.802,629.433,96.594,0.000,0,-1.000000,1.000,28.924,-1.000000,0.0000,0.0000,0,0,0.000,1.000,19.607,-89.802,629.433,96.594,0,0,-1,99.714204
132,17.9901,stop-from-turn,-70.586,618.403,101.737,0.000,72.265,15.000,-59.114,628.375,16.825,-75.327,634.964,16.825,0.0000,0.0000,-47.654,618.776,96.598,-89.792,629.465,96.598,0.4803,0.0000,0.0000,0,0.000,0.000,0.0000,0.0000,0,0,-89.792,629.465,96.598,0.000,0,-1.000000,1.000,28.924,-1.000000,0.0000,0.0000,0,0,0.000,1.000,19.607,-89.792,629.465,96.598,0,0,-1,99.712119
133,18.1261,stop-from-turn,-70.586,618.403,101.737,0.000,72.265,15.000,-59.114,628.375,16.825,-75.327,634.964,16.825,0.0000,0.0000,-47.654,618.776,96.598,-89.792,629.465,96.598,0.4803,0.0000,0.0000,0,0.000,0.000,0.0000,0.0000,0,0,-89.792,629.465,96.598,0.000,0,-1.000000,1.000,28.924,-1.000000,0.0000,0.0000,0,0,0.000,1.000,19.607,-89.792,629.465,96.598,0,0,-1,99.709947
134,18.2564,stop-from-turn,-70.586,618.403,101.737,0.000,72.265,15.000,-59.114,628.375,16.825,-75.327,634.964,16.825,0.0000,0.0000,-47.639,618.845,96.609,-89.771,629.533,96.609,0.4803,0.0000,0.0000,0,0.000,0.000,0.0000,0.0000,0,0,-89.771,629.533,96.609,0.000,0,-1.000000,1.000,28.924,-1.000000,0.0000,0.0000,0,0,0.000,1.000,19.607,-89.771,629.533,96.609,0,0,-1,99.707858
135,18.3927,orbit-standing-character,-70.586,618.403,101.737,0.000,72.265,15.000,-59.114,628.375,16.825,-75.327,634.964,16.825,0.0000,0.0000,-47.639,618.845,96.609,-89.771,629.533,96.609,0.4803,0.0000,0.0000,0,0.000,0.000,0.0000,0.0000,0,0,-89.771,629.533,96.609,0.000,0,-1.000000,1.000,28.924,-1.000000,0.0000,0.0000,0,0,0.000,1.000,19.607,-89.771,629.533,96.609,0,0,-1,99.705680
136,18.5252,orbit-standing-character,-70.586,618.403,101.737,0.000,72.265,22.090,-59.114,628.375,16.825,-75.327,634.964,16.825,0.0000,0.0000,-47.653,618.781,96.601,-89.790,629.471,96.601,0.4803,0.0000,0.0000,0,0.000,0.000,0.0000,0.0000,0,0,-89.790,629.471,96.601,0.000,0,-1.000000,1.000,28.924,-1.000000,0.0000,0.0000,0,0,0.000,1.000,19.607,-89.790,629.471,96.601,0,0,-1,99.703557
137,18.6595,orbit-standing-character,-70.586,618.403,101.737,0.000,72.265,29.250,-59.114,628.375,16.825,-75.327,634.964,16.825,0.0000,0.0000,-47.668,618.711,96.595,-89.810,629.403,96.595,0.4803,0.0000,0.0000,0,0.000,0.000,0.0000,0.0000,0,0,-89.810,629.403,96.595,0.000,0,-1.000000,1.000,28.924,-1.000000,0.0000,0.0000,0,0,0.000,1.000,19.607,-89.810,629.403,96.595,0,0,-1,99.701413
138,18.7913,orbit-standing-character,-70.586,618.403,101.737,0.000,72.265,36.314,-59.114,628.375,16.825,-75.327,634.964,16.825,0.0000,0.0000,-47.681,618.646,96.579,-89.830,629.340,96.579,0.4803,0.0000,0.0000,0,0.000,0.000,0.0000,0.0000,0,0,-89.830,629.340,96.579,0.000,0,-1.000000,1.000,28.924,-1.000000,0.0000,0.0000,0,0,0.000,1.000,19.607,-89.830,629.340,96.579,0,0,-1,99.699298
139,18.9233,orbit-standing-character,-70.586,618.403,101.737,0.000,72.265,43.352,-59.114,628.375,16.825,-75.327,634.964,16.825,0.0000,0.0000,-47.700,618.555,96.566,-89.856,629.250,96.566,0.4803,0.0000,0.0000,0,0.000,0.000,0.0000,0.0000,0,0,-89.856,629.250,96.566,0.000,0,-1.000000,1.000,28.924,-1.000000,0.0000,0.0000,0,0,0.000,1.000,19.607,-89.856,629.250,96.566,0,0,-1,99.697191
140,19.0603,orbit-standing-character,-70.586,618.403,101.737,0.000,72.265,50.676,-59.114,628.375,16.825,-75.327,634.964,16.825,0.0000,0.0000,-47.719,618.466,96.553,-89.883,629.163,96.553,0.4803,0.0000,0.0000,0,0.000,0.000,0.0000,0.0000,0,0,-89.883,629.163,96.553,0.000,0,-1.000000,1.000,28.924,-1.000000,0.0000,0.0000,0,0,0.000,1.000,19.607,-89.883,629.163,96.553,0,0,-1,99.694998
141,19.1923,orbit-standing-character,-70.586,618.403,101.737,0.000,72.265,57.720,-59.114,628.375,16.825,-75.327,634.964,16.825,0.0000,0.0000,-47.738,618.374,96.540,-89.909,629.073,96.540,0.4803,0.0000,0.0000,0,0.000,0.000,0.0000,0.0000,0,0,-89.909,629.073,96.540,0.000,0,-1.000000,1.000,28.924,-1.000000,0.0000,0.0000,0,0,0.000,1.000,19.607,-89.909,629.073,96.540,0,0,-1,99.692889
142,19.3248,orbit-standing-character,-70.586,618.403,101.737,0.000,72.265,64.822,-59.114,628.375,16.825,-75.327,634.964,16.825,0.0000,0.0000,-47.750,618.316,96.530,-89.926,629.016,96.530,0.4803,0.0000,0.0000,0,0.000,0.000,0.0000,0.0000,0,0,-89.926,629.016,96.530,0.000,0,-1.000000,1.000,28.924,-1.000000,0.0000,0.0000,0,0,0.000,1.000,19.607,-89.926,629.016,96.530,0,0,-1,99.690763
143,19.4602,orbit-standing-character,-70.586,618.403,101.737,0.000,72.265,72.041,-59.114,628.375,16.825,-75.327,634.964,16.825,0.0000,0.0000,-47.755,618.296,96.522,-89.931,628.996,96.522,0.4803,0.0000,0.0000,0,0.000,0.000,0.0000,0.0000,0,0,-89.931,628.996,96.522,0.000,0,-1.000000,1.000,28.924,-1.000000,0.0000,0.0000,0,0,0.000,1.000,19.607,-89.931,628.996,96.522,0,0,-1,99.688601
144,19.5958,orbit-standing-character,-70.586,618.403,101.737,0.000,72.265,79.303,-59.114,628.375,16.825,-75.327,634.964,16.825,0.0000,0.0000,-47.775,618.198,96.516,-89.961,628.900,96.516,0.4803,0.0000,0.0000,0,0.000,0.000,0.0000,0.0000,0,0,-89.961,628.900,96.516,0.000,0,-1.000000,1.000,28.924,-1.000000,0.0000,0.0000,0,0,0.000,1.000,19.607,-89.961,628.900,96.516,0,0,-1,99.686427
145,19.7301,orbit-standing-character,-70.586,618.403,101.737,0.000,72.265,86.467,-59.114,628.375,16.825,-75.327,634.964,16.825,0.0000,0.0000,-47.775,618.198,96.516,-89.961,628.900,96.516,0.4803,0.0000,0.0000,0,0.000,0.000,0.0000,0.0000,0,0,-89.961,628.900,96.516,0.000,0,-1.000000,1.000,28.924,-1.000000,0.0000,0.0000,0,0,0.000,1.000,19.607,-89.961,628.900,96.516,0,0,-1,99.684282
146,19.8652,orbit-standing-character,-70.586,618.403,101.737,0.000,72.265,93.697,-59.114,628.375,16.825,-75.327,634.964,16.825,0.0000,0.0000,-47.778,618.181,96.514,-89.966,628.883,96.514,0.4803,0.0000,0.0000,0,0.000,0.000,0.0000,0.0000,0,0,-89.966,628.883,96.514,0.000,0,-1.000000,1.000,28.924,-1.000000,0.0000,0.0000,0,0,0.000,1.000,19.607,-89.966,628.883,96.514,0,0,-1,99.682117
147,20.0014,orbit-standing-character,-70.586,618.403,101.737,0.000,72.265,100.964,-59.114,628.375,16.825,-75.327,634.964,16.825,0.0000,0.0000,-47.778,618.181,96.514,-89.966,628.883,96.514,0.4803,0.0000,0.0000,0,0.000,0.000,0.0000,0.0000,0,0,-89.966,628.883,96.514,0.000,0,-1.000000,1.000,28.924,-1.000000,0.0000,0.0000,0,0,0.000,1.000,19.607,-89.966,628.883,96.514,0,0,-1,99.679941
148,20.1388,orbit-standing-character,-70.586,618.403,101.737,0.000,72.265,108.320,-59.114,628.375,16.825,-75.327,634.964,16.825,0.0000,0.0000,-47.757,618.281,96.527,-89.937,628.982,96.528,0.4803,0.0000,0.0000,0,0.000,0.000,0.0000,0.0000,0,0,-89.937,628.982,96.528,0.000,0,-1.000000,1.000,28.924,-1.000000,0.0000,0.0000,0,0,0.000,1.000,19.607,-89.937,628.982,96.528,0,0,-1,99.677738
149,20.2778,orbit-standing-character,-70.586,618.403,101.737,0.000,72.265,115.748,-59.114,628.375,16.825,-75.327,634.964,16.825,0.0000,0.0000,-47.739,618.369,96.539,-89.911,629.068,96.540,0.4803,0.0000,0.0000,0,0.000,0.000,0.0000,0.0000,0,0,-89.911,629.068,96.540,0.000,0,-1.000000,1.000,28.924,-1.000000,0.0000,0.0000,0,0,0.000,1.000,19.607,-89.911,629.068,96.540,0,0,-1,99.675514
150,20.4176,orbit-standing-character,-70.586,618.403,101.737,0.000,72.265,123.218,-59.114,628.375,16.825,-75.327,634.964,16.825,0.0000,0.0000,-47.721,618.455,96.552,-89.886,629.152,96.552,0.4803,0.0000,0.0000,0,0.000,0.000,0.0000,0.0000,0,0,-89.886,629.152,96.552,0.000,0,-1.000000,1.000,28.924,-1.000000,0.0000,0.0000,0,0,0.000,1.000,19.607,-89.886,629.152,96.552,0,0,-1,99.673278
151,20.5436,orbit-standing-character,-70.586,618.403,101.737,0.000,72.265,129.942,-59.114,628.375,16.825,-75.327,634.964,16.825,0.0000,0.0000,-47.702,618.545,96.564,-89.859,629.240,96.565,0.4803,0.0000,0.0000,0,0.000,0.000,0.0000,0.0000,0,0,-89.859,629.240,96.565,0.000,0,-1.000000,1.000,28.924,-1.000000,0.0000,0.0000,0,0,0.000,1.000,19.607,-89.859,629.240,96.565,0,0,-1,99.671265
152,20.6843,orbit-standing-character,-70.586,618.403,101.737,0.000,72.265,137.469,-59.114,628.375,16.825,-75.327,634.964,16.825,0.0000,0.0000,-47.682,618.638,96.578,-89.832,629.332,96.578,0.4803,0.0000,0.0000,0,0.000,0.000,0.0000,0.0000,0,0,-89.832,629.332,96.578,0.000,0,-1.000000,1.000,28.924,-1.000000,0.0000,0.0000,0,0,0.000,1.000,19.607,-89.832,629.332,96.578,0,0,-1,99.669011
153,20.8102,orbit-standing-character,-70.586,618.403,101.737,0.000,72.265,144.189,-59.114,628.375,16.825,-75.327,634.964,16.825,0.0000,0.0000,-47.667,618.713,96.589,-89.810,629.405,96.589,0.4803,0.0000,0.0000,0,0.000,0.000,0.0000,0.0000,0,0,-89.810,629.405,96.589,0.000,0,-1.000000,1.000,28.924,-1.000000,0.0000,0.0000,0,0,0.000,1.000,19.607,-89.810,629.405,96.589,0,0,-1,99.666999
154,20.9512,orbit-standing-character,-70.586,618.403,101.737,0.000,72.265,151.730,-59.114,628.375,16.825,-75.327,634.964,16.825,0.0000,0.0000,-47.654,618.776,96.598,-89.792,629.465,96.598,0.4803,0.0000,0.0000,0,0.000,0.000,0.0000,0.0000,0,0,-89.792,629.465,96.598,0.000,0,-1.000000,1.000,28.924,-1.000000,0.0000,0.0000,0,0,0.000,1.000,19.607,-89.792,629.465,96.598,0,0,-1,99.664741
155,21.1094,orbit-standing-character,-70.586,618.403,101.737,0.000,72.265,160.177,-59.114,628.375,16.825,-75.327,634.964,16.825,0.0000,0.0000,-47.654,618.776,96.598,-89.792,629.465,96.598,0.4803,0.0000,0.0000,0,0.000,0.000,0.0000,0.0000,0,0,-89.792,629.465,96.598,0.000,0,-1.000000,1.000,28.924,-1.000000,0.0000,0.0000,0,0,0.000,1.000,19.607,-89.792,629.465,96.598,0,0,-1,99.662212
156,21.2610,orbit-standing-character,-70.586,618.403,101.737,0.000,72.265,168.284,-59.114,628.375,16.825,-75.327,634.964,16.825,0.0000,0.0000,-47.639,618.845,96.609,-89.771,629.533,96.609,0.4803,0.0000,0.0000,0,0.000,0.000,0.0000,0.0000,0,0,-89.771,629.533,96.609,0.000,0,-1.000000,1.000,28.924,-1.000000,0.0000,0.0000,0,0,0.000,1.000,19.607,-89.771,629.533,96.609,0,0,-1,99.659785
157,21.4011,orbit-standing-character,-70.586,618.403,101.737,0.000,72.265,175.775,-59.114,628.375,16.825,-75.327,634.964,16.825,0.0000,0.0000,-47.639,618.845,96.609,-89.771,629.533,96.609,0.4803,0.0000,0.0000,0,0.000,0.000,0.0000,0.0000,0,0,-89.771,629.533,96.609,0.000,0,-1.000000,1.000,28.924,-1.000000,0.0000,0.0000,0,0,0.000,1.000,19.607,-89.771,629.533,96.609,0,0,-1,99.657541
158,21.5410,orbit-standing-character,-70.586,618.403,101.737,0.000,72.265,183.247,-59.114,628.375,16.825,-75.327,634.964,16.825,0.0000,0.0000,-47.655,618.773,96.601,-89.792,629.463,96.601,0.4803,0.0000,0.0000,0,0.000,0.000,0.0000,0.0000,0,0,-89.792,629.463,96.601,0.000,0,-1.000000,1.000,28.924,-1.000000,0.0000,0.0000,0,0,0.000,1.000,19.607,-89.792,629.463,96.601,0,0,-1,99.655304
159,21.6819,orbit-standing-character,-70.586,618.403,101.737,0.000,72.265,190.781,-59.114,628.375,16.825,-75.327,634.964,16.825,0.0000,0.0000,-47.670,618.699,96.594,-89.814,629.391,96.594,0.4803,0.0000,0.0000,0,0.000,0.000,0.0000,0.0000,0,0,-89.814,629.391,96.594,0.000,0,-1.000000,1.000,28.924,-1.000000,0.0000,0.0000,0,0,0.000,1.000,19.607,-89.814,629.391,96.594,0,0,-1,99.653049
160,21.8234,orbit-standing-character,-70.586,618.403,101.737,0.000,72.265,198.341,-59.114,628.375,16.825,-75.327,634.964,16.825,0.0000,0.0000,-47.685,618.624,96.576,-89.836,629.318,96.576,0.4803,0.0000,0.0000,0,0.000,0.000,0.0000,0.0000,0,0,-89.836,629.318,96.576,0.000,0,-1.000000,1.000,28.924,-1.000000,0.0000,0.0000,0,0,0.000,1.000,19.607,-89.836,629.318,96.576,0,0,-1,99.650785
161,21.9510,orbit-standing-character,-70.586,618.403,101.737,0.000,72.265,205.150,-59.114,628.375,16.825,-75.327,634.964,16.825,0.0000,0.0000,-47.704,618.535,96.563,-89.862,629.231,96.563,0.4803,0.0000,0.0000,0,0.000,0.000,0.0000,0.0000,0,0,-89.862,629.231,96.563,0.000,0,-1.000000,1.000,28.924,-1.000000,0.0000,0.0000,0,0,0.000,1.000,19.607,-89.862,629.231,96.563,0,0,-1,99.648746
162,22.0782,orbit-standing-character,-70.586,618.403,101.737,0.000,72.265,211.955,-59.114,628.375,16.825,-75.327,634.964,16.825,0.0000,0.0000,-47.721,618.453,96.551,-89.886,629.151,96.551,0.4803,0.0000,0.0000,0,0.000,0.000,0.0000,0.0000,0,0,-89.886,629.151,96.551,0.000,0,-1.000000,1.000,28.924,-1.000000,0.0000,0.0000,0,0,0.000,1.000,19.607,-89.886,629.151,96.551,0,0,-1,99.646709
163,22.2039,orbit-standing-character,-70.586,618.403,101.737,0.000,72.265,218.659,-59.114,628.375,16.825,-75.327,634.964,16.825,0.0000,0.0000,-47.739,618.366,96.539,-89.912,629.065,96.539,0.4803,0.0000,0.0000,0,0.000,0.000,0.0000,0.0000,0,0,-89.912,629.065,96.539,0.000,0,-1.000000,1.000,28.924,-1.000000,0.0000,0.0000,0,0,0.000,1.000,19.607,-89.912,629.065,96.539,0,0,-1,99.644701
164,22.3483,orbit-standing-character,-70.586,618.403,101.737,0.000,72.265,226.390,-59.114,628.375,16.825,-75.327,634.964,16.825,0.0000,0.0000,-47.751,618.313,96.529,-89.927,629.012,96.529,0.4803,0.0000,0.0000,0,0.000,0.000,0.0000,0.0000,0,0,-89.927,629.012,96.529,0.000,0,-1.000000,1.000,28.924,-1.000000,0.0000,0.0000,0,0,0.000,1.000,19.607,-89.927,629.012,96.529,0,0,-1,99.642387
165,22.4927,open-pack,-70.586,618.403,101.737,0.000,72.265,234.087,-59.114,628.375,16.825,-75.327,634.964,16.825,0.0000,0.0000,-47.756,618.292,96.520,-89.932,628.991,96.520,0.4803,0.0000,0.0000,0,0.000,0.000,0.0000,0.0000,0,0,-89.932,628.991,96.520,0.000,0,-1.000000,1.000,28.924,-1.000000,0.0000,0.0000,0,0,0.000,1.000,19.607,-89.932,628.991,96.520,0,0,-1,99.640082
166,22.6376,open-pack,-70.586,618.403,101.737,0.000,72.265,234.087,-59.114,628.375,16.825,-75.327,634.964,16.825,0.0000,0.0000,-47.775,618.198,96.516,-89.961,628.900,96.516,0.4803,0.0000,0.0000,0,0.000,0.000,0.0000,0.0000,0,0,-89.961,628.900,96.516,0.000,0,-1.000000,1.000,28.924,-1.000000,0.0000,0.0000,0,0,0.000,1.000,19.607,-89.961,628.900,96.516,0,0,-1,99.640082
167,22.7986,open-pack,-70.586,618.403,101.737,0.000,72.265,234.087,-59.114,628.375,16.825,-75.327,634.964,16.825,0.0000,0.0000,-47.775,618.198,96.516,-89.961,628.900,96.516,0.4803,0.0000,0.0000,0,0.000,0.000,0.0000,0.0000,0,0,-89.961,628.900,96.516,0.000,0,-1.000000,1.000,28.924,-1.000000,0.0000,0.0000,0,0,0.000,1.000,19.607,-89.961,628.900,96.516,0,0,-1,99.640082
168,22.9350,open-pack,-70.586,618.403,101.737,0.000,72.265,234.087,-59.114,628.375,16.825,-75.327,634.964,16.825,0.0000,0.0000,-47.778,618.181,96.514,-89.966,628.883,96.514,0.4803,0.0000,0.0000,0,0.000,0.000,0.0000,0.0000,0,0,-89.966,628.883,96.514,0.000,0,-1.000000,1.000,28.924,-1.000000,0.0000,0.0000,0,0,0.000,1.000,19.607,-89.966,628.883,96.514,0,0,-1,99.640082
169,23.0790,open-look,-70.586,618.403,101.737,0.000,72.265,234.087,-59.114,628.375,16.825,-75.327,634.964,16.825,0.0000,0.0000,-47.778,618.181,96.514,-89.966,628.883,96.514,0.4803,0.0000,0.0000,0,0.000,0.000,0.0000,0.0000,0,0,-89.966,628.883,96.514,0.000,0,-1.000000,1.000,28.924,-1.000000,0.0000,0.0000,0,0,0.000,1.000,19.607,-89.966,628.883,96.514,0,0,-1,99.640082
170,23.2209,open-look,-70.586,618.403,101.737,0.000,72.265,234.087,-59.114,628.375,16.825,-75.327,634.964,16.825,0.0000,0.0000,-47.747,618.332,96.534,-89.921,629.032,96.535,0.4803,0.0000,0.0000,0,0.000,0.000,0.0000,0.0000,0,0,-89.921,629.032,96.535,0.000,0,-1.000000,1.000,28.924,-1.000000,0.0000,0.0000,0,0,0.000,1.000,19.607,-89.921,629.032,96.535,0,0,-1,99.640082
171,23.3609,open-look,-70.586,618.403,101.737,0.000,72.265,234.087,-59.114,628.375,16.825,-75.327,634.964,16.825,0.0000,0.0000,-47.728,618.421,96.547,-89.896,629.119,96.547,0.4803,0.0000,0.0000,0,0.000,0.000,0.0000,0.0000,0,0,-89.896,629.119,96.547,0.000,0,-1.000000,1.000,28.924,-1.000000,0.0000,0.0000,0,0,0.000,1.000,19.607,-89.896,629.119,96.547,0,0,-1,99.640082
172,23.5128,open-look,-70.586,618.403,101.737,0.000,72.265,234.087,-59.114,628.375,16.825,-75.327,634.964,16.825,0.0000,0.0000,-47.707,618.523,96.561,-89.866,629.219,96.561,0.4803,0.0000,0.0000,0,0.000,0.000,0.0000,0.0000,0,0,-89.866,629.219,96.561,0.000,0,-1.000000,1.000,28.924,-1.000000,0.0000,0.0000,0,0,0.000,1.000,19.607,-89.866,629.219,96.561,0,0,-1,99.640082
173,23.6663,open-look,-70.586,618.403,101.737,0.000,72.265,234.087,-59.114,628.375,16.825,-75.327,634.964,16.825,0.0000,0.0000,-47.685,618.628,96.576,-89.835,629.321,96.576,0.4803,0.0000,0.0000,0,0.000,0.000,0.0000,0.0000,0,0,-89.835,629.321,96.576,0.000,0,-1.000000,1.000,28.924,-1.000000,0.0000,0.0000,0,0,0.000,1.000,19.607,-89.835,629.321,96.576,0,0,-1,99.640082
174,23.8175,open-look,-70.586,618.403,101.737,0.000,72.265,234.087,-59.114,628.375,16.825,-75.327,634.964,16.825,0.0000,0.0000,-47.666,618.717,96.590,-89.809,629.409,96.590,0.4803,0.0000,0.0000,0,0.000,0.000,0.0000,0.0000,0,0,-89.809,629.409,96.590,0.000,0,-1.000000,1.000,28.924,-1.000000,0.0000,0.0000,0,0,0.000,1.000,19.607,-89.809,629.409,96.590,0,0,-1,99.640082
175,23.9544,open-look,-70.586,618.403,101.737,0.000,72.265,234.087,-59.114,628.375,16.825,-75.327,634.964,16.825,0.0000,0.0000,-47.654,618.776,96.598,-89.792,629.465,96.598,0.4803,0.0000,0.0000,0,0.000,0.000,0.0000,0.0000,0,0,-89.792,629.465,96.598,0.000,0,-1.000000,1.000,28.924,-1.000000,0.0000,0.0000,0,0,0.000,1.000,19.607,-89.792,629.465,96.598,0,0,-1,99.640082
176,24.0915,open-look,-70.586,618.403,101.737,0.000,72.265,234.087,-59.114,628.375,16.825,-75.327,634.964,16.825,0.0000,0.0000,-47.654,618.776,96.598,-89.792,629.465,96.598,0.4803,0.0000,0.0000,0,0.000,0.000,0.0000,0.0000,0,0,-89.792,629.465,96.598,0.000,0,-1.000000,1.000,28.924,-1.000000,0.0000,0.0000,0,0,0.000,1.000,19.607,-89.792,629.465,96.598,0,0,-1,99.640082
177,24.2413,open-look,-70.586,618.403,101.737,0.000,72.265,234.087,-59.114,628.375,16.825,-75.327,634.964,16.825,0.0000,0.0000,-47.639,618.845,96.609,-89.771,629.533,96.609,0.4803,0.0000,0.0000,0,0.000,0.000,0.0000,0.0000,0,0,-89.771,629.533,96.609,0.000,0,-1.000000,1.000,28.924,-1.000000,0.0000,0.0000,0,0,0.000,1.000,19.607,-89.771,629.533,96.609,0,0,-1,99.640082
178,24.3948,open-look,-70.586,618.403,101.737,0.000,72.265,234.087,-59.114,628.375,16.825,-75.327,634.964,16.825,0.0000,0.0000,-47.639,618.845,96.609,-89.771,629.533,96.609,0.4803,0.0000,0.0000,0,0.000,0.000,0.0000,0.0000,0,0,-89.771,629.533,96.609,0.000,0,-1.000000,1.000,28.924,-1.000000,0.0000,0.0000,0,0,0.000,1.000,19.607,-89.771,629.533,96.609,0,0,-1,99.640082
179,24.5310,open-look,-70.586,618.403,101.737,0.000,72.265,234.087,-59.114,628.375,16.825,-75.327,634.964,16.825,0.0000,0.0000,-47.654,618.778,96.601,-89.791,629.468,96.601,0.4803,0.0000,0.0000,0,0.000,0.000,0.0000,0.0000,0,0,-89.791,629.468,96.601,0.000,0,-1.000000,1.000,28.924,-1.000000,0.0000,0.0000,0,0,0.000,1.000,19.607,-89.791,629.468,96.601,0,0,-1,99.640082
180,24.6693,open-look,-70.586,618.403,101.737,0.000,72.265,234.087,-59.114,628.375,16.825,-75.327,634.964,16.825,0.0000,0.0000,-47.669,618.706,96.595,-89.812,629.398,96.595,0.4803,0.0000,0.0000,0,0.000,0.000,0.0000,0.0000,0,0,-89.812,629.398,96.595,0.000,0,-1.000000,1.000,28.924,-1.000000,0.0000,0.0000,0,0,0.000,1.000,19.607,-89.812,629.398,96.595,0,0,-1,99.640082
181,24.8040,open-look,-70.586,618.403,101.737,0.000,72.265,234.087,-59.114,628.375,16.825,-75.327,634.964,16.825,0.0000,0.0000,-47.683,618.638,96.578,-89.832,629.331,96.578,0.4803,0.0000,0.0000,0,0.000,0.000,0.0000,0.0000,0,0,-89.832,629.331,96.578,0.000,0,-1.000000,1.000,28.924,-1.000000,0.0000,0.0000,0,0,0.000,1.000,19.607,-89.832,629.331,96.578,0,0,-1,99.640082
182,24.9394,open-look,-70.586,618.403,101.737,0.000,72.265,234.087,-59.114,628.375,16.825,-75.327,634.964,16.825,0.0000,0.0000,-47.702,618.543,96.564,-89.860,629.239,96.564,0.4803,0.0000,0.0000,0,0.000,0.000,0.0000,0.0000,0,0,-89.860,629.239,96.564,0.000,0,-1.000000,1.000,28.924,-1.000000,0.0000,0.0000,0,0,0.000,1.000,19.607,-89.860,629.239,96.564,0,0,-1,99.640082
183,25.0934,open-look,-70.586,618.403,101.737,0.000,72.265,234.087,-59.114,628.375,16.825,-75.327,634.964,16.825,0.0000,0.0000,-47.723,618.443,96.550,-89.889,629.140,96.550,0.4803,0.0000,0.0000,0,0.000,0.000,0.0000,0.0000,0,0,-89.889,629.140,96.550,0.000,0,-1.000000,1.000,28.924,-1.000000,0.0000,0.0000,0,0,0.000,1.000,19.607,-89.889,629.140,96.550,0,0,-1,99.640082
184,25.2466,open-look,-70.586,618.403,101.737,0.000,72.265,234.087,-59.114,628.375,16.825,-75.327,634.964,16.825,0.0000,0.0000,-47.746,618.336,96.535,-89.920,629.036,96.535,0.4803,0.0000,0.0000,0,0.000,0.000,0.0000,0.0000,0,0,-89.920,629.036,96.535,0.000,0,-1.000000,1.000,28.924,-1.000000,0.0000,0.0000,0,0,0.000,1.000,19.607,-89.920,629.036,96.535,0,0,-1,99.640082
185,25.3977,open-look,-70.586,618.403,101.737,0.000,72.265,234.087,-59.114,628.375,16.825,-75.327,634.964,16.825,0.0000,0.0000,-47.753,618.306,96.526,-89.929,629.005,96.526,0.4803,0.0000,0.0000,0,0.000,0.000,0.0000,0.0000,0,0,-89.929,629.005,96.526,0.000,0,-1.000000,1.000,28.924,-1.000000,0.0000,0.0000,0,0,0.000,1.000,19.607,-89.929,629.005,96.526,0,0,-1,99.640082
186,25.5317,open-look,-70.586,618.403,101.737,0.000,72.265,234.087,-59.114,628.375,16.825,-75.327,634.964,16.825,0.0000,0.0000,-47.758,618.286,96.517,-89.934,628.985,96.517,0.4803,0.0000,0.0000,0,0.000,0.000,0.0000,0.0000,0,0,-89.934,628.985,96.517,0.000,0,-1.000000,1.000,28.924,-1.000000,0.0000,0.0000,0,0,0.000,1.000,19.607,-89.934,628.985,96.517,0,0,-1,99.640082
187,25.6657,open-look,-70.586,618.403,101.737,0.000,72.265,234.087,-59.114,628.375,16.825,-75.327,634.964,16.825,0.0000,0.0000,-47.775,618.198,96.516,-89.961,628.900,96.516,0.4803,0.0000,0.0000,0,0.000,0.000,0.0000,0.0000,0,0,-89.961,628.900,96.516,0.000,0,-1.000000,1.000,28.924,-1.000000,0.0000,0.0000,0,0,0.000,1.000,19.607,-89.961,628.900,96.516,0,0,-1,99.640082
188,25.8005,open-look,-70.586,618.403,101.737,0.000,72.265,234.087,-59.114,628.375,16.825,-75.327,634.964,16.825,0.0000,0.0000,-47.775,618.198,96.516,-89.961,628.900,96.516,0.4803,0.0000,0.0000,0,0.000,0.000,0.0000,0.0000,0,0,-89.961,628.900,96.516,0.000,0,-1.000000,1.000,28.924,-1.000000,0.0000,0.0000,0,0,0.000,1.000,19.607,-89.961,628.900,96.516,0,0,-1,99.640082
189,25.9367,open-look,-70.586,618.403,101.737,0.000,72.265,234.087,-59.114,628.375,16.825,-75.327,634.964,16.825,0.0000,0.0000,-47.778,618.181,96.514,-89.966,628.883,96.514,0.4803,0.0000,0.0000,0,0.000,0.000,0.0000,0.0000,0,0,-89.966,628.883,96.514,0.000,0,-1.000000,1.000,28.924,-1.000000,0.0000,0.0000,0,0,0.000,1.000,19.607,-89.966,628.883,96.514,0,0,-1,99.640082
190,26.0720,portrait-idle,-70.586,618.403,101.737,0.000,72.265,234.087,-59.114,628.375,16.825,-75.327,634.964,16.825,0.0000,0.0000,-47.778,618.181,96.514,-89.966,628.883,96.514,0.4803,0.0000,0.0000,0,0.000,0.000,0.0000,0.0000,0,0,-89.966,628.883,96.514,0.000,0,-1.000000,1.000,28.924,-1.000000,0.0000,0.0000,0,0,0.000,1.000,19.607,-89.966,628.883,96.514,0,0,-1,99.640082
191,26.2070,portrait-idle,-70.586,618.403,101.737,0.000,72.265,234.087,-59.114,628.375,16.825,-75.327,634.964,16.825,0.0000,0.0000,-47.748,618.324,96.533,-89.924,629.024,96.533,0.4803,0.0000,0.0000,0,0.000,0.000,0.0000,0.0000,0,0,-89.924,629.024,96.533,0.000,0,-1.000000,1.000,28.924,-1.000000,0.0000,0.0000,0,0,0.000,1.000,19.607,-89.924,629.024,96.533,0,0,-1,99.640082
192,26.3609,portrait-idle,-70.586,618.403,101.737,0.000,72.265,234.087,-59.114,628.375,16.825,-75.327,634.964,16.825,0.0000,0.0000,-47.728,618.421,96.547,-89.895,629.119,96.547,0.4803,0.0000,0.0000,0,0.000,0.000,0.0000,0.0000,0,0,-89.895,629.119,96.547,0.000,0,-1.000000,1.000,28.924,-1.000000,0.0000,0.0000,0,0,0.000,1.000,19.607,-89.895,629.119,96.547,0,0,-1,99.640082
193,26.5142,portrait-idle,-70.586,618.403,101.737,0.000,72.265,234.087,-59.114,628.375,16.825,-75.327,634.964,16.825,0.0000,0.0000,-47.706,618.524,96.561,-89.866,629.220,96.561,0.4803,0.0000,0.0000,0,0.000,0.000,0.0000,0.0000,0,0,-89.866,629.220,96.561,0.000,0,-1.000000,1.000,28.924,-1.000000,0.0000,0.0000,0,0,0.000,1.000,19.607,-89.866,629.220,96.561,0,0,-1,99.640082
194,26.6672,portrait-idle,-70.586,618.403,101.737,0.000,72.265,234.087,-59.114,628.375,16.825,-75.327,634.964,16.825,0.0000,0.0000,-47.685,618.628,96.577,-89.835,629.322,96.577,0.4803,0.0000,0.0000,0,0.000,0.000,0.0000,0.0000,0,0,-89.835,629.322,96.577,0.000,0,-1.000000,1.000,28.924,-1.000000,0.0000,0.0000,0,0,0.000,1.000,19.607,-89.835,629.322,96.577,0,0,-1,99.640082
195,26.8204,portrait-idle,-70.586,618.403,101.737,0.000,72.265,234.087,-59.114,628.375,16.825,-75.327,634.964,16.825,0.0000,0.0000,-47.666,618.719,96.590,-89.808,629.410,96.590,0.4803,0.0000,0.0000,0,0.000,0.000,0.0000,0.0000,0,0,-89.808,629.410,96.590,0.000,0,-1.000000,1.000,28.924,-1.000000,0.0000,0.0000,0,0,0.000,1.000,19.607,-89.808,629.410,96.590,0,0,-1,99.640082
196,26.9583,portrait-idle,-70.586,618.403,101.737,0.000,72.265,234.087,-59.114,628.375,16.825,-75.327,634.964,16.825,0.0000,0.0000,-47.654,618.776,96.598,-89.792,629.465,96.598,0.4803,0.0000,0.0000,0,0.000,0.000,0.0000,0.0000,0,0,-89.792,629.465,96.598,0.000,0,-1.000000,1.000,28.924,-1.000000,0.0000,0.0000,0,0,0.000,1.000,19.607,-89.792,629.465,96.598,0,0,-1,99.640082
197,27.1124,portrait-idle,-70.586,618.403,101.737,0.000,72.265,234.087,-59.114,628.375,16.825,-75.327,634.964,16.825,0.0000,0.0000,-47.654,618.776,96.598,-89.792,629.465,96.598,0.4803,0.0000,0.0000,0,0.000,0.000,0.0000,0.0000,0,0,-89.792,629.465,96.598,0.000,0,-1.000000,1.000,28.924,-1.000000,0.0000,0.0000,0,0,0.000,1.000,19.607,-89.792,629.465,96.598,0,0,-1,99.640082
198,27.2641,portrait-idle,-70.586,618.403,101.737,0.000,72.265,234.087,-59.114,628.375,16.825,-75.327,634.964,16.825,0.0000,0.0000,-47.639,618.845,96.609,-89.771,629.533,96.609,0.4803,0.0000,0.0000,0,0.000,0.000,0.0000,0.0000,0,0,-89.771,629.533,96.609,0.000,0,-1.000000,1.000,28.924,-1.000000,0.0000,0.0000,0,0,0.000,1.000,19.607,-89.771,629.533,96.609,0,0,-1,99.640082
199,27.4137,portrait-idle,-70.586,618.403,101.737,0.000,72.265,234.087,-59.114,628.375,16.825,-75.327,634.964,16.825,0.0000,0.0000,-47.639,618.845,96.609,-89.771,629.533,96.609,0.4803,0.0000,0.0000,0,0.000,0.000,0.0000,0.0000,0,0,-89.771,629.533,96.609,0.000,0,-1.000000,1.000,28.924,-1.000000,0.0000,0.0000,0,0,0.000,1.000,19.607,-89.771,629.533,96.609,0,0,-1,99.640082
200,27.5517,portrait-idle,-70.586,618.403,101.737,0.000,72.265,234.087,-59.114,628.375,16.825,-75.327,634.964,16.825,0.0000,0.0000,-47.656,618.767,96.600,-89.794,629.458,96.600,0.4803,0.0000,0.0000,0,0.000,0.000,0.0000,0.0000,0,0,-89.794,629.458,96.600,0.000,0,-1.000000,1.000,28.924,-1.000000,0.0000,0.0000,0,0,0.000,1.000,19.607,-89.794,629.458,96.600,0,0,-1,99.640082
201,27.6892,portrait-idle,-70.586,618.403,101.737,0.000,72.265,234.087,-59.114,628.375,16.825,-75.327,634.964,16.825,0.0000,0.0000,-47.671,618.695,96.594,-89.815,629.388,96.594,0.4803,0.0000,0.0000,0,0.000,0.000,0.0000,0.0000,0,0,-89.815,629.388,96.594,0.000,0,-1.000000,1.000,28.924,-1.000000,0.0000,0.0000,0,0,0.000,1.000,19.607,-89.815,629.388,96.594,0,0,-1,99.640082
202,27.8392,portrait-idle,-70.586,618.403,101.737,0.000,72.265,234.087,-59.114,628.375,16.825,-75.327,634.964,16.825,0.0000,0.0000,-47.688,618.613,96.574,-89.839,629.307,96.574,0.4803,0.0000,0.0000,0,0.000,0.000,0.0000,0.0000,0,0,-89.839,629.307,96.574,0.000,0,-1.000000,1.000,28.924,-1.000000,0.0000,0.0000,0,0,0.000,1.000,19.607,-89.839,629.307,96.574,0,0,-1,99.640082
203,27.9950,portrait-idle,-70.586,618.403,101.737,0.000,72.265,234.087,-59.114,628.375,16.825,-75.327,634.964,16.825,0.0000,0.0000,-47.709,618.511,96.559,-89.869,629.207,96.560,0.4803,0.0000,0.0000,0,0.000,0.000,0.0000,0.0000,0,0,-89.869,629.207,96.560,0.000,0,-1.000000,1.000,28.924,-1.000000,0.0000,0.0000,0,0,0.000,1.000,19.607,-89.869,629.207,96.560,0,0,-1,99.640082
204,28.1335,portrait-idle,-70.586,618.403,101.737,0.000,72.265,234.087,-59.114,628.375,16.825,-75.327,634.964,16.825,0.0000,0.0000,-47.729,618.415,96.546,-89.897,629.113,96.546,0.4803,0.0000,0.0000,0,0.000,0.000,0.0000,0.0000,0,0,-89.897,629.113,96.546,0.000,0,-1.000000,1.000,28.924,-1.000000,0.0000,0.0000,0,0,0.000,1.000,19.607,-89.897,629.113,96.546,0,0,-1,99.640082
205,28.2719,portrait-idle,-70.586,618.403,101.737,0.000,72.265,234.087,-59.114,628.375,16.825,-75.327,634.964,16.825,0.0000,0.0000,-47.748,618.325,96.534,-89.924,629.024,96.534,0.4803,0.0000,0.0000,0,0.000,0.000,0.0000,0.0000,0,0,-89.924,629.024,96.534,0.000,0,-1.000000,1.000,28.924,-1.000000,0.0000,0.0000,0,0,0.000,1.000,19.607,-89.924,629.024,96.534,0,0,-1,99.640082
206,28.4065,portrait-idle,-70.586,618.403,101.737,0.000,72.265,234.087,-59.114,628.375,16.825,-75.327,634.964,16.825,0.0000,0.0000,-47.753,618.304,96.525,-89.929,629.004,96.525,0.4803,0.0000,0.0000,0,0.000,0.000,0.0000,0.0000,0,0,-89.929,629.004,96.525,0.000,0,-1.000000,1.000,28.924,-1.000000,0.0000,0.0000,0,0,0.000,1.000,19.607,-89.929,629.004,96.525,0,0,-1,99.640082
207,28.5625,portrait-idle,-70.586,618.403,101.737,0.000,72.265,234.087,-59.114,628.375,16.825,-75.327,634.964,16.825,0.0000,0.0000,-47.775,618.198,96.516,-89.961,628.900,96.516,0.4803,0.0000,0.0000,0,0.000,0.000,0.0000,0.0000,0,0,-89.961,628.900,96.516,0.000,0,-1.000000,1.000,28.924,-1.000000,0.0000,0.0000,0,0,0.000,1.000,19.607,-89.961,628.900,96.516,0,0,-1,99.640082
208,28.7140,portrait-idle,-70.586,618.403,101.737,0.000,72.265,234.087,-59.114,628.375,16.825,-75.327,634.964,16.825,0.0000,0.0000,-47.775,618.198,96.516,-89.961,628.900,96.516,0.4803,0.0000,0.0000,0,0.000,0.000,0.0000,0.0000,0,0,-89.961,628.900,96.516,0.000,0,-1.000000,1.000,28.924,-1.000000,0.0000,0.0000,0,0,0.000,1.000,19.607,-89.961,628.900,96.516,0,0,-1,99.640082
209,28.8651,portrait-idle,-70.586,618.403,101.737,0.000,72.265,234.087,-59.114,628.375,16.825,-75.327,634.964,16.825,0.0000,0.0000,-47.778,618.181,96.514,-89.966,628.883,96.514,0.4803,0.0000,0.0000,0,0.000,0.000,0.0000,0.0000,0,0,-89.966,628.883,96.514,0.000,0,-1.000000,1.000,28.924,-1.000000,0.0000,0.0000,0,0,0.000,1.000,19.607,-89.966,628.883,96.514,0,0,-1,99.640082
210,29.0157,portrait-idle,-70.586,618.403,101.737,0.000,72.265,234.087,-59.114,628.375,16.825,-75.327,634.964,16.825,0.0000,0.0000,-47.778,618.181,96.514,-89.966,628.883,96.514,0.4803,0.0000,0.0000,0,0.000,0.000,0.0000,0.0000,0,0,-89.966,628.883,96.514,0.000,0,-1.000000,1.000,28.924,-1.000000,0.0000,0.0000,0,0,0.000,1.000,19.607,-89.966,628.883,96.514,0,0,-1,99.640082
211,29.1545,portrait-orbit,-70.586,618.403,101.737,0.000,72.265,234.087,-59.114,628.375,16.825,-75.327,634.964,16.825,0.0000,0.0000,-47.755,618.290,96.529,-89.934,628.991,96.529,0.4803,0.0000,0.0000,0,0.000,0.000,0.0000,0.0000,0,0,-89.934,628.991,96.529,0.000,0,-1.000000,1.000,28.924,-1.000000,0.0000,0.0000,0,0,0.000,1.000,19.607,-89.934,628.991,96.529,0,0,-1,99.640082
212,29.3091,portrait-orbit,-70.586,618.403,101.737,0.000,72.265,234.087,-59.114,628.375,16.825,-75.327,634.964,16.825,0.0000,0.0000,-47.735,618.389,96.542,-89.905,629.087,96.542,0.4803,0.0000,0.0000,0,0.000,0.000,0.0000,0.0000,0,0,-89.905,629.087,96.542,0.000,0,-1.000000,1.000,28.924,-1.000000,0.0000,0.0000,0,0,0.000,1.000,19.607,-89.905,629.087,96.542,0,0,-1,99.640082
213,29.4643,portrait-orbit,-70.586,618.403,101.737,0.000,72.265,234.087,-59.114,628.375,16.825,-75.327,634.964,16.825,0.0000,0.0000,-47.714,618.488,96.556,-89.876,629.185,96.556,0.4803,0.0000,0.0000,0,0.000,0.000,0.0000,0.0000,0,0,-89.876,629.185,96.556,0.000,0,-1.000000,1.000,28.924,-1.000000,0.0000,0.0000,0,0,0.000,1.000,19.607,-89.876,629.185,96.556,0,0,-1,99.640082
214,29.6137,portrait-orbit,-70.586,618.403,101.737,0.000,72.265,234.087,-59.114,628.375,16.825,-75.327,634.964,16.825,0.0000,0.0000,-47.692,618.595,96.572,-89.845,629.289,96.572,0.4803,0.0000,0.0000,0,0.000,0.000,0.0000,0.0000,0,0,-89.845,629.289,96.572,0.000,0,-1.000000,1.000,28.924,-1.000000,0.0000,0.0000,0,0,0.000,1.000,19.607,-89.845,629.289,96.572,0,0,-1,99.640082
215,29.7535,portrait-orbit,-70.586,618.403,101.737,0.000,72.265,234.087,-59.114,628.375,16.825,-75.327,634.964,16.825,0.0000,0.0000,-47.674,618.679,96.584,-89.820,629.372,96.584,0.4803,0.0000,0.0000,0,0.000,0.000,0.0000,0.0000,0,0,-89.820,629.372,96.584,0.000,0,-1.000000,1.000,28.924,-1.000000,0.0000,0.0000,0,0,0.000,1.000,19.607,-89.820,629.372,96.584,0,0,-1,99.640082
216,29.8979,portrait-orbit,-70.586,618.403,101.737,0.000,72.265,234.087,-59.114,628.375,16.825,-75.327,634.964,16.825,0.0000,0.0000,-47.656,618.765,96.597,-89.795,629.455,96.597,0.4803,0.0000,0.0000,0,0.000,0.000,0.0000,0.0000,0,0,-89.795,629.455,96.597,0.000,0,-1.000000,1.000,28.924,-1.000000,0.0000,0.0000,0,0,0.000,1.000,19.607,-89.795,629.455,96.597,0,0,-1,99.640082
217,30.0397,portrait-orbit,-70.586,618.403,101.737,0.000,72.265,234.087,-59.114,628.375,16.825,-75.327,634.964,16.825,0.0000,0.0000,-47.654,618.776,96.598,-89.792,629.465,96.598,0.4803,0.0000,0.0000,0,0.000,0.000,0.0000,0.0000,0,0,-89.792,629.465,96.598,0.000,0,-1.000000,1.000,28.924,-1.000000,0.0000,0.0000,0,0,0.000,1.000,19.607,-89.792,629.465,96.598,0,0,-1,99.640082
218,30.1814,portrait-orbit,-70.586,618.403,101.737,0.000,72.265,234.087,-59.114,628.375,16.825,-75.327,634.964,16.825,0.0000,0.0000,-47.649,618.799,96.602,-89.785,629.488,96.602,0.4803,0.0000,0.0000,0,0.000,0.000,0.0000,0.0000,0,0,-89.785,629.488,96.602,0.000,0,-1.000000,1.000,28.924,-1.000000,0.0000,0.0000,0,0,0.000,1.000,19.607,-89.785,629.488,96.602,0,0,-1,99.640082
219,30.3381,portrait-orbit,-70.586,618.403,101.737,0.000,72.265,234.087,-59.114,628.375,16.825,-75.327,634.964,16.825,0.0000,0.0000,-47.639,618.845,96.609,-89.771,629.533,96.609,0.4803,0.0000,0.0000,0,0.000,0.000,0.0000,0.0000,0,0,-89.771,629.533,96.609,0.000,0,-1.000000,1.000,28.924,-1.000000,0.0000,0.0000,0,0,0.000,1.000,19.607,-89.771,629.533,96.609,0,0,-1,99.640082
220,30.4985,portrait-orbit,-70.586,618.403,101.737,0.000,72.265,234.087,-59.114,628.375,16.825,-75.327,634.964,16.825,0.0000,0.0000,-47.650,618.795,96.603,-89.786,629.485,96.603,0.4803,0.0000,0.0000,0,0.000,0.000,0.0000,0.0000,0,0,-89.786,629.485,96.603,0.000,0,-1.000000,1.000,28.924,-1.000000,0.0000,0.0000,0,0,0.000,1.000,19.607,-89.786,629.485,96.603,0,0,-1,99.640082
221,30.6514,portrait-orbit,-70.586,618.403,101.737,0.000,72.265,234.087,-59.114,628.375,16.825,-75.327,634.964,16.825,0.0000,0.0000,-47.667,618.715,96.596,-89.809,629.407,96.596,0.4803,0.0000,0.0000,0,0.000,0.000,0.0000,0.0000,0,0,-89.809,629.407,96.596,0.000,0,-1.000000,1.000,28.924,-1.000000,0.0000,0.0000,0,0,0.000,1.000,19.607,-89.809,629.407,96.596,0,0,-1,99.640082
222,30.8097,portrait-orbit,-70.586,618.403,101.737,0.000,72.265,234.087,-59.114,628.375,16.825,-75.327,634.964,16.825,0.0000,0.0000,-47.683,618.634,96.577,-89.833,629.327,96.577,0.4803,0.0000,0.0000,0,0.000,0.000,0.0000,0.0000,0,0,-89.833,629.327,96.577,0.000,0,-1.000000,1.000,28.924,-1.000000,0.0000,0.0000,0,0,0.000,1.000,19.607,-89.833,629.327,96.577,0,0,-1,99.640082
223,30.9510,portrait-orbit,-70.586,618.403,101.737,0.000,72.265,234.087,-59.114,628.375,16.825,-75.327,634.964,16.825,0.0000,0.0000,-47.704,618.535,96.563,-89.862,629.231,96.563,0.4803,0.0000,0.0000,0,0.000,0.000,0.0000,0.0000,0,0,-89.862,629.231,96.563,0.000,0,-1.000000,1.000,28.924,-1.000000,0.0000,0.0000,0,0,0.000,1.000,19.607,-89.862,629.231,96.563,0,0,-1,99.640082
224,31.0919,portrait-orbit,-70.586,618.403,101.737,0.000,72.265,234.087,-59.114,628.375,16.825,-75.327,634.964,16.825,0.0000,0.0000,-47.723,618.444,96.550,-89.889,629.141,96.550,0.4803,0.0000,0.0000,0,0.000,0.000,0.0000,0.0000,0,0,-89.889,629.141,96.550,0.000,0,-1.000000,1.000,28.924,-1.000000,0.0000,0.0000,0,0,0.000,1.000,19.607,-89.889,629.141,96.550,0,0,-1,99.640082
225,31.2469,portrait-orbit,-70.586,618.403,101.737,0.000,72.265,234.087,-59.114,628.375,16.825,-75.327,634.964,16.825,0.0000,0.0000,-47.746,618.336,96.535,-89.920,629.036,96.535,0.4803,0.0000,0.0000,0,0.000,0.000,0.0000,0.0000,0,0,-89.920,629.036,96.535,0.000,0,-1.000000,1.000,28.924,-1.000000,0.0000,0.0000,0,0,0.000,1.000,19.607,-89.920,629.036,96.535,0,0,-1,99.640082
226,31.4020,portrait-orbit,-70.586,618.403,101.737,0.000,72.265,234.087,-59.114,628.375,16.825,-75.327,634.964,16.825,0.0000,0.0000,-47.753,618.305,96.526,-89.929,629.004,96.526,0.4803,0.0000,0.0000,0,0.000,0.000,0.0000,0.0000,0,0,-89.929,629.004,96.526,0.000,0,-1.000000,1.000,28.924,-1.000000,0.0000,0.0000,0,0,0.000,1.000,19.607,-89.929,629.004,96.526,0,0,-1,99.640082
227,31.5390,portrait-orbit,-70.586,618.403,101.737,0.000,72.265,234.087,-59.114,628.375,16.825,-75.327,634.964,16.825,0.0000,0.0000,-47.758,618.285,96.517,-89.934,628.984,96.517,0.4803,0.0000,0.0000,0,0.000,0.000,0.0000,0.0000,0,0,-89.934,628.984,96.517,0.000,0,-1.000000,1.000,28.924,-1.000000,0.0000,0.0000,0,0,0.000,1.000,19.607,-89.934,628.984,96.517,0,0,-1,99.640082
228,31.6788,portrait-orbit,-70.586,618.403,101.737,0.000,72.265,234.087,-59.114,628.375,16.825,-75.327,634.964,16.825,0.0000,0.0000,-47.775,618.198,96.516,-89.961,628.900,96.516,0.4803,0.0000,0.0000,0,0.000,0.000,0.0000,0.0000,0,0,-89.961,628.900,96.516,0.000,0,-1.000000,1.000,28.924,-1.000000,0.0000,0.0000,0,0,0.000,1.000,19.607,-89.961,628.900,96.516,0,0,-1,99.640082
229,31.8198,portrait-orbit,-70.586,618.403,101.737,0.000,72.265,234.087,-59.114,628.375,16.825,-75.327,634.964,16.825,0.0000,0.0000,-47.775,618.198,96.516,-89.961,628.900,96.516,0.4803,0.0000,0.0000,0,0.000,0.000,0.0000,0.0000,0,0,-89.961,628.900,96.516,0.000,0,-1.000000,1.000,28.924,-1.000000,0.0000,0.0000,0,0,0.000,1.000,19.607,-89.961,628.900,96.516,0,0,-1,99.640082
230,31.9638,portrait-orbit,-70.586,618.403,101.737,0.000,72.265,234.087,-59.114,628.375,16.825,-75.327,634.964,16.825,0.0000,0.0000,-47.778,618.181,96.514,-89.966,628.883,96.514,0.4803,0.0000,0.0000,0,0.000,0.000,0.0000,0.0000,0,0,-89.966,628.883,96.514,0.000,0,-1.000000,1.000,28.924,-1.000000,0.0000,0.0000,0,0,0.000,1.000,19.607,-89.966,628.883,96.514,0,0,-1,99.640082
231,32.1186,portrait-orbit,-70.586,618.403,101.737,0.000,72.265,234.087,-59.114,628.375,16.825,-75.327,634.964,16.825,0.0000,0.0000,-47.768,618.232,96.521,-89.951,628.933,96.521,0.4803,0.0000,0.0000,0,0.000,0.000,0.0000,0.0000,0,0,-89.951,628.933,96.521,0.000,0,-1.000000,1.000,28.924,-1.000000,0.0000,0.0000,0,0,0.000,1.000,19.607,-89.951,628.933,96.521,0,0,-1,99.640082
232,32.2770,portrait-orbit,-70.586,618.403,101.737,0.000,72.265,234.087,-59.114,628.375,16.825,-75.327,634.964,16.825,0.0000,0.0000,-47.739,618.368,96.539,-89.911,629.067,96.539,0.4803,0.0000,0.0000,0,0.000,0.000,0.0000,0.0000,0,0,-89.911,629.067,96.539,0.000,0,-1.000000,1.000,28.924,-1.000000,0.0000,0.0000,0,0,0.000,1.000,19.607,-89.911,629.067,96.539,0,0,-1,99.640082
233,32.4314,portrait-orbit,-70.586,618.403,101.737,0.000,72.265,234.087,-59.114,628.375,16.825,-75.327,634.964,16.825,0.0000,0.0000,-47.719,618.465,96.553,-89.883,629.162,96.553,0.4803,0.0000,0.0000,0,0.000,0.000,0.0000,0.0000,0,0,-89.883,629.162,96.553,0.000,0,-1.000000,1.000,28.924,-1.000000,0.0000,0.0000,0,0,0.000,1.000,19.607,-89.883,629.162,96.553,0,0,-1,99.640082
234,32.5854,portrait-orbit,-70.586,618.403,101.737,0.000,72.265,234.087,-59.114,628.375,16.825,-75.327,634.964,16.825,0.0000,0.0000,-47.696,618.575,96.569,-89.851,629.270,96.569,0.4803,0.0000,0.0000,0,0.000,0.000,0.0000,0.0000,0,0,-89.851,629.270,96.569,0.000,0,-1.000000,1.000,28.924,-1.000000,0.0000,0.0000,0,0,0.000,1.000,19.607,-89.851,629.270,96.569,0,0,-1,99.640082
235,32.7400,portrait-orbit,-70.586,618.403,101.737,0.000,72.265,234.087,-59.114,628.375,16.825,-75.327,634.964,16.825,0.0000,0.0000,-47.676,618.671,96.583,-89.822,629.364,96.583,0.4803,0.0000,0.0000,0,0.000,0.000,0.0000,0.0000,0,0,-89.822,629.364,96.583,0.000,0,-1.000000,1.000,28.924,-1.000000,0.0000,0.0000,0,0,0.000,1.000,19.607,-89.822,629.364,96.583,0,0,-1,99.640082
236,32.8940,portrait-orbit,-70.586,618.403,101.737,0.000,72.265,234.087,-59.114,628.375,16.825,-75.327,634.964,16.825,0.0000,0.0000,-47.657,618.762,96.597,-89.796,629.453,96.597,0.4803,0.0000,0.0000,0,0.000,0.000,0.0000,0.0000,0,0,-89.796,629.453,96.597,0.000,0,-1.000000,1.000,28.924,-1.000000,0.0000,0.0000,0,0,0.000,1.000,19.607,-89.796,629.453,96.597,0,0,-1,99.640082
237,33.0469,portrait-orbit,-70.586,618.403,101.737,0.000,72.265,234.087,-59.114,628.375,16.825,-75.327,634.964,16.825,0.0000,0.0000,-47.654,618.776,96.598,-89.792,629.465,96.598,0.4803,0.0000,0.0000,0,0.000,0.000,0.0000,0.0000,0,0,-89.792,629.465,96.598,0.000,0,-1.000000,1.000,28.924,-1.000000,0.0000,0.0000,0,0,0.000,1.000,19.607,-89.792,629.465,96.598,0,0,-1,99.640082
238,33.2080,return-to-world,-70.586,618.403,101.737,0.000,72.265,234.087,-59.114,628.375,16.825,-75.327,634.964,16.825,0.0000,0.0000,-47.639,618.845,96.609,-89.771,629.533,96.609,0.4803,0.0000,0.0000,0,0.000,0.000,0.0000,0.0000,0,0,-89.771,629.533,96.609,0.000,0,-1.000000,1.000,28.924,-1.000000,0.0000,0.0000,0,0,0.000,1.000,19.607,-89.771,629.533,96.609,0,0,-1,99.640082
239,33.3499,return-to-world,-70.586,618.403,101.737,0.000,72.265,234.087,-59.114,628.375,16.825,-75.327,634.964,16.825,0.0000,0.0000,-47.639,618.845,96.609,-89.771,629.533,96.609,0.4803,0.0000,0.0000,0,0.000,0.000,0.0000,0.0000,0,0,-89.771,629.533,96.609,0.000,0,-1.000000,1.000,28.924,-1.000000,0.0000,0.0000,0,0,0.000,1.000,19.607,-89.771,629.533,96.609,0,0,-1,99.637816
240,33.4946,return-to-world,-70.586,618.403,101.737,0.000,72.265,234.087,-59.114,628.375,16.825,-75.327,634.964,16.825,0.0000,0.0000,-47.650,618.797,96.603,-89.785,629.487,96.603,0.4803,0.0000,0.0000,0,0.000,0.000,0.0000,0.0000,0,0,-89.785,629.487,96.603,0.000,0,-1.000000,1.000,28.924,-1.000000,0.0000,0.0000,0,0,0.000,1.000,19.607,-89.785,629.487,96.603,0,0,-1,99.635495
241,33.6332,return-to-world,-70.586,618.403,101.737,0.000,72.265,234.087,-59.114,628.375,16.825,-75.327,634.964,16.825,0.0000,0.0000,-47.665,618.725,96.596,-89.806,629.416,96.596,0.4803,0.0000,0.0000,0,0.000,0.000,0.0000,0.0000,0,0,-89.806,629.416,96.596,0.000,0,-1.000000,1.000,28.924,-1.000000,0.0000,0.0000,0,0,0.000,1.000,19.607,-89.806,629.416,96.596,0,0,-1,99.633280
242,33.7670,return-to-world,-70.586,618.403,101.737,0.000,72.265,234.087,-59.114,628.375,16.825,-75.327,634.964,16.825,0.0000,0.0000,-47.677,618.664,96.582,-89.825,629.357,96.582,0.4803,0.0000,0.0000,0,0.000,0.000,0.0000,0.0000,0,0,-89.825,629.357,96.582,0.000,0,-1.000000,1.000,28.924,-1.000000,0.0000,0.0000,0,0,0.000,1.000,19.607,-89.825,629.357,96.582,0,0,-1,99.631138
243,33.9143,return-to-world,-70.586,618.403,101.737,0.000,72.265,234.087,-59.114,628.375,16.825,-75.327,634.964,16.825,0.0000,0.0000,-47.699,618.561,96.567,-89.855,629.256,96.567,0.4803,0.0000,0.0000,0,0.000,0.000,0.0000,0.0000,0,0,-89.855,629.256,96.567,0.000,0,-1.000000,1.000,28.924,-1.000000,0.0000,0.0000,0,0,0.000,1.000,19.607,-89.855,629.256,96.567,0,0,-1,99.628785
244,34.0635,return-to-world,-70.586,618.403,101.737,0.000,72.265,234.087,-59.114,628.375,16.825,-75.327,634.964,16.825,0.0000,0.0000,-47.719,618.463,96.553,-89.883,629.161,96.553,0.4803,0.0000,0.0000,0,0.000,0.000,0.0000,0.0000,0,0,-89.883,629.161,96.553,0.000,0,-1.000000,1.000,28.924,-1.000000,0.0000,0.0000,0,0,0.000,1.000,19.607,-89.883,629.161,96.553,0,0,-1,99.626389
245,34.2113,walk-to-forage,-70.586,618.403,101.737,0.000,72.265,234.087,-59.114,628.375,16.825,-75.327,634.964,16.825,0.0000,0.0000,-47.741,618.361,96.538,-89.913,629.060,96.538,0.4803,0.0000,0.0000,0,-100.000,550.000,0.0000,0.0000,0,0,-89.913,629.060,96.538,0.000,0,-1.000000,1.000,28.924,-1.000000,0.0000,0.0000,0,0,0.000,1.000,19.607,-89.913,629.060,96.538,0,0,0,99.624028
246,34.3424,walk-to-forage,-71.765,616.775,101.673,22.941,111.592,235.348,-61.187,614.338,15.466,-94.067,643.414,15.453,0.6554,0.1912,-54.652,631.379,92.580,-93.807,612.421,92.532,0.5054,0.0000,0.0000,0,-100.000,550.000,0.0000,0.0000,0,0,-93.807,612.421,92.532,0.000,0,-1.000000,1.000,28.924,-1.000000,0.0000,0.0000,0,0,0.000,1.000,19.607,-93.807,612.421,92.532,0,0,0,99.621930
247,34.4722,walk-to-forage,-74.586,612.743,101.515,45.000,150.515,236.283,-57.833,614.311,17.445,-111.763,621.349,16.467,1.0000,0.3750,-74.140,636.342,91.062,-85.469,593.516,90.318,0.5541,0.0000,0.0000,0,-100.000,550.000,0.0000,0.0000,0,0,-85.469,593.516,90.318,0.000,0,-1.000000,1.000,28.924,-1.000000,0.0000,0.0000,0,0,0.000,1.000,19.607,-85.469,593.516,90.318,0,0,0,99.619854
248,34.5987,walk-to-forage,-77.784,608.021,101.332,45.000,-171.464,237.175,-69.873,618.296,19.241,-106.727,592.707,16.236,1.0000,0.3750,-94.901,625.489,92.097,-70.949,586.286,90.814,0.6016,0.0000,0.0000,0,-100.000,550.000,0.0000,0.0000,0,0,-70.949,586.286,90.814,0.000,0,-1.000000,1.000,28.924,-1.000000,0.0000,0.0000,0,0,0.000,1.000,19.607,-70.949,586.286,90.814,0,0,0,99.617826
249,34.7450,walk-to-forage,-81.376,602.522,101.122,45.000,-127.677,238.282,-87.173,609.319,22.128,-88.194,576.887,16.305,1.0000,0.3750,-107.246,600.850,93.803,-59.683,594.034,92.042,0.6563,0.0000,0.0000,0,-100.000,550.000,0.0000,0.0000,0,0,-59.683,594.034,92.042,0.000,0,-1.000000,1.000,28.924,-1.000000,0.0000,0.0000,0,0,0.000,1.000,19.607,-59.683,594.034,92.042,0,0,0,99.615491
250,34.8905,walk-to-forage,-84.861,596.967,100.911,45.000,-121.718,239.510,-95.692,595.063,24.122,-85.881,576.636,16.159,1.0000,0.3750,-110.946,591.219,94.793,-61.500,592.270,92.811,0.7110,0.0000,0.0000,0,-100.000,550.000,0.0000,0.0000,0,0,-61.500,592.270,92.811,0.000,0,-1.000000,1.000,28.924,-1.000000,0.0000,0.0000,0,0,0.000,1.000,19.607,-61.500,592.270,92.811,0,0,0,99.613159
251,35.0345,walk-to-forage,-88.187,591.413,100.704,45.000,-120.490,240.886,-103.320,580.767,24.244,-85.855,576.879,15.827,1.0000,0.3750,-114.262,584.857,94.689,-64.591,587.525,92.669,0.7649,0.0000,0.0000,0,-100.000,550.000,0.0000,0.0000,0,0,-64.591,587.525,92.669,0.000,0,-1.000000,1.000,28.924,-1.000000,0.0000,0.0000,0,0,0.000,1.000,19.607,-64.591,587.525,92.669,0,0,0,99.610857
252,35.1787,settle-forage,-88.187,591.413,100.704,0.000,-120.490,240.886,-102.228,583.036,17.055,-86.835,574.964,15.605,0.2775,0.0000,-111.676,593.322,94.933,-69.541,579.706,94.368,0.7649,0.0000,0.0000,0,-100.000,550.000,0.0000,0.0000,0,0,-69.541,579.706,94.368,0.000,0,-1.000000,1.000,28.924,-1.000000,0.0000,0.0000,0,0,0.000,1.000,19.607,-69.541,579.706,94.368,0,0,0,99.608545
253,35.3060,settle-forage,-88.187,591.413,100.704,0.000,-120.490,240.886,-101.578,584.219,15.791,-87.220,574.213,15.791,0.0000,0.0000,-110.471,596.473,95.509,-71.703,576.728,95.509,0.7649,0.0000,0.0000,0,-100.000,550.000,0.0000,0.0000,0,0,-71.703,576.728,95.509,0.000,0,-1.000000,1.000,28.924,-1.000000,0.0000,0.0000,0,0,0.000,1.000,19.607,-71.703,576.728,95.509,0,0,0,99.606515
254,35.4355,settle-forage,-88.187,591.413,100.704,0.000,-120.490,240.886,-101.578,584.219,15.791,-87.220,574.213,15.791,0.0000,0.0000,-110.505,596.398,95.520,-71.744,576.656,95.520,0.7649,0.0000,0.0000,0,-100.000,550.000,0.0000,0.0000,0,0,-71.744,576.656,95.520,0.000,0,-1.000000,1.000,28.924,-1.000000,0.0000,0.0000,0,0,0.000,1.000,19.607,-71.744,576.656,95.520,0,0,0,99.604438
255,35.5646,settle-forage,-88.187,591.413,100.704,0.000,-120.490,240.886,-101.578,584.219,15.791,-87.220,574.213,15.791,0.0000,0.0000,-110.545,596.312,95.533,-71.790,576.574,95.533,0.7649,0.0000,0.0000,0,-100.000,550.000,0.0000,0.0000,0,0,-71.790,576.574,95.533,0.000,0,-1.000000,1.000,28.924,-1.000000,0.0000,0.0000,0,0,0.000,1.000,19.607,-71.790,576.574,95.533,0,0,0,99.602375
256,35.6908,settle-forage,-88.187,591.413,100.704,0.000,-120.490,240.886,-101.578,584.219,15.791,-87.220,574.213,15.791,0.0000,0.0000,-110.580,596.236,95.545,-71.831,576.500,95.545,0.7649,0.0000,0.0000,0,-100.000,550.000,0.0000,0.0000,0,0,-71.831,576.500,95.545,0.000,0,-1.000000,1.000,28.924,-1.000000,0.0000,0.0000,0,0,0.000,1.000,19.607,-71.831,576.500,95.545,0,0,0,99.600353
257,35.8336,view-picking-side,-88.187,591.413,100.704,0.000,-120.490,240.886,-101.578,584.219,15.791,-87.220,574.213,15.791,0.0000,0.0000,-110.615,596.157,95.558,-71.874,576.425,95.558,0.7649,0.0000,0.0000,0,-100.000,550.000,0.0000,0.0000,0,0,-71.874,576.425,95.558,0.000,0,-1.000000,1.000,28.924,-1.000000,0.0000,0.0000,0,0,0.000,1.000,19.607,-71.874,576.425,95.558,0,0,0,99.598070
258,35.9783,view-picking-side,-88.187,591.413,100.704,0.000,-120.490,233.149,-101.578,584.219,15.791,-87.220,574.213,15.791,0.0000,0.0000,-110.636,596.112,95.565,-71.898,576.382,95.565,0.7649,0.0000,0.0000,0,-100.000,550.000,0.0000,0.0000,0,0,-71.898,576.382,95.565,0.000,0,-1.000000,1.000,28.924,-1.000000,0.0000,0.0000,0,0,0.000,1.000,19.607,-71.898,576.382,95.565,0,0,0,99.595754
259,36.1072,view-picking-side,-88.187,591.413,100.704,0.000,-120.490,226.266,-101.578,584.219,15.791,-87.220,574.213,15.791,0.0000,0.0000,-110.636,596.112,95.565,-71.898,576.382,95.565,0.7649,0.0000,0.0000,0,-100.000,550.000,0.0000,0.0000,0,0,-71.898,576.382,95.565,0.000,0,-1.000000,1.000,28.924,-1.000000,0.0000,0.0000,0,0,0.000,1.000,19.607,-71.898,576.382,95.565,0,0,0,99.593693
260,36.2371,view-picking-side,-88.187,591.413,100.704,0.000,-120.490,219.320,-101.578,584.219,15.791,-87.220,574.213,15.791,0.0000,0.0000,-110.666,596.047,95.576,-71.933,576.321,95.576,0.7649,0.0000,0.0000,0,-100.000,550.000,0.0000,0.0000,0,0,-71.933,576.321,95.576,0.000,0,-1.000000,1.000,28.924,-1.000000,0.0000,0.0000,0,0,0.000,1.000,19.607,-71.933,576.321,95.576,0,0,0,99.591613
261,36.3660,view-picking-side,-88.187,591.413,100.704,0.000,-120.490,212.439,-101.578,584.219,15.791,-87.220,574.213,15.791,0.0000,0.0000,-110.666,596.047,95.576,-71.933,576.321,95.576,0.7649,0.0000,0.0000,0,-100.000,550.000,0.0000,0.0000,0,0,-71.933,576.321,95.576,0.000,0,-1.000000,1.000,28.924,-1.000000,0.0000,0.0000,0,0,0.000,1.000,19.607,-71.933,576.321,95.576,0,0,0,99.589553
262,36.5063,view-picking-side,-88.187,591.413,100.704,0.000,-120.490,204.932,-101.578,584.219,15.791,-87.220,574.213,15.791,0.0000,0.0000,-110.642,596.097,95.569,-71.906,576.368,95.569,0.7649,0.0000,0.0000,0,-100.000,550.000,0.0000,0.0000,0,0,-71.906,576.368,95.569,0.000,0,-1.000000,1.000,28.924,-1.000000,0.0000,0.0000,0,0,0.000,1.000,19.607,-71.906,576.368,95.569,0,0,0,99.587305
263,36.6603,view-picking-side,-88.187,591.413,100.704,0.000,-120.490,196.713,-101.578,584.219,15.791,-87.220,574.213,15.791,0.0000,0.0000,-110.608,596.172,95.562,-71.866,576.440,95.562,0.7649,0.0000,0.0000,0,-100.000,550.000,0.0000,0.0000,0,0,-71.866,576.440,95.562,0.000,0,-1.000000,1.000,28.924,-1.000000,0.0000,0.0000,0,0,0.000,1.000,19.607,-71.866,576.440,95.562,0,0,0,99.584844
264,36.7984,view-picking-side,-88.187,591.413,100.704,0.000,-120.490,189.321,-101.578,584.219,15.791,-87.220,574.213,15.791,0.0000,0.0000,-110.579,596.236,95.545,-71.831,576.501,95.545,0.7649,0.0000,0.0000,0,-100.000,550.000,0.0000,0.0000,0,0,-71.831,576.501,95.545,0.000,0,-1.000000,1.000,28.924,-1.000000,0.0000,0.0000,0,0,0.000,1.000,19.607,-71.831,576.501,95.545,0,0,0,99.582631
265,37.0480,before-pick,-88.187,591.413,100.704,0.000,-120.490,182.215,-101.578,584.219,15.791,-87.220,574.213,15.791,0.0000,0.0000,-110.508,596.392,95.521,-71.747,576.650,95.521,0.7649,0.0000,0.0000,0,-100.000,550.000,0.0000,0.0000,0,0,-71.747,576.650,95.521,0.000,0,-1.000000,1.000,28.924,-1.000000,0.0000,0.0000,0,0,0.000,1.000,19.607,-71.747,576.650,95.521,0,0,0,99.578637
266,37.1811,before-pick,-88.187,591.413,100.704,0.000,-120.490,182.215,-101.578,584.219,15.791,-87.220,574.213,15.791,0.0000,0.0000,-110.469,596.477,95.508,-71.701,576.732,95.508,0.7649,0.0000,0.0000,0,-100.000,550.000,0.0000,0.0000,0,0,-71.701,576.732,95.508,0.000,0,-1.000000,1.000,28.924,-1.000000,0.0000,0.0000,0,0,0.000,1.000,19.607,-71.701,576.732,95.508,0,0,0,99.576511
267,37.3126,before-pick,-88.187,591.413,100.704,0.000,-120.490,182.215,-101.578,584.219,15.791,-87.220,574.213,15.791,0.0000,0.0000,-110.442,596.537,95.498,-71.669,576.790,95.498,0.7649,0.0000,0.0000,0,-100.000,550.000,0.0000,0.0000,0,0,-71.669,576.790,95.498,0.000,0,-1.000000,1.000,28.924,-1.000000,0.0000,0.0000,0,0,0.000,1.000,19.607,-71.669,576.790,95.498,0,0,0,99.574404
268,37.4489,before-pick,-88.187,591.413,100.704,0.000,-120.490,182.215,-101.578,584.219,15.791,-87.220,574.213,15.791,0.0000,0.0000,-110.432,596.555,95.489,-71.659,576.808,95.489,0.7649,0.0000,0.0000,0,-100.000,550.000,0.0000,0.0000,0,0,-71.659,576.808,95.489,0.000,0,-1.000000,1.000,28.924,-1.000000,0.0000,0.0000,0,0,0.000,1.000,19.607,-71.659,576.808,95.489,0,0,0,99.572223
269,37.5793,before-pick,-88.187,591.413,100.704,0.000,-120.490,182.215,-101.578,584.219,15.791,-87.220,574.213,15.791,0.0000,0.0000,-110.391,596.648,95.483,-71.608,576.897,95.483,0.7649,0.0000,0.0000,0,-100.000,550.000,0.0000,0.0000,0,0,-71.608,576.897,95.483,0.000,0,-1.000000,1.000,28.924,-1.000000,0.0000,0.0000,0,0,0.000,1.000,19.607,-71.608,576.897,95.483,0,0,0,99.570135
270,37.7148,before-pick,-88.187,591.413,100.704,0.000,-120.490,182.215,-101.578,584.219,15.791,-87.220,574.213,15.791,0.0000,0.0000,-110.391,596.648,95.483,-71.608,576.897,95.483,0.7649,0.0000,0.0000,0,-100.000,550.000,0.0000,0.0000,0,0,-71.608,576.897,95.483,0.000,0,-1.000000,1.000,28.924,-1.000000,0.0000,0.0000,0,0,0.000,1.000,19.607,-71.608,576.897,95.483,0,0,0,99.567968
271,37.9632,gather,-88.187,591.413,100.704,0.000,-120.490,182.215,-101.530,584.269,15.815,-87.226,574.226,15.807,0.0000,0.0000,-109.984,597.419,93.699,-71.532,577.278,93.712,0.7649,0.9722,0.1167,1,-100.000,550.000,0.0000,0.0000,0,0,-71.532,577.278,93.712,0.000,0,-1.000000,1.000,28.924,-1.000000,0.0000,0.0000,0,0,0.000,1.000,19.607,-71.532,577.278,93.712,0,0,0,99.563995
272,38.0985,gather,-88.187,591.413,100.704,0.000,-120.490,182.215,-101.561,584.228,15.661,-87.251,574.084,15.683,0.0000,0.0000,-108.459,600.413,88.698,-74.496,573.919,89.403,0.7649,1.0000,0.2519,1,-100.000,550.000,0.0000,0.0000,0,0,-74.496,573.919,89.403,0.000,0,-1.000000,1.000,28.924,-1.000000,0.0000,0.0000,0,0,0.000,1.000,19.607,-74.496,573.919,89.403,0,0,0,99.561831
273,38.2312,gather,-88.187,591.413,100.704,0.000,-120.490,182.215,-101.628,584.126,16.167,-87.257,574.130,16.174,0.0000,0.0000,-107.016,603.246,84.863,-83.655,561.471,91.698,0.7649,1.0000,0.3847,1,-100.000,550.000,0.0000,0.0000,0,0,-83.655,561.471,91.698,0.000,0,-1.000000,1.000,28.924,-1.000000,0.0000,0.0000,0,0,0.000,1.000,19.607,-83.655,561.471,91.698,0,0,0,99.559706
274,38.3638,gather,-88.187,591.413,100.704,0.000,-120.490,182.215,-101.598,584.202,15.810,-87.239,574.151,15.819,0.0000,0.0000,-106.424,604.407,82.923,-88.397,555.720,95.728,0.7649,1.0000,0.5173,1,-100.000,550.000,0.0000,0.0000,0,0,-88.397,555.720,95.728,0.000,0,-1.000000,1.000,28.924,-1.000000,0.0000,0.0000,0,0,0.000,1.000,19.607,-88.397,555.720,95.728,0,0,0,99.557585
275,38.4995,gather,-88.187,591.413,100.704,0.000,-120.490,182.215,-101.651,584.111,15.829,-87.235,574.149,15.819,0.0000,0.0000,-106.424,604.407,82.923,-87.117,558.310,97.856,0.7649,1.0000,0.6530,1,-100.000,550.000,0.0000,0.0000,0,0,-87.117,558.310,97.856,0.000,0,-1.000000,1.000,28.924,-1.000000,0.0000,0.0000,0,0,0.000,1.000,19.607,-87.117,558.310,97.856,0,0,0,99.555413
276,38.6304,gather,-88.187,591.413,100.704,0.000,-120.490,182.215,-101.651,584.111,15.829,-87.235,574.149,15.819,0.0000,0.0000,-106.424,604.407,82.923,-87.018,558.484,98.016,0.7649,1.0000,0.7839,1,-100.000,550.000,0.0000,0.0000,0,0,-87.018,558.484,98.016,0.000,0,-1.000000,1.000,28.924,-1.000000,0.0000,0.0000,0,0,0.000,1.000,19.607,-87.018,558.484,98.016,0,0,0,99.553318
277,38.7629,gather,-88.187,591.413,100.704,0.000,-120.490,182.215,-101.552,584.284,15.552,-87.167,574.389,15.523,0.0000,0.0000,-106.474,604.309,82.911,-87.494,556.857,94.654,0.7649,1.0000,0.9164,1,-100.000,550.000,0.0000,0.0000,0,0,-87.494,556.857,94.654,0.000,0,-1.000000,1.000,28.924,-1.000000,0.0000,0.0000,0,0,0.000,1.000,19.607,-87.494,556.857,94.654,0,0,0,99.551199
278,38.8933,gather,-88.187,591.413,100.704,0.000,-120.490,182.215,-101.639,584.139,15.804,-87.210,574.247,15.824,0.0000,0.0000,-107.136,603.010,84.934,-82.435,563.063,90.618,0.7649,1.0000,1.0466,1,-100.000,550.000,0.0000,0.0000,0,0,-82.435,563.063,90.618,0.000,0,-1.000000,1.000,28.924,-1.000000,0.0000,0.0000,0,0,0.000,1.000,19.607,-82.435,563.063,90.618,0,0,0,99.549116
279,39.0276,gather,-88.187,591.413,100.704,0.000,-120.490,182.215,-101.595,584.194,15.713,-87.220,574.218,15.726,0.0000,0.0000,-108.119,601.079,87.752,-76.041,571.797,89.044,0.7649,1.0000,1.1811,1,-100.000,550.000,0.0000,0.0000,0,0,-76.041,571.797,89.044,0.000,0,-1.000000,1.000,28.924,-1.000000,0.0000,0.0000,0,0,0.000,1.000,19.607,-76.041,571.797,89.044,0,0,0,99.546964
280,39.1536,gather,-88.187,591.413,100.704,0.000,-120.490,182.215,-101.528,584.292,15.708,-87.209,574.242,15.704,0.0000,0.0000,-109.133,599.089,90.880,-72.467,576.525,91.061,0.7649,1.0000,1.3068,1,-100.000,550.000,0.0000,0.0000,0,0,-72.467,576.525,91.061,0.000,0,-1.000000,1.000,28.924,-1.000000,0.0000,0.0000,0,0,0.000,1.000,19.607,-72.467,576.525,91.061,0,0,0,99.544953
281,39.2919,gather,-88.187,591.413,100.704,0.000,-120.490,182.215,-101.523,584.266,15.922,-87.233,574.251,15.925,0.0000,0.0000,-110.147,597.095,94.307,-71.576,577.109,94.315,0.7649,0.8958,1.4453,1,-100.000,550.000,0.0000,0.0000,0,0,-71.576,577.109,94.315,0.000,0,-1.000000,1.000,28.924,-1.000000,0.0000,0.0000,0,0,0.000,1.000,19.607,-71.576,577.109,94.315,0,0,0,99.542736
282,39.4271,gather,-88.187,591.413,100.704,0.000,-120.490,182.215,-101.580,584.218,15.795,-87.219,574.216,15.795,0.0000,0.0000,-110.658,596.063,95.575,-71.924,576.336,95.575,0.7649,0.0502,1.5806,1,-100.000,550.000,0.0000,0.0000,0,0,-71.924,576.336,95.575,0.000,0,-1.000000,1.000,28.924,-1.000000,0.0000,0.0000,0,0,0.000,1.000,19.607,-71.924,576.336,95.575,0,0,0,99.540572
283,39.5585,gather,-88.187,591.413,100.704,0.000,-120.490,182.215,-101.578,584.219,15.791,-87.220,574.213,15.791,0.0000,0.0000,-110.631,596.123,95.566,-71.892,576.393,95.566,0.7649,0.0000,1.6000,1,-100.000,550.000,0.0000,0.0000,0,0,-71.892,576.393,95.566,0.000,0,-1.000000,1.000,28.924,-1.000000,0.0000,0.0000,0,0,0.000,1.000,19.607,-71.892,576.393,95.566,0,0,0,99.538471
284,39.6896,gather,-88.187,591.413,100.704,0.000,-120.490,182.215,-101.578,584.219,15.791,-87.220,574.213,15.791,0.0000,0.0000,-110.602,596.186,95.560,-71.858,576.454,95.561,0.7649,0.0000,1.6000,1,-100.000,550.000,0.0000,0.0000,0,0,-71.858,576.454,95.561,0.000,0,-1.000000,1.000,28.924,-1.000000,0.0000,0.0000,0,0,0.000,1.000,19.607,-71.858,576.454,95.561,0,0,0,99.536371
285,39.8207,gather,-88.187,591.413,100.704,0.000,-120.490,182.215,-101.578,584.219,15.791,-87.220,574.213,15.791,0.0000,0.0000,-110.573,596.251,95.543,-71.823,576.515,95.543,0.7649,0.0000,1.6000,1,-100.000,550.000,0.0000,0.0000,0,0,-71.823,576.515,95.543,0.000,0,-1.000000,1.000,28.924,-1.000000,0.0000,0.0000,0,0,0.000,1.000,19.607,-71.823,576.515,95.543,0,0,0,99.534274
286,39.9538,gather,-88.187,591.413,100.704,0.000,-120.490,182.215,-101.578,584.219,15.791,-87.220,574.213,15.791,0.0000,0.0000,-110.533,596.337,95.529,-71.777,576.598,95.529,0.7649,0.0000,1.6000,1,-100.000,550.000,0.0000,0.0000,0,0,-71.777,576.598,95.529,0.000,0,-1.000000,1.000,28.924,-1.000000,0.0000,0.0000,0,0,0.000,1.000,19.607,-71.777,576.598,95.529,0,0,0,99.532144
287,40.0932,gather,-88.187,591.413,100.704,0.000,-120.490,182.215,-101.578,584.219,15.791,-87.220,574.213,15.791,0.0000,0.0000,-110.495,596.421,95.516,-71.731,576.678,95.516,0.7649,0.0000,1.6000,1,-100.000,550.000,0.0000,0.0000,0,0,-71.731,576.678,95.516,0.000,0,-1.000000,1.000,28.924,-1.000000,0.0000,0.0000,0,0,0.000,1.000,19.607,-71.731,576.678,95.516,0,0,0,99.529915
288,40.2323,gather,-88.187,591.413,100.704,0.000,-120.490,182.215,-101.578,584.219,15.791,-87.220,574.213,15.791,0.0000,0.0000,-110.454,596.511,95.503,-71.683,576.764,95.503,0.7649,0.0000,1.6000,1,-100.000,550.000,0.0000,0.0000,0,0,-71.683,576.764,95.503,0.000,0,-1.000000,1.000,28.924,-1.000000,0.0000,0.0000,0,0,0.000,1.000,19.607,-71.683,576.764,95.503,0,0,0,99.527687
289,40.3692,gather,-88.187,591.413,100.704,0.000,-120.490,182.215,-101.578,584.219,15.791,-87.220,574.213,15.791,0.0000,0.0000,-110.438,596.544,95.494,-71.665,576.797,95.494,0.7649,0.0000,1.6000,1,-100.000,550.000,0.0000,0.0000,0,0,-71.665,576.797,95.494,0.000,0,-1.000000,1.000,28.924,-1.000000,0.0000,0.0000,0,0,0.000,1.000,19.607,-71.665,576.797,95.494,0,0,0,99.525497
290,40.5059,gather,-88.187,591.413,100.704,0.000,-120.490,182.215,-101.578,584.219,15.791,-87.220,574.213,15.791,0.0000,0.0000,-110.428,596.563,95.486,-71.655,576.816,95.486,0.7649,0.0000,1.6000,1,-100.000,550.000,0.0000,0.0000,0,0,-71.655,576.816,95.486,0.000,0,-1.000000,1.000,28.924,-1.000000,0.0000,0.0000,0,0,0.000,1.000,19.607,-71.655,576.816,95.486,0,0,0,99.523312
291,40.6465,gather,-88.187,591.413,100.704,0.000,-120.490,182.215,-101.578,584.219,15.791,-87.220,574.213,15.791,0.0000,0.0000,-110.391,596.648,95.483,-71.608,576.897,95.483,0.7649,0.0000,1.6000,1,-100.000,550.000,0.0000,0.0000,0,0,-71.608,576.897,95.483,0.000,0,-1.000000,1.000,28.924,-1.000000,0.0000,0.0000,0,0,0.000,1.000,19.607,-71.608,576.897,95.483,0,0,0,99.521062
292,40.7854,gather,-88.187,591.413,100.704,0.000,-120.490,182.215,-101.578,584.219,15.791,-87.220,574.213,15.791,0.0000,0.0000,-110.391,596.648,95.483,-71.608,576.897,95.483,0.7649,0.0000,1.6000,1,-100.000,550.000,0.0000,0.0000,0,0,-71.608,576.897,95.483,0.000,0,-1.000000,1.000,28.924,-1.000000,0.0000,0.0000,0,0,0.000,1.000,19.607,-71.608,576.897,95.483,0,0,0,99.518838
293,40.9132,gather,-88.187,591.413,100.704,0.000,-120.490,182.215,-101.578,584.219,15.791,-87.220,574.213,15.791,0.0000,0.0000,-110.383,596.664,95.481,-71.600,576.912,95.481,0.7649,0.0000,1.6000,1,-100.000,550.000,0.0000,0.0000,0,0,-71.600,576.912,95.481,0.000,0,-1.000000,1.000,28.924,-1.000000,0.0000,0.0000,0,0,0.000,1.000,19.607,-71.600,576.912,95.481,0,0,0,99.516799
294,41.0530,after-gather,-88.187,591.413,100.704,0.000,-120.490,182.215,-101.578,584.219,15.791,-87.220,574.213,15.791,0.0000,0.0000,-110.383,596.664,95.481,-71.600,576.912,95.481,0.7649,0.0000,1.6000,1,-100.000,550.000,0.0000,0.0000,0,0,-71.600,576.912,95.481,0.000,0,-1.000000,1.000,28.924,-1.000000,0.0000,0.0000,0,0,0.000,1.000,19.607,-71.600,576.912,95.481,0,0,0,99.514557
295,41.1826,after-gather,-88.187,591.413,100.704,0.000,-120.490,182.215,-101.578,584.219,15.791,-87.220,574.213,15.791,0.0000,0.0000,-110.437,596.546,95.498,-71.664,576.798,95.498,0.7649,0.0000,1.6000,1,-100.000,550.000,0.0000,0.0000,0,0,-71.664,576.798,95.498,0.000,0,-1.000000,1.000,28.924,-1.000000,0.0000,0.0000,0,0,0.000,1.000,19.607,-71.664,576.798,95.498,0,0,0,99.512490
296,41.3097,after-gather,-88.187,591.413,100.704,0.000,-120.490,182.215,-101.578,584.219,15.791,-87.220,574.213,15.791,0.0000,0.0000,-110.472,596.471,95.509,-71.704,576.726,95.509,0.7649,0.0000,1.6000,1,-100.000,550.000,0.0000,0.0000,0,0,-71.704,576.726,95.509,0.000,0,-1.000000,1.000,28.924,-1.000000,0.0000,0.0000,0,0,0.000,1.000,19.607,-71.704,576.726,95.509,0,0,0,99.510450
297,41.4499,after-gather,-88.187,591.413,100.704,0.000,-120.490,182.215,-101.578,584.219,15.791,-87.220,574.213,15.791,0.0000,0.0000,-110.510,596.388,95.522,-71.749,576.647,95.522,0.7649,0.0000,1.6000,1,-100.000,550.000,0.0000,0.0000,0,0,-71.749,576.647,95.522,0.000,0,-1.000000,1.000,28.924,-1.000000,0.0000,0.0000,0,0,0.000,1.000,19.607,-71.749,576.647,95.522,0,0,0,99.508207
298,41.5795,after-gather,-88.187,591.413,100.704,0.000,-120.490,182.215,-101.578,584.219,15.791,-87.220,574.213,15.791,0.0000,0.0000,-110.549,596.302,95.535,-71.795,576.564,95.535,0.7649,0.0000,1.6000,1,-100.000,550.000,0.0000,0.0000,0,0,-71.795,576.564,95.535,0.000,0,-1.000000,1.000,28.924,-1.000000,0.0000,0.0000,0,0,0.000,1.000,19.607,-71.795,576.564,95.535,0,0,0,99.506133
299,41.7097,after-gather,-88.187,591.413,100.704,0.000,-120.490,182.215,-101.578,584.219,15.791,-87.220,574.213,15.791,0.0000,0.0000,-110.584,596.225,95.547,-71.837,576.491,95.547,0.7649,0.0000,1.6000,1,-100.000,550.000,0.0000,0.0000,0,0,-71.837,576.491,95.547,0.000,0,-1.000000,1.000,28.924,-1.000000,0.0000,0.0000,0,0,0.000,1.000,19.607,-71.837,576.491,95.547,0,0,0,99.504055
300,41.8389,after-gather,-88.187,591.413,100.704,0.000,-120.490,182.215,-101.578,584.219,15.791,-87.220,574.213,15.791,0.0000,0.0000,-110.617,596.154,95.558,-71.875,576.423,95.558,0.7649,0.0000,1.6000,1,-100.000,550.000,0.0000,0.0000,0,0,-71.875,576.423,95.558,0.000,0,-1.000000,1.000,28.924,-1.000000,0.0000,0.0000,0,0,0.000,1.000,19.607,-71.875,576.423,95.558,0,0,0,99.501983
301,41.9652,after-gather,-88.187,591.413,100.704,0.000,-120.490,182.215,-101.578,584.219,15.791,-87.220,574.213,15.791,0.0000,0.0000,-110.636,596.112,95.565,-71.898,576.382,95.565,0.7649,0.0000,1.6000,1,-100.000,550.000,0.0000,0.0000,0,0,-71.898,576.382,95.565,0.000,0,-1.000000,1.000,28.924,-1.000000,0.0000,0.0000,0,0,0.000,1.000,19.607,-71.898,576.382,95.565,0,0,0,99.499965
302,42.0929,after-gather,-88.187,591.413,100.704,0.000,-120.490,182.215,-101.578,584.219,15.791,-87.220,574.213,15.791,0.0000,0.0000,-110.636,596.112,95.565,-71.898,576.382,95.565,0.7649,0.0000,1.6000,1,-100.000,550.000,0.0000,0.0000,0,0,-71.898,576.382,95.565,0.000,0,-1.000000,1.000,28.924,-1.000000,0.0000,0.0000,0,0,0.000,1.000,19.607,-71.898,576.382,95.565,0,0,0,99.497922
303,42.2185,after-gather,-88.187,591.413,100.704,0.000,-120.490,182.215,-101.578,584.219,15.791,-87.220,574.213,15.791,0.0000,0.0000,-110.666,596.047,95.576,-71.933,576.321,95.576,0.7649,0.0000,1.6000,1,-100.000,550.000,0.0000,0.0000,0,0,-71.933,576.321,95.576,0.000,0,-1.000000,1.000,28.924,-1.000000,0.0000,0.0000,0,0,0.000,1.000,19.607,-71.933,576.321,95.576,0,0,0,99.495912
304,42.3438,after-gather,-88.187,591.413,100.704,0.000,-120.490,182.215,-101.578,584.219,15.791,-87.220,574.213,15.791,0.0000,0.0000,-110.666,596.047,95.576,-71.933,576.321,95.576,0.7649,0.0000,1.6000,1,-100.000,550.000,0.0000,0.0000,0,0,-71.933,576.321,95.576,0.000,0,-1.000000,1.000,28.924,-1.000000,0.0000,0.0000,0,0,0.000,1.000,19.607,-71.933,576.321,95.576,0,0,0,99.493905
305,42.4699,after-gather,-88.187,591.413,100.704,0.000,-120.490,182.215,-101.578,584.219,15.791,-87.220,574.213,15.791,0.0000,0.0000,-110.651,596.080,95.570,-71.916,576.351,95.571,0.7649,0.0000,1.6000,1,-100.000,550.000,0.0000,0.0000,0,0,-71.916,576.351,95.571,0.000,0,-1.000000,1.000,28.924,-1.000000,0.0000,0.0000,0,0,0.000,1.000,19.607,-71.916,576.351,95.571,0,0,0,99.491892
306,42.6076,after-gather,-88.187,591.413,100.704,0.000,-120.490,182.215,-101.578,584.219,15.791,-87.220,574.213,15.791,0.0000,0.0000,-110.620,596.147,95.564,-71.880,576.416,95.564,0.7649,0.0000,1.6000,1,-100.000,550.000,0.0000,0.0000,0,0,-71.880,576.416,95.564,0.000,0,-1.000000,1.000,28.924,-1.000000,0.0000,0.0000,0,0,0.000,1.000,19.607,-71.880,576.416,95.564,0,0,0,99.489683
307,42.7337,after-gather,-88.187,591.413,100.704,0.000,-120.490,182.215,-101.578,584.219,15.791,-87.220,574.213,15.791,0.0000,0.0000,-110.598,596.194,95.552,-71.854,576.461,95.552,0.7649,0.0000,1.6000,1,-100.000,550.000,0.0000,0.0000,0,0,-71.854,576.461,95.552,0.000,0,-1.000000,1.000,28.924,-1.000000,0.0000,0.0000,0,0,0.000,1.000,19.607,-71.854,576.461,95.552,0,0,0,99.487669
308,42.8720,after-gather,-88.187,591.413,100.704,0.000,-120.490,182.215,-101.578,584.219,15.791,-87.220,574.213,15.791,0.0000,0.0000,-110.557,596.284,95.538,-71.805,576.547,95.538,0.7649,0.0000,1.6000,1,-100.000,550.000,0.0000,0.0000,0,0,-71.805,576.547,95.538,0.000,0,-1.000000,1.000,28.924,-1.000000,0.0000,0.0000,0,0,0.000,1.000,19.607,-71.805,576.547,95.538,0,0,0,99.485453
309,43.1296,walk-to-authored-tree,-88.187,591.413,100.704,0.000,-120.490,189.142,-101.578,584.219,15.791,-87.220,574.213,15.791,0.0000,0.0000,-110.484,596.444,95.513,-71.718,576.701,95.513,0.7649,0.0000,1.6000,1,-100.000,550.000,0.0000,0.0000,0,0,-71.718,576.701,95.513,0.000,0,-1.000000,1.000,28.924,-1.000000,0.0000,0.0000,0,0,0.000,1.000,19.607,-71.718,576.701,95.513,0,0,0,99.481331
310,43.2630,walk-to-authored-tree,-88.187,591.413,100.704,0.000,-120.490,197.060,-101.578,584.219,15.791,-87.220,574.213,15.791,0.0000,0.0000,-110.445,596.529,95.500,-71.673,576.781,95.500,0.7649,0.0000,1.6000,1,-100.000,550.000,0.0000,0.0000,0,0,-71.673,576.781,95.500,0.000,0,-1.000000,1.000,28.924,-1.000000,0.0000,0.0000,0,0,0.000,1.000,19.607,-71.673,576.781,95.500,0,0,0,99.479198
311,43.3957,walk-to-authored-tree,-88.187,591.413,100.704,0.000,-120.490,204.940,-101.578,584.219,15.791,-87.220,574.213,15.791,0.0000,0.0000,-110.436,596.548,95.493,-71.663,576.801,95.493,0.7649,0.0000,1.6000,1,-100.000,550.000,0.0000,0.0000,0,0,-71.663,576.801,95.493,0.000,0,-1.000000,1.000,28.924,-1.000000,0.0000,0.0000,0,0,0.000,1.000,19.607,-71.663,576.801,95.493,0,0,0,99.477074
312,43.5291,walk-to-authored-tree,-88.187,591.413,100.704,0.000,-120.490,212.862,-101.578,584.219,15.791,-87.220,574.213,15.791,0.0000,0.0000,-110.427,596.566,95.484,-71.654,576.819,95.484,0.7649,0.0000,1.6000,1,-100.000,550.000,0.0000,0.0000,0,0,-71.654,576.819,95.484,0.000,0,-1.000000,1.000,28.924,-1.000000,0.0000,0.0000,0,0,0.000,1.000,19.607,-71.654,576.819,95.484,0,0,0,99.474940
313,43.6628,walk-to-authored-tree,-88.187,591.413,100.704,0.000,-120.490,220.799,-101.578,584.219,15.791,-87.220,574.213,15.791,0.0000,0.0000,-110.391,596.648,95.483,-71.608,576.897,95.483,0.7649,0.0000,1.6000,1,-100.000,550.000,0.0000,0.0000,0,0,-71.608,576.897,95.483,0.000,0,-1.000000,1.000,28.924,-1.000000,0.0000,0.0000,0,0,0.000,1.000,19.607,-71.608,576.897,95.483,0,0,0,99.472801
314,43.7957,walk-to-authored-tree,-88.187,591.413,100.704,0.000,-120.490,228.691,-101.578,584.219,15.791,-87.220,574.213,15.791,0.0000,0.0000,-110.391,596.648,95.483,-71.608,576.897,95.483,0.7649,0.0000,1.6000,1,-100.000,550.000,0.0000,0.0000,0,0,-71.608,576.897,95.483,0.000,0,-1.000000,1.000,28.924,-1.000000,0.0000,0.0000,0,0,0.000,1.000,19.607,-71.608,576.897,95.483,0,0,0,99.470674
315,43.9310,walk-to-authored-tree,-88.187,591.413,100.704,0.000,-120.490,236.647,-101.578,584.219,15.791,-87.220,574.213,15.791,0.0000,0.0000,-110.383,596.664,95.481,-71.600,576.912,95.481,0.7649,0.0000,1.6000,1,-100.000,550.000,0.0000,0.0000,0,0,-71.600,576.912,95.481,0.000,0,-1.000000,1.000,28.924,-1.000000,0.0000,0.0000,0,0,0.000,1.000,19.607,-71.600,576.912,95.481,0,0,0,99.468509
316,44.0661,walk-to-authored-tree,-88.243,591.304,100.700,7.292,-117.169,243.430,-101.388,582.938,16.075,-86.174,574.430,15.715,0.0833,0.0608,-111.039,594.268,95.277,-70.252,578.680,95.115,0.7659,0.0000,1.6000,1,-100.000,550.000,0.0000,0.0000,0,0,-70.252,578.680,95.115,0.000,0,-1.000000,1.000,28.924,-1.000000,0.0000,0.0000,0,0,0.000,1.000,19.607,-70.252,578.680,95.115,0,0,0,99.466347
317,44.2004,walk-to-authored-tree,-90.925,585.912,100.512,65.970,-112.535,247.862,-107.155,565.278,19.376,-84.698,577.035,15.123,0.7543,0.5498,-115.139,579.750,93.481,-68.607,581.312,92.109,0.8326,0.0000,1.6000,1,-100.000,550.000,0.0000,0.0000,0,0,-68.607,581.312,92.109,0.000,0,-1.000000,1.000,28.924,-1.000000,0.0000,0.0000,0,0,0.000,1.000,19.607,-68.607,581.312,92.109,0,0,0,99.464200
318,44.3368,walk-to-authored-tree,-96.327,573.230,100.087,112.500,-109.401,250.866,-116.430,534.552,15.629,-84.861,581.990,15.017,1.0000,0.9375,-119.404,570.552,89.326,-75.862,564.759,88.766,0.9605,0.0000,1.6000,1,-100.000,550.000,0.0000,0.0000,0,0,-75.862,564.759,88.766,0.000,0,-1.000000,1.000,28.924,-1.000000,0.0000,0.0000,0,0,0.000,1.000,19.607,-75.862,564.759,88.766,0,0,0,99.462018
319,44.4716,walk-to-authored-tree,-101.542,558.989,99.626,112.500,-107.321,252.861,-117.853,528.709,14.772,-90.324,568.040,17.078,1.0000,0.9375,-122.923,565.383,89.092,-83.986,542.044,90.188,0.0869,0.0000,1.6000,1,-100.000,550.000,0.0000,0.0000,0,0,-83.986,542.044,90.188,0.000,0,-1.000000,1.000,28.924,-1.000000,0.0000,0.0000,0,0,0.000,1.000,19.607,-83.986,542.044,90.188,0,0,0,99.459861
320,44.6080,walk-to-authored-tree,-106.246,544.374,99.163,112.500,-105.882,254.242,-118.596,528.737,14.316,-99.405,535.203,22.383,1.0000,0.9375,-127.059,556.016,91.040,-90.212,522.924,92.931,0.2148,0.0000,1.6000,1,-100.000,550.000,0.0000,0.0000,0,0,-90.212,522.924,92.931,0.000,0,-1.000000,1.000,28.924,-1.000000,0.0000,0.0000,0,0,0.000,1.000,19.607,-90.212,522.924,92.931,0,0,0,99.457677
321,44.7444,walk-to-authored-tree,-110.537,529.649,98.697,112.500,-104.896,255.190,-119.610,528.810,13.898,-107.934,498.920,19.820,1.0000,0.9375,-131.787,539.169,89.698,-93.646,509.903,91.398,0.3426,0.0000,1.6000,1,-100.000,550.000,0.0000,0.0000,0,0,-93.646,509.903,91.398,0.000,0,-1.000000,1.000,28.924,-1.000000,0.0000,0.0000,0,0,0.000,1.000,19.607,-93.646,509.903,91.398,0,0,0,99.455496
322,44.8825,walk-to-authored-tree,-114.596,514.648,98.209,112.500,-104.200,255.861,-120.874,529.009,13.196,-114.254,470.755,13.470,1.0000,0.9375,-136.994,515.330,86.889,-95.110,502.811,87.283,0.4721,0.0000,1.6000,1,-100.000,550.000,0.0000,0.0000,0,0,-95.110,502.811,87.283,0.000,0,-1.000000,1.000,28.924,-1.000000,0.0000,0.0000,0,0,0.000,1.000,19.607,-95.110,502.811,87.283,0,0,0,99.453285
323,45.0182,walk-to-authored-tree,-118.386,499.858,97.721,112.500,-103.716,256.329,-124.857,511.319,15.495,-115.217,467.023,12.598,1.0000,0.9375,-141.027,490.765,88.395,-95.717,497.813,87.134,0.5994,0.0000,1.6000,1,-100.000,550.000,0.0000,0.0000,0,0,-95.717,497.813,87.134,0.000,0,-1.000000,1.000,28.924,-1.000000,0.0000,0.0000,0,0,0.000,1.000,19.607,-95.717,497.813,87.134,0,0,0,99.451114
324,45.1559,walk-to-authored-tree,-122.090,484.818,97.219,112.500,-103.356,256.678,-132.299,476.629,20.655,-116.312,467.266,12.372,1.0000,0.9375,-145.068,470.926,91.183,-98.404,487.987,89.171,0.7285,0.0000,1.6000,1,-100.000,550.000,0.0000,0.0000,0,0,-98.404,487.987,89.171,0.000,0,-1.000000,1.000,28.924,-1.000000,0.0000,0.0000,0,0,0.000,1.000,19.607,-98.404,487.987,89.171,0,0,0,99.448911
325,45.2934,walk-to-authored-tree,-125.684,469.781,96.708,112.500,-103.086,256.941,-139.631,439.874,17.111,-117.358,467.597,11.932,1.0000,0.9375,-148.653,458.161,89.043,-102.733,470.524,87.422,0.8573,0.0000,1.6000,1,-100.000,550.000,0.0000,0.0000,0,0,-102.733,470.524,87.422,0.000,0,-1.000000,1.000,28.924,-1.000000,0.0000,0.0000,0,0,0.000,1.000,19.607,-102.733,470.524,87.422,0,0,0,99.446712
326,45.4297,walk-to-authored-tree,-129.173,454.849,96.195,112.500,-102.875,257.147,-144.877,413.195,11.435,-118.261,467.767,11.276,1.0000,0.9375,-151.647,451.524,85.158,-108.337,446.869,84.943,0.9851,0.0000,1.6000,1,-100.000,550.000,0.0000,0.0000,0,0,-108.337,446.869,84.943,0.000,0,-1.000000,1.000,28.924,-1.000000,0.0000,0.0000,0,0,0.000,1.000,19.607,-108.337,446.869,84.943,0,0,0,99.444531
327,45.5648,walk-to-authored-tree,-132.572,440.033,95.684,112.500,-102.703,257.315,-146.016,411.531,10.717,-122.687,447.213,14.280,1.0000,0.9375,-154.354,446.371,85.547,-114.243,423.115,86.892,0.1118,0.0000,1.6000,1,-100.000,550.000,0.0000,0.0000,0,0,-114.243,423.115,86.892,0.000,0,-1.000000,1.000,28.924,-1.000000,0.0000,0.0000,0,0,0.000,1.000,19.607,-114.243,423.115,86.892,0,0,0,99.442369
328,45.7003,walk-to-authored-tree,-135.934,425.167,95.169,112.500,-102.555,257.461,-146.873,411.661,10.275,-129.227,412.365,18.710,1.0000,0.9375,-157.302,435.885,87.144,-118.726,404.451,89.062,0.2388,0.0000,1.6000,1,-100.000,550.000,0.0000,0.0000,0,0,-118.726,404.451,89.062,0.000,0,-1.000000,1.000,28.924,-1.000000,0.0000,0.0000,0,0,0.000,1.000,19.607,-118.726,404.451,89.062,0,0,0,99.440202
329,45.8348,walk-to-authored-tree,-139.232,410.399,94.659,112.500,-102.424,257.591,-147.902,411.917,9.665,-135.939,376.507,14.456,1.0000,0.9375,-161.061,417.900,84.960,-121.301,392.371,86.520,0.3649,0.0000,1.6000,1,-100.000,550.000,0.0000,0.0000,0,0,-121.301,392.371,86.520,0.000,0,-1.000000,1.000,28.924,-1.000000,0.0000,0.0000,0,0,0.000,1.000,19.607,-121.301,392.371,86.520,0,0,0,99.438050
330,45.9698,walk-to-authored-tree,-142.508,395.560,94.148,112.500,-102.303,257.711,-148.690,412.027,9.208,-140.576,351.251,9.221,1.0000,0.9375,-164.828,393.888,82.916,-122.058,385.852,83.039,0.4915,0.0000,1.6000,1,-100.000,550.000,0.0000,0.0000,0,0,-122.058,385.852,83.039,0.000,0,-1.000000,1.000,28.924,-1.000000,0.0000,0.0000,0,0,0.000,1.000,19.607,-122.058,385.852,83.039,0,0,0,99.435888
331,46.1061,walk-to-authored-tree,-145.778,380.602,93.638,112.500,-102.187,257.826,-153.004,389.516,12.744,-141.491,350.106,8.825,1.0000,0.9375,-168.296,369.738,85.235,-122.886,380.370,83.773,0.6191,0.0000,1.6000,1,-100.000,550.000,0.0000,0.0000,0,0,-122.886,380.370,83.773,0.000,0,-1.000000,1.000,28.924,-1.000000,0.0000,0.0000,0,0,0.000,1.000,19.607,-122.886,380.370,83.773,0,0,0,99.433711
332,46.2424,walk-to-authored-tree,-149.026,365.591,93.132,112.500,-102.075,257.938,-159.564,353.860,16.711,-142.552,350.477,8.226,1.0000,0.9375,-171.697,351.078,87.137,-125.408,369.416,85.109,0.7471,0.0000,1.6000,1,-100.000,550.000,0.0000,0.0000,0,0,-125.408,369.416,85.109,0.000,0,-1.000000,1.000,28.924,-1.000000,0.0000,0.0000,0,0,0.000,1.000,19.607,-125.408,369.416,85.109,0,0,0,99.431526
333,46.3781,walk-to-authored-tree,-152.224,350.673,92.634,112.500,-101.966,258.047,-165.844,318.127,12.035,-143.476,350.624,7.743,1.0000,0.9375,-174.866,339.403,84.364,-129.413,350.958,82.867,0.8742,0.0000,1.6000,1,-100.000,550.000,0.0000,0.0000,0,0,-129.413,350.958,82.867,0.000,0,-1.000000,1.000,28.924,-1.000000,0.0000,0.0000,0,0,0.000,1.000,19.607,-129.413,350.958,82.867,0,0,0,99.429356
334,46.5124,walk-to-authored-tree,-155.364,335.887,92.152,112.500,-101.860,258.154,-170.277,293.962,7.228,-144.398,350.722,7.232,1.0000,0.9375,-177.716,333.328,80.978,-134.674,327.071,80.972,0.0002,0.0000,1.6000,1,-100.000,550.000,0.0000,0.0000,0,0,-134.674,327.071,80.972,0.000,0,-1.000000,1.000,28.924,-1.000000,0.0000,0.0000,0,0,0.000,1.000,19.607,-134.674,327.071,80.972,0,0,0,99.427207
335,46.6469,walk-to-authored-tree,-158.479,321.079,91.677,112.500,-101.753,258.260,-171.161,294.093,6.766,-148.943,326.484,11.071,1.0000,0.9375,-180.280,327.889,81.882,-140.069,303.663,83.368,0.1263,0.0000,1.6000,1,-100.000,550.000,0.0000,0.0000,0,0,-140.069,303.663,83.368,0.000,0,-1.000000,1.000,28.924,-1.000000,0.0000,0.0000,0,0,0.000,1.000,19.607,-140.069,303.663,83.368,0,0,0,99.425055
336,46.7822,walk-to-authored-tree,-161.586,306.174,91.204,112.500,-101.645,258.368,-172.089,294.173,6.303,-155.038,290.833,14.782,1.0000,0.9375,-183.098,316.639,83.197,-144.063,285.692,85.112,0.2532,0.0000,1.6000,1,-100.000,550.000,0.0000,0.0000,0,0,-144.063,285.692,85.112,0.000,0,-1.000000,1.000,28.924,-1.000000,0.0000,0.0000,0,0,0.000,1.000,19.607,-144.063,285.692,85.112,0,0,0,99.422889
337,46.9176,walk-to-authored-tree,-164.663,291.268,90.744,112.500,-101.537,258.476,-173.217,294.390,5.895,-161.222,255.514,9.873,1.0000,0.9375,-186.732,297.633,80.881,-146.309,274.300,82.313,0.3800,0.0000,1.6000,1,-100.000,550.000,0.0000,0.0000,0,0,-146.309,274.300,82.313,0.000,0,-1.000000,1.000,28.924,-1.000000,0.0000,0.0000,0,0,0.000,1.000,19.607,-146.309,274.300,82.313,0,0,0,99.420725
338,47.0521,walk-to-authored-tree,-167.693,276.454,90.296,112.500,-101.429,258.584,-173.760,293.735,5.414,-164.775,232.720,5.320,1.0000,0.9375,-189.796,273.222,79.168,-146.588,268.175,79.084,0.5060,0.0000,1.6000,1,-100.000,550.000,0.0000,0.0000,0,0,-146.588,268.175,79.084,0.000,0,-1.000000,1.000,28.924,-1.000000,0.0000,0.0000,0,0,0.000,1.000,19.607,-146.588,268.175,79.084,0,0,0,99.418574
339,47.1856,walk-to-authored-tree,-170.677,261.725,89.862,112.500,-101.321,258.693,-178.366,268.840,9.403,-165.783,232.761,4.878,1.0000,0.9375,-193.085,249.851,81.663,-147.687,262.481,80.075,0.6312,0.0000,1.6000,1,-100.000,550.000,0.0000,0.0000,0,0,-147.687,262.481,80.075,0.000,0,-1.000000,1.000,28.924,-1.000000,0.0000,0.0000,0,0,0.000,1.000,19.607,-147.687,262.481,80.075,0,0,0,99.416437
340,47.3214,walk-to-authored-tree,-173.682,246.741,89.431,112.500,-101.209,258.805,-184.310,232.807,12.986,-166.791,233.071,4.535,1.0000,0.9375,-196.131,231.913,83.426,-150.125,250.894,81.402,0.7586,0.0000,1.6000,1,-100.000,550.000,0.0000,0.0000,0,0,-150.125,250.894,81.402,0.000,0,-1.000000,1.000,28.924,-1.000000,0.0000,0.0000,0,0,0.000,1.000,19.607,-150.125,250.894,81.402,0,0,0,99.414263
341,47.4554,walk-to-authored-tree,-176.618,231.960,89.020,112.500,-101.098,258.916,-189.878,197.849,7.640,-167.667,233.212,3.841,1.0000,0.9375,-199.028,220.862,80.167,-153.883,232.024,78.752,0.8842,0.0000,1.6000,1,-100.000,550.000,0.0000,0.0000,0,0,-153.883,232.024,78.752,0.000,0,-1.000000,1.000,28.924,-1.000000,0.0000,0.0000,0,0,0.000,1.000,19.607,-153.883,232.024,78.752,0,0,0,99.412120
342,47.5916,walk-to-authored-tree,-179.572,216.928,88.616,112.500,-100.984,259.030,-193.709,176.159,3.661,-168.897,231.850,3.739,1.0000,0.9375,-201.875,215.045,77.363,-159.002,207.472,77.533,0.0118,0.0000,1.6000,1,-100.000,550.000,0.0000,0.0000,0,0,-159.002,207.472,77.533,0.000,0,-1.000000,1.000,28.924,-1.000000,0.0000,0.0000,0,0,0.000,1.000,19.607,-159.002,207.472,77.533,0,0,0,99.409941
343,47.7251,walk-to-authored-tree,-182.438,202.191,88.225,112.500,-100.871,259.144,-194.516,176.287,3.381,-173.152,206.206,8.238,1.0000,0.9375,-204.298,209.217,78.721,-163.892,184.527,80.298,0.1370,0.0000,1.6000,1,-100.000,550.000,0.0000,0.0000,0,0,-163.892,184.527,80.298,0.000,0,-1.000000,1.000,28.924,-1.000000,0.0000,0.0000,0,0,0.000,1.000,19.607,-163.892,184.527,80.298,0,0,0,99.407806
344,47.8597,walk-to-authored-tree,-185.301,187.319,87.846,112.500,-100.755,259.260,-195.447,176.400,2.955,-178.750,170.342,11.387,1.0000,0.9375,-207.000,197.339,79.816,-167.448,167.163,81.735,0.2632,0.0000,1.6000,1,-100.000,550.000,0.0000,0.0000,0,0,-167.448,167.163,81.735,0.000,0,-1.000000,1.000,28.924,-1.000000,0.0000,0.0000,0,0,0.000,1.000,19.607,-167.448,167.163,81.735,0,0,0,99.405652
345,48.0060,walk-to-authored-tree,-188.380,171.139,87.447,112.500,-100.740,259.387,-196.108,176.551,2.316,-184.164,132.829,5.214,1.0000,0.9375,-210.049,175.866,76.856,-168.943,155.500,78.098,0.4004,0.0000,1.6000,1,-100.000,550.000,0.0000,0.0000,0,0,-168.943,155.500,78.098,0.000,0,-1.000000,1.000,28.924,-1.000000,0.0000,0.0000,0,0,0.000,1.000,19.607,-168.943,155.500,78.098,0,0,0,99.403310
346,48.1396,walk-to-authored-tree,-191.161,156.363,87.087,112.500,-100.510,259.505,-197.735,173.095,2.340,-187.416,115.045,2.066,1.0000,0.9375,-213.383,151.184,76.148,-169.718,150.047,75.777,0.5257,0.0000,1.6000,1,-100.000,550.000,0.0000,0.0000,0,0,-169.718,150.047,75.777,0.000,0,-1.000000,1.000,28.924,-1.000000,0.0000,0.0000,0,0,0.000,1.000,19.607,-169.718,150.047,75.777,0,0,0,99.401171
347,48.2732,walk-to-authored-tree,-193.908,141.593,86.742,112.500,-100.390,259.625,-202.132,145.810,7.626,-188.332,115.008,2.072,1.0000,0.9375,-216.189,128.448,79.420,-170.833,143.755,77.688,0.6509,0.0000,1.6000,1,-100.000,550.000,0.0000,0.0000,0,0,-170.833,143.755,77.688,0.000,0,-1.000000,1.000,28.924,-1.000000,0.0000,0.0000,0,0,0.000,1.000,19.607,-170.833,143.755,77.688,0,0,0,99.399035
348,48.4088,walk-to-authored-tree,-196.665,126.589,86.405,112.500,-100.267,259.748,-207.445,109.081,9.783,-189.254,115.269,1.568,1.0000,0.9375,-218.854,111.541,80.346,-173.191,130.951,78.342,0.7780,0.0000,1.6000,1,-100.000,550.000,0.0000,0.0000,0,0,-173.191,130.951,78.342,0.000,0,-1.000000,1.000,28.924,-1.000000,0.0000,0.0000,0,0,0.000,1.000,19.607,-173.191,130.951,78.342,0,0,0,99.396865
349,48.5447,walk-to-authored-tree,-199.398,111.540,86.074,112.500,-100.142,259.873,-212.278,74.816,3.697,-190.101,115.469,1.067,1.0000,0.9375,-221.581,101.345,76.758,-176.854,110.590,75.546,0.9055,0.0000,1.6000,1,-100.000,550.000,0.0000,0.0000,0,0,-176.854,110.590,75.546,0.000,0,-1.000000,1.000,28.924,-1.000000,0.0000,0.0000,0,0,0.000,1.000,19.607,-176.854,110.590,75.546,0,0,0,99.394690
350,48.6800,walk-to-authored-tree,-202.083,96.565,85.753,112.500,-100.016,259.999,-215.125,58.020,0.729,-191.621,111.030,1.098,1.0000,0.9375,-224.211,96.027,74.418,-181.608,85.854,74.869,0.0323,0.0000,1.6000,1,-100.000,550.000,0.0000,0.0000,0,0,-181.608,85.854,74.869,0.000,0,-1.000000,1.000,28.924,-1.000000,0.0000,0.0000,0,0,0.000,1.000,19.607,-181.608,85.854,74.869,0,0,0,99.392526
351,48.8174,walk-to-authored-tree,-204.779,81.338,85.433,112.500,-99.887,260.129,-216.159,58.009,0.512,-196.008,82.002,6.614,1.0000,0.9375,-226.714,89.196,76.378,-186.229,63.011,78.083,0.1611,0.0000,1.6000,1,-100.000,550.000,0.0000,0.0000,0,0,-186.229,63.011,78.083,0.000,0,-1.000000,1.000,28.924,-1.000000,0.0000,0.0000,0,0,0.000,1.000,19.607,-186.229,63.011,78.083,0,0,0,99.390327
352,48.9538,walk-to-authored-tree,-207.421,66.222,85.124,112.500,-99.756,260.260,-217.079,58.173,0.225,-201.098,44.844,8.217,1.0000,0.9375,-229.358,75.523,76.911,-189.182,46.667,78.791,0.2890,0.0000,1.6000,1,-100.000,550.000,0.0000,0.0000,0,0,-189.182,46.667,78.791,0.000,0,-1.000000,1.000,28.924,-1.000000,0.0000,0.0000,0,0,0.000,1.000,19.607,-189.182,46.667,78.791,0,0,0,99.388144
353,49.0940,walk-to-authored-tree,-210.099,50.683,84.815,112.500,-99.620,260.397,-217.799,58.303,-0.092,-205.473,10.418,1.867,1.0000,0.9375,-232.039,53.553,74.124,-190.190,36.701,75.163,0.4204,0.0000,1.6000,1,-100.000,550.000,0.0000,0.0000,0,0,-190.190,36.701,75.163,0.000,0,-1.000000,1.000,28.924,-1.000000,0.0000,0.0000,0,0,0.000,1.000,19.607,-190.190,36.701,75.163,0,0,0,99.385902
354,49.2311,walk-to-authored-tree,-212.682,35.484,84.518,112.500,-99.485,260.532,-219.801,51.061,0.189,-208.092,-3.018,-0.619,1.0000,0.9375,-234.978,28.235,73.845,-190.932,31.440,73.173,0.5489,0.0000,1.6000,1,-100.000,550.000,0.0000,0.0000,0,0,-190.932,31.440,73.173,0.000,0,-1.000000,1.000,28.924,-1.000000,0.0000,0.0000,0,0,0.000,1.000,19.607,-190.932,31.440,73.173,0,0,0,99.383709
355,49.3682,walk-to-authored-tree,-215.233,20.262,84.232,112.500,-99.347,260.670,-223.854,20.076,5.822,-208.766,-2.891,-1.002,1.0000,0.9375,-237.123,5.809,77.033,-191.911,23.893,75.165,0.6775,0.0000,1.6000,1,-100.000,550.000,0.0000,0.0000,0,0,-191.911,23.893,75.165,0.000,0,-1.000000,1.000,28.924,-1.000000,0.0000,0.0000,0,0,0.000,1.000,19.607,-191.911,23.893,75.165,0,0,0,99.381514
356,49.5061,walk-to-authored-tree,-217.759,4.956,83.939,112.500,-99.207,260.810,-228.663,-17.790,6.451,-209.720,-2.814,-1.025,1.0000,0.9375,-239.639,-9.966,77.360,-194.408,9.119,75.431,0.8068,0.0000,1.6000,1,-100.000,550.000,0.0000,0.0000,0,0,-194.408,9.119,75.431,0.000,0,-1.000000,1.000,28.924,-1.000000,0.0000,0.0000,0,0,0.000,1.000,19.607,-194.408,9.119,75.431,0,0,0,99.379308
357,49.6431,walk-to-authored-tree,-220.231,-10.246,83.651,112.500,-99.066,260.952,-232.846,-50.177,-0.257,-210.760,-2.584,-1.644,1.0000,0.9375,-242.378,-18.970,73.254,-198.163,-12.954,72.342,0.9351,0.0000,1.6000,1,-100.000,550.000,0.0000,0.0000,0,0,-198.163,-12.954,72.342,0.000,0,-1.000000,1.000,28.924,-1.000000,0.0000,0.0000,0,0,0.000,1.000,19.607,-198.163,-12.954,72.342,0,0,0,99.377117
358,49.7841,walk-to-authored-tree,-222.737,-25.909,83.360,112.500,-98.918,261.100,-234.765,-60.560,-1.603,-212.868,-13.435,-0.171,1.0000,0.9375,-244.933,-24.191,72.386,-202.705,-38.833,73.295,0.0673,0.0000,1.6000,1,-100.000,550.000,0.0000,0.0000,0,0,-202.705,-38.833,73.295,0.000,0,-1.000000,1.000,28.924,-1.000000,0.0000,0.0000,0,0,0.000,1.000,19.607,-202.705,-38.833,73.295,0,0,0,99.374861
359,49.9117,walk-to-authored-tree,-224.969,-40.082,83.097,112.500,-98.900,261.236,-235.686,-60.525,-1.943,-216.625,-43.476,5.203,1.0000,0.9375,-247.027,-31.683,74.411,-206.310,-58.839,76.211,0.1869,0.0000,1.6000,1,-100.000,550.000,0.0000,0.0000,0,0,-206.310,-58.839,76.211,0.000,0,-1.000000,1.000,28.924,-1.000000,0.0000,0.0000,0,0,0.000,1.000,19.607,-206.310,-58.839,76.211,0,0,0,99.372821
360,50.0377,walk-to-authored-tree,-227.139,-54.062,82.846,112.500,-98.764,261.372,-236.472,-60.396,-2.149,-220.676,-78.151,5.391,1.0000,0.9375,-249.208,-45.471,74.340,-208.483,-73.022,76.183,0.3048,0.0000,1.6000,1,-100.000,550.000,0.0000,0.0000,0,0,-208.483,-73.022,76.183,0.000,0,-1.000000,1.000,28.924,-1.000000,0.0000,0.0000,0,0,0.000,1.000,19.607,-208.483,-73.022,76.183,0,0,0,99.370809
361,50.1661,walk-to-authored-tree,-229.323,-68.367,82.577,112.500,-98.628,261.514,-237.131,-60.297,-2.259,-224.076,-109.045,-0.508,1.0000,0.9375,-251.345,-66.233,71.869,-209.141,-81.684,72.856,0.4254,0.0000,1.6000,1,-100.000,550.000,0.0000,0.0000,0,0,-209.141,-81.684,72.856,0.000,0,-1.000000,1.000,28.924,-1.000000,0.0000,0.0000,0,0,0.000,1.000,19.607,-209.141,-81.684,72.856,0,0,0,99.368750
362,50.2924,walk-to-authored-tree,-231.431,-82.394,82.318,112.500,-98.486,261.655,-238.780,-66.691,-2.137,-226.187,-121.423,-2.801,1.0000,0.9375,-253.565,-89.670,71.582,-209.650,-86.494,70.974,0.5436,0.0000,1.6000,1,-100.000,550.000,0.0000,0.0000,0,0,-209.650,-86.494,70.974,0.000,0,-1.000000,1.000,28.924,-1.000000,0.0000,0.0000,0,0,0.000,1.000,19.607,-209.650,-86.494,70.974,0,0,0,99.366733
363,50.4320,walk-to-authored-tree,-233.730,-97.962,82.026,112.500,-98.205,261.814,-242.293,-97.848,3.532,-226.823,-121.330,-3.170,1.0000,0.9375,-255.322,-112.766,74.798,-210.490,-93.957,72.944,0.6747,0.0000,1.6000,1,-100.000,550.000,0.0000,0.0000,0,0,-210.490,-93.957,72.944,0.000,0,-1.000000,1.000,28.924,-1.000000,0.0000,0.0000,0,0,0.000,1.000,19.607,-210.490,-93.957,72.944,0,0,0,99.364495
364,50.5717,walk-to-authored-tree,-235.981,-113.517,81.729,112.500,-98.044,261.976,-246.409,-136.289,4.322,-227.799,-121.255,-3.193,1.0000,0.9375,-257.554,-128.906,75.213,-212.717,-108.847,73.279,0.8057,0.0000,1.6000,1,-100.000,550.000,0.0000,0.0000,0,0,-212.717,-108.847,73.279,0.000,0,-1.000000,1.000,28.924,-1.000000,0.0000,0.0000,0,0,0.000,1.000,19.607,-212.717,-108.847,73.279,0,0,0,99.362260
365,50.7117,walk-to-authored-tree,-238.194,-129.115,81.435,112.500,-97.879,262.141,-249.976,-169.434,-2.527,-228.855,-121.048,-3.845,1.0000,0.9375,-260.149,-138.161,71.010,-216.085,-131.507,70.122,0.9370,0.0000,1.6000,1,-100.000,550.000,0.0000,0.0000,0,0,-216.085,-131.507,70.122,0.000,0,-1.000000,1.000,28.924,-1.000000,0.0000,0.0000,0,0,0.000,1.000,19.607,-216.085,-131.507,70.122,0,0,0,99.360019
366,50.8510,walk-to-authored-tree,-240.346,-144.604,81.123,112.500,-97.859,262.307,-251.732,-179.475,-3.841,-230.709,-131.946,-2.410,1.0000,0.9375,-262.570,-143.299,70.148,-220.079,-157.153,71.056,0.0673,0.0000,1.6000,1,-100.000,550.000,0.0000,0.0000,0,0,-220.079,-157.153,71.056,0.000,0,-1.000000,1.000,28.924,-1.000000,0.0000,0.0000,0,0,0.000,1.000,19.607,-220.079,-157.153,71.056,0,0,0,99.357795
367,50.9849,walk-to-authored-tree,-242.382,-159.554,80.824,112.500,-97.693,262.471,-252.621,-179.464,-4.217,-234.055,-163.788,3.189,1.0000,0.9375,-264.623,-151.425,72.237,-223.381,-178.077,74.060,0.1930,0.0000,1.6000,1,-100.000,550.000,0.0000,0.0000,0,0,-223.381,-178.077,74.060,0.000,0,-1.000000,1.000,28.924,-1.000000,0.0000,0.0000,0,0,0.000,1.000,19.607,-223.381,-178.077,74.060,0,0,0,99.355649
368,51.1207,walk-to-authored-tree,-244.396,-174.658,80.517,112.500,-97.529,262.639,-253.390,-179.360,-4.360,-237.516,-201.203,2.606,1.0000,0.9375,-266.591,-167.091,71.862,-225.175,-192.849,73.673,0.3200,0.0000,1.6000,1,-100.000,550.000,0.0000,0.0000,0,0,-225.175,-192.849,73.673,0.000,0,-1.000000,1.000,28.924,-1.000000,0.0000,0.0000,0,0,0.000,1.000,19.607,-225.175,-192.849,73.673,0,0,0,99.353482
369,51.2523,walk-to-authored-tree,-246.315,-189.385,80.208,112.500,-97.361,262.807,-254.283,-179.277,-4.780,-240.412,-231.422,-3.757,1.0000,0.9375,-268.466,-189.101,69.084,-225.723,-200.959,69.852,0.4438,0.0000,1.6000,1,-100.000,550.000,0.0000,0.0000,0,0,-225.723,-200.959,69.852,0.000,0,-1.000000,1.000,28.924,-1.000000,0.0000,0.0000,0,0,0.000,1.000,19.607,-225.723,-200.959,69.852,0,0,0,99.351370
370,51.3847,walk-to-authored-tree,-248.195,-204.135,79.893,112.500,-97.193,262.977,-256.186,-190.324,-3.391,-241.996,-240.134,-4.850,1.0000,0.9375,-270.209,-213.750,70.108,-226.201,-205.891,69.172,0.5677,0.0000,1.6000,1,-100.000,550.000,0.0000,0.0000,0,0,-226.201,-205.891,69.172,0.000,0,-1.000000,1.000,28.924,-1.000000,0.0000,0.0000,0,0,0.000,1.000,19.607,-226.201,-205.891,69.172,0,0,0,99.349255
371,51.5172,walk-to-authored-tree,-250.038,-218.953,79.561,112.500,-97.023,263.152,-258.834,-221.924,1.979,-242.577,-240.032,-5.414,1.0000,0.9375,-271.333,-234.671,72.920,-226.864,-213.935,70.994,0.6921,0.0000,1.6000,1,-100.000,550.000,0.0000,0.0000,0,0,-226.864,-213.935,70.994,0.000,0,-1.000000,1.000,28.924,-1.000000,0.0000,0.0000,0,0,0.000,1.000,19.607,-226.864,-213.935,70.994,0,0,0,99.347131
372,51.6507,walk-to-authored-tree,-251.843,-233.836,79.224,112.500,-96.848,263.331,-261.879,-258.769,1.027,-243.395,-240.023,-6.100,1.0000,0.9375,-273.090,-249.391,72.083,-228.697,-229.017,70.189,0.8170,0.0000,1.6000,1,-100.000,550.000,0.0000,0.0000,0,0,-228.697,-229.017,70.189,0.000,0,-1.000000,1.000,28.924,-1.000000,0.0000,0.0000,0,0,0.000,1.000,19.607,-228.697,-229.017,70.189,0,0,0,99.344999
373,51.7923,walk-to-authored-tree,-253.712,-249.662,78.857,112.500,-96.669,263.525,-264.588,-291.155,-5.435,-244.377,-239.916,-6.288,1.0000,0.9375,-275.441,-258.227,68.252,-231.614,-252.576,67.532,0.9498,0.0000,1.6000,1,-100.000,550.000,0.0000,0.0000,0,0,-231.614,-252.576,67.532,0.000,0,-1.000000,1.000,28.924,-1.000000,0.0000,0.0000,0,0,0.000,1.000,19.607,-231.614,-252.576,67.532,0,0,0,99.342733
374,51.9383,walk-to-authored-tree,-255.583,-265.966,78.470,112.500,-96.475,263.729,-265.905,-298.810,-6.382,-246.265,-254.934,-4.089,1.0000,0.9375,-277.783,-263.730,67.931,-235.148,-279.289,69.024,0.0866,0.0000,1.6000,1,-100.000,550.000,0.0000,0.0000,0,0,-235.148,-279.289,69.024,0.000,0,-1.000000,1.000,28.924,-1.000000,0.0000,0.0000,0,0,0.000,1.000,19.607,-235.148,-279.289,69.024,0,0,0,99.340399
375,52.0676,walk-to-authored-tree,-257.194,-280.450,78.120,112.500,-96.271,263.914,-266.827,-298.762,-6.817,-248.879,-287.105,1.079,1.0000,0.9375,-279.654,-272.541,69.837,-237.798,-298.813,71.708,0.2080,0.0000,1.6000,1,-100.000,550.000,0.0000,0.0000,0,0,-237.798,-298.813,71.708,0.000,0,-1.000000,1.000,28.924,-1.000000,0.0000,0.0000,0,0,0.000,1.000,19.607,-237.798,-298.813,71.708,0,0,0,99.338326
376,52.2004,walk-to-authored-tree,-258.792,-295.251,77.743,112.500,-96.086,264.108,-267.655,-298.722,-7.173,-251.396,-323.500,-0.743,1.0000,0.9375,-281.211,-288.651,68.835,-239.098,-312.558,70.588,0.3321,0.0000,1.6000,1,-100.000,550.000,0.0000,0.0000,0,0,-239.098,-312.558,70.588,0.000,0,-1.000000,1.000,28.924,-1.000000,0.0000,0.0000,0,0,0.000,1.000,19.607,-239.098,-312.558,70.588,0,0,0,99.336209
377,52.3903,walk-to-authored-tree,-261.012,-316.555,77.190,112.500,-95.892,264.392,-268.751,-299.984,-7.669,-253.900,-359.272,-7.783,1.0000,0.9375,-282.711,-322.277,66.100,-239.188,-322.372,65.948,0.5106,0.0000,1.6000,1,-100.000,550.000,0.0000,0.0000,0,0,-239.188,-322.372,65.948,0.000,0,-1.000000,1.000,28.924,-1.000000,0.0000,0.0000,0,0,0.000,1.000,19.607,-239.188,-322.372,65.948,0,0,0,99.333163
378,52.5231,walk-to-authored-tree,-262.497,-331.412,76.793,112.500,-95.608,264.597,-270.901,-325.632,-3.463,-254.744,-359.296,-8.182,1.0000,0.9375,-283.611,-345.651,68.716,-239.692,-328.170,67.093,0.6350,0.0000,1.6000,1,-100.000,550.000,0.0000,0.0000,0,0,-239.692,-328.170,67.093,0.000,0,-1.000000,1.000,28.924,-1.000000,0.0000,0.0000,0,0,0.000,1.000,19.607,-239.692,-328.170,67.093,0,0,0,99.331039
379,52.6542,walk-to-authored-tree,-263.910,-346.115,76.384,112.500,-95.403,264.805,-273.072,-360.965,-0.058,-255.674,-359.074,-8.513,1.0000,0.9375,-284.743,-363.140,70.381,-240.894,-339.598,68.356,0.7581,0.0000,1.6000,1,-100.000,550.000,0.0000,0.0000,0,0,-240.894,-339.598,68.356,0.000,0,-1.000000,1.000,28.924,-1.000000,0.0000,0.0000,0,0,0.000,1.000,19.607,-240.894,-339.598,68.356,0,0,0,99.328938
380,52.7892,walk-to-authored-tree,-265.303,-361.195,75.959,112.500,-95.195,265.022,-274.985,-396.503,-5.428,-256.528,-359.014,-9.218,1.0000,0.9375,-286.453,-374.531,67.104,-242.695,-358.801,65.690,0.8843,0.0000,1.6000,1,-100.000,550.000,0.0000,0.0000,0,0,-242.695,-358.801,65.690,0.000,0,-1.000000,1.000,28.924,-1.000000,0.0000,0.0000,0,0,0.000,1.000,19.607,-242.695,-358.801,65.690,0,0,0,99.326784
381,52.9226,walk-to-authored-tree,-266.631,-376.184,75.524,112.500,-94.978,265.244,-276.423,-418.465,-9.434,-257.566,-360.212,-9.361,1.0000,0.9375,-288.597,-380.576,64.283,-245.156,-383.257,64.422,0.0097,0.0000,1.6000,1,-100.000,550.000,0.0000,0.0000,0,0,-245.156,-383.257,64.422,0.000,0,-1.000000,1.000,28.924,-1.000000,0.0000,0.0000,0,0,0.000,1.000,19.607,-245.156,-383.257,64.422,0,0,0,99.324644
382,53.0583,walk-to-authored-tree,-267.914,-391.330,75.074,112.500,-94.756,265.473,-277.162,-418.442,-9.772,-259.103,-386.266,-4.945,1.0000,0.9375,-290.393,-386.702,65.554,-247.584,-406.893,67.127,0.1364,0.0000,1.6000,1,-100.000,550.000,0.0000,0.0000,0,0,-247.584,-406.893,67.127,0.000,0,-1.000000,1.000,28.924,-1.000000,0.0000,0.0000,0,0,0.000,1.000,19.607,-247.584,-406.893,67.127,0,0,0,99.322482
383,53.1961,walk-to-authored-tree,-269.166,-406.841,74.604,112.500,-94.527,265.713,-278.058,-418.433,-10.281,-260.826,-423.515,-1.856,1.0000,0.9375,-291.829,-399.266,66.567,-249.230,-424.926,68.487,0.2661,0.0000,1.6000,1,-100.000,550.000,0.0000,0.0000,0,0,-249.230,-424.926,68.487,0.000,0,-1.000000,1.000,28.924,-1.000000,0.0000,0.0000,0,0,0.000,1.000,19.607,-249.230,-424.926,68.487,0,0,0,99.320269
384,53.3347,walk-to-authored-tree,-270.354,-422.358,74.123,112.500,-94.287,265.960,-278.796,-418.425,-10.933,-262.009,-459.374,-7.798,1.0000,0.9375,-292.580,-419.795,63.712,-249.464,-435.985,64.999,0.3957,0.0000,1.6000,1,-100.000,550.000,0.0000,0.0000,0,0,-249.464,-435.985,64.999,0.000,0,-1.000000,1.000,28.924,-1.000000,0.0000,0.0000,0,0,0.000,1.000,19.607,-249.464,-435.985,64.999,0,0,0,99.318056
385,53.4721,walk-to-authored-tree,-271.469,-437.800,73.636,112.500,-94.040,266.212,-279.876,-421.877,-11.120,-263.085,-478.550,-11.379,1.0000,0.9375,-292.967,-445.374,62.686,-249.452,-441.737,62.329,0.5248,0.0000,1.6000,1,-100.000,550.000,0.0000,0.0000,0,0,-249.452,-441.737,62.329,0.000,0,-1.000000,1.000,28.924,-1.000000,0.0000,0.0000,0,0,0.000,1.000,19.607,-249.452,-441.737,62.329,0,0,0,99.315854
386,53.6195,walk-to-authored-tree,-272.588,-454.308,73.106,112.500,-93.788,266.490,-281.127,-452.867,-5.723,-263.909,-478.588,-11.874,1.0000,0.9375,-293.037,-470.349,65.792,-249.769,-448.968,63.997,0.6626,0.0000,1.6000,1,-100.000,550.000,0.0000,0.0000,0,0,-249.769,-448.968,63.997,0.000,0,-1.000000,1.000,28.924,-1.000000,0.0000,0.0000,0,0,0.000,1.000,19.607,-249.769,-448.968,63.997,0,0,0,99.313501
387,53.7548,walk-to-authored-tree,-273.549,-469.517,72.615,112.500,-93.510,266.753,-282.177,-490.224,-4.193,-264.828,-478.515,-12.162,1.0000,0.9375,-293.819,-486.900,66.493,-250.741,-462.627,64.512,0.7896,0.0000,1.6000,1,-100.000,550.000,0.0000,0.0000,0,0,-250.741,-462.627,64.512,0.000,0,-1.000000,1.000,28.924,-1.000000,0.0000,0.0000,0,0,0.000,1.000,19.607,-250.741,-462.627,64.512,0,0,0,99.311334
388,53.9098,walk-to-authored-tree,-274.565,-486.923,72.049,112.500,-93.247,267.064,-283.068,-527.913,-11.853,-265.920,-478.363,-13.248,1.0000,0.9375,-295.713,-497.861,61.655,-252.336,-487.365,60.740,0.9349,0.0000,1.6000,1,-100.000,550.000,0.0000,0.0000,0,0,-252.336,-487.365,60.740,0.000,0,-1.000000,1.000,28.924,-1.000000,0.0000,0.0000,0,0,0.000,1.000,19.607,-252.336,-487.365,60.740,0,0,0,99.308854
389,54.0604,walk-to-authored-tree,-275.464,-503.851,71.493,112.500,-92.936,267.377,-283.763,-538.511,-13.403,-266.885,-491.237,-11.584,1.0000,0.9375,-297.724,-503.763,60.729,-254.202,-515.211,61.724,0.0762,0.0000,1.6000,1,-100.000,550.000,0.0000,0.0000,0,0,-254.202,-515.211,61.724,0.000,0,-1.000000,1.000,28.924,-1.000000,0.0000,0.0000,0,0,0.000,1.000,19.607,-254.202,-515.211,61.724,0,0,0,99.306443
390,54.2044,walk-to-authored-tree,-276.237,-520.035,70.958,112.500,-92.623,267.687,-284.679,-538.532,-13.939,-267.496,-526.731,-5.965,1.0000,0.9375,-299.159,-513.527,62.749,-255.711,-537.177,64.630,0.2112,0.0000,1.6000,1,-100.000,550.000,0.0000,0.0000,0,0,-255.711,-537.177,64.630,0.000,0,-1.000000,1.000,28.924,-1.000000,0.0000,0.0000,0,0,0.000,1.000,19.607,-255.711,-537.177,64.630,0,0,0,99.304139
391,54.3332,walk-to-authored-tree,-276.853,-534.521,70.482,112.500,-92.313,267.974,-285.468,-538.574,-14.434,-267.615,-562.213,-8.002,1.0000,0.9375,-299.657,-529.408,61.575,-256.062,-550.496,63.328,0.3320,0.0000,1.6000,1,-100.000,550.000,0.0000,0.0000,0,0,-256.062,-550.496,63.328,0.000,0,-1.000000,1.000,28.924,-1.000000,0.0000,0.0000,0,0,0.000,1.000,19.607,-256.062,-550.496,63.328,0,0,0,99.302076
392,54.4644,walk-to-authored-tree,-277.405,-549.254,69.998,112.500,-92.026,268.275,-286.399,-538.600,-15.121,-267.700,-591.253,-14.454,1.0000,0.9375,-299.464,-551.903,58.646,-255.834,-558.030,59.271,0.4549,0.0000,1.6000,1,-100.000,550.000,0.0000,0.0000,0,0,-255.834,-558.030,59.271,0.000,0,-1.000000,1.000,28.924,-1.000000,0.0000,0.0000,0,0,0.000,1.000,19.607,-255.834,-558.030,59.271,0,0,0,99.299980
393,54.5931,walk-to-authored-tree,-277.873,-563.760,69.527,112.500,-91.725,268.581,-287.001,-551.577,-13.536,-268.188,-598.028,-15.341,1.0000,0.9375,-298.684,-575.929,59.852,-255.667,-562.802,58.828,0.5759,0.0000,1.6000,1,-100.000,550.000,0.0000,0.0000,0,0,-255.667,-562.802,58.828,0.000,0,-1.000000,1.000,28.924,-1.000000,0.0000,0.0000,0,0,0.000,1.000,19.607,-255.667,-562.802,58.828,0,0,0,99.297915
394,54.7232,walk-to-authored-tree,-278.266,-578.361,69.055,112.500,-91.419,268.900,-286.703,-583.076,-8.112,-268.826,-597.947,-15.707,1.0000,0.9375,-297.912,-596.216,62.723,-255.701,-570.943,60.779,0.6976,0.0000,1.6000,1,-100.000,550.000,0.0000,0.0000,0,0,-255.701,-570.943,60.779,0.000,0,-1.000000,1.000,28.924,-1.000000,0.0000,0.0000,0,0,0.000,1.000,19.607,-255.701,-570.943,60.779,0,0,0,99.295838
395,54.8531,walk-to-authored-tree,-278.580,-593.000,68.595,112.500,-91.100,269.230,-286.044,-619.224,-9.697,-269.564,-597.992,-16.698,1.0000,0.9375,-298.167,-610.529,61.427,-256.028,-585.968,59.545,0.8196,0.0000,1.6000,1,-100.000,550.000,0.0000,0.0000,0,0,-256.028,-585.968,59.545,0.000,0,-1.000000,1.000,28.924,-1.000000,0.0000,0.0000,0,0,0.000,1.000,19.607,-256.028,-585.968,59.545,0,0,0,99.293756
396,54.9937,walk-to-authored-tree,-278.827,-608.763,68.107,112.500,-90.770,269.600,-285.391,-651.229,-16.206,-270.563,-597.971,-17.032,1.0000,0.9375,-299.586,-619.428,57.484,-256.562,-609.482,56.781,0.9510,0.0000,1.6000,1,-100.000,550.000,0.0000,0.0000,0,0,-256.562,-609.482,56.781,0.000,0,-1.000000,1.000,28.924,-1.000000,0.0000,0.0000,0,0,0.000,1.000,19.607,-256.562,-609.482,56.781,0,0,0,99.291513
397,55.1441,walk-to-authored-tree,-278.984,-625.722,67.596,112.500,-90.400,270.014,-285.835,-658.785,-17.296,-270.878,-614.409,-14.733,1.0000,0.9375,-301.371,-625.467,57.143,-257.301,-637.156,58.294,0.0923,0.0000,1.6000,1,-100.000,550.000,0.0000,0.0000,0,0,-257.301,-637.156,58.294,0.000,0,-1.000000,1.000,28.924,-1.000000,0.0000,0.0000,0,0,0.000,1.000,19.607,-257.301,-637.156,58.294,0,0,0,99.289101
398,55.2947,walk-to-authored-tree,-279.022,-642.645,67.116,112.500,-89.986,270.447,-286.710,-658.833,-17.767,-269.764,-652.658,-9.346,1.0000,0.9375,-302.214,-636.895,59.078,-257.717,-659.091,60.999,0.2333,0.0000,1.6000,1,-100.000,550.000,0.0000,0.0000,0,0,-257.717,-659.091,60.999,0.000,0,-1.000000,1.000,28.924,-1.000000,0.0000,0.0000,0,0,0.000,1.000,19.607,-257.717,-659.091,60.999,0,0,0,99.286695
399,55.4580,walk-to-authored-tree,-278.924,-661.026,66.611,112.500,-89.553,270.942,-287.906,-658.972,-18.257,-267.980,-696.097,-14.627,1.0000,0.9375,-301.686,-659.751,56.592,-257.331,-673.444,57.966,0.3865,0.0000,1.6000,1,-100.000,550.000,0.0000,0.0000,0,0,-257.331,-673.444,57.966,0.000,0,-1.000000,1.000,28.924,-1.000000,0.0000,0.0000,0,0,0.000,1.000,19.607,-257.331,-673.444,57.966,0,0,0,99.284080
400,55.6015,walk-to-authored-tree,-278.706,-677.158,66.190,112.500,-89.058,271.403,-288.433,-661.867,-18.601,-266.742,-717.496,-18.795,1.0000,0.9375,-299.493,-686.260,55.199,-256.408,-679.478,54.896,0.5209,0.0000,1.6000,1,-100.000,550.000,0.0000,0.0000,0,0,-256.408,-679.478,54.896,0.000,0,-1.000000,1.000,28.924,-1.000000,0.0000,0.0000,0,0,0.000,1.000,19.607,-256.408,-679.478,54.896,0,0,0,99.281786
401,55.7323,walk-to-authored-tree,-278.391,-691.899,65.845,112.500,-88.597,271.845,-287.372,-688.439,-13.768,-267.412,-717.612,-18.941,1.0000,0.9375,-297.565,-709.007,58.210,-256.211,-685.434,56.525,0.6438,0.0000,1.6000,1,-100.000,550.000,0.0000,0.0000,0,0,-256.211,-685.434,56.525,0.000,0,-1.000000,1.000,28.924,-1.000000,0.0000,0.0000,0,0,0.000,1.000,19.607,-256.211,-685.434,56.525,0,0,0,99.279689
402,55.8641,walk-to-authored-tree,-277.961,-706.694,65.515,112.500,-88.155,272.311,-285.013,-724.177,-10.954,-268.237,-717.468,-19.354,1.0000,0.9375,-296.488,-726.167,59.495,-255.942,-697.373,57.478,0.7672,0.0000,1.6000,1,-100.000,550.000,0.0000,0.0000,0,0,-255.942,-697.373,57.478,0.000,0,-1.000000,1.000,28.924,-1.000000,0.0000,0.0000,0,0,0.000,1.000,19.607,-255.942,-697.373,57.478,0,0,0,99.277584
403,55.9956,walk-to-authored-tree,-277.412,-721.502,65.219,112.500,-87.689,272.801,-282.277,-758.499,-16.446,-269.036,-717.435,-19.863,1.0000,0.9375,-296.693,-737.118,56.262,-255.259,-716.572,54.909,0.8906,0.0000,1.6000,1,-100.000,550.000,0.0000,0.0000,0,0,-255.259,-716.572,54.909,0.000,0,-1.000000,1.000,28.924,-1.000000,0.0000,0.0000,0,0,0.000,1.000,19.607,-255.259,-716.572,54.909,0,0,0,99.275476
404,56.1254,walk-to-authored-tree,-276.750,-736.061,64.962,112.500,-87.199,273.311,-280.769,-778.994,-19.992,-269.939,-719.028,-19.914,1.0000,0.9375,-297.966,-743.183,53.707,-254.520,-740.366,53.882,0.0121,0.0000,1.6000,1,-100.000,550.000,0.0000,0.0000,0,0,-254.520,-740.366,53.882,0.000,0,-1.000000,1.000,28.924,-1.000000,0.0000,0.0000,0,0,0.000,1.000,19.607,-254.520,-740.366,53.882,0,0,0,99.273403
405,56.2563,walk-to-authored-tree,-275.950,-750.793,64.725,112.500,-86.689,273.856,-281.276,-779.094,-20.124,-267.952,-744.351,-15.366,1.0000,0.9375,-298.837,-749.430,55.169,-253.628,-763.290,56.733,0.1350,0.0000,1.6000,1,-100.000,550.000,0.0000,0.0000,0,0,-253.628,-763.290,56.733,0.000,0,-1.000000,1.000,28.924,-1.000000,0.0000,0.0000,0,0,0.000,1.000,19.607,-253.628,-763.290,56.733,0,0,0,99.271305
406,56.3896,walk-to-authored-tree,-274.999,-765.739,64.540,112.500,-86.144,274.443,-282.013,-779.277,-20.357,-264.448,-779.935,-11.912,1.0000,0.9375,-298.525,-761.479,56.518,-252.640,-780.757,58.436,0.2598,0.0000,1.6000,1,-100.000,550.000,0.0000,0.0000,0,0,-252.640,-780.757,58.436,0.000,0,-1.000000,1.000,28.924,-1.000000,0.0000,0.0000,0,0,0.000,1.000,19.607,-252.640,-780.757,58.436,0,0,0,99.269175
407,56.5188,walk-to-authored-tree,-273.931,-780.257,64.367,112.500,-85.557,275.053,-283.040,-779.482,-20.465,-260.767,-813.828,-16.546,1.0000,0.9375,-296.891,-780.276,54.497,-251.621,-791.455,55.920,0.3812,0.0000,1.6000,1,-100.000,550.000,0.0000,0.0000,0,0,-251.621,-791.455,55.920,0.000,0,-1.000000,1.000,28.924,-1.000000,0.0000,0.0000,0,0,0.000,1.000,19.607,-251.621,-791.455,55.920,0,0,0,99.267105
408,56.6666,walk-to-authored-tree,-272.534,-796.780,64.186,112.500,-84.947,275.796,-283.324,-782.158,-20.619,-257.665,-836.351,-20.783,1.0000,0.9375,-292.635,-807.220,53.179,-250.108,-797.625,52.899,0.5193,0.0000,1.6000,1,-100.000,550.000,0.0000,0.0000,0,0,-250.108,-797.625,52.899,0.000,0,-1.000000,1.000,28.924,-1.000000,0.0000,0.0000,0,0,0.000,1.000,19.607,-250.108,-797.625,52.899,0,0,0,99.264747
409,56.8109,walk-to-authored-tree,-270.964,-812.968,64.016,112.500,-84.204,276.591,-279.897,-811.808,-15.013,-258.254,-836.444,-20.762,1.0000,0.9375,-288.616,-831.933,56.696,-249.388,-804.271,54.942,0.6549,0.0000,1.6000,1,-100.000,550.000,0.0000,0.0000,0,0,-249.388,-804.271,54.942,0.000,0,-1.000000,1.000,28.924,-1.000000,0.0000,0.0000,0,0,0.000,1.000,19.607,-249.388,-804.271,54.942,0,0,0,99.262433
410,56.9413,walk-to-authored-tree,-269.358,-827.546,63.870,112.500,-83.409,277.375,-274.627,-847.267,-12.742,-258.965,-836.338,-20.970,1.0000,0.9375,-286.228,-848.392,57.814,-248.161,-816.553,55.809,0.7771,0.0000,1.6000,1,-100.000,550.000,0.0000,0.0000,0,0,-248.161,-816.553,55.809,0.000,0,-1.000000,1.000,28.924,-1.000000,0.0000,0.0000,0,0,0.000,1.000,19.607,-248.161,-816.553,55.809,0,0,0,99.260348
411,57.0702,walk-to-authored-tree,-267.577,-841.942,63.736,112.500,-82.625,278.220,-268.944,-880.045,-18.218,-259.716,-836.283,-21.224,1.0000,0.9375,-285.503,-858.778,54.666,-245.849,-835.527,53.384,0.8980,0.0000,1.6000,1,-100.000,550.000,0.0000,0.0000,0,0,-245.849,-835.527,53.384,0.000,0,-1.000000,1.000,28.924,-1.000000,0.0000,0.0000,0,0,0.000,1.000,19.607,-245.849,-835.527,53.384,0,0,0,99.258285
412,57.1994,walk-to-authored-tree,-265.586,-856.335,63.608,112.500,-81.780,279.150,-265.700,-898.630,-21.348,-260.388,-838.856,-21.222,1.0000,0.9375,-286.203,-864.854,52.317,-242.985,-859.091,52.593,0.0191,0.0000,1.6000,1,-100.000,550.000,0.0000,0.0000,0,0,-242.985,-859.091,52.593,0.000,0,-1.000000,1.000,28.924,-1.000000,0.0000,0.0000,0,0,0.000,1.000,19.607,-242.985,-859.091,52.593,0,0,0,99.256218
413,57.3443,walk-to-authored-tree,-263.088,-872.450,63.474,112.500,-80.850,280.306,-266.092,-898.873,-21.376,-255.229,-868.068,-15.574,1.0000,0.9375,-286.328,-872.478,54.369,-239.613,-883.486,56.052,0.1550,0.0000,1.6000,1,-100.000,550.000,0.0000,0.0000,0,0,-239.613,-883.486,56.052,0.000,0,-1.000000,1.000,28.924,-1.000000,0.0000,0.0000,0,0,0.000,1.000,19.607,-239.613,-883.486,56.052,0,0,0,99.253899
414,57.4914,walk-to-authored-tree,-260.243,-888.726,63.348,112.500,-79.694,281.644,-266.666,-899.181,-21.600,-246.816,-907.279,-13.703,1.0000,0.9375,-284.022,-887.562,55.049,-236.416,-900.781,56.918,0.2926,0.0000,1.6000,1,-100.000,550.000,0.0000,0.0000,0,0,-236.416,-900.781,56.918,0.000,0,-1.000000,1.000,28.924,-1.000000,0.0000,0.0000,0,0,0.000,1.000,19.607,-236.416,-900.781,56.918,0,0,0,99.251549
415,57.6342,walk-to-authored-tree,-257.122,-904.522,63.237,112.500,-78.356,283.164,-267.295,-899.492,-21.577,-238.076,-941.008,-19.886,1.0000,0.9375,-278.492,-910.252,52.524,-233.598,-909.930,53.496,0.4268,0.0000,1.6000,1,-100.000,550.000,0.0000,0.0000,0,0,-233.598,-909.930,53.496,0.000,0,-1.000000,1.000,28.924,-1.000000,0.0000,0.0000,0,0,0.000,1.000,19.607,-233.598,-909.930,53.496,0,0,0,99.249259
416,57.7814,walk-to-authored-tree,-253.502,-920.660,63.133,112.500,-76.836,285.019,-265.867,-910.240,-20.302,-235.066,-952.606,-21.649,1.0000,0.9375,-270.887,-937.126,53.229,-232.223,-914.876,52.332,0.5646,0.0000,1.6000,1,-100.000,550.000,0.0000,0.0000,0,0,-232.223,-914.876,52.332,0.000,0,-1.000000,1.000,28.924,-1.000000,0.0000,0.0000,0,0,0.000,1.000,19.607,-232.223,-914.876,52.332,0,0,0,99.246907
417,57.9128,walk-to-authored-tree,-249.838,-935.009,63.052,112.500,-74.981,287.069,-257.085,-940.426,-14.828,-234.843,-952.209,-22.078,1.0000,0.9375,-263.716,-957.476,56.182,-230.202,-921.773,54.270,0.6881,0.0000,1.6000,1,-100.000,550.000,0.0000,0.0000,0,0,-230.202,-921.773,54.270,0.000,0,-1.000000,1.000,28.924,-1.000000,0.0000,0.0000,0,0,0.000,1.000,19.607,-230.202,-921.773,54.270,0,0,0,99.244800
418,58.0450,walk-to-authored-tree,-245.689,-949.228,62.982,112.500,-72.931,289.637,-245.103,-975.202,-14.844,-235.233,-952.095,-22.158,1.0000,0.9375,-258.750,-972.187,56.137,-226.544,-935.286,54.223,0.8115,0.0000,1.6000,1,-100.000,550.000,0.0000,0.0000,0,0,-226.544,-935.286,54.223,0.000,0,-1.000000,1.000,28.924,-1.000000,0.0000,0.0000,0,0,0.000,1.000,19.607,-226.544,-935.286,54.223,0,0,0,99.242694
419,58.2035,walk-to-authored-tree,-239.934,-966.162,62.914,112.500,-70.363,293.745,-231.187,-1008.869,-21.545,-236.549,-952.131,-22.156,1.0000,0.9375,-256.175,-982.774,52.152,-218.702,-959.856,51.593,0.9605,0.0000,1.6000,1,-100.000,550.000,0.0000,0.0000,0,0,-218.702,-959.856,51.593,0.000,0,-1.000000,1.000,28.924,-1.000000,0.0000,0.0000,0,0,0.000,1.000,19.607,-218.702,-959.856,51.593,0,0,0,99.240150
420,58.3342,view-authored-tree,-239.934,-966.162,62.914,0.000,-70.363,293.745,-238.853,-990.979,-23.316,-229.819,-967.711,-23.241,0.3474,0.0000,-257.465,-980.942,55.747,-218.314,-961.811,55.563,0.9605,0.0000,1.6000,1,-100.000,550.000,0.0000,0.0000,0,0,-218.314,-961.811,55.563,0.000,0,-1.000000,1.000,28.924,-1.000000,0.0000,0.0000,0,0,0.000,1.000,19.607,-218.314,-961.811,55.563,0,0,0,99.238062
421,58.4646,view-authored-tree,-239.934,-966.162,62.914,0.000,-70.363,287.086,-242.998,-981.050,-21.998,-226.114,-976.446,-21.998,0.0000,0.0000,-258.143,-979.935,57.698,-218.131,-962.837,57.698,0.9605,0.0000,1.6000,1,-100.000,550.000,0.0000,0.0000,0,0,-218.131,-962.837,57.698,0.000,0,-1.000000,1.000,28.924,-1.000000,0.0000,0.0000,0,0,0.000,1.000,19.607,-218.131,-962.837,57.698,0,0,0,99.235971
422,58.6059,view-authored-tree,-239.934,-966.162,62.914,0.000,-70.363,282.569,-242.998,-981.050,-21.998,-226.114,-976.446,-21.998,0.0000,0.0000,-258.187,-979.846,57.693,-218.165,-962.744,57.693,0.9605,0.0000,1.6000,1,-100.000,550.000,0.0000,0.0000,0,0,-218.165,-962.744,57.693,0.000,0,-1.000000,1.000,28.924,-1.000000,0.0000,0.0000,0,0,0.000,1.000,19.607,-218.165,-962.744,57.693,0,0,0,99.233711
423,58.7639,view-authored-tree,-239.934,-966.162,62.914,0.000,-70.363,279.204,-242.998,-981.050,-21.998,-226.114,-976.446,-21.998,0.0000,0.0000,-258.187,-979.846,57.693,-218.165,-962.744,57.693,0.9605,0.0000,1.6000,1,-100.000,550.000,0.0000,0.0000,0,0,-218.165,-962.744,57.693,0.000,0,-1.000000,1.000,28.924,-1.000000,0.0000,0.0000,0,0,0.000,1.000,19.607,-218.165,-962.744,57.693,0,0,0,99.231182
424,58.9053,view-authored-tree,-239.934,-966.162,62.914,0.000,-70.363,277.527,-242.998,-981.050,-21.998,-226.114,-976.446,-21.998,0.0000,0.0000,-258.194,-979.830,57.691,-218.171,-962.728,57.691,0.9605,0.0000,1.6000,1,-100.000,550.000,0.0000,0.0000,0,0,-218.171,-962.728,57.691,0.000,0,-1.000000,1.000,28.924,-1.000000,0.0000,0.0000,0,0,0.000,1.000,19.607,-218.171,-962.728,57.691,0,0,0,99.228920
425,59.0325,view-authored-tree,-239.934,-966.162,62.914,0.000,-70.363,276.523,-242.998,-981.050,-21.998,-226.114,-976.446,-21.998,0.0000,0.0000,-258.194,-979.830,57.691,-218.171,-962.728,57.691,0.9605,0.0000,1.6000,1,-100.000,550.000,0.0000,0.0000,0,0,-218.171,-962.728,57.691,0.000,0,-1.000000,1.000,28.924,-1.000000,0.0000,0.0000,0,0,0.000,1.000,19.607,-218.171,-962.728,57.691,0,0,0,99.226884
426,59.1575,view-authored-tree,-239.934,-966.162,62.914,0.000,-70.363,275.873,-242.998,-981.050,-21.998,-226.114,-976.446,-21.998,0.0000,0.0000,-258.145,-979.933,57.706,-218.131,-962.835,57.706,0.9605,0.0000,1.6000,1,-100.000,550.000,0.0000,0.0000,0,0,-218.131,-962.835,57.706,0.000,0,-1.000000,1.000,28.924,-1.000000,0.0000,0.0000,0,0,0.000,1.000,19.607,-218.131,-962.835,57.706,0,0,0,99.224888
427,59.2989,view-authored-tree,-239.934,-966.162,62.914,0.000,-70.363,275.399,-242.998,-981.050,-21.998,-226.114,-976.446,-21.998,0.0000,0.0000,-258.106,-980.015,57.718,-218.098,-962.920,57.718,0.9605,0.0000,1.6000,1,-100.000,550.000,0.0000,0.0000,0,0,-218.098,-962.920,57.718,0.000,0,-1.000000,1.000,28.924,-1.000000,0.0000,0.0000,0,0,0.000,1.000,19.607,-218.098,-962.920,57.718,0,0,0,99.222622
428,59.4384,view-authored-tree,-239.934,-966.162,62.914,0.000,-70.363,275.101,-242.998,-981.050,-21.998,-226.114,-976.446,-21.998,0.0000,0.0000,-258.067,-980.096,57.731,-218.066,-963.004,57.731,0.9605,0.0000,1.6000,1,-100.000,550.000,0.0000,0.0000,0,0,-218.066,-963.004,57.731,0.000,0,-1.000000,1.000,28.924,-1.000000,0.0000,0.0000,0,0,0.000,1.000,19.607,-218.066,-963.004,57.731,0,0,0,99.220391
429,59.5779,view-authored-tree,-239.934,-966.162,62.914,0.000,-70.363,274.910,-242.998,-981.050,-21.998,-226.114,-976.446,-21.998,0.0000,0.0000,-258.023,-980.188,57.745,-218.030,-963.100,57.745,0.9605,0.0000,1.6000,1,-100.000,550.000,0.0000,0.0000,0,0,-218.030,-963.100,57.745,0.000,0,-1.000000,1.000,28.924,-1.000000,0.0000,0.0000,0,0,0.000,1.000,19.607,-218.030,-963.100,57.745,0,0,0,99.218158
430,59.7177,view-authored-tree,-239.934,-966.162,62.914,0.000,-70.363,274.787,-242.998,-981.050,-21.998,-226.114,-976.446,-21.998,0.0000,0.0000,-257.984,-980.270,57.758,-217.998,-963.184,57.758,0.9605,0.0000,1.6000,1,-100.000,550.000,0.0000,0.0000,0,0,-217.998,-963.184,57.758,0.000,0,-1.000000,1.000,28.924,-1.000000,0.0000,0.0000,0,0,0.000,1.000,19.607,-217.998,-963.184,57.758,0,0,0,99.215923
431,59.8593,view-authored-tree,-239.934,-966.162,62.914,0.000,-70.363,274.706,-242.998,-981.050,-21.998,-226.114,-976.446,-21.998,0.0000,0.0000,-257.947,-980.347,57.770,-217.968,-963.264,57.770,0.9605,0.0000,1.6000,1,-100.000,550.000,0.0000,0.0000,0,0,-217.968,-963.264,57.770,0.000,0,-1.000000,1.000,28.924,-1.000000,0.0000,0.0000,0,0,0.000,1.000,19.607,-217.968,-963.264,57.770,0,0,0,99.213659
432,59.9972,view-authored-tree,-239.934,-966.162,62.914,0.000,-70.363,274.657,-242.998,-981.050,-21.998,-226.114,-976.446,-21.998,0.0000,0.0000,-257.932,-980.378,57.775,-217.956,-963.296,57.775,0.9605,0.0000,1.6000,1,-100.000,550.000,0.0000,0.0000,0,0,-217.956,-963.296,57.775,0.000,0,-1.000000,1.000,28.924,-1.000000,0.0000,0.0000,0,0,0.000,1.000,19.607,-217.956,-963.296,57.775,0,0,0,99.211450
433,60.1356,view-authored-tree,-239.934,-966.162,62.914,0.000,-70.363,274.624,-242.998,-981.050,-21.998,-226.114,-976.446,-21.998,0.0000,0.0000,-257.932,-980.378,57.775,-217.956,-963.296,57.775,0.9605,0.0000,1.6000,1,-100.000,550.000,0.0000,0.0000,0,0,-217.956,-963.296,57.775,0.000,0,-1.000000,1.000,28.924,-1.000000,0.0000,0.0000,0,0,0.000,1.000,19.607,-217.956,-963.296,57.775,0,0,0,99.209235
434,60.2728,view-authored-tree,-239.934,-966.162,62.914,0.000,-70.363,274.603,-242.998,-981.050,-21.998,-226.114,-976.446,-21.998,0.0000,0.0000,-257.902,-980.442,57.786,-217.931,-963.362,57.786,0.9605,0.0000,1.6000,1,-100.000,550.000,0.0000,0.0000,0,0,-217.931,-963.362,57.786,0.000,0,-1.000000,1.000,28.924,-1.000000,0.0000,0.0000,0,0,0.000,1.000,19.607,-217.931,-963.362,57.786,0,0,0,99.207039
435,60.4106,view-authored-tree,-239.934,-966.162,62.914,0.000,-70.363,274.590,-242.998,-981.050,-21.998,-226.114,-976.446,-21.998,0.0000,0.0000,-257.902,-980.442,57.786,-217.931,-963.362,57.786,0.9605,0.0000,1.6000,1,-100.000,550.000,0.0000,0.0000,0,0,-217.931,-963.362,57.786,0.000,0,-1.000000,1.000,28.924,-1.000000,0.0000,0.0000,0,0,0.000,1.000,19.607,-217.931,-963.362,57.786,0,0,0,99.204835
436,60.5358,view-authored-tree,-239.934,-966.162,62.914,0.000,-70.363,274.582,-242.998,-981.050,-21.998,-226.114,-976.446,-21.998,0.0000,0.0000,-257.932,-980.378,57.778,-217.956,-963.296,57.778,0.9605,0.0000,1.6000,1,-100.000,550.000,0.0000,0.0000,0,0,-217.956,-963.296,57.778,0.000,0,-1.000000,1.000,28.924,-1.000000,0.0000,0.0000,0,0,0.000,1.000,19.607,-217.956,-963.296,57.778,0,0,0,99.202835
437,60.6722,view-authored-tree,-239.934,-966.162,62.914,0.000,-70.363,274.577,-242.998,-981.050,-21.998,-226.114,-976.446,-21.998,0.0000,0.0000,-257.964,-980.312,57.771,-217.982,-963.228,57.771,0.9605,0.0000,1.6000,1,-100.000,550.000,0.0000,0.0000,0,0,-217.982,-963.228,57.771,0.000,0,-1.000000,1.000,28.924,-1.000000,0.0000,0.0000,0,0,0.000,1.000,19.607,-217.982,-963.228,57.771,0,0,0,99.200650
438,60.8124,view-authored-tree,-239.934,-966.162,62.914,0.000,-70.363,274.573,-242.998,-981.050,-21.998,-226.114,-976.446,-21.998,0.0000,0.0000,-257.996,-980.245,57.754,-218.008,-963.159,57.754,0.9605,0.0000,1.6000,1,-100.000,550.000,0.0000,0.0000,0,0,-218.008,-963.159,57.754,0.000,0,-1.000000,1.000,28.924,-1.000000,0.0000,0.0000,0,0,0.000,1.000,19.607,-218.008,-963.159,57.754,0,0,0,99.198405
439,60.9500,view-authored-tree,-239.934,-966.162,62.914,0.000,-70.363,274.570,-242.998,-981.050,-21.998,-226.114,-976.446,-21.998,0.0000,0.0000,-258.038,-980.157,57.740,-218.043,-963.067,57.740,0.9605,0.0000,1.6000,1,-100.000,550.000,0.0000,0.0000,0,0,-218.043,-963.067,57.740,0.000,0,-1.000000,1.000,28.924,-1.000000,0.0000,0.0000,0,0,0.000,1.000,19.607,-218.043,-963.067,57.740,0,0,0,99.196205
440,61.0910,view-authored-tree,-239.934,-966.162,62.914,0.000,-70.363,274.569,-242.998,-981.050,-21.998,-226.114,-976.446,-21.998,0.0000,0.0000,-258.078,-980.073,57.727,-218.076,-962.980,57.727,0.9605,0.0000,1.6000,1,-100.000,550.000,0.0000,0.0000,0,0,-218.076,-962.980,57.727,0.000,0,-1.000000,1.000,28.924,-1.000000,0.0000,0.0000,0,0,0.000,1.000,19.607,-218.076,-962.980,57.727,0,0,0,99.193950
441,61.3475,walk-into-authored-trunk,-239.663,-969.554,62.890,51.042,-85.432,274.568,-243.986,-1001.465,-23.643,-231.426,-965.466,-23.567,0.5833,0.4253,-260.448,-978.744,54.256,-217.528,-971.566,54.164,0.9889,0.0000,1.6000,1,-100.000,550.000,0.0000,0.0000,0,0,-217.528,-971.566,54.164,0.000,0,-1.000000,1.000,28.924,-1.000000,0.0000,0.0000,0,0,0.000,1.000,19.607,-217.528,-971.566,54.164,0,0,0,99.189844
442,61.4770,walk-into-authored-trunk,-238.763,-980.824,62.809,107.657,-85.432,274.568,-242.850,-1013.659,-22.115,-231.602,-969.509,-19.265,1.0000,0.8971,-261.197,-982.127,52.448,-216.190,-990.699,53.657,0.0981,0.0000,1.6000,1,-100.000,550.000,0.0000,0.0000,0,0,-216.190,-990.699,53.657,0.000,0,-1.000000,1.000,28.924,-1.000000,0.0000,0.0000,0,0,0.000,1.000,19.607,-216.190,-990.699,53.657,0,0,0,99.187774
443,61.6091,walk-into-authored-trunk,-237.580,-995.636,62.709,112.500,-85.432,274.568,-243.791,-1013.743,-22.138,-227.798,-1003.038,-13.933,1.0000,0.9375,-261.155,-991.902,54.642,-215.051,-1010.218,56.547,0.2220,0.0000,1.6000,1,-100.000,550.000,0.0000,0.0000,0,0,-215.051,-1010.218,56.547,0.000,0,-1.000000,1.000,28.924,-1.000000,0.0000,0.0000,0,0,0.000,1.000,19.607,-215.051,-1010.218,56.547,0,0,0,99.185660
444,61.7451,walk-into-authored-trunk,-236.361,-1010.888,62.611,112.500,-85.432,274.568,-244.768,-1013.904,-22.090,-223.534,-1040.118,-16.476,1.0000,0.9375,-259.538,-1009.291,53.566,-213.889,-1023.630,55.231,0.3495,0.0000,1.6000,1,-100.000,550.000,0.0000,0.0000,0,0,-213.889,-1023.630,55.231,0.000,0,-1.000000,1.000,28.924,-1.000000,0.0000,0.0000,0,0,0.000,1.000,19.607,-213.889,-1023.630,55.231,0,0,0,99.183484
445,61.8831,walk-into-authored-trunk,-235.125,-1026.365,62.527,112.500,-85.432,274.568,-245.843,-1013.958,-22.441,-220.689,-1068.011,-22.311,1.0000,0.9375,-256.475,-1033.470,51.230,-212.933,-1030.764,51.529,0.4789,0.0000,1.6000,1,-100.000,550.000,0.0000,0.0000,0,0,-212.933,-1030.764,51.529,0.000,0,-1.000000,1.000,28.924,-1.000000,0.0000,0.0000,0,0,0.000,1.000,19.607,-212.933,-1030.764,51.529,0,0,0,99.181276
446,62.0205,walk-into-authored-trunk,-233.893,-1041.779,62.527,112.500,-85.432,274.568,-243.522,-1033.912,-19.125,-220.752,-1071.030,-22.445,1.0000,0.9375,-252.442,-1058.010,53.612,-211.798,-1036.084,52.266,0.6077,0.0000,1.6000,1,-100.000,550.000,0.0000,0.0000,0,0,-211.798,-1036.084,52.266,0.000,0,-1.000000,1.000,28.924,-1.000000,0.0000,0.0000,0,0,0.000,1.000,19.607,-211.798,-1036.084,52.266,0,0,0,99.179077
447,62.1611,walk-into-authored-trunk,-232.635,-1057.536,62.527,112.500,-85.432,274.568,-239.560,-1070.396,-13.952,-221.949,-1071.107,-22.359,1.0000,0.9375,-250.208,-1077.899,56.519,-211.092,-1047.143,54.496,0.7394,0.0000,1.6000,1,-100.000,550.000,0.0000,0.0000,0,0,-211.092,-1047.143,54.496,0.000,0,-1.000000,1.000,28.924,-1.000000,0.0000,0.0000,0,0,0.000,1.000,19.607,-211.092,-1047.143,54.496,0,0,0,99.176829
448,62.2986,walk-into-authored-trunk,-231.403,-1072.959,62.527,112.500,-85.432,274.568,-235.337,-1107.232,-17.565,-222.931,-1071.208,-22.162,1.0000,0.9375,-249.853,-1090.501,54.626,-209.667,-1065.865,53.081,0.8684,0.0000,1.6000,1,-100.000,550.000,0.0000,0.0000,0,0,-209.667,-1065.865,53.081,0.000,0,-1.000000,1.000,28.924,-1.000000,0.0000,0.0000,0,0,0.000,1.000,19.607,-209.667,-1065.865,53.081,0,0,0,99.174628
449,62.4366,walk-into-authored-trunk,-230.166,-1088.432,62.274,112.500,-85.432,274.568,-232.619,-1132.884,-22.624,-223.811,-1071.362,-22.654,1.0000,0.9375,-250.839,-1097.394,51.120,-207.838,-1090.836,51.081,0.9977,0.0000,1.6000,1,-100.000,550.000,0.0000,0.0000,0,0,-207.838,-1090.836,51.081,0.000,0,-1.000000,1.000,28.924,-1.000000,0.0000,0.0000,0,0,0.000,1.000,19.607,-207.838,-1090.836,51.081,0,0,0,99.172421
450,62.5737,walk-into-authored-trunk,-228.937,-1103.817,62.274,112.500,-85.432,274.568,-233.526,-1133.272,-22.636,-221.303,-1095.959,-18.329,1.0000,0.9375,-251.774,-1103.405,52.481,-206.375,-1115.361,53.967,0.1264,0.0000,1.6000,1,-100.000,550.000,0.0000,0.0000,0,0,-206.375,-1115.361,53.967,0.000,0,-1.000000,1.000,28.924,-1.000000,0.0000,0.0000,0,0,0.000,1.000,19.607,-206.375,-1115.361,53.967,0,0,0,99.170226
451,62.7114,walk-into-authored-trunk,-227.705,-1119.243,62.274,112.500,-85.432,274.568,-234.475,-1133.432,-22.627,-217.084,-1132.519,-14.160,1.0000,0.9375,-251.283,-1115.225,54.262,-205.160,-1134.007,56.178,0.2553,0.0000,1.6000,1,-100.000,550.000,0.0000,0.0000,0,0,-205.160,-1134.007,56.178,0.000,0,-1.000000,1.000,28.924,-1.000000,0.0000,0.0000,0,0,0.000,1.000,19.607,-205.160,-1134.007,56.178,0,0,0,99.168025
452,62.8490,walk-into-authored-trunk,-226.471,-1134.688,62.274,112.500,-85.432,274.566,-235.613,-1133.551,-22.549,-213.150,-1168.636,-18.803,1.0000,0.9375,-249.364,-1134.934,52.344,-204.111,-1145.653,53.737,0.3844,0.0000,1.6000,1,-100.000,550.000,0.0000,0.0000,0,0,-204.111,-1145.653,53.737,0.000,0,-1.000000,1.000,28.924,-1.000000,0.0000,0.0000,0,0,0.000,1.000,19.607,-204.111,-1145.653,53.737,0,0,0,99.165821
453,62.9876,walk-into-authored-trunk,-225.230,-1150.233,62.274,112.500,-85.458,274.531,-235.863,-1135.379,-22.565,-210.589,-1190.521,-22.682,1.0000,0.9375,-245.485,-1160.095,51.218,-202.757,-1151.685,51.011,0.5144,0.0000,1.6000,1,-100.000,550.000,0.0000,0.0000,0,0,-202.757,-1151.685,51.011,0.000,0,-1.000000,1.000,28.924,-1.000000,0.0000,0.0000,0,0,0.000,1.000,19.607,-202.757,-1151.685,51.011,0,0,0,99.163603
454,63.1255,walk-into-authored-trunk,-224.002,-1165.693,62.019,112.500,-85.558,274.424,-233.157,-1162.687,-17.610,-211.671,-1190.810,-22.772,1.0000,0.9375,-242.243,-1183.785,54.373,-202.194,-1158.072,52.690,0.6436,0.0000,1.6000,1,-100.000,550.000,0.0000,0.0000,0,0,-202.194,-1158.072,52.690,0.000,0,-1.000000,1.000,28.924,-1.000000,0.0000,0.0000,0,0,0.000,1.000,19.607,-202.194,-1158.072,52.690,0,0,0,99.161397
455,63.2657,walk-into-authored-trunk,-222.778,-1181.416,62.019,112.500,-85.713,274.264,-228.886,-1200.551,-14.568,-212.717,-1190.855,-22.830,1.0000,0.9375,-240.469,-1201.586,55.970,-201.160,-1171.259,53.962,0.7750,0.0000,1.6000,1,-100.000,550.000,0.0000,0.0000,0,0,-201.160,-1171.259,53.962,0.000,0,-1.000000,1.000,28.924,-1.000000,0.0000,0.0000,0,0,0.000,1.000,19.607,-201.160,-1171.259,53.962,0,0,0,99.159154
456,63.4012,walk-into-authored-trunk,-221.632,-1196.616,62.019,112.500,-85.901,274.073,-225.111,-1235.023,-20.143,-213.521,-1190.928,-22.938,1.0000,0.9375,-240.555,-1212.158,52.837,-199.551,-1191.734,51.593,0.9021,0.0000,1.6000,1,-100.000,550.000,0.0000,0.0000,0,0,-199.551,-1191.734,51.593,0.000,0,-1.000000,1.000,28.924,-1.000000,0.0000,0.0000,0,0,0.000,1.000,19.607,-199.551,-1191.734,51.593,0,0,0,99.156987
457,63.5400,walk-into-authored-trunk,-220.507,-1212.196,62.019,112.500,-86.122,273.849,-223.911,-1252.748,-23.005,-213.826,-1195.641,-22.637,1.0000,0.9375,-241.858,-1218.034,50.683,-198.059,-1217.675,51.134,0.0322,0.0000,1.6000,1,-100.000,550.000,0.0000,0.0000,0,0,-198.059,-1217.675,51.134,0.000,0,-1.000000,1.000,28.924,-1.000000,0.0000,0.0000,0,0,0.000,1.000,19.607,-198.059,-1217.675,51.134,0,0,0,99.154765
458,63.6764,walk-into-authored-trunk,-219.460,-1227.495,62.019,112.500,-86.361,273.608,-225.053,-1252.958,-22.890,-211.110,-1224.636,-16.843,1.0000,0.9375,-242.619,-1225.040,52.954,-197.140,-1240.932,54.655,0.1600,0.0000,1.6000,1,-100.000,550.000,0.0000,0.0000,0,0,-197.140,-1240.932,54.655,0.000,0,-1.000000,1.000,28.924,-1.000000,0.0000,0.0000,0,0,0.000,1.000,19.607,-197.140,-1240.932,54.655,0,0,0,99.152584
459,63.8153,walk-into-authored-trunk,-218.456,-1243.099,62.019,112.500,-86.623,273.344,-226.055,-1252.976,-22.899,-207.413,-1262.721,-14.942,1.0000,0.9375,-241.928,-1239.044,53.773,-196.253,-1257.978,55.650,0.2903,0.0000,1.6000,1,-100.000,550.000,0.0000,0.0000,0,0,-196.253,-1257.978,55.650,0.000,0,-1.000000,1.000,28.924,-1.000000,0.0000,0.0000,0,0,0.000,1.000,19.607,-196.253,-1257.978,55.650,0,0,0,99.150360
460,63.9524,walk-into-authored-trunk,-217.534,-1258.492,62.019,112.500,-86.896,273.069,-226.693,-1252.939,-22.909,-204.163,-1296.587,-20.882,1.0000,0.9375,-239.579,-1260.411,51.334,-195.025,-1267.846,52.390,0.4188,0.0000,1.6000,1,-100.000,550.000,0.0000,0.0000,0,0,-195.025,-1267.846,52.390,0.000,0,-1.000000,1.000,28.924,-1.000000,0.0000,0.0000,0,0,0.000,1.000,19.607,-195.025,-1267.846,52.390,0,0,0,99.148167
461,64.0814,walk-into-authored-trunk,-216.736,-1272.946,62.019,112.500,-86.931,272.799,-227.089,-1258.836,-22.527,-203.697,-1310.598,-23.078,1.0000,0.9375,-236.994,-1284.229,51.235,-194.536,-1272.933,50.678,0.5395,0.0000,1.6000,1,-100.000,550.000,0.0000,0.0000,0,0,-194.536,-1272.933,50.678,0.000,0,-1.000000,1.000,28.924,-1.000000,0.0000,0.0000,0,0,0.000,1.000,19.607,-194.536,-1272.933,50.678,0,0,0,99.146108
462,64.2188,walk-into-authored-trunk,-215.953,-1288.396,62.019,112.500,-87.466,272.496,-224.469,-1288.802,-16.650,-204.709,-1310.849,-23.086,1.0000,0.9375,-234.430,-1306.778,54.726,-193.840,-1280.333,52.901,0.6684,0.0000,1.6000,1,-100.000,550.000,0.0000,0.0000,0,0,-193.840,-1280.333,52.901,0.000,0,-1.000000,1.000,28.924,-1.000000,0.0000,0.0000,0,0,0.000,1.000,19.607,-193.840,-1280.333,52.901,0,0,0,99.143908
463,64.3571,walk-into-authored-trunk,-215.248,-1303.970,62.019,112.500,-87.783,272.178,-221.596,-1326.971,-14.935,-205.748,-1311.020,-22.696,1.0000,0.9375,-233.708,-1323.126,55.836,-193.213,-1295.028,53.879,0.7983,0.0000,1.6000,1,-100.000,550.000,0.0000,0.0000,0,0,-193.213,-1295.028,53.879,0.000,0,-1.000000,1.000,28.924,-1.000000,0.0000,0.0000,0,0,0.000,1.000,19.607,-193.213,-1295.028,53.879,0,0,0,99.141691
464,64.4965,walk-into-authored-trunk,-214.626,-1319.627,62.019,112.500,-88.114,271.845,-219.471,-1360.646,-21.631,-206.708,-1311.046,-23.255,1.0000,0.9375,-234.619,-1332.801,51.813,-192.444,-1317.620,50.831,0.9289,0.0000,1.6000,1,-100.000,550.000,0.0000,0.0000,0,0,-192.444,-1317.620,50.831,0.000,0,-1.000000,1.000,28.924,-1.000000,0.0000,0.0000,0,0,0.000,1.000,19.607,-192.444,-1317.620,50.831,0,0,0,99.139462
465,64.6279,walk-into-authored-trunk,-214.123,-1334.359,62.019,112.500,-88.155,271.520,-219.220,-1372.461,-22.803,-206.833,-1319.047,-21.920,1.0000,0.9375,-235.992,-1337.978,51.009,-191.959,-1342.128,51.715,0.0517,0.0000,1.6000,1,-100.000,550.000,0.0000,0.0000,0,0,-191.959,-1342.128,51.715,0.000,0,-1.000000,1.000,28.924,-1.000000,0.0000,0.0000,0,0,0.000,1.000,19.607,-191.959,-1342.128,51.715,0,0,0,99.137366
466,64.7556,walk-into-authored-trunk,-213.708,-1348.763,62.019,112.500,-88.480,271.190,-220.362,-1372.653,-22.984,-205.087,-1348.061,-16.421,1.0000,0.9375,-236.816,-1344.964,53.091,-191.911,-1363.418,54.835,0.1718,0.0000,1.6000,1,-100.000,550.000,0.0000,0.0000,0,0,-191.911,-1363.418,54.835,0.000,0,-1.000000,1.000,28.924,-1.000000,0.0000,0.0000,0,0,0.000,1.000,19.607,-191.911,-1363.418,54.835,0,0,0,99.135317
467,64.8847,walk-into-authored-trunk,-213.373,-1363.238,62.019,112.500,-88.810,270.845,-221.369,-1372.565,-22.927,-203.058,-1383.651,-15.025,1.0000,0.9375,-236.668,-1358.319,53.724,-191.757,-1378.919,55.594,0.2925,0.0000,1.6000,1,-100.000,550.000,0.0000,0.0000,0,0,-191.757,-1378.919,55.594,0.000,0,-1.000000,1.000,28.924,-1.000000,0.0000,0.0000,0,0,0.000,1.000,19.607,-191.757,-1378.919,55.594,0,0,0,99.133257
468,65.0166,walk-into-authored-trunk,-213.118,-1378.127,62.019,112.500,-89.155,270.475,-222.016,-1372.485,-22.939,-201.262,-1416.484,-20.811,1.0000,0.9375,-235.231,-1379.011,51.344,-190.986,-1388.508,52.423,0.4166,0.0000,1.6000,1,-100.000,550.000,0.0000,0.0000,0,0,-190.986,-1388.508,52.423,0.000,0,-1.000000,1.000,28.924,-1.000000,0.0000,0.0000,0,0,0.000,1.000,19.607,-190.986,-1388.508,52.423,0,0,0,99.131139
469,65.1480,walk-into-authored-trunk,-212.957,-1392.872,62.019,112.500,-89.525,270.094,-222.662,-1378.307,-22.528,-201.636,-1431.079,-23.078,1.0000,0.9375,-233.706,-1403.225,51.235,-190.780,-1393.867,50.678,0.5394,0.0000,1.6000,1,-100.000,550.000,0.0000,0.0000,0,0,-190.780,-1393.867,50.678,0.000,0,-1.000000,1.000,28.924,-1.000000,0.0000,0.0000,0,0,0.000,1.000,19.607,-190.780,-1393.867,50.678,0,0,0,99.129042
470,65.2781,walk-into-authored-trunk,-212.894,-1407.538,62.019,112.500,-89.906,269.697,-221.531,-1406.526,-16.838,-202.590,-1431.300,-22.936,1.0000,0.9375,-232.227,-1424.891,54.704,-190.498,-1400.711,52.914,0.6616,0.0000,1.6000,1,-100.000,550.000,0.0000,0.0000,0,0,-190.498,-1400.711,52.914,0.000,0,-1.000000,1.000,28.924,-1.000000,0.0000,0.0000,0,0,0.000,1.000,19.607,-190.498,-1400.711,52.914,0,0,0,99.126956
471,65.4086,walk-into-authored-trunk,-212.931,-1422.197,62.019,112.500,-90.303,269.282,-220.455,-1442.324,-14.667,-203.701,-1431.389,-22.792,1.0000,0.9375,-232.185,-1440.798,55.937,-190.558,-1413.914,53.940,0.7838,0.0000,1.6000,1,-100.000,550.000,0.0000,0.0000,0,0,-190.558,-1413.914,53.940,0.000,0,-1.000000,1.000,28.924,-1.000000,0.0000,0.0000,0,0,0.000,1.000,19.607,-190.558,-1413.914,53.940,0,0,0,99.124872
472,65.5372,walk-into-authored-trunk,-213.069,-1436.665,62.019,112.500,-90.718,268.854,-219.762,-1474.888,-20.290,-204.531,-1431.400,-22.972,1.0000,0.9375,-233.267,-1450.422,52.746,-190.668,-1433.829,51.524,0.9044,0.0000,1.6000,1,-100.000,550.000,0.0000,0.0000,0,0,-190.668,-1433.829,51.524,0.000,0,-1.000000,1.000,28.924,-1.000000,0.0000,0.0000,0,0,0.000,1.000,19.607,-190.668,-1433.829,51.524,0,0,0,99.122814
473,65.6661,walk-into-authored-trunk,-213.315,-1451.169,62.019,112.500,-91.146,268.403,-220.286,-1492.124,-22.982,-205.279,-1435.001,-22.732,1.0000,0.9375,-235.069,-1455.699,50.703,-191.448,-1458.050,51.062,0.0253,0.0000,1.6000,1,-100.000,550.000,0.0000,0.0000,0,0,-191.448,-1458.050,51.062,0.000,0,-1.000000,1.000,28.924,-1.000000,0.0000,0.0000,0,0,0.000,1.000,19.607,-191.448,-1458.050,51.062,0,0,0,99.120751
474,65.7938,walk-into-authored-trunk,-213.669,-1465.533,62.019,112.500,-91.597,267.933,-221.487,-1492.074,-22.795,-205.161,-1461.237,-17.505,1.0000,0.9375,-236.455,-1461.721,52.736,-192.604,-1480.336,54.367,0.1450,0.0000,1.6000,1,-100.000,550.000,0.0000,0.0000,0,0,-192.604,-1480.336,54.367,0.000,0,-1.000000,1.000,28.924,-1.000000,0.0000,0.0000,0,0,0.000,1.000,19.607,-192.604,-1480.336,54.367,0,0,0,99.118707
475,65.9227,walk-into-authored-trunk,-214.143,-1480.025,62.019,112.500,-92.067,267.434,-222.528,-1492.016,-22.866,-205.095,-1496.286,-14.441,1.0000,0.9375,-237.110,-1473.427,53.983,-193.449,-1497.239,55.903,0.2658,0.0000,1.6000,1,-100.000,550.000,0.0000,0.0000,0,0,-193.449,-1497.239,55.903,0.000,0,-1.000000,1.000,28.924,-1.000000,0.0000,0.0000,0,0,0.000,1.000,19.607,-193.449,-1497.239,55.903,0,0,0,99.116645
476,66.0524,walk-into-authored-trunk,-214.745,-1494.624,62.275,112.500,-92.566,266.901,-223.571,-1491.964,-22.617,-205.617,-1530.359,-19.047,1.0000,0.9375,-237.365,-1492.223,52.209,-193.790,-1508.096,53.572,0.3876,0.0000,1.6000,1,-100.000,550.000,0.0000,0.0000,0,0,-193.790,-1508.096,53.572,0.000,0,-1.000000,1.000,28.924,-1.000000,0.0000,0.0000,0,0,0.000,1.000,19.607,-193.790,-1508.096,53.572,0,0,0,99.114567
477,66.1845,walk-into-authored-trunk,-215.492,-1509.442,62.275,112.500,-93.099,266.328,-224.034,-1493.275,-22.581,-206.312,-1551.687,-22.696,1.0000,0.9375,-236.885,-1516.268,51.190,-193.411,-1514.135,51.029,0.5112,0.0000,1.6000,1,-100.000,550.000,0.0000,0.0000,0,0,-193.411,-1514.135,51.029,0.000,0,-1.000000,1.000,28.924,-1.000000,0.0000,0.0000,0,0,0.000,1.000,19.607,-193.411,-1514.135,51.029,0,0,0,99.112457
478,66.3190,walk-into-authored-trunk,-216.404,-1524.565,62.275,112.500,-93.672,265.703,-225.011,-1519.425,-17.806,-207.721,-1551.884,-22.649,1.0000,0.9375,-237.022,-1539.621,54.321,-193.726,-1520.423,52.681,0.6375,0.0000,1.6000,1,-100.000,550.000,0.0000,0.0000,0,0,-193.726,-1520.423,52.681,0.000,0,-1.000000,1.000,28.924,-1.000000,0.0000,0.0000,0,0,0.000,1.000,19.607,-193.726,-1520.423,52.681,0,0,0,99.110302
479,66.4548,walk-into-authored-trunk,-217.483,-1539.779,62.275,112.500,-94.297,265.028,-226.362,-1555.954,-14.185,-208.976,-1551.829,-22.603,1.0000,0.9375,-237.987,-1557.173,56.260,-194.594,-1532.851,54.240,0.7646,0.0000,1.6000,1,-100.000,550.000,0.0000,0.0000,0,0,-194.594,-1532.851,54.240,0.000,0,-1.000000,1.000,28.924,-1.000000,0.0000,0.0000,0,0,0.000,1.000,19.607,-194.594,-1532.851,54.240,0,0,0,99.108133
480,66.5872,walk-into-authored-trunk,-218.708,-1554.653,62.538,112.500,-94.972,264.316,-228.232,-1590.539,-19.054,-209.900,-1551.882,-22.569,1.0000,0.9375,-239.812,-1567.798,53.609,-196.110,-1552.465,52.240,0.8890,0.0000,1.6000,1,-100.000,550.000,0.0000,0.0000,0,0,-196.110,-1552.465,52.240,0.000,0,-1.000000,1.000,28.924,-1.000000,0.0000,0.0000,0,0,0.000,1.000,19.607,-196.110,-1552.465,52.240,0,0,0,99.106010
481,66.7199,walk-into-authored-trunk,-220.112,-1569.488,62.538,112.500,-95.684,263.545,-230.422,-1611.232,-22.412,-210.867,-1553.654,-22.333,1.0000,0.9375,-242.154,-1573.310,51.278,-198.775,-1577.113,51.468,0.0131,0.0000,1.6000,1,-100.000,550.000,0.0000,0.0000,0,0,-198.775,-1577.113,51.468,0.000,0,-1.000000,1.000,28.924,-1.000000,0.0000,0.0000,0,0,0.000,1.000,19.607,-198.775,-1577.113,51.468,0,0,0,99.103891
482,66.8508,walk-into-authored-trunk,-221.691,-1584.152,62.538,112.500,-96.455,262.714,-231.740,-1611.018,-22.308,-212.730,-1579.304,-17.498,1.0000,0.9375,-244.022,-1578.876,53.010,-201.827,-1600.297,54.580,0.1360,0.0000,1.6000,1,-100.000,550.000,0.0000,0.0000,0,0,-201.827,-1600.297,54.580,0.000,0,-1.000000,1.000,28.924,-1.000000,0.0000,0.0000,0,0,0.000,1.000,19.607,-201.827,-1600.297,54.580,0,0,0,99.101793
483,66.9814,walk-into-authored-trunk,-223.467,-1598.712,62.794,112.500,-97.286,261.807,-232.980,-1610.836,-22.105,-215.838,-1614.407,-13.653,1.0000,0.9375,-245.723,-1589.970,54.775,-204.433,-1617.776,56.692,0.2583,0.0000,1.6000,1,-100.000,550.000,0.0000,0.0000,0,0,-204.433,-1617.776,56.692,0.000,0,-1.000000,1.000,28.924,-1.000000,0.0000,0.0000,0,0,0.000,1.000,19.607,-204.433,-1617.776,56.692,0,0,0,99.099707
484,67.1137,walk-into-authored-trunk,-225.501,-1613.489,62.794,112.500,-98.193,260.786,-234.216,-1610.578,-22.017,-220.025,-1649.307,-18.170,1.0000,0.9375,-247.916,-1608.561,52.915,-206.171,-1629.222,54.325,0.3826,0.0000,1.6000,1,-100.000,550.000,0.0000,0.0000,0,0,-206.171,-1629.222,54.325,0.000,0,-1.000000,1.000,28.924,-1.000000,0.0000,0.0000,0,0,0.000,1.000,19.607,-206.171,-1629.222,54.325,0,0,0,99.097586
485,67.2446,walk-into-authored-trunk,-227.749,-1627.992,62.794,112.500,-99.214,259.659,-234.469,-1610.949,-22.094,-223.147,-1671.710,-22.180,1.0000,0.9375,-249.701,-1631.984,51.656,-206.349,-1635.543,51.589,0.5049,0.0000,1.6000,1,-100.000,550.000,0.0000,0.0000,0,0,-206.349,-1635.543,51.589,0.000,0,-1.000000,1.000,28.924,-1.000000,0.0000,0.0000,0,0,0.000,1.000,19.607,-206.349,-1635.543,51.589,0,0,0,99.095498
486,67.4128,walk-into-authored-trunk,-231.033,-1646.676,63.082,112.500,-100.341,258.008,-239.354,-1644.319,-15.738,-225.174,-1671.746,-21.906,1.0000,0.9375,-253.175,-1660.290,55.768,-207.748,-1643.960,53.971,0.6630,0.0000,1.6000,1,-100.000,550.000,0.0000,0.0000,0,0,-207.748,-1643.960,53.971,0.000,0,-1.000000,1.000,28.924,-1.000000,0.0000,0.0000,0,0,0.000,1.000,19.607,-207.748,-1643.960,53.971,0,0,0,99.092800
487,67.5446,walk-into-authored-trunk,-233.957,-1661.183,63.082,112.500,-101.992,256.434,-245.464,-1679.805,-13.659,-226.729,-1671.762,-21.715,1.0000,0.9375,-256.576,-1675.450,56.983,-210.376,-1657.660,54.993,0.7863,0.0000,1.6000,1,-100.000,550.000,0.0000,0.0000,0,0,-210.376,-1657.660,54.993,0.000,0,-1.000000,1.000,28.924,-1.000000,0.0000,0.0000,0,0,0.000,1.000,19.607,-210.376,-1657.660,54.993,0,0,0,99.090696
488,67.6911,walk-into-authored-trunk,-235.927,-1674.326,63.383,49.782,-103.566,254.348,-249.856,-1702.650,-15.826,-227.822,-1677.773,-21.537,1.0000,0.4148,-258.991,-1686.199,55.862,-212.833,-1673.293,54.169,0.8472,0.0000,1.6000,1,-100.000,550.000,0.0000,0.0000,0,0,-212.833,-1673.293,54.169,0.000,0,-1.000000,1.000,28.924,-1.000000,0.0000,0.0000,0,0,0.000,1.000,19.607,-212.833,-1673.293,54.169,0,0,0,99.088349
489,67.8362,walk-into-authored-trunk,-232.398,-1676.886,63.418,28.464,-105.652,251.756,-247.523,-1705.798,-19.216,-224.089,-1679.586,-22.095,0.8132,0.2372,-255.631,-1684.680,55.217,-210.192,-1680.009,54.059,0.8815,0.0000,1.6000,1,-100.000,550.000,0.0000,0.0000,0,0,-210.192,-1680.009,54.059,0.000,0,-1.000000,1.000,28.924,-1.000000,0.0000,0.0000,0,0,0.000,1.000,19.607,-210.192,-1680.009,54.059,0,0,0,99.086031
490,67.9789,walk-into-authored-trunk,-229.391,-1679.113,63.447,25.952,-108.244,248.883,-246.011,-1708.224,-20.902,-220.751,-1680.637,-22.291,0.7415,0.2163,-252.671,-1683.851,54.888,-208.058,-1685.289,54.057,0.9124,0.0000,1.6000,1,-100.000,550.000,0.0000,0.0000,0,0,-208.058,-1685.289,54.057,0.000,0,-1.000000,1.000,28.924,-1.000000,0.0000,0.0000,0,0,0.000,1.000,19.607,-208.058,-1685.289,54.057,0,0,0,99.083746
491,68.1100,walk-into-authored-trunk,-226.890,-1681.194,63.474,24.900,-111.117,246.220,-245.298,-1710.364,-22.024,-217.829,-1681.485,-22.589,0.7114,0.2075,-250.128,-1683.300,54.461,-206.587,-1689.947,53.875,0.9396,0.0000,1.6000,1,-100.000,550.000,0.0000,0.0000,0,0,-206.587,-1689.947,53.875,0.000,0,-1.000000,1.000,28.924,-1.000000,0.0000,0.0000,0,0,0.000,1.000,19.607,-206.587,-1689.947,53.875,0,0,0,99.081650
492,68.2378,walk-into-authored-trunk,-224.587,-1683.248,63.500,24.264,-113.780,243.651,-244.657,-1712.064,-22.531,-215.034,-1682.278,-22.619,0.6932,0.2022,-247.632,-1682.834,54.377,-205.495,-1694.293,54.045,0.9655,0.0000,1.6000,1,-100.000,550.000,0.0000,0.0000,0,0,-205.495,-1694.293,54.045,0.000,0,-1.000000,1.000,28.924,-1.000000,0.0000,0.0000,0,0,0.000,1.000,19.607,-205.495,-1694.293,54.045,0,0,0,99.079602
493,68.3653,walk-into-authored-trunk,-222.430,-1685.336,63.526,23.812,-116.349,241.143,-243.698,-1713.277,-22.828,-212.090,-1683.272,-22.783,0.6803,0.1984,-244.966,-1682.605,54.319,-204.464,-1698.509,54.226,0.9907,0.0000,1.6000,1,-100.000,550.000,0.0000,0.0000,0,0,-204.464,-1698.509,54.226,0.000,0,-1.000000,1.000,28.924,-1.000000,0.0000,0.0000,0,0,0.000,1.000,19.607,-204.464,-1698.509,54.226,0,0,0,99.077568
494,68.5071,walk-into-authored-trunk,-220.135,-1687.723,63.554,23.568,-118.857,238.390,-241.881,-1713.163,-22.676,-209.558,-1685.740,-22.782,0.6734,0.1964,-242.023,-1682.548,54.256,-203.601,-1703.039,54.438,0.0186,0.0000,1.6000,1,-100.000,550.000,0.0000,0.0000,0,0,-203.601,-1703.039,54.438,0.000,0,-1.000000,1.000,28.924,-1.000000,0.0000,0.0000,0,0,0.000,1.000,19.607,-203.601,-1703.039,54.438,0,0,0,99.075293
495,68.6516,retreat-from-authored-trunk,-217.944,-1690.223,63.584,23.335,-121.610,235.649,-239.671,-1712.473,-22.332,-207.699,-1689.624,-22.203,0.6667,0.1945,-238.972,-1682.672,54.439,-202.946,-1707.564,54.874,0.0467,0.0000,1.6000,1,-100.000,550.000,0.0000,0.0000,0,0,-202.946,-1707.564,54.874,0.000,0,-1.000000,1.000,28.924,-1.000000,0.0000,0.0000,0,0,0.000,1.000,19.607,-202.946,-1707.564,54.874,0,0,0,99.072985
496,68.7920,retreat-from-authored-trunk,-213.414,-1685.924,63.584,62.747,-79.443,233.022,-214.757,-1716.432,-21.367,-206.908,-1676.450,-17.367,1.0000,0.5229,-236.092,-1688.214,53.625,-189.841,-1694.718,55.051,0.1202,0.0000,1.6000,1,-100.000,550.000,0.0000,0.0000,0,0,-189.841,-1694.718,55.051,0.000,0,-1.000000,1.000,28.924,-1.000000,0.0000,0.0000,0,0,0.000,1.000,19.607,-189.841,-1694.718,55.051,0,0,0,99.070736
497,68.9183,retreat-from-authored-trunk,-206.261,-1676.668,63.584,101.250,-41.561,231.641,-198.633,-1693.666,-21.282,-193.473,-1675.709,-12.991,1.0000,0.8438,-225.889,-1690.268,55.529,-179.875,-1671.598,57.440,0.2267,0.0000,1.6000,1,-100.000,550.000,0.0000,0.0000,0,0,-179.875,-1671.598,57.440,0.000,0,-1.000000,1.000,28.924,-1.000000,0.0000,0.0000,0,0,0.000,1.000,19.607,-179.875,-1671.598,57.440,0,0,0,99.068716
498,69.0602,retreat-from-authored-trunk,-197.403,-1665.350,63.584,101.250,1.024,231.204,-194.558,-1673.891,-21.161,-167.933,-1654.382,-15.415,1.0000,0.8438,-200.560,-1688.390,54.559,-183.186,-1643.701,56.239,0.3465,0.0000,1.6000,1,-100.000,550.000,0.0000,0.0000,0,0,-183.186,-1643.701,56.239,0.000,0,-1.000000,1.000,28.924,-1.000000,0.0000,0.0000,0,0,0.000,1.000,19.607,-183.186,-1643.701,56.239,0,0,0,99.066445
499,69.2012,retreat-from-authored-trunk,-188.523,-1654.232,63.584,101.250,43.182,231.204,-190.404,-1669.044,-21.466,-165.356,-1617.231,-21.043,1.0000,0.8438,-170.427,-1667.300,52.246,-198.161,-1633.355,52.739,0.4650,0.0000,1.6000,1,-100.000,550.000,0.0000,0.0000,0,0,-198.161,-1633.355,52.739,0.000,0,-1.000000,1.000,28.924,-1.000000,0.0000,0.0000,0,0,0.000,1.000,19.607,-198.161,-1633.355,52.739,0,0,0,99.064196
500,69.3440,retreat-from-authored-trunk,-179.432,-1642.912,63.584,101.250,51.204,231.204,-179.031,-1657.228,-19.153,-167.316,-1610.639,-21.412,1.0000,0.8438,-155.306,-1645.111,54.054,-198.323,-1630.791,52.926,0.5860,0.0000,1.6000,1,-100.000,550.000,0.0000,0.0000,0,0,-198.323,-1630.791,52.926,0.000,0,-1.000000,1.000,28.924,-1.000000,0.0000,0.0000,0,0,0.000,1.000,19.607,-198.323,-1630.791,52.926,0,0,0,99.061902
501,69.4918,retreat-from-authored-trunk,-170.077,-1631.274,63.327,101.250,51.204,231.204,-159.149,-1630.794,-13.473,-166.527,-1611.178,-21.423,1.0000,0.8438,-143.488,-1628.792,57.205,-192.675,-1623.725,55.224,0.7105,0.0000,1.6000,1,-100.000,550.000,0.0000,0.0000,0,0,-192.675,-1623.725,55.224,0.000,0,-1.000000,1.000,28.924,-1.000000,0.0000,0.0000,0,0,0.000,1.000,19.607,-192.675,-1623.725,55.224,0,0,0,99.059542
502,69.6337,retreat-from-authored-trunk,-161.056,-1620.052,63.327,101.250,51.204,231.204,-138.118,-1602.400,-15.324,-165.931,-1611.676,-21.816,1.0000,0.8438,-135.022,-1618.422,56.046,-183.007,-1611.535,54.216,0.8305,0.0000,1.6000,1,-100.000,550.000,0.0000,0.0000,0,0,-183.007,-1611.535,54.216,0.000,0,-1.000000,1.000,28.924,-1.000000,0.0000,0.0000,0,0,0.000,1.000,19.607,-183.007,-1611.535,54.216,0,0,0,99.057267
503,69.7836,retreat-from-authored-trunk,-151.571,-1608.255,63.327,101.250,51.204,231.204,-119.959,-1578.610,-21.077,-165.064,-1612.281,-21.775,1.0000,0.8438,-128.805,-1613.084,52.621,-168.310,-1593.674,52.002,0.9566,0.0000,1.6000,1,-100.000,550.000,0.0000,0.0000,0,0,-168.310,-1593.674,52.002,0.000,0,-1.000000,1.000,28.924,-1.000000,0.0000,0.0000,0,0,0.000,1.000,19.607,-168.310,-1593.674,52.002,0,0,0,99.054875
504,69.9355,retreat-from-authored-trunk,-141.917,-1596.245,63.327,101.250,51.204,231.204,-115.528,-1573.847,-21.513,-155.799,-1600.730,-19.294,1.0000,0.8438,-124.303,-1609.908,52.764,-152.134,-1574.130,53.841,0.0850,0.0000,1.6000,1,-100.000,550.000,0.0000,0.0000,0,0,-152.134,-1574.130,53.841,0.000,0,-1.000000,1.000,28.924,-1.000000,0.0000,0.0000,0,0,0.000,1.000,19.607,-152.134,-1574.130,53.841,0,0,0,99.052440
505,70.0911,retreat-from-authored-trunk,-132.063,-1583.987,63.327,101.250,51.204,231.204,-114.691,-1574.514,-21.503,-134.666,-1572.690,-13.404,1.0000,0.8438,-117.433,-1602.829,55.232,-138.469,-1557.971,57.127,0.2161,0.0000,1.6000,1,-100.000,550.000,0.0000,0.0000,0,0,-138.469,-1557.971,57.127,0.000,0,-1.000000,1.000,28.924,-1.000000,0.0000,0.0000,0,0,0.000,1.000,19.607,-138.469,-1557.971,57.127,0,0,0,99.049955
506,70.2427,retreat-from-authored-trunk,-122.422,-1571.994,63.327,101.250,51.204,231.204,-113.896,-1575.065,-21.449,-112.189,-1542.625,-15.604,1.0000,0.8438,-106.806,-1589.249,54.317,-129.900,-1547.147,56.008,0.3443,0.0000,1.6000,1,-100.000,550.000,0.0000,0.0000,0,0,-129.900,-1547.147,56.008,0.000,0,-1.000000,1.000,28.924,-1.000000,0.0000,0.0000,0,0,0.000,1.000,19.607,-129.900,-1547.147,56.008,0,0,0,99.047523
507,70.3911,retreat-from-authored-trunk,-113.031,-1560.313,63.327,101.250,51.204,231.204,-113.099,-1575.671,-21.700,-95.136,-1520.322,-21.365,1.0000,0.8438,-93.090,-1570.452,51.998,-125.679,-1541.248,52.434,0.4692,0.0000,1.6000,1,-100.000,550.000,0.0000,0.0000,0,0,-125.679,-1541.248,52.434,0.000,0,-1.000000,1.000,28.924,-1.000000,0.0000,0.0000,0,0,0.000,1.000,19.607,-125.679,-1541.248,52.434,0,0,0,99.045155
508,70.5262,retreat-from-authored-trunk,-104.441,-1549.628,63.327,101.250,51.204,231.204,-104.158,-1564.175,-19.499,-92.119,-1517.123,-21.639,1.0000,0.8438,-80.363,-1551.988,53.759,-123.182,-1537.379,52.657,0.5834,0.0000,1.6000,1,-100.000,550.000,0.0000,0.0000,0,0,-123.182,-1537.379,52.657,0.000,0,-1.000000,1.000,28.924,-1.000000,0.0000,0.0000,0,0,0.000,1.000,19.607,-123.182,-1537.379,52.657,0,0,0,99.042988
509,70.6684,retreat-from-authored-trunk,-95.429,-1538.417,63.327,101.250,51.204,231.204,-85.272,-1538.983,-13.601,-91.417,-1517.669,-21.367,1.0000,0.8438,-68.913,-1536.050,57.155,-117.943,-1530.734,55.194,0.7033,0.0000,1.6000,1,-100.000,550.000,0.0000,0.0000,0,0,-117.943,-1530.734,55.194,0.000,0,-1.000000,1.000,28.924,-1.000000,0.0000,0.0000,0,0,0.000,1.000,19.607,-117.943,-1530.734,55.194,0,0,0,99.040715
510,70.8135,retreat-from-authored-trunk,-86.218,-1526.960,63.327,101.250,51.204,231.204,-63.708,-1509.936,-15.180,-90.755,-1518.120,-21.884,1.0000,0.8438,-60.107,-1525.217,56.094,-108.253,-1518.567,54.241,0.8258,0.0000,1.6000,1,-100.000,550.000,0.0000,0.0000,0,0,-108.253,-1518.567,54.241,0.000,0,-1.000000,1.000,28.924,-1.000000,0.0000,0.0000,0,0,0.000,1.000,19.607,-108.253,-1518.567,54.241,0,0,0,99.038392
511,70.9647,retreat-from-authored-trunk,-76.644,-1515.050,63.327,101.250,51.204,231.204,-45.204,-1485.550,-21.023,-89.932,-1518.700,-21.799,1.0000,0.8438,-53.782,-1519.609,52.671,-93.601,-1500.652,52.001,0.9532,0.0000,1.6000,1,-100.000,550.000,0.0000,0.0000,0,0,-93.601,-1500.652,52.001,0.000,0,-1.000000,1.000,28.924,-1.000000,0.0000,0.0000,0,0,0.000,1.000,19.607,-93.601,-1500.652,52.001,0,0,0,99.035977
512,71.1112,retreat-from-authored-trunk,-67.328,-1503.462,63.327,101.250,51.204,231.204,-40.362,-1480.312,-21.561,-81.630,-1508.592,-19.704,1.0000,0.8438,-49.378,-1516.627,52.584,-77.871,-1481.754,53.587,0.0771,0.0000,1.6000,1,-100.000,550.000,0.0000,0.0000,0,0,-77.871,-1481.754,53.587,0.000,0,-1.000000,1.000,28.924,-1.000000,0.0000,0.0000,0,0,0.000,1.000,19.607,-77.871,-1481.754,53.587,0,0,0,99.033628
513,71.2616,retreat-from-authored-trunk,-57.807,-1491.618,63.327,101.250,51.204,231.204,-39.517,-1480.931,-21.663,-61.691,-1482.197,-13.867,1.0000,0.8438,-43.093,-1510.310,54.941,-64.329,-1465.763,56.800,0.2037,0.0000,1.6000,1,-100.000,550.000,0.0000,0.0000,0,0,-64.329,-1465.763,56.800,0.000,0,-1.000000,1.000,28.924,-1.000000,0.0000,0.0000,0,0,0.000,1.000,19.607,-64.329,-1465.763,56.800,0,0,0,99.031226
514,71.4057,retreat-from-authored-trunk,-48.642,-1480.217,63.327,101.250,51.204,231.204,-38.881,-1481.431,-21.572,-40.217,-1453.263,-14.861,1.0000,0.8438,-33.481,-1498.058,54.554,-55.737,-1454.841,56.339,0.3256,0.0000,1.6000,1,-100.000,550.000,0.0000,0.0000,0,0,-55.737,-1454.841,56.339,0.000,0,-1.000000,1.000,28.924,-1.000000,0.0000,0.0000,0,0,0.000,1.000,19.607,-55.737,-1454.841,56.339,0,0,0,99.028915
515,71.5377,retreat-from-authored-trunk,-40.284,-1469.820,63.327,101.250,51.204,231.204,-38.313,-1481.872,-21.478,-23.716,-1431.216,-20.180,1.0000,0.8438,-21.834,-1482.050,52.465,-51.500,-1448.785,53.324,0.4368,0.0000,1.6000,1,-100.000,550.000,0.0000,0.0000,0,0,-51.500,-1448.785,53.324,0.000,0,-1.000000,1.000,28.924,-1.000000,0.0000,0.0000,0,0,0.000,1.000,19.607,-51.500,-1448.785,53.324,0,0,0,99.026807
