frame,seconds,pass,x,y,z,speed,yaw,view_yaw,left_toe_x,left_toe_y,left_toe_z,right_toe_x,right_toe_y,right_toe_z,walk_weight,gait_rate,left_hand_x,left_hand_y,left_hand_z,right_hand_x,right_hand_y,right_hand_z,walk_phase,gather_weight,gather_phase,gather_starts,forage_x,forage_y,water_weight,water_phase,water_starts,tool_visible,tool_x,tool_y,tool_z,can_pitch,water_stock,plot_moisture,tool_scale,tool_radius,plot_weeds,clear_weight,clear_phase,clear_starts,hatchet_visible,hatchet_pitch,hatchet_scale,hatchet_radius,hatchet_x,hatchet_y,hatchet_z,branch_stock,fiber_stock,resource_cleared,energy
0,0.1361,close-notes,-1000.000,0.000,88.150,0.000,0.000,15.000,-987.007,-7.889,3.238,-985.670,9.560,3.238,0.0000,0.0000,-992.589,-21.721,83.022,-995.242,21.664,83.022,0.0000,0.0000,0.0000,0,0.000,0.000,0.0000,0.0000,0,0,-995.242,21.664,83.022,0.000,0,-1.000000,1.000,28.924,-1.000000,0.0000,0.0000,0,0,0.000,1.000,19.607,-995.242,21.664,83.022,0,0,-1,99.995865
1,0.2763,close-notes,-1000.000,0.000,88.150,0.000,0.000,15.000,-987.007,-7.889,3.238,-985.670,9.560,3.238,0.0000,0.0000,-992.589,-21.721,83.022,-995.242,21.664,83.022,0.0000,0.0000,0.0000,0,0.000,0.000,0.0000,0.0000,0,0,-995.242,21.664,83.022,0.000,0,-1.000000,1.000,28.924,-1.000000,0.0000,0.0000,0,0,0.000,1.000,19.607,-995.242,21.664,83.022,0,0,-1,99.993621
2,0.4133,close-notes,-1000.000,0.000,88.150,0.000,0.000,15.000,-987.007,-7.889,3.238,-985.670,9.560,3.238,0.0000,0.0000,-992.661,-21.729,83.013,-995.314,21.663,83.014,0.0000,0.0000,0.0000,0,0.000,0.000,0.0000,0.0000,0,0,-995.314,21.663,83.014,0.000,0,-1.000000,1.000,28.924,-1.000000,0.0000,0.0000,0,0,0.000,1.000,19.607,-995.314,21.663,83.014,0,0,-1,99.991430
3,0.5506,close-notes,-1000.000,0.000,88.150,0.000,0.000,15.000,-987.007,-7.889,3.238,-985.670,9.560,3.238,0.0000,0.0000,-992.734,-21.736,83.007,-995.388,21.661,83.007,0.0000,0.0000,0.0000,0,0.000,0.000,0.0000,0.0000,0,0,-995.388,21.661,83.007,0.000,0,-1.000000,1.000,28.924,-1.000000,0.0000,0.0000,0,0,0.000,1.000,19.607,-995.388,21.661,83.007,0,0,-1,99.989233
4,0.6873,close-notes,-1000.000,0.000,88.150,0.000,0.000,15.000,-987.007,-7.889,3.238,-985.670,9.560,3.238,0.0000,0.0000,-992.806,-21.744,82.990,-995.460,21.660,82.990,0.0000,0.0000,0.0000,0,0.000,0.000,0.0000,0.0000,0,0,-995.460,21.660,82.990,0.000,0,-1.000000,1.000,28.924,-1.000000,0.0000,0.0000,0,0,0.000,1.000,19.607,-995.460,21.660,82.990,0,0,-1,99.987045
5,0.8227,close-notes,-1000.000,0.000,88.150,0.000,0.000,15.000,-987.007,-7.889,3.238,-985.670,9.560,3.238,0.0000,0.0000,-992.901,-21.754,82.976,-995.556,21.659,82.976,0.0000,0.0000,0.0000,0,0.000,0.000,0.0000,0.0000,0,0,-995.556,21.659,82.976,0.000,0,-1.000000,1.000,28.924,-1.000000,0.0000,0.0000,0,0,0.000,1.000,19.607,-995.556,21.659,82.976,0,0,-1,99.984879
6,0.9583,close-notes,-1000.000,0.000,88.150,0.000,0.000,15.000,-987.007,-7.889,3.238,-985.670,9.560,3.238,0.0000,0.0000,-992.990,-21.763,82.964,-995.646,21.657,82.964,0.0000,0.0000,0.0000,0,0.000,0.000,0.0000,0.0000,0,0,-995.646,21.657,82.964,0.000,0,-1.000000,1.000,28.924,-1.000000,0.0000,0.0000,0,0,0.000,1.000,19.607,-995.646,21.657,82.964,0,0,-1,99.982714
7,1.0895,close-notes,-1000.000,0.000,88.150,0.000,0.000,15.000,-987.007,-7.889,3.238,-985.670,9.560,3.238,0.0000,0.0000,-993.083,-21.773,82.951,-995.739,21.655,82.951,0.0000,0.0000,0.0000,0,0.000,0.000,0.0000,0.0000,0,0,-995.739,21.655,82.951,0.000,0,-1.000000,1.000,28.924,-1.000000,0.0000,0.0000,0,0,0.000,1.000,19.607,-995.739,21.655,82.951,0,0,-1,99.980617
8,1.2281,idle,-1000.000,0.000,88.150,0.000,0.000,15.000,-987.007,-7.889,3.238,-985.670,9.560,3.238,0.0000,0.0000,-993.130,-21.777,82.941,-995.787,21.654,82.941,0.0000,0.0000,0.0000,0,0.000,0.000,0.0000,0.0000,0,0,-995.787,21.654,82.941,0.000,0,-1.000000,1.000,28.924,-1.000000,0.0000,0.0000,0,0,0.000,1.000,19.607,-995.787,21.654,82.941,0,0,-1,99.978395
9,1.3674,idle,-1000.000,0.000,88.150,0.000,0.000,15.000,-987.007,-7.889,3.238,-985.670,9.560,3.238,0.0000,0.0000,-993.151,-21.778,82.933,-995.808,21.652,82.933,0.0000,0.0000,0.0000,0,0.000,0.000,0.0000,0.0000,0,0,-995.808,21.652,82.933,0.000,0,-1.000000,1.000,28.924,-1.000000,0.0000,0.0000,0,0,0.000,1.000,19.607,-995.808,21.652,82.933,0,0,-1,99.976164
10,1.5035,idle,-1000.000,0.000,88.150,0.000,0.000,15.000,-987.007,-7.889,3.238,-985.670,9.560,3.238,0.0000,0.0000,-993.246,-21.789,82.929,-995.903,21.652,82.929,0.0000,0.0000,0.0000,0,0.000,0.000,0.0000,0.0000,0,0,-995.903,21.652,82.929,0.000,0,-1.000000,1.000,28.924,-1.000000,0.0000,0.0000,0,0,0.000,1.000,19.607,-995.903,21.652,82.929,0,0,-1,99.973987
11,1.6404,idle,-1000.000,0.000,88.150,0.000,0.000,15.000,-987.007,-7.889,3.238,-985.670,9.560,3.238,0.0000,0.0000,-993.246,-21.789,82.929,-995.903,21.652,82.929,0.0000,0.0000,0.0000,0,0.000,0.000,0.0000,0.0000,0,0,-995.903,21.652,82.929,0.000,0,-1.000000,1.000,28.924,-1.000000,0.0000,0.0000,0,0,0.000,1.000,19.607,-995.903,21.652,82.929,0,0,-1,99.971796
12,1.7762,idle,-1000.000,0.000,88.150,0.000,0.000,15.000,-987.007,-7.889,3.238,-985.670,9.560,3.238,0.0000,0.0000,-993.263,-21.791,82.927,-995.921,21.651,82.927,0.0000,0.0000,0.0000,0,0.000,0.000,0.0000,0.0000,0,0,-995.921,21.651,82.927,0.000,0,-1.000000,1.000,28.924,-1.000000,0.0000,0.0000,0,0,0.000,1.000,19.607,-995.921,21.651,82.927,0,0,-1,99.969624
13,1.9151,idle,-1000.000,0.000,88.150,0.000,0.000,15.000,-987.007,-7.889,3.238,-985.670,9.560,3.238,0.0000,0.0000,-993.263,-21.791,82.927,-995.921,21.651,82.927,0.0000,0.0000,0.0000,0,0.000,0.000,0.0000,0.0000,0,0,-995.921,21.651,82.927,0.000,0,-1.000000,1.000,28.924,-1.000000,0.0000,0.0000,0,0,0.000,1.000,19.607,-995.921,21.651,82.927,0,0,-1,99.967402
14,2.0501,idle,-1000.000,0.000,88.150,0.000,0.000,15.000,-987.007,-7.889,3.238,-985.670,9.560,3.238,0.0000,0.0000,-993.139,-21.778,82.943,-995.795,21.654,82.943,0.0000,0.0000,0.0000,0,0.000,0.000,0.0000,0.0000,0,0,-995.795,21.654,82.943,0.000,0,-1.000000,1.000,28.924,-1.000000,0.0000,0.0000,0,0,0.000,1.000,19.607,-995.795,21.654,82.943,0,0,-1,99.965241
15,2.1884,idle,-1000.000,0.000,88.150,0.000,0.000,15.000,-987.007,-7.889,3.238,-985.670,9.560,3.238,0.0000,0.0000,-993.049,-21.769,82.955,-995.705,21.656,82.956,0.0000,0.0000,0.0000,0,0.000,0.000,0.0000,0.0000,0,0,-995.705,21.656,82.956,0.000,0,-1.000000,1.000,28.924,-1.000000,0.0000,0.0000,0,0,0.000,1.000,19.607,-995.705,21.656,82.956,0,0,-1,99.963028
16,2.3264,idle,-1000.000,0.000,88.150,0.000,0.000,15.000,-987.007,-7.889,3.238,-985.670,9.560,3.238,0.0000,0.0000,-992.960,-21.760,82.968,-995.615,21.657,82.968,0.0000,0.0000,0.0000,0,0.000,0.000,0.0000,0.0000,0,0,-995.615,21.657,82.968,0.000,0,-1.000000,1.000,28.924,-1.000000,0.0000,0.0000,0,0,0.000,1.000,19.607,-995.615,21.657,82.968,0,0,-1,99.960819
17,2.4636,idle,-1000.000,0.000,88.150,0.000,0.000,15.000,-987.007,-7.889,3.238,-985.670,9.560,3.238,0.0000,0.0000,-992.860,-21.750,82.982,-995.515,21.659,82.982,0.0000,0.0000,0.0000,0,0.000,0.000,0.0000,0.0000,0,0,-995.515,21.659,82.982,0.000,0,-1.000000,1.000,28.924,-1.000000,0.0000,0.0000,0,0,0.000,1.000,19.607,-995.515,21.659,82.982,0,0,-1,99.958625
18,2.6019,idle,-1000.000,0.000,88.150,0.000,0.000,15.000,-987.007,-7.889,3.238,-985.670,9.560,3.238,0.0000,0.0000,-992.773,-21.741,82.995,-995.427,21.661,82.995,0.0000,0.0000,0.0000,0,0.000,0.000,0.0000,0.0000,0,0,-995.427,21.661,82.995,0.000,0,-1.000000,1.000,28.924,-1.000000,0.0000,0.0000,0,0,0.000,1.000,19.607,-995.427,21.661,82.995,0,0,-1,99.956411
19,2.7400,idle,-1000.000,0.000,88.150,0.000,0.000,15.000,-987.007,-7.889,3.238,-985.670,9.560,3.238,0.0000,0.0000,-992.690,-21.732,83.007,-995.343,21.663,83.007,0.0000,0.0000,0.0000,0,0.000,0.000,0.0000,0.0000,0,0,-995.343,21.663,83.007,0.000,0,-1.000000,1.000,28.924,-1.000000,0.0000,0.0000,0,0,0.000,1.000,19.607,-995.343,21.663,83.007,0,0,-1,99.954203
20,2.8778,idle,-1000.000,0.000,88.150,0.000,0.000,15.000,-987.007,-7.889,3.238,-985.670,9.560,3.238,0.0000,0.0000,-992.659,-21.729,83.011,-995.313,21.663,83.011,0.0000,0.0000,0.0000,0,0.000,0.000,0.0000,0.0000,0,0,-995.313,21.663,83.011,0.000,0,-1.000000,1.000,28.924,-1.000000,0.0000,0.0000,0,0,0.000,1.000,19.607,-995.313,21.663,83.011,0,0,-1,99.951998
21,3.0147,idle,-1000.000,0.000,88.150,0.000,0.000,15.000,-987.007,-7.889,3.238,-985.670,9.560,3.238,0.0000,0.0000,-992.659,-21.729,83.011,-995.313,21.663,83.011,0.0000,0.0000,0.0000,0,0.000,0.000,0.0000,0.0000,0,0,-995.313,21.663,83.011,0.000,0,-1.000000,1.000,28.924,-1.000000,0.0000,0.0000,0,0,0.000,1.000,19.607,-995.313,21.663,83.011,0,0,-1,99.949806
22,3.1523,idle,-1000.000,0.000,88.150,0.000,0.000,15.000,-987.007,-7.889,3.238,-985.670,9.560,3.238,0.0000,0.0000,-992.589,-21.721,83.022,-995.242,21.664,83.022,0.0000,0.0000,0.0000,0,0.000,0.000,0.0000,0.0000,0,0,-995.242,21.664,83.022,0.000,0,-1.000000,1.000,28.924,-1.000000,0.0000,0.0000,0,0,0.000,1.000,19.607,-995.242,21.664,83.022,0,0,-1,99.947606
23,3.2897,idle,-1000.000,0.000,88.150,0.000,0.000,15.000,-987.007,-7.889,3.238,-985.670,9.560,3.238,0.0000,0.0000,-992.589,-21.721,83.022,-995.242,21.664,83.022,0.0000,0.0000,0.0000,0,0.000,0.000,0.0000,0.0000,0,0,-995.242,21.664,83.022,0.000,0,-1.000000,1.000,28.924,-1.000000,0.0000,0.0000,0,0,0.000,1.000,19.607,-995.242,21.664,83.022,0,0,-1,99.945407
24,3.4293,idle,-1000.000,0.000,88.150,0.000,0.000,15.000,-987.007,-7.889,3.238,-985.670,9.560,3.238,0.0000,0.0000,-992.669,-21.730,83.013,-995.323,21.663,83.013,0.0000,0.0000,0.0000,0,0.000,0.000,0.0000,0.0000,0,0,-995.323,21.663,83.013,0.000,0,-1.000000,1.000,28.924,-1.000000,0.0000,0.0000,0,0,0.000,1.000,19.607,-995.323,21.663,83.013,0,0,-1,99.943172
25,3.5673,idle,-1000.000,0.000,88.150,0.000,0.000,15.000,-987.007,-7.889,3.238,-985.670,9.560,3.238,0.0000,0.0000,-992.743,-21.737,83.007,-995.397,21.661,83.007,0.0000,0.0000,0.0000,0,0.000,0.000,0.0000,0.0000,0,0,-995.397,21.661,83.007,0.000,0,-1.000000,1.000,28.924,-1.000000,0.0000,0.0000,0,0,0.000,1.000,19.607,-995.397,21.661,83.007,0,0,-1,99.940966
26,3.7059,idle,-1000.000,0.000,88.150,0.000,0.000,15.000,-987.007,-7.889,3.238,-985.670,9.560,3.238,0.0000,0.0000,-992.819,-21.745,82.988,-995.473,21.660,82.988,0.0000,0.0000,0.0000,0,0.000,0.000,0.0000,0.0000,0,0,-995.473,21.660,82.988,0.000,0,-1.000000,1.000,28.924,-1.000000,0.0000,0.0000,0,0,0.000,1.000,19.607,-995.473,21.660,82.988,0,0,-1,99.938748
27,3.8448,idle,-1000.000,0.000,88.150,0.000,0.000,15.000,-987.007,-7.889,3.238,-985.670,9.560,3.238,0.0000,0.0000,-992.917,-21.755,82.974,-995.572,21.658,82.974,0.0000,0.0000,0.0000,0,0.000,0.000,0.0000,0.0000,0,0,-995.572,21.658,82.974,0.000,0,-1.000000,1.000,28.924,-1.000000,0.0000,0.0000,0,0,0.000,1.000,19.607,-995.572,21.658,82.974,0,0,-1,99.936526
28,3.9840,idle,-1000.000,0.000,88.150,0.000,0.000,15.000,-987.007,-7.889,3.238,-985.670,9.560,3.238,0.0000,0.0000,-993.009,-21.765,82.961,-995.664,21.657,82.961,0.0000,0.0000,0.0000,0,0.000,0.000,0.0000,0.0000,0,0,-995.664,21.657,82.961,0.000,0,-1.000000,1.000,28.924,-1.000000,0.0000,0.0000,0,0,0.000,1.000,19.607,-995.664,21.657,82.961,0,0,-1,99.934300
29,4.2396,slow-walk,-998.028,0.528,88.150,30.625,15.000,15.000,-966.973,1.674,1.770,-1004.181,7.656,1.626,0.5833,0.2552,-986.466,-18.820,79.395,-998.717,22.953,79.536,0.0170,0.0000,0.0000,0,0.000,0.000,0.0000,0.0000,0,0,-998.717,22.953,79.536,0.000,0,-1.000000,1.000,28.924,-1.000000,0.0000,0.0000,0,0,0.000,1.000,19.607,-998.717,22.953,79.536,0,0,-1,99.930212
30,4.3785,slow-walk,-990.777,2.471,88.150,67.133,15.000,15.000,-956.861,4.729,3.271,-1004.047,7.221,5.740,1.0000,0.5594,-984.959,-19.121,77.668,-985.630,26.396,78.799,0.0904,0.0000,0.0000,0,0.000,0.000,0.0000,0.0000,0,0,-985.630,26.396,78.799,0.000,0,-1.000000,1.000,28.924,-1.000000,0.0000,0.0000,0,0,0.000,1.000,19.607,-985.630,26.396,78.799,0,0,-1,99.927986
31,4.5175,slow-walk,-981.723,4.897,88.150,67.500,15.000,15.000,-956.553,4.131,3.163,-984.954,12.941,9.608,1.0000,0.5625,-979.934,-18.412,79.170,-972.645,29.499,80.901,0.1685,0.0000,0.0000,0,0.000,0.000,0.0000,0.0000,0,0,-972.645,29.499,80.901,0.000,0,-1.000000,1.000,28.924,-1.000000,0.0000,0.0000,0,0,0.000,1.000,19.607,-972.645,29.499,80.901,0,0,-1,99.925765
32,4.6573,slow-walk,-972.607,7.340,88.150,67.500,15.000,15.000,-956.479,3.568,3.250,-962.872,19.723,11.728,1.0000,0.5625,-972.316,-16.581,80.143,-962.157,32.188,82.059,0.2471,0.0000,0.0000,0,0.000,0.000,0.0000,0.0000,0,0,-962.157,32.188,82.059,0.000,0,-1.000000,1.000,28.924,-1.000000,0.0000,0.0000,0,0,0.000,1.000,19.607,-962.157,32.188,82.059,0,0,-1,99.923528
33,4.7975,slow-walk,-963.469,9.788,88.150,67.500,15.000,15.000,-956.350,3.029,3.250,-940.698,26.578,9.946,1.0000,0.5625,-961.762,-13.559,79.370,-954.216,34.452,81.153,0.3259,0.0000,0.0000,0,0.000,0.000,0.0000,0.0000,0,0,-954.216,34.452,81.153,0.000,0,-1.000000,1.000,28.924,-1.000000,0.0000,0.0000,0,0,0.000,1.000,19.607,-954.216,34.452,81.153,0,0,-1,99.921285
34,4.9311,slow-walk,-954.778,12.117,88.150,67.500,15.000,15.000,-956.354,2.783,3.023,-922.049,32.566,5.895,1.0000,0.5625,-949.590,-9.444,77.556,-949.164,36.408,78.793,0.4009,0.0000,0.0000,0,0.000,0.000,0.0000,0.0000,0,0,-949.164,36.408,78.793,0.000,0,-1.000000,1.000,28.924,-1.000000,0.0000,0.0000,0,0,0.000,1.000,19.607,-949.164,36.408,78.793,0,0,-1,99.919152
35,5.0656,slow-walk,-945.989,14.472,88.150,67.500,15.000,15.000,-956.003,1.779,3.166,-907.706,36.202,3.342,1.0000,0.5625,-935.298,-5.293,76.845,-945.519,37.145,77.174,0.4768,0.0000,0.0000,0,0.000,0.000,0.0000,0.0000,0,0,-945.519,37.145,77.174,0.000,0,-1.000000,1.000,28.924,-1.000000,0.0000,0.0000,0,0,0.000,1.000,19.607,-945.519,37.145,77.174,0,0,-1,99.916995
36,5.1987,slow-walk,-937.320,16.795,88.150,67.500,15.000,15.000,-948.372,3.898,3.936,-904.479,36.815,3.046,1.0000,0.5625,-921.294,-0.424,77.570,-942.851,38.199,76.862,0.5515,0.0000,0.0000,0,0.000,0.000,0.0000,0.0000,0,0,-942.851,38.199,76.862,0.000,0,-1.000000,1.000,28.924,-1.000000,0.0000,0.0000,0,0,0.000,1.000,19.607,-942.851,38.199,76.862,0,0,-1,99.914868
37,5.3291,slow-walk,-928.814,19.074,88.150,67.500,15.000,15.000,-932.641,8.792,7.454,-904.307,36.572,3.250,1.0000,0.5625,-908.560,4.126,79.844,-939.364,39.449,78.321,0.6249,0.0000,0.0000,0,0.000,0.000,0.0000,0.0000,0,0,-939.364,39.449,78.321,0.000,0,-1.000000,1.000,28.924,-1.000000,0.0000,0.0000,0,0,0.000,1.000,19.607,-939.364,39.449,78.321,0,0,-1,99.912781
38,5.4613,slow-walk,-920.206,21.381,88.150,67.500,15.000,15.000,-913.047,14.704,11.110,-904.272,35.904,3.453,1.0000,0.5625,-897.489,7.598,81.910,-933.744,40.913,79.960,0.6992,0.0000,0.0000,0,0.000,0.000,0.0000,0.0000,0,0,-933.744,40.913,79.960,0.000,0,-1.000000,1.000,28.924,-1.000000,0.0000,0.0000,0,0,0.000,1.000,19.607,-933.744,40.913,79.960,0,0,-1,99.910668
39,5.5925,slow-walk,-911.635,23.677,88.150,67.500,15.000,15.000,-892.015,21.126,11.588,-904.020,35.386,3.295,1.0000,0.5625,-888.511,10.050,82.108,-925.655,43.023,80.098,0.7731,0.0000,0.0000,0,0.000,0.000,0.0000,0.0000,0,0,-925.655,43.023,80.098,0.000,0,-1.000000,1.000,28.924,-1.000000,0.0000,0.0000,0,0,0.000,1.000,19.607,-925.655,43.023,80.098,0,0,-1,99.908565
40,5.7239,slow-walk,-903.078,25.970,88.150,67.500,15.000,15.000,-871.571,27.274,8.946,-903.905,34.748,3.227,1.0000,0.5625,-881.616,11.398,80.631,-915.037,45.761,78.937,0.8470,0.0000,0.0000,0,0.000,0.000,0.0000,0.0000,0,0,-915.037,45.761,78.937,0.000,0,-1.000000,1.000,28.924,-1.000000,0.0000,0.0000,0,0,0.000,1.000,19.607,-915.037,45.761,78.937,0,0,-1,99.906465
41,5.8561,slow-walk,-894.442,28.284,88.150,67.500,15.000,15.000,-854.125,32.670,4.867,-903.757,34.361,2.946,1.0000,0.5625,-876.665,12.031,78.221,-901.978,49.329,77.164,0.9215,0.0000,0.0000,0,0.000,0.000,0.0000,0.0000,0,0,-901.978,49.329,77.164,0.000,0,-1.000000,1.000,28.924,-1.000000,0.0000,0.0000,0,0,0.000,1.000,19.607,-901.978,49.329,77.164,0,0,-1,99.904346
42,5.9882,slow-walk,-885.843,30.588,88.150,67.500,15.000,15.000,-841.681,36.218,3.275,-903.549,33.821,3.217,1.0000,0.5625,-873.140,11.945,77.014,-887.689,52.943,76.945,0.9957,0.0000,0.0000,0,0.000,0.000,0.0000,0.0000,0,0,-887.689,52.943,76.945,0.000,0,-1.000000,1.000,28.924,-1.000000,0.0000,0.0000,0,0,0.000,1.000,19.607,-887.689,52.943,76.945,0,0,-1,99.902236
43,6.1189,slow-walk,-877.306,32.876,88.150,67.500,15.000,15.000,-840.983,35.867,3.200,-892.540,36.910,4.717,1.0000,0.5625,-870.025,11.840,77.222,-873.486,56.467,78.151,0.0693,0.0000,0.0000,0,0.000,0.000,0.0000,0.0000,0,0,-873.486,56.467,78.151,0.000,0,-1.000000,1.000,28.924,-1.000000,0.0000,0.0000,0,0,0.000,1.000,19.607,-873.486,56.467,78.151,0,0,-1,99.900141
44,6.2522,slow-walk,-868.631,35.200,88.150,67.500,15.000,15.000,-840.865,35.326,3.332,-875.297,42.092,8.575,1.0000,0.5625,-865.737,12.294,78.843,-860.501,59.613,80.468,0.1441,0.0000,0.0000,0,0.000,0.000,0.0000,0.0000,0,0,-860.501,59.613,80.468,0.000,0,-1.000000,1.000,28.924,-1.000000,0.0000,0.0000,0,0,0.000,1.000,19.607,-860.501,59.613,80.468,0,0,-1,99.898012
45,6.3842,slow-walk,-860.007,37.511,88.150,67.500,15.000,15.000,-840.681,34.805,3.319,-855.037,48.297,11.466,1.0000,0.5625,-859.364,13.658,80.074,-849.781,62.297,81.974,0.2185,0.0000,0.0000,0,0.000,0.000,0.0000,0.0000,0,0,-849.781,62.297,81.974,0.000,0,-1.000000,1.000,28.924,-1.000000,0.0000,0.0000,0,0,0.000,1.000,19.607,-849.781,62.297,81.974,0,0,-1,99.895896
46,6.5193,slow-walk,-851.214,39.867,88.150,67.500,15.000,15.000,-840.467,34.251,3.179,-833.517,54.868,11.032,1.0000,0.5625,-850.406,16.083,79.809,-841.176,64.592,81.674,0.2944,0.0000,0.0000,0,0.000,0.000,0.0000,0.0000,0,0,-841.176,64.592,81.674,0.000,0,-1.000000,1.000,28.924,-1.000000,0.0000,0.0000,0,0,0.000,1.000,19.607,-841.176,64.592,81.674,0,0,-1,99.893738
47,6.6552,slow-walk,-842.345,42.244,88.150,67.500,15.000,15.000,-840.362,33.587,3.177,-813.008,60.992,7.638,1.0000,0.5625,-838.641,19.510,78.345,-834.903,66.379,79.856,0.3709,0.0000,0.0000,0,0.000,0.000,0.0000,0.0000,0,0,-834.903,66.379,79.856,0.000,0,-1.000000,1.000,28.924,-1.000000,0.0000,0.0000,0,0,0.000,1.000,19.607,-834.903,66.379,79.856,0,0,-1,99.891561
48,6.7898,slow-walk,-833.580,44.592,88.150,67.500,15.000,15.000,-840.210,33.250,3.093,-796.770,66.078,4.010,1.0000,0.5625,-825.217,24.069,76.922,-830.911,67.978,77.655,0.4465,0.0000,0.0000,0,0.000,0.000,0.0000,0.0000,0,0,-830.911,67.978,77.655,0.000,0,-1.000000,1.000,28.924,-1.000000,0.0000,0.0000,0,0,0.000,1.000,19.607,-830.911,67.978,77.655,0,0,-1,99.889410
49,6.9239,slow-walk,-824.824,46.938,88.150,67.500,15.000,15.000,-837.246,33.791,3.369,-788.730,68.287,3.155,1.0000,0.5625,-810.857,29.016,77.171,-828.078,69.104,76.852,0.5221,0.0000,0.0000,0,0.000,0.000,0.0000,0.0000,0,0,-828.078,69.104,76.852,0.000,0,-1.000000,1.000,28.924,-1.000000,0.0000,0.0000,0,0,0.000,1.000,19.607,-828.078,69.104,76.852,0,0,-1,99.887262
50,7.0584,slow-walk,-816.070,49.284,88.150,67.500,15.000,15.000,-823.170,38.021,5.850,-788.588,67.884,3.042,1.0000,0.5625,-797.308,33.725,78.796,-825.033,70.159,77.552,0.5976,0.0000,0.0000,0,0.000,0.000,0.0000,0.0000,0,0,-825.033,70.159,77.552,0.000,0,-1.000000,1.000,28.924,-1.000000,0.0000,0.0000,0,0,0.000,1.000,19.607,-825.033,70.159,77.552,0,0,-1,99.885114
51,7.1938,slow-walk,-807.227,51.653,88.150,67.500,15.000,15.000,-804.091,43.698,9.632,-788.376,67.244,2.965,1.0000,0.5625,-785.136,37.633,80.914,-820.041,71.444,79.063,0.6739,0.0000,0.0000,0,0.000,0.000,0.0000,0.0000,0,0,-820.041,71.444,79.063,0.000,0,-1.000000,1.000,28.924,-1.000000,0.0000,0.0000,0,0,0.000,1.000,19.607,-820.041,71.444,79.063,0,0,-1,99.882944
52,7.3427,slow-walk,-797.554,54.245,88.150,67.500,15.000,15.000,-780.568,50.792,11.711,-788.195,66.509,3.251,1.0000,0.5625,-774.331,40.656,82.148,-811.689,73.544,80.123,0.7574,0.0000,0.0000,0,0.000,0.000,0.0000,0.0000,0,0,-811.689,73.544,80.123,0.000,0,-1.000000,1.000,28.924,-1.000000,0.0000,0.0000,0,0,0.000,1.000,19.607,-811.689,73.544,80.123,0,0,-1,99.880570
53,7.4919,slow-walk,-787.785,56.863,88.150,67.500,15.000,15.000,-757.112,57.989,9.116,-788.026,65.935,3.154,1.0000,0.5625,-766.155,42.479,80.712,-799.993,76.685,78.970,0.8416,0.0000,0.0000,0,0.000,0.000,0.0000,0.0000,0,0,-799.993,76.685,78.970,0.000,0,-1.000000,1.000,28.924,-1.000000,0.0000,0.0000,0,0,0.000,1.000,19.607,-799.993,76.685,78.970,0,0,-1,99.878172
54,7.6269,slow-walk,-779.005,59.215,88.150,67.500,15.000,15.000,-739.095,63.488,5.084,-787.857,65.464,2.990,1.0000,0.5625,-761.003,43.090,78.376,-786.844,80.202,77.278,0.9174,0.0000,0.0000,0,0.000,0.000,0.0000,0.0000,0,0,-786.844,80.202,77.278,0.000,0,-1.000000,1.000,28.924,-1.000000,0.0000,0.0000,0,0,0.000,1.000,19.607,-786.844,80.202,77.278,0,0,-1,99.876018
55,7.7601,slow-walk,-770.301,61.548,88.150,67.500,15.000,15.000,-726.139,67.166,3.309,-787.651,64.893,3.214,1.0000,0.5625,-757.373,43.004,77.042,-772.400,83.841,76.930,0.9925,0.0000,0.0000,0,0.000,0.000,0.0000,0.0000,0,0,-772.400,83.841,76.930,0.000,0,-1.000000,1.000,28.924,-1.000000,0.0000,0.0000,0,0,0.000,1.000,19.607,-772.400,83.841,76.930,0,0,-1,99.873882
56,7.8953,slow-walk,-761.498,63.906,88.150,67.500,15.000,15.000,-725.073,66.926,3.194,-776.809,67.910,4.672,1.0000,0.5625,-754.151,42.893,77.201,-757.736,87.479,78.121,0.0684,0.0000,0.0000,0,0.000,0.000,0.0000,0.0000,0,0,-757.736,87.479,78.121,0.000,0,-1.000000,1.000,28.924,-1.000000,0.0000,0.0000,0,0,0.000,1.000,19.607,-757.736,87.479,78.121,0,0,-1,99.871722
57,8.0267,slow-walk,-752.921,66.205,88.150,67.500,15.000,15.000,-724.959,66.405,3.325,-759.827,73.027,8.473,1.0000,0.5625,-749.949,43.340,78.796,-744.870,90.614,80.409,0.1424,0.0000,0.0000,0,0.000,0.000,0.0000,0.0000,0,0,-744.870,90.614,80.409,0.000,0,-1.000000,1.000,28.924,-1.000000,0.0000,0.0000,0,0,0.000,1.000,19.607,-744.870,90.614,80.409,0,0,-1,99.869617
58,8.1769,slow-walk,-743.138,68.826,88.150,67.500,15.000,15.000,-724.763,65.821,3.284,-736.874,80.031,11.577,1.0000,0.5625,-742.607,44.952,80.095,-732.827,93.638,82.007,0.2268,0.0000,0.0000,0,0.000,0.000,0.0000,0.0000,0,0,-732.827,93.638,82.007,0.000,0,-1.000000,1.000,28.924,-1.000000,0.0000,0.0000,0,0,0.000,1.000,19.607,-732.827,93.638,82.007,0,0,-1,99.867216
59,8.3273,stop-from-slow-walk,-733.325,71.455,88.150,67.500,15.000,15.000,-724.552,65.254,3.227,-712.789,87.502,10.525,1.0000,0.5625,-732.082,47.924,79.600,-723.655,96.193,81.434,0.3115,0.0000,0.0000,0,0.000,0.000,0.0000,0.0000,0,0,-723.655,96.193,81.434,0.000,0,-1.000000,1.000,28.924,-1.000000,0.0000,0.0000,0,0,0.000,1.000,19.607,-723.655,96.193,81.434,0,0,-1,99.864808
60,8.4764,stop-from-slow-walk,-733.325,71.455,88.150,0.000,15.000,15.000,-720.266,66.684,3.012,-719.226,85.371,4.162,0.2547,0.0000,-723.623,51.042,81.813,-731.801,94.356,82.331,0.3115,0.0000,0.0000,0,0.000,0.000,0.0000,0.0000,0,0,-731.801,94.356,82.331,0.000,0,-1.000000,1.000,28.924,-1.000000,0.0000,0.0000,0,0,0.000,1.000,19.607,-731.801,94.356,82.331,0,0,-1,99.862423
61,8.6263,stop-from-slow-walk,-733.325,71.455,88.150,0.000,15.000,15.000,-718.733,67.198,3.238,-721.957,84.399,3.238,0.0000,0.0000,-720.703,52.331,82.997,-734.499,93.566,82.997,0.3115,0.0000,0.0000,0,0.000,0.000,0.0000,0.0000,0,0,-734.499,93.566,82.997,0.000,0,-1.000000,1.000,28.924,-1.000000,0.0000,0.0000,0,0,0.000,1.000,19.607,-734.499,93.566,82.997,0,0,-1,99.860023
62,8.7759,stop-from-slow-walk,-733.325,71.455,88.150,0.000,15.000,15.000,-718.733,67.198,3.238,-721.957,84.399,3.238,0.0000,0.0000,-720.619,52.364,83.010,-734.413,93.591,83.010,0.3115,0.0000,0.0000,0,0.000,0.000,0.0000,0.0000,0,0,-734.413,93.591,83.010,0.000,0,-1.000000,1.000,28.924,-1.000000,0.0000,0.0000,0,0,0.000,1.000,19.607,-734.413,93.591,83.010,0,0,-1,99.857631
63,8.9249,stop-from-slow-walk,-733.325,71.455,88.150,0.000,15.000,15.000,-718.733,67.198,3.238,-721.957,84.399,3.238,0.0000,0.0000,-720.610,52.367,83.011,-734.404,93.593,83.011,0.3115,0.0000,0.0000,0,0.000,0.000,0.0000,0.0000,0,0,-734.404,93.593,83.011,0.000,0,-1.000000,1.000,28.924,-1.000000,0.0000,0.0000,0,0,0.000,1.000,19.607,-734.404,93.593,83.011,0,0,-1,99.855246
64,9.0730,stop-from-slow-walk,-733.325,71.455,88.150,0.000,15.000,15.000,-718.733,67.198,3.238,-721.957,84.399,3.238,0.0000,0.0000,-720.544,52.393,83.022,-734.336,93.613,83.022,0.3115,0.0000,0.0000,0,0.000,0.000,0.0000,0.0000,0,0,-734.336,93.613,83.022,0.000,0,-1.000000,1.000,28.924,-1.000000,0.0000,0.0000,0,0,0.000,1.000,19.607,-734.336,93.613,83.022,0,0,-1,99.852878
65,9.2210,stop-from-slow-walk,-733.325,71.455,88.150,0.000,15.000,15.000,-718.733,67.198,3.238,-721.957,84.399,3.238,0.0000,0.0000,-720.544,52.393,83.022,-734.336,93.613,83.022,0.3115,0.0000,0.0000,0,0.000,0.000,0.0000,0.0000,0,0,-734.336,93.613,83.022,0.000,0,-1.000000,1.000,28.924,-1.000000,0.0000,0.0000,0,0,0.000,1.000,19.607,-734.336,93.613,83.022,0,0,-1,99.850506
66,9.3715,stop-from-slow-walk,-733.325,71.455,88.150,0.000,15.000,15.000,-718.733,67.198,3.238,-721.957,84.399,3.238,0.0000,0.0000,-720.591,52.375,83.015,-734.384,93.599,83.016,0.3115,0.0000,0.0000,0,0.000,0.000,0.0000,0.0000,0,0,-734.384,93.599,83.016,0.000,0,-1.000000,1.000,28.924,-1.000000,0.0000,0.0000,0,0,0.000,1.000,19.607,-734.384,93.599,83.016,0,0,-1,99.848101
67,9.5191,stop-from-slow-walk,-733.325,71.455,88.150,0.000,15.000,15.000,-718.733,67.198,3.238,-721.957,84.399,3.238,0.0000,0.0000,-720.665,52.347,83.009,-734.460,93.577,83.009,0.3115,0.0000,0.0000,0,0.000,0.000,0.0000,0.0000,0,0,-734.460,93.577,83.009,0.000,0,-1.000000,1.000,28.924,-1.000000,0.0000,0.0000,0,0,0.000,1.000,19.607,-734.460,93.577,83.009,0,0,-1,99.845737
68,9.6711,stop-from-slow-walk,-733.325,71.455,88.150,0.000,15.000,15.000,-718.733,67.198,3.238,-721.957,84.399,3.238,0.0000,0.0000,-720.737,52.319,82.992,-734.534,93.556,82.992,0.3115,0.0000,0.0000,0,0.000,0.000,0.0000,0.0000,0,0,-734.534,93.556,82.992,0.000,0,-1.000000,1.000,28.924,-1.000000,0.0000,0.0000,0,0,0.000,1.000,19.607,-734.534,93.556,82.992,0,0,-1,99.843308
69,9.8191,stop-from-slow-walk,-733.325,71.455,88.150,0.000,15.000,15.000,-718.733,67.198,3.238,-721.957,84.399,3.238,0.0000,0.0000,-720.835,52.281,82.976,-734.636,93.527,82.976,0.3115,0.0000,0.0000,0,0.000,0.000,0.0000,0.0000,0,0,-734.636,93.527,82.976,0.000,0,-1.000000,1.000,28.924,-1.000000,0.0000,0.0000,0,0,0.000,1.000,19.607,-734.636,93.527,82.976,0,0,-1,99.840936
70,9.9697,stop-from-slow-walk,-733.325,71.455,88.150,0.000,15.000,15.000,-718.733,67.198,3.238,-721.957,84.399,3.238,0.0000,0.0000,-720.929,52.245,82.962,-734.732,93.499,82.963,0.3115,0.0000,0.0000,0,0.000,0.000,0.0000,0.0000,0,0,-734.732,93.499,82.963,0.000,0,-1.000000,1.000,28.924,-1.000000,0.0000,0.0000,0,0,0.000,1.000,19.607,-734.732,93.499,82.963,0,0,-1,99.838531
71,10.1185,stop-from-slow-walk,-733.325,71.455,88.150,0.000,15.000,15.000,-718.733,67.198,3.238,-721.957,84.399,3.238,0.0000,0.0000,-721.028,52.208,82.948,-734.833,93.470,82.948,0.3115,0.0000,0.0000,0,0.000,0.000,0.0000,0.0000,0,0,-734.833,93.470,82.948,0.000,0,-1.000000,1.000,28.924,-1.000000,0.0000,0.0000,0,0,0.000,1.000,19.607,-734.833,93.470,82.948,0,0,-1,99.836146
72,10.2527,stop-from-slow-walk,-733.325,71.455,88.150,0.000,15.000,15.000,-718.733,67.198,3.238,-721.957,84.399,3.238,0.0000,0.0000,-721.056,52.197,82.940,-734.863,93.460,82.940,0.3115,0.0000,0.0000,0,0.000,0.000,0.0000,0.0000,0,0,-734.863,93.460,82.940,0.000,0,-1.000000,1.000,28.924,-1.000000,0.0000,0.0000,0,0,0.000,1.000,19.607,-734.863,93.460,82.940,0,0,-1,99.834002
73,10.4001,full-walk,-733.325,71.455,88.150,0.000,15.000,15.000,-718.733,67.198,3.238,-721.957,84.399,3.238,0.0000,0.0000,-721.078,52.190,82.931,-734.884,93.453,82.931,0.3115,0.0000,0.0000,0,0.000,0.000,0.0000,0.0000,0,0,-734.884,93.453,82.931,0.000,0,-1.000000,1.000,28.924,-1.000000,0.0000,0.0000,0,0,0.000,1.000,19.607,-734.884,93.453,82.931,0,0,-1,99.831641
74,10.5486,full-walk,-723.426,74.108,88.150,103.731,15.000,15.000,-724.222,64.734,2.564,-693.240,93.477,3.192,0.7409,0.8644,-714.440,53.754,78.630,-721.503,97.269,79.226,0.4396,0.0000,0.0000,0,0.000,0.000,0.0000,0.0000,0,0,-721.503,97.269,79.226,0.000,0,-1.000000,1.000,28.924,-1.000000,0.0000,0.0000,0,0,0.000,1.000,19.607,-721.503,97.269,79.226,0,0,-1,99.829270
75,10.6964,full-walk,-700.032,80.376,88.150,180.000,15.000,15.000,-698.817,71.758,9.288,-679.695,96.454,3.200,1.0000,1.5000,-678.296,66.152,80.835,-712.380,100.263,79.046,0.6614,0.0000,0.0000,0,0.000,0.000,0.0000,0.0000,0,0,-712.380,100.263,79.046,0.000,0,-1.000000,1.000,28.924,-1.000000,0.0000,0.0000,0,0,0.000,1.000,19.607,-712.380,100.263,79.046,0,0,-1,99.826903
76,10.8302,full-walk,-676.776,86.608,88.150,180.000,15.000,15.000,-643.190,88.627,8.371,-679.314,94.827,3.447,1.0000,1.5000,-655.910,71.739,80.419,-688.004,106.589,78.830,0.8621,0.0000,0.0000,0,0.000,0.000,0.0000,0.0000,0,0,-688.004,106.589,78.830,0.000,0,-1.000000,1.000,28.924,-1.000000,0.0000,0.0000,0,0,0.000,1.000,19.607,-688.004,106.589,78.830,0,0,-1,99.824763
77,10.9644,full-walk,-653.419,92.866,88.150,180.000,15.000,15.000,-616.457,96.070,3.207,-669.108,96.740,4.502,1.0000,1.5000,-645.732,71.998,77.155,-650.001,116.367,78.016,0.0636,0.0000,0.0000,0,0.000,0.000,0.0000,0.0000,0,0,-650.001,116.367,78.016,0.000,0,-1.000000,1.000,28.924,-1.000000,0.0000,0.0000,0,0,0.000,1.000,19.607,-650.001,116.367,78.016,0,0,-1,99.822613
78,11.0995,full-walk,-629.956,99.153,88.150,180.000,15.000,15.000,-616.054,94.649,3.266,-617.036,112.584,11.690,1.0000,1.5000,-629.521,75.261,80.114,-619.575,123.987,82.034,0.2660,0.0000,0.0000,0,0.000,0.000,0.0000,0.0000,0,0,-619.575,123.987,82.034,0.000,0,-1.000000,1.000,28.924,-1.000000,0.0000,0.0000,0,0,0.000,1.000,19.607,-619.575,123.987,82.034,0,0,-1,99.820454
79,11.2346,full-walk,-606.447,105.452,87.886,180.000,15.000,15.000,-615.531,93.116,2.858,-568.396,127.150,3.200,1.0000,1.5000,-596.373,85.484,76.557,-605.364,128.316,76.998,0.4688,0.0000,0.0000,0,0.000,0.000,0.0000,0.0000,0,0,-605.364,128.316,76.998,0.000,0,-1.000000,1.000,28.924,-1.000000,0.0000,0.0000,0,0,0.000,1.000,19.607,-605.364,128.316,76.998,0,0,-1,99.818291
80,11.3843,full-walk,-580.456,112.416,87.636,180.000,15.000,15.000,-574.254,105.426,10.125,-563.822,127.196,2.697,1.0000,1.5000,-557.879,98.577,81.049,-593.824,132.008,79.119,0.6931,0.0000,0.0000,0,0.000,0.000,0.0000,0.0000,0,0,-593.824,132.008,79.119,0.000,0,-1.000000,1.000,28.924,-1.000000,0.0000,0.0000,0,0,0.000,1.000,19.607,-593.824,132.008,79.119,0,0,-1,99.815899
81,11.5364,full-walk,-553.974,119.512,87.335,180.000,15.000,15.000,-513.651,123.899,4.048,-563.297,125.586,2.130,1.0000,1.5000,-536.201,103.257,77.404,-561.506,140.558,76.347,0.9215,0.0000,0.0000,0,0.000,0.000,0.0000,0.0000,0,0,-561.506,140.558,76.347,0.000,0,-1.000000,1.000,28.924,-1.000000,0.0000,0.0000,0,0,0.000,1.000,19.607,-561.506,140.558,76.347,0,0,-1,99.813462
82,11.6860,full-walk,-527.994,126.474,87.018,180.000,15.000,15.000,-500.401,126.533,2.208,-534.450,133.426,7.534,1.0000,1.5000,-525.169,103.531,77.754,-519.794,150.890,79.389,0.1457,0.0000,0.0000,0,0.000,0.000,0.0000,0.0000,0,0,-519.794,150.890,79.389,0.000,0,-1.000000,1.000,28.924,-1.000000,0.0000,0.0000,0,0,0.000,1.000,19.607,-519.794,150.890,79.389,0,0,-1,99.811071
83,11.8187,full-walk,-504.897,132.662,86.735,180.000,15.000,15.000,-499.903,125.123,1.968,-479.191,150.348,7.784,1.0000,1.5000,-502.461,109.523,77.720,-496.277,157.122,79.408,0.3449,0.0000,0.0000,0,0.000,0.000,0.0000,0.0000,0,0,-496.277,157.122,79.408,0.000,0,-1.000000,1.000,28.924,-1.000000,0.0000,0.0000,0,0,0.000,1.000,19.607,-496.277,157.122,79.408,0,0,-1,99.808946
84,11.9687,full-walk,-478.828,139.648,86.441,180.000,15.000,15.000,-488.404,127.129,3.212,-448.092,158.932,1.663,1.0000,1.5000,-461.497,122.981,76.685,-485.676,160.666,75.725,0.5698,0.0000,0.0000,0,0.000,0.000,0.0000,0.0000,0,0,-485.676,160.666,75.725,0.000,0,-1.000000,1.000,28.924,-1.000000,0.0000,0.0000,0,0,0.000,1.000,19.607,-485.676,160.666,75.725,0,0,-1,99.806547
85,12.1174,full-walk,-452.954,146.580,86.191,180.000,15.000,15.000,-430.002,145.172,9.320,-447.582,157.587,1.436,1.0000,1.5000,-430.096,132.853,80.044,-466.658,166.049,78.073,0.7931,0.0000,0.0000,0,0.000,0.000,0.0000,0.0000,0,0,-466.658,166.049,78.073,0.000,0,-1.000000,1.000,28.924,-1.000000,0.0000,0.0000,0,0,0.000,1.000,19.607,-466.658,166.049,78.073,0,0,-1,99.804166
86,12.2675,full-walk,-426.878,153.568,86.191,180.000,15.000,15.000,-384.744,158.478,1.245,-444.882,156.645,1.349,1.0000,1.5000,-415.903,134.128,74.905,-426.886,176.311,75.166,0.0180,0.0000,0.0000,0,0.000,0.000,0.0000,0.0000,0,0,-426.886,176.311,75.166,0.000,0,-1.000000,1.000,28.924,-1.000000,0.0000,0.0000,0,0,0.000,1.000,19.607,-426.886,176.311,75.166,0,0,-1,99.801766
87,12.4164,full-walk,-400.964,160.511,85.902,180.000,15.000,15.000,-384.237,156.952,1.004,-392.210,172.555,9.451,1.0000,1.5000,-400.612,136.602,77.883,-390.543,185.353,79.800,0.2416,0.0000,0.0000,0,0.000,0.000,0.0000,0.0000,0,0,-390.543,185.353,79.800,0.000,0,-1.000000,1.000,28.924,-1.000000,0.0000,0.0000,0,0,0.000,1.000,19.607,-390.543,185.353,79.800,0,0,-1,99.799381
88,12.5694,full-walk,-374.387,167.633,85.902,180.000,15.000,15.000,-383.712,155.203,0.882,-336.275,189.339,1.183,1.0000,1.5000,-364.152,147.717,74.578,-373.463,190.447,74.990,0.4709,0.0000,0.0000,0,0.000,0.000,0.0000,0.0000,0,0,-373.463,190.447,74.990,0.000,0,-1.000000,1.000,28.924,-1.000000,0.0000,0.0000,0,0,0.000,1.000,19.607,-373.463,190.447,74.990,0,0,-1,99.796935
89,12.7202,full-walk,-348.206,174.648,85.902,180.000,15.000,15.000,-341.426,167.846,8.672,-331.994,189.273,1.108,1.0000,1.5000,-325.544,160.842,79.524,-361.677,194.204,77.582,0.6968,0.0000,0.0000,0,0.000,0.000,0.0000,0.0000,0,0,-361.677,194.204,77.582,0.000,0,-1.000000,1.000,28.924,-1.000000,0.0000,0.0000,0,0,0.000,1.000,19.607,-361.677,194.204,77.582,0,0,-1,99.794526
90,12.8720,full-walk,-321.788,181.726,85.902,180.000,15.000,15.000,-281.153,186.200,2.456,-331.466,187.668,0.666,1.0000,1.5000,-304.188,165.374,75.853,-329.087,202.816,74.828,0.9247,0.0000,0.0000,0,0.000,0.000,0.0000,0.0000,0,0,-329.087,202.816,74.828,0.000,0,-1.000000,1.000,28.924,-1.000000,0.0000,0.0000,0,0,0.000,1.000,19.607,-329.087,202.816,74.828,0,0,-1,99.792095
91,13.0314,full-walk,-294.056,189.157,86.276,180.000,15.000,15.000,-268.394,188.557,1.326,-297.960,196.972,7.568,1.0000,1.5000,-292.085,165.912,77.244,-285.132,213.726,78.959,0.1639,0.0000,0.0000,0,0.000,0.000,0.0000,0.0000,0,0,-285.132,213.726,78.959,0.000,0,-1.000000,1.000,28.924,-1.000000,0.0000,0.0000,0,0,0.000,1.000,19.607,-285.132,213.726,78.959,0,0,-1,99.789543
92,13.1864,full-walk,-267.136,196.370,86.662,180.000,15.000,15.000,-268.116,187.100,1.598,-234.908,216.505,4.711,1.0000,1.5000,-262.193,174.570,76.234,-261.203,220.597,77.516,0.3962,0.0000,0.0000,0,0.000,0.000,0.0000,0.0000,0,0,-261.203,220.597,77.516,0.000,0,-1.000000,1.000,28.924,-1.000000,0.0000,0.0000,0,0,0.000,1.000,19.607,-261.203,220.597,77.516,0,0,-1,99.787066
93,13.3458,full-walk,-239.419,203.797,87.195,180.000,15.000,15.000,-241.833,193.908,6.958,-216.079,220.858,2.225,1.0000,1.5000,-218.648,189.051,79.131,-250.494,223.997,77.507,0.6353,0.0000,0.0000,0,0.000,0.000,0.0000,0.0000,0,0,-250.494,223.997,77.507,0.000,0,-1.000000,1.000,28.924,-1.000000,0.0000,0.0000,0,0,0.000,1.000,19.607,-250.494,223.997,77.507,0,0,-1,99.784515
94,13.5021,turn-while-moving,-212.303,211.063,87.827,180.000,15.000,15.000,-177.773,213.440,7.659,-215.656,219.048,3.108,1.0000,1.5000,-191.751,196.079,79.872,-223.170,231.170,78.334,0.8692,0.0000,0.0000,0,0.000,0.000,0.0000,0.0000,0,0,-223.170,231.170,78.334,0.000,0,-1.000000,1.000,28.924,-1.000000,0.0000,0.0000,0,0,0.000,1.000,19.607,-223.170,231.170,78.334,0,0,-1,99.782020
95,13.6412,turn-while-moving,-197.888,223.810,88.381,142.237,56.885,15.000,-170.922,253.895,3.370,-213.136,214.704,3.793,1.0000,1.1853,-177.407,215.448,77.069,-212.412,241.851,77.552,0.0347,0.0000,0.0000,0,0.000,0.000,0.0000,0.0000,0,0,-212.412,241.851,77.552,0.000,0,-1.000000,1.000,28.924,-1.000000,0.0000,0.0000,0,0,0.000,1.000,19.607,-212.412,241.851,77.552,0,0,-1,99.779786
96,13.7951,turn-while-moving,-189.665,244.031,89.006,142.237,72.265,15.000,-176.881,259.032,4.184,-196.125,253.759,12.301,1.0000,1.1853,-169.243,231.696,80.926,-204.990,266.018,82.822,0.2168,0.0000,0.0000,0,0.000,0.000,0.0000,0.0000,0,0,-204.990,266.018,82.822,0.000,0,-1.000000,1.000,28.924,-1.000000,0.0000,0.0000,0,0,0.000,1.000,19.607,-204.990,266.018,82.822,0,0,-1,99.777329
97,13.9540,turn-while-moving,-182.556,265.551,89.669,142.237,72.265,15.000,-175.665,258.634,4.587,-181.913,304.606,7.225,1.0000,1.1853,-161.522,258.581,79.048,-200.036,283.119,80.238,0.4056,0.0000,0.0000,0,0.000,0.000,0.0000,0.0000,0,0,-200.036,283.119,80.238,0.000,0,-1.000000,1.000,28.924,-1.000000,0.0000,0.0000,0,0,0.000,1.000,19.607,-200.036,283.119,80.238,0,0,-1,99.774779
98,14.1078,turn-while-moving,-175.887,286.322,90.338,142.237,72.265,15.000,-170.354,273.245,7.649,-176.237,320.638,5.326,1.0000,1.1853,-152.591,293.030,80.828,-197.923,290.752,79.686,0.5874,0.0000,0.0000,0,0.000,0.000,0.0000,0.0000,0,0,-197.923,290.752,79.686,0.000,0,-1.000000,1.000,28.924,-1.000000,0.0000,0.0000,0,0,0.000,1.000,19.607,-197.923,290.752,79.686,0,0,-1,99.772325
99,14.2464,turn-while-moving,-169.873,305.115,90.963,142.237,72.265,15.000,-158.015,316.590,14.558,-174.963,320.232,6.055,1.0000,1.1853,-145.880,317.327,84.970,-193.754,303.633,82.941,0.7519,0.0000,0.0000,0,0.000,0.000,0.0000,0.0000,0,0,-193.754,303.633,82.941,0.000,0,-1.000000,1.000,28.924,-1.000000,0.0000,0.0000,0,0,0.000,1.000,19.607,-193.754,303.633,82.941,0,0,-1,99.770106
100,14.4007,turn-while-moving,-163.189,326.013,91.683,142.237,72.265,15.000,-144.703,363.555,7.788,-173.691,319.914,6.385,1.0000,1.1853,-139.973,331.330,81.292,-184.604,331.984,80.375,0.9347,0.0000,0.0000,0,0.000,0.000,0.0000,0.0000,0,0,-184.604,331.984,80.375,0.000,0,-1.000000,1.000,28.924,-1.000000,0.0000,0.0000,0,0,0.000,1.000,19.607,-184.604,331.984,80.375,0,0,-1,99.767638
101,14.5585,turn-while-moving,-156.345,347.411,92.439,142.237,72.265,15.000,-140.765,373.436,7.499,-166.516,342.402,11.585,1.0000,1.1853,-135.314,338.590,82.527,-172.907,366.419,83.970,0.1219,0.0000,0.0000,0,0.000,0.000,0.0000,0.0000,0,0,-172.907,366.419,83.970,0.000,0,-1.000000,1.000,28.924,-1.000000,0.0000,0.0000,0,0,0.000,1.000,19.607,-172.907,366.419,83.970,0,0,-1,99.765111
102,14.7200,turn-while-moving,-149.361,369.250,93.236,142.237,72.265,15.000,-139.456,373.102,8.331,-151.701,395.461,15.576,1.0000,1.1853,-128.894,357.626,84.676,-164.965,390.732,86.508,0.3130,0.0000,0.0000,0,0.000,0.000,0.0000,0.0000,0,0,-164.965,390.732,86.508,0.000,0,-1.000000,1.000,28.924,-1.000000,0.0000,0.0000,0,0,0.000,1.000,19.607,-164.965,390.732,86.508,0,0,-1,99.762531
103,14.8626,turn-while-moving,-143.162,388.631,93.955,142.237,72.265,15.000,-138.049,372.633,9.020,-140.669,432.736,9.065,1.0000,1.1853,-120.641,387.394,82.674,-162.103,400.833,82.920,0.4825,0.0000,0.0000,0,0.000,0.000,0.0000,0.0000,0,0,-162.103,400.833,82.920,0.000,0,-1.000000,1.000,28.924,-1.000000,0.0000,0.0000,0,0,0.000,1.000,19.607,-162.103,400.833,82.920,0,0,-1,99.760242
104,15.0019,turn-while-moving,-137.140,407.461,94.660,142.237,72.265,15.000,-129.654,401.722,15.313,-139.170,434.958,9.952,1.0000,1.1853,-113.383,417.494,87.200,-160.252,408.445,85.492,0.6473,0.0000,0.0000,0,0.000,0.000,0.0000,0.0000,0,0,-160.252,408.445,85.492,0.000,0,-1.000000,1.000,28.924,-1.000000,0.0000,0.0000,0,0,0.000,1.000,19.607,-160.252,408.445,85.492,0,0,-1,99.758019
105,15.1407,turn-while-moving,-131.116,426.296,95.368,142.237,72.265,15.000,-116.749,448.057,17.500,-138.085,434.549,10.206,1.0000,1.1853,-107.290,437.680,88.490,-154.790,425.793,86.578,0.8121,0.0000,0.0000,0,0.000,0.000,0.0000,0.0000,0,0,-154.790,425.793,86.578,0.000,0,-1.000000,1.000,28.924,-1.000000,0.0000,0.0000,0,0,0.000,1.000,19.607,-154.790,425.793,86.578,0,0,-1,99.755794
106,15.2804,turn-while-moving,-125.069,445.205,96.079,142.237,72.265,15.000,-105.892,485.176,11.404,-136.770,434.117,11.121,1.0000,1.1853,-102.266,447.197,85.117,-145.313,454.346,84.798,0.9775,0.0000,0.0000,0,0.000,0.000,0.0000,0.0000,0,0,-145.313,454.346,84.798,0.000,0,-1.000000,1.000,28.924,-1.000000,0.0000,0.0000,0,0,0.000,1.000,19.607,-145.313,454.346,84.798,0,0,-1,99.753561
107,15.4331,turn-while-moving,-118.450,465.900,96.848,142.237,72.265,15.000,-103.922,487.726,11.956,-127.317,466.071,17.932,1.0000,1.1853,-97.759,455.242,87.772,-134.355,486.493,89.468,0.1586,0.0000,0.0000,0,0.000,0.000,0.0000,0.0000,0,0,-134.355,486.493,89.468,0.000,0,-1.000000,1.000,28.924,-1.000000,0.0000,0.0000,0,0,0.000,1.000,19.607,-134.355,486.493,89.468,0,0,-1,99.751117
108,15.5873,turn-while-moving,-111.784,486.743,97.601,142.237,72.265,15.000,-102.636,487.328,12.779,-112.936,517.295,18.781,1.0000,1.1853,-91.053,476.112,88.614,-127.660,507.362,90.322,0.3409,0.0000,0.0000,0,0.000,0.000,0.0000,0.0000,0,0,-127.660,507.362,90.322,0.000,0,-1.000000,1.000,28.924,-1.000000,0.0000,0.0000,0,0,0.000,1.000,19.607,-127.660,507.362,90.322,0,0,-1,99.748655
109,15.7786,turn-while-moving,-103.483,512.698,98.505,142.237,72.265,15.000,-98.150,497.695,15.229,-103.007,549.183,13.755,1.0000,1.1853,-80.083,518.147,88.725,-124.799,518.425,87.784,0.5680,0.0000,0.0000,0,0.000,0.000,0.0000,0.0000,0,0,-124.799,518.425,87.784,0.000,0,-1.000000,1.000,28.924,-1.000000,0.0000,0.0000,0,0,0.000,1.000,19.607,-124.799,518.425,87.784,0,0,-1,99.745590
110,15.9307,turn-while-moving,-96.897,533.293,99.186,142.237,72.265,15.000,-85.200,544.130,22.777,-101.880,548.834,14.279,1.0000,1.1853,-72.904,545.505,93.193,-120.778,531.811,91.164,0.7482,0.0000,0.0000,0,0.000,0.000,0.0000,0.0000,0,0,-120.778,531.811,91.164,0.000,0,-1.000000,1.000,28.924,-1.000000,0.0000,0.0000,0,0,0.000,1.000,19.607,-120.778,531.811,91.164,0,0,-1,99.743158
111,16.0949,turn-while-moving,-89.772,555.571,99.893,142.237,72.265,15.000,-71.200,593.727,15.762,-100.570,548.540,14.672,1.0000,1.1853,-66.692,560.286,89.380,-111.029,562.173,88.572,0.9431,0.0000,0.0000,0,0.000,0.000,0.0000,0.0000,0,0,-111.029,562.173,88.572,0.000,0,-1.000000,1.000,28.924,-1.000000,0.0000,0.0000,0,0,0.000,1.000,19.607,-111.029,562.173,88.572,0,0,-1,99.740527
112,16.2439,turn-while-moving,-83.331,575.711,100.519,142.237,72.265,15.000,-67.659,602.033,15.563,-93.573,570.335,19.524,1.0000,1.1853,-62.265,567.021,90.538,-99.932,594.584,91.957,0.1193,0.0000,0.0000,0,0.000,0.000,0.0000,0.0000,0,0,-99.932,594.584,91.957,0.000,0,-1.000000,1.000,28.924,-1.000000,0.0000,0.0000,0,0,0.000,1.000,19.607,-99.932,594.584,91.957,0,0,-1,99.738148
113,16.3968,turn-while-moving,-76.694,596.461,101.152,142.237,72.265,15.000,-66.344,601.712,16.121,-79.456,620.599,23.809,1.0000,1.1853,-56.239,584.389,92.674,-92.101,618.172,94.521,0.3009,0.0000,0.0000,0,0.000,0.000,0.0000,0.0000,0,0,-92.101,618.172,94.521,0.000,0,-1.000000,1.000,28.924,-1.000000,0.0000,0.0000,0,0,0.000,1.000,19.607,-92.101,618.172,94.521,0,0,-1,99.735697
114,16.5488,stop-from-turn,-70.113,617.041,101.771,142.237,72.265,15.000,-64.958,601.240,16.821,-67.638,661.105,16.903,1.0000,1.1853,-47.622,615.677,90.482,-89.019,629.370,90.751,0.4809,0.0000,0.0000,0,0.000,0.000,0.0000,0.0000,0,0,-89.019,629.370,90.751,0.000,0,-1.000000,1.000,28.924,-1.000000,0.0000,0.0000,0,0,0.000,1.000,19.607,-89.019,629.370,90.751,0,0,-1,99.733267
115,16.6995,stop-from-turn,-69.881,617.766,101.792,0.000,72.265,15.000,-59.986,621.141,15.915,-72.844,641.313,15.807,0.2480,0.0000,-47.148,617.273,95.064,-89.143,628.719,95.126,0.4809,0.0000,0.0000,0,0.000,0.000,0.0000,0.0000,0,0,-89.143,628.719,95.126,0.000,0,-1.000000,1.000,28.924,-1.000000,0.0000,0.0000,0,0,0.000,1.000,19.607,-89.143,628.719,95.126,0,0,-1,99.730860
116,16.8338,stop-from-turn,-69.881,617.766,101.792,0.000,72.265,15.000,-58.409,627.738,16.880,-74.622,634.327,16.880,0.0000,0.0000,-47.073,617.544,96.569,-89.261,628.246,96.569,0.4809,0.0000,0.0000,0,0.000,0.000,0.0000,0.0000,0,0,-89.261,628.246,96.569,0.000,0,-1.000000,1.000,28.924,-1.000000,0.0000,0.0000,0,0,0.000,1.000,19.607,-89.261,628.246,96.569,0,0,-1,99.728707
117,16.9704,stop-from-turn,-69.881,617.766,101.792,0.000,72.265,15.000,-58.409,627.738,16.880,-74.622,634.327,16.880,0.0000,0.0000,-47.073,617.544,96.569,-89.261,628.246,96.569,0.4809,0.0000,0.0000,0,0.000,0.000,0.0000,0.0000,0,0,-89.261,628.246,96.569,0.000,0,-1.000000,1.000,28.924,-1.000000,0.0000,0.0000,0,0,0.000,1.000,19.607,-89.261,628.246,96.569,0,0,-1,99.726518
118,17.1056,stop-from-turn,-69.881,617.766,101.792,0.000,72.265,15.000,-58.409,627.738,16.880,-74.622,634.327,16.880,0.0000,0.0000,-47.040,617.702,96.590,-89.215,628.401,96.590,0.4809,0.0000,0.0000,0,0.000,0.000,0.0000,0.0000,0,0,-89.215,628.401,96.590,0.000,0,-1.000000,1.000,28.924,-1.000000,0.0000,0.0000,0,0,0.000,1.000,19.607,-89.215,628.401,96.590,0,0,-1,99.724363
119,17.2560,stop-from-turn,-69.881,617.766,101.792,0.000,72.265,15.000,-58.409,627.738,16.880,-74.622,634.327,16.880,0.0000,0.0000,-47.020,617.796,96.603,-89.187,628.494,96.604,0.4809,0.0000,0.0000,0,0.000,0.000,0.0000,0.0000,0,0,-89.187,628.494,96.604,0.000,0,-1.000000,1.000,28.924,-1.000000,0.0000,0.0000,0,0,0.000,1.000,19.607,-89.187,628.494,96.604,0,0,-1,99.721948
120,17.4075,stop-from-turn,-69.881,617.766,101.792,0.000,72.265,15.000,-58.409,627.738,16.880,-74.622,634.327,16.880,0.0000,0.0000,-46.999,617.900,96.618,-89.157,628.596,96.618,0.4809,0.0000,0.0000,0,0.000,0.000,0.0000,0.0000,0,0,-89.157,628.596,96.618,0.000,0,-1.000000,1.000,28.924,-1.000000,0.0000,0.0000,0,0,0.000,1.000,19.607,-89.157,628.596,96.618,0,0,-1,99.719527
121,17.5588,stop-from-turn,-69.881,617.766,101.792,0.000,72.265,15.000,-58.409,627.738,16.880,-74.622,634.327,16.880,0.0000,0.0000,-46.977,618.001,96.633,-89.127,628.695,96.633,0.4809,0.0000,0.0000,0,0.000,0.000,0.0000,0.0000,0,0,-89.127,628.695,96.633,0.000,0,-1.000000,1.000,28.924,-1.000000,0.0000,0.0000,0,0,0.000,1.000,19.607,-89.127,628.695,96.633,0,0,-1,99.717103
122,17.7089,stop-from-turn,-69.881,617.766,101.792,0.000,72.265,15.000,-58.409,627.738,16.880,-74.622,634.327,16.880,0.0000,0.0000,-46.959,618.090,96.646,-89.101,628.782,96.646,0.4809,0.0000,0.0000,0,0.000,0.000,0.0000,0.0000,0,0,-89.101,628.782,96.646,0.000,0,-1.000000,1.000,28.924,-1.000000,0.0000,0.0000,0,0,0.000,1.000,19.607,-89.101,628.782,96.646,0,0,-1,99.714704
123,17.8462,stop-from-turn,-69.881,617.766,101.792,0.000,72.265,15.000,-58.409,627.738,16.880,-74.622,634.327,16.880,0.0000,0.0000,-46.949,618.139,96.653,-89.087,628.828,96.653,0.4809,0.0000,0.0000,0,0.000,0.000,0.0000,0.0000,0,0,-89.087,628.828,96.653,0.000,0,-1.000000,1.000,28.924,-1.000000,0.0000,0.0000,0,0,0.000,1.000,19.607,-89.087,628.828,96.653,0,0,-1,99.712504
124,17.9822,stop-from-turn,-69.881,617.766,101.792,0.000,72.265,15.000,-58.409,627.738,16.880,-74.622,634.327,16.880,0.0000,0.0000,-46.949,618.139,96.653,-89.087,628.828,96.653,0.4809,0.0000,0.0000,0,0.000,0.000,0.0000,0.0000,0,0,-89.087,628.828,96.653,0.000,0,-1.000000,1.000,28.924,-1.000000,0.0000,0.0000,0,0,0.000,1.000,19.607,-89.087,628.828,96.653,0,0,-1,99.710332
125,18.1194,stop-from-turn,-69.881,617.766,101.792,0.000,72.265,15.000,-58.409,627.738,16.880,-74.622,634.327,16.880,0.0000,0.0000,-46.934,618.208,96.664,-89.066,628.896,96.664,0.4809,0.0000,0.0000,0,0.000,0.000,0.0000,0.0000,0,0,-89.066,628.896,96.664,0.000,0,-1.000000,1.000,28.924,-1.000000,0.0000,0.0000,0,0,0.000,1.000,19.607,-89.066,628.896,96.664,0,0,-1,99.708132
126,18.2672,stop-from-turn,-69.881,617.766,101.792,0.000,72.265,15.000,-58.409,627.738,16.880,-74.622,634.327,16.880,0.0000,0.0000,-46.934,618.208,96.664,-89.066,628.896,96.664,0.4809,0.0000,0.0000,0,0.000,0.000,0.0000,0.0000,0,0,-89.066,628.896,96.664,0.000,0,-1.000000,1.000,28.924,-1.000000,0.0000,0.0000,0,0,0.000,1.000,19.607,-89.066,628.896,96.664,0,0,-1,99.705771
127,18.4168,stop-from-turn,-69.881,617.766,101.792,0.000,72.265,15.000,-58.409,627.738,16.880,-74.622,634.327,16.880,0.0000,0.0000,-46.950,618.135,96.655,-89.088,628.826,96.656,0.4809,0.0000,0.0000,0,0.000,0.000,0.0000,0.0000,0,0,-89.088,628.826,96.656,0.000,0,-1.000000,1.000,28.924,-1.000000,0.0000,0.0000,0,0,0.000,1.000,19.607,-89.088,628.826,96.656,0,0,-1,99.703374
128,18.5654,orbit-standing-character,-69.881,617.766,101.792,0.000,72.265,15.000,-58.409,627.738,16.880,-74.622,634.327,16.880,0.0000,0.0000,-46.966,618.058,96.649,-89.110,628.750,96.649,0.4809,0.0000,0.0000,0,0.000,0.000,0.0000,0.0000,0,0,-89.110,628.750,96.649,0.000,0,-1.000000,1.000,28.924,-1.000000,0.0000,0.0000,0,0,0.000,1.000,19.607,-89.110,628.750,96.649,0,0,-1,99.701000
129,18.7112,orbit-standing-character,-69.881,617.766,101.792,0.000,72.265,22.806,-58.409,627.738,16.880,-74.622,634.327,16.880,0.0000,0.0000,-46.982,617.978,96.630,-89.134,628.672,96.630,0.4809,0.0000,0.0000,0,0.000,0.000,0.0000,0.0000,0,0,-89.134,628.672,96.630,0.000,0,-1.000000,1.000,28.924,-1.000000,0.0000,0.0000,0,0,0.000,1.000,19.607,-89.134,628.672,96.630,0,0,-1,99.698663
130,18.8440,orbit-standing-character,-69.881,617.766,101.792,0.000,72.265,29.882,-58.409,627.738,16.880,-74.622,634.327,16.880,0.0000,0.0000,-47.002,617.886,96.616,-89.161,628.581,96.616,0.4809,0.0000,0.0000,0,0.000,0.000,0.0000,0.0000,0,0,-89.161,628.581,96.616,0.000,0,-1.000000,1.000,28.924,-1.000000,0.0000,0.0000,0,0,0.000,1.000,19.607,-89.161,628.581,96.616,0,0,-1,99.696544
131,18.9915,orbit-standing-character,-69.881,617.766,101.792,0.000,72.265,37.782,-58.409,627.738,16.880,-74.622,634.327,16.880,0.0000,0.0000,-47.022,617.789,96.602,-89.189,628.487,96.603,0.4809,0.0000,0.0000,0,0.000,0.000,0.0000,0.0000,0,0,-89.189,628.487,96.603,0.000,0,-1.000000,1.000,28.924,-1.000000,0.0000,0.0000,0,0,0.000,1.000,19.607,-89.189,628.487,96.603,0,0,-1,99.694179
132,19.1391,orbit-standing-character,-69.881,617.766,101.792,0.000,72.265,45.655,-58.409,627.738,16.880,-74.622,634.327,16.880,0.0000,0.0000,-47.043,617.689,96.589,-89.218,628.389,96.589,0.4809,0.0000,0.0000,0,0.000,0.000,0.0000,0.0000,0,0,-89.218,628.389,96.589,0.000,0,-1.000000,1.000,28.924,-1.000000,0.0000,0.0000,0,0,0.000,1.000,19.607,-89.218,628.389,96.589,0,0,-1,99.691822
133,19.2889,orbit-standing-character,-69.881,617.766,101.792,0.000,72.265,53.678,-58.409,627.738,16.880,-74.622,634.327,16.880,0.0000,0.0000,-47.048,617.666,96.580,-89.224,628.366,96.580,0.4809,0.0000,0.0000,0,0.000,0.000,0.0000,0.0000,0,0,-89.224,628.366,96.580,0.000,0,-1.000000,1.000,28.924,-1.000000,0.0000,0.0000,0,0,0.000,1.000,19.607,-89.224,628.366,96.580,0,0,-1,99.689419
134,19.4238,orbit-standing-character,-69.881,617.766,101.792,0.000,72.265,60.874,-58.409,627.738,16.880,-74.622,634.327,16.880,0.0000,0.0000,-47.060,617.613,96.572,-89.240,628.313,96.572,0.4809,0.0000,0.0000,0,0.000,0.000,0.0000,0.0000,0,0,-89.240,628.313,96.572,0.000,0,-1.000000,1.000,28.924,-1.000000,0.0000,0.0000,0,0,0.000,1.000,19.607,-89.240,628.313,96.572,0,0,-1,99.687265
135,19.5590,orbit-standing-character,-69.881,617.766,101.792,0.000,72.265,68.110,-58.409,627.738,16.880,-74.622,634.327,16.880,0.0000,0.0000,-47.070,617.561,96.571,-89.256,628.263,96.571,0.4809,0.0000,0.0000,0,0.000,0.000,0.0000,0.0000,0,0,-89.256,628.263,96.571,0.000,0,-1.000000,1.000,28.924,-1.000000,0.0000,0.0000,0,0,0.000,1.000,19.607,-89.256,628.263,96.571,0,0,-1,99.685098
136,19.6931,orbit-standing-character,-69.881,617.766,101.792,0.000,72.265,75.264,-58.409,627.738,16.880,-74.622,634.327,16.880,0.0000,0.0000,-47.070,617.561,96.571,-89.256,628.263,96.571,0.4809,0.0000,0.0000,0,0.000,0.000,0.0000,0.0000,0,0,-89.256,628.263,96.571,0.000,0,-1.000000,1.000,28.924,-1.000000,0.0000,0.0000,0,0,0.000,1.000,19.607,-89.256,628.263,96.571,0,0,-1,99.682956
137,19.8282,orbit-standing-character,-69.881,617.766,101.792,0.000,72.265,82.492,-58.409,627.738,16.880,-74.622,634.327,16.880,0.0000,0.0000,-47.073,617.544,96.569,-89.261,628.246,96.569,0.4809,0.0000,0.0000,0,0.000,0.000,0.0000,0.0000,0,0,-89.261,628.246,96.569,0.000,0,-1.000000,1.000,28.924,-1.000000,0.0000,0.0000,0,0,0.000,1.000,19.607,-89.261,628.246,96.569,0,0,-1,99.680792
138,19.9945,orbit-standing-character,-69.881,617.766,101.792,0.000,72.265,91.367,-58.409,627.738,16.880,-74.622,634.327,16.880,0.0000,0.0000,-47.061,617.602,96.577,-89.244,628.304,96.577,0.4809,0.0000,0.0000,0,0.000,0.000,0.0000,0.0000,0,0,-89.244,628.304,96.577,0.000,0,-1.000000,1.000,28.924,-1.000000,0.0000,0.0000,0,0,0.000,1.000,19.607,-89.244,628.304,96.577,0,0,-1,99.678135
139,20.1529,orbit-standing-character,-69.881,617.766,101.792,0.000,72.265,99.844,-58.409,627.738,16.880,-74.622,634.327,16.880,0.0000,0.0000,-47.034,617.732,96.594,-89.206,628.431,96.595,0.4809,0.0000,0.0000,0,0.000,0.000,0.0000,0.0000,0,0,-89.206,628.431,96.595,0.000,0,-1.000000,1.000,28.924,-1.000000,0.0000,0.0000,0,0,0.000,1.000,19.607,-89.206,628.431,96.595,0,0,-1,99.675597
140,20.3076,orbit-standing-character,-69.881,617.766,101.792,0.000,72.265,108.095,-58.409,627.738,16.880,-74.622,634.327,16.880,0.0000,0.0000,-47.013,617.829,96.608,-89.177,628.526,96.608,0.4809,0.0000,0.0000,0,0.000,0.000,0.0000,0.0000,0,0,-89.177,628.526,96.608,0.000,0,-1.000000,1.000,28.924,-1.000000,0.0000,0.0000,0,0,0.000,1.000,19.607,-89.177,628.526,96.608,0,0,-1,99.673126
141,20.4493,orbit-standing-character,-69.881,617.766,101.792,0.000,72.265,115.683,-58.409,627.738,16.880,-74.622,634.327,16.880,0.0000,0.0000,-46.992,617.930,96.623,-89.148,628.625,96.623,0.4809,0.0000,0.0000,0,0.000,0.000,0.0000,0.0000,0,0,-89.148,628.625,96.623,0.000,0,-1.000000,1.000,28.924,-1.000000,0.0000,0.0000,0,0,0.000,1.000,19.607,-89.148,628.625,96.623,0,0,-1,99.670854
142,20.5872,orbit-standing-character,-69.881,617.766,101.792,0.000,72.265,123.022,-58.409,627.738,16.880,-74.622,634.327,16.880,0.0000,0.0000,-46.974,618.018,96.635,-89.122,628.711,96.636,0.4809,0.0000,0.0000,0,0.000,0.000,0.0000,0.0000,0,0,-89.122,628.711,96.636,0.000,0,-1.000000,1.000,28.924,-1.000000,0.0000,0.0000,0,0,0.000,1.000,19.607,-89.122,628.711,96.636,0,0,-1,99.668657
143,20.7470,orbit-standing-character,-69.881,617.766,101.792,0.000,72.265,131.592,-58.409,627.738,16.880,-74.622,634.327,16.880,0.0000,0.0000,-46.954,618.113,96.650,-89.094,628.804,96.650,0.4809,0.0000,0.0000,0,0.000,0.000,0.0000,0.0000,0,0,-89.094,628.804,96.650,0.000,0,-1.000000,1.000,28.924,-1.000000,0.0000,0.0000,0,0,0.000,1.000,19.607,-89.094,628.804,96.650,0,0,-1,99.666091
144,20.8845,orbit-standing-character,-69.881,617.766,101.792,0.000,72.265,138.925,-58.409,627.738,16.880,-74.622,634.327,16.880,0.0000,0.0000,-46.949,618.139,96.653,-89.087,628.828,96.653,0.4809,0.0000,0.0000,0,0.000,0.000,0.0000,0.0000,0,0,-89.087,628.828,96.653,0.000,0,-1.000000,1.000,28.924,-1.000000,0.0000,0.0000,0,0,0.000,1.000,19.607,-89.087,628.828,96.653,0,0,-1,99.663895
145,21.0182,orbit-standing-character,-69.881,617.766,101.792,0.000,72.265,146.082,-58.409,627.738,16.880,-74.622,634.327,16.880,0.0000,0.0000,-46.949,618.139,96.653,-89.087,628.828,96.653,0.4809,0.0000,0.0000,0,0.000,0.000,0.0000,0.0000,0,0,-89.087,628.828,96.653,0.000,0,-1.000000,1.000,28.924,-1.000000,0.0000,0.0000,0,0,0.000,1.000,19.607,-89.087,628.828,96.653,0,0,-1,99.661752
146,21.1533,orbit-standing-character,-69.881,617.766,101.792,0.000,72.265,153.292,-58.409,627.738,16.880,-74.622,634.327,16.880,0.0000,0.0000,-46.934,618.208,96.664,-89.066,628.896,96.664,0.4809,0.0000,0.0000,0,0.000,0.000,0.0000,0.0000,0,0,-89.066,628.896,96.664,0.000,0,-1.000000,1.000,28.924,-1.000000,0.0000,0.0000,0,0,0.000,1.000,19.607,-89.066,628.896,96.664,0,0,-1,99.659593
147,21.2855,orbit-standing-character,-69.881,617.766,101.792,0.000,72.265,160.369,-58.409,627.738,16.880,-74.622,634.327,16.880,0.0000,0.0000,-46.934,618.208,96.664,-89.066,628.896,96.664,0.4809,0.0000,0.0000,0,0.000,0.000,0.0000,0.0000,0,0,-89.066,628.896,96.664,0.000,0,-1.000000,1.000,28.924,-1.000000,0.0000,0.0000,0,0,0.000,1.000,19.607,-89.066,628.896,96.664,0,0,-1,99.657474
148,21.4176,orbit-standing-character,-69.881,617.766,101.792,0.000,72.265,167.412,-58.409,627.738,16.880,-74.622,634.327,16.880,0.0000,0.0000,-46.950,618.135,96.655,-89.088,628.825,96.656,0.4809,0.0000,0.0000,0,0.000,0.000,0.0000,0.0000,0,0,-89.088,628.825,96.656,0.000,0,-1.000000,1.000,28.924,-1.000000,0.0000,0.0000,0,0,0.000,1.000,19.607,-89.088,628.825,96.656,0,0,-1,99.655366
149,21.5497,orbit-standing-character,-69.881,617.766,101.792,0.000,72.265,174.476,-58.409,627.738,16.880,-74.622,634.327,16.880,0.0000,0.0000,-46.964,618.066,96.649,-89.108,628.758,96.650,0.4809,0.0000,0.0000,0,0.000,0.000,0.0000,0.0000,0,0,-89.108,628.758,96.650,0.000,0,-1.000000,1.000,28.924,-1.000000,0.0000,0.0000,0,0,0.000,1.000,19.607,-89.108,628.758,96.650,0,0,-1,99.653251
150,21.6876,orbit-standing-character,-69.881,617.766,101.792,0.000,72.265,181.842,-58.409,627.738,16.880,-74.622,634.327,16.880,0.0000,0.0000,-46.979,617.994,96.632,-89.129,628.688,96.632,0.4809,0.0000,0.0000,0,0.000,0.000,0.0000,0.0000,0,0,-89.129,628.688,96.632,0.000,0,-1.000000,1.000,28.924,-1.000000,0.0000,0.0000,0,0,0.000,1.000,19.607,-89.129,628.688,96.632,0,0,-1,99.651045
151,21.8225,orbit-standing-character,-69.881,617.766,101.792,0.000,72.265,189.064,-58.409,627.738,16.880,-74.622,634.327,16.880,0.0000,0.0000,-46.999,617.900,96.618,-89.156,628.596,96.618,0.4809,0.0000,0.0000,0,0.000,0.000,0.0000,0.0000,0,0,-89.156,628.596,96.618,0.000,0,-1.000000,1.000,28.924,-1.000000,0.0000,0.0000,0,0,0.000,1.000,19.607,-89.156,628.596,96.618,0,0,-1,99.648883
152,21.9573,orbit-standing-character,-69.881,617.766,101.792,0.000,72.265,196.257,-58.409,627.738,16.880,-74.622,634.327,16.880,0.0000,0.0000,-47.017,617.813,96.606,-89.182,628.511,96.606,0.4809,0.0000,0.0000,0,0.000,0.000,0.0000,0.0000,0,0,-89.182,628.511,96.606,0.000,0,-1.000000,1.000,28.924,-1.000000,0.0000,0.0000,0,0,0.000,1.000,19.607,-89.182,628.511,96.606,0,0,-1,99.646729
153,22.0900,orbit-standing-character,-69.881,617.766,101.792,0.000,72.265,203.353,-58.409,627.738,16.880,-74.622,634.327,16.880,0.0000,0.0000,-47.036,617.721,96.593,-89.209,628.420,96.593,0.4809,0.0000,0.0000,0,0.000,0.000,0.0000,0.0000,0,0,-89.209,628.420,96.593,0.000,0,-1.000000,1.000,28.924,-1.000000,0.0000,0.0000,0,0,0.000,1.000,19.607,-89.209,628.420,96.593,0,0,-1,99.644604
154,22.2206,orbit-standing-character,-69.881,617.766,101.792,0.000,72.265,210.326,-58.409,627.738,16.880,-74.622,634.327,16.880,0.0000,0.0000,-47.046,617.676,96.584,-89.222,628.376,96.584,0.4809,0.0000,0.0000,0,0.000,0.000,0.0000,0.0000,0,0,-89.222,628.376,96.584,0.000,0,-1.000000,1.000,28.924,-1.000000,0.0000,0.0000,0,0,0.000,1.000,19.607,-89.222,628.376,96.584,0,0,-1,99.642516
155,22.3500,orbit-standing-character,-69.881,617.766,101.792,0.000,72.265,217.252,-58.409,627.738,16.880,-74.622,634.327,16.880,0.0000,0.0000,-47.051,617.657,96.576,-89.227,628.357,96.576,0.4809,0.0000,0.0000,0,0.000,0.000,0.0000,0.0000,0,0,-89.227,628.357,96.576,0.000,0,-1.000000,1.000,28.924,-1.000000,0.0000,0.0000,0,0,0.000,1.000,19.607,-89.227,628.357,96.576,0,0,-1,99.640443
156,22.4816,orbit-standing-character,-69.881,617.766,101.792,0.000,72.265,224.261,-58.409,627.738,16.880,-74.622,634.327,16.880,0.0000,0.0000,-47.070,617.561,96.571,-89.256,628.263,96.571,0.4809,0.0000,0.0000,0,0.000,0.000,0.0000,0.0000,0,0,-89.256,628.263,96.571,0.000,0,-1.000000,1.000,28.924,-1.000000,0.0000,0.0000,0,0,0.000,1.000,19.607,-89.256,628.263,96.571,0,0,-1,99.638344
157,22.6207,open-pack,-69.881,617.766,101.792,0.000,72.265,231.720,-58.409,627.738,16.880,-74.622,634.327,16.880,0.0000,0.0000,-47.070,617.561,96.571,-89.256,628.263,96.571,0.4809,0.0000,0.0000,0,0.000,0.000,0.0000,0.0000,0,0,-89.256,628.263,96.571,0.000,0,-1.000000,1.000,28.924,-1.000000,0.0000,0.0000,0,0,0.000,1.000,19.607,-89.256,628.263,96.571,0,0,-1,99.636111
158,22.7562,open-pack,-69.881,617.766,101.792,0.000,72.265,231.720,-58.409,627.738,16.880,-74.622,634.327,16.880,0.0000,0.0000,-47.073,617.544,96.569,-89.261,628.246,96.569,0.4809,0.0000,0.0000,0,0.000,0.000,0.0000,0.0000,0,0,-89.261,628.246,96.569,0.000,0,-1.000000,1.000,28.924,-1.000000,0.0000,0.0000,0,0,0.000,1.000,19.607,-89.261,628.246,96.569,0,0,-1,99.636111
159,22.9044,open-pack,-69.881,617.766,101.792,0.000,72.265,231.720,-58.409,627.738,16.880,-74.622,634.327,16.880,0.0000,0.0000,-47.073,617.544,96.569,-89.261,628.246,96.569,0.4809,0.0000,0.0000,0,0.000,0.000,0.0000,0.0000,0,0,-89.261,628.246,96.569,0.000,0,-1.000000,1.000,28.924,-1.000000,0.0000,0.0000,0,0,0.000,1.000,19.607,-89.261,628.246,96.569,0,0,-1,99.636111
160,23.0587,open-pack,-69.881,617.766,101.792,0.000,72.265,231.720,-58.409,627.738,16.880,-74.622,634.327,16.880,0.0000,0.0000,-47.046,617.672,96.586,-89.223,628.372,96.586,0.4809,0.0000,0.0000,0,0.000,0.000,0.0000,0.0000,0,0,-89.223,628.372,96.586,0.000,0,-1.000000,1.000,28.924,-1.000000,0.0000,0.0000,0,0,0.000,1.000,19.607,-89.223,628.372,96.586,0,0,-1,99.636111
161,23.2108,open-look,-69.881,617.766,101.792,0.000,72.265,231.720,-58.409,627.738,16.880,-74.622,634.327,16.880,0.0000,0.0000,-47.026,617.769,96.600,-89.195,628.467,96.600,0.4809,0.0000,0.0000,0,0.000,0.000,0.0000,0.0000,0,0,-89.195,628.467,96.600,0.000,0,-1.000000,1.000,28.924,-1.000000,0.0000,0.0000,0,0,0.000,1.000,19.607,-89.195,628.467,96.600,0,0,-1,99.636111
162,23.3648,open-look,-69.881,617.766,101.792,0.000,72.265,231.720,-58.409,627.738,16.880,-74.622,634.327,16.880,0.0000,0.0000,-47.005,617.869,96.614,-89.166,628.566,96.614,0.4809,0.0000,0.0000,0,0.000,0.000,0.0000,0.0000,0,0,-89.166,628.566,96.614,0.000,0,-1.000000,1.000,28.924,-1.000000,0.0000,0.0000,0,0,0.000,1.000,19.607,-89.166,628.566,96.614,0,0,-1,99.636111
163,23.5176,open-look,-69.881,617.766,101.792,0.000,72.265,231.720,-58.409,627.738,16.880,-74.622,634.327,16.880,0.0000,0.0000,-46.982,617.979,96.630,-89.133,628.673,96.630,0.4809,0.0000,0.0000,0,0.000,0.000,0.0000,0.0000,0,0,-89.133,628.673,96.630,0.000,0,-1.000000,1.000,28.924,-1.000000,0.0000,0.0000,0,0,0.000,1.000,19.607,-89.133,628.673,96.630,0,0,-1,99.636111
164,23.6555,open-look,-69.881,617.766,101.792,0.000,72.265,231.720,-58.409,627.738,16.880,-74.622,634.327,16.880,0.0000,0.0000,-46.965,618.058,96.641,-89.110,628.751,96.642,0.4809,0.0000,0.0000,0,0.000,0.000,0.0000,0.0000,0,0,-89.110,628.751,96.642,0.000,0,-1.000000,1.000,28.924,-1.000000,0.0000,0.0000,0,0,0.000,1.000,19.607,-89.110,628.751,96.642,0,0,-1,99.636111
165,23.8106,open-look,-69.881,617.766,101.792,0.000,72.265,231.720,-58.409,627.738,16.880,-74.622,634.327,16.880,0.0000,0.0000,-46.949,618.139,96.653,-89.087,628.828,96.653,0.4809,0.0000,0.0000,0,0.000,0.000,0.0000,0.0000,0,0,-89.087,628.828,96.653,0.000,0,-1.000000,1.000,28.924,-1.000000,0.0000,0.0000,0,0,0.000,1.000,19.607,-89.087,628.828,96.653,0,0,-1,99.636111
166,23.9636,open-look,-69.881,617.766,101.792,0.000,72.265,231.720,-58.409,627.738,16.880,-74.622,634.327,16.880,0.0000,0.0000,-46.949,618.139,96.653,-89.087,628.828,96.653,0.4809,0.0000,0.0000,0,0.000,0.000,0.0000,0.0000,0,0,-89.087,628.828,96.653,0.000,0,-1.000000,1.000,28.924,-1.000000,0.0000,0.0000,0,0,0.000,1.000,19.607,-89.087,628.828,96.653,0,0,-1,99.636111
167,24.1175,open-look,-69.881,617.766,101.792,0.000,72.265,231.720,-58.409,627.738,16.880,-74.622,634.327,16.880,0.0000,0.0000,-46.934,618.208,96.664,-89.066,628.896,96.664,0.4809,0.0000,0.0000,0,0.000,0.000,0.0000,0.0000,0,0,-89.066,628.896,96.664,0.000,0,-1.000000,1.000,28.924,-1.000000,0.0000,0.0000,0,0,0.000,1.000,19.607,-89.066,628.896,96.664,0,0,-1,99.636111
168,24.2560,open-look,-69.881,617.766,101.792,0.000,72.265,231.720,-58.409,627.738,16.880,-74.622,634.327,16.880,0.0000,0.0000,-46.934,618.208,96.664,-89.066,628.896,96.664,0.4809,0.0000,0.0000,0,0.000,0.000,0.0000,0.0000,0,0,-89.066,628.896,96.664,0.000,0,-1.000000,1.000,28.924,-1.000000,0.0000,0.0000,0,0,0.000,1.000,19.607,-89.066,628.896,96.664,0,0,-1,99.636111
169,24.3963,open-look,-69.881,617.766,101.792,0.000,72.265,231.720,-58.409,627.738,16.880,-74.622,634.327,16.880,0.0000,0.0000,-46.947,618.146,96.656,-89.084,628.836,96.657,0.4809,0.0000,0.0000,0,0.000,0.000,0.0000,0.0000,0,0,-89.084,628.836,96.657,0.000,0,-1.000000,1.000,28.924,-1.000000,0.0000,0.0000,0,0,0.000,1.000,19.607,-89.084,628.836,96.657,0,0,-1,99.636111
170,24.5487,open-look,-69.881,617.766,101.792,0.000,72.265,231.720,-58.409,627.738,16.880,-74.622,634.327,16.880,0.0000,0.0000,-46.964,618.066,96.650,-89.107,628.758,96.650,0.4809,0.0000,0.0000,0,0.000,0.000,0.0000,0.0000,0,0,-89.107,628.758,96.650,0.000,0,-1.000000,1.000,28.924,-1.000000,0.0000,0.0000,0,0,0.000,1.000,19.607,-89.107,628.758,96.650,0,0,-1,99.636111
171,24.7023,open-look,-69.881,617.766,101.792,0.000,72.265,231.720,-58.409,627.738,16.880,-74.622,634.327,16.880,0.0000,0.0000,-46.981,617.984,96.630,-89.132,628.678,96.631,0.4809,0.0000,0.0000,0,0.000,0.000,0.0000,0.0000,0,0,-89.132,628.678,96.631,0.000,0,-1.000000,1.000,28.924,-1.000000,0.0000,0.0000,0,0,0.000,1.000,19.607,-89.132,628.678,96.631,0,0,-1,99.636111
172,24.8419,open-look,-69.881,617.766,101.792,0.000,72.265,231.720,-58.409,627.738,16.880,-74.622,634.327,16.880,0.0000,0.0000,-47.001,617.887,96.616,-89.160,628.583,96.616,0.4809,0.0000,0.0000,0,0.000,0.000,0.0000,0.0000,0,0,-89.160,628.583,96.616,0.000,0,-1.000000,1.000,28.924,-1.000000,0.0000,0.0000,0,0,0.000,1.000,19.607,-89.160,628.583,96.616,0,0,-1,99.636111
173,24.9821,open-look,-69.881,617.766,101.792,0.000,72.265,231.720,-58.409,627.738,16.880,-74.622,634.327,16.880,0.0000,0.0000,-47.020,617.796,96.603,-89.187,628.494,96.604,0.4809,0.0000,0.0000,0,0.000,0.000,0.0000,0.0000,0,0,-89.187,628.494,96.604,0.000,0,-1.000000,1.000,28.924,-1.000000,0.0000,0.0000,0,0,0.000,1.000,19.607,-89.187,628.494,96.604,0,0,-1,99.636111
174,25.1253,open-look,-69.881,617.766,101.792,0.000,72.265,231.720,-58.409,627.738,16.880,-74.622,634.327,16.880,0.0000,0.0000,-47.041,617.697,96.590,-89.216,628.397,96.590,0.4809,0.0000,0.0000,0,0.000,0.000,0.0000,0.0000,0,0,-89.216,628.397,96.590,0.000,0,-1.000000,1.000,28.924,-1.000000,0.0000,0.0000,0,0,0.000,1.000,19.607,-89.216,628.397,96.590,0,0,-1,99.636111
175,25.2784,open-look,-69.881,617.766,101.792,0.000,72.265,231.720,-58.409,627.738,16.880,-74.622,634.327,16.880,0.0000,0.0000,-47.048,617.668,96.580,-89.224,628.367,96.580,0.4809,0.0000,0.0000,0,0.000,0.000,0.0000,0.0000,0,0,-89.224,628.367,96.580,0.000,0,-1.000000,1.000,28.924,-1.000000,0.0000,0.0000,0,0,0.000,1.000,19.607,-89.224,628.367,96.580,0,0,-1,99.636111
176,25.4308,open-look,-69.881,617.766,101.792,0.000,72.265,231.720,-58.409,627.738,16.880,-74.622,634.327,16.880,0.0000,0.0000,-47.067,617.577,96.571,-89.251,628.279,96.571,0.4809,0.0000,0.0000,0,0.000,0.000,0.0000,0.0000,0,0,-89.251,628.279,96.571,0.000,0,-1.000000,1.000,28.924,-1.000000,0.0000,0.0000,0,0,0.000,1.000,19.607,-89.251,628.279,96.571,0,0,-1,99.636111
177,25.5844,open-look,-69.881,617.766,101.792,0.000,72.265,231.720,-58.409,627.738,16.880,-74.622,634.327,16.880,0.0000,0.0000,-47.070,617.561,96.571,-89.256,628.263,96.571,0.4809,0.0000,0.0000,0,0.000,0.000,0.0000,0.0000,0,0,-89.256,628.263,96.571,0.000,0,-1.000000,1.000,28.924,-1.000000,0.0000,0.0000,0,0,0.000,1.000,19.607,-89.256,628.263,96.571,0,0,-1,99.636111
178,25.7377,open-look,-69.881,617.766,101.792,0.000,72.265,231.720,-58.409,627.738,16.880,-74.622,634.327,16.880,0.0000,0.0000,-47.073,617.544,96.569,-89.261,628.246,96.569,0.4809,0.0000,0.0000,0,0.000,0.000,0.0000,0.0000,0,0,-89.261,628.246,96.569,0.000,0,-1.000000,1.000,28.924,-1.000000,0.0000,0.0000,0,0,0.000,1.000,19.607,-89.261,628.246,96.569,0,0,-1,99.636111
179,25.8907,open-look,-69.881,617.766,101.792,0.000,72.265,231.720,-58.409,627.738,16.880,-74.622,634.327,16.880,0.0000,0.0000,-47.073,617.544,96.569,-89.261,628.246,96.569,0.4809,0.0000,0.0000,0,0.000,0.000,0.0000,0.0000,0,0,-89.261,628.246,96.569,0.000,0,-1.000000,1.000,28.924,-1.000000,0.0000,0.0000,0,0,0.000,1.000,19.607,-89.261,628.246,96.569,0,0,-1,99.636111
180,26.0422,open-look,-69.881,617.766,101.792,0.000,72.265,231.720,-58.409,627.738,16.880,-74.622,634.327,16.880,0.0000,0.0000,-47.049,617.662,96.585,-89.226,628.362,96.585,0.4809,0.0000,0.0000,0,0.000,0.000,0.0000,0.0000,0,0,-89.226,628.362,96.585,0.000,0,-1.000000,1.000,28.924,-1.000000,0.0000,0.0000,0,0,0.000,1.000,19.607,-89.226,628.362,96.585,0,0,-1,99.636111
181,26.1948,open-look,-69.881,617.766,101.792,0.000,72.265,231.720,-58.409,627.738,16.880,-74.622,634.327,16.880,0.0000,0.0000,-47.028,617.758,96.598,-89.198,628.457,96.598,0.4809,0.0000,0.0000,0,0.000,0.000,0.0000,0.0000,0,0,-89.198,628.457,96.598,0.000,0,-1.000000,1.000,28.924,-1.000000,0.0000,0.0000,0,0,0.000,1.000,19.607,-89.198,628.457,96.598,0,0,-1,99.636111
182,26.3506,portrait-idle,-69.881,617.766,101.792,0.000,72.265,231.720,-58.409,627.738,16.880,-74.622,634.327,16.880,0.0000,0.0000,-47.007,617.859,96.613,-89.168,628.556,96.613,0.4809,0.0000,0.0000,0,0.000,0.000,0.0000,0.0000,0,0,-89.168,628.556,96.613,0.000,0,-1.000000,1.000,28.924,-1.000000,0.0000,0.0000,0,0,0.000,1.000,19.607,-89.168,628.556,96.613,0,0,-1,99.636111
183,26.5037,portrait-idle,-69.881,617.766,101.792,0.000,72.265,231.720,-58.409,627.738,16.880,-74.622,634.327,16.880,0.0000,0.0000,-46.984,617.969,96.628,-89.136,628.663,96.628,0.4809,0.0000,0.0000,0,0.000,0.000,0.0000,0.0000,0,0,-89.136,628.663,96.628,0.000,0,-1.000000,1.000,28.924,-1.000000,0.0000,0.0000,0,0,0.000,1.000,19.607,-89.136,628.663,96.628,0,0,-1,99.636111
184,26.6418,portrait-idle,-69.881,617.766,101.792,0.000,72.265,231.720,-58.409,627.738,16.880,-74.622,634.327,16.880,0.0000,0.0000,-46.967,618.050,96.640,-89.113,628.743,96.640,0.4809,0.0000,0.0000,0,0.000,0.000,0.0000,0.0000,0,0,-89.113,628.743,96.640,0.000,0,-1.000000,1.000,28.924,-1.000000,0.0000,0.0000,0,0,0.000,1.000,19.607,-89.113,628.743,96.640,0,0,-1,99.636111
185,26.7808,portrait-idle,-69.881,617.766,101.792,0.000,72.265,231.720,-58.409,627.738,16.880,-74.622,634.327,16.880,0.0000,0.0000,-46.950,618.132,96.653,-89.088,628.823,96.653,0.4809,0.0000,0.0000,0,0.000,0.000,0.0000,0.0000,0,0,-89.088,628.823,96.653,0.000,0,-1.000000,1.000,28.924,-1.000000,0.0000,0.0000,0,0,0.000,1.000,19.607,-89.088,628.823,96.653,0,0,-1,99.636111
186,26.9211,portrait-idle,-69.881,617.766,101.792,0.000,72.265,231.720,-58.409,627.738,16.880,-74.622,634.327,16.880,0.0000,0.0000,-46.949,618.139,96.653,-89.087,628.828,96.653,0.4809,0.0000,0.0000,0,0.000,0.000,0.0000,0.0000,0,0,-89.087,628.828,96.653,0.000,0,-1.000000,1.000,28.924,-1.000000,0.0000,0.0000,0,0,0.000,1.000,19.607,-89.087,628.828,96.653,0,0,-1,99.636111
187,27.0618,portrait-idle,-69.881,617.766,101.792,0.000,72.265,231.720,-58.409,627.738,16.880,-74.622,634.327,16.880,0.0000,0.0000,-46.939,618.186,96.661,-89.073,628.875,96.661,0.4809,0.0000,0.0000,0,0.000,0.000,0.0000,0.0000,0,0,-89.073,628.875,96.661,0.000,0,-1.000000,1.000,28.924,-1.000000,0.0000,0.0000,0,0,0.000,1.000,19.607,-89.073,628.875,96.661,0,0,-1,99.636111
188,27.2161,portrait-idle,-69.881,617.766,101.792,0.000,72.265,231.720,-58.409,627.738,16.880,-74.622,634.327,16.880,0.0000,0.0000,-46.934,618.208,96.664,-89.066,628.896,96.664,0.4809,0.0000,0.0000,0,0.000,0.000,0.0000,0.0000,0,0,-89.066,628.896,96.664,0.000,0,-1.000000,1.000,28.924,-1.000000,0.0000,0.0000,0,0,0.000,1.000,19.607,-89.066,628.896,96.664,0,0,-1,99.636111
189,27.3695,portrait-idle,-69.881,617.766,101.792,0.000,72.265,231.720,-58.409,627.738,16.880,-74.622,634.327,16.880,0.0000,0.0000,-46.944,618.160,96.658,-89.080,628.850,96.658,0.4809,0.0000,0.0000,0,0.000,0.000,0.0000,0.0000,0,0,-89.080,628.850,96.658,0.000,0,-1.000000,1.000,28.924,-1.000000,0.0000,0.0000,0,0,0.000,1.000,19.607,-89.080,628.850,96.658,0,0,-1,99.636111
190,27.5237,portrait-idle,-69.881,617.766,101.792,0.000,72.265,231.720,-58.409,627.738,16.880,-74.622,634.327,16.880,0.0000,0.0000,-46.961,618.079,96.651,-89.104,628.771,96.651,0.4809,0.0000,0.0000,0,0.000,0.000,0.0000,0.0000,0,0,-89.104,628.771,96.651,0.000,0,-1.000000,1.000,28.924,-1.000000,0.0000,0.0000,0,0,0.000,1.000,19.607,-89.104,628.771,96.651,0,0,-1,99.636111
191,27.6783,portrait-idle,-69.881,617.766,101.792,0.000,72.265,231.720,-58.409,627.738,16.880,-74.622,634.327,16.880,0.0000,0.0000,-46.977,618.001,96.633,-89.127,628.694,96.633,0.4809,0.0000,0.0000,0,0.000,0.000,0.0000,0.0000,0,0,-89.127,628.694,96.633,0.000,0,-1.000000,1.000,28.924,-1.000000,0.0000,0.0000,0,0,0.000,1.000,19.607,-89.127,628.694,96.633,0,0,-1,99.636111
192,27.8310,portrait-idle,-69.881,617.766,101.792,0.000,72.265,231.720,-58.409,627.738,16.880,-74.622,634.327,16.880,0.0000,0.0000,-47.000,617.895,96.617,-89.158,628.590,96.617,0.4809,0.0000,0.0000,0,0.000,0.000,0.0000,0.0000,0,0,-89.158,628.590,96.617,0.000,0,-1.000000,1.000,28.924,-1.000000,0.0000,0.0000,0,0,0.000,1.000,19.607,-89.158,628.590,96.617,0,0,-1,99.636111
193,27.9840,portrait-idle,-69.881,617.766,101.792,0.000,72.265,231.720,-58.409,627.738,16.880,-74.622,634.327,16.880,0.0000,0.0000,-47.021,617.795,96.603,-89.187,628.492,96.603,0.4809,0.0000,0.0000,0,0.000,0.000,0.0000,0.0000,0,0,-89.187,628.492,96.603,0.000,0,-1.000000,1.000,28.924,-1.000000,0.0000,0.0000,0,0,0.000,1.000,19.607,-89.187,628.492,96.603,0,0,-1,99.636111
194,28.1375,portrait-idle,-69.881,617.766,101.792,0.000,72.265,231.720,-58.409,627.738,16.880,-74.622,634.327,16.880,0.0000,0.0000,-47.043,617.690,96.589,-89.218,628.390,96.589,0.4809,0.0000,0.0000,0,0.000,0.000,0.0000,0.0000,0,0,-89.218,628.390,96.589,0.000,0,-1.000000,1.000,28.924,-1.000000,0.0000,0.0000,0,0,0.000,1.000,19.607,-89.218,628.390,96.589,0,0,-1,99.636111
195,28.2961,portrait-idle,-69.881,617.766,101.792,0.000,72.265,231.720,-58.409,627.738,16.880,-74.622,634.327,16.880,0.0000,0.0000,-47.049,617.665,96.579,-89.225,628.365,96.579,0.4809,0.0000,0.0000,0,0.000,0.000,0.0000,0.0000,0,0,-89.225,628.365,96.579,0.000,0,-1.000000,1.000,28.924,-1.000000,0.0000,0.0000,0,0,0.000,1.000,19.607,-89.225,628.365,96.579,0,0,-1,99.636111
196,28.4381,portrait-idle,-69.881,617.766,101.792,0.000,72.265,231.720,-58.409,627.738,16.880,-74.622,634.327,16.880,0.0000,0.0000,-47.070,617.561,96.571,-89.256,628.263,96.571,0.4809,0.0000,0.0000,0,0.000,0.000,0.0000,0.0000,0,0,-89.256,628.263,96.571,0.000,0,-1.000000,1.000,28.924,-1.000000,0.0000,0.0000,0,0,0.000,1.000,19.607,-89.256,628.263,96.571,0,0,-1,99.636111
197,28.5921,portrait-idle,-69.881,617.766,101.792,0.000,72.265,231.720,-58.409,627.738,16.880,-74.622,634.327,16.880,0.0000,0.0000,-47.070,617.561,96.571,-89.256,628.263,96.571,0.4809,0.0000,0.0000,0,0.000,0.000,0.0000,0.0000,0,0,-89.256,628.263,96.571,0.000,0,-1.000000,1.000,28.924,-1.000000,0.0000,0.0000,0,0,0.000,1.000,19.607,-89.256,628.263,96.571,0,0,-1,99.636111
198,28.7475,portrait-idle,-69.881,617.766,101.792,0.000,72.265,231.720,-58.409,627.738,16.880,-74.622,634.327,16.880,0.0000,0.0000,-47.073,617.544,96.569,-89.261,628.246,96.569,0.4809,0.0000,0.0000,0,0.000,0.000,0.0000,0.0000,0,0,-89.261,628.246,96.569,0.000,0,-1.000000,1.000,28.924,-1.000000,0.0000,0.0000,0,0,0.000,1.000,19.607,-89.261,628.246,96.569,0,0,-1,99.636111
199,28.9008,portrait-idle,-69.881,617.766,101.792,0.000,72.265,231.720,-58.409,627.738,16.880,-74.622,634.327,16.880,0.0000,0.0000,-47.073,617.544,96.569,-89.261,628.246,96.569,0.4809,0.0000,0.0000,0,0.000,0.000,0.0000,0.0000,0,0,-89.261,628.246,96.569,0.000,0,-1.000000,1.000,28.924,-1.000000,0.0000,0.0000,0,0,0.000,1.000,19.607,-89.261,628.246,96.569,0,0,-1,99.636111
200,29.0392,portrait-idle,-69.881,617.766,101.792,0.000,72.265,231.720,-58.409,627.738,16.880,-74.622,634.327,16.880,0.0000,0.0000,-47.049,617.660,96.585,-89.227,628.360,96.585,0.4809,0.0000,0.0000,0,0.000,0.000,0.0000,0.0000,0,0,-89.227,628.360,96.585,0.000,0,-1.000000,1.000,28.924,-1.000000,0.0000,0.0000,0,0,0.000,1.000,19.607,-89.227,628.360,96.585,0,0,-1,99.636111
201,29.1774,portrait-idle,-69.881,617.766,101.792,0.000,72.265,231.720,-58.409,627.738,16.880,-74.622,634.327,16.880,0.0000,0.0000,-47.031,617.747,96.597,-89.201,628.446,96.597,0.4809,0.0000,0.0000,0,0.000,0.000,0.0000,0.0000,0,0,-89.201,628.446,96.597,0.000,0,-1.000000,1.000,28.924,-1.000000,0.0000,0.0000,0,0,0.000,1.000,19.607,-89.201,628.446,96.597,0,0,-1,99.636111
202,29.3165,portrait-idle,-69.881,617.766,101.792,0.000,72.265,231.720,-58.409,627.738,16.880,-74.622,634.327,16.880,0.0000,0.0000,-47.012,617.835,96.609,-89.176,628.532,96.609,0.4809,0.0000,0.0000,0,0.000,0.000,0.0000,0.0000,0,0,-89.176,628.532,96.609,0.000,0,-1.000000,1.000,28.924,-1.000000,0.0000,0.0000,0,0,0.000,1.000,19.607,-89.176,628.532,96.609,0,0,-1,99.636111
203,29.4759,portrait-orbit,-69.881,617.766,101.792,0.000,72.265,231.720,-58.409,627.738,16.880,-74.622,634.327,16.880,0.0000,0.0000,-46.988,617.949,96.625,-89.142,628.644,96.625,0.4809,0.0000,0.0000,0,0.000,0.000,0.0000,0.0000,0,0,-89.142,628.644,96.625,0.000,0,-1.000000,1.000,28.924,-1.000000,0.0000,0.0000,0,0,0.000,1.000,19.607,-89.142,628.644,96.625,0,0,-1,99.636111
204,29.6290,portrait-orbit,-69.881,617.766,101.792,0.000,72.265,231.720,-58.409,627.738,16.880,-74.622,634.327,16.880,0.0000,0.0000,-46.969,618.043,96.639,-89.115,628.735,96.639,0.4809,0.0000,0.0000,0,0.000,0.000,0.0000,0.0000,0,0,-89.115,628.735,96.639,0.000,0,-1.000000,1.000,28.924,-1.000000,0.0000,0.0000,0,0,0.000,1.000,19.607,-89.115,628.735,96.639,0,0,-1,99.636111
205,29.7827,portrait-orbit,-69.881,617.766,101.792,0.000,72.265,231.720,-58.409,627.738,16.880,-74.622,634.327,16.880,0.0000,0.0000,-46.950,618.134,96.653,-89.088,628.824,96.653,0.4809,0.0000,0.0000,0,0.000,0.000,0.0000,0.0000,0,0,-89.088,628.824,96.653,0.000,0,-1.000000,1.000,28.924,-1.000000,0.0000,0.0000,0,0,0.000,1.000,19.607,-89.088,628.824,96.653,0,0,-1,99.636111
206,29.9349,portrait-orbit,-69.881,617.766,101.792,0.000,72.265,231.720,-58.409,627.738,16.880,-74.622,634.327,16.880,0.0000,0.0000,-46.949,618.139,96.653,-89.087,628.828,96.653,0.4809,0.0000,0.0000,0,0.000,0.000,0.0000,0.0000,0,0,-89.087,628.828,96.653,0.000,0,-1.000000,1.000,28.924,-1.000000,0.0000,0.0000,0,0,0.000,1.000,19.607,-89.087,628.828,96.653,0,0,-1,99.636111
207,30.0877,portrait-orbit,-69.881,617.766,101.792,0.000,72.265,231.720,-58.409,627.738,16.880,-74.622,634.327,16.880,0.0000,0.0000,-46.934,618.208,96.664,-89.066,628.896,96.664,0.4809,0.0000,0.0000,0,0.000,0.000,0.0000,0.0000,0,0,-89.066,628.896,96.664,0.000,0,-1.000000,1.000,28.924,-1.000000,0.0000,0.0000,0,0,0.000,1.000,19.607,-89.066,628.896,96.664,0,0,-1,99.636111
208,30.2441,portrait-orbit,-69.881,617.766,101.792,0.000,72.265,231.720,-58.409,627.738,16.880,-74.622,634.327,16.880,0.0000,0.0000,-46.934,618.208,96.664,-89.066,628.896,96.664,0.4809,0.0000,0.0000,0,0.000,0.000,0.0000,0.0000,0,0,-89.066,628.896,96.664,0.000,0,-1.000000,1.000,28.924,-1.000000,0.0000,0.0000,0,0,0.000,1.000,19.607,-89.066,628.896,96.664,0,0,-1,99.636111
209,30.3982,portrait-orbit,-69.881,617.766,101.792,0.000,72.265,231.720,-58.409,627.738,16.880,-74.622,634.327,16.880,0.0000,0.0000,-46.948,618.145,96.656,-89.085,628.835,96.656,0.4809,0.0000,0.0000,0,0.000,0.000,0.0000,0.0000,0,0,-89.085,628.835,96.656,0.000,0,-1.000000,1.000,28.924,-1.000000,0.0000,0.0000,0,0,0.000,1.000,19.607,-89.085,628.835,96.656,0,0,-1,99.636111
210,30.5540,portrait-orbit,-69.881,617.766,101.792,0.000,72.265,231.720,-58.409,627.738,16.880,-74.622,634.327,16.880,0.0000,0.0000,-46.965,618.064,96.649,-89.108,628.756,96.649,0.4809,0.0000,0.0000,0,0.000,0.000,0.0000,0.0000,0,0,-89.108,628.756,96.649,0.000,0,-1.000000,1.000,28.924,-1.000000,0.0000,0.0000,0,0,0.000,1.000,19.607,-89.108,628.756,96.649,0,0,-1,99.636111
211,30.7055,portrait-orbit,-69.881,617.766,101.792,0.000,72.265,231.720,-58.409,627.738,16.880,-74.622,634.327,16.880,0.0000,0.0000,-46.981,617.982,96.630,-89.133,628.676,96.630,0.4809,0.0000,0.0000,0,0.000,0.000,0.0000,0.0000,0,0,-89.133,628.676,96.630,0.000,0,-1.000000,1.000,28.924,-1.000000,0.0000,0.0000,0,0,0.000,1.000,19.607,-89.133,628.676,96.630,0,0,-1,99.636111
212,30.8466,portrait-orbit,-69.881,617.766,101.792,0.000,72.265,231.720,-58.409,627.738,16.880,-74.622,634.327,16.880,0.0000,0.0000,-47.002,617.884,96.616,-89.161,628.580,96.616,0.4809,0.0000,0.0000,0,0.000,0.000,0.0000,0.0000,0,0,-89.161,628.580,96.616,0.000,0,-1.000000,1.000,28.924,-1.000000,0.0000,0.0000,0,0,0.000,1.000,19.607,-89.161,628.580,96.616,0,0,-1,99.636111
213,30.9845,portrait-orbit,-69.881,617.766,101.792,0.000,72.265,231.720,-58.409,627.738,16.880,-74.622,634.327,16.880,0.0000,0.0000,-47.021,617.794,96.603,-89.188,628.492,96.603,0.4809,0.0000,0.0000,0,0.000,0.000,0.0000,0.0000,0,0,-89.188,628.492,96.603,0.000,0,-1.000000,1.000,28.924,-1.000000,0.0000,0.0000,0,0,0.000,1.000,19.607,-89.188,628.492,96.603,0,0,-1,99.636111
214,31.1229,portrait-orbit,-69.881,617.766,101.792,0.000,72.265,231.720,-58.409,627.738,16.880,-74.622,634.327,16.880,0.0000,0.0000,-47.041,617.698,96.590,-89.216,628.398,96.590,0.4809,0.0000,0.0000,0,0.000,0.000,0.0000,0.0000,0,0,-89.216,628.398,96.590,0.000,0,-1.000000,1.000,28.924,-1.000000,0.0000,0.0000,0,0,0.000,1.000,19.607,-89.216,628.398,96.590,0,0,-1,99.636111
215,31.2627,portrait-orbit,-69.881,617.766,101.792,0.000,72.265,231.720,-58.409,627.738,16.880,-74.622,634.327,16.880,0.0000,0.0000,-47.047,617.670,96.581,-89.223,628.370,96.581,0.4809,0.0000,0.0000,0,0.000,0.000,0.0000,0.0000,0,0,-89.223,628.370,96.581,0.000,0,-1.000000,1.000,28.924,-1.000000,0.0000,0.0000,0,0,0.000,1.000,19.607,-89.223,628.370,96.581,0,0,-1,99.636111
216,31.4229,portrait-orbit,-69.881,617.766,101.792,0.000,72.265,231.720,-58.409,627.738,16.880,-74.622,634.327,16.880,0.0000,0.0000,-47.059,617.619,96.572,-89.238,628.319,96.572,0.4809,0.0000,0.0000,0,0.000,0.000,0.0000,0.0000,0,0,-89.238,628.319,96.572,0.000,0,-1.000000,1.000,28.924,-1.000000,0.0000,0.0000,0,0,0.000,1.000,19.607,-89.238,628.319,96.572,0,0,-1,99.636111
217,31.5768,portrait-orbit,-69.881,617.766,101.792,0.000,72.265,231.720,-58.409,627.738,16.880,-74.622,634.327,16.880,0.0000,0.0000,-47.070,617.561,96.571,-89.256,628.263,96.571,0.4809,0.0000,0.0000,0,0.000,0.000,0.0000,0.0000,0,0,-89.256,628.263,96.571,0.000,0,-1.000000,1.000,28.924,-1.000000,0.0000,0.0000,0,0,0.000,1.000,19.607,-89.256,628.263,96.571,0,0,-1,99.636111
218,31.7311,portrait-orbit,-69.881,617.766,101.792,0.000,72.265,231.720,-58.409,627.738,16.880,-74.622,634.327,16.880,0.0000,0.0000,-47.073,617.544,96.569,-89.261,628.246,96.569,0.4809,0.0000,0.0000,0,0.000,0.000,0.0000,0.0000,0,0,-89.261,628.246,96.569,0.000,0,-1.000000,1.000,28.924,-1.000000,0.0000,0.0000,0,0,0.000,1.000,19.607,-89.261,628.246,96.569,0,0,-1,99.636111
219,31.8851,portrait-orbit,-69.881,617.766,101.792,0.000,72.265,231.720,-58.409,627.738,16.880,-74.622,634.327,16.880,0.0000,0.0000,-47.073,617.544,96.569,-89.261,628.246,96.569,0.4809,0.0000,0.0000,0,0.000,0.000,0.0000,0.0000,0,0,-89.261,628.246,96.569,0.000,0,-1.000000,1.000,28.924,-1.000000,0.0000,0.0000,0,0,0.000,1.000,19.607,-89.261,628.246,96.569,0,0,-1,99.636111
220,32.0411,portrait-orbit,-69.881,617.766,101.792,0.000,72.265,231.720,-58.409,627.738,16.880,-74.622,634.327,16.880,0.0000,0.0000,-47.049,617.661,96.585,-89.226,628.362,96.585,0.4809,0.0000,0.0000,0,0.000,0.000,0.0000,0.0000,0,0,-89.226,628.362,96.585,0.000,0,-1.000000,1.000,28.924,-1.000000,0.0000,0.0000,0,0,0.000,1.000,19.607,-89.226,628.362,96.585,0,0,-1,99.636111
221,32.1922,portrait-orbit,-69.881,617.766,101.792,0.000,72.265,231.720,-58.409,627.738,16.880,-74.622,634.327,16.880,0.0000,0.0000,-47.029,617.757,96.598,-89.198,628.456,96.598,0.4809,0.0000,0.0000,0,0.000,0.000,0.0000,0.0000,0,0,-89.198,628.456,96.598,0.000,0,-1.000000,1.000,28.924,-1.000000,0.0000,0.0000,0,0,0.000,1.000,19.607,-89.198,628.456,96.598,0,0,-1,99.636111
222,32.3461,portrait-orbit,-69.881,617.766,101.792,0.000,72.265,231.720,-58.409,627.738,16.880,-74.622,634.327,16.880,0.0000,0.0000,-47.008,617.856,96.612,-89.169,628.553,96.612,0.4809,0.0000,0.0000,0,0.000,0.000,0.0000,0.0000,0,0,-89.169,628.553,96.612,0.000,0,-1.000000,1.000,28.924,-1.000000,0.0000,0.0000,0,0,0.000,1.000,19.607,-89.169,628.553,96.612,0,0,-1,99.636111
223,32.5012,portrait-orbit,-69.881,617.766,101.792,0.000,72.265,231.720,-58.409,627.738,16.880,-74.622,634.327,16.880,0.0000,0.0000,-46.985,617.967,96.628,-89.137,628.661,96.628,0.4809,0.0000,0.0000,0,0.000,0.000,0.0000,0.0000,0,0,-89.137,628.661,96.628,0.000,0,-1.000000,1.000,28.924,-1.000000,0.0000,0.0000,0,0,0.000,1.000,19.607,-89.137,628.661,96.628,0,0,-1,99.636111
224,32.6422,portrait-orbit,-69.881,617.766,101.792,0.000,72.265,231.720,-58.409,627.738,16.880,-74.622,634.327,16.880,0.0000,0.0000,-46.967,618.050,96.640,-89.113,628.743,96.640,0.4809,0.0000,0.0000,0,0.000,0.000,0.0000,0.0000,0,0,-89.113,628.743,96.640,0.000,0,-1.000000,1.000,28.924,-1.000000,0.0000,0.0000,0,0,0.000,1.000,19.607,-89.113,628.743,96.640,0,0,-1,99.636111
225,32.7816,portrait-orbit,-69.881,617.766,101.792,0.000,72.265,231.720,-58.409,627.738,16.880,-74.622,634.327,16.880,0.0000,0.0000,-46.950,618.133,96.653,-89.088,628.824,96.653,0.4809,0.0000,0.0000,0,0.000,0.000,0.0000,0.0000,0,0,-89.088,628.824,96.653,0.000,0,-1.000000,1.000,28.924,-1.000000,0.0000,0.0000,0,0,0.000,1.000,19.607,-89.088,628.824,96.653,0,0,-1,99.636111
226,32.9281,portrait-orbit,-69.881,617.766,101.792,0.000,72.265,231.720,-58.409,627.738,16.880,-74.622,634.327,16.880,0.0000,0.0000,-46.949,618.139,96.653,-89.087,628.828,96.653,0.4809,0.0000,0.0000,0,0.000,0.000,0.0000,0.0000,0,0,-89.087,628.828,96.653,0.000,0,-1.000000,1.000,28.924,-1.000000,0.0000,0.0000,0,0,0.000,1.000,19.607,-89.087,628.828,96.653,0,0,-1,99.636111
227,33.0883,portrait-orbit,-69.881,617.766,101.792,0.000,72.265,231.720,-58.409,627.738,16.880,-74.622,634.327,16.880,0.0000,0.0000,-46.934,618.208,96.664,-89.066,628.896,96.664,0.4809,0.0000,0.0000,0,0.000,0.000,0.0000,0.0000,0,0,-89.066,628.896,96.664,0.000,0,-1.000000,1.000,28.924,-1.000000,0.0000,0.0000,0,0,0.000,1.000,19.607,-89.066,628.896,96.664,0,0,-1,99.636111
228,33.2505,portrait-orbit,-69.881,617.766,101.792,0.000,72.265,231.720,-58.409,627.738,16.880,-74.622,634.327,16.880,0.0000,0.0000,-46.934,618.208,96.664,-89.066,628.896,96.664,0.4809,0.0000,0.0000,0,0.000,0.000,0.0000,0.0000,0,0,-89.066,628.896,96.664,0.000,0,-1.000000,1.000,28.924,-1.000000,0.0000,0.0000,0,0,0.000,1.000,19.607,-89.066,628.896,96.664,0,0,-1,99.636111
229,33.4086,portrait-orbit,-69.881,617.766,101.792,0.000,72.265,231.720,-58.409,627.738,16.880,-74.622,634.327,16.880,0.0000,0.0000,-46.949,618.139,96.656,-89.086,628.830,96.656,0.4809,0.0000,0.0000,0,0.000,0.000,0.0000,0.0000,0,0,-89.086,628.830,96.656,0.000,0,-1.000000,1.000,28.924,-1.000000,0.0000,0.0000,0,0,0.000,1.000,19.607,-89.086,628.830,96.656,0,0,-1,99.636111
230,33.5714,return-to-world,-69.881,617.766,101.792,0.000,72.265,231.720,-58.409,627.738,16.880,-74.622,634.327,16.880,0.0000,0.0000,-46.967,618.055,96.648,-89.111,628.747,96.649,0.4809,0.0000,0.0000,0,0.000,0.000,0.0000,0.0000,0,0,-89.111,628.747,96.649,0.000,0,-1.000000,1.000,28.924,-1.000000,0.0000,0.0000,0,0,0.000,1.000,19.607,-89.111,628.747,96.649,0,0,-1,99.636111
231,33.7260,return-to-world,-69.881,617.766,101.792,0.000,72.265,231.720,-58.409,627.738,16.880,-74.622,634.327,16.880,0.0000,0.0000,-46.984,617.968,96.628,-89.137,628.662,96.628,0.4809,0.0000,0.0000,0,0.000,0.000,0.0000,0.0000,0,0,-89.137,628.662,96.628,0.000,0,-1.000000,1.000,28.924,-1.000000,0.0000,0.0000,0,0,0.000,1.000,19.607,-89.137,628.662,96.628,0,0,-1,99.633633
232,33.8793,return-to-world,-69.881,617.766,101.792,0.000,72.265,231.720,-58.409,627.738,16.880,-74.622,634.327,16.880,0.0000,0.0000,-47.005,617.867,96.614,-89.166,628.564,96.614,0.4809,0.0000,0.0000,0,0.000,0.000,0.0000,0.0000,0,0,-89.166,628.564,96.614,0.000,0,-1.000000,1.000,28.924,-1.000000,0.0000,0.0000,0,0,0.000,1.000,19.607,-89.166,628.564,96.614,0,0,-1,99.631183
233,34.0361,return-to-world,-69.881,617.766,101.792,0.000,72.265,231.720,-58.409,627.738,16.880,-74.622,634.327,16.880,0.0000,0.0000,-47.028,617.758,96.598,-89.198,628.457,96.598,0.4809,0.0000,0.0000,0,0.000,0.000,0.0000,0.0000,0,0,-89.198,628.457,96.598,0.000,0,-1.000000,1.000,28.924,-1.000000,0.0000,0.0000,0,0,0.000,1.000,19.607,-89.198,628.457,96.598,0,0,-1,99.628671
234,34.1901,return-to-world,-69.881,617.766,101.792,0.000,72.265,231.720,-58.409,627.738,16.880,-74.622,634.327,16.880,0.0000,0.0000,-47.045,617.681,96.586,-89.221,628.380,96.586,0.4809,0.0000,0.0000,0,0.000,0.000,0.0000,0.0000,0,0,-89.221,628.380,96.586,0.000,0,-1.000000,1.000,28.924,-1.000000,0.0000,0.0000,0,0,0.000,1.000,19.607,-89.221,628.380,96.586,0,0,-1,99.626212
235,34.3410,return-to-world,-69.881,617.766,101.792,0.000,72.265,231.720,-58.409,627.738,16.880,-74.622,634.327,16.880,0.0000,0.0000,-47.050,617.658,96.576,-89.226,628.358,96.576,0.4809,0.0000,0.0000,0,0.000,0.000,0.0000,0.0000,0,0,-89.226,628.358,96.576,0.000,0,-1.000000,1.000,28.924,-1.000000,0.0000,0.0000,0,0,0.000,1.000,19.607,-89.226,628.358,96.576,0,0,-1,99.623793
236,34.4937,return-to-world,-69.881,617.766,101.792,0.000,72.265,231.720,-58.409,627.738,16.880,-74.622,634.327,16.880,0.0000,0.0000,-47.070,617.561,96.571,-89.256,628.263,96.571,0.4809,0.0000,0.0000,0,0.000,0.000,0.0000,0.0000,0,0,-89.256,628.263,96.571,0.000,0,-1.000000,1.000,28.924,-1.000000,0.0000,0.0000,0,0,0.000,1.000,19.607,-89.256,628.263,96.571,0,0,-1,99.621352
237,34.6340,walk-to-forage,-69.881,617.766,101.792,0.000,72.265,231.720,-58.409,627.738,16.880,-74.622,634.327,16.880,0.0000,0.0000,-47.070,617.561,96.571,-89.256,628.263,96.571,0.4809,0.0000,0.0000,0,-100.000,550.000,0.0000,0.0000,0,0,-89.256,628.263,96.571,0.000,0,-1.000000,1.000,28.924,-1.000000,0.0000,0.0000,0,0,0.000,1.000,19.607,-89.256,628.263,96.571,0,0,0,99.619103
238,34.7869,walk-to-forage,-71.489,615.728,101.708,26.704,118.044,233.861,-59.137,611.957,15.816,-97.732,641.544,15.844,0.7630,0.2225,-56.525,632.657,92.033,-92.622,608.318,91.873,0.5149,0.0000,0.0000,0,-100.000,550.000,0.0000,0.0000,0,0,-92.622,608.318,91.873,0.000,0,-1.000000,1.000,28.924,-1.000000,0.0000,0.0000,0,0,0.000,1.000,19.607,-92.622,608.318,91.873,0,0,0,99.616662
239,34.9407,walk-to-forage,-75.319,610.585,101.501,45.000,164.245,235.360,-60.968,616.465,18.347,-111.276,609.621,16.679,1.0000,0.3750,-81.873,633.749,91.782,-79.991,588.921,90.792,0.5727,0.0000,0.0000,0,-100.000,550.000,0.0000,0.0000,0,0,-79.991,588.921,90.792,0.000,0,-1.000000,1.000,28.924,-1.000000,0.0000,0.0000,0,0,0.000,1.000,19.607,-79.991,588.921,90.792,0,0,0,99.614198
240,35.0980,walk-to-forage,-79.385,604.810,101.273,45.000,-148.668,236.800,-79.395,615.266,20.826,-97.346,581.605,16.286,1.0000,0.3750,-103.313,613.235,93.080,-63.241,588.422,91.488,0.6315,0.0000,0.0000,0,-100.000,550.000,0.0000,0.0000,0,0,-63.241,588.422,91.488,0.000,0,-1.000000,1.000,28.924,-1.000000,0.0000,0.0000,0,0,0.000,1.000,19.607,-63.241,588.422,91.488,0,0,0,99.611687
241,35.2334,walk-to-forage,-82.777,599.731,101.077,45.000,-123.201,238.085,-91.168,602.339,22.828,-85.937,576.480,15.782,1.0000,0.3750,-108.713,595.238,93.930,-59.906,593.759,92.039,0.6824,0.0000,0.0000,0,-100.000,550.000,0.0000,0.0000,0,0,-59.906,593.759,92.039,0.000,0,-1.000000,1.000,28.924,-1.000000,0.0000,0.0000,0,0,0.000,1.000,19.607,-59.906,593.759,92.039,0,0,0,99.609515
242,35.3831,walk-to-forage,-86.378,594.051,100.860,45.000,-121.915,239.589,-99.505,587.988,24.376,-85.913,576.675,15.977,1.0000,0.3750,-112.614,588.131,94.851,-62.880,589.592,92.829,0.7385,0.0000,0.0000,0,-100.000,550.000,0.0000,0.0000,0,0,-62.880,589.592,92.829,0.000,0,-1.000000,1.000,28.924,-1.000000,0.0000,0.0000,0,0,0.000,1.000,19.607,-62.880,589.592,92.829,0,0,0,99.607124
243,35.5343,settle-forage,-86.378,594.051,100.860,0.000,-121.915,239.589,-99.911,587.332,17.003,-85.864,576.776,15.790,0.2419,0.0000,-109.752,596.728,95.203,-68.421,581.300,94.666,0.7385,0.0000,0.0000,0,-100.000,550.000,0.0000,0.0000,0,0,-68.421,581.300,94.666,0.000,0,-1.000000,1.000,28.924,-1.000000,0.0000,0.0000,0,0,0.000,1.000,19.607,-68.421,581.300,94.666,0,0,0,99.604698
244,35.6873,settle-forage,-86.378,594.051,100.860,0.000,-121.915,239.589,-99.943,587.192,15.948,-85.839,576.833,15.948,0.0000,0.0000,-108.675,599.363,95.712,-70.436,578.673,95.712,0.7385,0.0000,0.0000,0,-100.000,550.000,0.0000,0.0000,0,0,-70.436,578.673,95.712,0.000,0,-1.000000,1.000,28.924,-1.000000,0.0000,0.0000,0,0,0.000,1.000,19.607,-70.436,578.673,95.712,0,0,0,99.602256
245,35.8241,settle-forage,-86.378,594.051,100.860,0.000,-121.915,239.589,-99.943,587.192,15.948,-85.839,576.833,15.948,0.0000,0.0000,-108.703,599.307,95.721,-70.468,578.620,95.721,0.7385,0.0000,0.0000,0,-100.000,550.000,0.0000,0.0000,0,0,-70.468,578.620,95.721,0.000,0,-1.000000,1.000,28.924,-1.000000,0.0000,0.0000,0,0,0.000,1.000,19.607,-70.468,578.620,95.721,0,0,0,99.600064
246,35.9792,settle-forage,-86.378,594.051,100.860,0.000,-121.915,239.589,-99.943,587.192,15.948,-85.839,576.833,15.948,0.0000,0.0000,-108.703,599.307,95.721,-70.468,578.620,95.721,0.7385,0.0000,0.0000,0,-100.000,550.000,0.0000,0.0000,0,0,-70.468,578.620,95.721,0.000,0,-1.000000,1.000,28.924,-1.000000,0.0000,0.0000,0,0,0.000,1.000,19.607,-70.468,578.620,95.721,0,0,0,99.597591
247,36.1479,settle-forage,-86.378,594.051,100.860,0.000,-121.915,239.589,-99.943,587.192,15.948,-85.839,576.833,15.948,0.0000,0.0000,-108.734,599.243,95.732,-70.504,578.559,95.732,0.7385,0.0000,0.0000,0,-100.000,550.000,0.0000,0.0000,0,0,-70.504,578.559,95.732,0.000,0,-1.000000,1.000,28.924,-1.000000,0.0000,0.0000,0,0,0.000,1.000,19.607,-70.504,578.559,95.732,0,0,0,99.594882
248,36.3003,view-picking-side,-86.378,594.051,100.860,0.000,-121.915,239.589,-99.943,587.192,15.948,-85.839,576.833,15.948,0.0000,0.0000,-108.734,599.243,95.732,-70.504,578.559,95.732,0.7385,0.0000,0.0000,0,-100.000,550.000,0.0000,0.0000,0,0,-70.504,578.559,95.732,0.000,0,-1.000000,1.000,28.924,-1.000000,0.0000,0.0000,0,0,0.000,1.000,19.607,-70.504,578.559,95.732,0,0,0,99.592448
249,36.4375,view-picking-side,-86.378,594.051,100.860,0.000,-121.915,232.240,-99.943,587.192,15.948,-85.839,576.833,15.948,0.0000,0.0000,-108.696,599.320,95.723,-70.461,578.632,95.723,0.7385,0.0000,0.0000,0,-100.000,550.000,0.0000,0.0000,0,0,-70.461,578.632,95.723,0.000,0,-1.000000,1.000,28.924,-1.000000,0.0000,0.0000,0,0,0.000,1.000,19.607,-70.461,578.632,95.723,0,0,0,99.590247
250,36.5872,view-picking-side,-86.378,594.051,100.860,0.000,-121.915,224.261,-99.943,587.192,15.948,-85.839,576.833,15.948,0.0000,0.0000,-108.663,599.389,95.715,-70.421,578.698,95.715,0.7385,0.0000,0.0000,0,-100.000,550.000,0.0000,0.0000,0,0,-70.421,578.698,95.715,0.000,0,-1.000000,1.000,28.924,-1.000000,0.0000,0.0000,0,0,0.000,1.000,19.607,-70.421,578.698,95.715,0,0,0,99.587858
251,36.7373,view-picking-side,-86.378,594.051,100.860,0.000,-121.915,216.228,-99.943,587.192,15.948,-85.839,576.833,15.948,0.0000,0.0000,-108.623,599.471,95.695,-70.374,578.776,95.695,0.7385,0.0000,0.0000,0,-100.000,550.000,0.0000,0.0000,0,0,-70.374,578.776,95.695,0.000,0,-1.000000,1.000,28.924,-1.000000,0.0000,0.0000,0,0,0.000,1.000,19.607,-70.374,578.776,95.695,0,0,0,99.585453
252,36.8910,view-picking-side,-86.378,594.051,100.860,0.000,-121.915,208.027,-99.943,587.192,15.948,-85.839,576.833,15.948,0.0000,0.0000,-108.578,599.563,95.680,-70.321,578.864,95.680,0.7385,0.0000,0.0000,0,-100.000,550.000,0.0000,0.0000,0,0,-70.321,578.864,95.680,0.000,0,-1.000000,1.000,28.924,-1.000000,0.0000,0.0000,0,0,0.000,1.000,19.607,-70.321,578.864,95.680,0,0,0,99.582998
253,37.0451,view-picking-side,-86.378,594.051,100.860,0.000,-121.915,199.776,-99.943,587.192,15.948,-85.839,576.833,15.948,0.0000,0.0000,-108.530,599.661,95.665,-70.265,578.958,95.665,0.7385,0.0000,0.0000,0,-100.000,550.000,0.0000,0.0000,0,0,-70.265,578.958,95.665,0.000,0,-1.000000,1.000,28.924,-1.000000,0.0000,0.0000,0,0,0.000,1.000,19.607,-70.265,578.958,95.665,0,0,0,99.580527
254,37.1977,view-picking-side,-86.378,594.051,100.860,0.000,-121.915,191.637,-99.943,587.192,15.948,-85.839,576.833,15.948,0.0000,0.0000,-108.497,599.728,95.654,-70.227,579.023,95.654,0.7385,0.0000,0.0000,0,-100.000,550.000,0.0000,0.0000,0,0,-70.227,579.023,95.654,0.000,0,-1.000000,1.000,28.924,-1.000000,0.0000,0.0000,0,0,0.000,1.000,19.607,-70.227,579.023,95.654,0,0,0,99.578090
255,37.3586,view-picking-side,-86.378,594.051,100.860,0.000,-121.915,183.030,-99.943,587.192,15.948,-85.839,576.833,15.948,0.0000,0.0000,-108.486,599.750,95.643,-70.216,579.044,95.643,0.7385,0.0000,0.0000,0,-100.000,550.000,0.0000,0.0000,0,0,-70.216,579.044,95.643,0.000,0,-1.000000,1.000,28.924,-1.000000,0.0000,0.0000,0,0,0.000,1.000,19.607,-70.216,579.044,95.643,0,0,0,99.575513
256,37.5185,before-pick,-86.378,594.051,100.860,0.000,-121.915,174.490,-99.943,587.192,15.948,-85.839,576.833,15.948,0.0000,0.0000,-108.444,599.837,95.639,-70.165,579.127,95.639,0.7385,0.0000,0.0000,0,-100.000,550.000,0.0000,0.0000,0,0,-70.165,579.127,95.639,0.000,0,-1.000000,1.000,28.924,-1.000000,0.0000,0.0000,0,0,0.000,1.000,19.607,-70.165,579.127,95.639,0,0,0,99.572956
257,37.6596,before-pick,-86.378,594.051,100.860,0.000,-121.915,174.490,-99.943,587.192,15.948,-85.839,576.833,15.948,0.0000,0.0000,-108.444,599.837,95.639,-70.165,579.127,95.639,0.7385,0.0000,0.0000,0,-100.000,550.000,0.0000,0.0000,0,0,-70.165,579.127,95.639,0.000,0,-1.000000,1.000,28.924,-1.000000,0.0000,0.0000,0,0,0.000,1.000,19.607,-70.165,579.127,95.639,0,0,0,99.570694
258,37.7950,before-pick,-86.378,594.051,100.860,0.000,-121.915,174.490,-99.943,587.192,15.948,-85.839,576.833,15.948,0.0000,0.0000,-108.436,599.853,95.637,-70.156,579.142,95.637,0.7385,0.0000,0.0000,0,-100.000,550.000,0.0000,0.0000,0,0,-70.156,579.142,95.637,0.000,0,-1.000000,1.000,28.924,-1.000000,0.0000,0.0000,0,0,0.000,1.000,19.607,-70.156,579.142,95.637,0,0,0,99.568533
259,37.9469,before-pick,-86.378,594.051,100.860,0.000,-121.915,174.490,-99.943,587.192,15.948,-85.839,576.833,15.948,0.0000,0.0000,-108.436,599.853,95.637,-70.156,579.142,95.637,0.7385,0.0000,0.0000,0,-100.000,550.000,0.0000,0.0000,0,0,-70.156,579.142,95.637,0.000,0,-1.000000,1.000,28.924,-1.000000,0.0000,0.0000,0,0,0.000,1.000,19.607,-70.156,579.142,95.637,0,0,0,99.566098
260,38.1002,before-pick,-86.378,594.051,100.860,0.000,-121.915,174.490,-99.943,587.192,15.948,-85.839,576.833,15.948,0.0000,0.0000,-108.506,599.711,95.658,-70.237,579.005,95.658,0.7385,0.0000,0.0000,0,-100.000,550.000,0.0000,0.0000,0,0,-70.237,579.005,95.658,0.000,0,-1.000000,1.000,28.924,-1.000000,0.0000,0.0000,0,0,0.000,1.000,19.607,-70.237,579.005,95.658,0,0,0,99.563650
261,38.2338,before-pick,-86.378,594.051,100.860,0.000,-121.915,174.490,-99.943,587.192,15.948,-85.839,576.833,15.948,0.0000,0.0000,-108.544,599.633,95.670,-70.282,578.931,95.670,0.7385,0.0000,0.0000,0,-100.000,550.000,0.0000,0.0000,0,0,-70.282,578.931,95.670,0.000,0,-1.000000,1.000,28.924,-1.000000,0.0000,0.0000,0,0,0.000,1.000,19.607,-70.282,578.931,95.670,0,0,0,99.561507
262,38.3824,gather,-86.378,594.051,100.860,0.000,-121.915,174.490,-99.943,587.192,15.948,-85.839,576.833,15.948,0.0000,0.0000,-108.588,599.542,95.684,-70.333,578.844,95.684,0.7385,0.0000,0.0000,0,-100.000,550.000,0.0000,0.0000,0,0,-70.333,578.844,95.684,0.000,0,-1.000000,1.000,28.924,-1.000000,0.0000,0.0000,0,0,0.000,1.000,19.607,-70.333,578.844,95.684,0,0,0,99.559133
263,38.5308,gather,-86.378,594.051,100.860,0.000,-121.915,174.490,-99.946,587.211,15.787,-85.815,576.887,15.791,0.0000,0.0000,-107.652,601.273,92.627,-70.221,579.547,92.676,0.7385,1.0000,0.1482,1,-100.000,550.000,0.0000,0.0000,0,0,-70.221,579.547,92.676,0.000,0,-1.000000,1.000,28.924,-1.000000,0.0000,0.0000,0,0,0.000,1.000,19.607,-70.221,579.547,92.676,0,0,0,99.556761
264,38.6780,gather,-86.378,594.051,100.860,0.000,-121.915,174.490,-99.891,587.273,15.900,-85.808,576.909,15.873,0.0000,0.0000,-105.841,604.620,87.317,-75.825,572.700,89.111,0.7385,1.0000,0.2959,1,-100.000,550.000,0.0000,0.0000,0,0,-75.825,572.700,89.111,0.000,0,-1.000000,1.000,28.924,-1.000000,0.0000,0.0000,0,0,0.000,1.000,19.607,-75.825,572.700,89.111,0,0,0,99.554399
265,38.8237,gather,-86.378,594.051,100.860,0.000,-121.915,174.490,-99.953,587.185,16.023,-85.846,576.816,16.024,0.0000,0.0000,-104.469,607.156,83.596,-86.070,559.905,94.430,0.7385,1.0000,0.4413,1,-100.000,550.000,0.0000,0.0000,0,0,-86.070,559.905,94.430,0.000,0,-1.000000,1.000,28.924,-1.000000,0.0000,0.0000,0,0,0.000,1.000,19.607,-86.070,559.905,94.430,0,0,0,99.552071
266,38.9685,gather,-86.378,594.051,100.860,0.000,-121.915,174.490,-99.964,587.176,15.967,-85.859,576.770,15.975,0.0000,0.0000,-104.286,607.495,83.079,-86.860,559.527,96.845,0.7385,1.0000,0.5863,1,-100.000,550.000,0.0000,0.0000,0,0,-86.860,559.527,96.845,0.000,0,-1.000000,1.000,28.924,-1.000000,0.0000,0.0000,0,0,0.000,1.000,19.607,-86.860,559.527,96.845,0,0,0,99.549752
267,39.1170,gather,-86.378,594.051,100.860,0.000,-121.915,174.490,-100.019,587.086,15.986,-85.856,576.768,15.975,0.0000,0.0000,-104.286,607.495,83.079,-85.913,561.371,98.375,0.7385,1.0000,0.7346,1,-100.000,550.000,0.0000,0.0000,0,0,-85.913,561.371,98.375,0.000,0,-1.000000,1.000,28.924,-1.000000,0.0000,0.0000,0,0,0.000,1.000,19.607,-85.913,561.371,98.375,0,0,0,99.547380
268,39.2667,gather,-86.378,594.051,100.860,0.000,-121.915,174.490,-99.950,587.217,15.847,-85.837,576.859,15.844,0.0000,0.0000,-104.290,607.488,83.078,-86.893,559.323,96.086,0.7385,1.0000,0.8845,1,-100.000,550.000,0.0000,0.0000,0,0,-86.893,559.323,96.086,0.000,0,-1.000000,1.000,28.924,-1.000000,0.0000,0.0000,0,0,0.000,1.000,19.607,-86.893,559.323,96.086,0,0,0,99.544980
269,39.4103,gather,-86.378,594.051,100.860,0.000,-121.915,174.490,-100.014,587.106,15.991,-85.836,576.840,16.013,0.0000,0.0000,-104.918,606.327,84.786,-82.301,564.366,91.388,0.7385,1.0000,1.0280,1,-100.000,550.000,0.0000,0.0000,0,0,-82.301,564.366,91.388,0.000,0,-1.000000,1.000,28.924,-1.000000,0.0000,0.0000,0,0,0.000,1.000,19.607,-82.301,564.366,91.388,0,0,0,99.542685
270,39.5561,gather,-86.378,594.051,100.860,0.000,-121.915,174.490,-99.959,587.165,15.854,-85.845,576.812,15.872,0.0000,0.0000,-106.004,604.319,87.724,-75.017,573.768,89.145,0.7385,1.0000,1.1740,1,-100.000,550.000,0.0000,0.0000,0,0,-75.017,573.768,89.145,0.000,0,-1.000000,1.000,28.924,-1.000000,0.0000,0.0000,0,0,0.000,1.000,19.607,-75.017,573.768,89.145,0,0,0,99.540349
271,39.7034,gather,-86.378,594.051,100.860,0.000,-121.915,174.490,-99.888,587.271,15.828,-85.812,576.906,15.815,0.0000,0.0000,-107.238,602.038,91.351,-70.797,579.043,91.492,0.7385,1.0000,1.3211,1,-100.000,550.000,0.0000,0.0000,0,0,-70.797,579.043,91.492,0.000,0,-1.000000,1.000,28.924,-1.000000,0.0000,0.0000,0,0,0.000,1.000,19.607,-70.797,579.043,91.492,0,0,0,99.537995
272,39.8349,gather,-86.378,594.051,100.860,0.000,-121.915,174.490,-99.936,587.199,15.950,-85.841,576.837,15.950,0.0000,0.0000,-108.516,599.676,95.455,-70.295,578.936,95.458,0.7385,0.1782,1.4526,1,-100.000,550.000,0.0000,0.0000,0,0,-70.295,578.936,95.458,0.000,0,-1.000000,1.000,28.924,-1.000000,0.0000,0.0000,0,0,0.000,1.000,19.607,-70.295,578.936,95.458,0,0,0,99.535891
273,39.9664,gather,-86.378,594.051,100.860,0.000,-121.915,174.490,-99.943,587.192,15.948,-85.839,576.833,15.948,0.0000,0.0000,-108.554,599.611,95.673,-70.294,578.910,95.673,0.7385,0.0000,1.5841,1,-100.000,550.000,0.0000,0.0000,0,0,-70.294,578.910,95.673,0.000,0,-1.000000,1.000,28.924,-1.000000,0.0000,0.0000,0,0,0.000,1.000,19.607,-70.294,578.910,95.673,0,0,0,99.533787
274,40.0976,gather,-86.378,594.051,100.860,0.000,-121.915,174.490,-99.943,587.192,15.948,-85.839,576.833,15.948,0.0000,0.0000,-108.514,599.695,95.660,-70.246,578.990,95.660,0.7385,0.0000,1.6000,1,-100.000,550.000,0.0000,0.0000,0,0,-70.246,578.990,95.660,0.000,0,-1.000000,1.000,28.924,-1.000000,0.0000,0.0000,0,0,0.000,1.000,19.607,-70.246,578.990,95.660,0,0,0,99.531685
275,40.2415,gather,-86.378,594.051,100.860,0.000,-121.915,174.490,-99.943,587.192,15.948,-85.839,576.833,15.948,0.0000,0.0000,-108.494,599.734,95.651,-70.224,579.028,95.651,0.7385,0.0000,1.6000,1,-100.000,550.000,0.0000,0.0000,0,0,-70.224,579.028,95.651,0.000,0,-1.000000,1.000,28.924,-1.000000,0.0000,0.0000,0,0,0.000,1.000,19.607,-70.224,579.028,95.651,0,0,0,99.529386
276,40.3897,gather,-86.378,594.051,100.860,0.000,-121.915,174.490,-99.943,587.192,15.948,-85.839,576.833,15.948,0.0000,0.0000,-108.483,599.754,95.641,-70.214,579.048,95.641,0.7385,0.0000,1.6000,1,-100.000,550.000,0.0000,0.0000,0,0,-70.214,579.048,95.641,0.000,0,-1.000000,1.000,28.924,-1.000000,0.0000,0.0000,0,0,0.000,1.000,19.607,-70.214,579.048,95.641,0,0,0,99.527012
277,41.0549,gather,-86.378,594.051,100.860,0.000,-121.915,174.490,-99.943,587.192,15.948,-85.839,576.833,15.948,0.0000,0.0000,-108.436,599.853,95.637,-70.156,579.142,95.637,0.7385,0.0000,1.6000,1,-100.000,550.000,0.0000,0.0000,0,0,-70.156,579.142,95.637,0.000,0,-1.000000,1.000,28.924,-1.000000,0.0000,0.0000,0,0,0.000,1.000,19.607,-70.156,579.142,95.637,0,0,0,99.520612
278,41.2181,gather,-86.378,594.051,100.860,0.000,-121.915,174.490,-99.943,587.192,15.948,-85.839,576.833,15.948,0.0000,0.0000,-108.436,599.853,95.637,-70.156,579.142,95.637,0.7385,0.0000,1.6000,1,-100.000,550.000,0.0000,0.0000,0,0,-70.156,579.142,95.637,0.000,0,-1.000000,1.000,28.924,-1.000000,0.0000,0.0000,0,0,0.000,1.000,19.607,-70.156,579.142,95.637,0,0,0,99.517998
279,41.3791,gather,-86.378,594.051,100.860,0.000,-121.915,174.490,-99.943,587.192,15.948,-85.839,576.833,15.948,0.0000,0.0000,-108.510,599.703,95.659,-70.242,578.998,95.659,0.7385,0.0000,1.6000,1,-100.000,550.000,0.0000,0.0000,0,0,-70.242,578.998,95.659,0.000,0,-1.000000,1.000,28.924,-1.000000,0.0000,0.0000,0,0,0.000,1.000,19.607,-70.242,578.998,95.659,0,0,0,99.515428
280,41.5216,after-gather,-86.378,594.051,100.860,0.000,-121.915,174.490,-99.943,587.192,15.948,-85.839,576.833,15.948,0.0000,0.0000,-108.550,599.621,95.672,-70.288,578.920,95.672,0.7385,0.0000,1.6000,1,-100.000,550.000,0.0000,0.0000,0,0,-70.288,578.920,95.672,0.000,0,-1.000000,1.000,28.924,-1.000000,0.0000,0.0000,0,0,0.000,1.000,19.607,-70.288,578.920,95.672,0,0,0,99.513142
281,41.6603,after-gather,-86.378,594.051,100.860,0.000,-121.915,174.490,-99.943,587.192,15.948,-85.839,576.833,15.948,0.0000,0.0000,-108.592,599.534,95.685,-70.338,578.836,95.685,0.7385,0.0000,1.6000,1,-100.000,550.000,0.0000,0.0000,0,0,-70.338,578.836,95.685,0.000,0,-1.000000,1.000,28.924,-1.000000,0.0000,0.0000,0,0,0.000,1.000,19.607,-70.338,578.836,95.685,0,0,0,99.510928
282,41.7861,after-gather,-86.378,594.051,100.860,0.000,-121.915,174.490,-99.943,587.192,15.948,-85.839,576.833,15.948,0.0000,0.0000,-108.632,599.452,95.698,-70.385,578.758,95.698,0.7385,0.0000,1.6000,1,-100.000,550.000,0.0000,0.0000,0,0,-70.385,578.758,95.698,0.000,0,-1.000000,1.000,28.924,-1.000000,0.0000,0.0000,0,0,0.000,1.000,19.607,-70.385,578.758,95.698,0,0,0,99.508910
283,41.9124,after-gather,-86.378,594.051,100.860,0.000,-121.915,174.490,-99.943,587.192,15.948,-85.839,576.833,15.948,0.0000,0.0000,-108.665,599.385,95.709,-70.423,578.694,95.709,0.7385,0.0000,1.6000,1,-100.000,550.000,0.0000,0.0000,0,0,-70.423,578.694,95.709,0.000,0,-1.000000,1.000,28.924,-1.000000,0.0000,0.0000,0,0,0.000,1.000,19.607,-70.423,578.694,95.709,0,0,0,99.506893
284,42.0423,after-gather,-86.378,594.051,100.860,0.000,-121.915,174.490,-99.943,587.192,15.948,-85.839,576.833,15.948,0.0000,0.0000,-108.699,599.314,95.720,-70.464,578.626,95.721,0.7385,0.0000,1.6000,1,-100.000,550.000,0.0000,0.0000,0,0,-70.464,578.626,95.721,0.000,0,-1.000000,1.000,28.924,-1.000000,0.0000,0.0000,0,0,0.000,1.000,19.607,-70.464,578.626,95.721,0,0,0,99.504810
285,42.1789,after-gather,-86.378,594.051,100.860,0.000,-121.915,174.490,-99.943,587.192,15.948,-85.839,576.833,15.948,0.0000,0.0000,-108.703,599.307,95.721,-70.468,578.620,95.721,0.7385,0.0000,1.6000,1,-100.000,550.000,0.0000,0.0000,0,0,-70.468,578.620,95.721,0.000,0,-1.000000,1.000,28.924,-1.000000,0.0000,0.0000,0,0,0.000,1.000,19.607,-70.468,578.620,95.721,0,0,0,99.502628
286,42.3091,after-gather,-86.378,594.051,100.860,0.000,-121.915,174.490,-99.943,587.192,15.948,-85.839,576.833,15.948,0.0000,0.0000,-108.703,599.307,95.721,-70.468,578.620,95.721,0.7385,0.0000,1.6000,1,-100.000,550.000,0.0000,0.0000,0,0,-70.468,578.620,95.721,0.000,0,-1.000000,1.000,28.924,-1.000000,0.0000,0.0000,0,0,0.000,1.000,19.607,-70.468,578.620,95.721,0,0,0,99.500542
287,42.4392,after-gather,-86.378,594.051,100.860,0.000,-121.915,174.490,-99.943,587.192,15.948,-85.839,576.833,15.948,0.0000,0.0000,-108.734,599.243,95.732,-70.504,578.559,95.732,0.7385,0.0000,1.6000,1,-100.000,550.000,0.0000,0.0000,0,0,-70.504,578.559,95.732,0.000,0,-1.000000,1.000,28.924,-1.000000,0.0000,0.0000,0,0,0.000,1.000,19.607,-70.504,578.559,95.732,0,0,0,99.498465
288,42.5722,after-gather,-86.378,594.051,100.860,0.000,-121.915,174.490,-99.943,587.192,15.948,-85.839,576.833,15.948,0.0000,0.0000,-108.734,599.243,95.732,-70.504,578.559,95.732,0.7385,0.0000,1.6000,1,-100.000,550.000,0.0000,0.0000,0,0,-70.504,578.559,95.732,0.000,0,-1.000000,1.000,28.924,-1.000000,0.0000,0.0000,0,0,0.000,1.000,19.607,-70.504,578.559,95.732,0,0,0,99.496333
289,42.7014,after-gather,-86.378,594.051,100.860,0.000,-121.915,174.490,-99.943,587.192,15.948,-85.839,576.833,15.948,0.0000,0.0000,-108.697,599.319,95.723,-70.461,578.631,95.723,0.7385,0.0000,1.6000,1,-100.000,550.000,0.0000,0.0000,0,0,-70.461,578.631,95.723,0.000,0,-1.000000,1.000,28.924,-1.000000,0.0000,0.0000,0,0,0.000,1.000,19.607,-70.461,578.631,95.723,0,0,0,99.494270
290,42.8340,after-gather,-86.378,594.051,100.860,0.000,-121.915,174.490,-99.943,587.192,15.948,-85.839,576.833,15.948,0.0000,0.0000,-108.665,599.383,95.717,-70.425,578.692,95.717,0.7385,0.0000,1.6000,1,-100.000,550.000,0.0000,0.0000,0,0,-70.425,578.692,95.717,0.000,0,-1.000000,1.000,28.924,-1.000000,0.0000,0.0000,0,0,0.000,1.000,19.607,-70.425,578.692,95.717,0,0,0,99.492142
291,42.9662,after-gather,-86.378,594.051,100.860,0.000,-121.915,174.490,-99.943,587.192,15.948,-85.839,576.833,15.948,0.0000,0.0000,-108.634,599.448,95.699,-70.387,578.754,95.699,0.7385,0.0000,1.6000,1,-100.000,550.000,0.0000,0.0000,0,0,-70.387,578.754,95.699,0.000,0,-1.000000,1.000,28.924,-1.000000,0.0000,0.0000,0,0,0.000,1.000,19.607,-70.387,578.754,95.699,0,0,0,99.490033
292,43.1003,after-gather,-86.378,594.051,100.860,0.000,-121.915,174.490,-99.943,587.192,15.948,-85.839,576.833,15.948,0.0000,0.0000,-108.592,599.534,95.685,-70.338,578.836,95.685,0.7385,0.0000,1.6000,1,-100.000,550.000,0.0000,0.0000,0,0,-70.338,578.836,95.685,0.000,0,-1.000000,1.000,28.924,-1.000000,0.0000,0.0000,0,0,0.000,1.000,19.607,-70.338,578.836,95.685,0,0,0,99.487882
293,43.2328,after-gather,-86.378,594.051,100.860,0.000,-121.915,174.490,-99.943,587.192,15.948,-85.839,576.833,15.948,0.0000,0.0000,-108.554,599.612,95.673,-70.294,578.911,95.673,0.7385,0.0000,1.6000,1,-100.000,550.000,0.0000,0.0000,0,0,-70.294,578.911,95.673,0.000,0,-1.000000,1.000,28.924,-1.000000,0.0000,0.0000,0,0,0.000,1.000,19.607,-70.294,578.911,95.673,0,0,0,99.485769
294,43.3661,after-gather,-86.378,594.051,100.860,0.000,-121.915,174.490,-99.943,587.192,15.948,-85.839,576.833,15.948,0.0000,0.0000,-108.512,599.697,95.660,-70.245,578.992,95.660,0.7385,0.0000,1.6000,1,-100.000,550.000,0.0000,0.0000,0,0,-70.245,578.992,95.660,0.000,0,-1.000000,1.000,28.924,-1.000000,0.0000,0.0000,0,0,0.000,1.000,19.607,-70.245,578.992,95.660,0,0,0,99.483630
295,43.4977,after-gather,-86.378,594.051,100.860,0.000,-121.915,174.490,-99.943,587.192,15.948,-85.839,576.833,15.948,0.0000,0.0000,-108.495,599.733,95.651,-70.225,579.027,95.651,0.7385,0.0000,1.6000,1,-100.000,550.000,0.0000,0.0000,0,0,-70.225,579.027,95.651,0.000,0,-1.000000,1.000,28.924,-1.000000,0.0000,0.0000,0,0,0.000,1.000,19.607,-70.225,579.027,95.651,0,0,0,99.481530
296,43.6273,walk-to-authored-tree,-86.378,594.051,100.860,0.000,-121.915,174.490,-99.943,587.192,15.948,-85.839,576.833,15.948,0.0000,0.0000,-108.485,599.750,95.643,-70.216,579.045,95.643,0.7385,0.0000,1.6000,1,-100.000,550.000,0.0000,0.0000,0,0,-70.216,579.045,95.643,0.000,0,-1.000000,1.000,28.924,-1.000000,0.0000,0.0000,0,0,0.000,1.000,19.607,-70.216,579.045,95.643,0,0,0,99.479450
297,43.7551,walk-to-authored-tree,-86.378,594.051,100.860,0.000,-121.915,182.056,-99.943,587.192,15.948,-85.839,576.833,15.948,0.0000,0.0000,-108.444,599.837,95.639,-70.165,579.127,95.639,0.7385,0.0000,1.6000,1,-100.000,550.000,0.0000,0.0000,0,0,-70.165,579.127,95.639,0.000,0,-1.000000,1.000,28.924,-1.000000,0.0000,0.0000,0,0,0.000,1.000,19.607,-70.165,579.127,95.639,0,0,0,99.477411
298,43.8864,walk-to-authored-tree,-86.378,594.051,100.860,0.000,-121.915,189.873,-99.943,587.192,15.948,-85.839,576.833,15.948,0.0000,0.0000,-108.444,599.837,95.639,-70.165,579.127,95.639,0.7385,0.0000,1.6000,1,-100.000,550.000,0.0000,0.0000,0,0,-70.165,579.127,95.639,0.000,0,-1.000000,1.000,28.924,-1.000000,0.0000,0.0000,0,0,0.000,1.000,19.607,-70.165,579.127,95.639,0,0,0,99.475305
299,44.0163,walk-to-authored-tree,-86.378,594.051,100.860,0.000,-121.915,197.565,-99.943,587.192,15.948,-85.839,576.833,15.948,0.0000,0.0000,-108.436,599.853,95.637,-70.156,579.142,95.637,0.7385,0.0000,1.6000,1,-100.000,550.000,0.0000,0.0000,0,0,-70.156,579.142,95.637,0.000,0,-1.000000,1.000,28.924,-1.000000,0.0000,0.0000,0,0,0.000,1.000,19.607,-70.156,579.142,95.637,0,0,0,99.473232
300,44.1456,walk-to-authored-tree,-86.378,594.051,100.860,0.000,-121.915,205.249,-99.943,587.192,15.948,-85.839,576.833,15.948,0.0000,0.0000,-108.436,599.853,95.637,-70.156,579.142,95.637,0.7385,0.0000,1.6000,1,-100.000,550.000,0.0000,0.0000,0,0,-70.156,579.142,95.637,0.000,0,-1.000000,1.000,28.924,-1.000000,0.0000,0.0000,0,0,0.000,1.000,19.607,-70.156,579.142,95.637,0,0,0,99.471162
301,44.2802,walk-to-authored-tree,-86.378,594.051,100.860,0.000,-121.915,213.230,-99.943,587.192,15.948,-85.839,576.833,15.948,0.0000,0.0000,-108.482,599.760,95.651,-70.209,579.053,95.651,0.7385,0.0000,1.6000,1,-100.000,550.000,0.0000,0.0000,0,0,-70.209,579.053,95.651,0.000,0,-1.000000,1.000,28.924,-1.000000,0.0000,0.0000,0,0,0.000,1.000,19.607,-70.209,579.053,95.651,0,0,0,99.469011
302,44.4070,walk-to-authored-tree,-86.378,594.051,100.860,0.000,-121.915,220.777,-99.943,587.192,15.948,-85.839,576.833,15.948,0.0000,0.0000,-108.518,599.686,95.662,-70.251,578.982,95.662,0.7385,0.0000,1.6000,1,-100.000,550.000,0.0000,0.0000,0,0,-70.251,578.982,95.662,0.000,0,-1.000000,1.000,28.924,-1.000000,0.0000,0.0000,0,0,0.000,1.000,19.607,-70.251,578.982,95.662,0,0,0,99.466977
303,44.5473,walk-to-authored-tree,-86.378,594.051,100.860,0.000,-121.915,229.112,-99.943,587.192,15.948,-85.839,576.833,15.948,0.0000,0.0000,-108.556,599.608,95.674,-70.296,578.907,95.674,0.7385,0.0000,1.6000,1,-100.000,550.000,0.0000,0.0000,0,0,-70.296,578.907,95.674,0.000,0,-1.000000,1.000,28.924,-1.000000,0.0000,0.0000,0,0,0.000,1.000,19.607,-70.296,578.907,95.674,0,0,0,99.464731
304,44.6732,walk-to-authored-tree,-86.378,594.051,100.860,0.000,-121.915,236.594,-99.943,587.192,15.948,-85.839,576.833,15.948,0.0000,0.0000,-108.597,599.525,95.686,-70.343,578.828,95.687,0.7385,0.0000,1.6000,1,-100.000,550.000,0.0000,0.0000,0,0,-70.343,578.828,95.687,0.000,0,-1.000000,1.000,28.924,-1.000000,0.0000,0.0000,0,0,0.000,1.000,19.607,-70.343,578.828,95.687,0,0,0,99.462715
305,44.7995,walk-to-authored-tree,-86.378,594.051,100.860,0.000,-121.915,244.054,-99.943,587.192,15.948,-85.839,576.833,15.948,0.0000,0.0000,-108.635,599.446,95.699,-70.388,578.752,95.699,0.7385,0.0000,1.6000,1,-100.000,550.000,0.0000,0.0000,0,0,-70.388,578.752,95.699,0.000,0,-1.000000,1.000,28.924,-1.000000,0.0000,0.0000,0,0,0.000,1.000,19.607,-70.388,578.752,95.699,0,0,0,99.460705
306,44.9393,walk-to-authored-tree,-86.378,594.051,100.860,0.000,-121.915,252.394,-99.943,587.192,15.948,-85.839,576.833,15.948,0.0000,0.0000,-108.672,599.370,95.711,-70.432,578.680,95.711,0.7385,0.0000,1.6000,1,-100.000,550.000,0.0000,0.0000,0,0,-70.432,578.680,95.711,0.000,0,-1.000000,1.000,28.924,-1.000000,0.0000,0.0000,0,0,0.000,1.000,19.607,-70.432,578.680,95.711,0,0,0,99.458457
307,45.0658,walk-to-authored-tree,-86.378,594.051,100.860,0.000,-121.915,259.878,-99.943,587.192,15.948,-85.839,576.833,15.948,0.0000,0.0000,-108.703,599.307,95.721,-70.468,578.620,95.721,0.7385,0.0000,1.6000,1,-100.000,550.000,0.0000,0.0000,0,0,-70.468,578.620,95.721,0.000,0,-1.000000,1.000,28.924,-1.000000,0.0000,0.0000,0,0,0.000,1.000,19.607,-70.468,578.620,95.721,0,0,0,99.456440
308,45.1947,walk-to-authored-tree,-86.378,594.051,100.860,0.000,-121.915,267.556,-99.943,587.192,15.948,-85.839,576.833,15.948,0.0000,0.0000,-108.703,599.307,95.721,-70.468,578.620,95.721,0.7385,0.0000,1.6000,1,-100.000,550.000,0.0000,0.0000,0,0,-70.468,578.620,95.721,0.000,0,-1.000000,1.000,28.924,-1.000000,0.0000,0.0000,0,0,0.000,1.000,19.607,-70.468,578.620,95.721,0,0,0,99.454372
309,45.3239,walk-to-authored-tree,-86.378,594.051,100.860,0.000,-121.915,273.280,-99.943,587.192,15.948,-85.839,576.833,15.948,0.0000,0.0000,-108.718,599.275,95.727,-70.486,578.589,95.727,0.7385,0.0000,1.6000,1,-100.000,550.000,0.0000,0.0000,0,0,-70.486,578.589,95.727,0.000,0,-1.000000,1.000,28.924,-1.000000,0.0000,0.0000,0,0,0.000,1.000,19.607,-70.486,578.589,95.727,0,0,0,99.452309
310,45.4524,walk-to-authored-tree,-86.101,589.219,100.759,56.259,-86.720,277.047,-92.451,568.946,19.791,-76.225,580.004,15.688,0.6430,0.4688,-105.479,573.506,94.637,-64.026,594.022,93.288,0.7987,0.0000,1.6000,1,-100.000,550.000,0.0000,0.0000,0,0,-64.026,594.022,93.288,0.000,0,-1.000000,1.000,28.924,-1.000000,0.0000,0.0000,0,0,0.000,1.000,19.607,-64.026,594.022,93.288,0,0,0,99.450251
311,45.5796,walk-to-authored-tree,-84.854,577.413,100.524,111.800,-82.953,279.543,-86.148,537.321,17.472,-77.435,585.286,15.368,1.0000,0.9317,-103.309,561.800,90.760,-62.986,582.292,89.660,0.9171,0.0000,1.6000,1,-100.000,550.000,0.0000,0.0000,0,0,-62.986,582.292,89.660,0.000,0,-1.000000,1.000,28.924,-1.000000,0.0000,0.0000,0,0,0.000,1.000,19.607,-62.986,582.292,89.660,0,0,0,99.448218
312,45.7082,walk-to-authored-tree,-82.709,563.072,100.252,112.500,-80.457,281.306,-82.249,523.048,15.278,-77.643,579.943,15.789,1.0000,0.9375,-103.526,555.575,89.002,-59.783,559.397,89.528,0.0380,0.0000,1.6000,1,-100.000,550.000,0.0000,0.0000,0,0,-59.783,559.397,89.528,0.000,0,-1.000000,1.000,28.924,-1.000000,0.0000,0.0000,0,0,0.000,1.000,19.607,-59.783,559.397,89.528,0,0,0,99.446156
313,45.8382,walk-to-authored-tree,-80.043,548.728,99.992,112.500,-78.694,282.564,-82.176,522.696,15.089,-72.168,552.742,21.113,1.0000,0.9375,-103.317,548.048,90.924,-56.134,538.406,92.624,0.1596,0.0000,1.6000,1,-100.000,550.000,0.0000,0.0000,0,0,-56.134,538.406,92.624,0.000,0,-1.000000,1.000,28.924,-1.000000,0.0000,0.0000,0,0,0.000,1.000,19.607,-56.134,538.406,92.624,0,0,0,99.444080
314,45.9683,walk-to-authored-tree,-76.992,534.380,99.738,112.500,-77.436,283.476,-82.619,522.446,14.912,-63.378,518.252,23.083,1.0000,0.9375,-100.850,534.747,91.661,-52.664,523.113,93.560,0.2818,0.0000,1.6000,1,-100.000,550.000,0.0000,0.0000,0,0,-52.664,523.113,93.560,0.000,0,-1.000000,1.000,28.924,-1.000000,0.0000,0.0000,0,0,0.000,1.000,19.607,-52.664,523.113,93.560,0,0,0,99.441994
315,46.0986,walk-to-authored-tree,-73.683,520.130,99.491,112.500,-76.524,284.147,-83.084,522.261,14.390,-54.043,486.587,17.123,1.0000,0.9375,-95.322,515.324,88.881,-49.597,514.043,90.090,0.4037,0.0000,1.6000,1,-100.000,550.000,0.0000,0.0000,0,0,-49.597,514.043,90.090,0.000,0,-1.000000,1.000,28.924,-1.000000,0.0000,0.0000,0,0,0.000,1.000,19.607,-49.597,514.043,90.090,0,0,0,99.439914
316,46.2277,walk-to-authored-tree,-70.201,506.003,99.247,112.500,-75.853,284.655,-83.157,518.499,14.493,-49.526,469.927,14.231,1.0000,0.9375,-88.256,492.084,88.299,-48.060,509.150,87.939,0.5250,0.0000,1.6000,1,-100.000,550.000,0.0000,0.0000,0,0,-48.060,509.150,87.939,0.000,0,-1.000000,1.000,28.924,-1.000000,0.0000,0.0000,0,0,0.000,1.000,19.607,-48.060,509.150,87.939,0,0,0,99.437844
317,46.3585,walk-to-authored-tree,-66.539,491.772,99.006,112.500,-75.345,285.060,-75.930,492.592,19.667,-50.100,469.653,14.301,1.0000,0.9375,-81.224,470.569,91.552,-46.498,503.328,89.842,0.6474,0.0000,1.6000,1,-100.000,550.000,0.0000,0.0000,0,0,-46.498,503.328,89.842,0.000,0,-1.000000,1.000,28.924,-1.000000,0.0000,0.0000,0,0,0.000,1.000,19.607,-46.498,503.328,89.842,0,0,0,99.435754
318,46.4879,walk-to-authored-tree,-62.796,477.690,98.765,112.500,-74.940,285.391,-65.570,458.781,22.268,-50.926,469.610,13.899,1.0000,0.9375,-76.386,454.512,92.739,-43.484,491.779,90.723,0.7688,0.0000,1.6000,1,-100.000,550.000,0.0000,0.0000,0,0,-43.484,491.779,90.723,0.000,0,-1.000000,1.000,28.924,-1.000000,0.0000,0.0000,0,0,0.000,1.000,19.607,-43.484,491.779,90.723,0,0,0,99.433682
319,46.6178,walk-to-authored-tree,-58.957,463.609,98.526,112.500,-74.609,285.674,-55.332,426.492,16.870,-51.713,469.444,13.441,1.0000,0.9375,-74.200,444.024,89.572,-38.499,473.436,88.218,0.8905,0.0000,1.6000,1,-100.000,550.000,0.0000,0.0000,0,0,-38.499,473.436,88.218,0.000,0,-1.000000,1.000,28.924,-1.000000,0.0000,0.0000,0,0,0.000,1.000,19.607,-38.499,473.436,88.218,0,0,0,99.431606
320,46.7470,walk-to-authored-tree,-55.057,449.596,98.291,112.500,-74.326,285.926,-49.392,406.798,13.336,-52.212,467.723,13.414,1.0000,0.9375,-74.137,437.893,87.039,-32.435,450.389,87.207,0.0117,0.0000,1.6000,1,-100.000,550.000,0.0000,0.0000,0,0,-32.435,450.389,87.207,0.000,0,-1.000000,1.000,28.924,-1.000000,0.0000,0.0000,0,0,0.000,1.000,19.607,-32.435,450.389,87.207,0,0,0,99.429538
321,46.8771,walk-to-authored-tree,-51.071,435.528,98.053,112.500,-74.074,286.159,-50.019,406.576,13.201,-44.739,443.775,17.881,1.0000,0.9375,-73.665,431.792,88.456,-26.564,428.279,90.010,0.1335,0.0000,1.6000,1,-100.000,550.000,0.0000,0.0000,0,0,-26.564,428.279,90.010,0.000,0,-1.000000,1.000,28.924,-1.000000,0.0000,0.0000,0,0,0.000,1.000,19.607,-26.564,428.279,90.010,0,0,0,99.427458
322,47.0161,walk-to-authored-tree,-46.738,420.486,97.798,112.500,-73.841,286.396,-50.876,406.252,12.908,-33.167,408.180,21.338,1.0000,0.9375,-70.621,419.589,89.766,-21.697,410.598,91.685,0.2640,0.0000,1.6000,1,-100.000,550.000,0.0000,0.0000,0,0,-21.697,410.598,91.685,0.000,0,-1.000000,1.000,28.924,-1.000000,0.0000,0.0000,0,0,0.000,1.000,19.607,-21.697,410.598,91.685,0,0,0,99.425232
323,47.1533,walk-to-authored-tree,-42.410,405.688,97.544,112.500,-73.604,286.621,-51.666,405.962,12.553,-21.786,374.351,15.860,1.0000,0.9375,-64.301,400.387,87.272,-18.118,400.091,88.590,0.3924,0.0000,1.6000,1,-100.000,550.000,0.0000,0.0000,0,0,-18.118,400.091,88.590,0.000,0,-1.000000,1.000,28.924,-1.000000,0.0000,0.0000,0,0,0.000,1.000,19.607,-18.118,400.091,88.590,0,0,0,99.423039
324,47.2918,walk-to-authored-tree,-37.965,390.718,97.288,112.500,-73.379,286.846,-51.457,402.743,12.511,-15.630,355.299,12.289,1.0000,0.9375,-55.471,376.213,86.314,-15.915,394.636,85.988,0.5226,0.0000,1.6000,1,-100.000,550.000,0.0000,0.0000,0,0,-15.915,394.636,85.988,0.000,0,-1.000000,1.000,28.924,-1.000000,0.0000,0.0000,0,0,0.000,1.000,19.607,-15.915,394.636,85.988,0,0,0,99.420818
325,47.4298,walk-to-authored-tree,-33.494,375.873,97.037,112.500,-73.154,287.068,-42.681,375.737,17.939,-16.403,354.893,12.343,1.0000,0.9375,-47.267,353.965,89.715,-13.972,388.397,87.978,0.6518,0.0000,1.6000,1,-100.000,550.000,0.0000,0.0000,0,0,-13.972,388.397,87.978,0.000,0,-1.000000,1.000,28.924,-1.000000,0.0000,0.0000,0,0,0.000,1.000,19.607,-13.972,388.397,87.978,0,0,0,99.418613
326,47.5711,walk-to-authored-tree,-28.852,360.676,96.779,112.500,-72.932,287.298,-30.000,339.157,20.084,-17.314,354.702,11.970,1.0000,0.9375,-41.678,337.182,90.694,-9.970,375.253,88.699,0.7842,0.0000,1.6000,1,-100.000,550.000,0.0000,0.0000,0,0,-9.970,375.253,88.699,0.000,0,-1.000000,1.000,28.924,-1.000000,0.0000,0.0000,0,0,0.000,1.000,19.607,-9.970,375.253,88.699,0,0,0,99.416353
327,47.7125,walk-to-authored-tree,-24.143,345.477,96.523,112.500,-72.702,287.531,-18.293,305.828,13.488,-18.228,354.507,11.370,1.0000,0.9375,-39.514,326.812,86.771,-3.499,354.194,85.668,0.9168,0.0000,1.6000,1,-100.000,550.000,0.0000,0.0000,0,0,-3.499,354.194,85.668,0.000,0,-1.000000,1.000,28.924,-1.000000,0.0000,0.0000,0,0,0.000,1.000,19.607,-3.499,354.194,85.668,0,0,0,99.414090
328,47.8519,walk-to-authored-tree,-19.437,330.500,96.265,112.500,-72.469,287.765,-13.855,291.992,11.426,-16.634,347.451,12.190,1.0000,0.9375,-39.363,320.829,85.206,3.936,329.321,85.858,0.0476,0.0000,1.6000,1,-100.000,550.000,0.0000,0.0000,0,0,3.936,329.321,85.858,0.000,0,-1.000000,1.000,28.924,-1.000000,0.0000,0.0000,0,0,0.000,1.000,19.607,3.936,329.321,85.858,0,0,0,99.411858
329,47.9894,walk-to-authored-tree,-14.750,315.792,96.018,112.500,-72.235,288.000,-14.661,291.502,10.999,-6.401,318.171,17.726,1.0000,0.9375,-38.067,313.100,87.161,10.296,307.696,88.922,0.1763,0.0000,1.6000,1,-100.000,550.000,0.0000,0.0000,0,0,10.296,307.696,88.922,0.000,0,-1.000000,1.000,28.924,-1.000000,0.0000,0.0000,0,0,0.000,1.000,19.607,10.296,307.696,88.922,0,0,0,99.409662
330,48.1281,walk-to-authored-tree,-9.938,300.905,95.769,112.500,-72.000,288.244,-15.490,291.262,10.793,6.814,282.010,18.264,1.0000,0.9375,-33.473,298.581,87.251,15.261,292.423,89.091,0.3066,0.0000,1.6000,1,-100.000,550.000,0.0000,0.0000,0,0,15.261,292.423,89.091,0.000,0,-1.000000,1.000,28.924,-1.000000,0.0000,0.0000,0,0,0.000,1.000,19.607,15.261,292.423,89.091,0,0,0,99.407437
331,48.2706,walk-to-authored-tree,-4.951,285.696,95.515,112.500,-71.756,288.499,-16.307,290.957,10.623,18.480,250.579,11.792,1.0000,0.9375,-25.156,276.640,84.530,18.718,283.893,85.347,0.4400,0.0000,1.6000,1,-100.000,550.000,0.0000,0.0000,0,0,18.718,283.893,85.347,0.000,0,-1.000000,1.000,28.924,-1.000000,0.0000,0.0000,0,0,0.000,1.000,19.607,18.718,283.893,85.347,0,0,0,99.405161
332,48.4131,walk-to-authored-tree,0.120,270.460,95.262,112.500,-71.501,288.763,-12.759,278.910,12.141,21.118,241.419,10.423,1.0000,0.9375,-15.288,251.947,85.559,20.644,278.882,84.557,0.5738,0.0000,1.6000,1,-100.000,550.000,0.0000,0.0000,0,0,20.644,278.882,84.557,0.000,0,-1.000000,1.000,28.924,-1.000000,0.0000,0.0000,0,0,0.000,1.000,19.607,20.644,278.882,84.557,0,0,0,99.402877
333,48.5547,walk-to-authored-tree,5.211,255.391,95.008,112.500,-71.237,289.032,-0.514,246.602,18.131,20.439,241.193,10.289,1.0000,0.9375,-6.991,231.691,88.858,23.743,270.332,86.888,0.7064,0.0000,1.6000,1,-100.000,550.000,0.0000,0.0000,0,0,23.743,270.332,86.888,0.000,0,-1.000000,1.000,28.924,-1.000000,0.0000,0.0000,0,0,0.000,1.000,19.607,23.743,270.332,86.888,0,0,0,99.400615
334,48.6968,walk-to-authored-tree,10.402,240.258,94.757,112.500,-70.968,289.310,13.598,210.036,15.789,19.556,240.932,9.735,1.0000,0.9375,-2.353,217.615,87.348,29.322,253.920,85.589,0.8397,0.0000,1.6000,1,-100.000,550.000,0.0000,0.0000,0,0,29.322,253.920,85.589,0.000,0,-1.000000,1.000,28.924,-1.000000,0.0000,0.0000,0,0,0.000,1.000,19.607,29.322,253.920,85.589,0,0,0,99.398339
335,48.8422,walk-to-authored-tree,15.775,224.839,94.503,112.500,-70.690,289.603,24.515,181.432,9.849,18.504,240.541,9.534,1.0000,0.9375,-1.169,209.384,83.559,37.388,229.865,83.216,0.9758,0.0000,1.6000,1,-100.000,550.000,0.0000,0.0000,0,0,37.388,229.865,83.216,0.000,0,-1.000000,1.000,28.924,-1.000000,0.0000,0.0000,0,0,0.000,1.000,19.607,37.388,229.865,83.216,0,0,0,99.396017
336,48.9841,walk-to-authored-tree,21.112,209.768,94.258,112.500,-70.397,289.899,25.123,178.190,9.297,25.521,221.410,12.711,1.0000,0.9375,-0.591,203.323,84.074,45.611,205.431,85.392,0.1090,0.0000,1.6000,1,-100.000,550.000,0.0000,0.0000,0,0,45.611,205.431,85.392,0.000,0,-1.000000,1.000,28.924,-1.000000,0.0000,0.0000,0,0,0.000,1.000,19.607,45.611,205.431,85.392,0,0,0,99.393743
337,49.1260,walk-to-authored-tree,26.513,194.758,94.015,112.500,-70.101,290.205,24.379,177.824,9.117,39.286,187.007,17.565,1.0000,0.9375,2.721,192.369,85.997,52.155,186.495,87.914,0.2419,0.0000,1.6000,1,-100.000,550.000,0.0000,0.0000,0,0,52.155,186.495,87.914,0.000,0,-1.000000,1.000,28.924,-1.000000,0.0000,0.0000,0,0,0.000,1.000,19.607,52.155,186.495,87.914,0,0,0,99.391474
338,49.2678,walk-to-authored-tree,32.000,179.759,93.769,112.500,-69.795,290.521,23.344,177.413,8.850,53.516,151.756,13.089,1.0000,0.9375,9.781,173.807,83.937,56.632,174.740,85.412,0.3750,0.0000,1.6000,1,-100.000,550.000,0.0000,0.0000,0,0,56.632,174.740,85.412,0.000,0,-1.000000,1.000,28.924,-1.000000,0.0000,0.0000,0,0,0.000,1.000,19.607,56.632,174.740,85.412,0,0,0,99.389203
339,49.4127,walk-to-authored-tree,37.678,164.501,93.522,112.500,-69.479,290.855,23.375,175.898,8.664,63.044,129.418,8.550,1.0000,0.9375,20.793,149.716,82.433,59.808,169.007,82.280,0.5107,0.0000,1.6000,1,-100.000,550.000,0.0000,0.0000,0,0,59.808,169.007,82.280,0.000,0,-1.000000,1.000,28.924,-1.000000,0.0000,0.0000,0,0,0.000,1.000,19.607,59.808,169.007,82.280,0,0,0,99.386888
340,49.5557,walk-to-authored-tree,43.381,149.437,93.281,112.500,-69.145,291.198,33.822,149.561,13.752,62.240,128.964,8.519,1.0000,0.9375,31.022,126.874,85.702,62.115,162.972,84.009,0.6449,0.0000,1.6000,1,-100.000,550.000,0.0000,0.0000,0,0,62.115,162.972,84.009,0.000,0,-1.000000,1.000,28.924,-1.000000,0.0000,0.0000,0,0,0.000,1.000,19.607,62.115,162.972,84.009,0,0,0,99.384597
341,49.6976,walk-to-authored-tree,49.115,134.556,93.044,112.500,-68.802,291.551,49.045,114.027,16.424,61.355,128.748,8.206,1.0000,0.9375,38.045,110.136,86.986,66.859,150.532,84.981,0.7778,0.0000,1.6000,1,-100.000,550.000,0.0000,0.0000,0,0,66.859,150.532,84.981,0.000,0,-1.000000,1.000,28.924,-1.000000,0.0000,0.0000,0,0,0.000,1.000,19.607,66.859,150.532,84.981,0,0,0,99.382329
342,49.8420,walk-to-authored-tree,55.057,119.416,92.806,112.500,-68.449,291.925,63.698,80.640,9.962,60.473,128.491,7.693,1.0000,0.9375,41.241,99.487,83.185,74.919,129.886,82.048,0.9134,0.0000,1.6000,1,-100.000,550.000,0.0000,0.0000,0,0,74.919,129.886,82.048,0.000,0,-1.000000,1.000,28.924,-1.000000,0.0000,0.0000,0,0,0.000,1.000,19.607,74.919,129.886,82.048,0,0,0,99.380016
343,50.0081,walk-to-authored-tree,61.988,102.088,92.535,112.500,-68.075,292.373,69.357,66.345,7.581,64.138,117.732,9.080,1.0000,0.9375,41.998,92.294,81.597,85.856,101.167,82.521,0.0689,0.0000,1.6000,1,-100.000,550.000,0.0000,0.0000,0,0,85.856,101.167,82.521,0.000,0,-1.000000,1.000,28.924,-1.000000,0.0000,0.0000,0,0,0.000,1.000,19.607,85.856,101.167,82.521,0,0,0,99.377361
344,50.1790,walk-to-authored-tree,69.275,84.267,92.260,112.500,-67.627,292.860,68.525,65.934,7.386,81.368,79.119,15.727,1.0000,0.9375,45.656,80.709,84.211,95.217,77.201,86.126,0.2293,0.0000,1.6000,1,-100.000,550.000,0.0000,0.0000,0,0,95.217,77.201,86.126,0.000,0,-1.000000,1.000,28.924,-1.000000,0.0000,0.0000,0,0,0.000,1.000,19.607,95.217,77.201,86.126,0,0,0,99.374623
345,50.3308,walk-to-authored-tree,75.854,68.538,92.021,112.500,-67.140,293.317,67.522,65.437,7.053,98.462,41.985,11.489,1.0000,0.9375,53.851,61.738,82.212,100.769,64.490,83.719,0.3714,0.0000,1.6000,1,-100.000,550.000,0.0000,0.0000,0,0,100.769,64.490,83.719,0.000,0,-1.000000,1.000,28.924,-1.000000,0.0000,0.0000,0,0,0.000,1.000,19.607,100.769,64.490,83.719,0,0,0,99.372198
346,50.4762,walk-to-authored-tree,82.295,53.479,91.795,112.500,-66.683,293.778,67.458,64.198,6.923,109.507,19.394,6.818,1.0000,0.9375,66.046,38.090,80.682,104.284,58.847,80.570,0.5079,0.0000,1.6000,1,-100.000,550.000,0.0000,0.0000,0,0,104.284,58.847,80.570,0.000,0,-1.000000,1.000,28.924,-1.000000,0.0000,0.0000,0,0,0.000,1.000,19.607,104.284,58.847,80.570,0,0,0,99.369869
347,50.6204,walk-to-authored-tree,88.786,38.631,91.576,112.500,-66.222,294.258,79.111,38.524,11.896,108.777,18.944,6.770,1.0000,0.9375,77.550,15.547,83.897,106.858,53.012,82.218,0.6429,0.0000,1.6000,1,-100.000,550.000,0.0000,0.0000,0,0,106.858,53.012,82.218,0.000,0,-1.000000,1.000,28.924,-1.000000,0.0000,0.0000,0,0,0.000,1.000,19.607,106.858,53.012,82.218,0,0,0,99.367564
348,50.7619,walk-to-authored-tree,95.291,24.079,91.366,112.500,-65.742,294.755,96.146,3.896,14.770,107.932,18.719,6.520,1.0000,0.9375,85.549,-0.914,85.315,112.145,41.001,83.308,0.7758,0.0000,1.6000,1,-100.000,550.000,0.0000,0.0000,0,0,112.145,41.001,83.308,0.000,0,-1.000000,1.000,28.924,-1.000000,0.0000,0.0000,0,0,0.000,1.000,19.607,112.145,41.001,83.308,0,0,0,99.365297
349,50.9068,walk-to-authored-tree,102.064,9.270,91.156,112.500,-65.245,295.291,112.776,-28.784,8.421,107.080,18.436,6.067,1.0000,0.9375,89.460,-11.492,81.608,121.260,20.968,80.453,0.9115,0.0000,1.6000,1,-100.000,550.000,0.0000,0.0000,0,0,121.260,20.968,80.453,0.000,0,-1.000000,1.000,28.924,-1.000000,0.0000,0.0000,0,0,0.000,1.000,19.607,121.260,20.968,80.453,0,0,0,99.362981
350,51.0513,walk-to-authored-tree,108.970,-5.469,90.951,112.500,-64.709,295.861,119.731,-42.923,6.103,109.448,11.728,6.854,1.0000,0.9375,90.555,-17.774,79.881,132.274,-3.445,80.527,0.0471,0.0000,1.6000,1,-100.000,550.000,0.0000,0.0000,0,0,132.274,-3.445,80.527,0.000,0,-1.000000,1.000,28.924,-1.000000,0.0000,0.0000,0,0,0.000,1.000,19.607,132.274,-3.445,80.527,0,0,0,99.360666
351,51.2178,walk-to-authored-tree,117.050,-22.277,90.722,112.500,-64.139,296.555,118.947,-43.509,5.719,127.118,-22.615,13.490,1.0000,0.9375,93.869,-27.587,82.310,143.200,-27.434,84.165,0.2025,0.0000,1.6000,1,-100.000,550.000,0.0000,0.0000,0,0,143.200,-27.434,84.165,0.000,0,-1.000000,1.000,28.924,-1.000000,0.0000,0.0000,0,0,0.000,1.000,19.607,143.200,-27.434,84.165,0,0,0,99.358014
352,51.3959,walk-to-authored-tree,125.977,-40.297,90.485,112.500,-63.445,297.368,117.945,-44.051,5.501,150.175,-65.190,10.008,1.0000,0.9375,104.425,-48.440,80.685,151.134,-42.792,82.203,0.3701,0.0000,1.6000,1,-100.000,550.000,0.0000,0.0000,0,0,151.134,-42.792,82.203,0.000,0,-1.000000,1.000,28.924,-1.000000,0.0000,0.0000,0,0,0.000,1.000,19.607,151.134,-42.792,82.203,0,0,0,99.355154
353,51.5619,walk-to-authored-tree,134.481,-56.901,90.274,112.500,-62.632,298.198,119.018,-47.725,5.525,162.815,-87.229,5.253,1.0000,0.9375,120.115,-74.623,79.333,155.291,-48.731,78.963,0.5256,0.0000,1.6000,1,-100.000,550.000,0.0000,0.0000,0,0,155.291,-48.731,78.963,0.000,0,-1.000000,1.000,28.924,-1.000000,0.0000,0.0000,0,0,0.000,1.000,19.607,155.291,-48.731,78.963,0,0,0,99.352501
354,51.7206,walk-to-authored-tree,142.853,-72.693,90.081,112.500,-61.802,299.073,135.876,-77.654,11.581,162.293,-87.422,4.888,1.0000,0.9375,134.257,-97.417,82.851,159.184,-55.683,80.998,0.6745,0.0000,1.6000,1,-100.000,550.000,0.0000,0.0000,0,0,159.184,-55.683,80.998,0.000,0,-1.000000,1.000,28.924,-1.000000,0.0000,0.0000,0,0,0.000,1.000,19.607,159.184,-55.683,80.998,0,0,0,99.349959
355,51.8650,walk-to-authored-tree,150.663,-86.916,89.915,112.500,-60.927,299.948,156.471,-111.948,12.214,161.599,-87.729,4.840,1.0000,0.9375,142.688,-112.125,83.170,166.461,-69.254,81.250,0.8097,0.0000,1.6000,1,-100.000,550.000,0.0000,0.0000,0,0,166.461,-69.254,81.250,0.000,0,-1.000000,1.000,28.924,-1.000000,0.0000,0.0000,0,0,0.000,1.000,19.607,166.461,-69.254,81.250,0,0,0,99.347651
356,52.0123,walk-to-authored-tree,158.860,-101.319,89.755,112.500,-60.052,300.930,174.788,-141.001,5.508,160.656,-88.129,4.585,1.0000,0.9375,146.612,-121.276,79.176,178.251,-90.349,78.430,0.9478,0.0000,1.6000,1,-100.000,550.000,0.0000,0.0000,0,0,178.251,-90.349,78.430,0.000,0,-1.000000,1.000,28.924,-1.000000,0.0000,0.0000,0,0,0.000,1.000,19.607,178.251,-90.349,78.430,0,0,0,99.345294
357,52.1554,walk-to-authored-tree,167.052,-115.179,89.610,112.500,-59.070,301.992,179.119,-147.993,4.770,167.479,-100.346,6.852,1.0000,0.9375,148.266,-127.137,78.990,191.247,-113.089,80.038,0.0820,0.0000,1.6000,1,-100.000,550.000,0.0000,0.0000,0,0,191.247,-113.089,80.038,0.000,0,-1.000000,1.000,28.924,-1.000000,0.0000,0.0000,0,0,0.000,1.000,19.607,191.247,-113.089,80.038,0,0,0,99.343004
358,52.2970,walk-to-authored-tree,175.410,-128.760,89.477,112.500,-58.008,303.175,178.719,-148.402,4.630,186.808,-129.847,12.699,1.0000,0.9375,152.815,-136.387,81.355,202.075,-131.256,83.246,0.2149,0.0000,1.6000,1,-100.000,550.000,0.0000,0.0000,0,0,202.075,-131.256,83.246,0.000,0,-1.000000,1.000,28.924,-1.000000,0.0000,0.0000,0,0,0.000,1.000,19.607,202.075,-131.256,83.246,0,0,0,99.340736
359,52.4431,walk-to-authored-tree,184.294,-142.564,89.353,112.500,-56.825,304.563,178.186,-149.018,4.623,209.740,-162.356,10.118,1.0000,0.9375,163.249,-152.352,80.230,210.068,-142.906,81.880,0.3517,0.0000,1.6000,1,-100.000,550.000,0.0000,0.0000,0,0,210.068,-142.906,81.880,0.000,0,-1.000000,1.000,28.924,-1.000000,0.0000,0.0000,0,0,0.000,1.000,19.607,210.068,-142.906,81.880,0,0,0,99.338401
360,52.5886,walk-to-authored-tree,193.477,-156.134,89.243,112.500,-55.437,306.182,177.392,-149.759,4.304,227.024,-185.051,4.327,1.0000,0.9375,179.169,-173.439,77.992,214.598,-148.132,78.160,0.4882,0.0000,1.6000,1,-100.000,550.000,0.0000,0.0000,0,0,214.598,-148.132,78.160,0.000,0,-1.000000,1.000,28.924,-1.000000,0.0000,0.0000,0,0,0.000,1.000,19.607,214.598,-148.132,78.160,0,0,0,99.336071
361,52.7316,walk-to-authored-tree,202.837,-169.200,89.153,112.500,-53.818,308.086,191.635,-169.033,8.361,228.230,-185.977,4.293,1.0000,0.9375,196.114,-193.375,80.801,218.115,-152.116,79.307,0.6222,0.0000,1.6000,1,-100.000,550.000,0.0000,0.0000,0,0,218.115,-152.116,79.307,0.000,0,-1.000000,1.000,28.924,-1.000000,0.0000,0.0000,0,0,0.000,1.000,19.607,218.115,-152.116,79.307,0,0,0,99.333785
362,52.8771,walk-to-authored-tree,212.793,-182.208,89.081,112.500,-51.914,310.487,216.434,-199.363,12.636,227.644,-185.891,4.185,1.0000,0.9375,209.393,-208.896,83.076,225.008,-161.642,81.052,0.7587,0.0000,1.6000,1,-100.000,550.000,0.0000,0.0000,0,0,225.008,-161.642,81.052,0.000,0,-1.000000,1.000,28.924,-1.000000,0.0000,0.0000,0,0,0.000,1.000,19.607,225.008,-161.642,81.052,0,0,0,99.331455
363,53.0297,walk-to-authored-tree,223.743,-195.409,89.032,112.500,-49.513,313.780,243.697,-228.356,6.899,226.937,-186.056,4.083,1.0000,0.9375,217.754,-219.163,79.868,238.602,-178.353,78.620,0.9016,0.0000,1.6000,1,-100.000,550.000,0.0000,0.0000,0,0,238.602,-178.353,78.620,0.000,0,-1.000000,1.000,28.924,-1.000000,0.0000,0.0000,0,0,0.000,1.000,19.607,238.602,-178.353,78.620,0,0,0,99.329016
364,53.1996,view-authored-tree,223.743,-195.409,89.032,0.000,-49.513,313.780,228.938,-213.289,3.832,238.221,-197.888,3.675,0.1504,0.0000,212.457,-215.391,83.133,242.245,-183.512,82.957,0.9016,0.0000,1.6000,1,-100.000,550.000,0.0000,0.0000,0,0,242.245,-183.512,82.957,0.000,0,-1.000000,1.000,28.924,-1.000000,0.0000,0.0000,0,0,0.000,1.000,19.607,242.245,-183.512,82.957,0,0,0,99.326297
365,53.4340,view-authored-tree,223.743,-195.409,89.032,0.000,-49.513,306.135,226.179,-210.413,4.120,240.318,-200.100,4.120,0.0000,0.0000,211.690,-214.821,83.836,242.994,-184.605,83.836,0.9016,0.0000,1.6000,1,-100.000,550.000,0.0000,0.0000,0,0,242.994,-184.605,83.836,0.000,0,-1.000000,1.000,28.924,-1.000000,0.0000,0.0000,0,0,0.000,1.000,19.607,242.994,-184.605,83.836,0,0,0,99.322546
366,53.6054,view-authored-tree,223.743,-195.409,89.032,0.000,-49.513,304.034,226.179,-210.413,4.120,240.318,-200.100,4.120,0.0000,0.0000,211.772,-214.898,83.851,243.068,-184.690,83.851,0.9016,0.0000,1.6000,1,-100.000,550.000,0.0000,0.0000,0,0,243.068,-184.690,83.851,0.000,0,-1.000000,1.000,28.924,-1.000000,0.0000,0.0000,0,0,0.000,1.000,19.607,243.068,-184.690,83.851,0,0,0,99.319801
367,53.7735,view-authored-tree,223.743,-195.409,89.032,0.000,-49.513,302.919,226.179,-210.413,4.120,240.318,-200.100,4.120,0.0000,0.0000,211.860,-214.983,83.869,243.150,-184.781,83.869,0.9016,0.0000,1.6000,1,-100.000,550.000,0.0000,0.0000,0,0,243.150,-184.781,83.869,0.000,0,-1.000000,1.000,28.924,-1.000000,0.0000,0.0000,0,0,0.000,1.000,19.607,243.150,-184.781,83.869,0,0,0,99.317118
368,53.9228,view-authored-tree,223.743,-195.409,89.032,0.000,-49.513,302.369,226.179,-210.413,4.120,240.318,-200.100,4.120,0.0000,0.0000,211.925,-215.045,83.882,243.209,-184.848,83.882,0.9016,0.0000,1.6000,1,-100.000,550.000,0.0000,0.0000,0,0,243.209,-184.848,83.882,0.000,0,-1.000000,1.000,28.924,-1.000000,0.0000,0.0000,0,0,0.000,1.000,19.607,243.209,-184.848,83.882,0,0,0,99.314723
369,54.0678,view-authored-tree,223.743,-195.409,89.032,0.000,-49.513,302.049,226.179,-210.413,4.120,240.318,-200.100,4.120,0.0000,0.0000,211.983,-215.100,83.893,243.262,-184.908,83.893,0.9016,0.0000,1.6000,1,-100.000,550.000,0.0000,0.0000,0,0,243.262,-184.908,83.893,0.000,0,-1.000000,1.000,28.924,-1.000000,0.0000,0.0000,0,0,0.000,1.000,19.607,243.262,-184.908,83.893,0,0,0,99.312406
370,54.2080,view-authored-tree,223.743,-195.409,89.032,0.000,-49.513,301.858,226.179,-210.413,4.120,240.318,-200.100,4.120,0.0000,0.0000,211.983,-215.100,83.893,243.262,-184.908,83.893,0.9016,0.0000,1.6000,1,-100.000,550.000,0.0000,0.0000,0,0,243.262,-184.908,83.893,0.000,0,-1.000000,1.000,28.924,-1.000000,0.0000,0.0000,0,0,0.000,1.000,19.607,243.262,-184.908,83.893,0,0,0,99.310161
371,54.3498,view-authored-tree,223.743,-195.409,89.032,0.000,-49.513,301.738,226.179,-210.413,4.120,240.318,-200.100,4.120,0.0000,0.0000,212.035,-215.149,83.904,243.309,-184.961,83.904,0.9016,0.0000,1.6000,1,-100.000,550.000,0.0000,0.0000,0,0,243.309,-184.961,83.904,0.000,0,-1.000000,1.000,28.924,-1.000000,0.0000,0.0000,0,0,0.000,1.000,19.607,243.309,-184.961,83.904,0,0,0,99.307898
372,54.4859,view-authored-tree,223.743,-195.409,89.032,0.000,-49.513,301.666,226.179,-210.413,4.120,240.318,-200.100,4.120,0.0000,0.0000,212.035,-215.149,83.904,243.309,-184.961,83.904,0.9016,0.0000,1.6000,1,-100.000,550.000,0.0000,0.0000,0,0,243.309,-184.961,83.904,0.000,0,-1.000000,1.000,28.924,-1.000000,0.0000,0.0000,0,0,0.000,1.000,19.607,243.309,-184.961,83.904,0,0,0,99.305714
373,54.6270,view-authored-tree,223.743,-195.409,89.032,0.000,-49.513,301.619,226.179,-210.413,4.120,240.318,-200.100,4.120,0.0000,0.0000,212.002,-215.118,83.898,243.279,-184.928,83.898,0.9016,0.0000,1.6000,1,-100.000,550.000,0.0000,0.0000,0,0,243.279,-184.928,83.898,0.000,0,-1.000000,1.000,28.924,-1.000000,0.0000,0.0000,0,0,0.000,1.000,19.607,243.279,-184.928,83.898,0,0,0,99.303460
374,54.7944,view-authored-tree,223.743,-195.409,89.032,0.000,-49.513,301.583,226.179,-210.413,4.120,240.318,-200.100,4.120,0.0000,0.0000,211.938,-215.056,83.890,243.220,-184.861,83.890,0.9016,0.0000,1.6000,1,-100.000,550.000,0.0000,0.0000,0,0,243.220,-184.861,83.890,0.000,0,-1.000000,1.000,28.924,-1.000000,0.0000,0.0000,0,0,0.000,1.000,19.607,243.220,-184.861,83.890,0,0,0,99.300778
375,54.9602,view-authored-tree,223.743,-195.409,89.032,0.000,-49.513,301.564,226.179,-210.413,4.120,240.318,-200.100,4.120,0.0000,0.0000,211.873,-214.995,83.871,243.161,-184.794,83.871,0.9016,0.0000,1.6000,1,-100.000,550.000,0.0000,0.0000,0,0,243.161,-184.794,83.871,0.000,0,-1.000000,1.000,28.924,-1.000000,0.0000,0.0000,0,0,0.000,1.000,19.607,243.161,-184.794,83.871,0,0,0,99.298128
376,55.1171,view-authored-tree,223.743,-195.409,89.032,0.000,-49.513,301.554,226.179,-210.413,4.120,240.318,-200.100,4.120,0.0000,0.0000,211.792,-214.918,83.855,243.087,-184.711,83.855,0.9016,0.0000,1.6000,1,-100.000,550.000,0.0000,0.0000,0,0,243.087,-184.711,83.855,0.000,0,-1.000000,1.000,28.924,-1.000000,0.0000,0.0000,0,0,0.000,1.000,19.607,243.087,-184.711,83.855,0,0,0,99.295615
377,55.2458,view-authored-tree,223.743,-195.409,89.032,0.000,-49.513,301.549,226.179,-210.413,4.120,240.318,-200.100,4.120,0.0000,0.0000,211.731,-214.859,83.843,243.031,-184.647,83.843,0.9016,0.0000,1.6000,1,-100.000,550.000,0.0000,0.0000,0,0,243.031,-184.647,83.843,0.000,0,-1.000000,1.000,28.924,-1.000000,0.0000,0.0000,0,0,0.000,1.000,19.607,243.031,-184.647,83.843,0,0,0,99.293559
378,55.3742,view-authored-tree,223.743,-195.409,89.032,0.000,-49.513,301.546,226.179,-210.413,4.120,240.318,-200.100,4.120,0.0000,0.0000,211.665,-214.796,83.831,242.970,-184.579,83.831,0.9016,0.0000,1.6000,1,-100.000,550.000,0.0000,0.0000,0,0,242.970,-184.579,83.831,0.000,0,-1.000000,1.000,28.924,-1.000000,0.0000,0.0000,0,0,0.000,1.000,19.607,242.970,-184.579,83.831,0,0,0,99.291499
379,55.5085,view-authored-tree,223.743,-195.409,89.032,0.000,-49.513,301.544,226.179,-210.413,4.120,240.318,-200.100,4.120,0.0000,0.0000,211.639,-214.771,83.822,242.946,-184.552,83.822,0.9016,0.0000,1.6000,1,-100.000,550.000,0.0000,0.0000,0,0,242.946,-184.552,83.822,0.000,0,-1.000000,1.000,28.924,-1.000000,0.0000,0.0000,0,0,0.000,1.000,19.607,242.946,-184.552,83.822,0,0,0,99.289358
380,55.6373,view-authored-tree,223.743,-195.409,89.032,0.000,-49.513,301.542,226.179,-210.413,4.120,240.318,-200.100,4.120,0.0000,0.0000,211.625,-214.757,83.814,242.932,-184.538,83.814,0.9016,0.0000,1.6000,1,-100.000,550.000,0.0000,0.0000,0,0,242.932,-184.538,83.814,0.000,0,-1.000000,1.000,28.924,-1.000000,0.0000,0.0000,0,0,0.000,1.000,19.607,242.932,-184.538,83.814,0,0,0,99.287291
381,55.7722,view-authored-tree,223.743,-195.409,89.032,0.000,-49.513,301.542,226.179,-210.413,4.120,240.318,-200.100,4.120,0.0000,0.0000,211.556,-214.693,83.811,242.870,-184.467,83.811,0.9016,0.0000,1.6000,1,-100.000,550.000,0.0000,0.0000,0,0,242.870,-184.467,83.811,0.000,0,-1.000000,1.000,28.924,-1.000000,0.0000,0.0000,0,0,0.000,1.000,19.607,242.870,-184.467,83.811,0,0,0,99.285139
382,55.9005,view-authored-tree,223.743,-195.409,89.032,0.000,-49.513,301.542,226.179,-210.413,4.120,240.318,-200.100,4.120,0.0000,0.0000,211.556,-214.693,83.811,242.870,-184.467,83.811,0.9016,0.0000,1.6000,1,-100.000,550.000,0.0000,0.0000,0,0,242.870,-184.467,83.811,0.000,0,-1.000000,1.000,28.924,-1.000000,0.0000,0.0000,0,0,0.000,1.000,19.607,242.870,-184.467,83.811,0,0,0,99.283078
383,56.0324,view-authored-tree,223.743,-195.409,89.032,0.000,-49.513,301.542,226.179,-210.413,4.120,240.318,-200.100,4.120,0.0000,0.0000,211.544,-214.681,83.809,242.858,-184.454,83.809,0.9016,0.0000,1.6000,1,-100.000,550.000,0.0000,0.0000,0,0,242.858,-184.454,83.809,0.000,0,-1.000000,1.000,28.924,-1.000000,0.0000,0.0000,0,0,0.000,1.000,19.607,242.858,-184.454,83.809,0,0,0,99.280973
384,56.1610,walk-into-authored-trunk,223.743,-195.409,89.032,0.000,-49.513,301.542,226.179,-210.413,4.120,240.318,-200.100,4.120,0.0000,0.0000,211.544,-214.681,83.809,242.858,-184.454,83.809,0.9016,0.0000,1.6000,1,-100.000,550.000,0.0000,0.0000,0,0,242.858,-184.454,83.809,0.000,0,-1.000000,1.000,28.924,-1.000000,0.0000,0.0000,0,0,0.000,1.000,19.607,242.858,-184.454,83.809,0,0,0,99.278912
385,56.2944,walk-into-authored-trunk,226.441,-199.805,88.989,58.118,-58.458,301.542,238.223,-232.003,2.869,231.501,-191.997,2.814,0.6642,0.4843,212.894,-218.429,80.021,246.417,-190.470,79.711,0.9660,0.0000,1.6000,1,-100.000,550.000,0.0000,0.0000,0,0,246.417,-190.470,79.711,0.000,0,-1.000000,1.000,28.924,-1.000000,0.0000,0.0000,0,0,0.000,1.000,19.607,246.417,-190.470,79.711,0,0,0,99.276786
386,56.4235,walk-into-authored-trunk,232.896,-210.321,88.886,112.500,-58.458,301.542,244.938,-242.483,4.028,233.487,-195.961,6.356,1.0000,0.9375,213.994,-222.195,78.358,257.219,-208.273,79.459,0.0873,0.0000,1.6000,1,-100.000,550.000,0.0000,0.0000,0,0,257.219,-208.273,79.459,0.000,0,-1.000000,1.000,28.924,-1.000000,0.0000,0.0000,0,0,0.000,1.000,19.607,257.219,-208.273,79.459,0,0,0,99.274715
387,56.5566,walk-into-authored-trunk,240.723,-223.073,88.762,112.500,-58.458,301.542,244.071,-243.036,3.876,251.803,-223.824,11.870,1.0000,0.9375,218.094,-230.552,80.572,267.341,-225.741,82.455,0.2120,0.0000,1.6000,1,-100.000,550.000,0.0000,0.0000,0,0,267.341,-225.741,82.455,0.000,0,-1.000000,1.000,28.924,-1.000000,0.0000,0.0000,0,0,0.000,1.000,19.607,267.341,-225.741,82.455,0,0,0,99.272587
388,56.6905,walk-into-authored-trunk,248.620,-235.939,88.636,112.500,-58.458,301.542,243.315,-243.552,3.774,272.240,-254.572,9.926,1.0000,0.9375,226.964,-244.600,79.671,274.669,-237.453,81.395,0.3378,0.0000,1.6000,1,-100.000,550.000,0.0000,0.0000,0,0,274.669,-237.453,81.395,0.000,0,-1.000000,1.000,28.924,-1.000000,0.0000,0.0000,0,0,0.000,1.000,19.607,274.669,-237.453,81.395,0,0,0,99.270440
389,56.8241,walk-into-authored-trunk,256.458,-248.708,88.512,112.500,-58.458,301.542,242.504,-244.093,3.443,287.965,-278.743,3.922,1.0000,0.9375,239.899,-263.637,77.169,278.952,-243.624,77.694,0.4627,0.0000,1.6000,1,-100.000,550.000,0.0000,0.0000,0,0,278.952,-243.624,77.694,0.000,0,-1.000000,1.000,28.924,-1.000000,0.0000,0.0000,0,0,0.000,1.000,19.607,278.952,-243.624,77.694,0,0,0,99.268309
390,56.9580,walk-into-authored-trunk,264.347,-261.561,88.387,112.500,-58.458,301.542,250.891,-257.290,5.733,290.530,-283.585,3.366,1.0000,0.9375,254.282,-283.628,78.892,282.056,-247.684,77.740,0.5884,0.0000,1.6000,1,-100.000,550.000,0.0000,0.0000,0,0,282.056,-247.684,77.740,0.000,0,-1.000000,1.000,28.924,-1.000000,0.0000,0.0000,0,0,0.000,1.000,19.607,282.056,-247.684,77.740,0,0,0,99.266164
391,57.0931,walk-into-authored-trunk,272.281,-274.488,88.262,112.500,-58.458,301.542,269.490,-285.584,11.553,289.736,-284.201,3.484,1.0000,0.9375,265.722,-300.426,82.170,286.936,-255.672,80.178,0.7148,0.0000,1.6000,1,-100.000,550.000,0.0000,0.0000,0,0,286.936,-255.672,80.178,0.000,0,-1.000000,1.000,28.924,-1.000000,0.0000,0.0000,0,0,0.000,1.000,19.607,286.936,-255.672,80.178,0,0,0,99.264007
392,57.2266,walk-into-authored-trunk,280.166,-287.333,88.138,112.500,-58.458,301.542,289.882,-316.237,9.148,288.902,-284.634,3.125,1.0000,0.9375,272.591,-312.188,80.719,295.683,-269.928,78.967,0.8404,0.0000,1.6000,1,-100.000,550.000,0.0000,0.0000,0,0,295.683,-269.928,78.967,0.000,0,-1.000000,1.000,28.924,-1.000000,0.0000,0.0000,0,0,0.000,1.000,19.607,295.683,-269.928,78.967,0,0,0,99.261863
393,57.3645,walk-into-authored-trunk,288.258,-300.516,88.011,112.500,-58.458,301.542,305.828,-340.931,3.442,288.005,-285.257,3.009,1.0000,0.9375,275.277,-319.629,77.138,308.021,-290.608,76.704,0.9693,0.0000,1.6000,1,-100.000,550.000,0.0000,0.0000,0,0,308.021,-290.608,76.704,0.000,0,-1.000000,1.000,28.924,-1.000000,0.0000,0.0000,0,0,0.000,1.000,19.607,308.021,-290.608,76.704,0,0,0,99.259664
394,57.4991,walk-into-authored-trunk,296.193,-313.444,87.887,112.500,-58.458,301.542,307.626,-344.800,2.976,297.291,-299.875,5.702,1.0000,0.9375,276.905,-324.905,77.486,320.727,-311.866,78.671,0.0957,0.0000,1.6000,1,-100.000,550.000,0.0000,0.0000,0,0,320.727,-311.866,78.671,0.000,0,-1.000000,1.000,28.924,-1.000000,0.0000,0.0000,0,0,0.000,1.000,19.607,320.727,-311.866,78.671,0,0,0,99.257506
395,57.6338,walk-into-authored-trunk,304.105,-326.335,87.764,112.500,-58.458,301.542,306.800,-345.316,2.918,316.156,-328.459,11.118,1.0000,0.9375,281.403,-333.704,79.696,330.796,-329.110,81.600,0.2217,0.0000,1.6000,1,-100.000,550.000,0.0000,0.0000,0,0,330.796,-329.110,81.600,0.000,0,-1.000000,1.000,28.924,-1.000000,0.0000,0.0000,0,0,0.000,1.000,19.607,330.796,-329.110,81.600,0,0,0,99.255355
396,57.7639,walk-into-authored-trunk,311.789,-338.853,87.644,112.500,-58.458,301.542,306.042,-345.866,2.866,335.985,-358.346,8.719,1.0000,0.9375,290.281,-347.745,78.636,337.708,-340.177,80.328,0.3441,0.0000,1.6000,1,-100.000,550.000,0.0000,0.0000,0,0,337.708,-340.177,80.328,0.000,0,-1.000000,1.000,28.924,-1.000000,0.0000,0.0000,0,0,0.000,1.000,19.607,337.708,-340.177,80.328,0,0,0,99.253266
397,57.8939,walk-into-authored-trunk,319.422,-351.288,87.526,112.500,-58.458,301.542,305.246,-346.397,2.482,351.005,-381.479,2.889,1.0000,0.9375,303.003,-366.421,76.189,341.786,-346.021,76.674,0.4657,0.0000,1.6000,1,-100.000,550.000,0.0000,0.0000,0,0,341.786,-346.021,76.674,0.000,0,-1.000000,1.000,28.924,-1.000000,0.0000,0.0000,0,0,0.000,1.000,19.607,341.786,-346.021,76.674,0,0,0,99.251191
398,58.0252,walk-into-authored-trunk,327.163,-363.901,87.407,112.500,-58.458,301.542,313.753,-359.679,4.776,353.307,-385.854,2.378,1.0000,0.9375,317.134,-385.993,77.921,344.854,-349.976,76.763,0.5890,0.0000,1.6000,1,-100.000,550.000,0.0000,0.0000,0,0,344.854,-349.976,76.763,0.000,0,-1.000000,1.000,28.924,-1.000000,0.0000,0.0000,0,0,0.000,1.000,19.607,344.854,-349.976,76.763,0,0,0,99.249086
399,58.1562,walk-into-authored-trunk,334.848,-376.421,87.288,112.500,-58.458,301.542,331.723,-387.023,10.508,352.515,-386.436,2.532,1.0000,0.9375,328.250,-402.310,81.173,349.547,-357.663,79.189,0.7114,0.0000,1.6000,1,-100.000,550.000,0.0000,0.0000,0,0,349.547,-357.663,79.189,0.000,0,-1.000000,1.000,28.924,-1.000000,0.0000,0.0000,0,0,0.000,1.000,19.607,349.547,-357.663,79.189,0,0,0,99.246997
400,58.2972,walk-into-authored-trunk,343.182,-389.998,87.160,112.500,-58.458,301.542,353.191,-419.443,8.042,351.593,-386.954,2.199,1.0000,0.9375,335.441,-414.777,79.683,358.728,-372.772,77.965,0.8442,0.0000,1.6000,1,-100.000,550.000,0.0000,0.0000,0,0,358.728,-372.772,77.965,0.000,0,-1.000000,1.000,28.924,-1.000000,0.0000,0.0000,0,0,0.000,1.000,19.607,358.728,-372.772,77.965,0,0,0,99.244731
401,58.4376,walk-into-authored-trunk,351.421,-403.421,87.034,112.500,-58.458,301.542,369.150,-443.983,2.384,350.781,-387.530,2.063,1.0000,0.9375,338.150,-422.136,76.094,371.463,-393.910,75.746,0.9754,0.0000,1.6000,1,-100.000,550.000,0.0000,0.0000,0,0,371.463,-393.910,75.746,0.000,0,-1.000000,1.000,28.924,-1.000000,0.0000,0.0000,0,0,0.000,1.000,19.607,371.463,-393.910,75.746,0,0,0,99.242491
402,58.5881,walk-into-authored-trunk,360.296,-417.881,86.900,112.500,-58.458,301.542,370.182,-447.186,1.930,362.678,-406.324,5.773,1.0000,0.9375,340.043,-428.285,76.852,385.355,-417.497,78.248,0.1168,0.0000,1.6000,1,-100.000,550.000,0.0000,0.0000,0,0,385.355,-417.497,78.248,0.000,0,-1.000000,1.000,28.924,-1.000000,0.0000,0.0000,0,0,0.000,1.000,19.607,385.355,-417.497,78.248,0,0,0,99.240078
403,58.7387,walk-into-authored-trunk,369.148,-432.302,86.766,112.500,-58.458,301.509,369.369,-447.756,1.866,384.888,-439.683,10.320,1.0000,0.9375,346.326,-439.441,78.748,395.930,-435.222,80.665,0.2579,0.0000,1.6000,1,-100.000,550.000,0.0000,0.0000,0,0,395.930,-435.222,80.665,0.000,0,-1.000000,1.000,28.924,-1.000000,0.0000,0.0000,0,0,0.000,1.000,19.607,395.930,-435.222,80.665,0,0,0,99.237671
404,58.8775,walk-into-authored-trunk,377.327,-445.639,86.642,112.500,-58.491,301.380,368.500,-448.304,1.738,404.973,-470.173,5.273,1.0000,0.9375,357.287,-456.341,76.550,402.233,-445.012,77.908,0.3882,0.0000,1.6000,1,-100.000,550.000,0.0000,0.0000,0,0,402.233,-445.012,77.908,0.000,0,-1.000000,1.000,28.924,-1.000000,0.0000,0.0000,0,0,0.000,1.000,19.607,402.233,-445.012,77.908,0,0,0,99.235447
405,59.0253,walk-into-authored-trunk,385.981,-459.805,86.511,112.500,-58.620,301.178,369.928,-451.773,1.771,416.289,-487.980,1.484,1.0000,0.9375,372.936,-478.555,75.581,406.121,-450.133,75.197,0.5266,0.0000,1.6000,1,-100.000,550.000,0.0000,0.0000,0,0,406.121,-450.133,75.197,0.000,0,-1.000000,1.000,28.924,-1.000000,0.0000,0.0000,0,0,0.000,1.000,19.607,406.121,-450.133,75.197,0,0,0,99.233086
406,59.1619,walk-into-authored-trunk,393.963,-472.959,86.388,112.500,-58.822,300.944,385.385,-475.729,7.357,415.515,-488.732,1.612,1.0000,0.9375,386.141,-497.659,79.068,409.729,-455.858,77.315,0.6548,0.0000,1.6000,1,-100.000,550.000,0.0000,0.0000,0,0,409.729,-455.858,77.315,0.000,0,-1.000000,1.000,28.924,-1.000000,0.0000,0.0000,0,0,0.000,1.000,19.607,409.729,-455.858,77.315,0,0,0,99.230897
407,59.3113,walk-into-authored-trunk,402.614,-487.344,86.252,112.500,-59.056,300.654,407.728,-510.032,9.354,414.569,-489.325,1.509,1.0000,0.9375,395.676,-513.070,80.095,417.590,-468.847,78.128,0.7947,0.0000,1.6000,1,-100.000,550.000,0.0000,0.0000,0,0,417.590,-468.847,78.128,0.000,0,-1.000000,1.000,28.924,-1.000000,0.0000,0.0000,0,0,0.000,1.000,19.607,417.590,-468.847,78.128,0,0,0,99.228510
408,59.4575,walk-into-authored-trunk,411.035,-501.498,86.116,112.500,-59.346,300.338,426.688,-540.049,2.327,413.632,-489.870,0.818,1.0000,0.9375,399.715,-522.531,75.799,429.614,-489.268,74.849,0.9319,0.0000,1.6000,1,-100.000,550.000,0.0000,0.0000,0,0,429.614,-489.268,74.849,0.000,0,-1.000000,1.000,28.924,-1.000000,0.0000,0.0000,0,0,0.000,1.000,19.607,429.614,-489.268,74.849,0,0,0,99.226168
409,59.6069,walk-into-authored-trunk,419.536,-515.961,85.976,112.500,-59.662,299.992,431.884,-549.953,1.044,419.533,-500.377,2.665,1.0000,0.9375,401.071,-528.392,75.105,443.383,-513.539,76.057,0.0717,0.0000,1.6000,1,-100.000,550.000,0.0000,0.0000,0,0,443.383,-513.539,76.057,0.000,0,-1.000000,1.000,28.924,-1.000000,0.0000,0.0000,0,0,0.000,1.000,19.607,443.383,-513.539,76.057,0,0,0,99.223782
410,59.7491,walk-into-authored-trunk,427.566,-529.806,85.840,112.500,-60.008,299.639,430.821,-550.578,0.866,437.900,-529.807,8.694,1.0000,0.9375,404.805,-536.745,77.487,454.041,-533.100,79.350,0.2051,0.0000,1.6000,1,-100.000,550.000,0.0000,0.0000,0,0,454.041,-533.100,79.350,0.000,0,-1.000000,1.000,28.924,-1.000000,0.0000,0.0000,0,0,0.000,1.000,19.607,454.041,-533.100,79.350,0,0,0,99.221505
411,59.8977,walk-into-authored-trunk,435.863,-544.317,85.694,112.500,-60.361,299.250,429.868,-551.109,0.920,459.423,-564.642,6.760,1.0000,0.9375,414.079,-552.501,76.684,461.718,-546.493,78.375,0.3444,0.0000,1.6000,1,-100.000,550.000,0.0000,0.0000,0,0,461.718,-546.493,78.375,0.000,0,-1.000000,1.000,28.924,-1.000000,0.0000,0.0000,0,0,0.000,1.000,19.607,461.718,-546.493,78.375,0,0,0,99.219128
412,60.0392,walk-into-authored-trunk,443.686,-558.206,85.552,112.500,-60.750,298.859,428.885,-551.577,0.572,474.176,-589.975,0.738,1.0000,0.9375,427.181,-573.465,74.249,465.757,-553.049,74.571,0.4772,0.0000,1.6000,1,-100.000,550.000,0.0000,0.0000,0,0,465.757,-553.049,74.571,0.000,0,-1.000000,1.000,28.924,-1.000000,0.0000,0.0000,0,0,0.000,1.000,19.607,465.757,-553.049,74.571,0,0,0,99.216861
413,60.1915,walk-into-authored-trunk,451.983,-573.178,85.397,112.500,-61.141,298.418,440.734,-571.297,4.528,475.189,-593.286,0.572,1.0000,0.9375,442.160,-596.194,77.006,469.379,-558.286,75.536,0.6199,0.0000,1.6000,1,-100.000,550.000,0.0000,0.0000,0,0,469.379,-558.286,75.536,0.000,0,-1.000000,1.000,28.924,-1.000000,0.0000,0.0000,0,0,0.000,1.000,19.607,469.379,-558.286,75.536,0,0,0,99.214426
414,60.3298,walk-into-authored-trunk,459.431,-586.850,85.252,112.500,-61.582,297.994,459.278,-603.012,8.858,473.995,-593.876,0.343,1.0000,0.9375,451.622,-612.619,79.262,474.901,-568.595,77.232,0.7496,0.0000,1.6000,1,-100.000,550.000,0.0000,0.0000,0,0,474.901,-568.595,77.232,0.000,0,-1.000000,1.000,28.924,-1.000000,0.0000,0.0000,0,0,0.000,1.000,19.607,474.901,-568.595,77.232,0,0,0,99.212212
415,60.4836,walk-into-authored-trunk,467.585,-602.095,85.088,112.500,-62.006,297.499,479.437,-637.832,3.299,473.197,-594.481,0.055,1.0000,0.9375,456.877,-624.376,76.084,485.516,-588.211,74.760,0.8937,0.0000,1.6000,1,-100.000,550.000,0.0000,0.0000,0,0,485.516,-588.211,74.760,0.000,0,-1.000000,1.000,28.924,-1.000000,0.0000,0.0000,0,0,0.000,1.000,19.607,485.516,-588.211,74.760,0,0,0,99.209753
416,60.6189,walk-into-authored-trunk,474.661,-615.584,84.940,112.500,-62.501,297.038,488.432,-655.375,-0.029,473.838,-597.412,0.130,1.0000,0.9375,457.944,-630.321,73.643,496.967,-610.827,73.939,0.0206,0.0000,1.6000,1,-100.000,550.000,0.0000,0.0000,0,0,496.967,-610.827,73.939,0.000,0,-1.000000,1.000,28.924,-1.000000,0.0000,0.0000,0,0,0.000,1.000,19.607,496.967,-610.827,73.939,0,0,0,99.207587
417,60.7587,walk-into-authored-trunk,481.852,-629.569,84.783,112.500,-62.962,296.536,487.290,-655.948,-0.026,487.727,-622.565,5.622,1.0000,0.9375,459.823,-636.876,75.652,507.523,-632.746,77.323,0.1517,0.0000,1.6000,1,-100.000,550.000,0.0000,0.0000,0,0,507.523,-632.746,77.323,0.000,0,-1.000000,1.000,28.924,-1.000000,0.0000,0.0000,0,0,0.000,1.000,19.607,507.523,-632.746,77.323,0,0,0,99.205350
418,60.8951,walk-into-authored-trunk,488.760,-643.289,84.627,112.500,-63.464,296.017,486.308,-656.441,-0.209,505.683,-655.332,7.993,1.0000,0.9375,465.508,-648.667,76.556,515.100,-648.369,78.458,0.2797,0.0000,1.6000,1,-100.000,550.000,0.0000,0.0000,0,0,515.100,-648.369,78.458,0.000,0,-1.000000,1.000,28.924,-1.000000,0.0000,0.0000,0,0,0.000,1.000,19.607,515.100,-648.369,78.458,0,0,0,99.203166
419,61.0372,walk-into-authored-trunk,495.810,-657.612,84.460,112.500,-63.983,295.447,485.601,-656.675,-0.545,522.679,-686.927,1.758,1.0000,0.9375,476.040,-667.573,73.803,520.372,-657.812,74.921,0.4127,0.0000,1.6000,1,-100.000,550.000,0.0000,0.0000,0,0,520.372,-657.812,74.921,0.000,0,-1.000000,1.000,28.924,-1.000000,0.0000,0.0000,0,0,0.000,1.000,19.607,520.372,-657.812,74.921,0,0,0,99.200895
420,61.1769,walk-into-authored-trunk,502.612,-671.774,84.292,112.500,-64.553,294.848,487.750,-662.850,-0.161,528.747,-701.223,-0.826,1.0000,0.9375,488.311,-690.169,73.557,522.970,-663.012,72.948,0.5436,0.0000,1.6000,1,-100.000,550.000,0.0000,0.0000,0,0,522.970,-663.012,72.948,0.000,0,-1.000000,1.000,28.924,-1.000000,0.0000,0.0000,0,0,0.000,1.000,19.607,522.970,-663.012,72.948,0,0,0,99.198661
421,61.3710,walk-into-authored-trunk,511.851,-691.571,84.052,112.500,-65.152,293.957,508.671,-703.911,7.458,527.414,-702.090,-0.785,1.0000,0.9375,502.374,-716.676,78.006,528.521,-674.462,75.997,0.7257,0.0000,1.6000,1,-100.000,550.000,0.0000,0.0000,0,0,528.521,-674.462,75.997,0.000,0,-1.000000,1.000,28.924,-1.000000,0.0000,0.0000,0,0,0.000,1.000,19.607,528.521,-674.462,75.997,0,0,0,99.195554
422,61.5244,walk-into-authored-trunk,518.941,-707.318,83.856,112.500,-66.043,293.171,526.691,-741.103,3.656,526.289,-702.723,-0.876,1.0000,0.9375,507.331,-729.937,75.878,537.122,-693.473,74.343,0.8696,0.0000,1.6000,1,-100.000,550.000,0.0000,0.0000,0,0,537.122,-693.473,74.343,0.000,0,-1.000000,1.000,28.924,-1.000000,0.0000,0.0000,0,0,0.000,1.000,19.607,537.122,-693.473,74.343,0,0,0,99.193098
423,61.6667,walk-into-authored-trunk,525.308,-721.995,83.668,112.500,-66.829,292.375,537.007,-764.604,-1.274,525.770,-703.577,-1.241,1.0000,0.9375,508.341,-736.723,72.473,547.388,-717.557,72.509,0.0029,0.0000,1.6000,1,-100.000,550.000,0.0000,0.0000,0,0,547.388,-717.557,72.509,0.000,0,-1.000000,1.000,28.924,-1.000000,0.0000,0.0000,0,0,0.000,1.000,19.607,547.388,-717.557,72.509,0,0,0,99.190822
424,61.8111,walk-into-authored-trunk,531.553,-736.955,83.471,112.500,-67.625,291.496,535.593,-765.127,-1.370,537.179,-728.647,3.543,1.0000,0.9375,509.389,-743.019,73.996,556.757,-741.608,75.580,0.1380,0.0000,1.6000,1,-100.000,550.000,0.0000,0.0000,0,0,556.757,-741.608,75.580,0.000,0,-1.000000,1.000,28.924,-1.000000,0.0000,0.0000,0,0,0.000,1.000,19.607,556.757,-741.608,75.580,0,0,0,99.188517
425,61.9549,walk-into-authored-trunk,537.568,-751.988,83.268,112.500,-68.504,290.530,534.312,-765.579,-1.596,552.878,-764.403,6.714,1.0000,0.9375,513.906,-755.214,75.214,563.388,-759.429,77.126,0.2729,0.0000,1.6000,1,-100.000,550.000,0.0000,0.0000,0,0,563.388,-759.429,77.126,0.000,0,-1.000000,1.000,28.924,-1.000000,0.0000,0.0000,0,0,0.000,1.000,19.607,563.388,-759.429,77.126,0,0,0,99.186214
426,62.0948,walk-into-authored-trunk,543.188,-766.724,83.065,112.500,-69.470,289.482,533.561,-765.693,-2.030,566.824,-797.666,0.669,1.0000,0.9375,522.322,-774.195,72.450,567.823,-769.767,73.653,0.4044,0.0000,1.6000,1,-100.000,550.000,0.0000,0.0000,0,0,567.823,-769.767,73.653,0.000,0,-1.000000,1.000,28.924,-1.000000,0.0000,0.0000,0,0,0.000,1.000,19.607,567.823,-769.767,73.653,0,0,0,99.183971
427,62.2375,walk-into-authored-trunk,548.637,-781.811,82.849,112.500,-70.518,288.287,534.697,-771.138,-1.727,571.856,-814.391,-2.239,1.0000,0.9375,532.355,-798.269,72.050,569.974,-775.633,71.510,0.5380,0.0000,1.6000,1,-100.000,550.000,0.0000,0.0000,0,0,569.974,-775.633,71.510,0.000,0,-1.000000,1.000,28.924,-1.000000,0.0000,0.0000,0,0,0.000,1.000,19.607,569.974,-775.633,71.510,0,0,0,99.181689
428,62.3790,walk-into-authored-trunk,553.749,-796.903,82.627,112.500,-71.713,286.930,545.807,-799.998,4.022,570.547,-815.180,-2.515,1.0000,0.9375,540.985,-819.677,75.359,572.812,-783.066,73.523,0.6708,0.0000,1.6000,1,-100.000,550.000,0.0000,0.0000,0,0,572.812,-783.066,73.523,0.000,0,-1.000000,1.000,28.924,-1.000000,0.0000,0.0000,0,0,0.000,1.000,19.607,572.812,-783.066,73.523,0,0,0,99.179423
429,62.5299,walk-into-authored-trunk,558.821,-813.083,82.380,112.500,-73.070,285.249,559.384,-839.163,4.508,569.244,-815.902,-2.784,1.0000,0.9375,545.698,-835.997,75.498,578.006,-799.206,73.587,0.8121,0.0000,1.6000,1,-100.000,550.000,0.0000,0.0000,0,0,578.006,-799.206,73.587,0.000,0,-1.000000,1.000,28.924,-1.000000,0.0000,0.0000,0,0,0.000,1.000,19.607,578.006,-799.206,73.587,0,0,0,99.177012
430,62.6935,walk-into-authored-trunk,563.871,-829.861,82.280,84.694,-74.751,283.036,568.605,-870.773,-1.313,569.643,-819.817,-2.983,1.0000,0.7058,547.501,-847.365,72.119,584.972,-822.694,71.125,0.9277,0.0000,1.6000,1,-100.000,550.000,0.0000,0.0000,0,0,584.972,-822.694,71.125,0.000,0,-1.000000,1.000,28.924,-1.000000,0.0000,0.0000,0,0,0.000,1.000,19.607,584.972,-822.694,71.125,0,0,0,99.174392
431,62.8346,walk-into-authored-trunk,568.533,-830.198,82.396,30.737,-76.964,280.568,571.301,-870.477,-2.840,574.253,-819.227,-3.182,0.8782,0.2561,550.176,-844.304,72.269,590.398,-827.020,71.818,0.9638,0.0000,1.6000,1,-100.000,550.000,0.0000,0.0000,0,0,590.398,-827.020,71.818,0.000,0,-1.000000,1.000,28.924,-1.000000,0.0000,0.0000,0,0,0.000,1.000,19.607,590.398,-827.020,71.818,0,0,0,99.172138
432,62.9772,walk-into-authored-trunk,572.451,-830.740,82.487,27.230,-79.432,277.607,572.985,-868.762,-3.593,578.654,-819.592,-3.575,0.7780,0.2269,552.770,-841.920,72.677,594.824,-830.816,72.629,0.9962,0.0000,1.6000,1,-100.000,550.000,0.0000,0.0000,0,0,594.824,-830.816,72.629,0.000,0,-1.000000,1.000,28.924,-1.000000,0.0000,0.0000,0,0,0.000,1.000,19.607,594.824,-830.816,72.629,0,0,0,99.169854
433,63.1200,walk-into-authored-trunk,576.070,-831.439,82.566,25.893,-82.393,274.589,573.984,-865.938,-3.467,583.093,-821.780,-3.475,0.7398,0.2158,555.296,-839.742,72.840,598.603,-834.566,73.129,0.0269,0.0000,1.6000,1,-100.000,550.000,0.0000,0.0000,0,0,598.603,-834.566,73.129,0.000,0,-1.000000,1.000,28.924,-1.000000,0.0000,0.0000,0,0,0.000,1.000,19.607,598.603,-834.566,73.129,0,0,0,99.167572
434,63.2598,walk-into-authored-trunk,579.464,-832.275,82.636,25.157,-85.411,271.667,575.121,-863.556,-3.125,587.197,-824.677,-2.742,0.7188,0.2096,557.870,-837.937,73.228,601.838,-838.171,73.795,0.0563,0.0000,1.6000,1,-100.000,550.000,0.0000,0.0000,0,0,601.838,-838.171,73.795,0.000,0,-1.000000,1.000,28.924,-1.000000,0.0000,0.0000,0,0,0.000,1.000,19.607,601.838,-838.171,73.795,0,0,0,99.165333
435,63.3991,walk-into-authored-trunk,582.721,-833.239,82.700,24.631,-88.333,268.822,576.585,-861.505,-2.882,591.067,-828.146,-1.792,0.7037,0.2053,560.629,-836.363,73.627,604.791,-841.639,74.426,0.0848,0.0000,1.6000,1,-100.000,550.000,0.0000,0.0000,0,0,604.791,-841.639,74.426,0.000,0,-1.000000,1.000,28.924,-1.000000,0.0000,0.0000,0,0,0.000,1.000,19.607,604.791,-841.639,74.426,0,0,0,99.163107
436,63.5395,walk-into-authored-trunk,585.907,-834.339,82.758,24.218,-91.178,266.007,578.190,-859.606,-2.770,594.496,-832.095,-0.829,0.6919,0.2018,563.424,-835.130,73.990,607.376,-844.964,74.989,0.1132,0.0000,1.6000,1,-100.000,550.000,0.0000,0.0000,0,0,607.376,-844.964,74.989,0.000,0,-1.000000,1.000,28.924,-1.000000,0.0000,0.0000,0,0,0.000,1.000,19.607,607.376,-844.964,74.989,0,0,0,99.160857
437,63.6817,retreat-from-authored-trunk,589.016,-835.577,82.812,23.871,-93.993,263.229,580.125,-857.892,-2.497,597.728,-836.659,0.291,0.6820,0.1989,566.436,-834.285,74.518,609.849,-848.168,75.677,0.1414,0.0000,1.6000,1,-100.000,550.000,0.0000,0.0000,0,0,609.849,-848.168,75.677,0.000,0,-1.000000,1.000,28.924,-1.000000,0.0000,0.0000,0,0,0.000,1.000,19.607,609.849,-848.168,75.677,0,0,0,99.158590
438,63.8166,retreat-from-authored-trunk,591.010,-830.079,82.993,60.743,-53.398,260.624,596.267,-849.874,-1.920,601.857,-829.557,6.021,1.0000,0.5062,569.150,-839.546,74.754,617.737,-830.363,76.631,0.2099,0.0000,1.6000,1,-100.000,550.000,0.0000,0.0000,0,0,617.737,-830.363,76.631,0.000,0,-1.000000,1.000,28.924,-1.000000,0.0000,0.0000,0,0,0.000,1.000,19.607,617.737,-830.363,76.631,0,0,0,99.156425
439,63.9761,retreat-from-authored-trunk,593.654,-815.262,83.412,101.250,-5.537,258.748,595.736,-824.074,-1.361,623.860,-807.714,4.474,1.0000,0.8438,587.799,-837.783,74.400,610.323,-795.381,76.091,0.3445,0.0000,1.6000,1,-100.000,550.000,0.0000,0.0000,0,0,610.323,-795.381,76.091,0.000,0,-1.000000,1.000,28.924,-1.000000,0.0000,0.0000,0,0,0.000,1.000,19.607,610.323,-795.381,76.091,0,0,0,99.153872
440,64.1227,retreat-from-authored-trunk,596.433,-800.668,83.832,101.250,38.480,258.538,593.063,-815.557,-1.198,622.675,-765.614,-0.845,1.0000,0.8438,613.597,-814.998,72.502,588.349,-779.238,72.950,0.4683,0.0000,1.6000,1,-100.000,550.000,0.0000,0.0000,0,0,588.349,-779.238,72.950,0.000,0,-1.000000,1.000,28.924,-1.000000,0.0000,0.0000,0,0,0.000,1.000,19.607,588.349,-779.238,72.950,0,0,0,99.151525
441,64.2598,retreat-from-authored-trunk,599.146,-787.121,84.229,101.250,78.538,258.538,606.078,-799.914,1.404,595.168,-752.588,-0.737,1.0000,0.8438,621.620,-778.162,74.661,576.874,-784.845,73.560,0.5834,0.0000,1.6000,1,-100.000,550.000,0.0000,0.0000,0,0,576.874,-784.845,73.560,0.000,0,-1.000000,1.000,28.924,-1.000000,0.0000,0.0000,0,0,0.000,1.000,19.607,576.874,-784.845,73.560,0,0,0,99.149341
442,64.3969,retreat-from-authored-trunk,601.913,-773.450,84.631,101.250,78.538,258.538,611.092,-769.938,7.629,596.005,-752.772,-0.046,1.0000,0.8438,624.375,-759.243,78.419,578.392,-776.881,76.467,0.6997,0.0000,1.6000,1,-100.000,550.000,0.0000,0.0000,0,0,578.392,-776.881,76.467,0.000,0,-1.000000,1.000,28.924,-1.000000,0.0000,0.0000,0,0,0.000,1.000,19.607,578.392,-776.881,76.467,0,0,0,99.147137
443,64.5526,retreat-from-authored-trunk,605.040,-758.021,85.090,101.250,78.538,258.538,617.320,-731.740,6.427,596.855,-752.871,-0.046,1.0000,0.8438,627.417,-744.632,77.805,581.630,-760.521,75.977,0.8309,0.0000,1.6000,1,-100.000,550.000,0.0000,0.0000,0,0,581.630,-760.521,75.977,0.000,0,-1.000000,1.000,28.924,-1.000000,0.0000,0.0000,0,0,0.000,1.000,19.607,581.630,-760.521,75.977,0,0,0,99.144649
444,64.7093,retreat-from-authored-trunk,608.198,-742.449,85.556,101.250,78.538,258.538,622.835,-701.199,1.062,598.045,-753.055,0.511,1.0000,0.8438,630.714,-736.839,74.756,586.849,-736.672,74.237,0.9633,0.0000,1.6000,1,-100.000,550.000,0.0000,0.0000,0,0,586.849,-736.672,74.237,0.000,0,-1.000000,1.000,28.924,-1.000000,0.0000,0.0000,0,0,0.000,1.000,19.607,586.849,-736.672,74.237,0,0,0,99.142138
445,64.8362,retreat-from-authored-trunk,610.744,-729.889,85.933,101.250,78.538,258.538,624.234,-696.128,0.988,600.349,-741.658,2.539,1.0000,0.8438,632.812,-732.803,75.023,591.335,-715.907,75.959,0.0701,0.0000,1.6000,1,-100.000,550.000,0.0000,0.0000,0,0,591.335,-715.907,75.959,0.000,0,-1.000000,1.000,28.924,-1.000000,0.0000,0.0000,0,0,0.000,1.000,19.607,591.335,-715.907,75.959,0,0,0,99.140113
446,64.9764,retreat-from-authored-trunk,613.572,-715.943,86.354,101.250,78.538,258.538,625.164,-696.216,1.313,605.432,-711.885,8.533,1.0000,0.8438,635.231,-725.376,77.697,595.787,-696.324,79.503,0.1887,0.0000,1.6000,1,-100.000,550.000,0.0000,0.0000,0,0,595.787,-696.324,79.503,0.000,0,-1.000000,1.000,28.924,-1.000000,0.0000,0.0000,0,0,0.000,1.000,19.607,595.787,-696.324,79.503,0,0,0,99.137865
447,65.1025,retreat-from-authored-trunk,616.103,-703.462,86.733,101.250,78.538,258.538,625.913,-696.388,1.757,610.569,-680.866,9.601,1.0000,0.8438,637.756,-713.331,78.383,598.440,-683.464,80.246,0.2948,0.0000,1.6000,1,-100.000,550.000,0.0000,0.0000,0,0,598.440,-683.464,80.246,0.000,0,-1.000000,1.000,28.924,-1.000000,0.0000,0.0000,0,0,0.000,1.000,19.607,598.440,-683.464,80.246,0,0,0,99.135852
448,65.2298,retreat-from-authored-trunk,618.669,-690.802,87.118,101.250,78.538,258.538,626.308,-696.548,2.005,614.977,-652.236,4.801,1.0000,0.8438,640.301,-695.659,76.515,599.409,-675.047,77.737,0.4024,0.0000,1.6000,1,-100.000,550.000,0.0000,0.0000,0,0,599.409,-675.047,77.737,0.000,0,-1.000000,1.000,28.924,-1.000000,0.0000,0.0000,0,0,0.000,1.000,19.607,599.409,-675.047,77.737,0,0,0,99.133811
449,65.3563,retreat-from-authored-trunk,621.210,-678.270,87.502,101.250,78.538,258.538,627.291,-695.527,2.635,618.292,-634.878,2.526,1.0000,0.8438,643.345,-674.810,76.398,600.073,-670.227,76.270,0.5090,0.0000,1.6000,1,-100.000,550.000,0.0000,0.0000,0,0,600.073,-670.227,76.270,0.000,0,-1.000000,1.000,28.924,-1.000000,0.0000,0.0000,0,0,0.000,1.000,19.607,600.073,-670.227,76.270,0,0,0,99.131790
450,65.4819,retreat-from-authored-trunk,623.740,-665.793,87.884,101.250,78.538,258.538,630.978,-675.141,6.789,619.113,-634.881,3.073,1.0000,0.8438,646.096,-654.874,79.357,600.878,-665.623,77.936,0.6151,0.0000,1.6000,1,-100.000,550.000,0.0000,0.0000,0,0,600.878,-665.623,77.936,0.000,0,-1.000000,1.000,28.924,-1.000000,0.0000,0.0000,0,0,0.000,1.000,19.607,600.878,-665.623,77.936,0,0,0,99.129778
451,65.6071,retreat-from-authored-trunk,626.256,-653.385,88.266,101.250,78.538,258.538,636.009,-646.179,11.626,620.024,-635.068,3.453,1.0000,0.8438,648.752,-638.816,82.201,602.698,-657.240,80.199,0.7206,0.0000,1.6000,1,-100.000,550.000,0.0000,0.0000,0,0,602.698,-657.240,80.199,0.000,0,-1.000000,1.000,28.924,-1.000000,0.0000,0.0000,0,0,0.000,1.000,19.607,602.698,-657.240,80.199,0,0,0,99.127778
452,65.7336,retreat-from-authored-trunk,628.805,-640.812,88.653,101.250,78.538,258.538,641.018,-615.080,10.094,620.684,-635.247,3.467,1.0000,0.8438,651.195,-627.323,81.403,605.383,-643.420,79.559,0.8275,0.0000,1.6000,1,-100.000,550.000,0.0000,0.0000,0,0,605.383,-643.420,79.559,0.000,0,-1.000000,1.000,28.924,-1.000000,0.0000,0.0000,0,0,0.000,1.000,19.607,605.383,-643.420,79.559,0,0,0,99.125751
453,65.8608,retreat-from-authored-trunk,631.357,-628.227,89.042,101.250,78.538,258.538,645.629,-588.905,5.153,621.588,-635.414,3.743,1.0000,0.8438,653.855,-620.391,78.655,609.415,-624.647,77.735,0.9345,0.0000,1.6000,1,-100.000,550.000,0.0000,0.0000,0,0,609.415,-624.647,77.735,0.000,0,-1.000000,1.000,28.924,-1.000000,0.0000,0.0000,0,0,0.000,1.000,19.607,609.415,-624.647,77.735,0,0,0,99.123721
454,65.9868,retreat-from-authored-trunk,633.899,-615.689,89.431,101.250,78.538,258.538,647.773,-578.530,4.497,623.158,-629.472,5.091,1.0000,0.8438,656.020,-616.391,78.242,613.883,-603.808,78.808,0.0411,0.0000,1.6000,1,-100.000,550.000,0.0000,0.0000,0,0,613.883,-603.808,78.808,0.000,0,-1.000000,1.000,28.924,-1.000000,0.0000,0.0000,0,0,0.000,1.000,19.607,613.883,-603.808,78.808,0,0,0,99.121700
455,66.1126,retreat-from-authored-trunk,636.428,-603.219,89.818,101.250,78.538,258.538,648.653,-578.666,5.015,627.365,-605.693,10.424,1.0000,0.8438,658.227,-610.987,80.595,618.250,-584.936,82.239,0.1471,0.0000,1.6000,1,-100.000,550.000,0.0000,0.0000,0,0,618.250,-584.936,82.239,0.000,0,-1.000000,1.000,28.924,-1.000000,0.0000,0.0000,0,0,0.000,1.000,19.607,618.250,-584.936,82.239,0,0,0,99.119689
456,66.2538,retreat-from-authored-trunk,639.273,-589.185,90.254,101.250,78.538,258.538,649.492,-578.802,5.371,633.018,-571.555,13.795,1.0000,0.8438,660.857,-599.436,82.217,621.666,-568.827,84.137,0.2665,0.0000,1.6000,1,-100.000,550.000,0.0000,0.0000,0,0,621.666,-568.827,84.137,0.000,0,-1.000000,1.000,28.924,-1.000000,0.0000,0.0000,0,0,0.000,1.000,19.607,621.666,-568.827,84.137,0,0,0,99.117426
457,66.3794,retreat-from-authored-trunk,641.795,-576.747,90.642,101.250,78.538,258.538,650.418,-578.976,5.685,638.115,-541.967,10.075,1.0000,0.8438,663.807,-583.493,80.828,623.492,-559.398,82.327,0.3722,0.0000,1.6000,1,-100.000,550.000,0.0000,0.0000,0,0,623.492,-559.398,82.327,0.000,0,-1.000000,1.000,28.924,-1.000000,0.0000,0.0000,0,0,0.000,1.000,19.607,623.492,-559.398,82.327,0,0,0,99.115421
458,66.5049,retreat-from-authored-trunk,644.324,-564.273,91.030,101.250,78.538,258.538,651.206,-579.085,6.058,641.944,-520.276,6.200,1.0000,0.8438,666.799,-563.386,79.731,624.217,-553.872,80.038,0.4783,0.0000,1.6000,1,-100.000,550.000,0.0000,0.0000,0,0,624.217,-553.872,80.038,0.000,0,-1.000000,1.000,28.924,-1.000000,0.0000,0.0000,0,0,0.000,1.000,19.607,624.217,-553.872,80.038,0,0,0,99.113409
459,66.6384,retreat-from-authored-trunk,646.998,-551.086,91.442,101.250,78.538,258.538,653.924,-563.181,8.862,642.809,-517.361,6.399,1.0000,0.8438,669.382,-541.681,81.977,624.522,-549.302,80.805,0.5904,0.0000,1.6000,1,-100.000,550.000,0.0000,0.0000,0,0,624.522,-549.302,80.805,0.000,0,-1.000000,1.000,28.924,-1.000000,0.0000,0.0000,0,0,0.000,1.000,19.607,624.522,-549.302,80.805,0,0,0,99.111283
