frame,seconds,pass,x,y,z,speed,yaw,view_yaw,left_toe_x,left_toe_y,left_toe_z,right_toe_x,right_toe_y,right_toe_z,walk_weight,gait_rate,left_hand_x,left_hand_y,left_hand_z,right_hand_x,right_hand_y,right_hand_z,walk_phase,gather_weight,gather_phase,gather_starts,forage_x,forage_y,water_weight,water_phase,water_starts,tool_visible,tool_x,tool_y,tool_z,can_pitch,water_stock,plot_moisture,tool_scale,tool_radius,plot_weeds,clear_weight,clear_phase,clear_starts,hatchet_visible,hatchet_pitch,hatchet_scale,hatchet_radius,hatchet_x,hatchet_y,hatchet_z,branch_stock,fiber_stock,resource_cleared,energy
0,0.1363,close-notes,-1000.000,0.000,88.150,0.000,0.000,15.000,-987.007,-7.889,3.238,-985.670,9.560,3.238,0.0000,0.0000,-992.589,-21.721,83.022,-995.242,21.664,83.022,0.0000,0.0000,0.0000,0,0.000,0.000,0.0000,0.0000,0,0,-995.242,21.664,83.022,0.000,0,-1.000000,1.000,28.924,-1.000000,0.0000,0.0000,0,0,0.000,1.000,19.607,-995.242,21.664,83.022,0,0,-1,99.995675
1,0.2772,close-notes,-1000.000,0.000,88.150,0.000,0.000,15.000,-987.007,-7.889,3.238,-985.670,9.560,3.238,0.0000,0.0000,-992.589,-21.721,83.022,-995.242,21.664,83.022,0.0000,0.0000,0.0000,0,0.000,0.000,0.0000,0.0000,0,0,-995.242,21.664,83.022,0.000,0,-1.000000,1.000,28.924,-1.000000,0.0000,0.0000,0,0,0.000,1.000,19.607,-995.242,21.664,83.022,0,0,-1,99.993420
2,0.4157,close-notes,-1000.000,0.000,88.150,0.000,0.000,15.000,-987.007,-7.889,3.238,-985.670,9.560,3.238,0.0000,0.0000,-992.668,-21.729,83.013,-995.321,21.663,83.013,0.0000,0.0000,0.0000,0,0.000,0.000,0.0000,0.0000,0,0,-995.321,21.663,83.013,0.000,0,-1.000000,1.000,28.924,-1.000000,0.0000,0.0000,0,0,0.000,1.000,19.607,-995.321,21.663,83.013,0,0,-1,99.991204
3,0.5519,close-notes,-1000.000,0.000,88.150,0.000,0.000,15.000,-987.007,-7.889,3.238,-985.670,9.560,3.238,0.0000,0.0000,-992.740,-21.737,83.007,-995.394,21.661,83.007,0.0000,0.0000,0.0000,0,0.000,0.000,0.0000,0.0000,0,0,-995.394,21.661,83.007,0.000,0,-1.000000,1.000,28.924,-1.000000,0.0000,0.0000,0,0,0.000,1.000,19.607,-995.394,21.661,83.007,0,0,-1,99.989026
4,0.6894,close-notes,-1000.000,0.000,88.150,0.000,0.000,15.000,-987.007,-7.889,3.238,-985.670,9.560,3.238,0.0000,0.0000,-992.815,-21.745,82.989,-995.469,21.660,82.989,0.0000,0.0000,0.0000,0,0.000,0.000,0.0000,0.0000,0,0,-995.469,21.660,82.989,0.000,0,-1.000000,1.000,28.924,-1.000000,0.0000,0.0000,0,0,0.000,1.000,19.607,-995.469,21.660,82.989,0,0,-1,99.986824
5,0.8272,close-notes,-1000.000,0.000,88.150,0.000,0.000,15.000,-987.007,-7.889,3.238,-985.670,9.560,3.238,0.0000,0.0000,-992.912,-21.755,82.975,-995.567,21.658,82.975,0.0000,0.0000,0.0000,0,0.000,0.000,0.0000,0.0000,0,0,-995.567,21.658,82.975,0.000,0,-1.000000,1.000,28.924,-1.000000,0.0000,0.0000,0,0,0.000,1.000,19.607,-995.567,21.658,82.975,0,0,-1,99.984620
6,0.9668,close-notes,-1000.000,0.000,88.150,0.000,0.000,15.000,-987.007,-7.889,3.238,-985.670,9.560,3.238,0.0000,0.0000,-993.004,-21.765,82.962,-995.659,21.657,82.962,0.0000,0.0000,0.0000,0,0.000,0.000,0.0000,0.0000,0,0,-995.659,21.657,82.962,0.000,0,-1.000000,1.000,28.924,-1.000000,0.0000,0.0000,0,0,0.000,1.000,19.607,-995.659,21.657,82.962,0,0,-1,99.982387
7,1.2245,idle,-1000.000,0.000,88.150,0.000,0.000,15.000,-987.007,-7.889,3.238,-985.670,9.560,3.238,0.0000,0.0000,-993.131,-21.777,82.941,-995.788,21.654,82.941,0.0000,0.0000,0.0000,0,0.000,0.000,0.0000,0.0000,0,0,-995.788,21.654,82.941,0.000,0,-1.000000,1.000,28.924,-1.000000,0.0000,0.0000,0,0,0.000,1.000,19.607,-995.788,21.654,82.941,0,0,-1,99.978264
8,1.3616,idle,-1000.000,0.000,88.150,0.000,0.000,15.000,-987.007,-7.889,3.238,-985.670,9.560,3.238,0.0000,0.0000,-993.152,-21.778,82.932,-995.809,21.652,82.932,0.0000,0.0000,0.0000,0,0.000,0.000,0.0000,0.0000,0,0,-995.809,21.652,82.932,0.000,0,-1.000000,1.000,28.924,-1.000000,0.0000,0.0000,0,0,0.000,1.000,19.607,-995.809,21.652,82.932,0,0,-1,99.976070
9,1.4992,idle,-1000.000,0.000,88.150,0.000,0.000,15.000,-987.007,-7.889,3.238,-985.670,9.560,3.238,0.0000,0.0000,-993.246,-21.789,82.929,-995.903,21.652,82.929,0.0000,0.0000,0.0000,0,0.000,0.000,0.0000,0.0000,0,0,-995.903,21.652,82.929,0.000,0,-1.000000,1.000,28.924,-1.000000,0.0000,0.0000,0,0,0.000,1.000,19.607,-995.903,21.652,82.929,0,0,-1,99.973869
10,1.6267,idle,-1000.000,0.000,88.150,0.000,0.000,15.000,-987.007,-7.889,3.238,-985.670,9.560,3.238,0.0000,0.0000,-993.246,-21.789,82.929,-995.903,21.652,82.929,0.0000,0.0000,0.0000,0,0.000,0.000,0.0000,0.0000,0,0,-995.903,21.652,82.929,0.000,0,-1.000000,1.000,28.924,-1.000000,0.0000,0.0000,0,0,0.000,1.000,19.607,-995.903,21.652,82.929,0,0,-1,99.971834
11,1.7559,idle,-1000.000,0.000,88.150,0.000,0.000,15.000,-987.007,-7.889,3.238,-985.670,9.560,3.238,0.0000,0.0000,-993.263,-21.791,82.927,-995.921,21.651,82.927,0.0000,0.0000,0.0000,0,0.000,0.000,0.0000,0.0000,0,0,-995.921,21.651,82.927,0.000,0,-1.000000,1.000,28.924,-1.000000,0.0000,0.0000,0,0,0.000,1.000,19.607,-995.921,21.651,82.927,0,0,-1,99.969763
12,1.8876,idle,-1000.000,0.000,88.150,0.000,0.000,15.000,-987.007,-7.889,3.238,-985.670,9.560,3.238,0.0000,0.0000,-993.263,-21.791,82.927,-995.921,21.651,82.927,0.0000,0.0000,0.0000,0,0.000,0.000,0.0000,0.0000,0,0,-995.921,21.651,82.927,0.000,0,-1.000000,1.000,28.924,-1.000000,0.0000,0.0000,0,0,0.000,1.000,19.607,-995.921,21.651,82.927,0,0,-1,99.967667
13,2.0147,idle,-1000.000,0.000,88.150,0.000,0.000,15.000,-987.007,-7.889,3.238,-985.670,9.560,3.238,0.0000,0.0000,-993.155,-21.780,82.941,-995.811,21.654,82.941,0.0000,0.0000,0.0000,0,0.000,0.000,0.0000,0.0000,0,0,-995.811,21.654,82.941,0.000,0,-1.000000,1.000,28.924,-1.000000,0.0000,0.0000,0,0,0.000,1.000,19.607,-995.811,21.654,82.941,0,0,-1,99.965620
14,2.1509,idle,-1000.000,0.000,88.150,0.000,0.000,15.000,-987.007,-7.889,3.238,-985.670,9.560,3.238,0.0000,0.0000,-993.067,-21.771,82.953,-995.723,21.655,82.953,0.0000,0.0000,0.0000,0,0.000,0.000,0.0000,0.0000,0,0,-995.723,21.655,82.953,0.000,0,-1.000000,1.000,28.924,-1.000000,0.0000,0.0000,0,0,0.000,1.000,19.607,-995.723,21.655,82.953,0,0,-1,99.963448
15,2.2809,idle,-1000.000,0.000,88.150,0.000,0.000,15.000,-987.007,-7.889,3.238,-985.670,9.560,3.238,0.0000,0.0000,-992.986,-21.763,82.964,-995.641,21.657,82.965,0.0000,0.0000,0.0000,0,0.000,0.000,0.0000,0.0000,0,0,-995.641,21.657,82.965,0.000,0,-1.000000,1.000,28.924,-1.000000,0.0000,0.0000,0,0,0.000,1.000,19.607,-995.641,21.657,82.965,0,0,-1,99.961362
16,2.4090,idle,-1000.000,0.000,88.150,0.000,0.000,15.000,-987.007,-7.889,3.238,-985.670,9.560,3.238,0.0000,0.0000,-992.893,-21.753,82.977,-995.547,21.659,82.977,0.0000,0.0000,0.0000,0,0.000,0.000,0.0000,0.0000,0,0,-995.547,21.659,82.977,0.000,0,-1.000000,1.000,28.924,-1.000000,0.0000,0.0000,0,0,0.000,1.000,19.607,-995.547,21.659,82.977,0,0,-1,99.959317
17,2.5341,idle,-1000.000,0.000,88.150,0.000,0.000,15.000,-987.007,-7.889,3.238,-985.670,9.560,3.238,0.0000,0.0000,-992.807,-21.744,82.990,-995.461,21.660,82.990,0.0000,0.0000,0.0000,0,0.000,0.000,0.0000,0.0000,0,0,-995.461,21.660,82.990,0.000,0,-1.000000,1.000,28.924,-1.000000,0.0000,0.0000,0,0,0.000,1.000,19.607,-995.461,21.660,82.990,0,0,-1,99.957310
18,2.6650,idle,-1000.000,0.000,88.150,0.000,0.000,15.000,-987.007,-7.889,3.238,-985.670,9.560,3.238,0.0000,0.0000,-992.729,-21.736,83.001,-995.383,21.662,83.001,0.0000,0.0000,0.0000,0,0.000,0.000,0.0000,0.0000,0,0,-995.383,21.662,83.001,0.000,0,-1.000000,1.000,28.924,-1.000000,0.0000,0.0000,0,0,0.000,1.000,19.607,-995.383,21.662,83.001,0,0,-1,99.955224
19,2.7991,idle,-1000.000,0.000,88.150,0.000,0.000,15.000,-987.007,-7.889,3.238,-985.670,9.560,3.238,0.0000,0.0000,-992.659,-21.729,83.011,-995.313,21.663,83.011,0.0000,0.0000,0.0000,0,0.000,0.000,0.0000,0.0000,0,0,-995.313,21.663,83.011,0.000,0,-1.000000,1.000,28.924,-1.000000,0.0000,0.0000,0,0,0.000,1.000,19.607,-995.313,21.663,83.011,0,0,-1,99.953073
20,2.9316,idle,-1000.000,0.000,88.150,0.000,0.000,15.000,-987.007,-7.889,3.238,-985.670,9.560,3.238,0.0000,0.0000,-992.659,-21.729,83.011,-995.313,21.663,83.011,0.0000,0.0000,0.0000,0,0.000,0.000,0.0000,0.0000,0,0,-995.313,21.663,83.011,0.000,0,-1.000000,1.000,28.924,-1.000000,0.0000,0.0000,0,0,0.000,1.000,19.607,-995.313,21.663,83.011,0,0,-1,99.950957
21,3.0639,idle,-1000.000,0.000,88.150,0.000,0.000,15.000,-987.007,-7.889,3.238,-985.670,9.560,3.238,0.0000,0.0000,-992.589,-21.721,83.022,-995.242,21.664,83.022,0.0000,0.0000,0.0000,0,0.000,0.000,0.0000,0.0000,0,0,-995.242,21.664,83.022,0.000,0,-1.000000,1.000,28.924,-1.000000,0.0000,0.0000,0,0,0.000,1.000,19.607,-995.242,21.664,83.022,0,0,-1,99.948834
22,3.1925,idle,-1000.000,0.000,88.150,0.000,0.000,15.000,-987.007,-7.889,3.238,-985.670,9.560,3.238,0.0000,0.0000,-992.589,-21.721,83.022,-995.242,21.664,83.022,0.0000,0.0000,0.0000,0,0.000,0.000,0.0000,0.0000,0,0,-995.242,21.664,83.022,0.000,0,-1.000000,1.000,28.924,-1.000000,0.0000,0.0000,0,0,0.000,1.000,19.607,-995.242,21.664,83.022,0,0,-1,99.946781
23,3.3194,idle,-1000.000,0.000,88.150,0.000,0.000,15.000,-987.007,-7.889,3.238,-985.670,9.560,3.238,0.0000,0.0000,-992.612,-21.724,83.018,-995.265,21.664,83.018,0.0000,0.0000,0.0000,0,0.000,0.000,0.0000,0.0000,0,0,-995.265,21.664,83.018,0.000,0,-1.000000,1.000,28.924,-1.000000,0.0000,0.0000,0,0,0.000,1.000,19.607,-995.265,21.664,83.018,0,0,-1,99.944747
24,3.4497,idle,-1000.000,0.000,88.150,0.000,0.000,15.000,-987.007,-7.889,3.238,-985.670,9.560,3.238,0.0000,0.0000,-992.686,-21.731,83.011,-995.339,21.662,83.011,0.0000,0.0000,0.0000,0,0.000,0.000,0.0000,0.0000,0,0,-995.339,21.662,83.011,0.000,0,-1.000000,1.000,28.924,-1.000000,0.0000,0.0000,0,0,0.000,1.000,19.607,-995.339,21.662,83.011,0,0,-1,99.942669
25,3.5866,idle,-1000.000,0.000,88.150,0.000,0.000,15.000,-987.007,-7.889,3.238,-985.670,9.560,3.238,0.0000,0.0000,-992.745,-21.738,83.000,-995.399,21.661,83.000,0.0000,0.0000,0.0000,0,0.000,0.000,0.0000,0.0000,0,0,-995.399,21.661,83.000,0.000,0,-1.000000,1.000,28.924,-1.000000,0.0000,0.0000,0,0,0.000,1.000,19.607,-995.399,21.661,83.000,0,0,-1,99.940472
26,3.7214,idle,-1000.000,0.000,88.150,0.000,0.000,15.000,-987.007,-7.889,3.238,-985.670,9.560,3.238,0.0000,0.0000,-992.837,-21.747,82.985,-995.491,21.660,82.985,0.0000,0.0000,0.0000,0,0.000,0.000,0.0000,0.0000,0,0,-995.491,21.660,82.985,0.000,0,-1.000000,1.000,28.924,-1.000000,0.0000,0.0000,0,0,0.000,1.000,19.607,-995.491,21.660,82.985,0,0,-1,99.938320
27,3.8530,idle,-1000.000,0.000,88.150,0.000,0.000,15.000,-987.007,-7.889,3.238,-985.670,9.560,3.238,0.0000,0.0000,-992.925,-21.756,82.973,-995.580,21.658,82.973,0.0000,0.0000,0.0000,0,0.000,0.000,0.0000,0.0000,0,0,-995.580,21.658,82.973,0.000,0,-1.000000,1.000,28.924,-1.000000,0.0000,0.0000,0,0,0.000,1.000,19.607,-995.580,21.658,82.973,0,0,-1,99.936208
28,3.9936,idle,-1000.000,0.000,88.150,0.000,0.000,15.000,-987.007,-7.889,3.238,-985.670,9.560,3.238,0.0000,0.0000,-993.023,-21.767,82.959,-995.678,21.656,82.959,0.0000,0.0000,0.0000,0,0.000,0.000,0.0000,0.0000,0,0,-995.678,21.656,82.959,0.000,0,-1.000000,1.000,28.924,-1.000000,0.0000,0.0000,0,0,0.000,1.000,19.607,-995.678,21.656,82.959,0,0,-1,99.933957
29,4.1201,idle,-1000.000,0.000,88.150,0.000,0.000,15.000,-987.007,-7.889,3.238,-985.670,9.560,3.238,0.0000,0.0000,-993.112,-21.776,82.947,-995.768,21.655,82.947,0.0000,0.0000,0.0000,0,0.000,0.000,0.0000,0.0000,0,0,-995.768,21.655,82.947,0.000,0,-1.000000,1.000,28.924,-1.000000,0.0000,0.0000,0,0,0.000,1.000,19.607,-995.768,21.655,82.947,0,0,-1,99.931935
30,4.2470,slow-walk,-1000.000,0.000,88.150,0.000,0.000,15.000,-987.007,-7.889,3.238,-985.670,9.560,3.238,0.0000,0.0000,-993.135,-21.777,82.940,-995.791,21.653,82.940,0.0000,0.0000,0.0000,0,0.000,0.000,0.0000,0.0000,0,0,-995.791,21.653,82.940,0.000,0,-1.000000,1.000,28.924,-1.000000,0.0000,0.0000,0,0,0.000,1.000,19.607,-995.791,21.653,82.940,0,0,-1,99.929912
31,4.3750,slow-walk,-997.200,0.750,88.150,33.722,15.000,15.000,-965.952,2.063,2.012,-1004.679,7.513,1.989,0.6423,0.2810,-986.668,-18.961,79.017,-996.900,23.498,79.330,0.0361,0.0000,0.0000,0,0.000,0.000,0.0000,0.0000,0,0,-996.900,23.498,79.330,0.000,0,-1.000000,1.000,28.924,-1.000000,0.0000,0.0000,0,0,0.000,1.000,19.607,-996.900,23.498,79.330,0,0,-1,99.927857
32,4.5039,slow-walk,-990.205,2.625,88.150,67.484,15.000,15.000,-958.342,4.114,3.189,-1001.517,7.937,6.573,1.0000,0.5624,-985.487,-19.509,77.956,-983.951,26.693,79.269,0.1084,0.0000,0.0000,0,0.000,0.000,0.0000,0.0000,0,0,-983.951,26.693,79.269,0.000,0,-1.000000,1.000,28.924,-1.000000,0.0000,0.0000,0,0,0.000,1.000,19.607,-983.951,26.693,79.269,0,0,-1,99.925799
33,4.6447,slow-walk,-981.009,5.089,88.150,67.500,15.000,15.000,-958.080,3.537,3.110,-981.146,14.138,10.292,1.0000,0.5625,-979.777,-18.493,79.478,-971.396,29.750,81.282,0.1878,0.0000,0.0000,0,0.000,0.000,0.0000,0.0000,0,0,-971.396,29.750,81.282,0.000,0,-1.000000,1.000,28.924,-1.000000,0.0000,0.0000,0,0,0.000,1.000,19.607,-971.396,29.750,81.282,0,0,-1,99.923542
34,4.7710,slow-walk,-972.791,7.291,88.150,67.500,15.000,15.000,-958.011,3.071,3.252,-961.098,20.323,11.702,1.0000,0.5625,-972.436,-16.618,80.130,-962.372,32.132,82.048,0.2587,0.0000,0.0000,0,0.000,0.000,0.0000,0.0000,0,0,-962.372,32.132,82.048,0.000,0,-1.000000,1.000,28.924,-1.000000,0.0000,0.0000,0,0,0.000,1.000,19.607,-962.372,32.132,82.048,0,0,-1,99.921525
35,4.8963,slow-walk,-964.607,9.484,88.150,67.500,15.000,15.000,-957.862,2.583,3.241,-941.336,26.421,9.791,1.0000,0.5625,-962.792,-13.834,79.301,-955.457,34.114,81.068,0.3293,0.0000,0.0000,0,0.000,0.000,0.0000,0.0000,0,0,-955.457,34.114,81.068,0.000,0,-1.000000,1.000,28.924,-1.000000,0.0000,0.0000,0,0,0.000,1.000,19.607,-955.457,34.114,81.068,0,0,-1,99.919517
36,5.0245,slow-walk,-956.260,11.720,88.150,67.500,15.000,15.000,-957.875,2.371,3.026,-923.495,32.179,5.880,1.0000,0.5625,-951.048,-9.834,77.554,-950.668,36.004,78.787,0.4013,0.0000,0.0000,0,0.000,0.000,0.0000,0.0000,0,0,-950.668,36.004,78.787,0.000,0,-1.000000,1.000,28.924,-1.000000,0.0000,0.0000,0,0,0.000,1.000,19.607,-950.668,36.004,78.787,0,0,-1,99.917469
37,5.1661,slow-walk,-947.022,14.195,88.150,67.500,15.000,15.000,-957.532,1.313,3.201,-908.618,35.942,3.282,1.0000,0.5625,-936.004,-5.459,76.862,-946.879,36.765,77.130,0.4810,0.0000,0.0000,0,0.000,0.000,0.0000,0.0000,0,0,-946.879,36.765,77.130,0.000,0,-1.000000,1.000,28.924,-1.000000,0.0000,0.0000,0,0,0.000,1.000,19.607,-946.879,36.765,77.130,0,0,-1,99.915202
38,5.2918,slow-walk,-938.839,16.388,88.150,67.500,15.000,15.000,-949.889,3.492,3.938,-906.002,36.406,3.046,1.0000,0.5625,-922.810,-0.830,77.572,-944.372,37.791,76.863,0.5516,0.0000,0.0000,0,0.000,0.000,0.0000,0.0000,0,0,-944.372,37.791,76.863,0.000,0,-1.000000,1.000,28.924,-1.000000,0.0000,0.0000,0,0,0.000,1.000,19.607,-944.372,37.791,76.863,0,0,-1,99.913194
39,5.4170,slow-walk,-930.661,18.579,88.150,67.500,15.000,15.000,-934.871,8.193,7.357,-905.837,36.197,3.291,1.0000,0.5625,-910.551,3.574,79.797,-941.068,38.999,78.304,0.6221,0.0000,0.0000,0,0.000,0.000,0.0000,0.0000,0,0,-941.068,38.999,78.304,0.000,0,-1.000000,1.000,28.924,-1.000000,0.0000,0.0000,0,0,0.000,1.000,19.607,-941.068,38.999,78.304,0,0,-1,99.911187
40,5.5433,slow-walk,-922.442,20.782,88.150,67.500,15.000,15.000,-916.242,13.790,10.638,-905.806,35.562,3.211,1.0000,0.5625,-899.865,6.942,81.562,-935.809,40.374,79.633,0.6930,0.0000,0.0000,0,0.000,0.000,0.0000,0.0000,0,0,-935.809,40.374,79.633,0.000,0,-1.000000,1.000,28.924,-1.000000,0.0000,0.0000,0,0,0.000,1.000,19.607,-935.809,40.374,79.633,0,0,-1,99.909170
41,5.6761,slow-walk,-913.765,23.107,88.150,67.500,15.000,15.000,-895.012,20.261,11.668,-905.569,35.001,3.282,1.0000,0.5625,-890.593,9.495,82.127,-927.844,42.430,80.111,0.7679,0.0000,0.0000,0,0.000,0.000,0.0000,0.0000,0,0,-927.844,42.430,80.111,0.000,0,-1.000000,1.000,28.924,-1.000000,0.0000,0.0000,0,0,0.000,1.000,19.607,-927.844,42.430,80.111,0,0,-1,99.907040
42,5.8093,slow-walk,-905.100,25.428,88.150,67.500,15.000,15.000,-874.266,26.589,9.082,-905.454,34.444,3.168,1.0000,0.5625,-883.502,11.008,80.696,-917.260,45.245,78.964,0.8427,0.0000,0.0000,0,0.000,0.000,0.0000,0.0000,0,0,-917.260,45.245,78.964,0.000,0,-1.000000,1.000,28.924,-1.000000,0.0000,0.0000,0,0,0.000,1.000,19.607,-917.260,45.245,78.964,0,0,-1,99.904914
43,5.9429,slow-walk,-896.383,27.764,88.150,67.500,15.000,15.000,-856.425,32.050,5.057,-905.290,33.992,2.985,1.0000,0.5625,-878.408,11.624,78.358,-904.187,48.757,77.265,0.9179,0.0000,0.0000,0,0.000,0.000,0.0000,0.0000,0,0,-904.187,48.757,77.265,0.000,0,-1.000000,1.000,28.924,-1.000000,0.0000,0.0000,0,0,0.000,1.000,19.607,-904.187,48.757,77.265,0,0,-1,99.902775
44,6.0761,slow-walk,-887.695,30.092,88.150,67.500,15.000,15.000,-843.533,35.712,3.305,-905.084,33.425,3.214,1.0000,0.5625,-874.792,11.537,77.039,-889.767,52.392,76.931,0.9928,0.0000,0.0000,0,0.000,0.000,0.0000,0.0000,0,0,-889.767,52.392,76.931,0.000,0,-1.000000,1.000,28.924,-1.000000,0.0000,0.0000,0,0,0.000,1.000,19.607,-889.767,52.392,76.931,0,0,-1,99.900643
45,6.2095,slow-walk,-878.989,32.425,88.150,67.500,15.000,15.000,-842.508,35.459,3.191,-894.341,36.411,4.648,1.0000,0.5625,-871.606,11.423,77.190,-875.257,55.988,78.105,0.0679,0.0000,0.0000,0,0.000,0.000,0.0000,0.0000,0,0,-875.257,55.988,78.105,0.000,0,-1.000000,1.000,28.924,-1.000000,0.0000,0.0000,0,0,0.000,1.000,19.607,-875.257,55.988,78.105,0,0,-1,99.898506
46,6.3444,slow-walk,-870.223,34.774,88.150,67.500,15.000,15.000,-842.390,34.925,3.330,-876.971,41.642,8.540,1.0000,0.5625,-867.302,11.882,78.827,-862.119,59.185,80.448,0.1436,0.0000,0.0000,0,0.000,0.000,0.0000,0.0000,0,0,-862.119,59.185,80.448,0.000,0,-1.000000,1.000,28.924,-1.000000,0.0000,0.0000,0,0,0.000,1.000,19.607,-862.119,59.185,80.448,0,0,-1,99.896355
47,6.4796,slow-walk,-861.372,37.145,88.150,67.500,15.000,15.000,-842.203,34.390,3.312,-856.187,48.001,11.482,1.0000,0.5625,-860.747,13.289,80.078,-851.132,61.935,81.979,0.2199,0.0000,0.0000,0,0.000,0.000,0.0000,0.0000,0,0,-851.132,61.935,81.979,0.000,0,-1.000000,1.000,28.924,-1.000000,0.0000,0.0000,0,0,0.000,1.000,19.607,-851.132,61.935,81.979,0,0,-1,99.894183
48,6.6137,slow-walk,-852.648,39.483,88.150,67.500,15.000,15.000,-841.988,33.836,3.169,-834.817,54.527,11.004,1.0000,0.5625,-851.830,15.703,79.791,-842.622,64.204,81.653,0.2952,0.0000,0.0000,0,0.000,0.000,0.0000,0.0000,0,0,-842.622,64.204,81.653,0.000,0,-1.000000,1.000,28.924,-1.000000,0.0000,0.0000,0,0,0.000,1.000,19.607,-842.622,64.204,81.653,0,0,-1,99.892042
49,6.7489,slow-walk,-843.816,41.850,88.150,67.500,15.000,15.000,-841.880,33.173,3.182,-814.423,60.613,7.619,1.0000,0.5625,-840.089,19.124,78.342,-836.397,65.978,79.849,0.3714,0.0000,0.0000,0,0.000,0.000,0.0000,0.0000,0,0,-836.397,65.978,79.849,0.000,0,-1.000000,1.000,28.924,-1.000000,0.0000,0.0000,0,0,0.000,1.000,19.607,-836.397,65.978,79.849,0,0,-1,99.889875
50,6.8863,slow-walk,-834.887,44.242,88.150,67.500,15.000,15.000,-841.728,32.814,3.048,-797.958,65.750,3.895,1.0000,0.5625,-826.392,23.765,76.854,-832.352,67.586,77.563,0.4484,0.0000,0.0000,0,0.000,0.000,0.0000,0.0000,0,0,-832.352,67.586,77.563,0.000,0,-1.000000,1.000,28.924,-1.000000,0.0000,0.0000,0,0,0.000,1.000,19.607,-832.352,67.586,77.563,0,0,-1,99.887684
51,7.0233,slow-walk,-825.921,46.644,88.150,67.500,15.000,15.000,-838.188,33.506,3.403,-790.250,67.816,3.128,1.0000,0.5625,-811.672,28.820,77.211,-829.459,68.716,76.839,0.5258,0.0000,0.0000,0,0.000,0.000,0.0000,0.0000,0,0,-829.459,68.716,76.839,0.000,0,-1.000000,1.000,28.924,-1.000000,0.0000,0.0000,0,0,0.000,1.000,19.607,-829.459,68.716,76.839,0,0,-1,99.885484
52,7.1580,slow-walk,-817.152,48.994,88.150,67.500,15.000,15.000,-823.875,37.888,6.048,-790.099,67.476,3.050,1.0000,0.5625,-798.187,33.561,78.907,-826.380,69.825,77.626,0.6014,0.0000,0.0000,0,0.000,0.000,0.0000,0.0000,0,0,-826.380,69.825,77.626,0.000,0,-1.000000,1.000,28.924,-1.000000,0.0000,0.0000,0,0,0.000,1.000,19.607,-826.380,69.825,77.626,0,0,-1,99.883332
53,7.2939,slow-walk,-808.284,51.370,88.150,67.500,15.000,15.000,-804.493,43.613,9.753,-789.905,66.789,2.911,1.0000,0.5625,-786.080,37.389,80.956,-821.219,71.116,79.086,0.6779,0.0000,0.0000,0,0.000,0.000,0.0000,0.0000,0,0,-821.219,71.116,79.086,0.000,0,-1.000000,1.000,28.924,-1.000000,0.0000,0.0000,0,0,0.000,1.000,19.607,-821.219,71.116,79.086,0,0,-1,99.881155
54,7.4306,slow-walk,-799.383,53.755,88.150,67.500,15.000,15.000,-782.842,50.149,11.726,-789.734,66.111,3.246,1.0000,0.5625,-776.149,40.171,82.152,-813.531,73.048,80.125,0.7547,0.0000,0.0000,0,0.000,0.000,0.0000,0.0000,0,0,-813.531,73.048,80.125,0.000,0,-1.000000,1.000,28.924,-1.000000,0.0000,0.0000,0,0,0.000,1.000,19.607,-813.531,73.048,80.125,0,0,-1,99.878971
55,7.5652,slow-walk,-790.615,56.105,88.150,67.500,15.000,15.000,-761.694,56.795,9.502,-789.591,65.746,3.006,1.0000,0.5625,-768.643,42.044,80.870,-803.300,75.942,79.040,0.8304,0.0000,0.0000,0,0.000,0.000,0.0000,0.0000,0,0,-803.300,75.942,79.040,0.000,0,-1.000000,1.000,28.924,-1.000000,0.0000,0.0000,0,0,0.000,1.000,19.607,-803.300,75.942,79.040,0,0,-1,99.876820
56,7.6983,slow-walk,-781.945,58.428,88.150,67.500,15.000,15.000,-743.261,62.361,5.794,-789.413,65.188,3.148,1.0000,0.5625,-763.273,42.688,78.847,-790.687,79.234,77.632,0.9052,0.0000,0.0000,0,0.000,0.000,0.0000,0.0000,0,0,-790.687,79.234,77.632,0.000,0,-1.000000,1.000,28.924,-1.000000,0.0000,0.0000,0,0,0.000,1.000,19.607,-790.687,79.234,77.632,0,0,-1,99.874692
57,7.8334,slow-walk,-773.110,60.795,88.150,67.500,15.000,15.000,-729.004,66.346,3.431,-789.208,64.523,3.222,1.0000,0.5625,-759.393,42.589,77.150,-776.082,82.861,76.884,0.9814,0.0000,0.0000,0,0.000,0.000,0.0000,0.0000,0,0,-776.082,82.861,76.884,0.000,0,-1.000000,1.000,28.924,-1.000000,0.0000,0.0000,0,0,0.000,1.000,19.607,-776.082,82.861,76.884,0,0,-1,99.872524
58,7.9696,slow-walk,-764.235,63.173,88.150,67.500,15.000,15.000,-726.654,66.617,3.259,-780.343,66.924,4.357,1.0000,0.5625,-756.160,42.492,77.146,-761.243,86.604,77.933,0.0579,0.0000,0.0000,0,0.000,0.000,0.0000,0.0000,0,0,-761.243,86.604,77.933,0.000,0,-1.000000,1.000,28.924,-1.000000,0.0000,0.0000,0,0,0.000,1.000,19.607,-761.243,86.604,77.933,0,0,-1,99.870346
59,8.1022,slow-walk,-755.585,65.491,88.150,67.500,15.000,15.000,-726.510,66.108,3.290,-763.856,71.908,7.920,1.0000,0.5625,-752.167,42.856,78.526,-747.989,89.866,80.072,0.1326,0.0000,0.0000,0,0.000,0.000,0.0000,0.0000,0,0,-747.989,89.866,80.072,0.000,0,-1.000000,1.000,28.924,-1.000000,0.0000,0.0000,0,0,0.000,1.000,19.607,-747.989,89.866,80.072,0,0,-1,99.868223
60,8.2471,slow-walk,-746.145,68.020,88.150,67.500,15.000,15.000,-726.289,65.476,3.291,-741.927,78.549,11.337,1.0000,0.5625,-745.443,44.187,80.007,-735.978,92.787,81.896,0.2140,0.0000,0.0000,0,0.000,0.000,0.0000,0.0000,0,0,-735.978,92.787,81.896,0.000,0,-1.000000,1.000,28.924,-1.000000,0.0000,0.0000,0,0,0.000,1.000,19.607,-735.978,92.787,81.896,0,0,-1,99.865907
61,8.3848,stop-from-slow-walk,-737.148,70.431,88.150,67.500,15.000,15.000,-726.089,64.926,3.215,-719.930,85.273,11.138,1.0000,0.5625,-736.375,46.630,79.874,-727.068,95.169,81.747,0.2916,0.0000,0.0000,0,0.000,0.000,0.0000,0.0000,0,0,-727.068,95.169,81.747,0.000,0,-1.000000,1.000,28.924,-1.000000,0.0000,0.0000,0,0,0.000,1.000,19.607,-727.068,95.169,81.747,0,0,-1,99.863699
62,8.5208,stop-from-slow-walk,-737.148,70.431,88.150,0.000,15.000,15.000,-723.722,65.761,3.012,-723.522,84.165,4.674,0.3211,0.0000,-728.318,49.610,81.599,-734.738,93.548,82.275,0.2916,0.0000,0.0000,0,0.000,0.000,0.0000,0.0000,0,0,-734.738,93.548,82.275,0.000,0,-1.000000,1.000,28.924,-1.000000,0.0000,0.0000,0,0,0.000,1.000,19.607,-734.738,93.548,82.275,0,0,-1,99.861526
63,8.6720,stop-from-slow-walk,-737.148,70.431,88.150,0.000,15.000,15.000,-722.556,66.174,3.238,-725.781,83.374,3.238,0.0000,0.0000,-724.495,51.319,83.002,-738.290,92.551,83.002,0.2916,0.0000,0.0000,0,0.000,0.000,0.0000,0.0000,0,0,-738.290,92.551,83.002,0.000,0,-1.000000,1.000,28.924,-1.000000,0.0000,0.0000,0,0,0.000,1.000,19.607,-738.290,92.551,83.002,0,0,-1,99.859106
64,8.8260,stop-from-slow-walk,-737.148,70.431,88.150,0.000,15.000,15.000,-722.556,66.174,3.238,-725.781,83.374,3.238,0.0000,0.0000,-724.433,51.343,83.011,-738.228,92.569,83.011,0.2916,0.0000,0.0000,0,0.000,0.000,0.0000,0.0000,0,0,-738.228,92.569,83.011,0.000,0,-1.000000,1.000,28.924,-1.000000,0.0000,0.0000,0,0,0.000,1.000,19.607,-738.228,92.569,83.011,0,0,-1,99.856643
65,8.9612,stop-from-slow-walk,-737.148,70.431,88.150,0.000,15.000,15.000,-722.556,66.174,3.238,-725.781,83.374,3.238,0.0000,0.0000,-724.433,51.343,83.011,-738.228,92.569,83.011,0.2916,0.0000,0.0000,0,0.000,0.000,0.0000,0.0000,0,0,-738.228,92.569,83.011,0.000,0,-1.000000,1.000,28.924,-1.000000,0.0000,0.0000,0,0,0.000,1.000,19.607,-738.228,92.569,83.011,0,0,-1,99.854477
66,9.0962,stop-from-slow-walk,-737.148,70.431,88.150,0.000,15.000,15.000,-722.556,66.174,3.238,-725.781,83.374,3.238,0.0000,0.0000,-724.367,51.368,83.022,-738.160,92.588,83.022,0.2916,0.0000,0.0000,0,0.000,0.000,0.0000,0.0000,0,0,-738.160,92.588,83.022,0.000,0,-1.000000,1.000,28.924,-1.000000,0.0000,0.0000,0,0,0.000,1.000,19.607,-738.160,92.588,83.022,0,0,-1,99.852319
67,9.2297,stop-from-slow-walk,-737.148,70.431,88.150,0.000,15.000,15.000,-722.556,66.174,3.238,-725.781,83.374,3.238,0.0000,0.0000,-724.367,51.368,83.022,-738.160,92.588,83.022,0.2916,0.0000,0.0000,0,0.000,0.000,0.0000,0.0000,0,0,-738.160,92.588,83.022,0.000,0,-1.000000,1.000,28.924,-1.000000,0.0000,0.0000,0,0,0.000,1.000,19.607,-738.160,92.588,83.022,0,0,-1,99.850180
68,9.3655,stop-from-slow-walk,-737.148,70.431,88.150,0.000,15.000,15.000,-722.556,66.174,3.238,-725.781,83.374,3.238,0.0000,0.0000,-724.416,51.349,83.015,-738.210,92.574,83.015,0.2916,0.0000,0.0000,0,0.000,0.000,0.0000,0.0000,0,0,-738.210,92.574,83.015,0.000,0,-1.000000,1.000,28.924,-1.000000,0.0000,0.0000,0,0,0.000,1.000,19.607,-738.210,92.574,83.015,0,0,-1,99.848013
69,9.4996,stop-from-slow-walk,-737.148,70.431,88.150,0.000,15.000,15.000,-722.556,66.174,3.238,-725.781,83.374,3.238,0.0000,0.0000,-724.483,51.324,83.009,-738.278,92.554,83.009,0.2916,0.0000,0.0000,0,0.000,0.000,0.0000,0.0000,0,0,-738.278,92.554,83.009,0.000,0,-1.000000,1.000,28.924,-1.000000,0.0000,0.0000,0,0,0.000,1.000,19.607,-738.278,92.554,83.009,0,0,-1,99.845864
70,9.6321,stop-from-slow-walk,-737.148,70.431,88.150,0.000,15.000,15.000,-722.556,66.174,3.238,-725.781,83.374,3.238,0.0000,0.0000,-724.541,51.301,82.994,-738.338,92.537,82.995,0.2916,0.0000,0.0000,0,0.000,0.000,0.0000,0.0000,0,0,-738.338,92.537,82.995,0.000,0,-1.000000,1.000,28.924,-1.000000,0.0000,0.0000,0,0,0.000,1.000,19.607,-738.338,92.537,82.995,0,0,-1,99.843748
71,9.7654,stop-from-slow-walk,-737.148,70.431,88.150,0.000,15.000,15.000,-722.556,66.174,3.238,-725.781,83.374,3.238,0.0000,0.0000,-724.630,51.267,82.981,-738.429,92.511,82.981,0.2916,0.0000,0.0000,0,0.000,0.000,0.0000,0.0000,0,0,-738.429,92.511,82.981,0.000,0,-1.000000,1.000,28.924,-1.000000,0.0000,0.0000,0,0,0.000,1.000,19.607,-738.429,92.511,82.981,0,0,-1,99.841610
72,9.9196,stop-from-slow-walk,-737.148,70.431,88.150,0.000,15.000,15.000,-722.556,66.174,3.238,-725.781,83.374,3.238,0.0000,0.0000,-724.726,51.231,82.966,-738.528,92.482,82.966,0.2916,0.0000,0.0000,0,0.000,0.000,0.0000,0.0000,0,0,-738.528,92.482,82.966,0.000,0,-1.000000,1.000,28.924,-1.000000,0.0000,0.0000,0,0,0.000,1.000,19.607,-738.528,92.482,82.966,0,0,-1,99.839144
73,10.0713,stop-from-slow-walk,-737.148,70.431,88.150,0.000,15.000,15.000,-722.556,66.174,3.238,-725.781,83.374,3.238,0.0000,0.0000,-724.827,51.192,82.952,-738.632,92.453,82.952,0.2916,0.0000,0.0000,0,0.000,0.000,0.0000,0.0000,0,0,-738.632,92.453,82.952,0.000,0,-1.000000,1.000,28.924,-1.000000,0.0000,0.0000,0,0,0.000,1.000,19.607,-738.632,92.453,82.952,0,0,-1,99.836713
74,10.2226,stop-from-slow-walk,-737.148,70.431,88.150,0.000,15.000,15.000,-722.556,66.174,3.238,-725.781,83.374,3.238,0.0000,0.0000,-724.877,51.174,82.941,-738.683,92.437,82.941,0.2916,0.0000,0.0000,0,0.000,0.000,0.0000,0.0000,0,0,-738.683,92.437,82.941,0.000,0,-1.000000,1.000,28.924,-1.000000,0.0000,0.0000,0,0,0.000,1.000,19.607,-738.683,92.437,82.941,0,0,-1,99.834297
75,10.3570,stop-from-slow-walk,-737.148,70.431,88.150,0.000,15.000,15.000,-722.556,66.174,3.238,-725.781,83.374,3.238,0.0000,0.0000,-724.896,51.167,82.933,-738.703,92.430,82.933,0.2916,0.0000,0.0000,0,0.000,0.000,0.0000,0.0000,0,0,-738.703,92.430,82.933,0.000,0,-1.000000,1.000,28.924,-1.000000,0.0000,0.0000,0,0,0.000,1.000,19.607,-738.703,92.430,82.933,0,0,-1,99.832143
76,10.4917,full-walk,-737.148,70.431,88.150,0.000,15.000,15.000,-722.556,66.174,3.238,-725.781,83.374,3.238,0.0000,0.0000,-724.985,51.132,82.929,-738.795,92.405,82.929,0.2916,0.0000,0.0000,0,0.000,0.000,0.0000,0.0000,0,0,-738.795,92.405,82.929,0.000,0,-1.000000,1.000,28.924,-1.000000,0.0000,0.0000,0,0,0.000,1.000,19.607,-738.795,92.405,82.929,0,0,-1,99.829991
77,10.6256,full-walk,-729.039,72.604,88.150,93.806,15.000,15.000,-725.123,64.898,2.564,-703.187,90.607,4.246,0.6700,0.7817,-721.688,51.571,79.296,-725.613,96.170,80.140,0.3964,0.0000,0.0000,0,0.000,0.000,0.0000,0.0000,0,0,-725.613,96.170,80.140,0.000,0,-1.000000,1.000,28.924,-1.000000,0.0000,0.0000,0,0,0.000,1.000,19.607,-725.613,96.170,80.140,0,0,-1,99.827847
78,10.7607,full-walk,-708.959,77.984,88.150,180.000,15.000,15.000,-715.975,66.764,5.889,-681.588,96.560,3.034,1.0000,1.5000,-690.149,62.463,78.810,-717.994,98.853,77.558,0.5986,0.0000,0.0000,0,0.000,0.000,0.0000,0.0000,0,0,-717.994,98.853,77.558,0.000,0,-1.000000,1.000,28.924,-1.000000,0.0000,0.0000,0,0,0.000,1.000,19.607,-717.994,98.853,77.558,0,0,-1,99.825691
79,10.8940,full-walk,-685.718,84.212,88.150,180.000,15.000,15.000,-661.753,83.155,11.186,-681.031,95.010,3.441,1.0000,1.5000,-662.966,70.443,81.962,-699.298,103.728,80.007,0.7991,0.0000,0.0000,0,0.000,0.000,0.0000,0.0000,0,0,-699.298,103.728,80.007,0.000,0,-1.000000,1.000,28.924,-1.000000,0.0000,0.0000,0,0,0.000,1.000,19.607,-699.298,103.728,80.007,0,0,-1,99.823552
80,11.0292,full-walk,-662.268,90.495,88.150,180.000,15.000,15.000,-618.258,96.084,3.218,-680.447,93.572,3.235,1.0000,1.5000,-649.979,71.665,76.967,-663.652,112.956,76.979,0.0014,0.0000,0.0000,0,0.000,0.000,0.0000,0.0000,0,0,-663.652,112.956,76.979,0.000,0,-1.000000,1.000,28.924,-1.000000,0.0000,0.0000,0,0,0.000,1.000,19.607,-663.652,112.956,76.979,0,0,-1,99.821394
81,11.1627,full-walk,-638.998,96.730,88.150,180.000,15.000,15.000,-617.743,94.606,3.142,-636.840,106.529,10.904,1.0000,1.5000,-638.146,72.966,79.728,-629.013,121.437,81.582,0.2021,0.0000,0.0000,0,0.000,0.000,0.0000,0.0000,0,0,-629.013,121.437,81.582,0.000,0,-1.000000,1.000,28.924,-1.000000,0.0000,0.0000,0,0,0.000,1.000,19.607,-629.013,121.437,81.582,0,0,-1,99.819253
82,11.2957,full-walk,-615.917,102.915,88.150,180.000,15.000,15.000,-617.528,93.567,3.026,-583.156,123.373,5.882,1.0000,1.5000,-610.708,81.360,77.554,-610.323,127.199,78.788,0.4013,0.0000,0.0000,0,0.000,0.000,0.0000,0.0000,0,0,-610.323,127.199,78.788,0.000,0,-1.000000,1.000,28.924,-1.000000,0.0000,0.0000,0,0,0.000,1.000,19.607,-610.323,127.199,78.788,0,0,-1,99.817128
83,11.4370,full-walk,-591.322,109.505,87.892,180.000,15.000,15.000,-596.654,98.805,6.671,-565.538,127.489,3.044,1.0000,1.5000,-571.677,94.322,79.279,-601.261,130.082,77.874,0.6134,0.0000,0.0000,0,0.000,0.000,0.0000,0.0000,0,0,-601.261,130.082,77.874,0.000,0,-1.000000,1.000,28.924,-1.000000,0.0000,0.0000,0,0,0.000,1.000,19.607,-601.261,130.082,77.874,0,0,-1,99.814865
84,11.5897,full-walk,-564.798,116.612,87.568,180.000,15.000,15.000,-534.025,117.760,8.513,-565.109,125.648,2.580,1.0000,1.5000,-543.189,102.206,80.120,-576.976,136.430,78.384,0.8423,0.0000,0.0000,0,0.000,0.000,0.0000,0.0000,0,0,-576.976,136.430,78.384,0.000,0,-1.000000,1.000,28.924,-1.000000,0.0000,0.0000,0,0,0.000,1.000,19.607,-576.976,136.430,78.384,0,0,-1,99.812424
85,11.7423,full-walk,-538.232,123.730,87.256,180.000,15.000,15.000,-502.157,126.655,2.322,-553.281,127.841,3.932,1.0000,1.5000,-531.110,102.641,76.379,-534.274,147.364,77.329,0.0715,0.0000,0.0000,0,0.000,0.000,0.0000,0.0000,0,0,-534.274,147.364,77.329,0.000,0,-1.000000,1.000,28.924,-1.000000,0.0000,0.0000,0,0,0.000,1.000,19.607,-534.274,147.364,77.329,0,0,-1,99.809980
86,11.8964,full-walk,-511.485,130.897,86.931,180.000,15.000,15.000,-501.628,124.988,1.912,-492.458,146.357,9.548,1.0000,1.5000,-510.536,107.188,78.443,-501.587,155.602,80.289,0.3022,0.0000,0.0000,0,0.000,0.000,0.0000,0.0000,0,0,-501.587,155.602,80.289,0.000,0,-1.000000,1.000,28.924,-1.000000,0.0000,0.0000,0,0,0.000,1.000,19.607,-501.587,155.602,80.289,0,0,-1,99.807518
87,12.0503,full-walk,-484.688,138.078,86.610,180.000,15.000,15.000,-496.631,124.959,1.938,-449.899,158.879,1.556,1.0000,1.5000,-469.855,120.461,75.760,-488.818,159.951,75.278,0.5334,0.0000,0.0000,0,0.000,0.000,0.0000,0.0000,0,0,-488.818,159.951,75.278,0.000,0,-1.000000,1.000,28.924,-1.000000,0.0000,0.0000,0,0,0.000,1.000,19.607,-488.818,159.951,75.278,0,0,-1,99.805052
88,12.2039,full-walk,-458.079,145.207,86.320,180.000,15.000,15.000,-440.152,142.078,9.862,-449.339,157.275,1.436,1.0000,1.5000,-434.880,131.607,80.308,-472.190,164.517,78.287,0.7630,0.0000,0.0000,0,0.000,0.000,0.0000,0.0000,0,0,-472.190,164.517,78.287,0.000,0,-1.000000,1.000,28.924,-1.000000,0.0000,0.0000,0,0,0.000,1.000,19.607,-472.190,164.517,78.287,0,0,-1,99.802604
89,12.3669,full-walk,-429.646,152.826,86.052,180.000,15.000,15.000,-386.402,158.129,1.095,-447.766,155.891,1.163,1.0000,1.5000,-417.900,133.736,74.821,-430.455,175.401,74.938,0.0083,0.0000,0.0000,0,0.000,0.000,0.0000,0.0000,0,0,-430.455,175.401,74.938,0.000,0,-1.000000,1.000,28.924,-1.000000,0.0000,0.0000,0,0,0.000,1.000,19.607,-430.455,175.401,74.938,0,0,-1,99.799987
90,12.5011,full-walk,-406.351,159.068,86.052,180.000,15.000,15.000,-385.934,156.692,1.130,-402.957,169.305,9.056,1.0000,1.5000,-405.589,135.262,77.798,-396.257,183.811,79.673,0.2092,0.0000,0.0000,0,0.000,0.000,0.0000,0.0000,0,0,-396.257,183.811,79.673,0.000,0,-1.000000,1.000,28.924,-1.000000,0.0000,0.0000,0,0,0.000,1.000,19.607,-396.257,183.811,79.673,0,0,-1,99.797843
91,12.6343,full-walk,-383.144,165.286,86.052,180.000,15.000,15.000,-385.657,155.584,1.011,-349.559,185.969,3.464,1.0000,1.5000,-377.368,143.906,75.411,-378.054,189.419,76.562,0.4095,0.0000,0.0000,0,0.000,0.000,0.0000,0.0000,0,0,-378.054,189.419,76.562,0.000,0,-1.000000,1.000,28.924,-1.000000,0.0000,0.0000,0,0,0.000,1.000,19.607,-378.054,189.419,76.562,0,0,-1,99.795708
92,12.7704,full-walk,-359.535,171.612,86.052,180.000,15.000,15.000,-364.902,160.902,4.808,-333.719,189.609,1.198,1.0000,1.5000,-339.907,156.423,77.423,-369.456,192.196,76.022,0.6131,0.0000,0.0000,0,0.000,0.000,0.0000,0.0000,0,0,-369.456,192.196,76.022,0.000,0,-1.000000,1.000,28.924,-1.000000,0.0000,0.0000,0,0,0.000,1.000,19.607,-369.456,192.196,76.022,0,0,-1,99.793535
93,12.9149,full-walk,-334.379,178.353,86.052,180.000,15.000,15.000,-305.488,179.032,7.410,-333.333,188.001,0.905,1.0000,1.5000,-312.402,164.293,78.774,-347.070,198.188,76.943,0.8302,0.0000,0.0000,0,0.000,0.000,0.0000,0.0000,0,0,-347.070,198.188,76.943,0.000,0,-1.000000,1.000,28.924,-1.000000,0.0000,0.0000,0,0,0.000,1.000,19.607,-347.070,198.188,76.943,0,0,-1,99.791220
94,13.0818,full-walk,-305.401,186.117,86.052,180.000,15.000,15.000,-270.325,188.772,1.194,-319.704,190.535,3.192,1.0000,1.5000,-298.923,164.816,75.387,-300.887,209.922,76.418,0.0802,0.0000,0.0000,0,0.000,0.000,0.0000,0.0000,0,0,-300.887,209.922,76.418,0.000,0,-1.000000,1.000,28.924,-1.000000,0.0000,0.0000,0,0,0.000,1.000,19.607,-300.887,209.922,76.418,0,0,-1,99.788553
95,13.2368,full-walk,-278.435,193.343,86.404,180.000,15.000,15.000,-269.820,187.099,1.496,-257.679,209.475,8.748,1.0000,1.5000,-277.150,169.837,77.844,-268.799,218.085,79.677,0.3128,0.0000,0.0000,0,0.000,0.000,0.0000,0.0000,0,0,-268.799,218.085,79.677,0.000,0,-1.000000,1.000,28.924,-1.000000,0.0000,0.0000,0,0,0.000,1.000,19.607,-268.799,218.085,79.677,0,0,-1,99.786072
96,13.3696,full-walk,-255.339,199.531,86.798,180.000,15.000,15.000,-268.043,186.387,1.947,-218.126,221.344,1.831,1.0000,1.5000,-242.142,181.340,75.721,-257.805,221.956,75.548,0.5121,0.0000,0.0000,0,0.000,0.000,0.0000,0.0000,0,0,-257.805,221.956,75.548,0.000,0,-1.000000,1.000,28.924,-1.000000,0.0000,0.0000,0,0,0.000,1.000,19.607,-257.805,221.956,75.548,0,0,-1,99.783946
97,13.5022,turn-while-moving,-232.268,205.713,87.263,180.000,15.000,15.000,-223.055,199.681,10.476,-217.602,219.809,2.509,1.0000,1.5000,-209.336,192.015,81.146,-246.058,225.147,79.163,0.7111,0.0000,0.0000,0,0.000,0.000,0.0000,0.0000,0,0,-246.058,225.147,79.163,0.000,0,-1.000000,1.000,28.924,-1.000000,0.0000,0.0000,0,0,0.000,1.000,19.607,-246.058,225.147,79.163,0,0,-1,99.781823
98,13.6349,turn-while-moving,-218.202,217.480,87.735,142.237,54.803,15.000,-193.255,241.307,7.644,-225.832,221.553,3.046,1.0000,1.1853,-192.798,219.163,79.835,-239.447,225.930,78.290,0.8684,0.0000,0.0000,0,0.000,0.000,0.0000,0.0000,0,0,-239.447,225.930,78.290,0.000,0,-1.000000,1.000,28.924,-1.000000,0.0000,0.0000,0,0,0.000,1.000,19.607,-239.447,225.930,78.290,0,0,-1,99.779701
99,13.7688,turn-while-moving,-210.721,234.989,88.483,142.237,72.265,15.000,-192.422,272.027,3.473,-223.037,221.862,3.758,1.0000,1.1853,-188.618,232.964,77.161,-229.676,247.970,77.545,0.0272,0.0000,0.0000,0,0.000,0.000,0.0000,0.0000,0,0,-229.676,247.970,77.545,0.000,0,-1.000000,1.000,28.924,-1.000000,0.0000,0.0000,0,0,0.000,1.000,19.607,-229.676,247.970,77.545,0,0,-1,99.777557
100,13.9006,turn-while-moving,-204.738,252.735,88.983,142.237,72.265,15.000,-190.904,271.726,3.947,-212.617,256.781,10.945,1.0000,1.1853,-184.218,241.163,80.238,-220.340,274.044,82.024,0.1832,0.0000,0.0000,0,0.000,0.000,0.0000,0.0000,0,0,-220.340,274.044,82.024,0.000,0,-1.000000,1.000,28.924,-1.000000,0.0000,0.0000,0,0,0.000,1.000,19.607,-220.340,274.044,82.024,0,0,-1,99.775450
101,14.0327,turn-while-moving,-198.958,270.644,89.503,142.237,72.265,15.000,-189.786,271.331,4.670,-200.149,301.055,10.714,1.0000,1.1853,-178.237,259.975,80.522,-214.826,291.294,82.235,0.3401,0.0000,0.0000,0,0.000,0.000,0.0000,0.0000,0,0,-214.826,291.294,82.235,0.000,0,-1.000000,1.000,28.924,-1.000000,0.0000,0.0000,0,0,0.000,1.000,19.607,-214.826,291.294,82.235,0,0,-1,99.773333
102,14.1869,turn-while-moving,-192.282,291.491,90.146,142.237,72.265,15.000,-187.932,273.946,5.368,-190.730,333.348,5.148,1.0000,1.1853,-169.645,293.578,79.171,-212.694,300.709,78.846,0.5225,0.0000,0.0000,0,0.000,0.000,0.0000,0.0000,0,0,-212.694,300.709,78.846,0.000,0,-1.000000,1.000,28.924,-1.000000,0.0000,0.0000,0,0,0.000,1.000,19.607,-212.694,300.709,78.846,0,0,-1,99.770871
103,14.3379,turn-while-moving,-185.724,311.991,90.801,142.237,72.265,15.000,-176.113,314.855,13.851,-189.396,332.954,6.120,1.0000,1.1853,-161.835,323.701,84.620,-209.489,311.102,82.662,0.7018,0.0000,0.0000,0,0.000,0.000,0.0000,0.0000,0,0,-209.489,311.102,82.662,0.000,0,-1.000000,1.000,28.924,-1.000000,0.0000,0.0000,0,0,0.000,1.000,19.607,-209.489,311.102,82.662,0,0,-1,99.768450
104,14.4915,turn-while-moving,-179.082,332.758,91.502,142.237,72.265,15.000,-161.982,365.032,10.151,-188.094,332.623,6.313,1.0000,1.1853,-155.532,341.229,82.659,-201.681,335.282,81.238,0.8835,0.0000,0.0000,0,0.000,0.000,0.0000,0.0000,0,0,-201.681,335.282,81.238,0.000,0,-1.000000,1.000,28.924,-1.000000,0.0000,0.0000,0,0,0.000,1.000,19.607,-201.681,335.282,81.238,0,0,-1,99.765997
105,14.6360,turn-while-moving,-172.811,352.365,92.186,142.237,72.265,15.000,-155.319,386.169,7.325,-184.739,340.631,8.324,1.0000,1.1853,-151.023,348.191,81.178,-190.990,367.350,81.928,0.0551,0.0000,0.0000,0,0.000,0.000,0.0000,0.0000,0,0,-190.990,367.350,81.928,0.000,0,-1.000000,1.000,28.924,-1.000000,0.0000,0.0000,0,0,0.000,1.000,19.607,-190.990,367.350,81.928,0,0,-1,99.763682
106,14.7691,turn-while-moving,-167.058,370.355,92.831,142.237,72.265,15.000,-154.129,385.863,7.951,-173.698,379.323,15.957,1.0000,1.1853,-146.627,358.079,84.652,-182.400,392.276,86.536,0.2125,0.0000,0.0000,0,0.000,0.000,0.0000,0.0000,0,0,-182.400,392.276,86.536,0.000,0,-1.000000,1.000,28.924,-1.000000,0.0000,0.0000,0,0,0.000,1.000,19.607,-182.400,392.276,86.536,0,0,-1,99.761557
107,14.9236,turn-while-moving,-160.350,391.330,93.602,142.237,72.265,15.000,-153.070,385.514,8.541,-159.858,429.304,11.663,1.0000,1.1853,-139.335,383.686,83.180,-177.511,409.430,84.465,0.3960,0.0000,0.0000,0,0.000,0.000,0.0000,0.0000,0,0,-177.511,409.430,84.465,0.000,0,-1.000000,1.000,28.924,-1.000000,0.0000,0.0000,0,0,0.000,1.000,19.607,-177.511,409.430,84.465,0,0,-1,99.759080
108,15.0807,turn-while-moving,-153.552,412.585,94.395,142.237,72.265,15.000,-148.075,398.963,11.520,-153.670,447.513,9.447,1.0000,1.1853,-130.225,418.938,84.806,-175.387,417.381,83.719,0.5819,0.0000,0.0000,0,0.000,0.000,0.0000,0.0000,0,0,-175.387,417.381,83.719,0.000,0,-1.000000,1.000,28.924,-1.000000,0.0000,0.0000,0,0,0.000,1.000,19.607,-175.387,417.381,83.719,0,0,-1,99.756570
109,15.2321,turn-while-moving,-146.993,433.094,95.168,142.237,72.265,15.000,-134.733,446.208,18.714,-152.370,447.148,10.279,1.0000,1.1853,-123.007,445.261,89.159,-170.868,431.659,87.136,0.7614,0.0000,0.0000,0,0.000,0.000,0.0000,0.0000,0,0,-170.868,431.659,87.136,0.000,0,-1.000000,1.000,28.924,-1.000000,0.0000,0.0000,0,0,0.000,1.000,19.607,-170.868,431.659,87.136,0,0,-1,99.754148
110,15.3662,turn-while-moving,-141.180,451.270,95.853,142.237,72.265,15.000,-123.099,487.451,12.625,-151.301,446.845,10.660,1.0000,1.1853,-117.892,457.501,85.965,-162.988,456.236,84.897,0.9204,0.0000,0.0000,0,0.000,0.000,0.0000,0.0000,0,0,-162.988,456.236,84.897,0.000,0,-1.000000,1.000,28.924,-1.000000,0.0000,0.0000,0,0,0.000,1.000,19.607,-162.988,456.236,84.897,0,0,-1,99.752001
111,15.4992,turn-while-moving,-135.412,469.305,96.531,142.237,72.265,15.000,-118.607,500.469,11.653,-146.896,459.483,13.562,1.0000,1.1853,-113.952,463.384,85.816,-153.031,485.848,86.830,0.0782,0.0000,0.0000,0,0.000,0.000,0.0000,0.0000,0,0,-153.031,485.848,86.830,0.000,0,-1.000000,1.000,28.924,-1.000000,0.0000,0.0000,0,0,0.000,1.000,19.607,-153.031,485.848,86.830,0,0,-1,99.749871
112,15.6350,turn-while-moving,-129.533,487.687,97.213,142.237,72.265,15.000,-117.426,500.121,12.318,-135.044,501.092,20.754,1.0000,1.1853,-109.221,475.081,89.188,-144.799,509.874,91.106,0.2390,0.0000,0.0000,0,0.000,0.000,0.0000,0.0000,0,0,-144.799,509.874,91.106,0.000,0,-1.000000,1.000,28.924,-1.000000,0.0000,0.0000,0,0,0.000,1.000,19.607,-144.799,509.874,91.106,0,0,-1,99.747700
113,15.7666,turn-while-moving,-123.827,505.528,97.857,142.237,72.265,15.000,-116.491,499.809,12.813,-123.331,543.390,15.980,1.0000,1.1853,-102.792,497.823,87.472,-140.941,523.668,88.764,0.3951,0.0000,0.0000,0,0.000,0.000,0.0000,0.0000,0,0,-140.941,523.668,88.764,0.000,0,-1.000000,1.000,28.924,-1.000000,0.0000,0.0000,0,0,0.000,1.000,19.607,-140.941,523.668,88.764,0,0,-1,99.745593
114,15.8987,turn-while-moving,-118.119,523.378,98.480,142.237,72.265,15.000,-113.254,507.088,14.252,-117.193,561.859,13.370,1.0000,1.1853,-94.972,527.528,87.887,-139.109,530.319,87.182,0.5513,0.0000,0.0000,0,0.000,0.000,0.0000,0.0000,0,0,-139.109,530.319,87.182,0.000,0,-1.000000,1.000,28.924,-1.000000,0.0000,0.0000,0,0,0.000,1.000,19.607,-139.109,530.319,87.182,0,0,-1,99.743485
115,16.0310,turn-while-moving,-112.375,541.338,99.091,142.237,72.265,15.000,-102.446,545.358,22.252,-116.227,561.588,14.357,1.0000,1.1853,-88.461,553.171,92.955,-136.167,540.306,90.980,0.7084,0.0000,0.0000,0,0.000,0.000,0.0000,0.0000,0,0,-136.167,540.306,90.980,0.000,0,-1.000000,1.000,28.924,-1.000000,0.0000,0.0000,0,0,0.000,1.000,19.607,-136.167,540.306,90.980,0,0,-1,99.741364
116,16.1638,turn-while-moving,-106.635,559.284,99.671,142.237,72.265,15.000,-90.075,589.097,19.773,-115.037,561.214,15.022,1.0000,1.1853,-82.876,568.651,91.895,-129.474,560.814,90.328,0.8654,0.0000,0.0000,0,0.000,0.000,0.0000,0.0000,0,0,-129.474,560.814,90.328,0.000,0,-1.000000,1.000,28.924,-1.000000,0.0000,0.0000,0,0,0.000,1.000,19.607,-129.474,560.814,90.328,0,0,-1,99.739244
117,16.3180,turn-while-moving,-99.933,580.239,100.325,142.237,72.265,15.000,-82.289,614.769,15.504,-111.990,568.072,16.298,1.0000,1.1853,-78.090,576.543,89.290,-118.300,594.779,89.957,0.0488,0.0000,0.0000,0,0.000,0.000,0.0000,0.0000,0,0,-118.300,594.779,89.957,0.000,0,-1.000000,1.000,28.924,-1.000000,0.0000,0.0000,0,0,0.000,1.000,19.607,-118.300,594.779,89.957,0,0,-1,99.736770
118,16.4731,turn-while-moving,-93.225,601.214,100.968,142.237,72.265,15.000,-80.935,614.408,16.087,-99.033,613.409,24.487,1.0000,1.1853,-72.884,588.680,92.927,-108.506,623.361,94.846,0.2323,0.0000,0.0000,0,0.000,0.000,0.0000,0.0000,0,0,-108.506,623.361,94.846,0.000,0,-1.000000,1.000,28.924,-1.000000,0.0000,0.0000,0,0,0.000,1.000,19.607,-108.506,623.361,94.846,0,0,-1,99.734292
119,16.6269,stop-from-turn,-86.547,622.096,101.597,142.237,72.265,15.000,-79.873,614.094,16.620,-85.611,662.077,18.818,1.0000,1.1853,-65.334,615.778,90.929,-104.190,639.085,92.024,0.4150,0.0000,0.0000,0,0.000,0.000,0.0000,0.0000,0,0,-104.190,639.085,92.024,0.000,0,-1.000000,1.000,28.924,-1.000000,0.0000,0.0000,0,0,0.000,1.000,19.607,-104.190,639.085,92.024,0,0,-1,99.731826
120,16.7644,stop-from-turn,-86.315,622.820,101.619,0.000,72.265,15.000,-76.390,626.915,16.023,-89.243,647.099,16.361,0.3144,0.0000,-63.965,620.673,94.593,-105.197,635.375,94.920,0.4150,0.0000,0.0000,0,0.000,0.000,0.0000,0.0000,0,0,-105.197,635.375,94.920,0.000,0,-1.000000,1.000,28.924,-1.000000,0.0000,0.0000,0,0,0.000,1.000,19.607,-105.197,635.375,94.920,0,0,-1,99.729632
121,16.8983,stop-from-turn,-86.315,622.820,101.619,0.000,72.265,15.000,-74.843,632.792,16.706,-91.056,639.381,16.706,0.0000,0.0000,-63.507,622.598,96.395,-105.695,633.301,96.395,0.4150,0.0000,0.0000,0,0.000,0.000,0.0000,0.0000,0,0,-105.695,633.301,96.395,0.000,0,-1.000000,1.000,28.924,-1.000000,0.0000,0.0000,0,0,0.000,1.000,19.607,-105.695,633.301,96.395,0,0,-1,99.727483
122,17.0322,stop-from-turn,-86.315,622.820,101.619,0.000,72.265,15.000,-74.843,632.792,16.706,-91.056,639.381,16.706,0.0000,0.0000,-63.483,622.716,96.411,-105.660,633.417,96.411,0.4150,0.0000,0.0000,0,0.000,0.000,0.0000,0.0000,0,0,-105.660,633.417,96.411,0.000,0,-1.000000,1.000,28.924,-1.000000,0.0000,0.0000,0,0,0.000,1.000,19.607,-105.660,633.417,96.411,0,0,-1,99.725347
123,17.1659,stop-from-turn,-86.315,622.820,101.619,0.000,72.265,15.000,-74.843,632.792,16.706,-91.056,639.381,16.706,0.0000,0.0000,-63.465,622.801,96.423,-105.635,633.500,96.423,0.4150,0.0000,0.0000,0,0.000,0.000,0.0000,0.0000,0,0,-105.635,633.500,96.423,0.000,0,-1.000000,1.000,28.924,-1.000000,0.0000,0.0000,0,0,0.000,1.000,19.607,-105.635,633.500,96.423,0,0,-1,99.723201
124,17.3013,stop-from-turn,-86.315,622.820,101.619,0.000,72.265,15.000,-74.843,632.792,16.706,-91.056,639.381,16.706,0.0000,0.0000,-63.447,622.886,96.435,-105.611,633.583,96.435,0.4150,0.0000,0.0000,0,0.000,0.000,0.0000,0.0000,0,0,-105.611,633.583,96.435,0.000,0,-1.000000,1.000,28.924,-1.000000,0.0000,0.0000,0,0,0.000,1.000,19.607,-105.611,633.583,96.435,0,0,-1,99.721044
125,17.4383,stop-from-turn,-86.315,622.820,101.619,0.000,72.265,15.000,-74.843,632.792,16.706,-91.056,639.381,16.706,0.0000,0.0000,-63.426,622.984,96.449,-105.582,633.679,96.449,0.4150,0.0000,0.0000,0,0.000,0.000,0.0000,0.0000,0,0,-105.582,633.679,96.449,0.000,0,-1.000000,1.000,28.924,-1.000000,0.0000,0.0000,0,0,0.000,1.000,19.607,-105.582,633.679,96.449,0,0,-1,99.718842
126,17.5748,stop-from-turn,-86.315,622.820,101.619,0.000,72.265,15.000,-74.843,632.792,16.706,-91.056,639.381,16.706,0.0000,0.0000,-63.408,623.071,96.462,-105.556,633.764,96.462,0.4150,0.0000,0.0000,0,0.000,0.000,0.0000,0.0000,0,0,-105.556,633.764,96.462,0.000,0,-1.000000,1.000,28.924,-1.000000,0.0000,0.0000,0,0,0.000,1.000,19.607,-105.556,633.764,96.462,0,0,-1,99.716662
127,17.7098,stop-from-turn,-86.315,622.820,101.619,0.000,72.265,15.000,-74.843,632.792,16.706,-91.056,639.381,16.706,0.0000,0.0000,-63.392,623.151,96.474,-105.533,633.843,96.474,0.4150,0.0000,0.0000,0,0.000,0.000,0.0000,0.0000,0,0,-105.533,633.843,96.474,0.000,0,-1.000000,1.000,28.924,-1.000000,0.0000,0.0000,0,0,0.000,1.000,19.607,-105.533,633.843,96.474,0,0,-1,99.714499
128,17.8696,stop-from-turn,-86.315,622.820,101.619,0.000,72.265,15.000,-74.843,632.792,16.706,-91.056,639.381,16.706,0.0000,0.0000,-63.383,623.193,96.480,-105.521,633.883,96.480,0.4150,0.0000,0.0000,0,0.000,0.000,0.0000,0.0000,0,0,-105.521,633.883,96.480,0.000,0,-1.000000,1.000,28.924,-1.000000,0.0000,0.0000,0,0,0.000,1.000,19.607,-105.521,633.883,96.480,0,0,-1,99.711946
129,18.0258,stop-from-turn,-86.315,622.820,101.619,0.000,72.265,15.000,-74.843,632.792,16.706,-91.056,639.381,16.706,0.0000,0.0000,-63.383,623.193,96.480,-105.521,633.883,96.480,0.4150,0.0000,0.0000,0,0.000,0.000,0.0000,0.0000,0,0,-105.521,633.883,96.480,0.000,0,-1.000000,1.000,28.924,-1.000000,0.0000,0.0000,0,0,0.000,1.000,19.607,-105.521,633.883,96.480,0,0,-1,99.709443
130,18.1667,stop-from-turn,-86.315,622.820,101.619,0.000,72.265,15.000,-74.843,632.792,16.706,-91.056,639.381,16.706,0.0000,0.0000,-63.368,623.262,96.491,-105.500,633.951,96.491,0.4150,0.0000,0.0000,0,0.000,0.000,0.0000,0.0000,0,0,-105.500,633.951,96.491,0.000,0,-1.000000,1.000,28.924,-1.000000,0.0000,0.0000,0,0,0.000,1.000,19.607,-105.500,633.951,96.491,0,0,-1,99.707188
131,18.3068,stop-from-turn,-86.315,622.820,101.619,0.000,72.265,15.000,-74.843,632.792,16.706,-91.056,639.381,16.706,0.0000,0.0000,-63.369,623.262,96.491,-105.501,633.950,96.491,0.4150,0.0000,0.0000,0,0.000,0.000,0.0000,0.0000,0,0,-105.501,633.950,96.491,0.000,0,-1.000000,1.000,28.924,-1.000000,0.0000,0.0000,0,0,0.000,1.000,19.607,-105.501,633.950,96.491,0,0,-1,99.704946
132,18.4453,stop-from-turn,-86.315,622.820,101.619,0.000,72.265,15.000,-74.843,632.792,16.706,-91.056,639.381,16.706,0.0000,0.0000,-63.388,623.169,96.480,-105.528,633.860,96.480,0.4150,0.0000,0.0000,0,0.000,0.000,0.0000,0.0000,0,0,-105.528,633.860,96.480,0.000,0,-1.000000,1.000,28.924,-1.000000,0.0000,0.0000,0,0,0.000,1.000,19.607,-105.528,633.860,96.480,0,0,-1,99.702730
133,18.7017,orbit-standing-character,-86.315,622.820,101.619,0.000,72.265,21.236,-74.843,632.792,16.706,-91.056,639.381,16.706,0.0000,0.0000,-63.417,623.032,96.456,-105.568,633.726,96.456,0.4150,0.0000,0.0000,0,0.000,0.000,0.0000,0.0000,0,0,-105.568,633.726,96.456,0.000,0,-1.000000,1.000,28.924,-1.000000,0.0000,0.0000,0,0,0.000,1.000,19.607,-105.568,633.726,96.456,0,0,-1,99.698628
134,18.8402,orbit-standing-character,-86.315,622.820,101.619,0.000,72.265,28.635,-74.843,632.792,16.706,-91.056,639.381,16.706,0.0000,0.0000,-63.437,622.935,96.442,-105.596,633.631,96.442,0.4150,0.0000,0.0000,0,0.000,0.000,0.0000,0.0000,0,0,-105.596,633.631,96.442,0.000,0,-1.000000,1.000,28.924,-1.000000,0.0000,0.0000,0,0,0.000,1.000,19.607,-105.596,633.631,96.442,0,0,-1,99.696413
135,18.9797,orbit-standing-character,-86.315,622.820,101.619,0.000,72.265,36.090,-74.843,632.792,16.706,-91.056,639.381,16.706,0.0000,0.0000,-63.456,622.845,96.429,-105.623,633.543,96.429,0.4150,0.0000,0.0000,0,0.000,0.000,0.0000,0.0000,0,0,-105.623,633.543,96.429,0.000,0,-1.000000,1.000,28.924,-1.000000,0.0000,0.0000,0,0,0.000,1.000,19.607,-105.623,633.543,96.429,0,0,-1,99.694181
136,19.1196,orbit-standing-character,-86.315,622.820,101.619,0.000,72.265,43.569,-74.843,632.792,16.706,-91.056,639.381,16.706,0.0000,0.0000,-63.476,622.748,96.416,-105.651,633.448,96.416,0.4150,0.0000,0.0000,0,0.000,0.000,0.0000,0.0000,0,0,-105.651,633.448,96.416,0.000,0,-1.000000,1.000,28.924,-1.000000,0.0000,0.0000,0,0,0.000,1.000,19.607,-105.651,633.448,96.416,0,0,-1,99.691942
137,19.2605,orbit-standing-character,-86.315,622.820,101.619,0.000,72.265,51.090,-74.843,632.792,16.706,-91.056,639.381,16.706,0.0000,0.0000,-63.482,622.723,96.407,-105.658,633.423,96.407,0.4150,0.0000,0.0000,0,0.000,0.000,0.0000,0.0000,0,0,-105.658,633.423,96.407,0.000,0,-1.000000,1.000,28.924,-1.000000,0.0000,0.0000,0,0,0.000,1.000,19.607,-105.658,633.423,96.407,0,0,-1,99.689690
138,19.4016,orbit-standing-character,-86.315,622.820,101.619,0.000,72.265,58.636,-74.843,632.792,16.706,-91.056,639.381,16.706,0.0000,0.0000,-63.487,622.702,96.399,-105.663,633.402,96.399,0.4150,0.0000,0.0000,0,0.000,0.000,0.0000,0.0000,0,0,-105.663,633.402,96.399,0.000,0,-1.000000,1.000,28.924,-1.000000,0.0000,0.0000,0,0,0.000,1.000,19.607,-105.663,633.402,96.399,0,0,-1,99.687430
139,19.5419,orbit-standing-character,-86.315,622.820,101.619,0.000,72.265,66.123,-74.843,632.792,16.706,-91.056,639.381,16.706,0.0000,0.0000,-63.504,622.616,96.398,-105.690,633.318,96.398,0.4150,0.0000,0.0000,0,0.000,0.000,0.0000,0.0000,0,0,-105.690,633.318,96.398,0.000,0,-1.000000,1.000,28.924,-1.000000,0.0000,0.0000,0,0,0.000,1.000,19.607,-105.690,633.318,96.398,0,0,-1,99.685189
140,19.6673,orbit-standing-character,-86.315,622.820,101.619,0.000,72.265,72.829,-74.843,632.792,16.706,-91.056,639.381,16.706,0.0000,0.0000,-63.504,622.616,96.398,-105.690,633.318,96.398,0.4150,0.0000,0.0000,0,0.000,0.000,0.0000,0.0000,0,0,-105.690,633.318,96.398,0.000,0,-1.000000,1.000,28.924,-1.000000,0.0000,0.0000,0,0,0.000,1.000,19.607,-105.690,633.318,96.398,0,0,-1,99.683181
141,19.7938,orbit-standing-character,-86.315,622.820,101.619,0.000,72.265,79.588,-74.843,632.792,16.706,-91.056,639.381,16.706,0.0000,0.0000,-63.507,622.598,96.395,-105.695,633.301,96.395,0.4150,0.0000,0.0000,0,0.000,0.000,0.0000,0.0000,0,0,-105.695,633.301,96.395,0.000,0,-1.000000,1.000,28.924,-1.000000,0.0000,0.0000,0,0,0.000,1.000,19.607,-105.695,633.301,96.395,0,0,-1,99.681157
142,19.9216,orbit-standing-character,-86.315,622.820,101.619,0.000,72.265,86.426,-74.843,632.792,16.706,-91.056,639.381,16.706,0.0000,0.0000,-63.507,622.598,96.395,-105.695,633.301,96.395,0.4150,0.0000,0.0000,0,0.000,0.000,0.0000,0.0000,0,0,-105.695,633.301,96.395,0.000,0,-1.000000,1.000,28.924,-1.000000,0.0000,0.0000,0,0,0.000,1.000,19.607,-105.695,633.301,96.395,0,0,-1,99.679110
143,20.0531,orbit-standing-character,-86.315,622.820,101.619,0.000,72.265,93.438,-74.843,632.792,16.706,-91.056,639.381,16.706,0.0000,0.0000,-63.480,622.730,96.413,-105.656,633.430,96.413,0.4150,0.0000,0.0000,0,0.000,0.000,0.0000,0.0000,0,0,-105.656,633.430,96.413,0.000,0,-1.000000,1.000,28.924,-1.000000,0.0000,0.0000,0,0,0.000,1.000,19.607,-105.656,633.430,96.413,0,0,-1,99.677010
144,20.1816,orbit-standing-character,-86.315,622.820,101.619,0.000,72.265,100.319,-74.843,632.792,16.706,-91.056,639.381,16.706,0.0000,0.0000,-63.463,622.811,96.424,-105.633,633.510,96.425,0.4150,0.0000,0.0000,0,0.000,0.000,0.0000,0.0000,0,0,-105.633,633.510,96.425,0.000,0,-1.000000,1.000,28.924,-1.000000,0.0000,0.0000,0,0,0.000,1.000,19.607,-105.633,633.510,96.425,0,0,-1,99.674950
145,20.3112,orbit-standing-character,-86.315,622.820,101.619,0.000,72.265,107.230,-74.843,632.792,16.706,-91.056,639.381,16.706,0.0000,0.0000,-63.445,622.893,96.436,-105.609,633.590,96.436,0.4150,0.0000,0.0000,0,0.000,0.000,0.0000,0.0000,0,0,-105.609,633.590,96.436,0.000,0,-1.000000,1.000,28.924,-1.000000,0.0000,0.0000,0,0,0.000,1.000,19.607,-105.609,633.590,96.436,0,0,-1,99.672880
146,20.4384,orbit-standing-character,-86.315,622.820,101.619,0.000,72.265,114.042,-74.843,632.792,16.706,-91.056,639.381,16.706,0.0000,0.0000,-63.426,622.984,96.449,-105.582,633.679,96.449,0.4150,0.0000,0.0000,0,0.000,0.000,0.0000,0.0000,0,0,-105.582,633.679,96.449,0.000,0,-1.000000,1.000,28.924,-1.000000,0.0000,0.0000,0,0,0.000,1.000,19.607,-105.582,633.679,96.449,0,0,-1,99.670841
147,20.5664,orbit-standing-character,-86.315,622.820,101.619,0.000,72.265,120.868,-74.843,632.792,16.706,-91.056,639.381,16.706,0.0000,0.0000,-63.409,623.066,96.461,-105.558,633.760,96.461,0.4150,0.0000,0.0000,0,0.000,0.000,0.0000,0.0000,0,0,-105.558,633.760,96.461,0.000,0,-1.000000,1.000,28.924,-1.000000,0.0000,0.0000,0,0,0.000,1.000,19.607,-105.558,633.760,96.461,0,0,-1,99.668797
148,20.6927,orbit-standing-character,-86.315,622.820,101.619,0.000,72.265,127.632,-74.843,632.792,16.706,-91.056,639.381,16.706,0.0000,0.0000,-63.394,623.141,96.472,-105.536,633.833,96.472,0.4150,0.0000,0.0000,0,0.000,0.000,0.0000,0.0000,0,0,-105.536,633.833,96.472,0.000,0,-1.000000,1.000,28.924,-1.000000,0.0000,0.0000,0,0,0.000,1.000,19.607,-105.536,633.833,96.472,0,0,-1,99.666772
149,20.8198,orbit-standing-character,-86.315,622.820,101.619,0.000,72.265,134.406,-74.843,632.792,16.706,-91.056,639.381,16.706,0.0000,0.0000,-63.383,623.193,96.480,-105.521,633.883,96.480,0.4150,0.0000,0.0000,0,0.000,0.000,0.0000,0.0000,0,0,-105.521,633.883,96.480,0.000,0,-1.000000,1.000,28.924,-1.000000,0.0000,0.0000,0,0,0.000,1.000,19.607,-105.521,633.883,96.480,0,0,-1,99.664744
150,20.9466,orbit-standing-character,-86.315,622.820,101.619,0.000,72.265,141.201,-74.843,632.792,16.706,-91.056,639.381,16.706,0.0000,0.0000,-63.383,623.193,96.480,-105.521,633.883,96.480,0.4150,0.0000,0.0000,0,0.000,0.000,0.0000,0.0000,0,0,-105.521,633.883,96.480,0.000,0,-1.000000,1.000,28.924,-1.000000,0.0000,0.0000,0,0,0.000,1.000,19.607,-105.521,633.883,96.480,0,0,-1,99.662709
151,21.0729,orbit-standing-character,-86.315,622.820,101.619,0.000,72.265,147.937,-74.843,632.792,16.706,-91.056,639.381,16.706,0.0000,0.0000,-63.368,623.262,96.491,-105.500,633.951,96.491,0.4150,0.0000,0.0000,0,0.000,0.000,0.0000,0.0000,0,0,-105.500,633.951,96.491,0.000,0,-1.000000,1.000,28.924,-1.000000,0.0000,0.0000,0,0,0.000,1.000,19.607,-105.500,633.951,96.491,0,0,-1,99.660692
152,21.2010,orbit-standing-character,-86.315,622.820,101.619,0.000,72.265,154.785,-74.843,632.792,16.706,-91.056,639.381,16.706,0.0000,0.0000,-63.368,623.262,96.491,-105.500,633.951,96.491,0.4150,0.0000,0.0000,0,0.000,0.000,0.0000,0.0000,0,0,-105.500,633.951,96.491,0.000,0,-1.000000,1.000,28.924,-1.000000,0.0000,0.0000,0,0,0.000,1.000,19.607,-105.500,633.951,96.491,0,0,-1,99.658642
153,21.3301,orbit-standing-character,-86.315,622.820,101.619,0.000,72.265,161.680,-74.843,632.792,16.706,-91.056,639.381,16.706,0.0000,0.0000,-63.375,623.229,96.486,-105.510,633.919,96.486,0.4150,0.0000,0.0000,0,0.000,0.000,0.0000,0.0000,0,0,-105.510,633.919,96.486,0.000,0,-1.000000,1.000,28.924,-1.000000,0.0000,0.0000,0,0,0.000,1.000,19.607,-105.510,633.919,96.486,0,0,-1,99.656577
154,21.4606,orbit-standing-character,-86.315,622.820,101.619,0.000,72.265,168.654,-74.843,632.792,16.706,-91.056,639.381,16.706,0.0000,0.0000,-63.390,623.161,96.480,-105.530,633.852,96.480,0.4150,0.0000,0.0000,0,0.000,0.000,0.0000,0.0000,0,0,-105.530,633.852,96.480,0.000,0,-1.000000,1.000,28.924,-1.000000,0.0000,0.0000,0,0,0.000,1.000,19.607,-105.530,633.852,96.480,0,0,-1,99.654489
155,21.5924,orbit-standing-character,-86.315,622.820,101.619,0.000,72.265,175.695,-74.843,632.792,16.706,-91.056,639.381,16.706,0.0000,0.0000,-63.401,623.108,96.467,-105.546,633.800,96.467,0.4150,0.0000,0.0000,0,0.000,0.000,0.0000,0.0000,0,0,-105.546,633.800,96.467,0.000,0,-1.000000,1.000,28.924,-1.000000,0.0000,0.0000,0,0,0.000,1.000,19.607,-105.546,633.800,96.467,0,0,-1,99.652381
156,21.7313,orbit-standing-character,-86.315,622.820,101.619,0.000,72.265,183.124,-74.843,632.792,16.706,-91.056,639.381,16.706,0.0000,0.0000,-63.421,623.011,96.453,-105.574,633.705,96.453,0.4150,0.0000,0.0000,0,0.000,0.000,0.0000,0.0000,0,0,-105.574,633.705,96.453,0.000,0,-1.000000,1.000,28.924,-1.000000,0.0000,0.0000,0,0,0.000,1.000,19.607,-105.574,633.705,96.453,0,0,-1,99.650157
157,21.8632,orbit-standing-character,-86.315,622.820,101.619,0.000,72.265,190.155,-74.843,632.792,16.706,-91.056,639.381,16.706,0.0000,0.0000,-63.439,622.926,96.441,-105.599,633.622,96.441,0.4150,0.0000,0.0000,0,0.000,0.000,0.0000,0.0000,0,0,-105.599,633.622,96.441,0.000,0,-1.000000,1.000,28.924,-1.000000,0.0000,0.0000,0,0,0.000,1.000,19.607,-105.599,633.622,96.441,0,0,-1,99.648051
158,22.0015,orbit-standing-character,-86.315,622.820,101.619,0.000,72.265,197.565,-74.843,632.792,16.706,-91.056,639.381,16.706,0.0000,0.0000,-63.459,622.829,96.427,-105.627,633.528,96.427,0.4150,0.0000,0.0000,0,0.000,0.000,0.0000,0.0000,0,0,-105.627,633.528,96.427,0.000,0,-1.000000,1.000,28.924,-1.000000,0.0000,0.0000,0,0,0.000,1.000,19.607,-105.627,633.528,96.427,0,0,-1,99.645833
159,22.1378,orbit-standing-character,-86.315,622.820,101.619,0.000,72.265,204.828,-74.843,632.792,16.706,-91.056,639.381,16.706,0.0000,0.0000,-63.477,622.742,96.415,-105.653,633.441,96.415,0.4150,0.0000,0.0000,0,0.000,0.000,0.0000,0.0000,0,0,-105.653,633.441,96.415,0.000,0,-1.000000,1.000,28.924,-1.000000,0.0000,0.0000,0,0,0.000,1.000,19.607,-105.653,633.441,96.415,0,0,-1,99.643658
160,22.2732,orbit-standing-character,-86.315,622.820,101.619,0.000,72.265,212.084,-74.843,632.792,16.706,-91.056,639.381,16.706,0.0000,0.0000,-63.482,622.721,96.407,-105.658,633.421,96.407,0.4150,0.0000,0.0000,0,0.000,0.000,0.0000,0.0000,0,0,-105.658,633.421,96.407,0.000,0,-1.000000,1.000,28.924,-1.000000,0.0000,0.0000,0,0,0.000,1.000,19.607,-105.658,633.421,96.407,0,0,-1,99.641486
161,22.4111,orbit-standing-character,-86.315,622.820,101.619,0.000,72.265,219.432,-74.843,632.792,16.706,-91.056,639.381,16.706,0.0000,0.0000,-63.491,622.680,96.398,-105.670,633.380,96.398,0.4150,0.0000,0.0000,0,0.000,0.000,0.0000,0.0000,0,0,-105.670,633.380,96.398,0.000,0,-1.000000,1.000,28.924,-1.000000,0.0000,0.0000,0,0,0.000,1.000,19.607,-105.670,633.380,96.398,0,0,-1,99.639286
162,22.5501,orbit-standing-character,-86.315,622.820,101.619,0.000,72.265,226.874,-74.843,632.792,16.706,-91.056,639.381,16.706,0.0000,0.0000,-63.504,622.616,96.398,-105.690,633.318,96.398,0.4150,0.0000,0.0000,0,0.000,0.000,0.0000,0.0000,0,0,-105.690,633.318,96.398,0.000,0,-1.000000,1.000,28.924,-1.000000,0.0000,0.0000,0,0,0.000,1.000,19.607,-105.690,633.318,96.398,0,0,-1,99.637057
163,22.7337,orbit-standing-character,-86.315,622.820,101.619,0.000,72.265,236.669,-74.843,632.792,16.706,-91.056,639.381,16.706,0.0000,0.0000,-63.507,622.598,96.395,-105.695,633.301,96.395,0.4150,0.0000,0.0000,0,0.000,0.000,0.0000,0.0000,0,0,-105.695,633.301,96.395,0.000,0,-1.000000,1.000,28.924,-1.000000,0.0000,0.0000,0,0,0.000,1.000,19.607,-105.695,633.301,96.395,0,0,-1,99.634125
164,22.8712,open-pack,-86.315,622.820,101.619,0.000,72.265,244.043,-74.843,632.792,16.706,-91.056,639.381,16.706,0.0000,0.0000,-63.507,622.598,96.395,-105.695,633.301,96.395,0.4150,0.0000,0.0000,0,0.000,0.000,0.0000,0.0000,0,0,-105.695,633.301,96.395,0.000,0,-1.000000,1.000,28.924,-1.000000,0.0000,0.0000,0,0,0.000,1.000,19.607,-105.695,633.301,96.395,0,0,-1,99.631917
165,23.0127,open-pack,-86.315,622.820,101.619,0.000,72.265,244.043,-74.843,632.792,16.706,-91.056,639.381,16.706,0.0000,0.0000,-63.486,622.702,96.410,-105.664,633.403,96.410,0.4150,0.0000,0.0000,0,0.000,0.000,0.0000,0.0000,0,0,-105.664,633.403,96.410,0.000,0,-1.000000,1.000,28.924,-1.000000,0.0000,0.0000,0,0,0.000,1.000,19.607,-105.664,633.403,96.410,0,0,-1,99.631917
166,23.1715,open-pack,-86.315,622.820,101.619,0.000,72.265,244.043,-74.843,632.792,16.706,-91.056,639.381,16.706,0.0000,0.0000,-63.464,622.805,96.424,-105.635,633.503,96.424,0.4150,0.0000,0.0000,0,0.000,0.000,0.0000,0.0000,0,0,-105.635,633.503,96.424,0.000,0,-1.000000,1.000,28.924,-1.000000,0.0000,0.0000,0,0,0.000,1.000,19.607,-105.635,633.503,96.424,0,0,-1,99.631917
167,23.3180,open-pack,-86.315,622.820,101.619,0.000,72.265,244.043,-74.843,632.792,16.706,-91.056,639.381,16.706,0.0000,0.0000,-63.444,622.898,96.437,-105.607,633.595,96.437,0.4150,0.0000,0.0000,0,0.000,0.000,0.0000,0.0000,0,0,-105.607,633.595,96.437,0.000,0,-1.000000,1.000,28.924,-1.000000,0.0000,0.0000,0,0,0.000,1.000,19.607,-105.607,633.595,96.437,0,0,-1,99.631917
168,23.4669,open-look,-86.315,622.820,101.619,0.000,72.265,244.043,-74.843,632.792,16.706,-91.056,639.381,16.706,0.0000,0.0000,-63.422,623.005,96.452,-105.576,633.699,96.452,0.4150,0.0000,0.0000,0,0.000,0.000,0.0000,0.0000,0,0,-105.576,633.699,96.452,0.000,0,-1.000000,1.000,28.924,-1.000000,0.0000,0.0000,0,0,0.000,1.000,19.607,-105.576,633.699,96.452,0,0,-1,99.631917
169,23.6139,open-look,-86.315,622.820,101.619,0.000,72.265,244.043,-74.843,632.792,16.706,-91.056,639.381,16.706,0.0000,0.0000,-63.404,623.094,96.465,-105.550,633.787,96.465,0.4150,0.0000,0.0000,0,0.000,0.000,0.0000,0.0000,0,0,-105.550,633.787,96.465,0.000,0,-1.000000,1.000,28.924,-1.000000,0.0000,0.0000,0,0,0.000,1.000,19.607,-105.550,633.787,96.465,0,0,-1,99.631917
170,23.7620,open-look,-86.315,622.820,101.619,0.000,72.265,244.043,-74.843,632.792,16.706,-91.056,639.381,16.706,0.0000,0.0000,-63.385,623.182,96.478,-105.524,633.873,96.479,0.4150,0.0000,0.0000,0,0.000,0.000,0.0000,0.0000,0,0,-105.524,633.873,96.479,0.000,0,-1.000000,1.000,28.924,-1.000000,0.0000,0.0000,0,0,0.000,1.000,19.607,-105.524,633.873,96.479,0,0,-1,99.631917
171,23.9058,open-look,-86.315,622.820,101.619,0.000,72.265,244.043,-74.843,632.792,16.706,-91.056,639.381,16.706,0.0000,0.0000,-63.383,623.193,96.480,-105.521,633.883,96.480,0.4150,0.0000,0.0000,0,0.000,0.000,0.0000,0.0000,0,0,-105.521,633.883,96.480,0.000,0,-1.000000,1.000,28.924,-1.000000,0.0000,0.0000,0,0,0.000,1.000,19.607,-105.521,633.883,96.480,0,0,-1,99.631917
172,24.0482,open-look,-86.315,622.820,101.619,0.000,72.265,244.043,-74.843,632.792,16.706,-91.056,639.381,16.706,0.0000,0.0000,-63.376,623.228,96.485,-105.511,633.917,96.485,0.4150,0.0000,0.0000,0,0.000,0.000,0.0000,0.0000,0,0,-105.511,633.917,96.485,0.000,0,-1.000000,1.000,28.924,-1.000000,0.0000,0.0000,0,0,0.000,1.000,19.607,-105.511,633.917,96.485,0,0,-1,99.631917
173,24.1969,open-look,-86.315,622.820,101.619,0.000,72.265,244.043,-74.843,632.792,16.706,-91.056,639.381,16.706,0.0000,0.0000,-63.368,623.262,96.491,-105.500,633.951,96.491,0.4150,0.0000,0.0000,0,0.000,0.000,0.0000,0.0000,0,0,-105.500,633.951,96.491,0.000,0,-1.000000,1.000,28.924,-1.000000,0.0000,0.0000,0,0,0.000,1.000,19.607,-105.500,633.951,96.491,0,0,-1,99.631917
174,24.3623,open-look,-86.315,622.820,101.619,0.000,72.265,244.043,-74.843,632.792,16.706,-91.056,639.381,16.706,0.0000,0.0000,-63.379,623.212,96.484,-105.515,633.903,96.484,0.4150,0.0000,0.0000,0,0.000,0.000,0.0000,0.0000,0,0,-105.515,633.903,96.484,0.000,0,-1.000000,1.000,28.924,-1.000000,0.0000,0.0000,0,0,0.000,1.000,19.607,-105.515,633.903,96.484,0,0,-1,99.631917
175,24.5247,open-look,-86.315,622.820,101.619,0.000,72.265,244.043,-74.843,632.792,16.706,-91.056,639.381,16.706,0.0000,0.0000,-63.397,623.128,96.477,-105.540,633.820,96.477,0.4150,0.0000,0.0000,0,0.000,0.000,0.0000,0.0000,0,0,-105.540,633.820,96.477,0.000,0,-1.000000,1.000,28.924,-1.000000,0.0000,0.0000,0,0,0.000,1.000,19.607,-105.540,633.820,96.477,0,0,-1,99.631917
176,24.6927,open-look,-86.315,622.820,101.619,0.000,72.265,244.043,-74.843,632.792,16.706,-91.056,639.381,16.706,0.0000,0.0000,-63.415,623.038,96.457,-105.566,633.732,96.457,0.4150,0.0000,0.0000,0,0.000,0.000,0.0000,0.0000,0,0,-105.566,633.732,96.457,0.000,0,-1.000000,1.000,28.924,-1.000000,0.0000,0.0000,0,0,0.000,1.000,19.607,-105.566,633.732,96.457,0,0,-1,99.631917
177,24.8795,open-look,-86.315,622.820,101.619,0.000,72.265,244.043,-74.843,632.792,16.706,-91.056,639.381,16.706,0.0000,0.0000,-63.441,622.914,96.439,-105.602,633.611,96.439,0.4150,0.0000,0.0000,0,0.000,0.000,0.0000,0.0000,0,0,-105.602,633.611,96.439,0.000,0,-1.000000,1.000,28.924,-1.000000,0.0000,0.0000,0,0,0.000,1.000,19.607,-105.602,633.611,96.439,0,0,-1,99.631917
178,25.0445,open-look,-86.315,622.820,101.619,0.000,72.265,244.043,-74.843,632.792,16.706,-91.056,639.381,16.706,0.0000,0.0000,-63.465,622.800,96.423,-105.636,633.499,96.423,0.4150,0.0000,0.0000,0,0.000,0.000,0.0000,0.0000,0,0,-105.636,633.499,96.423,0.000,0,-1.000000,1.000,28.924,-1.000000,0.0000,0.0000,0,0,0.000,1.000,19.607,-105.636,633.499,96.423,0,0,-1,99.631917
179,25.1900,open-look,-86.315,622.820,101.619,0.000,72.265,244.043,-74.843,632.792,16.706,-91.056,639.381,16.706,0.0000,0.0000,-63.479,622.734,96.412,-105.655,633.433,96.412,0.4150,0.0000,0.0000,0,0.000,0.000,0.0000,0.0000,0,0,-105.655,633.433,96.412,0.000,0,-1.000000,1.000,28.924,-1.000000,0.0000,0.0000,0,0,0.000,1.000,19.607,-105.655,633.433,96.412,0,0,-1,99.631917
180,25.3376,open-look,-86.315,622.820,101.619,0.000,72.265,244.043,-74.843,632.792,16.706,-91.056,639.381,16.706,0.0000,0.0000,-63.485,622.712,96.403,-105.661,633.411,96.403,0.4150,0.0000,0.0000,0,0.000,0.000,0.0000,0.0000,0,0,-105.661,633.411,96.403,0.000,0,-1.000000,1.000,28.924,-1.000000,0.0000,0.0000,0,0,0.000,1.000,19.607,-105.661,633.411,96.403,0,0,-1,99.631917
181,25.4938,open-look,-86.315,622.820,101.619,0.000,72.265,244.043,-74.843,632.792,16.706,-91.056,639.381,16.706,0.0000,0.0000,-63.504,622.616,96.398,-105.690,633.318,96.398,0.4150,0.0000,0.0000,0,0.000,0.000,0.0000,0.0000,0,0,-105.690,633.318,96.398,0.000,0,-1.000000,1.000,28.924,-1.000000,0.0000,0.0000,0,0,0.000,1.000,19.607,-105.690,633.318,96.398,0,0,-1,99.631917
182,25.6413,open-look,-86.315,622.820,101.619,0.000,72.265,244.043,-74.843,632.792,16.706,-91.056,639.381,16.706,0.0000,0.0000,-63.504,622.616,96.398,-105.690,633.318,96.398,0.4150,0.0000,0.0000,0,0.000,0.000,0.0000,0.0000,0,0,-105.690,633.318,96.398,0.000,0,-1.000000,1.000,28.924,-1.000000,0.0000,0.0000,0,0,0.000,1.000,19.607,-105.690,633.318,96.398,0,0,-1,99.631917
183,25.7858,open-look,-86.315,622.820,101.619,0.000,72.265,244.043,-74.843,632.792,16.706,-91.056,639.381,16.706,0.0000,0.0000,-63.507,622.598,96.395,-105.695,633.301,96.395,0.4150,0.0000,0.0000,0,0.000,0.000,0.0000,0.0000,0,0,-105.695,633.301,96.395,0.000,0,-1.000000,1.000,28.924,-1.000000,0.0000,0.0000,0,0,0.000,1.000,19.607,-105.695,633.301,96.395,0,0,-1,99.631917
184,25.9370,open-look,-86.315,622.820,101.619,0.000,72.265,244.043,-74.843,632.792,16.706,-91.056,639.381,16.706,0.0000,0.0000,-63.507,622.598,96.395,-105.695,633.301,96.395,0.4150,0.0000,0.0000,0,0.000,0.000,0.0000,0.0000,0,0,-105.695,633.301,96.395,0.000,0,-1.000000,1.000,28.924,-1.000000,0.0000,0.0000,0,0,0.000,1.000,19.607,-105.695,633.301,96.395,0,0,-1,99.631917
185,26.0854,open-look,-86.315,622.820,101.619,0.000,72.265,244.043,-74.843,632.792,16.706,-91.056,639.381,16.706,0.0000,0.0000,-63.476,622.750,96.416,-105.650,633.450,96.416,0.4150,0.0000,0.0000,0,0.000,0.000,0.0000,0.0000,0,0,-105.650,633.450,96.416,0.000,0,-1.000000,1.000,28.924,-1.000000,0.0000,0.0000,0,0,0.000,1.000,19.607,-105.650,633.450,96.416,0,0,-1,99.631917
186,26.2395,open-look,-86.315,622.820,101.619,0.000,72.265,244.043,-74.843,632.792,16.706,-91.056,639.381,16.706,0.0000,0.0000,-63.455,622.848,96.430,-105.622,633.546,96.430,0.4150,0.0000,0.0000,0,0.000,0.000,0.0000,0.0000,0,0,-105.622,633.546,96.430,0.000,0,-1.000000,1.000,28.924,-1.000000,0.0000,0.0000,0,0,0.000,1.000,19.607,-105.622,633.546,96.430,0,0,-1,99.631917
187,26.4135,open-look,-86.315,622.820,101.619,0.000,72.265,244.043,-74.843,632.792,16.706,-91.056,639.381,16.706,0.0000,0.0000,-63.430,622.966,96.447,-105.587,633.662,96.447,0.4150,0.0000,0.0000,0,0.000,0.000,0.0000,0.0000,0,0,-105.587,633.662,96.447,0.000,0,-1.000000,1.000,28.924,-1.000000,0.0000,0.0000,0,0,0.000,1.000,19.607,-105.587,633.662,96.447,0,0,-1,99.631917
188,26.5805,portrait-idle,-86.315,622.820,101.619,0.000,72.265,244.043,-74.843,632.792,16.706,-91.056,639.381,16.706,0.0000,0.0000,-63.408,623.075,96.462,-105.555,633.768,96.462,0.4150,0.0000,0.0000,0,0.000,0.000,0.0000,0.0000,0,0,-105.555,633.768,96.462,0.000,0,-1.000000,1.000,28.924,-1.000000,0.0000,0.0000,0,0,0.000,1.000,19.607,-105.555,633.768,96.462,0,0,-1,99.631917
189,26.7455,portrait-idle,-86.315,622.820,101.619,0.000,72.265,244.043,-74.843,632.792,16.706,-91.056,639.381,16.706,0.0000,0.0000,-63.387,623.172,96.477,-105.527,633.863,96.477,0.4150,0.0000,0.0000,0,0.000,0.000,0.0000,0.0000,0,0,-105.527,633.863,96.477,0.000,0,-1.000000,1.000,28.924,-1.000000,0.0000,0.0000,0,0,0.000,1.000,19.607,-105.527,633.863,96.477,0,0,-1,99.631917
190,26.9111,portrait-idle,-86.315,622.820,101.619,0.000,72.265,244.043,-74.843,632.792,16.706,-91.056,639.381,16.706,0.0000,0.0000,-63.383,623.193,96.480,-105.521,633.883,96.480,0.4150,0.0000,0.0000,0,0.000,0.000,0.0000,0.0000,0,0,-105.521,633.883,96.480,0.000,0,-1.000000,1.000,28.924,-1.000000,0.0000,0.0000,0,0,0.000,1.000,19.607,-105.521,633.883,96.480,0,0,-1,99.631917
191,27.0770,portrait-idle,-86.315,622.820,101.619,0.000,72.265,244.043,-74.843,632.792,16.706,-91.056,639.381,16.706,0.0000,0.0000,-63.368,623.262,96.491,-105.500,633.951,96.491,0.4150,0.0000,0.0000,0,0.000,0.000,0.0000,0.0000,0,0,-105.500,633.951,96.491,0.000,0,-1.000000,1.000,28.924,-1.000000,0.0000,0.0000,0,0,0.000,1.000,19.607,-105.500,633.951,96.491,0,0,-1,99.631917
192,27.2405,portrait-idle,-86.315,622.820,101.619,0.000,72.265,244.043,-74.843,632.792,16.706,-91.056,639.381,16.706,0.0000,0.0000,-63.368,623.262,96.491,-105.500,633.951,96.491,0.4150,0.0000,0.0000,0,0.000,0.000,0.0000,0.0000,0,0,-105.500,633.951,96.491,0.000,0,-1.000000,1.000,28.924,-1.000000,0.0000,0.0000,0,0,0.000,1.000,19.607,-105.500,633.951,96.491,0,0,-1,99.631917
193,27.3834,portrait-idle,-86.315,622.820,101.619,0.000,72.265,244.043,-74.843,632.792,16.706,-91.056,639.381,16.706,0.0000,0.0000,-63.381,623.202,96.483,-105.518,633.892,96.483,0.4150,0.0000,0.0000,0,0.000,0.000,0.0000,0.0000,0,0,-105.518,633.892,96.483,0.000,0,-1.000000,1.000,28.924,-1.000000,0.0000,0.0000,0,0,0.000,1.000,19.607,-105.518,633.892,96.483,0,0,-1,99.631917
194,27.5279,portrait-idle,-86.315,622.820,101.619,0.000,72.265,244.043,-74.843,632.792,16.706,-91.056,639.381,16.706,0.0000,0.0000,-63.397,623.126,96.476,-105.540,633.818,96.477,0.4150,0.0000,0.0000,0,0.000,0.000,0.0000,0.0000,0,0,-105.540,633.818,96.477,0.000,0,-1.000000,1.000,28.924,-1.000000,0.0000,0.0000,0,0,0.000,1.000,19.607,-105.540,633.818,96.477,0,0,-1,99.631917
195,27.6706,portrait-idle,-86.315,622.820,101.619,0.000,72.265,244.043,-74.843,632.792,16.706,-91.056,639.381,16.706,0.0000,0.0000,-63.412,623.053,96.459,-105.562,633.747,96.459,0.4150,0.0000,0.0000,0,0.000,0.000,0.0000,0.0000,0,0,-105.562,633.747,96.459,0.000,0,-1.000000,1.000,28.924,-1.000000,0.0000,0.0000,0,0,0.000,1.000,19.607,-105.562,633.747,96.459,0,0,-1,99.631917
196,27.8109,portrait-idle,-86.315,622.820,101.619,0.000,72.265,244.043,-74.843,632.792,16.706,-91.056,639.381,16.706,0.0000,0.0000,-63.432,622.955,96.445,-105.590,633.651,96.445,0.4150,0.0000,0.0000,0,0.000,0.000,0.0000,0.0000,0,0,-105.590,633.651,96.445,0.000,0,-1.000000,1.000,28.924,-1.000000,0.0000,0.0000,0,0,0.000,1.000,19.607,-105.590,633.651,96.445,0,0,-1,99.631917
197,27.9531,portrait-idle,-86.315,622.820,101.619,0.000,72.265,244.043,-74.843,632.792,16.706,-91.056,639.381,16.706,0.0000,0.0000,-63.452,622.863,96.432,-105.617,633.561,96.432,0.4150,0.0000,0.0000,0,0.000,0.000,0.0000,0.0000,0,0,-105.617,633.561,96.432,0.000,0,-1.000000,1.000,28.924,-1.000000,0.0000,0.0000,0,0,0.000,1.000,19.607,-105.617,633.561,96.432,0,0,-1,99.631917
198,28.0969,portrait-idle,-86.315,622.820,101.619,0.000,72.265,244.043,-74.843,632.792,16.706,-91.056,639.381,16.706,0.0000,0.0000,-63.473,622.763,96.418,-105.647,633.463,96.418,0.4150,0.0000,0.0000,0,0.000,0.000,0.0000,0.0000,0,0,-105.647,633.463,96.418,0.000,0,-1.000000,1.000,28.924,-1.000000,0.0000,0.0000,0,0,0.000,1.000,19.607,-105.647,633.463,96.418,0,0,-1,99.631917
199,28.2664,portrait-idle,-86.315,622.820,101.619,0.000,72.265,244.043,-74.843,632.792,16.706,-91.056,639.381,16.706,0.0000,0.0000,-63.482,622.722,96.407,-105.658,633.422,96.407,0.4150,0.0000,0.0000,0,0.000,0.000,0.0000,0.0000,0,0,-105.658,633.422,96.407,0.000,0,-1.000000,1.000,28.924,-1.000000,0.0000,0.0000,0,0,0.000,1.000,19.607,-105.658,633.422,96.407,0,0,-1,99.631917
200,28.4275,portrait-idle,-86.315,622.820,101.619,0.000,72.265,244.043,-74.843,632.792,16.706,-91.056,639.381,16.706,0.0000,0.0000,-63.504,622.616,96.398,-105.690,633.318,96.398,0.4150,0.0000,0.0000,0,0.000,0.000,0.0000,0.0000,0,0,-105.690,633.318,96.398,0.000,0,-1.000000,1.000,28.924,-1.000000,0.0000,0.0000,0,0,0.000,1.000,19.607,-105.690,633.318,96.398,0,0,-1,99.631917
201,28.5706,portrait-idle,-86.315,622.820,101.619,0.000,72.265,244.043,-74.843,632.792,16.706,-91.056,639.381,16.706,0.0000,0.0000,-63.504,622.616,96.398,-105.690,633.318,96.398,0.4150,0.0000,0.0000,0,0.000,0.000,0.0000,0.0000,0,0,-105.690,633.318,96.398,0.000,0,-1.000000,1.000,28.924,-1.000000,0.0000,0.0000,0,0,0.000,1.000,19.607,-105.690,633.318,96.398,0,0,-1,99.631917
202,28.7117,portrait-idle,-86.315,622.820,101.619,0.000,72.265,244.043,-74.843,632.792,16.706,-91.056,639.381,16.706,0.0000,0.0000,-63.507,622.598,96.395,-105.695,633.301,96.395,0.4150,0.0000,0.0000,0,0.000,0.000,0.0000,0.0000,0,0,-105.695,633.301,96.395,0.000,0,-1.000000,1.000,28.924,-1.000000,0.0000,0.0000,0,0,0.000,1.000,19.607,-105.695,633.301,96.395,0,0,-1,99.631917
203,28.8557,portrait-idle,-86.315,622.820,101.619,0.000,72.265,244.043,-74.843,632.792,16.706,-91.056,639.381,16.706,0.0000,0.0000,-63.507,622.598,96.395,-105.695,633.301,96.395,0.4150,0.0000,0.0000,0,0.000,0.000,0.0000,0.0000,0,0,-105.695,633.301,96.395,0.000,0,-1.000000,1.000,28.924,-1.000000,0.0000,0.0000,0,0,0.000,1.000,19.607,-105.695,633.301,96.395,0,0,-1,99.631917
204,29.0000,portrait-idle,-86.315,622.820,101.619,0.000,72.265,244.043,-74.843,632.792,16.706,-91.056,639.381,16.706,0.0000,0.0000,-63.487,622.696,96.409,-105.666,633.397,96.409,0.4150,0.0000,0.0000,0,0.000,0.000,0.0000,0.0000,0,0,-105.666,633.397,96.409,0.000,0,-1.000000,1.000,28.924,-1.000000,0.0000,0.0000,0,0,0.000,1.000,19.607,-105.666,633.397,96.409,0,0,-1,99.631917
205,29.1409,portrait-idle,-86.315,622.820,101.619,0.000,72.265,244.043,-74.843,632.792,16.706,-91.056,639.381,16.706,0.0000,0.0000,-63.468,622.785,96.421,-105.640,633.484,96.421,0.4150,0.0000,0.0000,0,0.000,0.000,0.0000,0.0000,0,0,-105.640,633.484,96.421,0.000,0,-1.000000,1.000,28.924,-1.000000,0.0000,0.0000,0,0,0.000,1.000,19.607,-105.640,633.484,96.421,0,0,-1,99.631917
206,29.2837,portrait-idle,-86.315,622.820,101.619,0.000,72.265,244.043,-74.843,632.792,16.706,-91.056,639.381,16.706,0.0000,0.0000,-63.450,622.874,96.433,-105.614,633.571,96.433,0.4150,0.0000,0.0000,0,0.000,0.000,0.0000,0.0000,0,0,-105.614,633.571,96.433,0.000,0,-1.000000,1.000,28.924,-1.000000,0.0000,0.0000,0,0,0.000,1.000,19.607,-105.614,633.571,96.433,0,0,-1,99.631917
207,29.4296,portrait-idle,-86.315,622.820,101.619,0.000,72.265,244.043,-74.843,632.792,16.706,-91.056,639.381,16.706,0.0000,0.0000,-63.428,622.978,96.448,-105.584,633.673,96.448,0.4150,0.0000,0.0000,0,0.000,0.000,0.0000,0.0000,0,0,-105.584,633.673,96.448,0.000,0,-1.000000,1.000,28.924,-1.000000,0.0000,0.0000,0,0,0.000,1.000,19.607,-105.584,633.673,96.448,0,0,-1,99.631917
208,29.5717,portrait-orbit,-86.315,622.820,101.619,0.000,72.265,244.043,-74.843,632.792,16.706,-91.056,639.381,16.706,0.0000,0.0000,-63.409,623.070,96.462,-105.557,633.763,96.462,0.4150,0.0000,0.0000,0,0.000,0.000,0.0000,0.0000,0,0,-105.557,633.763,96.462,0.000,0,-1.000000,1.000,28.924,-1.000000,0.0000,0.0000,0,0,0.000,1.000,19.607,-105.557,633.763,96.462,0,0,-1,99.631917
209,29.7328,portrait-orbit,-86.315,622.820,101.619,0.000,72.265,244.043,-74.843,632.792,16.706,-91.056,639.381,16.706,0.0000,0.0000,-63.389,623.165,96.476,-105.529,633.856,96.476,0.4150,0.0000,0.0000,0,0.000,0.000,0.0000,0.0000,0,0,-105.529,633.856,96.476,0.000,0,-1.000000,1.000,28.924,-1.000000,0.0000,0.0000,0,0,0.000,1.000,19.607,-105.529,633.856,96.476,0,0,-1,99.631917
210,29.8933,portrait-orbit,-86.315,622.820,101.619,0.000,72.265,244.043,-74.843,632.792,16.706,-91.056,639.381,16.706,0.0000,0.0000,-63.383,623.193,96.480,-105.521,633.883,96.480,0.4150,0.0000,0.0000,0,0.000,0.000,0.0000,0.0000,0,0,-105.521,633.883,96.480,0.000,0,-1.000000,1.000,28.924,-1.000000,0.0000,0.0000,0,0,0.000,1.000,19.607,-105.521,633.883,96.480,0,0,-1,99.631917
211,30.0608,portrait-orbit,-86.315,622.820,101.619,0.000,72.265,244.043,-74.843,632.792,16.706,-91.056,639.381,16.706,0.0000,0.0000,-63.368,623.262,96.491,-105.500,633.951,96.491,0.4150,0.0000,0.0000,0,0.000,0.000,0.0000,0.0000,0,0,-105.500,633.951,96.491,0.000,0,-1.000000,1.000,28.924,-1.000000,0.0000,0.0000,0,0,0.000,1.000,19.607,-105.500,633.951,96.491,0,0,-1,99.631917
212,30.2216,portrait-orbit,-86.315,622.820,101.619,0.000,72.265,244.043,-74.843,632.792,16.706,-91.056,639.381,16.706,0.0000,0.0000,-63.368,623.262,96.491,-105.500,633.951,96.491,0.4150,0.0000,0.0000,0,0.000,0.000,0.0000,0.0000,0,0,-105.500,633.951,96.491,0.000,0,-1.000000,1.000,28.924,-1.000000,0.0000,0.0000,0,0,0.000,1.000,19.607,-105.500,633.951,96.491,0,0,-1,99.631917
213,30.3645,portrait-orbit,-86.315,622.820,101.619,0.000,72.265,244.043,-74.843,632.792,16.706,-91.056,639.381,16.706,0.0000,0.0000,-63.379,623.211,96.484,-105.515,633.902,96.484,0.4150,0.0000,0.0000,0,0.000,0.000,0.0000,0.0000,0,0,-105.515,633.902,96.484,0.000,0,-1.000000,1.000,28.924,-1.000000,0.0000,0.0000,0,0,0.000,1.000,19.607,-105.515,633.902,96.484,0,0,-1,99.631917
214,30.5052,portrait-orbit,-86.315,622.820,101.619,0.000,72.265,244.043,-74.843,632.792,16.706,-91.056,639.381,16.706,0.0000,0.0000,-63.395,623.138,96.478,-105.537,633.829,96.478,0.4150,0.0000,0.0000,0,0.000,0.000,0.0000,0.0000,0,0,-105.537,633.829,96.478,0.000,0,-1.000000,1.000,28.924,-1.000000,0.0000,0.0000,0,0,0.000,1.000,19.607,-105.537,633.829,96.478,0,0,-1,99.631917
215,30.6445,portrait-orbit,-86.315,622.820,101.619,0.000,72.265,244.043,-74.843,632.792,16.706,-91.056,639.381,16.706,0.0000,0.0000,-63.408,623.072,96.462,-105.556,633.765,96.462,0.4150,0.0000,0.0000,0,0.000,0.000,0.0000,0.0000,0,0,-105.556,633.765,96.462,0.000,0,-1.000000,1.000,28.924,-1.000000,0.0000,0.0000,0,0,0.000,1.000,19.607,-105.556,633.765,96.462,0,0,-1,99.631917
216,30.7900,portrait-orbit,-86.315,622.820,101.619,0.000,72.265,244.043,-74.843,632.792,16.706,-91.056,639.381,16.706,0.0000,0.0000,-63.429,622.970,96.447,-105.586,633.665,96.447,0.4150,0.0000,0.0000,0,0.000,0.000,0.0000,0.0000,0,0,-105.586,633.665,96.447,0.000,0,-1.000000,1.000,28.924,-1.000000,0.0000,0.0000,0,0,0.000,1.000,19.607,-105.586,633.665,96.447,0,0,-1,99.631917
217,30.9490,portrait-orbit,-86.315,622.820,101.619,0.000,72.265,244.043,-74.843,632.792,16.706,-91.056,639.381,16.706,0.0000,0.0000,-63.451,622.866,96.432,-105.617,633.564,96.432,0.4150,0.0000,0.0000,0,0.000,0.000,0.0000,0.0000,0,0,-105.617,633.564,96.432,0.000,0,-1.000000,1.000,28.924,-1.000000,0.0000,0.0000,0,0,0.000,1.000,19.607,-105.617,633.564,96.432,0,0,-1,99.631917
218,31.1086,portrait-orbit,-86.315,622.820,101.619,0.000,72.265,244.043,-74.843,632.792,16.706,-91.056,639.381,16.706,0.0000,0.0000,-63.474,622.755,96.417,-105.649,633.455,96.417,0.4150,0.0000,0.0000,0,0.000,0.000,0.0000,0.0000,0,0,-105.649,633.455,96.417,0.000,0,-1.000000,1.000,28.924,-1.000000,0.0000,0.0000,0,0,0.000,1.000,19.607,-105.649,633.455,96.417,0,0,-1,99.631917
219,31.2695,portrait-orbit,-86.315,622.820,101.619,0.000,72.265,244.043,-74.843,632.792,16.706,-91.056,639.381,16.706,0.0000,0.0000,-63.482,622.722,96.407,-105.658,633.421,96.407,0.4150,0.0000,0.0000,0,0.000,0.000,0.0000,0.0000,0,0,-105.658,633.421,96.407,0.000,0,-1.000000,1.000,28.924,-1.000000,0.0000,0.0000,0,0,0.000,1.000,19.607,-105.658,633.421,96.407,0,0,-1,99.631917
220,31.4307,portrait-orbit,-86.315,622.820,101.619,0.000,72.265,244.043,-74.843,632.792,16.706,-91.056,639.381,16.706,0.0000,0.0000,-63.504,622.616,96.398,-105.690,633.318,96.398,0.4150,0.0000,0.0000,0,0.000,0.000,0.0000,0.0000,0,0,-105.690,633.318,96.398,0.000,0,-1.000000,1.000,28.924,-1.000000,0.0000,0.0000,0,0,0.000,1.000,19.607,-105.690,633.318,96.398,0,0,-1,99.631917
221,31.5587,portrait-orbit,-86.315,622.820,101.619,0.000,72.265,244.043,-74.843,632.792,16.706,-91.056,639.381,16.706,0.0000,0.0000,-63.504,622.616,96.398,-105.690,633.318,96.398,0.4150,0.0000,0.0000,0,0.000,0.000,0.0000,0.0000,0,0,-105.690,633.318,96.398,0.000,0,-1.000000,1.000,28.924,-1.000000,0.0000,0.0000,0,0,0.000,1.000,19.607,-105.690,633.318,96.398,0,0,-1,99.631917
222,31.6873,portrait-orbit,-86.315,622.820,101.619,0.000,72.265,244.043,-74.843,632.792,16.706,-91.056,639.381,16.706,0.0000,0.0000,-63.504,622.616,96.398,-105.690,633.318,96.398,0.4150,0.0000,0.0000,0,0.000,0.000,0.0000,0.0000,0,0,-105.690,633.318,96.398,0.000,0,-1.000000,1.000,28.924,-1.000000,0.0000,0.0000,0,0,0.000,1.000,19.607,-105.690,633.318,96.398,0,0,-1,99.631917
223,31.8174,portrait-orbit,-86.315,622.820,101.619,0.000,72.265,244.043,-74.843,632.792,16.706,-91.056,639.381,16.706,0.0000,0.0000,-63.507,622.598,96.395,-105.695,633.301,96.395,0.4150,0.0000,0.0000,0,0.000,0.000,0.0000,0.0000,0,0,-105.695,633.301,96.395,0.000,0,-1.000000,1.000,28.924,-1.000000,0.0000,0.0000,0,0,0.000,1.000,19.607,-105.695,633.301,96.395,0,0,-1,99.631917
224,31.9573,portrait-orbit,-86.315,622.820,101.619,0.000,72.265,244.043,-74.843,632.792,16.706,-91.056,639.381,16.706,0.0000,0.0000,-63.507,622.598,96.395,-105.695,633.301,96.395,0.4150,0.0000,0.0000,0,0.000,0.000,0.0000,0.0000,0,0,-105.695,633.301,96.395,0.000,0,-1.000000,1.000,28.924,-1.000000,0.0000,0.0000,0,0,0.000,1.000,19.607,-105.695,633.301,96.395,0,0,-1,99.631917
225,32.0965,portrait-orbit,-86.315,622.820,101.619,0.000,72.265,244.043,-74.843,632.792,16.706,-91.056,639.381,16.706,0.0000,0.0000,-63.474,622.757,96.417,-105.648,633.457,96.417,0.4150,0.0000,0.0000,0,0.000,0.000,0.0000,0.0000,0,0,-105.648,633.457,96.417,0.000,0,-1.000000,1.000,28.924,-1.000000,0.0000,0.0000,0,0,0.000,1.000,19.607,-105.648,633.457,96.417,0,0,-1,99.631917
226,32.2349,portrait-orbit,-86.315,622.820,101.619,0.000,72.265,244.043,-74.843,632.792,16.706,-91.056,639.381,16.706,0.0000,0.0000,-63.456,622.845,96.429,-105.623,633.543,96.429,0.4150,0.0000,0.0000,0,0.000,0.000,0.0000,0.0000,0,0,-105.623,633.543,96.429,0.000,0,-1.000000,1.000,28.924,-1.000000,0.0000,0.0000,0,0,0.000,1.000,19.607,-105.623,633.543,96.429,0,0,-1,99.631917
227,32.3732,portrait-orbit,-86.315,622.820,101.619,0.000,72.265,244.043,-74.843,632.792,16.706,-91.056,639.381,16.706,0.0000,0.0000,-63.436,622.937,96.442,-105.596,633.633,96.442,0.4150,0.0000,0.0000,0,0.000,0.000,0.0000,0.0000,0,0,-105.596,633.633,96.442,0.000,0,-1.000000,1.000,28.924,-1.000000,0.0000,0.0000,0,0,0.000,1.000,19.607,-105.596,633.633,96.442,0,0,-1,99.631917
228,32.5178,portrait-orbit,-86.315,622.820,101.619,0.000,72.265,244.043,-74.843,632.792,16.706,-91.056,639.381,16.706,0.0000,0.0000,-63.415,623.038,96.457,-105.566,633.732,96.457,0.4150,0.0000,0.0000,0,0.000,0.000,0.0000,0.0000,0,0,-105.566,633.732,96.457,0.000,0,-1.000000,1.000,28.924,-1.000000,0.0000,0.0000,0,0,0.000,1.000,19.607,-105.566,633.732,96.457,0,0,-1,99.631917
229,32.6603,portrait-orbit,-86.315,622.820,101.619,0.000,72.265,244.043,-74.843,632.792,16.706,-91.056,639.381,16.706,0.0000,0.0000,-63.398,623.122,96.469,-105.542,633.814,96.469,0.4150,0.0000,0.0000,0,0.000,0.000,0.0000,0.0000,0,0,-105.542,633.814,96.469,0.000,0,-1.000000,1.000,28.924,-1.000000,0.0000,0.0000,0,0,0.000,1.000,19.607,-105.542,633.814,96.469,0,0,-1,99.631917
230,32.8003,portrait-orbit,-86.315,622.820,101.619,0.000,72.265,244.043,-74.843,632.792,16.706,-91.056,639.381,16.706,0.0000,0.0000,-63.383,623.193,96.480,-105.521,633.883,96.480,0.4150,0.0000,0.0000,0,0.000,0.000,0.0000,0.0000,0,0,-105.521,633.883,96.480,0.000,0,-1.000000,1.000,28.924,-1.000000,0.0000,0.0000,0,0,0.000,1.000,19.607,-105.521,633.883,96.480,0,0,-1,99.631917
231,32.9373,portrait-orbit,-86.315,622.820,101.619,0.000,72.265,244.043,-74.843,632.792,16.706,-91.056,639.381,16.706,0.0000,0.0000,-63.383,623.193,96.480,-105.521,633.883,96.480,0.4150,0.0000,0.0000,0,0.000,0.000,0.0000,0.0000,0,0,-105.521,633.883,96.480,0.000,0,-1.000000,1.000,28.924,-1.000000,0.0000,0.0000,0,0,0.000,1.000,19.607,-105.521,633.883,96.480,0,0,-1,99.631917
232,33.0751,portrait-orbit,-86.315,622.820,101.619,0.000,72.265,244.043,-74.843,632.792,16.706,-91.056,639.381,16.706,0.0000,0.0000,-63.368,623.262,96.491,-105.500,633.951,96.491,0.4150,0.0000,0.0000,0,0.000,0.000,0.0000,0.0000,0,0,-105.500,633.951,96.491,0.000,0,-1.000000,1.000,28.924,-1.000000,0.0000,0.0000,0,0,0.000,1.000,19.607,-105.500,633.951,96.491,0,0,-1,99.631917
233,33.2146,portrait-orbit,-86.315,622.820,101.619,0.000,72.265,244.043,-74.843,632.792,16.706,-91.056,639.381,16.706,0.0000,0.0000,-63.368,623.262,96.491,-105.500,633.951,96.491,0.4150,0.0000,0.0000,0,0.000,0.000,0.0000,0.0000,0,0,-105.500,633.951,96.491,0.000,0,-1.000000,1.000,28.924,-1.000000,0.0000,0.0000,0,0,0.000,1.000,19.607,-105.500,633.951,96.491,0,0,-1,99.631917
234,33.3557,portrait-orbit,-86.315,622.820,101.619,0.000,72.265,244.043,-74.843,632.792,16.706,-91.056,639.381,16.706,0.0000,0.0000,-63.378,623.216,96.484,-105.514,633.906,96.484,0.4150,0.0000,0.0000,0,0.000,0.000,0.0000,0.0000,0,0,-105.514,633.906,96.484,0.000,0,-1.000000,1.000,28.924,-1.000000,0.0000,0.0000,0,0,0.000,1.000,19.607,-105.514,633.906,96.484,0,0,-1,99.631917
235,33.4982,portrait-orbit,-86.315,622.820,101.619,0.000,72.265,244.043,-74.843,632.792,16.706,-91.056,639.381,16.706,0.0000,0.0000,-63.394,623.142,96.478,-105.536,633.833,96.478,0.4150,0.0000,0.0000,0,0.000,0.000,0.0000,0.0000,0,0,-105.536,633.833,96.478,0.000,0,-1.000000,1.000,28.924,-1.000000,0.0000,0.0000,0,0,0.000,1.000,19.607,-105.536,633.833,96.478,0,0,-1,99.631917
236,33.6388,return-to-world,-86.315,622.820,101.619,0.000,72.265,244.043,-74.843,632.792,16.706,-91.056,639.381,16.706,0.0000,0.0000,-63.407,623.075,96.462,-105.555,633.769,96.463,0.4150,0.0000,0.0000,0,0.000,0.000,0.0000,0.0000,0,0,-105.555,633.769,96.463,0.000,0,-1.000000,1.000,28.924,-1.000000,0.0000,0.0000,0,0,0.000,1.000,19.607,-105.555,633.769,96.463,0,0,-1,99.631917
237,33.7760,return-to-world,-86.315,622.820,101.619,0.000,72.265,244.043,-74.843,632.792,16.706,-91.056,639.381,16.706,0.0000,0.0000,-63.427,622.980,96.448,-105.583,633.675,96.448,0.4150,0.0000,0.0000,0,0.000,0.000,0.0000,0.0000,0,0,-105.583,633.675,96.448,0.000,0,-1.000000,1.000,28.924,-1.000000,0.0000,0.0000,0,0,0.000,1.000,19.607,-105.583,633.675,96.448,0,0,-1,99.629723
238,33.9121,return-to-world,-86.315,622.820,101.619,0.000,72.265,244.043,-74.843,632.792,16.706,-91.056,639.381,16.706,0.0000,0.0000,-63.446,622.891,96.436,-105.609,633.588,96.436,0.4150,0.0000,0.0000,0,0.000,0.000,0.0000,0.0000,0,0,-105.609,633.588,96.436,0.000,0,-1.000000,1.000,28.924,-1.000000,0.0000,0.0000,0,0,0.000,1.000,19.607,-105.609,633.588,96.436,0,0,-1,99.627543
239,34.0507,return-to-world,-86.315,622.820,101.619,0.000,72.265,244.043,-74.843,632.792,16.706,-91.056,639.381,16.706,0.0000,0.0000,-63.466,622.795,96.422,-105.637,633.495,96.422,0.4150,0.0000,0.0000,0,0.000,0.000,0.0000,0.0000,0,0,-105.637,633.495,96.422,0.000,0,-1.000000,1.000,28.924,-1.000000,0.0000,0.0000,0,0,0.000,1.000,19.607,-105.637,633.495,96.422,0,0,-1,99.625328
240,34.1906,return-to-world,-86.315,622.820,101.619,0.000,72.265,244.043,-74.843,632.792,16.706,-91.056,639.381,16.706,0.0000,0.0000,-63.479,622.733,96.412,-105.655,633.433,96.412,0.4150,0.0000,0.0000,0,0.000,0.000,0.0000,0.0000,0,0,-105.655,633.433,96.412,0.000,0,-1.000000,1.000,28.924,-1.000000,0.0000,0.0000,0,0,0.000,1.000,19.607,-105.655,633.433,96.412,0,0,-1,99.623086
241,34.3307,return-to-world,-86.315,622.820,101.619,0.000,72.265,244.043,-74.843,632.792,16.706,-91.056,639.381,16.706,0.0000,0.0000,-63.484,622.713,96.403,-105.660,633.412,96.403,0.4150,0.0000,0.0000,0,0.000,0.000,0.0000,0.0000,0,0,-105.660,633.412,96.403,0.000,0,-1.000000,1.000,28.924,-1.000000,0.0000,0.0000,0,0,0.000,1.000,19.607,-105.660,633.412,96.403,0,0,-1,99.620851
242,34.4677,return-to-world,-86.315,622.820,101.619,0.000,72.265,244.043,-74.843,632.792,16.706,-91.056,639.381,16.706,0.0000,0.0000,-63.504,622.616,96.398,-105.690,633.318,96.398,0.4150,0.0000,0.0000,0,0.000,0.000,0.0000,0.0000,0,0,-105.690,633.318,96.398,0.000,0,-1.000000,1.000,28.924,-1.000000,0.0000,0.0000,0,0,0.000,1.000,19.607,-105.690,633.318,96.398,0,0,-1,99.618652
243,34.6038,return-to-world,-86.315,622.820,101.619,0.000,72.265,244.043,-74.843,632.792,16.706,-91.056,639.381,16.706,0.0000,0.0000,-63.504,622.616,96.398,-105.690,633.318,96.398,0.4150,0.0000,0.0000,0,0.000,0.000,0.0000,0.0000,0,0,-105.690,633.318,96.398,0.000,0,-1.000000,1.000,28.924,-1.000000,0.0000,0.0000,0,0,0.000,1.000,19.607,-105.690,633.318,96.398,0,0,-1,99.616478
244,34.7409,walk-to-forage,-86.315,622.820,101.619,0.000,72.265,244.043,-74.843,632.792,16.706,-91.056,639.381,16.706,0.0000,0.0000,-63.507,622.598,96.395,-105.695,633.301,96.395,0.4150,0.0000,0.0000,0,-100.000,550.000,0.0000,0.0000,0,0,-105.695,633.301,96.395,0.000,0,-1.000000,1.000,28.924,-1.000000,0.0000,0.0000,0,0,0.000,1.000,19.607,-105.695,633.301,96.395,0,0,0,99.614282
245,34.8777,walk-to-forage,-87.263,620.873,101.553,23.828,113.113,246.311,-78.325,622.365,15.810,-110.035,646.729,16.272,0.6808,0.1986,-68.555,632.993,92.313,-110.276,619.114,92.836,0.4420,0.0000,0.0000,0,-100.000,550.000,0.0000,0.0000,0,0,-110.276,619.114,92.836,0.000,0,-1.000000,1.000,28.924,-1.000000,0.0000,0.0000,0,0,0.000,1.000,19.607,-110.276,619.114,92.836,0,0,0,99.612104
246,35.0174,walk-to-forage,-89.518,615.868,101.387,45.000,155.214,247.978,-71.792,618.111,16.452,-133.273,623.477,16.450,1.0000,0.3750,-86.613,637.993,90.175,-103.232,597.789,90.255,0.4947,0.0000,0.0000,0,-100.000,550.000,0.0000,0.0000,0,0,-103.232,597.789,90.255,0.000,0,-1.000000,1.000,28.924,-1.000000,0.0000,0.0000,0,0,0.000,1.000,19.607,-103.232,597.789,90.255,0,0,0,99.609858
247,35.1742,walk-to-forage,-92.224,609.365,101.176,45.000,-157.829,249.622,-83.006,623.495,17.065,-122.114,585.506,16.113,1.0000,0.3750,-110.404,624.382,90.688,-83.943,588.878,89.954,0.5534,0.0000,0.0000,0,-100.000,550.000,0.0000,0.0000,0,0,-83.943,588.878,89.954,0.000,0,-1.000000,1.000,28.924,-1.000000,0.0000,0.0000,0,0,0.000,1.000,19.607,-83.943,588.878,89.954,0,0,0,99.607354
248,35.3324,walk-to-forage,-94.771,602.707,100.964,45.000,-110.378,251.259,-100.381,613.327,19.691,-95.054,571.196,16.101,1.0000,0.3750,-118.513,595.519,92.315,-72.250,598.855,90.917,0.6128,0.0000,0.0000,0,-100.000,550.000,0.0000,0.0000,0,0,-72.250,598.855,90.917,0.000,0,-1.000000,1.000,28.924,-1.000000,0.0000,0.0000,0,0,0.000,1.000,19.607,-72.250,598.855,90.917,0,0,0,99.604819
249,35.4883,walk-to-forage,-97.087,596.090,100.759,45.000,-108.741,252.934,-105.309,598.345,22.164,-94.673,571.425,15.613,1.0000,0.3750,-120.995,585.585,93.495,-73.533,595.667,91.657,0.6712,0.0000,0.0000,0,-100.000,550.000,0.0000,0.0000,0,0,-73.533,595.667,91.657,0.000,0,-1.000000,1.000,28.924,-1.000000,0.0000,0.0000,0,0,0.000,1.000,19.607,-73.533,595.667,91.657,0,0,0,99.602327
250,35.6358,walk-to-forage,-99.100,589.757,100.565,45.000,-107.066,254.668,-109.743,582.557,23.980,-94.522,571.638,15.725,1.0000,0.3750,-122.924,577.398,94.522,-75.263,591.364,92.512,0.7266,0.0000,0.0000,0,-100.000,550.000,0.0000,0.0000,0,0,-75.263,591.364,92.512,0.000,0,-1.000000,1.000,28.924,-1.000000,0.0000,0.0000,0,0,0.000,1.000,19.607,-75.263,591.364,92.512,0,0,0,99.599964
251,35.7765,walk-to-forage,-100.835,583.688,100.383,45.000,-105.332,256.532,-113.158,567.004,23.748,-94.424,571.886,15.551,1.0000,0.3750,-124.264,570.668,94.320,-77.070,585.947,92.317,0.7792,0.0000,0.0000,0,-100.000,550.000,0.0000,0.0000,0,0,-77.070,585.947,92.317,0.000,0,-1.000000,1.000,28.924,-1.000000,0.0000,0.0000,0,0,0.000,1.000,19.607,-77.070,585.947,92.317,0,0,0,99.597720
252,35.9171,settle-forage,-100.835,583.688,100.383,0.000,-105.332,256.532,-112.381,571.049,16.793,-95.109,568.711,15.271,0.2944,0.0000,-124.053,578.883,94.663,-79.784,577.091,93.998,0.7792,0.0000,0.0000,0,-100.000,550.000,0.0000,0.0000,0,0,-79.784,577.091,93.998,0.000,0,-1.000000,1.000,28.924,-1.000000,0.0000,0.0000,0,0,0.000,1.000,19.607,-79.784,577.091,93.998,0,0,0,99.595462
253,36.0788,settle-forage,-100.835,583.688,100.383,0.000,-105.332,256.532,-111.879,573.243,15.471,-95.404,567.340,15.471,0.0000,0.0000,-123.743,582.283,95.255,-81.200,573.371,95.255,0.7792,0.0000,0.0000,0,-100.000,550.000,0.0000,0.0000,0,0,-81.200,573.371,95.255,0.000,0,-1.000000,1.000,28.924,-1.000000,0.0000,0.0000,0,0,0.000,1.000,19.607,-81.200,573.371,95.255,0,0,0,99.592886
254,36.2327,settle-forage,-100.835,583.688,100.383,0.000,-105.332,256.532,-111.879,573.243,15.471,-95.404,567.340,15.471,0.0000,0.0000,-123.743,582.283,95.255,-81.200,573.371,95.255,0.7792,0.0000,0.0000,0,-100.000,550.000,0.0000,0.0000,0,0,-81.200,573.371,95.255,0.000,0,-1.000000,1.000,28.924,-1.000000,0.0000,0.0000,0,0,0.000,1.000,19.607,-81.200,573.371,95.255,0,0,0,99.590413
255,36.3662,settle-forage,-100.835,583.688,100.383,0.000,-105.332,256.532,-111.879,573.243,15.471,-95.404,567.340,15.471,0.0000,0.0000,-123.734,582.336,95.248,-81.187,573.422,95.248,0.7792,0.0000,0.0000,0,-100.000,550.000,0.0000,0.0000,0,0,-81.187,573.422,95.248,0.000,0,-1.000000,1.000,28.924,-1.000000,0.0000,0.0000,0,0,0.000,1.000,19.607,-81.187,573.422,95.248,0,0,0,99.588281
256,36.4986,settle-forage,-100.835,583.688,100.383,0.000,-105.332,256.532,-111.879,573.243,15.471,-95.404,567.340,15.471,0.0000,0.0000,-123.723,582.405,95.242,-81.170,573.490,95.242,0.7792,0.0000,0.0000,0,-100.000,550.000,0.0000,0.0000,0,0,-81.170,573.490,95.242,0.000,0,-1.000000,1.000,28.924,-1.000000,0.0000,0.0000,0,0,0.000,1.000,19.607,-81.170,573.490,95.242,0,0,0,99.586159
257,36.6338,view-picking-side,-100.835,583.688,100.383,0.000,-105.332,256.532,-111.879,573.243,15.471,-95.404,567.340,15.471,0.0000,0.0000,-123.713,582.468,95.228,-81.154,573.552,95.228,0.7792,0.0000,0.0000,0,-100.000,550.000,0.0000,0.0000,0,0,-81.154,573.552,95.228,0.000,0,-1.000000,1.000,28.924,-1.000000,0.0000,0.0000,0,0,0.000,1.000,19.607,-81.154,573.552,95.228,0,0,0,99.584003
258,36.7694,view-picking-side,-100.835,583.688,100.383,0.000,-105.332,249.262,-111.879,573.243,15.471,-95.404,567.340,15.471,0.0000,0.0000,-123.697,582.564,95.214,-81.130,573.646,95.214,0.7792,0.0000,0.0000,0,-100.000,550.000,0.0000,0.0000,0,0,-81.130,573.646,95.214,0.000,0,-1.000000,1.000,28.924,-1.000000,0.0000,0.0000,0,0,0.000,1.000,19.607,-81.130,573.646,95.214,0,0,0,99.581826
259,36.8995,view-picking-side,-100.835,583.688,100.383,0.000,-105.332,242.326,-111.879,573.243,15.471,-95.404,567.340,15.471,0.0000,0.0000,-123.683,582.648,95.202,-81.109,573.729,95.202,0.7792,0.0000,0.0000,0,-100.000,550.000,0.0000,0.0000,0,0,-81.109,573.729,95.202,0.000,0,-1.000000,1.000,28.924,-1.000000,0.0000,0.0000,0,0,0.000,1.000,19.607,-81.109,573.729,95.202,0,0,0,99.579749
260,37.0296,view-picking-side,-100.835,583.688,100.383,0.000,-105.332,235.358,-111.879,573.243,15.471,-95.404,567.340,15.471,0.0000,0.0000,-123.668,582.739,95.189,-81.086,573.818,95.189,0.7792,0.0000,0.0000,0,-100.000,550.000,0.0000,0.0000,0,0,-81.086,573.818,95.189,0.000,0,-1.000000,1.000,28.924,-1.000000,0.0000,0.0000,0,0,0.000,1.000,19.607,-81.086,573.818,95.189,0,0,0,99.577663
261,37.1593,view-picking-side,-100.835,583.688,100.383,0.000,-105.332,228.440,-111.879,573.243,15.471,-95.404,567.340,15.471,0.0000,0.0000,-123.656,582.812,95.178,-81.068,573.890,95.178,0.7792,0.0000,0.0000,0,-100.000,550.000,0.0000,0.0000,0,0,-81.068,573.890,95.178,0.000,0,-1.000000,1.000,28.924,-1.000000,0.0000,0.0000,0,0,0.000,1.000,19.607,-81.068,573.890,95.178,0,0,0,99.575592
262,37.2906,view-picking-side,-100.835,583.688,100.383,0.000,-105.332,221.405,-111.879,573.243,15.471,-95.404,567.340,15.471,0.0000,0.0000,-123.652,582.831,95.170,-81.064,573.910,95.170,0.7792,0.0000,0.0000,0,-100.000,550.000,0.0000,0.0000,0,0,-81.064,573.910,95.170,0.000,0,-1.000000,1.000,28.924,-1.000000,0.0000,0.0000,0,0,0.000,1.000,19.607,-81.064,573.910,95.170,0,0,0,99.573485
263,37.4200,view-picking-side,-100.835,583.688,100.383,0.000,-105.332,214.509,-111.879,573.243,15.471,-95.404,567.340,15.471,0.0000,0.0000,-123.638,582.917,95.162,-81.042,573.994,95.162,0.7792,0.0000,0.0000,0,-100.000,550.000,0.0000,0.0000,0,0,-81.042,573.994,95.162,0.000,0,-1.000000,1.000,28.924,-1.000000,0.0000,0.0000,0,0,0.000,1.000,19.607,-81.042,573.994,95.162,0,0,0,99.571421
264,37.5499,view-picking-side,-100.835,583.688,100.383,0.000,-105.332,207.554,-111.879,573.243,15.471,-95.404,567.340,15.471,0.0000,0.0000,-123.635,582.935,95.162,-81.037,574.012,95.162,0.7792,0.0000,0.0000,0,-100.000,550.000,0.0000,0.0000,0,0,-81.037,574.012,95.162,0.000,0,-1.000000,1.000,28.924,-1.000000,0.0000,0.0000,0,0,0.000,1.000,19.607,-81.037,574.012,95.162,0,0,0,99.569338
265,37.6831,view-picking-side,-100.835,583.688,100.383,0.000,-105.332,200.444,-111.879,573.243,15.471,-95.404,567.340,15.471,0.0000,0.0000,-123.635,582.935,95.162,-81.037,574.012,95.162,0.7792,0.0000,0.0000,0,-100.000,550.000,0.0000,0.0000,0,0,-81.037,574.012,95.162,0.000,0,-1.000000,1.000,28.924,-1.000000,0.0000,0.0000,0,0,0.000,1.000,19.607,-81.037,574.012,95.162,0,0,0,99.567209
266,37.8162,before-pick,-100.835,583.688,100.383,0.000,-105.332,193.325,-111.879,573.243,15.471,-95.404,567.340,15.471,0.0000,0.0000,-123.632,582.953,95.160,-81.033,574.029,95.160,0.7792,0.0000,0.0000,0,-100.000,550.000,0.0000,0.0000,0,0,-81.033,574.029,95.160,0.000,0,-1.000000,1.000,28.924,-1.000000,0.0000,0.0000,0,0,0.000,1.000,19.607,-81.033,574.029,95.160,0,0,0,99.565078
267,37.9469,before-pick,-100.835,583.688,100.383,0.000,-105.332,193.325,-111.879,573.243,15.471,-95.404,567.340,15.471,0.0000,0.0000,-123.632,582.953,95.160,-81.033,574.029,95.160,0.7792,0.0000,0.0000,0,-100.000,550.000,0.0000,0.0000,0,0,-81.033,574.029,95.160,0.000,0,-1.000000,1.000,28.924,-1.000000,0.0000,0.0000,0,0,0.000,1.000,19.607,-81.033,574.029,95.160,0,0,0,99.562988
268,38.0752,before-pick,-100.835,583.688,100.383,0.000,-105.332,193.325,-111.879,573.243,15.471,-95.404,567.340,15.471,0.0000,0.0000,-123.657,582.806,95.180,-81.070,573.884,95.180,0.7792,0.0000,0.0000,0,-100.000,550.000,0.0000,0.0000,0,0,-81.070,573.884,95.180,0.000,0,-1.000000,1.000,28.924,-1.000000,0.0000,0.0000,0,0,0.000,1.000,19.607,-81.070,573.884,95.180,0,0,0,99.560932
269,38.2051,before-pick,-100.835,583.688,100.383,0.000,-105.332,193.325,-111.879,573.243,15.471,-95.404,567.340,15.471,0.0000,0.0000,-123.670,582.723,95.191,-81.090,573.802,95.191,0.7792,0.0000,0.0000,0,-100.000,550.000,0.0000,0.0000,0,0,-81.090,573.802,95.191,0.000,0,-1.000000,1.000,28.924,-1.000000,0.0000,0.0000,0,0,0.000,1.000,19.607,-81.090,573.802,95.191,0,0,0,99.558858
270,38.3501,before-pick,-100.835,583.688,100.383,0.000,-105.332,193.325,-111.879,573.243,15.471,-95.404,567.340,15.471,0.0000,0.0000,-123.686,582.627,95.205,-81.114,573.708,95.205,0.7792,0.0000,0.0000,0,-100.000,550.000,0.0000,0.0000,0,0,-81.114,573.708,95.205,0.000,0,-1.000000,1.000,28.924,-1.000000,0.0000,0.0000,0,0,0.000,1.000,19.607,-81.114,573.708,95.205,0,0,0,99.556535
271,38.4945,before-pick,-100.835,583.688,100.383,0.000,-105.332,193.325,-111.879,573.243,15.471,-95.404,567.340,15.471,0.0000,0.0000,-123.703,582.523,95.219,-81.140,573.606,95.220,0.7792,0.0000,0.0000,0,-100.000,550.000,0.0000,0.0000,0,0,-81.140,573.606,95.220,0.000,0,-1.000000,1.000,28.924,-1.000000,0.0000,0.0000,0,0,0.000,1.000,19.607,-81.140,573.606,95.220,0,0,0,99.554227
272,38.6407,gather,-100.835,583.688,100.383,0.000,-105.332,193.325,-111.879,573.243,15.471,-95.404,567.340,15.471,0.0000,0.0000,-123.718,582.437,95.232,-81.162,573.521,95.232,0.7792,0.0000,0.0000,0,-100.000,550.000,0.0000,0.0000,0,0,-81.162,573.521,95.232,0.000,0,-1.000000,1.000,28.924,-1.000000,0.0000,0.0000,0,0,0.000,1.000,19.607,-81.162,573.521,95.232,0,0,0,99.551884
273,38.7876,gather,-100.835,583.688,100.383,0.000,-105.332,193.325,-111.884,573.263,15.318,-95.397,567.396,15.321,0.0000,0.0000,-123.294,584.499,92.213,-81.203,574.400,92.260,0.7792,1.0000,0.1466,1,-100.000,550.000,0.0000,0.0000,0,0,-81.203,574.400,92.260,0.000,0,-1.000000,1.000,28.924,-1.000000,0.0000,0.0000,0,0,0.000,1.000,19.607,-81.203,574.400,92.260,0,0,0,99.549539
274,38.9351,gather,-100.835,583.688,100.383,0.000,-105.332,193.325,-111.850,573.339,15.422,-95.396,567.425,15.394,0.0000,0.0000,-122.514,588.224,86.892,-84.567,566.399,88.633,0.7792,1.0000,0.2944,1,-100.000,550.000,0.0000,0.0000,0,0,-84.567,566.399,88.633,0.000,0,-1.000000,1.000,28.924,-1.000000,0.0000,0.0000,0,0,0.000,1.000,19.607,-84.567,566.399,88.633,0,0,0,99.547174
275,39.0816,gather,-100.835,583.688,100.383,0.000,-105.332,193.325,-111.887,573.227,15.580,-95.408,567.316,15.582,0.0000,0.0000,-121.918,591.069,83.164,-90.774,551.091,93.955,0.7792,1.0000,0.4406,1,-100.000,550.000,0.0000,0.0000,0,0,-90.774,551.091,93.955,0.000,0,-1.000000,1.000,28.924,-1.000000,0.0000,0.0000,0,0,0.000,1.000,19.607,-90.774,551.091,93.955,0,0,0,99.544834
276,39.2264,gather,-100.835,583.688,100.383,0.000,-105.332,193.325,-111.894,573.221,15.490,-95.406,567.274,15.498,0.0000,0.0000,-121.835,591.462,82.602,-91.448,550.447,96.357,0.7792,1.0000,0.5857,1,-100.000,550.000,0.0000,0.0000,0,0,-91.448,550.447,96.357,0.000,0,-1.000000,1.000,28.924,-1.000000,0.0000,0.0000,0,0,0.000,1.000,19.607,-91.448,550.447,96.357,0,0,0,99.542513
277,39.3601,gather,-100.835,583.688,100.383,0.000,-105.332,193.325,-111.921,573.119,15.509,-95.402,567.273,15.498,0.0000,0.0000,-121.835,591.462,82.602,-91.062,552.500,97.898,0.7792,1.0000,0.7192,1,-100.000,550.000,0.0000,0.0000,0,0,-91.062,552.500,97.898,0.000,0,-1.000000,1.000,28.924,-1.000000,0.0000,0.0000,0,0,0.000,1.000,19.607,-91.062,552.500,97.898,0,0,0,99.540377
278,39.5037,gather,-100.835,583.688,100.383,0.000,-105.332,193.325,-111.852,573.301,15.471,-95.399,567.272,15.498,0.0000,0.0000,-121.835,591.462,82.602,-91.403,550.549,96.293,0.7792,1.0000,0.8629,1,-100.000,550.000,0.0000,0.0000,0,0,-91.403,550.549,96.293,0.000,0,-1.000000,1.000,28.924,-1.000000,0.0000,0.0000,0,0,0.000,1.000,19.607,-91.403,550.549,96.293,0,0,0,99.538078
279,39.6502,gather,-100.835,583.688,100.383,0.000,-105.332,193.325,-111.914,573.164,15.523,-95.404,567.326,15.541,0.0000,0.0000,-122.059,590.395,84.003,-89.016,555.073,91.532,0.7792,1.0000,1.0092,1,-100.000,550.000,0.0000,0.0000,0,0,-89.016,555.073,91.532,0.000,0,-1.000000,1.000,28.924,-1.000000,0.0000,0.0000,0,0,0.000,1.000,19.607,-89.016,555.073,91.532,0,0,0,99.535737
280,39.7946,gather,-100.835,583.688,100.383,0.000,-105.332,193.325,-111.871,573.238,15.338,-95.402,567.299,15.353,0.0000,0.0000,-122.500,588.287,86.726,-84.688,566.081,88.584,0.7792,1.0000,1.1538,1,-100.000,550.000,0.0000,0.0000,0,0,-84.688,566.081,88.584,0.000,0,-1.000000,1.000,28.924,-1.000000,0.0000,0.0000,0,0,0.000,1.000,19.607,-84.688,566.081,88.584,0,0,0,99.533423
281,39.9249,gather,-100.835,583.688,100.383,0.000,-105.332,193.325,-111.863,573.276,15.464,-95.404,567.200,15.485,0.0000,0.0000,-122.982,585.989,90.063,-82.025,572.834,90.319,0.7792,1.0000,1.2840,1,-100.000,550.000,0.0000,0.0000,0,0,-82.025,572.834,90.319,0.000,0,-1.000000,1.000,28.924,-1.000000,0.0000,0.0000,0,0,0.000,1.000,19.607,-82.025,572.834,90.319,0,0,0,99.531340
282,40.0692,gather,-100.835,583.688,100.383,0.000,-105.332,193.325,-111.826,573.313,15.647,-95.436,567.379,15.656,0.0000,0.0000,-123.451,583.751,93.558,-81.055,574.375,93.572,0.7792,1.0000,1.4285,1,-100.000,550.000,0.0000,0.0000,0,0,-81.055,574.375,93.572,0.000,0,-1.000000,1.000,28.924,-1.000000,0.0000,0.0000,0,0,0.000,1.000,19.607,-81.055,574.375,93.572,0,0,0,99.529028
283,40.2160,gather,-100.835,583.688,100.383,0.000,-105.332,193.325,-111.881,573.239,15.479,-95.405,567.342,15.479,0.0000,0.0000,-123.656,582.806,95.180,-81.070,573.884,95.180,0.7792,0.0840,1.5750,1,-100.000,550.000,0.0000,0.0000,0,0,-81.070,573.884,95.180,0.000,0,-1.000000,1.000,28.924,-1.000000,0.0000,0.0000,0,0,0.000,1.000,19.607,-81.070,573.884,95.180,0,0,0,99.526683
284,40.3461,gather,-100.835,583.688,100.383,0.000,-105.332,193.325,-111.879,573.243,15.471,-95.404,567.340,15.471,0.0000,0.0000,-123.650,582.840,95.167,-81.062,573.918,95.167,0.7792,0.0000,1.6000,1,-100.000,550.000,0.0000,0.0000,0,0,-81.062,573.918,95.167,0.000,0,-1.000000,1.000,28.924,-1.000000,0.0000,0.0000,0,0,0.000,1.000,19.607,-81.062,573.918,95.167,0,0,0,99.524599
285,40.4787,gather,-100.835,583.688,100.383,0.000,-105.332,193.325,-111.879,573.243,15.471,-95.404,567.340,15.471,0.0000,0.0000,-123.635,582.935,95.162,-81.037,574.012,95.162,0.7792,0.0000,1.6000,1,-100.000,550.000,0.0000,0.0000,0,0,-81.037,574.012,95.162,0.000,0,-1.000000,1.000,28.924,-1.000000,0.0000,0.0000,0,0,0.000,1.000,19.607,-81.037,574.012,95.162,0,0,0,99.522481
286,40.6100,gather,-100.835,583.688,100.383,0.000,-105.332,193.325,-111.879,573.243,15.471,-95.404,567.340,15.471,0.0000,0.0000,-123.635,582.935,95.162,-81.037,574.012,95.162,0.7792,0.0000,1.6000,1,-100.000,550.000,0.0000,0.0000,0,0,-81.037,574.012,95.162,0.000,0,-1.000000,1.000,28.924,-1.000000,0.0000,0.0000,0,0,0.000,1.000,19.607,-81.037,574.012,95.162,0,0,0,99.520375
287,40.7408,gather,-100.835,583.688,100.383,0.000,-105.332,193.325,-111.879,573.243,15.471,-95.404,567.340,15.471,0.0000,0.0000,-123.632,582.953,95.160,-81.033,574.029,95.160,0.7792,0.0000,1.6000,1,-100.000,550.000,0.0000,0.0000,0,0,-81.033,574.029,95.160,0.000,0,-1.000000,1.000,28.924,-1.000000,0.0000,0.0000,0,0,0.000,1.000,19.607,-81.033,574.029,95.160,0,0,0,99.518287
288,40.8896,gather,-100.835,583.688,100.383,0.000,-105.332,193.325,-111.879,573.243,15.471,-95.404,567.340,15.471,0.0000,0.0000,-123.632,582.953,95.160,-81.033,574.029,95.160,0.7792,0.0000,1.6000,1,-100.000,550.000,0.0000,0.0000,0,0,-81.033,574.029,95.160,0.000,0,-1.000000,1.000,28.924,-1.000000,0.0000,0.0000,0,0,0.000,1.000,19.607,-81.033,574.029,95.160,0,0,0,99.515903
289,41.0401,gather,-100.835,583.688,100.383,0.000,-105.332,193.325,-111.879,573.243,15.471,-95.404,567.340,15.471,0.0000,0.0000,-123.653,582.829,95.177,-81.064,573.906,95.177,0.7792,0.0000,1.6000,1,-100.000,550.000,0.0000,0.0000,0,0,-81.064,573.906,95.177,0.000,0,-1.000000,1.000,28.924,-1.000000,0.0000,0.0000,0,0,0.000,1.000,19.607,-81.064,573.906,95.177,0,0,0,99.513500
290,41.1870,gather,-100.835,583.688,100.383,0.000,-105.332,193.325,-111.879,573.243,15.471,-95.404,567.340,15.471,0.0000,0.0000,-123.668,582.735,95.189,-81.087,573.814,95.190,0.7792,0.0000,1.6000,1,-100.000,550.000,0.0000,0.0000,0,0,-81.087,573.814,95.190,0.000,0,-1.000000,1.000,28.924,-1.000000,0.0000,0.0000,0,0,0.000,1.000,19.607,-81.087,573.814,95.190,0,0,0,99.511144
291,41.3443,gather,-100.835,583.688,100.383,0.000,-105.332,193.325,-111.879,573.243,15.471,-95.404,567.340,15.471,0.0000,0.0000,-123.686,582.632,95.204,-81.113,573.713,95.204,0.7792,0.0000,1.6000,1,-100.000,550.000,0.0000,0.0000,0,0,-81.113,573.713,95.204,0.000,0,-1.000000,1.000,28.924,-1.000000,0.0000,0.0000,0,0,0.000,1.000,19.607,-81.113,573.713,95.204,0,0,0,99.508634
292,41.4957,gather,-100.835,583.688,100.383,0.000,-105.332,193.325,-111.879,573.243,15.471,-95.404,567.340,15.471,0.0000,0.0000,-123.704,582.522,95.220,-81.140,573.605,95.220,0.7792,0.0000,1.6000,1,-100.000,550.000,0.0000,0.0000,0,0,-81.140,573.605,95.220,0.000,0,-1.000000,1.000,28.924,-1.000000,0.0000,0.0000,0,0,0.000,1.000,19.607,-81.140,573.605,95.220,0,0,0,99.506204
293,41.6434,after-gather,-100.835,583.688,100.383,0.000,-105.332,193.325,-111.879,573.243,15.471,-95.404,567.340,15.471,0.0000,0.0000,-123.718,582.435,95.232,-81.162,573.519,95.232,0.7792,0.0000,1.6000,1,-100.000,550.000,0.0000,0.0000,0,0,-81.162,573.519,95.232,0.000,0,-1.000000,1.000,28.924,-1.000000,0.0000,0.0000,0,0,0.000,1.000,19.607,-81.162,573.519,95.232,0,0,0,99.503846
294,41.8003,after-gather,-100.835,583.688,100.383,0.000,-105.332,193.325,-111.879,573.243,15.471,-95.404,567.340,15.471,0.0000,0.0000,-123.732,582.353,95.244,-81.183,573.440,95.244,0.7792,0.0000,1.6000,1,-100.000,550.000,0.0000,0.0000,0,0,-81.183,573.440,95.244,0.000,0,-1.000000,1.000,28.924,-1.000000,0.0000,0.0000,0,0,0.000,1.000,19.607,-81.183,573.440,95.244,0,0,0,99.501332
295,41.9535,after-gather,-100.835,583.688,100.383,0.000,-105.332,193.325,-111.879,573.243,15.471,-95.404,567.340,15.471,0.0000,0.0000,-123.732,582.353,95.244,-81.183,573.440,95.244,0.7792,0.0000,1.6000,1,-100.000,550.000,0.0000,0.0000,0,0,-81.183,573.440,95.244,0.000,0,-1.000000,1.000,28.924,-1.000000,0.0000,0.0000,0,0,0.000,1.000,19.607,-81.183,573.440,95.244,0,0,0,99.498887
296,42.1106,after-gather,-100.835,583.688,100.383,0.000,-105.332,193.325,-111.879,573.243,15.471,-95.404,567.340,15.471,0.0000,0.0000,-123.743,582.283,95.255,-81.200,573.371,95.255,0.7792,0.0000,1.6000,1,-100.000,550.000,0.0000,0.0000,0,0,-81.200,573.371,95.255,0.000,0,-1.000000,1.000,28.924,-1.000000,0.0000,0.0000,0,0,0.000,1.000,19.607,-81.200,573.371,95.255,0,0,0,99.496365
297,42.2607,after-gather,-100.835,583.688,100.383,0.000,-105.332,193.325,-111.879,573.243,15.471,-95.404,567.340,15.471,0.0000,0.0000,-123.743,582.283,95.255,-81.200,573.371,95.255,0.7792,0.0000,1.6000,1,-100.000,550.000,0.0000,0.0000,0,0,-81.200,573.371,95.255,0.000,0,-1.000000,1.000,28.924,-1.000000,0.0000,0.0000,0,0,0.000,1.000,19.607,-81.200,573.371,95.255,0,0,0,99.493971
298,42.4084,after-gather,-100.835,583.688,100.383,0.000,-105.332,193.325,-111.879,573.243,15.471,-95.404,567.340,15.471,0.0000,0.0000,-123.731,582.358,95.246,-81.182,573.444,95.247,0.7792,0.0000,1.6000,1,-100.000,550.000,0.0000,0.0000,0,0,-81.182,573.444,95.247,0.000,0,-1.000000,1.000,28.924,-1.000000,0.0000,0.0000,0,0,0.000,1.000,19.607,-81.182,573.444,95.247,0,0,0,99.491602
299,42.5396,after-gather,-100.835,583.688,100.383,0.000,-105.332,193.325,-111.879,573.243,15.471,-95.404,567.340,15.471,0.0000,0.0000,-123.719,582.427,95.241,-81.165,573.511,95.241,0.7792,0.0000,1.6000,1,-100.000,550.000,0.0000,0.0000,0,0,-81.165,573.511,95.241,0.000,0,-1.000000,1.000,28.924,-1.000000,0.0000,0.0000,0,0,0.000,1.000,19.607,-81.165,573.511,95.241,0,0,0,99.489508
300,42.6777,after-gather,-100.835,583.688,100.383,0.000,-105.332,193.325,-111.879,573.243,15.471,-95.404,567.340,15.471,0.0000,0.0000,-123.708,582.499,95.223,-81.146,573.582,95.223,0.7792,0.0000,1.6000,1,-100.000,550.000,0.0000,0.0000,0,0,-81.146,573.582,95.223,0.000,0,-1.000000,1.000,28.924,-1.000000,0.0000,0.0000,0,0,0.000,1.000,19.607,-81.146,573.582,95.223,0,0,0,99.487294
301,42.8169,after-gather,-100.835,583.688,100.383,0.000,-105.332,193.325,-111.879,573.243,15.471,-95.404,567.340,15.471,0.0000,0.0000,-123.691,582.597,95.209,-81.122,573.678,95.209,0.7792,0.0000,1.6000,1,-100.000,550.000,0.0000,0.0000,0,0,-81.122,573.678,95.209,0.000,0,-1.000000,1.000,28.924,-1.000000,0.0000,0.0000,0,0,0.000,1.000,19.607,-81.122,573.678,95.209,0,0,0,99.485075
302,42.9559,after-gather,-100.835,583.688,100.383,0.000,-105.332,193.325,-111.879,573.243,15.471,-95.404,567.340,15.471,0.0000,0.0000,-123.676,582.688,95.196,-81.099,573.768,95.196,0.7792,0.0000,1.6000,1,-100.000,550.000,0.0000,0.0000,0,0,-81.099,573.768,95.196,0.000,0,-1.000000,1.000,28.924,-1.000000,0.0000,0.0000,0,0,0.000,1.000,19.607,-81.099,573.768,95.196,0,0,0,99.482844
303,43.1096,after-gather,-100.835,583.688,100.383,0.000,-105.332,193.325,-111.879,573.243,15.471,-95.404,567.340,15.471,0.0000,0.0000,-123.658,582.795,95.181,-81.072,573.873,95.181,0.7792,0.0000,1.6000,1,-100.000,550.000,0.0000,0.0000,0,0,-81.072,573.873,95.181,0.000,0,-1.000000,1.000,28.924,-1.000000,0.0000,0.0000,0,0,0.000,1.000,19.607,-81.072,573.873,95.181,0,0,0,99.480387
304,43.2657,after-gather,-100.835,583.688,100.383,0.000,-105.332,193.325,-111.879,573.243,15.471,-95.404,567.340,15.471,0.0000,0.0000,-123.652,582.828,95.172,-81.065,573.906,95.172,0.7792,0.0000,1.6000,1,-100.000,550.000,0.0000,0.0000,0,0,-81.065,573.906,95.172,0.000,0,-1.000000,1.000,28.924,-1.000000,0.0000,0.0000,0,0,0.000,1.000,19.607,-81.065,573.906,95.172,0,0,0,99.477886
305,43.4114,after-gather,-100.835,583.688,100.383,0.000,-105.332,193.325,-111.879,573.243,15.471,-95.404,567.340,15.471,0.0000,0.0000,-123.644,582.873,95.163,-81.054,573.950,95.163,0.7792,0.0000,1.6000,1,-100.000,550.000,0.0000,0.0000,0,0,-81.054,573.950,95.163,0.000,0,-1.000000,1.000,28.924,-1.000000,0.0000,0.0000,0,0,0.000,1.000,19.607,-81.054,573.950,95.163,0,0,0,99.475559
306,43.5441,after-gather,-100.835,583.688,100.383,0.000,-105.332,193.325,-111.879,573.243,15.471,-95.404,567.340,15.471,0.0000,0.0000,-123.635,582.935,95.162,-81.037,574.012,95.162,0.7792,0.0000,1.6000,1,-100.000,550.000,0.0000,0.0000,0,0,-81.037,574.012,95.162,0.000,0,-1.000000,1.000,28.924,-1.000000,0.0000,0.0000,0,0,0.000,1.000,19.607,-81.037,574.012,95.162,0,0,0,99.473431
307,43.6780,walk-to-authored-tree,-100.835,583.688,100.383,0.000,-105.332,193.325,-111.879,573.243,15.471,-95.404,567.340,15.471,0.0000,0.0000,-123.635,582.935,95.162,-81.037,574.012,95.162,0.7792,0.0000,1.6000,1,-100.000,550.000,0.0000,0.0000,0,0,-81.037,574.012,95.162,0.000,0,-1.000000,1.000,28.924,-1.000000,0.0000,0.0000,0,0,0.000,1.000,19.607,-81.037,574.012,95.162,0,0,0,99.471294
308,43.8107,walk-to-authored-tree,-100.835,583.688,100.383,0.000,-105.332,201.217,-111.879,573.243,15.471,-95.404,567.340,15.471,0.0000,0.0000,-123.632,582.953,95.160,-81.033,574.029,95.160,0.7792,0.0000,1.6000,1,-100.000,550.000,0.0000,0.0000,0,0,-81.033,574.029,95.160,0.000,0,-1.000000,1.000,28.924,-1.000000,0.0000,0.0000,0,0,0.000,1.000,19.607,-81.033,574.029,95.160,0,0,0,99.469167
309,43.9473,walk-to-authored-tree,-100.835,583.688,100.383,0.000,-105.332,209.317,-111.879,573.243,15.471,-95.404,567.340,15.471,0.0000,0.0000,-123.632,582.953,95.160,-81.033,574.029,95.160,0.7792,0.0000,1.6000,1,-100.000,550.000,0.0000,0.0000,0,0,-81.033,574.029,95.160,0.000,0,-1.000000,1.000,28.924,-1.000000,0.0000,0.0000,0,0,0.000,1.000,19.607,-81.033,574.029,95.160,0,0,0,99.466985
310,44.1013,walk-to-authored-tree,-100.835,583.688,100.383,0.000,-105.332,218.479,-111.879,573.243,15.471,-95.404,567.340,15.471,0.0000,0.0000,-123.659,582.789,95.182,-81.074,573.867,95.182,0.7792,0.0000,1.6000,1,-100.000,550.000,0.0000,0.0000,0,0,-81.074,573.867,95.182,0.000,0,-1.000000,1.000,28.924,-1.000000,0.0000,0.0000,0,0,0.000,1.000,19.607,-81.074,573.867,95.182,0,0,0,99.464516
311,44.2508,walk-to-authored-tree,-100.835,583.688,100.383,0.000,-105.332,225.625,-111.879,573.243,15.471,-95.404,567.340,15.471,0.0000,0.0000,-123.675,582.697,95.195,-81.097,573.777,95.195,0.7792,0.0000,1.6000,1,-100.000,550.000,0.0000,0.0000,0,0,-81.097,573.777,95.195,0.000,0,-1.000000,1.000,28.924,-1.000000,0.0000,0.0000,0,0,0.000,1.000,19.607,-81.097,573.777,95.195,0,0,0,99.462133
312,44.4056,walk-to-authored-tree,-105.515,578.905,100.156,67.876,-134.375,230.142,-131.185,562.624,18.243,-100.865,571.079,15.031,0.7757,0.5656,-129.899,583.011,92.781,-87.403,565.694,91.551,0.8669,0.0000,1.6000,1,-100.000,550.000,0.0000,0.0000,0,0,-87.403,565.694,91.551,0.000,0,-1.000000,1.000,28.924,-1.000000,0.0000,0.0000,0,0,0.000,1.000,19.607,-87.403,565.694,91.551,0,0,0,99.459650
313,44.5444,walk-to-authored-tree,-114.890,568.149,99.670,112.500,-129.858,232.559,-147.760,538.123,14.784,-98.482,575.787,14.739,1.0000,0.9375,-135.971,576.146,88.526,-100.566,550.872,88.471,0.9966,0.0000,1.6000,1,-100.000,550.000,0.0000,0.0000,0,0,-100.566,550.872,88.471,0.000,0,-1.000000,1.000,28.924,-1.000000,0.0000,0.0000,0,0,0.000,1.000,19.607,-100.566,550.872,88.471,0,0,0,99.457437
314,44.6811,walk-to-authored-tree,-124.484,556.049,99.131,112.500,-127.441,234.149,-147.682,537.132,14.214,-113.475,556.909,18.468,1.0000,0.9375,-141.208,571.593,89.310,-115.412,532.418,90.786,0.1253,0.0000,1.6000,1,-100.000,550.000,0.0000,0.0000,0,0,-115.412,532.418,90.786,0.000,0,-1.000000,1.000,28.924,-1.000000,0.0000,0.0000,0,0,0.000,1.000,19.607,-115.412,532.418,90.786,0,0,0,99.455241
315,44.8188,walk-to-authored-tree,-133.687,543.618,98.574,112.500,-125.851,235.229,-148.117,537.087,13.673,-134.102,526.789,22.146,1.0000,0.9375,-149.024,561.974,90.565,-126.098,517.757,92.480,0.2542,0.0000,1.6000,1,-100.000,550.000,0.0000,0.0000,0,0,-126.098,517.757,92.480,0.000,0,-1.000000,1.000,28.924,-1.000000,0.0000,0.0000,0,0,0.000,1.000,19.607,-126.098,517.757,92.480,0,0,0,99.453041
316,44.9584,walk-to-authored-tree,-142.756,530.768,97.981,112.500,-124.771,235.987,-149.026,537.516,13.139,-154.001,495.961,16.838,1.0000,0.9375,-160.617,545.027,88.014,-132.358,508.136,89.400,0.3853,0.0000,1.6000,1,-100.000,550.000,0.0000,0.0000,0,0,-132.358,508.136,89.400,0.000,0,-1.000000,1.000,28.924,-1.000000,0.0000,0.0000,0,0,0.000,1.000,19.607,-132.358,508.136,89.400,0,0,0,99.450804
317,45.1106,walk-to-authored-tree,-152.393,516.643,97.316,112.500,-124.013,236.566,-151.810,534.548,12.587,-165.323,477.490,12.282,1.0000,0.9375,-174.919,520.611,86.399,-135.162,502.443,85.999,0.5278,0.0000,1.6000,1,-100.000,550.000,0.0000,0.0000,0,0,-135.162,502.443,85.999,0.000,0,-1.000000,1.000,28.924,-1.000000,0.0000,0.0000,0,0,0.000,1.000,19.607,-135.162,502.443,85.999,0,0,0,99.448372
318,45.2704,walk-to-authored-tree,-162.357,501.667,96.596,112.500,-123.434,236.994,-170.318,504.993,18.191,-165.894,477.908,11.360,1.0000,0.9375,-188.243,497.403,89.399,-139.583,495.468,87.530,0.6777,0.0000,1.6000,1,-100.000,550.000,0.0000,0.0000,0,0,-139.583,495.468,87.530,0.000,0,-1.000000,1.000,28.924,-1.000000,0.0000,0.0000,0,0,0.000,1.000,19.607,-139.583,495.468,87.530,0,0,0,99.445814
319,45.4300,walk-to-authored-tree,-172.155,486.669,95.869,112.500,-123.006,237.306,-192.922,467.298,17.326,-166.678,478.454,10.675,1.0000,0.9375,-197.941,482.331,88.624,-149.403,480.510,86.778,0.8269,0.0000,1.6000,1,-100.000,550.000,0.0000,0.0000,0,0,-149.403,480.510,86.778,0.000,0,-1.000000,1.000,28.924,-1.000000,0.0000,0.0000,0,0,0.000,1.000,19.607,-149.403,480.510,86.778,0,0,0,99.443266
320,45.5665,walk-to-authored-tree,-180.491,473.740,95.241,112.500,-122.694,237.516,-208.708,440.971,10.860,-167.572,479.012,10.128,1.0000,0.9375,-203.670,476.005,84.556,-162.214,461.108,83.916,0.9551,0.0000,1.6000,1,-100.000,550.000,0.0000,0.0000,0,0,-162.214,461.108,83.916,0.000,0,-1.000000,1.000,28.924,-1.000000,0.0000,0.0000,0,0,0.000,1.000,19.607,-162.214,461.108,83.916,0,0,0,99.441078
321,45.7011,walk-to-authored-tree,-188.621,461.015,94.625,112.500,-122.484,237.694,-212.629,435.435,9.774,-175.125,467.357,11.809,1.0000,0.9375,-207.760,472.393,83.979,-175.888,440.372,85.018,0.0810,0.0000,1.6000,1,-100.000,550.000,0.0000,0.0000,0,0,-175.888,440.372,85.018,0.000,0,-1.000000,1.000,28.924,-1.000000,0.0000,0.0000,0,0,0.000,1.000,19.607,-175.888,440.372,85.018,0,0,0,99.438930
322,45.8365,walk-to-authored-tree,-196.811,448.098,94.005,112.500,-122.306,237.855,-213.479,435.914,9.072,-192.295,438.403,16.978,1.0000,0.9375,-213.518,465.068,85.731,-187.446,423.079,87.603,0.2084,0.0000,1.6000,1,-100.000,550.000,0.0000,0.0000,0,0,-187.446,423.079,87.603,0.000,0,-1.000000,1.000,28.924,-1.000000,0.0000,0.0000,0,0,0.000,1.000,19.607,-187.446,423.079,87.603,0,0,0,99.436755
323,45.9712,walk-to-authored-tree,-204.878,435.293,93.398,112.500,-122.145,238.004,-214.232,436.330,8.495,-210.842,406.327,14.811,1.0000,0.9375,-222.167,450.989,84.456,-194.746,411.168,86.197,0.3346,0.0000,1.6000,1,-100.000,550.000,0.0000,0.0000,0,0,-194.746,411.168,86.197,0.000,0,-1.000000,1.000,28.924,-1.000000,0.0000,0.0000,0,0,0.000,1.000,19.607,-194.746,411.168,86.197,0,0,0,99.434603
324,46.1071,walk-to-authored-tree,-212.995,422.331,92.799,112.500,-121.996,238.147,-215.115,436.808,7.724,-225.819,380.772,8.220,1.0000,0.9375,-233.711,430.551,81.454,-198.443,404.415,81.988,0.4620,0.0000,1.6000,1,-100.000,550.000,0.0000,0.0000,0,0,-198.443,404.415,81.988,0.000,0,-1.000000,1.000,28.924,-1.000000,0.0000,0.0000,0,0,0.000,1.000,19.607,-198.443,404.415,81.988,0,0,0,99.432428
325,46.2430,walk-to-authored-tree,-221.074,409.355,92.209,112.500,-121.853,238.286,-223.316,423.203,9.592,-228.970,376.183,7.177,1.0000,0.9375,-245.322,408.406,82.729,-200.682,399.794,81.567,0.5894,0.0000,1.6000,1,-100.000,550.000,0.0000,0.0000,0,0,-200.682,399.794,81.567,0.000,0,-1.000000,1.000,28.924,-1.000000,0.0000,0.0000,0,0,0.000,1.000,19.607,-200.682,399.794,81.567,0,0,0,99.430254
326,46.3783,walk-to-authored-tree,-229.088,396.414,91.642,112.500,-121.714,238.423,-240.384,393.679,14.967,-229.829,376.601,6.855,1.0000,0.9375,-255.215,390.573,85.561,-205.677,391.824,83.564,0.7162,0.0000,1.6000,1,-100.000,550.000,0.0000,0.0000,0,0,-205.677,391.824,83.564,0.000,0,-1.000000,1.000,28.924,-1.000000,0.0000,0.0000,0,0,0.000,1.000,19.607,-205.677,391.824,83.564,0,0,0,99.428089
327,46.5395,walk-to-authored-tree,-238.589,380.985,90.991,112.500,-121.577,238.585,-261.910,355.773,11.001,-230.785,377.283,6.342,1.0000,0.9375,-263.862,377.649,83.163,-216.823,373.952,81.609,0.8672,0.0000,1.6000,1,-100.000,550.000,0.0000,0.0000,0,0,-216.823,373.952,81.609,0.000,0,-1.000000,1.000,28.924,-1.000000,0.0000,0.0000,0,0,0.000,1.000,19.607,-216.823,373.952,81.609,0,0,0,99.425512
328,46.6979,walk-to-authored-tree,-247.895,365.780,90.378,112.500,-121.415,238.744,-275.166,332.938,5.440,-232.712,376.018,5.517,1.0000,0.9375,-269.327,372.121,79.103,-232.115,349.466,79.333,0.0158,0.0000,1.6000,1,-100.000,550.000,0.0000,0.0000,0,0,-232.115,349.466,79.333,0.000,0,-1.000000,1.000,28.924,-1.000000,0.0000,0.0000,0,0,0.000,1.000,19.607,-232.115,349.466,79.333,0,0,0,99.422976
329,46.8508,walk-to-authored-tree,-256.824,351.099,89.820,112.500,-121.256,238.900,-276.033,333.313,4.924,-248.270,348.807,10.919,1.0000,0.9375,-274.441,366.316,80.748,-246.183,327.345,82.445,0.1590,0.0000,1.6000,1,-100.000,550.000,0.0000,0.0000,0,0,-246.183,327.345,82.445,0.000,0,-1.000000,1.000,28.924,-1.000000,0.0000,0.0000,0,0,0.000,1.000,19.607,-246.183,327.345,82.445,0,0,0,99.420533
330,47.0010,walk-to-authored-tree,-265.600,336.583,89.302,112.500,-121.100,239.055,-276.918,333.809,4.265,-268.452,312.549,11.975,1.0000,0.9375,-282.706,353.077,80.828,-255.640,311.892,82.676,0.3003,0.0000,1.6000,1,-100.000,550.000,0.0000,0.0000,0,0,-255.640,311.892,82.676,0.000,0,-1.000000,1.000,28.924,-1.000000,0.0000,0.0000,0,0,0.000,1.000,19.607,-255.640,311.892,82.676,0,0,0,99.418120
331,47.1338,walk-to-authored-tree,-273.277,323.809,88.872,112.500,-120.945,239.194,-277.476,334.149,4.024,-283.825,284.258,5.810,1.0000,0.9375,-292.810,334.199,78.167,-259.688,303.778,79.163,0.4245,0.0000,1.6000,1,-100.000,550.000,0.0000,0.0000,0,0,-259.688,303.778,79.163,0.000,0,-1.000000,1.000,28.924,-1.000000,0.0000,0.0000,0,0,0.000,1.000,19.607,-259.688,303.778,79.163,0,0,0,99.416001
332,47.2855,walk-to-authored-tree,-282.039,309.143,88.405,112.500,-120.806,239.355,-283.804,325.071,5.101,-290.831,273.598,3.674,1.0000,0.9375,-306.054,309.201,78.610,-262.630,298.680,77.681,0.5669,0.0000,1.6000,1,-100.000,550.000,0.0000,0.0000,0,0,-262.630,298.680,77.681,0.000,0,-1.000000,1.000,28.924,-1.000000,0.0000,0.0000,0,0,0.000,1.000,19.607,-262.630,298.680,77.681,0,0,0,99.413571
333,47.4372,walk-to-authored-tree,-290.739,294.491,87.977,112.500,-120.645,239.518,-301.355,292.716,11.147,-291.484,273.939,3.240,1.0000,0.9375,-316.696,288.291,81.845,-267.313,290.190,79.868,0.7089,0.0000,1.6000,1,-100.000,550.000,0.0000,0.0000,0,0,-267.313,290.190,79.868,0.000,0,-1.000000,1.000,28.924,-1.000000,0.0000,0.0000,0,0,0.000,1.000,19.607,-267.313,290.190,79.868,0,0,0,99.411147
334,47.5876,walk-to-authored-tree,-299.355,279.887,87.585,112.500,-120.482,239.683,-321.187,256.433,8.283,-292.479,274.582,2.710,1.0000,0.9375,-324.879,275.381,80.018,-277.071,274.064,78.352,0.8502,0.0000,1.6000,1,-100.000,550.000,0.0000,0.0000,0,0,-277.071,274.064,78.352,0.000,0,-1.000000,1.000,28.924,-1.000000,0.0000,0.0000,0,0,0.000,1.000,19.607,-277.071,274.064,78.352,0,0,0,99.408736
335,47.7375,walk-to-authored-tree,-307.871,265.355,87.239,112.500,-120.317,239.850,-335.325,230.310,2.419,-293.288,274.979,2.304,1.0000,0.9375,-330.157,269.313,76.149,-290.620,251.113,76.010,0.9906,0.0000,1.6000,1,-100.000,550.000,0.0000,0.0000,0,0,-290.620,251.113,76.010,0.000,0,-1.000000,1.000,28.924,-1.000000,0.0000,0.0000,0,0,0.000,1.000,19.607,-290.620,251.113,76.010,0,0,0,99.406340
336,47.8865,walk-to-authored-tree,-316.319,250.844,86.932,112.500,-120.150,240.020,-336.621,229.682,2.054,-305.809,252.405,6.574,1.0000,0.9375,-334.756,264.383,77.251,-304.458,228.306,78.776,0.1305,0.0000,1.6000,1,-100.000,550.000,0.0000,0.0000,0,0,-304.458,228.306,78.776,0.000,0,-1.000000,1.000,28.924,-1.000000,0.0000,0.0000,0,0,0.000,1.000,19.607,-304.458,228.306,78.776,0,0,0,99.403952
337,48.0363,walk-to-authored-tree,-324.742,236.277,86.643,112.500,-119.980,240.193,-337.515,230.125,1.772,-324.743,216.915,10.120,1.0000,0.9375,-341.985,252.805,78.595,-314.492,211.421,80.510,0.2707,0.0000,1.6000,1,-100.000,550.000,0.0000,0.0000,0,0,-314.492,211.421,80.510,0.000,0,-1.000000,1.000,28.924,-1.000000,0.0000,0.0000,0,0,0.000,1.000,19.607,-314.492,211.421,80.510,0,0,0,99.401559
338,48.1664,walk-to-authored-tree,-332.038,223.576,86.489,112.500,-119.807,240.347,-338.219,230.477,1.491,-340.391,186.958,4.781,1.0000,0.9375,-351.013,235.683,76.203,-319.245,202.179,77.518,0.3928,0.0000,1.6000,1,-100.000,550.000,0.0000,0.0000,0,0,-319.245,202.179,77.518,0.000,0,-1.000000,1.000,28.924,-1.000000,0.0000,0.0000,0,0,0.000,1.000,19.607,-319.245,202.179,77.518,0,0,0,99.399476
339,48.3152,walk-to-authored-tree,-340.327,209.049,86.489,112.500,-119.653,240.525,-341.230,226.806,1.804,-350.039,169.536,1.439,1.0000,0.9375,-363.241,210.970,75.623,-321.910,196.522,75.160,0.5321,0.0000,1.6000,1,-100.000,550.000,0.0000,0.0000,0,0,-321.910,196.522,75.160,0.000,0,-1.000000,1.000,28.924,-1.000000,0.0000,0.0000,0,0,0.000,1.000,19.607,-321.910,196.522,75.160,0,0,0,99.397097
340,48.4659,walk-to-authored-tree,-348.696,194.279,86.206,112.500,-119.475,240.710,-356.548,197.656,7.680,-350.793,169.873,1.025,1.0000,0.9375,-374.174,188.345,78.967,-325.601,189.548,77.118,0.6736,0.0000,1.6000,1,-100.000,550.000,0.0000,0.0000,0,0,-325.601,189.548,77.118,0.000,0,-1.000000,1.000,28.924,-1.000000,0.0000,0.0000,0,0,0.000,1.000,19.607,-325.601,189.548,77.118,0,0,0,99.394683
341,48.6155,walk-to-authored-tree,-356.932,179.635,85.930,112.500,-119.290,240.896,-375.479,160.952,7.955,-351.673,170.320,0.712,1.0000,0.9375,-382.541,173.290,78.965,-333.656,175.345,77.058,0.8136,0.0000,1.6000,1,-100.000,550.000,0.0000,0.0000,0,0,-333.656,175.345,77.058,0.000,0,-1.000000,1.000,28.924,-1.000000,0.0000,0.0000,0,0,0.000,1.000,19.607,-333.656,175.345,77.058,0,0,0,99.392293
342,48.7513,walk-to-authored-tree,-364.396,166.265,85.930,112.500,-119.104,241.070,-390.078,132.651,1.849,-352.530,170.837,0.690,1.0000,0.9375,-388.009,166.065,75.444,-344.794,155.735,74.611,0.9412,0.0000,1.6000,1,-100.000,550.000,0.0000,0.0000,0,0,-344.794,155.735,74.611,0.000,0,-1.000000,1.000,28.924,-1.000000,0.0000,0.0000,0,0,0.000,1.000,19.607,-344.794,155.735,74.611,0,0,0,99.390115
343,48.8856,walk-to-authored-tree,-371.709,153.071,85.930,112.500,-118.930,241.244,-394.890,124.590,0.965,-358.154,161.447,2.380,1.0000,0.9375,-391.989,162.255,74.948,-357.298,134.095,75.853,0.0669,0.0000,1.6000,1,-100.000,550.000,0.0000,0.0000,0,0,-357.298,134.095,75.853,0.000,0,-1.000000,1.000,28.924,-1.000000,0.0000,0.0000,0,0,0.000,1.000,19.607,-357.298,134.095,75.853,0,0,0,99.387970
344,49.0215,walk-to-authored-tree,-379.088,139.661,85.680,112.500,-118.756,241.424,-395.723,124.926,0.640,-372.945,132.498,8.110,1.0000,0.9375,-396.906,155.285,77.117,-368.039,115.514,78.945,0.1945,0.0000,1.6000,1,-100.000,550.000,0.0000,0.0000,0,0,-368.039,115.514,78.945,0.000,0,-1.000000,1.000,28.924,-1.000000,0.0000,0.0000,0,0,0.000,1.000,19.607,-368.039,115.514,78.945,0,0,0,99.385793
345,49.1577,walk-to-authored-tree,-386.422,126.235,85.680,112.500,-118.576,241.608,-396.412,125.297,0.795,-389.674,98.717,7.669,1.0000,0.9375,-404.450,141.210,76.983,-374.988,102.414,78.785,0.3220,0.0000,1.6000,1,-100.000,550.000,0.0000,0.0000,0,0,-374.988,102.414,78.785,0.000,0,-1.000000,1.000,28.924,-1.000000,0.0000,0.0000,0,0,0.000,1.000,19.607,-374.988,102.414,78.785,0,0,0,99.383617
346,49.2913,walk-to-authored-tree,-393.595,113.003,85.680,112.500,-118.392,241.792,-397.244,125.711,0.602,-403.300,71.447,1.486,1.0000,0.9375,-414.281,120.966,74.421,-378.406,95.056,75.143,0.4474,0.0000,1.6000,1,-100.000,550.000,0.0000,0.0000,0,0,-378.406,95.056,75.143,0.000,0,-1.000000,1.000,28.924,-1.000000,0.0000,0.0000,0,0,0.000,1.000,19.607,-378.406,95.056,75.143,0,0,0,99.381477
347,49.4247,walk-to-authored-tree,-400.696,99.805,85.680,112.500,-118.208,241.980,-403.334,115.121,2.516,-407.530,64.450,0.864,1.0000,0.9375,-424.726,98.424,75.957,-380.567,90.551,74.970,0.5723,0.0000,1.6000,1,-100.000,550.000,0.0000,0.0000,0,0,-380.567,90.551,74.970,0.000,0,-1.000000,1.000,28.924,-1.000000,0.0000,0.0000,0,0,0.000,1.000,19.607,-380.567,90.551,74.970,0,0,0,99.379345
348,49.5614,walk-to-authored-tree,-407.948,86.219,85.680,112.500,-118.020,242.176,-417.820,85.316,8.712,-408.134,64.815,1.010,1.0000,0.9375,-433.535,78.984,79.490,-384.416,82.826,77.536,0.7006,0.0000,1.6000,1,-100.000,550.000,0.0000,0.0000,0,0,-384.416,82.826,77.536,0.000,0,-1.000000,1.000,28.924,-1.000000,0.0000,0.0000,0,0,0.000,1.000,19.607,-384.416,82.826,77.536,0,0,0,99.377155
349,49.7095,walk-to-authored-tree,-415.722,71.532,85.680,112.500,-117.824,242.393,-435.539,48.615,6.733,-408.991,65.244,0.651,1.0000,0.9375,-440.962,65.327,78.280,-392.794,67.088,76.516,0.8391,0.0000,1.6000,1,-100.000,550.000,0.0000,0.0000,0,0,-392.794,67.088,76.516,0.000,0,-1.000000,1.000,28.924,-1.000000,0.0000,0.0000,0,0,0.000,1.000,19.607,-392.794,67.088,76.516,0,0,0,99.374792
350,49.8637,walk-to-authored-tree,-423.794,56.146,85.680,112.500,-117.607,242.625,-449.578,19.858,0.933,-410.015,65.738,0.767,1.0000,0.9375,-446.403,58.559,74.655,-405.626,43.215,74.424,0.9839,0.0000,1.6000,1,-100.000,550.000,0.0000,0.0000,0,0,-405.626,43.215,74.424,0.000,0,-1.000000,1.000,28.924,-1.000000,0.0000,0.0000,0,0,0.000,1.000,19.607,-405.626,43.215,74.424,0,0,0,99.372320
351,50.0133,walk-to-authored-tree,-431.550,41.216,85.690,112.500,-117.375,242.856,-451.149,18.405,0.764,-420.799,44.149,4.959,1.0000,0.9375,-450.759,53.540,75.837,-418.458,19.593,77.302,0.1241,0.0000,1.6000,1,-100.000,550.000,0.0000,0.0000,0,0,-418.458,19.593,77.302,0.000,0,-1.000000,1.000,28.924,-1.000000,0.0000,0.0000,0,0,0.000,1.000,19.607,-418.458,19.593,77.302,0,0,0,99.369928
352,50.1466,walk-to-authored-tree,-438.421,27.863,85.726,112.500,-117.144,243.068,-451.945,18.662,0.826,-435.930,11.966,9.320,1.0000,0.9375,-456.341,43.719,77.724,-427.015,3.433,79.639,0.2493,0.0000,1.6000,1,-100.000,550.000,0.0000,0.0000,0,0,-427.015,3.433,79.639,0.000,0,-1.000000,1.000,28.924,-1.000000,0.0000,0.0000,0,0,0.000,1.000,19.607,-427.015,3.433,79.639,0,0,0,99.367792
353,50.2817,walk-to-authored-tree,-445.310,14.352,85.762,112.500,-116.932,243.287,-452.895,19.165,0.851,-451.235,-20.537,5.058,1.0000,0.9375,-464.801,26.559,75.926,-432.219,-7.089,77.396,0.3756,0.0000,1.6000,1,-100.000,550.000,0.0000,0.0000,0,0,-432.219,-7.089,77.396,0.000,0,-1.000000,1.000,28.924,-1.000000,0.0000,0.0000,0,0,0.000,1.000,19.607,-432.219,-7.089,77.396,0,0,0,99.365635
354,50.4172,walk-to-authored-tree,-452.198,0.714,85.811,112.500,-116.713,243.512,-453.463,19.002,0.914,-461.029,-42.573,0.842,1.0000,0.9375,-474.275,3.653,74.658,-434.126,-13.071,74.620,0.5030,0.0000,1.6000,1,-100.000,550.000,0.0000,0.0000,0,0,-434.126,-13.071,74.620,0.000,0,-1.000000,1.000,28.924,-1.000000,0.0000,0.0000,0,0,0.000,1.000,19.607,-434.126,-13.071,74.620,0,0,0,99.363462
355,50.5527,walk-to-authored-tree,-459.010,-12.904,85.861,112.500,-116.488,243.743,-464.483,-3.848,5.348,-461.925,-42.298,0.896,1.0000,0.9375,-483.718,-18.429,77.639,-436.654,-18.258,76.065,0.6298,0.0000,1.6000,1,-100.000,550.000,0.0000,0.0000,0,0,-436.654,-18.258,76.065,0.000,0,-1.000000,1.000,28.924,-1.000000,0.0000,0.0000,0,0,0.000,1.000,19.607,-436.654,-18.258,76.065,0,0,0,99.361296
356,50.6895,walk-to-authored-tree,-465.847,-26.709,85.915,112.500,-116.257,243.982,-479.702,-37.342,9.473,-462.758,-41.740,1.018,1.0000,0.9375,-491.376,-35.202,79.912,-442.019,-28.813,77.887,0.7582,0.0000,1.6000,1,-100.000,550.000,0.0000,0.0000,0,0,-442.019,-28.813,77.887,0.000,0,-1.000000,1.000,28.924,-1.000000,0.0000,0.0000,0,0,0.000,1.000,19.607,-442.019,-28.813,77.887,0,0,0,99.359105
357,50.8252,walk-to-authored-tree,-472.551,-40.388,85.953,112.500,-116.018,244.225,-494.184,-70.042,4.528,-463.530,-41.376,0.788,1.0000,0.9375,-497.044,-45.287,77.084,-450.588,-46.237,75.679,0.8852,0.0000,1.6000,1,-100.000,550.000,0.0000,0.0000,0,0,-450.588,-46.237,75.679,0.000,0,-1.000000,1.000,28.924,-1.000000,0.0000,0.0000,0,0,0.000,1.000,19.607,-450.588,-46.237,75.679,0,0,0,99.356939
358,50.9596,walk-to-authored-tree,-479.162,-54.021,86.006,112.500,-115.775,244.473,-503.256,-89.877,1.050,-465.028,-42.317,1.128,1.0000,0.9375,-501.216,-50.183,74.755,-461.670,-68.384,74.920,0.0114,0.0000,1.6000,1,-100.000,550.000,0.0000,0.0000,0,0,-461.670,-68.384,74.920,0.000,0,-1.000000,1.000,28.924,-1.000000,0.0000,0.0000,0,0,0.000,1.000,19.607,-461.670,-68.384,74.920,0,0,0,99.354784
359,51.0960,walk-to-authored-tree,-485.791,-67.843,86.039,112.500,-115.527,244.731,-503.940,-89.595,1.201,-475.924,-66.601,6.175,1.0000,0.9375,-505.137,-55.405,76.595,-472.379,-89.706,78.187,0.1392,0.0000,1.6000,1,-100.000,550.000,0.0000,0.0000,0,0,-472.379,-89.706,78.187,0.000,0,-1.000000,1.000,28.924,-1.000000,0.0000,0.0000,0,0,0.000,1.000,19.607,-472.379,-89.706,78.187,0,0,0,99.352604
360,51.2361,walk-to-authored-tree,-492.552,-82.105,86.081,112.500,-115.269,245.004,-504.777,-89.286,1.209,-490.962,-101.400,9.558,1.0000,0.9375,-511.095,-67.049,78.033,-480.295,-106.035,79.947,0.2707,0.0000,1.6000,1,-100.000,550.000,0.0000,0.0000,0,0,-480.295,-106.035,79.947,0.000,0,-1.000000,1.000,28.924,-1.000000,0.0000,0.0000,0,0,0.000,1.000,19.607,-480.295,-106.035,79.947,0,0,0,99.350359
361,51.3891,walk-to-authored-tree,-499.840,-97.669,86.113,112.500,-114.996,245.311,-505.489,-89.008,1.123,-505.775,-137.111,3.370,1.0000,0.9375,-520.055,-88.650,75.450,-484.512,-116.815,76.556,0.4139,0.0000,1.6000,1,-100.000,550.000,0.0000,0.0000,0,0,-484.512,-116.815,76.556,0.000,0,-1.000000,1.000,28.924,-1.000000,0.0000,0.0000,0,0,0.000,1.000,19.607,-484.512,-116.815,76.556,0,0,0,99.347915
362,51.5421,walk-to-authored-tree,-507.068,-113.317,86.130,112.500,-114.689,245.630,-510.166,-97.000,2.264,-512.396,-150.677,1.166,1.0000,0.9375,-530.714,-115.111,75.857,-486.905,-122.307,75.062,0.5576,0.0000,1.6000,1,-100.000,550.000,0.0000,0.0000,0,0,-486.905,-122.307,75.062,0.000,0,-1.000000,1.000,28.924,-1.000000,0.0000,0.0000,0,0,0.000,1.000,19.607,-486.905,-122.307,75.062,0,0,0,99.345463
363,51.6991,walk-to-authored-tree,-514.375,-129.368,86.147,112.500,-114.370,245.969,-524.436,-131.556,9.239,-513.043,-150.335,1.443,1.0000,0.9375,-539.473,-138.289,79.984,-490.649,-131.174,78.019,0.7045,0.0000,1.6000,1,-100.000,550.000,0.0000,0.0000,0,0,-490.649,-131.174,78.019,0.000,0,-1.000000,1.000,28.924,-1.000000,0.0000,0.0000,0,0,0.000,1.000,19.607,-490.649,-131.174,78.019,0,0,0,99.342955
364,51.8541,walk-to-authored-tree,-521.518,-145.301,86.150,112.500,-114.031,246.317,-540.569,-171.037,6.856,-514.097,-149.818,1.273,1.0000,0.9375,-546.376,-152.654,78.586,-498.718,-148.575,76.919,0.8500,0.0000,1.6000,1,-100.000,550.000,0.0000,0.0000,0,0,-498.718,-148.575,76.919,0.000,0,-1.000000,1.000,28.924,-1.000000,0.0000,0.0000,0,0,0.000,1.000,19.607,-498.718,-148.575,76.919,0,0,0,99.340472
365,52.0097,walk-to-authored-tree,-528.563,-161.275,86.139,112.500,-113.683,246.680,-551.770,-199.267,1.265,-514.978,-149.489,1.206,1.0000,0.9375,-551.058,-159.549,75.004,-509.954,-173.796,74.934,0.9955,0.0000,1.6000,1,-100.000,550.000,0.0000,0.0000,0,0,-509.954,-173.796,74.934,0.000,0,-1.000000,1.000,28.924,-1.000000,0.0000,0.0000,0,0,0.000,1.000,19.607,-509.954,-173.796,74.934,0,0,0,99.337989
366,52.1436,walk-to-authored-tree,-534.577,-175.137,86.117,112.500,-113.320,247.006,-552.639,-199.574,1.174,-523.948,-171.077,5.237,1.0000,0.9375,-554.659,-164.334,76.192,-519.934,-195.643,77.631,0.1214,0.0000,1.6000,1,-100.000,550.000,0.0000,0.0000,0,0,-519.934,-195.643,77.631,0.000,0,-1.000000,1.000,28.924,-1.000000,0.0000,0.0000,0,0,0.000,1.000,19.607,-519.934,-195.643,77.631,0,0,0,99.335840
367,52.2794,walk-to-authored-tree,-540.570,-189.171,86.081,112.500,-112.994,247.348,-553.416,-199.397,1.181,-536.895,-204.732,9.670,1.0000,0.9375,-559.593,-174.660,78.078,-527.424,-212.709,79.992,0.2486,0.0000,1.6000,1,-100.000,550.000,0.0000,0.0000,0,0,-527.424,-212.709,79.992,0.000,0,-1.000000,1.000,28.924,-1.000000,0.0000,0.0000,0,0,0.000,1.000,19.607,-527.424,-212.709,79.992,0,0,0,99.333670
368,52.4176,walk-to-authored-tree,-546.597,-203.523,86.048,112.500,-112.652,247.709,-554.439,-198.995,1.174,-550.032,-239.073,5.240,1.0000,0.9375,-566.994,-192.940,76.195,-531.891,-223.794,77.642,0.3783,0.0000,1.6000,1,-100.000,550.000,0.0000,0.0000,0,0,-531.891,-223.794,77.642,0.000,0,-1.000000,1.000,28.924,-1.000000,0.0000,0.0000,0,0,0.000,1.000,19.607,-531.891,-223.794,77.642,0,0,0,99.331456
369,52.5573,walk-to-authored-tree,-552.580,-218.021,85.967,112.500,-112.291,248.088,-555.311,-199.929,1.101,-557.865,-261.184,0.992,1.0000,0.9375,-574.972,-217.263,74.864,-533.329,-229.888,74.735,0.5090,0.0000,1.6000,1,-100.000,550.000,0.0000,0.0000,0,0,-533.329,-229.888,74.735,0.000,0,-1.000000,1.000,28.924,-1.000000,0.0000,0.0000,0,0,0.000,1.000,19.607,-533.329,-229.888,74.735,0,0,0,99.329225
370,52.6966,walk-to-authored-tree,-558.468,-232.556,85.886,112.500,-111.912,248.483,-565.144,-225.277,5.966,-558.698,-260.973,1.009,1.0000,0.9375,-582.792,-240.500,78.043,-535.601,-235.607,76.388,0.6397,0.0000,1.6000,1,-100.000,550.000,0.0000,0.0000,0,0,-535.601,-235.607,76.388,0.000,0,-1.000000,1.000,28.924,-1.000000,0.0000,0.0000,0,0,0.000,1.000,19.607,-535.601,-235.607,76.388,0,0,0,99.326995
371,52.8461,walk-to-authored-tree,-564.671,-248.181,85.775,112.500,-111.517,248.926,-578.754,-263.547,9.133,-559.544,-260.533,0.945,1.0000,0.9375,-589.364,-258.595,79.709,-540.803,-248.502,77.707,0.7798,0.0000,1.6000,1,-100.000,550.000,0.0000,0.0000,0,0,-540.803,-248.502,77.707,0.000,0,-1.000000,1.000,28.924,-1.000000,0.0000,0.0000,0,0,0.000,1.000,19.607,-540.803,-248.502,77.707,0,0,0,99.324604
372,53.0101,walk-to-authored-tree,-571.357,-265.404,85.633,112.500,-111.074,249.437,-591.985,-301.739,1.767,-560.556,-260.028,0.328,1.0000,0.9375,-594.862,-269.425,75.257,-550.305,-272.545,74.327,0.9338,0.0000,1.6000,1,-100.000,550.000,0.0000,0.0000,0,0,-550.305,-272.545,74.327,0.000,0,-1.000000,1.000,28.924,-1.000000,0.0000,0.0000,0,0,0.000,1.000,19.607,-550.305,-272.545,74.327,0,0,0,99.321976
373,53.1730,walk-to-authored-tree,-577.835,-282.524,85.464,112.500,-110.563,249.975,-595.850,-311.902,0.614,-566.102,-274.060,2.894,1.0000,0.9375,-598.826,-274.971,74.921,-561.249,-300.403,76.011,0.0863,0.0000,1.6000,1,-100.000,550.000,0.0000,0.0000,0,0,-561.249,-300.403,76.011,0.000,0,-1.000000,1.000,28.924,-1.000000,0.0000,0.0000,0,0,0.000,1.000,19.607,-561.249,-300.403,76.011,0,0,0,99.319373
374,53.3316,walk-to-authored-tree,-584.000,-299.281,85.262,112.500,-110.025,250.534,-596.715,-311.658,0.375,-578.826,-312.181,8.799,1.0000,0.9375,-603.810,-285.914,77.228,-569.624,-322.041,79.148,0.2351,0.0000,1.6000,1,-100.000,550.000,0.0000,0.0000,0,0,-569.624,-322.041,79.148,0.000,0,-1.000000,1.000,28.924,-1.000000,0.0000,0.0000,0,0,0.000,1.000,19.607,-569.624,-322.041,79.148,0,0,0,99.316833
375,53.5034,walk-to-authored-tree,-590.492,-317.473,85.014,112.500,-109.466,251.177,-597.588,-311.431,-0.047,-592.130,-355.423,3.072,1.0000,0.9375,-611.265,-309.202,74.591,-573.882,-336.080,75.874,0.3961,0.0000,1.6000,1,-100.000,550.000,0.0000,0.0000,0,0,-573.882,-336.080,75.874,0.000,0,-1.000000,1.000,28.924,-1.000000,0.0000,0.0000,0,0,0.000,1.000,19.607,-573.882,-336.080,75.874,0,0,0,99.314086
376,53.6639,walk-to-authored-tree,-596.383,-334.554,84.753,112.500,-108.823,251.825,-600.843,-317.926,0.370,-598.154,-373.545,-0.377,1.0000,0.9375,-619.519,-337.941,74.053,-575.625,-342.253,73.408,0.5466,0.0000,1.6000,1,-100.000,550.000,0.0000,0.0000,0,0,-575.625,-342.253,73.408,0.000,0,-1.000000,1.000,28.924,-1.000000,0.0000,0.0000,0,0,0.000,1.000,19.607,-575.625,-342.253,73.408,0,0,0,99.311517
377,53.8248,walk-to-authored-tree,-602.088,-351.719,84.452,112.500,-108.175,252.523,-611.517,-353.769,7.270,-598.701,-373.220,-0.318,1.0000,0.9375,-626.046,-363.148,78.109,-578.344,-351.128,76.165,0.6974,0.0000,1.6000,1,-100.000,550.000,0.0000,0.0000,0,0,-578.344,-351.128,76.165,0.000,0,-1.000000,1.000,28.924,-1.000000,0.0000,0.0000,0,0,0.000,1.000,19.607,-578.344,-351.128,76.165,0,0,0,99.308944
378,53.9527,walk-to-authored-tree,-606.481,-365.449,84.184,112.500,-107.477,253.124,-620.960,-388.175,5.969,-599.305,-373.033,-1.135,1.0000,0.9375,-630.230,-376.805,77.038,-582.847,-364.996,75.146,0.8175,0.0000,1.6000,1,-100.000,550.000,0.0000,0.0000,0,0,-582.847,-364.996,75.146,0.000,0,-1.000000,1.000,28.924,-1.000000,0.0000,0.0000,0,0,0.000,1.000,19.607,-582.847,-364.996,75.146,0,0,0,99.306894
379,54.0918,walk-to-authored-tree,-611.077,-380.375,83.873,112.500,-106.876,253.818,-629.114,-419.129,-0.369,-600.235,-372.681,-1.299,1.0000,0.9375,-634.013,-385.112,73.297,-589.805,-386.996,72.549,0.9476,0.0000,1.6000,1,-100.000,550.000,0.0000,0.0000,0,0,-589.805,-386.996,72.549,0.000,0,-1.000000,1.000,28.924,-1.000000,0.0000,0.0000,0,0,0.000,1.000,19.607,-589.805,-386.996,72.549,0,0,0,99.304673
380,54.2287,walk-to-authored-tree,-615.442,-395.170,83.509,112.500,-106.182,254.557,-631.463,-427.008,-1.387,-604.201,-384.855,0.432,1.0000,0.9375,-637.091,-389.985,72.745,-597.349,-411.099,73.740,0.0762,0.0000,1.6000,1,-100.000,550.000,0.0000,0.0000,0,0,-597.349,-411.099,73.740,0.000,0,-1.000000,1.000,28.924,-1.000000,0.0000,0.0000,0,0,0.000,1.000,19.607,-597.349,-411.099,73.740,0,0,0,99.302479
381,54.3581,walk-to-authored-tree,-619.386,-409.165,83.152,112.500,-105.443,255.312,-632.112,-426.988,-1.884,-611.862,-415.183,5.713,1.0000,0.9375,-640.316,-397.973,74.637,-603.107,-430.192,76.475,0.1974,0.0000,1.6000,1,-100.000,550.000,0.0000,0.0000,0,0,-603.107,-430.192,76.475,0.000,0,-1.000000,1.000,28.924,-1.000000,0.0000,0.0000,0,0,0.000,1.000,19.607,-603.107,-430.192,76.475,0,0,0,99.300411
382,54.4874,walk-to-authored-tree,-623.156,-423.241,82.758,112.500,-104.688,256.133,-632.689,-426.929,-2.113,-619.596,-450.253,4.909,1.0000,0.9375,-644.226,-412.927,74.129,-606.361,-443.723,75.946,0.3188,0.0000,1.6000,1,-100.000,550.000,0.0000,0.0000,0,0,-606.361,-443.723,75.946,0.000,0,-1.000000,1.000,28.924,-1.000000,0.0000,0.0000,0,0,0.000,1.000,19.607,-606.361,-443.723,75.946,0,0,0,99.298338
383,54.6179,walk-to-authored-tree,-626.749,-437.443,82.320,112.500,-103.867,257.037,-633.560,-426.848,-2.593,-625.587,-479.695,-1.458,1.0000,0.9375,-648.688,-434.435,71.304,-607.646,-451.488,72.110,0.4409,0.0000,1.6000,1,-100.000,550.000,0.0000,0.0000,0,0,-607.646,-451.488,72.110,0.000,0,-1.000000,1.000,28.924,-1.000000,0.0000,0.0000,0,0,0.000,1.000,19.607,-607.646,-451.488,72.110,0,0,0,99.296255
384,54.7474,walk-to-authored-tree,-630.114,-451.648,81.862,112.500,-102.963,258.032,-636.578,-436.684,-1.705,-627.662,-488.707,-2.977,1.0000,0.9375,-652.953,-458.607,71.846,-608.487,-455.984,70.980,0.5625,0.0000,1.6000,1,-100.000,550.000,0.0000,0.0000,0,0,-608.487,-455.984,70.980,0.000,0,-1.000000,1.000,28.924,-1.000000,0.0000,0.0000,0,0,0.000,1.000,19.607,-608.487,-455.984,70.980,0,0,0,99.294179
385,54.8769,walk-to-authored-tree,-633.229,-465.853,81.370,112.500,-101.968,259.138,-642.033,-466.678,3.180,-627.735,-488.510,-3.922,1.0000,0.9375,-655.782,-479.470,74.254,-609.743,-463.096,72.357,0.6837,0.0000,1.6000,1,-100.000,550.000,0.0000,0.0000,0,0,-609.743,-463.096,72.357,0.000,0,-1.000000,1.000,28.924,-1.000000,0.0000,0.0000,0,0,0.000,1.000,19.607,-609.743,-463.096,72.357,0,0,0,99.292110
386,55.0079,walk-to-authored-tree,-636.121,-480.324,80.845,112.500,-100.862,260.409,-647.676,-502.727,3.364,-628.312,-488.334,-4.115,1.0000,0.9375,-658.423,-494.609,74.272,-612.660,-476.833,72.342,0.8067,0.0000,1.6000,1,-100.000,550.000,0.0000,0.0000,0,0,-612.660,-476.833,72.342,0.000,0,-1.000000,1.000,28.924,-1.000000,0.0000,0.0000,0,0,0.000,1.000,19.607,-612.660,-476.833,72.342,0,0,0,99.290012
387,55.1374,walk-to-authored-tree,-638.671,-494.641,80.273,112.500,-99.591,261.852,-651.565,-533.775,-3.329,-629.212,-487.929,-4.992,1.0000,0.9375,-660.881,-503.637,70.104,-616.515,-497.014,69.112,0.9279,0.0000,1.6000,1,-100.000,550.000,0.0000,0.0000,0,0,-616.515,-497.014,69.112,0.000,0,-1.000000,1.000,28.924,-1.000000,0.0000,0.0000,0,0,0.000,1.000,19.607,-616.515,-497.014,69.112,0,0,0,99.287943
388,55.2682,walk-to-authored-tree,-640.907,-509.219,79.669,112.500,-98.148,263.571,-652.542,-545.968,-5.141,-631.062,-495.333,-4.290,1.0000,0.9375,-663.068,-509.060,68.659,-620.411,-520.646,69.353,0.0508,0.0000,1.6000,1,-100.000,550.000,0.0000,0.0000,0,0,-620.411,-520.646,69.353,0.000,0,-1.000000,1.000,28.924,-1.000000,0.0000,0.0000,0,0,0.000,1.000,19.607,-620.411,-520.646,69.353,0,0,0,99.285846
389,55.4009,walk-to-authored-tree,-642.749,-524.009,79.015,112.500,-96.429,265.677,-652.628,-546.358,-5.999,-634.145,-525.045,0.681,1.0000,0.9375,-665.117,-516.950,70.138,-623.211,-541.624,71.894,0.1750,0.0000,1.6000,1,-100.000,550.000,0.0000,0.0000,0,0,-623.211,-541.624,71.894,0.000,0,-1.000000,1.000,28.924,-1.000000,0.0000,0.0000,0,0,0.000,1.000,19.607,-623.211,-541.624,71.894,0,0,0,99.283726
390,55.5329,walk-to-authored-tree,-644.079,-538.815,78.325,112.500,-94.323,268.337,-652.937,-546.566,-6.701,-635.795,-561.291,1.047,1.0000,0.9375,-666.786,-531.769,69.880,-624.067,-556.397,71.731,0.2989,0.0000,1.6000,1,-100.000,550.000,0.0000,0.0000,0,0,-624.067,-556.397,71.731,0.000,0,-1.000000,1.000,28.924,-1.000000,0.0000,0.0000,0,0,0.000,1.000,19.607,-624.067,-556.397,71.731,0,0,0,99.281612
391,55.6659,walk-to-authored-tree,-644.778,-553.728,77.597,112.500,-91.663,271.930,-653.486,-546.910,-7.270,-634.630,-593.258,-5.433,1.0000,0.9375,-666.899,-554.130,66.896,-623.127,-564.634,67.905,0.4233,0.0000,1.6000,1,-100.000,550.000,0.0000,0.0000,0,0,-623.127,-564.634,67.905,0.000,0,-1.000000,1.000,28.924,-1.000000,0.0000,0.0000,0,0,0.000,1.000,19.607,-623.127,-564.634,67.905,0,0,0,99.279488
392,55.7992,view-authored-tree,-644.778,-553.728,77.597,0.000,-91.663,271.930,-653.218,-559.747,-8.029,-635.231,-576.933,-7.760,0.3317,0.0000,-666.840,-557.942,70.480,-623.165,-560.502,70.796,0.4233,0.0000,1.6000,1,-100.000,550.000,0.0000,0.0000,0,0,-623.165,-560.502,70.796,0.000,0,-1.000000,1.000,28.924,-1.000000,0.0000,0.0000,0,0,0.000,1.000,19.607,-623.165,-560.502,70.796,0,0,0,99.277350
393,55.9322,view-authored-tree,-644.778,-553.728,77.597,0.000,-91.663,265.865,-653.040,-566.487,-7.316,-635.637,-568.330,-7.316,0.0000,0.0000,-666.755,-559.830,72.373,-623.254,-558.434,72.373,0.4233,0.0000,1.6000,1,-100.000,550.000,0.0000,0.0000,0,0,-623.254,-558.434,72.373,0.000,0,-1.000000,1.000,28.924,-1.000000,0.0000,0.0000,0,0,0.000,1.000,19.607,-623.254,-558.434,72.373,0,0,0,99.275228
394,56.0601,view-authored-tree,-644.778,-553.728,77.597,0.000,-91.663,262.050,-653.040,-566.487,-7.316,-635.637,-568.330,-7.316,0.0000,0.0000,-666.745,-559.968,72.392,-623.255,-558.574,72.392,0.4233,0.0000,1.6000,1,-100.000,550.000,0.0000,0.0000,0,0,-623.255,-558.574,72.392,0.000,0,-1.000000,1.000,28.924,-1.000000,0.0000,0.0000,0,0,0.000,1.000,19.607,-623.255,-558.574,72.392,0,0,0,99.273174
395,56.1874,view-authored-tree,-644.778,-553.728,77.597,0.000,-91.663,259.556,-653.040,-566.487,-7.316,-635.637,-568.330,-7.316,0.0000,0.0000,-666.739,-560.050,72.403,-623.256,-558.656,72.403,0.4233,0.0000,1.6000,1,-100.000,550.000,0.0000,0.0000,0,0,-623.256,-558.656,72.403,0.000,0,-1.000000,1.000,28.924,-1.000000,0.0000,0.0000,0,0,0.000,1.000,19.607,-623.256,-558.656,72.403,0,0,0,99.271141
396,56.3128,view-authored-tree,-644.778,-553.728,77.597,0.000,-91.663,257.919,-653.040,-566.487,-7.316,-635.637,-568.330,-7.316,0.0000,0.0000,-666.733,-560.132,72.414,-623.256,-558.737,72.414,0.4233,0.0000,1.6000,1,-100.000,550.000,0.0000,0.0000,0,0,-623.256,-558.737,72.414,0.000,0,-1.000000,1.000,28.924,-1.000000,0.0000,0.0000,0,0,0.000,1.000,19.607,-623.256,-558.737,72.414,0,0,0,99.269132
397,56.4539,view-authored-tree,-644.778,-553.728,77.597,0.000,-91.663,256.737,-653.040,-566.487,-7.316,-635.637,-568.330,-7.316,0.0000,0.0000,-666.725,-560.234,72.429,-623.257,-558.840,72.429,0.4233,0.0000,1.6000,1,-100.000,550.000,0.0000,0.0000,0,0,-623.257,-558.840,72.429,0.000,0,-1.000000,1.000,28.924,-1.000000,0.0000,0.0000,0,0,0.000,1.000,19.607,-623.257,-558.840,72.429,0,0,0,99.266873
398,56.5947,view-authored-tree,-644.778,-553.728,77.597,0.000,-91.663,255.981,-653.040,-566.487,-7.316,-635.637,-568.330,-7.316,0.0000,0.0000,-666.718,-560.324,72.441,-623.258,-558.930,72.442,0.4233,0.0000,1.6000,1,-100.000,550.000,0.0000,0.0000,0,0,-623.258,-558.930,72.442,0.000,0,-1.000000,1.000,28.924,-1.000000,0.0000,0.0000,0,0,0.000,1.000,19.607,-623.258,-558.930,72.442,0,0,0,99.264622
399,56.7207,view-authored-tree,-644.778,-553.728,77.597,0.000,-91.663,255.529,-653.040,-566.487,-7.316,-635.637,-568.330,-7.316,0.0000,0.0000,-666.713,-560.399,72.453,-623.259,-559.006,72.453,0.4233,0.0000,1.6000,1,-100.000,550.000,0.0000,0.0000,0,0,-623.259,-559.006,72.453,0.000,0,-1.000000,1.000,28.924,-1.000000,0.0000,0.0000,0,0,0.000,1.000,19.607,-623.259,-559.006,72.453,0,0,0,99.262609
400,56.8607,view-authored-tree,-644.778,-553.728,77.597,0.000,-91.663,255.206,-653.040,-566.487,-7.316,-635.637,-568.330,-7.316,0.0000,0.0000,-666.710,-560.436,72.458,-623.260,-559.042,72.458,0.4233,0.0000,1.6000,1,-100.000,550.000,0.0000,0.0000,0,0,-623.260,-559.042,72.458,0.000,0,-1.000000,1.000,28.924,-1.000000,0.0000,0.0000,0,0,0.000,1.000,19.607,-623.260,-559.042,72.458,0,0,0,99.260367
401,56.9874,view-authored-tree,-644.778,-553.728,77.597,0.000,-91.663,255.011,-653.040,-566.487,-7.316,-635.637,-568.330,-7.316,0.0000,0.0000,-666.710,-560.436,72.458,-623.260,-559.042,72.458,0.4233,0.0000,1.6000,1,-100.000,550.000,0.0000,0.0000,0,0,-623.260,-559.042,72.458,0.000,0,-1.000000,1.000,28.924,-1.000000,0.0000,0.0000,0,0,0.000,1.000,19.607,-623.260,-559.042,72.458,0,0,0,99.258343
402,57.1127,view-authored-tree,-644.778,-553.728,77.597,0.000,-91.663,254.881,-653.040,-566.487,-7.316,-635.637,-568.330,-7.316,0.0000,0.0000,-666.705,-560.506,72.468,-623.261,-559.113,72.468,0.4233,0.0000,1.6000,1,-100.000,550.000,0.0000,0.0000,0,0,-623.261,-559.113,72.468,0.000,0,-1.000000,1.000,28.924,-1.000000,0.0000,0.0000,0,0,0.000,1.000,19.607,-623.261,-559.113,72.468,0,0,0,99.256333
403,57.2378,view-authored-tree,-644.778,-553.728,77.597,0.000,-91.663,254.795,-653.040,-566.487,-7.316,-635.637,-568.330,-7.316,0.0000,0.0000,-666.705,-560.506,72.468,-623.261,-559.113,72.468,0.4233,0.0000,1.6000,1,-100.000,550.000,0.0000,0.0000,0,0,-623.261,-559.113,72.468,0.000,0,-1.000000,1.000,28.924,-1.000000,0.0000,0.0000,0,0,0.000,1.000,19.607,-623.261,-559.113,72.468,0,0,0,99.254335
404,57.3632,view-authored-tree,-644.778,-553.728,77.597,0.000,-91.663,254.738,-653.040,-566.487,-7.316,-635.637,-568.330,-7.316,0.0000,0.0000,-666.708,-560.455,72.462,-623.260,-559.062,72.462,0.4233,0.0000,1.6000,1,-100.000,550.000,0.0000,0.0000,0,0,-623.260,-559.062,72.462,0.000,0,-1.000000,1.000,28.924,-1.000000,0.0000,0.0000,0,0,0.000,1.000,19.607,-623.260,-559.062,72.462,0,0,0,99.252328
405,57.5116,view-authored-tree,-644.778,-553.728,77.597,0.000,-91.663,254.692,-653.040,-566.487,-7.316,-635.637,-568.330,-7.316,0.0000,0.0000,-666.714,-560.376,72.455,-623.259,-558.983,72.455,0.4233,0.0000,1.6000,1,-100.000,550.000,0.0000,0.0000,0,0,-623.259,-558.983,72.455,0.000,0,-1.000000,1.000,28.924,-1.000000,0.0000,0.0000,0,0,0.000,1.000,19.607,-623.259,-558.983,72.455,0,0,0,99.249955
406,57.6378,view-authored-tree,-644.778,-553.728,77.597,0.000,-91.663,254.668,-653.040,-566.487,-7.316,-635.637,-568.330,-7.316,0.0000,0.0000,-666.719,-560.317,72.440,-623.258,-558.923,72.440,0.4233,0.0000,1.6000,1,-100.000,550.000,0.0000,0.0000,0,0,-623.258,-558.923,72.440,0.000,0,-1.000000,1.000,28.924,-1.000000,0.0000,0.0000,0,0,0.000,1.000,19.607,-623.258,-558.923,72.440,0,0,0,99.247932
407,57.7636,view-authored-tree,-644.778,-553.728,77.597,0.000,-91.663,254.653,-653.040,-566.487,-7.316,-635.637,-568.330,-7.316,0.0000,0.0000,-666.726,-560.228,72.428,-623.257,-558.834,72.428,0.4233,0.0000,1.6000,1,-100.000,550.000,0.0000,0.0000,0,0,-623.257,-558.834,72.428,0.000,0,-1.000000,1.000,28.924,-1.000000,0.0000,0.0000,0,0,0.000,1.000,19.607,-623.257,-558.834,72.428,0,0,0,99.245925
408,57.8993,view-authored-tree,-644.778,-553.728,77.597,0.000,-91.663,254.641,-653.040,-566.487,-7.316,-635.637,-568.330,-7.316,0.0000,0.0000,-666.732,-560.138,72.415,-623.256,-558.743,72.415,0.4233,0.0000,1.6000,1,-100.000,550.000,0.0000,0.0000,0,0,-623.256,-558.743,72.415,0.000,0,-1.000000,1.000,28.924,-1.000000,0.0000,0.0000,0,0,0.000,1.000,19.607,-623.256,-558.743,72.415,0,0,0,99.243749
409,58.0326,view-authored-tree,-644.778,-553.728,77.597,0.000,-91.663,254.634,-653.040,-566.487,-7.316,-635.637,-568.330,-7.316,0.0000,0.0000,-666.739,-560.043,72.402,-623.255,-558.649,72.402,0.4233,0.0000,1.6000,1,-100.000,550.000,0.0000,0.0000,0,0,-623.255,-558.649,72.402,0.000,0,-1.000000,1.000,28.924,-1.000000,0.0000,0.0000,0,0,0.000,1.000,19.607,-623.255,-558.649,72.402,0,0,0,99.241619
410,58.1678,view-authored-tree,-644.778,-553.728,77.597,0.000,-91.663,254.629,-653.040,-566.487,-7.316,-635.637,-568.330,-7.316,0.0000,0.0000,-666.745,-559.971,72.391,-623.255,-558.576,72.391,0.4233,0.0000,1.6000,1,-100.000,550.000,0.0000,0.0000,0,0,-623.255,-558.576,72.391,0.000,0,-1.000000,1.000,28.924,-1.000000,0.0000,0.0000,0,0,0.000,1.000,19.607,-623.255,-558.576,72.391,0,0,0,99.239452
411,58.3029,view-authored-tree,-644.778,-553.728,77.597,0.000,-91.663,254.626,-653.040,-566.487,-7.316,-635.637,-568.330,-7.316,0.0000,0.0000,-666.745,-559.950,72.383,-623.256,-558.555,72.383,0.4233,0.0000,1.6000,1,-100.000,550.000,0.0000,0.0000,0,0,-623.256,-558.555,72.383,0.000,0,-1.000000,1.000,28.924,-1.000000,0.0000,0.0000,0,0,0.000,1.000,19.607,-623.256,-558.555,72.383,0,0,0,99.237295
412,58.4378,view-authored-tree,-644.778,-553.728,77.597,0.000,-91.663,254.624,-653.040,-566.487,-7.316,-635.637,-568.330,-7.316,0.0000,0.0000,-666.754,-559.847,72.376,-623.254,-558.452,72.376,0.4233,0.0000,1.6000,1,-100.000,550.000,0.0000,0.0000,0,0,-623.254,-558.452,72.376,0.000,0,-1.000000,1.000,28.924,-1.000000,0.0000,0.0000,0,0,0.000,1.000,19.607,-623.254,-558.452,72.376,0,0,0,99.235131
413,58.5738,view-authored-tree,-644.778,-553.728,77.597,0.000,-91.663,254.623,-653.040,-566.487,-7.316,-635.637,-568.330,-7.316,0.0000,0.0000,-666.754,-559.847,72.376,-623.254,-558.452,72.376,0.4233,0.0000,1.6000,1,-100.000,550.000,0.0000,0.0000,0,0,-623.254,-558.452,72.376,0.000,0,-1.000000,1.000,28.924,-1.000000,0.0000,0.0000,0,0,0.000,1.000,19.607,-623.254,-558.452,72.376,0,0,0,99.232959
414,58.7071,view-authored-tree,-644.778,-553.728,77.597,0.000,-91.663,254.623,-653.040,-566.487,-7.316,-635.637,-568.330,-7.316,0.0000,0.0000,-666.755,-559.830,72.373,-623.254,-558.434,72.373,0.4233,0.0000,1.6000,1,-100.000,550.000,0.0000,0.0000,0,0,-623.254,-558.434,72.373,0.000,0,-1.000000,1.000,28.924,-1.000000,0.0000,0.0000,0,0,0.000,1.000,19.607,-623.254,-558.434,72.373,0,0,0,99.230822
415,58.8499,walk-into-authored-trunk,-644.778,-553.728,77.597,0.000,-91.663,254.623,-653.040,-566.487,-7.316,-635.637,-568.330,-7.316,0.0000,0.0000,-666.755,-559.830,72.373,-623.254,-558.434,72.373,0.4233,0.0000,1.6000,1,-100.000,550.000,0.0000,0.0000,0,0,-623.254,-558.434,72.373,0.000,0,-1.000000,1.000,28.924,-1.000000,0.0000,0.0000,0,0,0.000,1.000,19.607,-623.254,-558.434,72.373,0,0,0,99.228541
416,58.9867,walk-into-authored-trunk,-646.230,-559.010,77.361,59.921,-105.377,254.623,-653.316,-550.483,-8.746,-644.822,-594.821,-8.823,0.6848,0.4993,-668.741,-559.594,68.026,-626.361,-569.464,68.107,0.4917,0.0000,1.6000,1,-100.000,550.000,0.0000,0.0000,0,0,-626.361,-569.464,68.107,0.000,0,-1.000000,1.000,28.924,-1.000000,0.0000,0.0000,0,0,0.000,1.000,19.607,-626.361,-569.464,68.107,0,0,0,99.226350
417,59.1265,walk-into-authored-trunk,-649.855,-572.191,76.762,112.500,-105.377,254.623,-656.702,-563.362,-4.018,-647.201,-602.468,-8.103,1.0000,0.9375,-672.973,-581.975,68.416,-626.971,-573.518,66.918,0.6225,0.0000,1.6000,1,-100.000,550.000,0.0000,0.0000,0,0,-626.971,-573.518,66.918,0.000,0,-1.000000,1.000,28.924,-1.000000,0.0000,0.0000,0,0,0.000,1.000,19.607,-626.971,-573.518,66.918,0,0,0,99.224116
418,59.2633,walk-into-authored-trunk,-653.936,-587.030,76.075,112.500,-105.377,254.623,-665.274,-598.797,-0.321,-648.256,-602.045,-8.834,1.0000,0.9375,-677.406,-600.224,70.084,-630.135,-584.561,68.054,0.7508,0.0000,1.6000,1,-100.000,550.000,0.0000,0.0000,0,0,-630.135,-584.561,68.054,0.000,0,-1.000000,1.000,28.924,-1.000000,0.0000,0.0000,0,0,0.000,1.000,19.607,-630.135,-584.561,68.054,0,0,0,99.221928
419,59.4061,walk-into-authored-trunk,-658.195,-602.519,75.336,112.500,-105.377,254.623,-673.972,-635.598,-6.066,-649.163,-601.884,-9.836,1.0000,0.9375,-681.367,-611.887,66.475,-635.525,-604.180,65.065,0.8846,0.0000,1.6000,1,-100.000,550.000,0.0000,0.0000,0,0,-635.525,-604.180,65.065,0.000,0,-1.000000,1.000,28.924,-1.000000,0.0000,0.0000,0,0,0.000,1.000,19.607,-635.525,-604.180,65.065,0,0,0,99.219643
420,59.5435,walk-into-authored-trunk,-662.301,-617.449,74.610,112.500,-105.377,254.623,-679.481,-656.797,-10.339,-650.526,-603.401,-10.260,1.0000,0.9375,-684.668,-617.458,63.346,-642.569,-628.601,63.544,0.0137,0.0000,1.6000,1,-100.000,550.000,0.0000,0.0000,0,0,-642.569,-628.601,63.544,0.000,0,-1.000000,1.000,28.924,-1.000000,0.0000,0.0000,0,0,0.000,1.000,19.607,-642.569,-628.601,63.544,0,0,0,99.217441
421,59.6822,walk-into-authored-trunk,-666.432,-632.467,73.859,112.500,-105.377,254.623,-680.377,-656.564,-10.961,-657.091,-630.110,-5.755,1.0000,0.9375,-687.658,-623.414,64.535,-649.467,-651.800,66.155,0.1435,0.0000,1.6000,1,-100.000,550.000,0.0000,0.0000,0,0,-649.467,-651.800,66.155,0.000,0,-1.000000,1.000,28.924,-1.000000,0.0000,0.0000,0,0,0.000,1.000,19.607,-649.467,-651.800,66.155,0,0,0,99.215226
422,59.8218,walk-into-authored-trunk,-670.599,-647.623,73.090,112.500,-105.377,254.623,-681.325,-656.367,-11.768,-665.857,-667.000,-3.484,1.0000,0.9375,-691.471,-636.025,65.032,-654.404,-669.052,66.942,0.2745,0.0000,1.6000,1,-100.000,550.000,0.0000,0.0000,0,0,-654.404,-669.052,66.942,0.000,0,-1.000000,1.000,28.924,-1.000000,0.0000,0.0000,0,0,0.000,1.000,19.607,-654.404,-669.052,66.942,0,0,0,99.212990
423,59.9604,walk-into-authored-trunk,-674.728,-662.637,72.322,112.500,-105.377,254.623,-681.924,-656.172,-12.774,-673.727,-701.546,-10.067,1.0000,0.9375,-696.008,-656.441,61.708,-656.561,-679.558,62.913,0.4042,0.0000,1.6000,1,-100.000,550.000,0.0000,0.0000,0,0,-656.561,-679.558,62.913,0.000,0,-1.000000,1.000,28.924,-1.000000,0.0000,0.0000,0,0,0.000,1.000,19.607,-656.561,-679.558,62.913,0,0,0,99.210776
424,60.0993,walk-into-authored-trunk,-678.877,-677.720,71.540,112.500,-105.377,254.623,-684.170,-660.837,-13.108,-678.503,-718.117,-13.523,1.0000,0.9375,-701.593,-681.688,60.703,-657.897,-685.123,60.206,0.5346,0.0000,1.6000,1,-100.000,550.000,0.0000,0.0000,0,0,-657.897,-685.123,60.206,0.000,0,-1.000000,1.000,28.924,-1.000000,0.0000,0.0000,0,0,0.000,1.000,19.607,-657.897,-685.123,60.206,0,0,0,99.208551
425,60.2384,walk-into-authored-trunk,-683.023,-692.797,70.758,112.500,-105.377,254.623,-691.144,-690.009,-8.007,-679.325,-718.049,-14.278,1.0000,0.9375,-706.260,-704.488,63.446,-659.548,-692.054,61.639,0.6649,0.0000,1.6000,1,-100.000,550.000,0.0000,0.0000,0,0,-659.548,-692.054,61.639,0.000,0,-1.000000,1.000,28.924,-1.000000,0.0000,0.0000,0,0,0.000,1.000,19.607,-659.548,-692.054,61.639,0,0,0,99.206327
426,60.3763,walk-into-authored-trunk,-687.144,-707.781,69.975,112.500,-105.377,254.623,-700.012,-727.104,-6.918,-680.327,-717.826,-14.770,1.0000,0.9375,-710.541,-720.535,63.820,-663.423,-705.833,61.852,0.7944,0.0000,1.6000,1,-100.000,550.000,0.0000,0.0000,0,0,-663.423,-705.833,61.852,0.000,0,-1.000000,1.000,28.924,-1.000000,0.0000,0.0000,0,0,0.000,1.000,19.607,-663.423,-705.833,61.852,0,0,0,99.204117
427,60.5270,walk-into-authored-trunk,-691.634,-724.107,69.126,112.500,-105.377,254.623,-708.565,-762.438,-14.793,-681.366,-717.491,-16.166,1.0000,0.9375,-714.601,-730.317,58.723,-670.003,-729.254,57.816,0.9355,0.0000,1.6000,1,-100.000,550.000,0.0000,0.0000,0,0,-670.003,-729.254,57.816,0.000,0,-1.000000,1.000,28.924,-1.000000,0.0000,0.0000,0,0,0.000,1.000,19.607,-670.003,-729.254,57.816,0,0,0,99.201709
428,60.6656,walk-into-authored-trunk,-695.772,-739.156,68.344,112.500,-105.377,254.610,-711.662,-772.436,-16.615,-684.533,-727.730,-15.250,1.0000,0.9375,-717.651,-735.085,57.353,-677.281,-754.131,58.241,0.0656,0.0000,1.6000,1,-100.000,550.000,0.0000,0.0000,0,0,-677.281,-754.131,58.241,0.000,0,-1.000000,1.000,28.924,-1.000000,0.0000,0.0000,0,0,0.000,1.000,19.607,-677.281,-754.131,58.241,0,0,0,99.199489
429,60.8037,walk-into-authored-trunk,-699.890,-754.121,67.562,112.500,-105.390,254.514,-712.658,-772.251,-17.477,-692.273,-759.739,-9.988,1.0000,0.9375,-720.837,-743.026,59.007,-683.563,-775.071,60.836,0.1949,0.0000,1.6000,1,-100.000,550.000,0.0000,0.0000,0,0,-683.563,-775.071,60.836,0.000,0,-1.000000,1.000,28.924,-1.000000,0.0000,0.0000,0,0,0.000,1.000,19.607,-683.563,-775.071,60.836,0,0,0,99.197281
430,60.9668,walk-into-authored-trunk,-704.786,-771.825,66.669,112.500,-105.486,254.332,-713.750,-771.950,-18.054,-702.703,-803.440,-12.375,1.0000,0.9375,-725.994,-762.314,57.634,-688.057,-791.554,59.307,0.3480,0.0000,1.6000,1,-100.000,550.000,0.0000,0.0000,0,0,-688.057,-791.554,59.307,0.000,0,-1.000000,1.000,28.924,-1.000000,0.0000,0.0000,0,0,0.000,1.000,19.607,-688.057,-791.554,59.307,0,0,0,99.194669
431,61.1331,walk-into-authored-trunk,-709.810,-789.801,65.793,112.500,-105.668,254.090,-714.560,-772.098,-19.102,-710.174,-833.914,-19.178,1.0000,0.9375,-732.049,-791.191,54.644,-689.420,-799.822,54.598,0.5035,0.0000,1.6000,1,-100.000,550.000,0.0000,0.0000,0,0,-689.420,-799.822,54.598,0.000,0,-1.000000,1.000,28.924,-1.000000,0.0000,0.0000,0,0,0.000,1.000,19.607,-689.420,-799.822,54.598,0,0,0,99.192014
432,61.2983,walk-into-authored-trunk,-714.891,-807.715,64.674,112.500,-105.910,253.806,-722.848,-803.914,-14.261,-711.637,-833.760,-20.205,1.0000,0.9375,-738.280,-818.953,57.357,-691.545,-807.453,55.583,0.6587,0.0000,1.6000,1,-100.000,550.000,0.0000,0.0000,0,0,-691.545,-807.453,55.583,0.000,0,-1.000000,1.000,28.924,-1.000000,0.0000,0.0000,0,0,0.000,1.000,19.607,-691.545,-807.453,55.583,0,0,0,99.189366
433,61.4565,walk-into-authored-trunk,-719.823,-824.799,63.879,112.500,-106.194,253.507,-733.416,-846.063,-13.615,-712.786,-833.478,-21.088,1.0000,0.9375,-743.355,-836.946,57.296,-696.139,-823.509,55.366,0.8069,0.0000,1.6000,1,-100.000,550.000,0.0000,0.0000,0,0,-696.139,-823.509,55.366,0.000,0,-1.000000,1.000,28.924,-1.000000,0.0000,0.0000,0,0,0.000,1.000,19.607,-696.139,-823.509,55.366,0,0,0,99.186837
434,61.5980,walk-into-authored-trunk,-724.316,-840.079,63.204,112.500,-106.493,253.220,-742.026,-878.371,-20.833,-713.789,-833.208,-22.052,1.0000,0.9375,-747.341,-845.546,52.741,-702.860,-845.953,51.887,0.9396,0.0000,1.6000,1,-100.000,550.000,0.0000,0.0000,0,0,-702.860,-845.953,51.887,0.000,0,-1.000000,1.000,28.924,-1.000000,0.0000,0.0000,0,0,0.000,1.000,19.607,-702.860,-845.953,51.887,0,0,0,99.184572
435,61.7457,walk-into-authored-trunk,-729.080,-855.976,62.536,112.500,-106.780,252.905,-745.373,-887.451,-22.345,-717.756,-845.935,-20.450,1.0000,0.9375,-750.641,-850.437,51.813,-711.182,-872.203,52.824,0.0779,0.0000,1.6000,1,-100.000,550.000,0.0000,0.0000,0,0,-711.182,-872.203,52.824,0.000,0,-1.000000,1.000,28.924,-1.000000,0.0000,0.0000,0,0,0.000,1.000,19.607,-711.182,-872.203,52.824,0,0,0,99.182212
436,61.9246,walk-into-authored-trunk,-734.971,-875.247,61.774,112.500,-107.095,252.505,-746.768,-887.052,-23.126,-729.598,-889.837,-14.656,1.0000,0.9375,-755.397,-862.798,53.764,-719.471,-897.296,55.680,0.2458,0.0000,1.6000,1,-100.000,550.000,0.0000,0.0000,0,0,-719.471,-897.296,55.680,0.000,0,-1.000000,1.000,28.924,-1.000000,0.0000,0.0000,0,0,0.000,1.000,19.607,-719.471,-897.296,55.680,0,0,0,99.179346
437,62.1000,walk-into-authored-trunk,-740.855,-894.045,61.085,112.500,-107.495,252.090,-747.676,-886.654,-23.952,-741.468,-933.533,-21.522,1.0000,0.9375,-762.000,-887.466,50.440,-723.226,-911.271,51.587,0.4100,0.0000,1.6000,1,-100.000,550.000,0.0000,0.0000,0,0,-723.226,-911.271,51.587,0.000,0,-1.000000,1.000,28.924,-1.000000,0.0000,0.0000,0,0,0.000,1.000,19.607,-723.226,-911.271,51.587,0,0,0,99.176544
438,62.2702,walk-into-authored-trunk,-746.708,-912.294,60.470,112.500,-107.910,251.664,-752.013,-897.436,-22.764,-747.225,-948.594,-24.306,1.0000,0.9375,-770.117,-917.777,50.711,-725.349,-917.976,49.753,0.5697,0.0000,1.6000,1,-100.000,550.000,0.0000,0.0000,0,0,-725.349,-917.976,49.753,0.000,0,-1.000000,1.000,28.924,-1.000000,0.0000,0.0000,0,0,0.000,1.000,19.607,-725.349,-917.976,49.753,0,0,0,99.173819
439,62.4361,walk-into-authored-trunk,-752.538,-930.021,59.943,112.500,-108.336,251.229,-763.280,-936.760,-16.655,-748.404,-948.401,-24.891,1.0000,0.9375,-776.627,-941.836,53.896,-728.675,-928.959,51.888,0.7252,0.0000,1.6000,1,-100.000,550.000,0.0000,0.0000,0,0,-728.675,-928.959,51.888,0.000,0,-1.000000,1.000,28.924,-1.000000,0.0000,0.0000,0,0,0.000,1.000,19.607,-728.675,-928.959,51.888,0,0,0,99.171165
440,62.5674,walk-into-authored-trunk,-757.258,-944.041,59.602,112.500,-108.771,250.865,-773.778,-971.179,-19.646,-749.479,-948.050,-25.298,1.0000,0.9375,-781.320,-953.713,52.061,-734.206,-945.154,50.380,0.8485,0.0000,1.6000,1,-100.000,550.000,0.0000,0.0000,0,0,-734.206,-945.154,50.380,0.000,0,-1.000000,1.000,28.924,-1.000000,0.0000,0.0000,0,0,0.000,1.000,19.607,-734.206,-945.154,50.380,0,0,0,99.169061
441,62.7031,walk-into-authored-trunk,-762.213,-958.440,59.273,112.500,-109.135,250.476,-782.356,-997.856,-25.376,-750.330,-947.886,-25.700,1.0000,0.9375,-785.103,-960.041,48.333,-742.153,-967.910,47.984,0.9754,0.0000,1.6000,1,-100.000,550.000,0.0000,0.0000,0,0,-742.153,-967.910,47.984,0.000,0,-1.000000,1.000,28.924,-1.000000,0.0000,0.0000,0,0,0.000,1.000,19.607,-742.153,-967.910,47.984,0,0,0,99.166895
442,62.8336,walk-into-authored-trunk,-767.097,-972.331,59.009,112.500,-109.524,250.085,-784.233,-1000.647,-25.915,-755.938,-964.914,-23.069,1.0000,0.9375,-788.110,-964.369,48.646,-750.518,-990.555,49.855,0.0981,0.0000,1.6000,1,-100.000,550.000,0.0000,0.0000,0,0,-750.518,-990.555,49.855,0.000,0,-1.000000,1.000,28.924,-1.000000,0.0000,0.0000,0,0,0.000,1.000,19.607,-750.518,-990.555,49.855,0,0,0,99.164801
443,62.9616,walk-into-authored-trunk,-771.953,-985.853,58.904,112.500,-109.915,249.686,-785.261,-1000.239,-25.923,-765.916,-995.982,-17.789,1.0000,0.9375,-791.885,-972.737,50.826,-757.479,-1008.417,52.725,0.2178,0.0000,1.6000,1,-100.000,550.000,0.0000,0.0000,0,0,-757.479,-1008.417,52.725,0.000,0,-1.000000,1.000,28.924,-1.000000,0.0000,0.0000,0,0,0.000,1.000,19.607,-757.479,-1008.417,52.725,0,0,0,99.162758
444,63.0921,walk-into-authored-trunk,-777.017,-999.654,58.904,112.500,-110.314,249.260,-786.203,-999.901,-25.927,-777.208,-1030.125,-19.894,1.0000,0.9375,-797.240,-988.074,49.921,-762.092,-1020.989,51.633,0.3403,0.0000,1.6000,1,-100.000,550.000,0.0000,0.0000,0,0,-762.092,-1020.989,51.633,0.000,0,-1.000000,1.000,28.924,-1.000000,0.0000,0.0000,0,0,0.000,1.000,19.607,-762.092,-1020.989,51.633,0,0,0,99.160667
445,63.2273,walk-into-authored-trunk,-782.343,-1013.843,58.904,112.500,-110.740,248.800,-787.122,-999.536,-26.132,-786.926,-1057.342,-25.746,1.0000,0.9375,-804.380,-1010.183,47.569,-764.476,-1028.248,48.042,0.4666,0.0000,1.6000,1,-100.000,550.000,0.0000,0.0000,0,0,-764.476,-1028.248,48.042,0.000,0,-1.000000,1.000,28.924,-1.000000,0.0000,0.0000,0,0,0.000,1.000,19.607,-764.476,-1028.248,48.042,0,0,0,99.158511
446,63.3616,walk-into-authored-trunk,-787.779,-1027.987,58.634,112.500,-111.200,248.316,-792.598,-1015.136,-23.853,-789.235,-1061.667,-26.432,1.0000,0.9375,-811.426,-1033.629,49.207,-765.830,-1033.389,48.010,0.5929,0.0000,1.6000,1,-100.000,550.000,0.0000,0.0000,0,0,-765.830,-1033.389,48.010,0.000,0,-1.000000,1.000,28.924,-1.000000,0.0000,0.0000,0,0,0.000,1.000,19.607,-765.830,-1033.389,48.010,0,0,0,99.156356
447,63.5174,walk-into-authored-trunk,-794.203,-1044.284,58.634,112.500,-111.684,247.725,-806.067,-1052.650,-17.848,-790.645,-1061.254,-26.250,1.0000,0.9375,-818.971,-1054.771,52.626,-770.286,-1044.495,50.603,0.7388,0.0000,1.6000,1,-100.000,550.000,0.0000,0.0000,0,0,-770.286,-1044.495,50.603,0.000,0,-1.000000,1.000,28.924,-1.000000,0.0000,0.0000,0,0,0.000,1.000,19.607,-770.286,-1044.495,50.603,0,0,0,99.153865
448,63.6470,walk-into-authored-trunk,-799.689,-1057.826,58.634,112.500,-112.275,247.197,-818.364,-1085.573,-21.090,-791.675,-1060.948,-26.092,1.0000,0.9375,-824.177,-1065.488,50.924,-776.966,-1060.921,49.325,0.8606,0.0000,1.6000,1,-100.000,550.000,0.0000,0.0000,0,0,-776.966,-1060.921,49.325,0.000,0,-1.000000,1.000,28.924,-1.000000,0.0000,0.0000,0,0,0.000,1.000,19.607,-776.966,-1060.921,49.325,0,0,0,99.151787
449,63.7853,walk-into-authored-trunk,-805.648,-1072.142,58.634,112.500,-112.803,246.603,-828.285,-1110.474,-26.178,-792.478,-1060.775,-26.299,1.0000,0.9375,-828.272,-1071.188,47.551,-786.658,-1083.951,47.402,0.9898,0.0000,1.6000,1,-100.000,550.000,0.0000,0.0000,0,0,-786.658,-1083.951,47.402,0.000,0,-1.000000,1.000,28.924,-1.000000,0.0000,0.0000,0,0,0.000,1.000,19.607,-786.658,-1083.951,47.402,0,0,0,99.149581
450,63.9218,walk-into-authored-trunk,-811.713,-1086.311,58.634,112.500,-113.397,245.972,-829.955,-1111.079,-26.327,-800.945,-1081.822,-22.417,1.0000,0.9375,-831.838,-1075.639,48.625,-797.033,-1106.676,50.034,0.1183,0.0000,1.6000,1,-100.000,550.000,0.0000,0.0000,0,0,-797.033,-1106.676,50.034,0.000,0,-1.000000,1.000,28.924,-1.000000,0.0000,0.0000,0,0,0.000,1.000,19.607,-797.033,-1106.676,50.034,0,0,0,99.147389
451,64.0525,walk-into-authored-trunk,-817.631,-1099.743,58.634,112.500,-114.028,245.328,-830.969,-1110.607,-26.262,-813.721,-1113.946,-17.820,1.0000,0.9375,-836.431,-1084.971,50.613,-804.892,-1123.477,52.530,0.2406,0.0000,1.6000,1,-100.000,550.000,0.0000,0.0000,0,0,-804.892,-1123.477,52.530,0.000,0,-1.000000,1.000,28.924,-1.000000,0.0000,0.0000,0,0,0.000,1.000,19.607,-804.892,-1123.477,52.530,0,0,0,99.145302
452,64.1826,walk-into-authored-trunk,-823.691,-1113.095,58.634,112.500,-114.672,244.637,-831.932,-1110.025,-26.320,-827.541,-1146.634,-21.421,1.0000,0.9375,-843.392,-1101.030,49.027,-810.036,-1134.609,50.602,0.3628,0.0000,1.6000,1,-100.000,550.000,0.0000,0.0000,0,0,-810.036,-1134.609,50.602,0.000,0,-1.000000,1.000,28.924,-1.000000,0.0000,0.0000,0,0,0.000,1.000,19.607,-810.036,-1134.609,50.602,0,0,0,99.143217
453,64.3109,walk-into-authored-trunk,-829.798,-1126.144,58.634,112.500,-115.363,243.904,-832.731,-1109.575,-26.298,-838.129,-1169.534,-26.259,1.0000,0.9375,-851.965,-1121.950,47.355,-812.637,-1140.731,47.597,0.4828,0.0000,1.6000,1,-100.000,550.000,0.0000,0.0000,0,0,-812.637,-1140.731,47.597,0.000,0,-1.000000,1.000,28.924,-1.000000,0.0000,0.0000,0,0,0.000,1.000,19.607,-812.637,-1140.731,47.597,0,0,0,99.141168
454,64.4406,walk-into-authored-trunk,-836.155,-1139.295,58.634,112.500,-116.096,243.098,-840.265,-1127.272,-23.246,-839.890,-1171.496,-26.402,1.0000,0.9375,-860.320,-1143.620,49.554,-814.318,-1145.850,48.241,0.6046,0.0000,1.6000,1,-100.000,550.000,0.0000,0.0000,0,0,-814.318,-1145.850,48.241,0.000,0,-1.000000,1.000,28.924,-1.000000,0.0000,0.0000,0,0,0.000,1.000,19.607,-814.318,-1145.850,48.241,0,0,0,99.139090
455,64.5734,walk-into-authored-trunk,-842.830,-1152.634,58.634,112.500,-116.902,242.198,-854.699,-1158.264,-17.925,-841.305,-1171.006,-26.214,1.0000,0.9375,-868.424,-1160.761,52.600,-819.059,-1155.096,50.587,0.7289,0.0000,1.6000,1,-100.000,550.000,0.0000,0.0000,0,0,-819.059,-1155.096,50.587,0.000,0,-1.000000,1.000,28.924,-1.000000,0.0000,0.0000,0,0,0.000,1.000,19.607,-819.059,-1155.096,50.587,0,0,0,99.136969
456,64.7020,walk-into-authored-trunk,-849.508,-1165.494,58.634,112.500,-117.802,241.231,-870.177,-1189.862,-20.647,-842.415,-1170.539,-26.249,1.0000,0.9375,-874.795,-1171.215,51.076,-826.958,-1170.247,49.406,0.8496,0.0000,1.6000,1,-100.000,550.000,0.0000,0.0000,0,0,-826.958,-1170.247,49.406,0.000,0,-1.000000,1.000,28.924,-1.000000,0.0000,0.0000,0,0,0.000,1.000,19.607,-826.958,-1170.247,49.406,0,0,0,99.134908
457,64.8313,walk-into-authored-trunk,-856.409,-1178.270,58.897,112.500,-118.769,240.152,-882.827,-1213.599,-25.691,-843.200,-1170.350,-26.100,1.0000,0.9375,-879.398,-1176.362,48.008,-838.059,-1190.629,47.593,0.9706,0.0000,1.6000,1,-100.000,550.000,0.0000,0.0000,0,0,-838.059,-1190.629,47.593,0.000,0,-1.000000,1.000,28.924,-1.000000,0.0000,0.0000,0,0,0.000,1.000,19.607,-838.059,-1190.629,47.593,0,0,0,99.132843
458,64.9611,walk-into-authored-trunk,-863.598,-1191.020,58.897,112.500,-119.848,238.924,-885.804,-1216.411,-25.997,-850.993,-1185.183,-23.421,1.0000,0.9375,-882.961,-1179.773,48.448,-850.349,-1211.652,49.602,0.0926,0.0000,1.6000,1,-100.000,550.000,0.0000,0.0000,0,0,-850.349,-1211.652,49.602,0.000,0,-1.000000,1.000,28.924,-1.000000,0.0000,0.0000,0,0,0.000,1.000,19.607,-850.349,-1211.652,49.602,0,0,0,99.130761
459,65.0933,walk-into-authored-trunk,-871.146,-1203.787,58.897,112.500,-121.076,237.497,-887.081,-1215.495,-25.931,-867.058,-1214.651,-17.829,1.0000,0.9375,-888.174,-1187.080,50.805,-861.304,-1228.708,52.700,0.2162,0.0000,1.6000,1,-100.000,550.000,0.0000,0.0000,0,0,-861.304,-1228.708,52.700,0.000,0,-1.000000,1.000,28.924,-1.000000,0.0000,0.0000,0,0,0.000,1.000,19.607,-861.304,-1228.708,52.700,0,0,0,99.128652
460,65.2226,walk-into-authored-trunk,-878.859,-1216.161,58.897,112.500,-122.503,235.850,-888.033,-1214.736,-25.968,-885.264,-1245.535,-19.809,1.0000,0.9375,-896.122,-1200.475,49.932,-868.822,-1240.249,51.657,0.3377,0.0000,1.6000,1,-100.000,550.000,0.0000,0.0000,0,0,-868.822,-1240.249,51.657,0.000,0,-1.000000,1.000,28.924,-1.000000,0.0000,0.0000,0,0,0.000,1.000,19.607,-868.822,-1240.249,51.657,0,0,0,99.126578
461,65.3521,walk-into-authored-trunk,-881.264,-1223.605,59.083,31.897,-124.150,233.879,-888.929,-1219.212,-26.037,-890.501,-1255.873,-22.188,0.9113,0.2658,-899.373,-1209.597,49.604,-870.588,-1246.069,50.981,0.3720,0.0000,1.6000,1,-100.000,550.000,0.0000,0.0000,0,0,-870.588,-1246.069,50.981,0.000,0,-1.000000,1.000,28.924,-1.000000,0.0000,0.0000,0,0,0.000,1.000,19.607,-870.588,-1246.069,50.981,0,0,0,99.124513
462,65.4811,walk-into-authored-trunk,-879.202,-1226.524,59.097,26.811,-126.121,231.495,-885.935,-1221.394,-26.457,-889.250,-1258.878,-24.554,0.7660,0.2234,-897.805,-1214.476,49.655,-867.370,-1247.594,50.624,0.4008,0.0000,1.6000,1,-100.000,550.000,0.0000,0.0000,0,0,-867.370,-1247.594,50.624,0.000,0,-1.000000,1.000,28.924,-1.000000,0.0000,0.0000,0,0,0.000,1.000,19.607,-867.370,-1247.594,50.624,0,0,0,99.122448
463,65.6172,walk-into-authored-trunk,-877.295,-1229.353,59.112,24.971,-128.505,228.826,-883.037,-1222.589,-26.390,-889.263,-1261.866,-25.537,0.7134,0.2081,-896.470,-1218.090,49.911,-865.382,-1249.543,50.603,0.4291,0.0000,1.6000,1,-100.000,550.000,0.0000,0.0000,0,0,-865.382,-1249.543,50.603,0.000,0,-1.000000,1.000,28.924,-1.000000,0.0000,0.0000,0,0,0.000,1.000,19.607,-865.382,-1249.543,50.603,0,0,0,99.120272
464,65.7507,walk-into-authored-trunk,-875.636,-1232.114,59.126,24.177,-131.174,226.189,-880.076,-1223.560,-26.809,-889.627,-1264.451,-26.613,0.6908,0.2015,-895.214,-1221.238,49.659,-863.771,-1251.680,50.093,0.4561,0.0000,1.6000,1,-100.000,550.000,0.0000,0.0000,0,0,-863.771,-1251.680,50.093,0.000,0,-1.000000,1.000,28.924,-1.000000,0.0000,0.0000,0,0,0.000,1.000,19.607,-863.771,-1251.680,50.093,0,0,0,99.118129
465,65.8814,walk-into-authored-trunk,-874.180,-1234.804,59.139,23.685,-133.811,223.658,-877.146,-1224.601,-26.898,-889.917,-1266.601,-27.011,0.6767,0.1974,-894.191,-1224.169,49.834,-862.318,-1253.828,50.012,0.4818,0.0000,1.6000,1,-100.000,550.000,0.0000,0.0000,0,0,-862.318,-1253.828,50.012,0.000,0,-1.000000,1.000,28.924,-1.000000,0.0000,0.0000,0,0,0.000,1.000,19.607,-862.318,-1253.828,50.012,0,0,0,99.116046
466,66.0113,walk-into-authored-trunk,-872.849,-1237.508,59.153,23.329,-136.342,221.163,-874.360,-1226.562,-27.025,-889.283,-1268.307,-27.027,0.6665,0.1944,-892.978,-1227.337,50.028,-860.570,-1256.343,49.959,0.5072,0.0000,1.6000,1,-100.000,550.000,0.0000,0.0000,0,0,-860.570,-1256.343,49.959,0.000,0,-1.000000,1.000,28.924,-1.000000,0.0000,0.0000,0,0,0.000,1.000,19.607,-860.570,-1256.343,49.959,0,0,0,99.113960
467,66.1419,walk-into-authored-trunk,-871.647,-1240.228,59.166,23.040,-138.837,218.708,-873.289,-1229.603,-26.846,-887.937,-1268.620,-26.822,0.6583,0.1920,-892.277,-1230.154,50.250,-859.250,-1258.650,49.934,0.5322,0.0000,1.6000,1,-100.000,550.000,0.0000,0.0000,0,0,-859.250,-1258.650,49.934,0.000,0,-1.000000,1.000,28.924,-1.000000,0.0000,0.0000,0,0,0.000,1.000,19.607,-859.250,-1258.650,49.934,0,0,0,99.111874
468,66.2772,retreat-from-authored-trunk,-870.515,-1243.074,59.181,22.835,-141.292,216.191,-872.557,-1233.034,-26.211,-886.507,-1269.227,-26.560,0.6524,0.1903,-891.601,-1232.937,50.670,-857.926,-1261.128,50.125,0.5580,0.0000,1.6000,1,-100.000,550.000,0.0000,0.0000,0,0,-857.926,-1261.128,50.125,0.000,0,-1.000000,1.000,28.924,-1.000000,0.0000,0.0000,0,0,0.000,1.000,19.607,-857.926,-1261.128,50.125,0,0,0,99.109703
469,66.4262,retreat-from-authored-trunk,-864.314,-1240.138,59.181,65.661,-96.739,213.474,-872.656,-1234.799,-20.770,-857.099,-1267.675,-25.705,1.0000,0.5472,-885.710,-1254.151,51.316,-841.445,-1237.121,49.664,0.6393,0.0000,1.6000,1,-100.000,550.000,0.0000,0.0000,0,0,-841.445,-1237.121,49.664,0.000,0,-1.000000,1.000,28.924,-1.000000,0.0000,0.0000,0,0,0.000,1.000,19.607,-841.445,-1237.121,49.664,0,0,0,99.107327
470,66.5652,retreat-from-authored-trunk,-853.144,-1232.869,59.181,101.250,-54.895,212.084,-850.592,-1249.953,-17.256,-838.383,-1237.477,-25.719,1.0000,0.8438,-857.921,-1259.349,53.179,-839.882,-1212.960,51.154,0.7570,0.0000,1.6000,1,-100.000,550.000,0.0000,0.0000,0,0,-839.882,-1212.960,51.154,0.000,0,-1.000000,1.000,28.924,-1.000000,0.0000,0.0000,0,0,0.000,1.000,19.607,-839.882,-1212.960,51.154,0,0,0,99.105095
471,66.7041,retreat-from-authored-trunk,-841.310,-1225.341,59.181,101.250,-13.337,211.858,-809.152,-1239.728,-21.385,-841.007,-1216.606,-25.698,1.0000,0.8438,-830.565,-1248.249,50.935,-841.070,-1202.526,49.435,0.8738,0.0000,1.6000,1,-100.000,550.000,0.0000,0.0000,0,0,-841.070,-1202.526,49.435,0.000,0,-1.000000,1.000,28.924,-1.000000,0.0000,0.0000,0,0,0.000,1.000,19.607,-841.070,-1202.526,49.435,0,0,0,99.102879
472,66.8425,retreat-from-authored-trunk,-829.402,-1217.904,59.181,101.250,28.261,211.858,-787.704,-1202.310,-25.643,-846.892,-1218.530,-25.754,1.0000,0.8438,-812.465,-1232.912,48.088,-836.678,-1196.746,47.953,0.9908,0.0000,1.6000,1,-100.000,550.000,0.0000,0.0000,0,0,-836.678,-1196.746,47.953,0.000,0,-1.000000,1.000,28.924,-1.000000,0.0000,0.0000,0,0,0.000,1.000,19.607,-836.678,-1196.746,47.953,0,0,0,99.100660
473,66.9809,retreat-from-authored-trunk,-817.515,-1210.511,59.181,101.250,31.858,211.858,-787.362,-1199.776,-25.778,-829.971,-1208.765,-22.444,1.0000,0.8438,-806.535,-1230.282,48.971,-818.562,-1185.687,50.274,0.1075,0.0000,1.6000,1,-100.000,550.000,0.0000,0.0000,0,0,-818.562,-1185.687,50.274,0.000,0,-1.000000,1.000,28.924,-1.000000,0.0000,0.0000,0,0,0.000,1.000,19.607,-818.562,-1185.687,50.274,0,0,0,99.098448
474,67.1179,retreat-from-authored-trunk,-805.702,-1203.170,59.181,101.250,31.858,211.858,-786.904,-1200.484,-25.672,-803.418,-1190.950,-17.442,1.0000,0.8438,-798.229,-1225.842,51.117,-803.060,-1176.454,53.024,0.2234,0.0000,1.6000,1,-100.000,550.000,0.0000,0.0000,0,0,-803.060,-1176.454,53.024,0.000,0,-1.000000,1.000,28.924,-1.000000,0.0000,0.0000,0,0,0.000,1.000,19.607,-803.060,-1176.454,53.024,0,0,0,99.096250
475,67.2538,retreat-from-authored-trunk,-794.032,-1195.917,59.181,101.250,31.858,211.858,-786.396,-1201.186,-25.681,-775.522,-1172.189,-19.532,1.0000,0.8438,-785.250,-1217.524,50.215,-792.664,-1169.862,51.939,0.3379,0.0000,1.6000,1,-100.000,550.000,0.0000,0.0000,0,0,-792.664,-1169.862,51.939,0.000,0,-1.000000,1.000,28.924,-1.000000,0.0000,0.0000,0,0,0.000,1.000,19.607,-792.664,-1169.862,51.939,0,0,0,99.094079
476,67.3932,retreat-from-authored-trunk,-782.030,-1188.459,59.181,101.250,31.858,211.858,-785.927,-1201.920,-25.934,-752.535,-1156.968,-25.286,1.0000,0.8438,-767.482,-1205.260,47.829,-786.815,-1165.691,48.445,0.4557,0.0000,1.6000,1,-100.000,550.000,0.0000,0.0000,0,0,-786.815,-1165.691,48.445,0.000,0,-1.000000,1.000,28.924,-1.000000,0.0000,0.0000,0,0,0.000,1.000,19.607,-786.815,-1165.691,48.445,0,0,0,99.091846
477,67.5309,retreat-from-authored-trunk,-770.214,-1181.116,59.181,101.250,31.858,211.858,-775.622,-1195.754,-24.003,-746.574,-1153.847,-25.624,1.0000,0.8438,-748.727,-1191.948,49.448,-782.988,-1163.033,48.469,0.5716,0.0000,1.6000,1,-100.000,550.000,0.0000,0.0000,0,0,-782.988,-1163.033,48.469,0.000,0,-1.000000,1.000,28.924,-1.000000,0.0000,0.0000,0,0,0.000,1.000,19.607,-782.988,-1163.033,48.469,0,0,0,99.089648
478,67.6683,retreat-from-authored-trunk,-758.375,-1173.759,59.181,101.250,31.858,211.858,-751.136,-1179.157,-18.723,-746.225,-1154.400,-25.962,1.0000,0.8438,-732.857,-1180.538,52.292,-776.724,-1158.794,50.381,0.6877,0.0000,1.6000,1,-100.000,550.000,0.0000,0.0000,0,0,-776.724,-1158.794,50.381,0.000,0,-1.000000,1.000,28.924,-1.000000,0.0000,0.0000,0,0,0.000,1.000,19.607,-776.724,-1158.794,50.381,0,0,0,99.087445
479,67.8051,retreat-from-authored-trunk,-746.626,-1166.458,59.181,101.250,31.858,211.858,-722.835,-1160.118,-18.026,-745.669,-1155.034,-25.638,1.0000,0.8438,-720.930,-1173.094,52.816,-765.194,-1151.653,50.873,0.8030,0.0000,1.6000,1,-100.000,550.000,0.0000,0.0000,0,0,-765.194,-1151.653,50.873,0.000,0,-1.000000,1.000,28.924,-1.000000,0.0000,0.0000,0,0,0.000,1.000,19.607,-765.194,-1151.653,50.873,0,0,0,99.085259
480,67.9430,retreat-from-authored-trunk,-734.744,-1159.074,59.181,101.250,31.858,211.858,-697.596,-1143.290,-24.004,-745.240,-1155.822,-26.003,1.0000,0.8438,-712.936,-1169.387,49.324,-748.186,-1141.186,48.247,0.9196,0.0000,1.6000,1,-100.000,550.000,0.0000,0.0000,0,0,-748.186,-1141.186,48.247,0.000,0,-1.000000,1.000,28.924,-1.000000,0.0000,0.0000,0,0,0.000,1.000,19.607,-748.186,-1141.186,48.247,0,0,0,99.083048
481,68.0824,retreat-from-authored-trunk,-722.782,-1151.641,59.181,101.250,31.858,211.858,-685.833,-1135.946,-25.805,-740.356,-1153.386,-25.322,1.0000,0.8438,-707.885,-1167.999,47.911,-728.157,-1129.072,48.423,0.0369,0.0000,1.6000,1,-100.000,550.000,0.0000,0.0000,0,0,-728.157,-1129.072,48.423,0.000,0,-1.000000,1.000,28.924,-1.000000,0.0000,0.0000,0,0,0.000,1.000,19.607,-728.157,-1129.072,48.423,0,0,0,99.080823
482,68.2227,retreat-from-authored-trunk,-710.697,-1144.130,59.181,101.250,31.858,211.858,-685.212,-1136.737,-25.676,-717.704,-1138.522,-19.847,1.0000,0.8438,-701.723,-1165.574,50.080,-709.560,-1118.203,51.765,0.1555,0.0000,1.6000,1,-100.000,550.000,0.0000,0.0000,0,0,-709.560,-1118.203,51.765,0.000,0,-1.000000,1.000,28.924,-1.000000,0.0000,0.0000,0,0,0.000,1.000,19.607,-709.560,-1118.203,51.765,0,0,0,99.078574
483,68.3608,retreat-from-authored-trunk,-698.834,-1136.759,59.181,101.250,31.858,211.858,-684.782,-1137.446,-25.687,-689.524,-1119.569,-17.360,1.0000,0.8438,-691.418,-1159.461,51.129,-696.150,-1110.015,53.042,0.2719,0.0000,1.6000,1,-100.000,550.000,0.0000,0.0000,0,0,-696.150,-1110.015,53.042,0.000,0,-1.000000,1.000,28.924,-1.000000,0.0000,0.0000,0,0,0.000,1.000,19.607,-696.150,-1110.015,53.042,0,0,0,99.076367
484,68.4985,retreat-from-authored-trunk,-686.981,-1129.393,59.181,101.250,31.858,211.858,-684.260,-1138.203,-25.724,-662.616,-1101.599,-22.187,1.0000,0.8438,-676.157,-1149.367,49.089,-687.758,-1104.491,50.447,0.3882,0.0000,1.6000,1,-100.000,550.000,0.0000,0.0000,0,0,-687.758,-1104.491,50.447,0.000,0,-1.000000,1.000,28.924,-1.000000,0.0000,0.0000,0,0,0.000,1.000,19.607,-687.758,-1104.491,50.447,0,0,0,99.074162
485,68.6363,retreat-from-authored-trunk,-675.173,-1122.055,59.181,101.250,31.858,211.858,-683.616,-1138.320,-25.711,-645.164,-1089.803,-25.791,1.0000,0.8438,-657.795,-1136.022,48.037,-683.482,-1100.921,47.982,0.5041,0.0000,1.6000,1,-100.000,550.000,0.0000,0.0000,0,0,-683.482,-1100.921,47.982,0.000,0,-1.000000,1.000,28.924,-1.000000,0.0000,0.0000,0,0,0.000,1.000,19.607,-683.482,-1100.921,47.982,0,0,0,99.071965
486,68.7712,retreat-from-authored-trunk,-663.527,-1114.818,59.181,101.250,31.858,211.858,-665.004,-1126.268,-21.738,-644.512,-1090.478,-25.621,1.0000,0.8438,-640.097,-1123.477,50.765,-679.241,-1098.178,49.311,0.6183,0.0000,1.6000,1,-100.000,550.000,0.0000,0.0000,0,0,-679.241,-1098.178,49.311,0.000,0,-1.000000,1.000,28.924,-1.000000,0.0000,0.0000,0,0,0.000,1.000,19.607,-679.241,-1098.178,49.311,0,0,0,99.069798
487,68.9059,retreat-from-authored-trunk,-651.957,-1107.628,59.181,101.250,31.858,211.858,-638.483,-1108.678,-17.342,-644.031,-1091.345,-25.677,1.0000,0.8438,-625.836,-1113.936,53.157,-671.033,-1093.216,51.141,0.7318,0.0000,1.6000,1,-100.000,550.000,0.0000,0.0000,0,0,-671.033,-1093.216,51.141,0.000,0,-1.000000,1.000,28.924,-1.000000,0.0000,0.0000,0,0,0.000,1.000,19.607,-671.033,-1093.216,51.141,0,0,0,99.067646
488,69.0410,retreat-from-authored-trunk,-640.321,-1100.397,59.181,101.250,31.858,211.858,-610.681,-1090.087,-19.994,-643.572,-1092.155,-25.756,1.0000,0.8438,-615.536,-1108.078,51.677,-657.550,-1084.933,49.974,0.8460,0.0000,1.6000,1,-100.000,550.000,0.0000,0.0000,0,0,-657.550,-1084.933,49.974,0.000,0,-1.000000,1.000,28.924,-1.000000,0.0000,0.0000,0,0,0.000,1.000,19.607,-657.550,-1084.933,49.974,0,0,0,99.065481
489,69.1783,retreat-from-authored-trunk,-628.538,-1093.075,59.181,101.250,31.858,211.858,-588.586,-1075.462,-25.292,-643.066,-1092.825,-25.879,1.0000,0.8438,-608.921,-1105.499,48.404,-639.113,-1073.628,47.860,0.9616,0.0000,1.6000,1,-100.000,550.000,0.0000,0.0000,0,0,-639.113,-1073.628,47.860,0.000,0,-1.000000,1.000,28.924,-1.000000,0.0000,0.0000,0,0,0.000,1.000,19.607,-639.113,-1073.628,47.860,0,0,0,99.063289
