mesh,layer,x,y,z,scale_error,ground_error_cm,height_cm,near_triangles,far_triangles,materials_ready,placement_valid,collision_valid
/Game/Trials/Fern02_20260920_01/Meshes/SM_Fern02_a.SM_Fern02_a,fern,-1531.363405,-334.521725,-10.055499,0.000000,0.000000,28.680353,784,784,1,1,1
/Game/Trials/Fern02_20260920_01/Meshes/SM_Fern02_b.SM_Fern02_b,fern,-2845.385498,34.768360,-15.762360,0.000000,0.000000,42.769469,2384,2384,1,1,1
/Game/Trials/Fern02_20260920_01/Meshes/SM_Fern02_c.SM_Fern02_c,fern,-1483.009640,-2904.568603,-32.614510,0.000000,0.000000,34.902037,2248,2248,1,1,1
/Game/Trials/Fern02_20260920_01/Meshes/SM_Fern02_d.SM_Fern02_d,fern,-1664.905757,-94.879302,-12.192411,0.000000,0.000000,21.308755,816,816,1,1,1
/Game/Trials/Fern02_20260920_01/Meshes/SM_Fern02_a.SM_Fern02_a,fern,-1278.763669,2836.927003,3.289010,0.000000,0.000000,28.680353,784,784,1,1,1
/Game/Trials/Fern02_20260920_01/Meshes/SM_Fern02_b.SM_Fern02_b,fern,-1328.365112,-1773.250366,-27.287514,0.000000,0.000000,42.769469,2384,2384,1,1,1
/Game/Trials/Fern02_20260920_01/Meshes/SM_Fern02_c.SM_Fern02_c,fern,-1685.267700,195.856901,-13.749724,0.000000,0.000000,34.902037,2248,2248,1,1,1
/Game/Trials/Fern02_20260920_01/Meshes/SM_Fern02_d.SM_Fern02_d,fern,2905.971928,2477.065431,48.280720,0.000000,0.000000,21.308755,816,816,1,1,1
/Game/Trials/Fern02_20260920_01/Meshes/SM_Fern02_a.SM_Fern02_a,fern,-2716.501465,1927.049927,-13.743385,0.000000,0.000000,28.680353,784,784,1,1,1
/Game/Trials/Fern02_20260920_01/Meshes/SM_Fern02_b.SM_Fern02_b,fern,-1575.521118,483.298279,-13.788717,0.000000,0.000000,42.769469,2384,2384,1,1,1
/Game/Trials/Fern02_20260920_01/Meshes/SM_Fern02_c.SM_Fern02_c,fern,2976.432621,-2762.645994,10.810324,0.000000,0.000000,34.902037,2248,2248,1,1,1
/Game/Trials/Fern02_20260920_01/Meshes/SM_Fern02_a.SM_Fern02_a,fern,-1344.474243,709.217345,-10.777308,0.000000,0.000000,28.680353,784,784,1,1,1
/Game/Trials/Fern02_20260920_01/Meshes/SM_Fern02_b.SM_Fern02_b,fern,-1586.064209,-2645.932373,-33.757694,0.000000,0.000000,42.769469,2384,2384,1,1,1
/Game/Trials/Fern02_20260920_01/Meshes/SM_Fern02_c.SM_Fern02_c,fern,2712.622557,76.577849,17.997700,0.000000,0.000000,34.902037,2248,2248,1,1,1
/Game/Trials/Fern02_20260920_01/Meshes/SM_Fern02_d.SM_Fern02_d,fern,-1026.372315,823.289856,-4.761095,0.000000,0.000000,21.308755,816,816,1,1,1
/Game/Trials/Fern02_20260920_01/Meshes/SM_Fern02_a.SM_Fern02_a,fern,-1297.052247,-1498.476075,-27.815445,0.000000,0.000000,28.680353,784,784,1,1,1
/Game/Trials/Fern02_20260920_01/Meshes/SM_Fern02_b.SM_Fern02_b,fern,149.968369,-2741.372314,-7.523408,0.000000,0.000000,42.769469,2384,2384,1,1,1
/Game/Trials/Fern02_20260920_01/Meshes/SM_Fern02_c.SM_Fern02_c,fern,-675.481078,793.750188,1.677959,0.000000,0.000000,34.902037,2248,2248,1,1,1
/Game/Trials/Fern02_20260920_01/Meshes/SM_Fern02_d.SM_Fern02_d,fern,-2560.938966,2156.587889,-11.049292,0.000000,0.000000,21.308755,816,816,1,1,1
/Game/Trials/Fern02_20260920_01/Meshes/SM_Fern02_a.SM_Fern02_a,fern,-3428.627928,-2823.026609,-37.408497,0.000000,0.000000,28.680353,784,784,1,1,1
/Game/Trials/Fern02_20260920_01/Meshes/SM_Fern02_d.SM_Fern02_d,fern,-3363.242184,-206.514705,-14.447880,0.000000,0.000000,21.308755,816,816,1,1,1
/Game/Trials/Fern02_20260920_01/Meshes/SM_Fern02_a.SM_Fern02_a,fern,-132.058455,309.401431,4.212962,0.000000,0.000000,28.680353,784,784,1,1,1
/Game/Trials/Fern02_20260920_01/Meshes/SM_Fern02_b.SM_Fern02_b,fern,2995.625000,86.308266,15.115543,0.000000,0.000000,42.769469,2384,2384,1,1,1
/Game/Trials/Fern02_20260920_01/Meshes/SM_Fern02_c.SM_Fern02_c,fern,-1364.445066,2897.099613,2.038096,0.000000,0.000000,34.902037,2248,2248,1,1,1
/Game/Trials/Fern02_20260920_01/Meshes/SM_Fern02_a.SM_Fern02_a,fern,411.587770,-2860.405026,-4.120660,0.000000,0.000000,28.680353,784,784,1,1,1
/Game/Trials/Fern02_20260920_01/Meshes/SM_Fern02_b.SM_Fern02_b,fern,2771.922363,2567.772949,48.143166,0.000000,0.000000,42.769469,2384,2384,1,1,1
/Game/Trials/Fern02_20260920_01/Meshes/SM_Fern02_d.SM_Fern02_d,fern,-3243.261961,-3048.919673,-36.238312,0.000000,0.000000,21.308755,816,816,1,1,1
/Game/Trials/Fern02_20260920_01/Meshes/SM_Fern02_a.SM_Fern02_a,fern,2852.945556,-2596.315431,10.615615,0.000000,0.000000,28.680353,784,784,1,1,1
/Game/Trials/Fern02_20260920_01/Meshes/SM_Fern02_b.SM_Fern02_b,fern,-386.626770,-802.106873,-25.381107,0.000000,0.000000,42.769469,2384,2384,1,1,1
/Game/Trials/Fern02_20260920_01/Meshes/SM_Fern02_c.SM_Fern02_c,fern,-3294.134765,-495.744380,-20.484011,0.000000,0.000000,34.902037,2248,2248,1,1,1
/Game/Trials/Fern02_20260920_01/Meshes/SM_Fern02_d.SM_Fern02_d,fern,-1647.492310,-2409.247073,-33.619545,0.000000,0.000000,21.308755,816,816,1,1,1
/Game/Trials/Fern02_20260920_01/Meshes/SM_Fern02_a.SM_Fern02_a,fern,-760.724732,-1009.554017,-29.466988,0.000000,0.000000,28.680353,784,784,1,1,1
/Game/Trials/Fern02_20260920_01/Meshes/SM_Fern02_b.SM_Fern02_b,fern,-1675.403931,2972.588623,-0.087072,0.000000,0.000000,42.769469,2384,2384,1,1,1
/Game/Trials/Fern02_20260920_01/Meshes/SM_Fern02_c.SM_Fern02_c,fern,-1256.611572,-1224.453616,-28.811474,0.000000,0.000000,34.902037,2248,2248,1,1,1
/Game/Trials/Fern02_20260920_01/Meshes/SM_Fern02_d.SM_Fern02_d,fern,-1198.346802,-1045.925659,-29.545193,0.000000,0.000000,21.308755,816,816,1,1,1
/Game/Trials/Fern02_20260920_01/Meshes/SM_Fern02_a.SM_Fern02_a,fern,2515.652832,2724.370360,47.131042,0.000000,0.000000,28.680353,784,784,1,1,1
/Game/Trials/Fern02_20260920_01/Meshes/SM_Fern02_b.SM_Fern02_b,fern,-2399.882813,2416.854492,-6.946704,0.000000,0.000000,42.769469,2384,2384,1,1,1
/Game/Trials/Fern02_20260920_01/Meshes/SM_Fern02_c.SM_Fern02_c,fern,-1622.762936,-895.722165,-28.638899,0.000000,0.000000,34.902037,2248,2248,1,1,1
/Game/Trials/Fern02_20260920_01/Meshes/SM_Fern02_d.SM_Fern02_d,fern,2667.534912,-2371.191165,10.376093,0.000000,0.000000,21.308755,816,816,1,1,1
/Game/Trials/Fern02_20260920_01/Meshes/SM_Fern02_a.SM_Fern02_a,fern,1803.823608,2884.240726,39.031265,0.000000,0.000000,28.680353,784,784,1,1,1
/Game/Trials/Fern02_20260920_01/Meshes/SM_Fern02_c.SM_Fern02_c,fern,-1744.025024,-2137.781985,-33.427975,0.000000,0.000000,34.902037,2248,2248,1,1,1
/Game/Trials/Fern02_20260920_01/Meshes/SM_Fern02_d.SM_Fern02_d,fern,3346.337645,154.273947,13.555318,0.000000,0.000000,21.308755,816,816,1,1,1
/Game/Trials/Fern02_20260920_01/Meshes/SM_Fern02_b.SM_Fern02_b,fern,-1252.022949,-936.913269,-28.668980,0.000000,0.000000,42.769469,2384,2384,1,1,1
/Game/Trials/Fern02_20260920_01/Meshes/SM_Fern02_c.SM_Fern02_c,fern,782.360412,-2944.817138,-1.597264,0.000000,0.000000,34.902037,2248,2248,1,1,1
/Game/Trials/Fern02_20260920_01/Meshes/SM_Fern02_d.SM_Fern02_d,fern,-1469.115599,143.640226,-2.722035,0.000000,0.000000,21.308755,816,816,1,1,1
/Game/Trials/Fern02_20260920_01/Meshes/SM_Fern02_a.SM_Fern02_a,fern,-2292.247560,2685.001468,-4.025940,0.000000,0.000000,28.680353,784,784,1,1,1
/Game/Trials/Fern02_20260920_01/Meshes/SM_Fern02_b.SM_Fern02_b,fern,-2920.877441,-3289.020264,-36.353287,0.000000,0.000000,42.769469,2384,2384,1,1,1
/Game/Trials/Fern02_20260920_01/Meshes/SM_Fern02_c.SM_Fern02_c,fern,-1411.082521,358.557159,-4.348942,0.000000,0.000000,34.902037,2248,2248,1,1,1
/Game/Trials/Fern02_20260920_01/Meshes/SM_Fern02_d.SM_Fern02_d,fern,2003.465451,3096.772955,41.759506,0.000000,0.000000,21.308755,816,816,1,1,1
/Game/Trials/Fern02_20260920_01/Meshes/SM_Fern02_a.SM_Fern02_a,fern,-3086.508544,-863.788148,-28.007141,0.000000,0.000000,28.680353,784,784,1,1,1
/Game/Trials/Fern02_20260920_01/Meshes/SM_Fern02_b.SM_Fern02_b,fern,-1250.014282,540.273071,-4.920104,0.000000,0.000000,42.769469,2384,2384,1,1,1
/Game/Trials/Fern02_20260920_01/Meshes/SM_Fern02_c.SM_Fern02_c,fern,3613.526611,279.635987,15.436092,0.000000,0.000000,34.902037,2248,2248,1,1,1
/Game/Trials/Fern02_20260920_01/Meshes/SM_Fern02_d.SM_Fern02_d,fern,-1632.987425,2532.416013,3.941992,0.000000,0.000000,21.308755,816,816,1,1,1
/Game/Trials/Fern02_20260920_01/Meshes/SM_Fern02_a.SM_Fern02_a,fern,-1008.517578,641.232788,-3.833096,0.000000,0.000000,28.680353,784,784,1,1,1
/Game/Trials/Fern02_20260920_01/Meshes/SM_Fern02_b.SM_Fern02_b,fern,1081.203735,-2928.047119,-1.826019,0.000000,0.000000,42.769469,2384,2384,1,1,1
/Game/Trials/Fern02_20260920_01/Meshes/SM_Fern02_c.SM_Fern02_c,fern,2369.797121,2287.031492,44.629097,0.000000,0.000000,34.902037,2248,2248,1,1,1
/Game/Trials/Fern02_20260920_01/Meshes/SM_Fern02_d.SM_Fern02_d,fern,-729.259705,628.332464,-1.631971,0.000000,0.000000,21.308755,816,816,1,1,1
/Game/Trials/Fern02_20260920_01/Meshes/SM_Fern02_a.SM_Fern02_a,fern,-2861.605711,-2970.228517,-43.561100,0.000000,0.000000,28.680353,784,784,1,1,1
/Game/Trials/Fern02_20260920_01/Meshes/SM_Fern02_b.SM_Fern02_b,fern,2344.418945,-2724.919922,4.541963,0.000000,0.000000,42.769469,2384,2384,1,1,1
/Game/Trials/Fern02_20260920_01/Meshes/SM_Fern02_c.SM_Fern02_c,fern,-466.824276,490.587006,0.038940,0.000000,0.000000,34.902037,2248,2248,1,1,1
/Game/Trials/Fern02_20260920_01/Meshes/SM_Fern02_d.SM_Fern02_d,fern,-2888.184811,-647.041323,-23.396154,0.000000,0.000000,21.308755,816,816,1,1,1
/Game/Trials/Fern02_20260920_01/Meshes/SM_Fern02_a.SM_Fern02_a,fern,-2198.973881,-2336.626707,-42.681778,0.000000,0.000000,28.680353,784,784,1,1,1
/Game/Trials/Fern02_20260920_01/Meshes/SM_Fern02_b.SM_Fern02_b,fern,-276.852905,242.611557,-0.780134,0.000000,0.000000,42.769469,2384,2384,1,1,1
/Game/Trials/Fern02_20260920_01/Meshes/SM_Fern02_c.SM_Fern02_c,fern,-1364.238034,2618.371825,5.867112,0.000000,0.000000,34.902037,2248,2248,1,1,1
/Game/Trials/Fern02_20260920_01/Meshes/SM_Fern02_a.SM_Fern02_a,fern,-204.555921,-76.946862,-5.504533,0.000000,0.000000,28.680353,784,784,1,1,1
/Game/Trials/Fern02_20260920_01/Meshes/SM_Fern02_b.SM_Fern02_b,fern,2642.180908,2233.978760,47.044018,0.000000,0.000000,42.769469,2384,2384,1,1,1
/Game/Trials/Fern02_20260920_01/Meshes/SM_Fern02_c.SM_Fern02_c,fern,-2774.618409,2903.673340,-8.631327,0.000000,0.000000,34.902037,2248,2248,1,1,1
/Game/Trials/Fern02_20260920_01/Meshes/SM_Fern02_d.SM_Fern02_d,fern,-274.846741,-411.891909,-13.557571,0.000000,0.000000,21.308755,816,816,1,1,1
/Game/Trials/Fern02_20260920_01/Meshes/SM_Fern02_a.SM_Fern02_a,fern,2559.183345,-2899.155517,6.532991,0.000000,0.000000,28.680353,784,784,1,1,1
/Game/Trials/Fern02_20260920_01/Meshes/SM_Fern02_b.SM_Fern02_b,fern,1641.315430,3504.617920,35.684666,0.000000,0.000000,42.769469,2384,2384,1,1,1
/Game/Trials/Fern02_20260920_01/Meshes/SM_Fern02_c.SM_Fern02_c,fern,-486.113587,-698.765319,-21.517914,0.000000,0.000000,34.902037,2248,2248,1,1,1
/Game/Trials/Fern02_20260920_01/Meshes/SM_Fern02_d.SM_Fern02_d,fern,-2088.281983,-2591.482666,-42.701721,0.000000,0.000000,21.308755,816,816,1,1,1
/Game/Trials/Fern02_20260920_01/Meshes/SM_Fern02_a.SM_Fern02_a,fern,3444.082522,814.211426,28.214428,0.000000,0.000000,28.680353,784,784,1,1,1
/Game/Trials/Fern02_20260920_01/Meshes/SM_Fern02_b.SM_Fern02_b,fern,-808.981018,-879.041504,-26.093262,0.000000,0.000000,42.769469,2384,2384,1,1,1
/Game/Trials/Fern02_20260920_01/Meshes/SM_Fern02_c.SM_Fern02_c,fern,-1782.696656,-1213.558594,-28.591053,0.000000,0.000000,34.902037,2248,2248,1,1,1
/Game/Trials/Fern02_20260920_01/Meshes/SM_Fern02_d.SM_Fern02_d,fern,697.630131,-2576.550537,-9.411961,0.000000,0.000000,21.308755,816,816,1,1,1
/Game/Trials/Fern02_20260920_01/Meshes/SM_Fern02_a.SM_Fern02_a,fern,-1190.492802,-910.914060,-27.599289,0.000000,0.000000,28.680353,784,784,1,1,1
/Game/Trials/Fern02_20260920_01/Meshes/SM_Fern02_b.SM_Fern02_b,fern,-2917.665039,2657.895752,-10.814983,0.000000,0.000000,42.769469,2384,2384,1,1,1
/Game/Trials/Fern02_20260920_01/Meshes/SM_Fern02_c.SM_Fern02_c,fern,-2765.286373,-2894.964599,-45.444443,0.000000,0.000000,34.902037,2248,2248,1,1,1
/Game/Trials/Fern02_20260920_01/Meshes/SM_Fern02_d.SM_Fern02_d,fern,-1563.086545,-778.354305,-27.689257,0.000000,0.000000,21.308755,816,816,1,1,1
/Game/Trials/Fern02_20260920_01/Meshes/SM_Fern02_b.SM_Fern02_b,fern,-2730.145020,-568.387878,-22.471071,0.000000,0.000000,42.769469,2384,2384,1,1,1
/Game/Trials/Fern02_20260920_01/Meshes/SM_Fern02_c.SM_Fern02_c,fern,-1856.822263,-495.588442,-26.775274,0.000000,0.000000,34.902037,2248,2248,1,1,1
/Game/Trials/Fern02_20260920_01/Meshes/SM_Fern02_d.SM_Fern02_d,fern,3152.781498,776.578676,26.360018,0.000000,0.000000,21.308755,816,816,1,1,1
/Game/Trials/Fern02_20260920_01/Meshes/SM_Fern02_a.SM_Fern02_a,fern,-1146.422608,2640.952148,6.849160,0.000000,0.000000,28.680353,784,784,1,1,1
/Game/Trials/Fern02_20260920_01/Meshes/SM_Fern02_b.SM_Fern02_b,fern,-2012.607910,-105.958527,-25.518040,0.000000,0.000000,42.769469,2384,2384,1,1,1
/Game/Trials/Fern02_20260920_01/Meshes/SM_Fern02_c.SM_Fern02_c,fern,862.232975,-2261.017577,-13.009973,0.000000,0.000000,34.902037,2248,2248,1,1,1
/Game/Trials/Fern02_20260920_01/Meshes/SM_Fern02_d.SM_Fern02_d,fern,2886.376952,2161.723144,47.968369,0.000000,0.000000,21.308755,816,816,1,1,1
/Game/Trials/Fern02_20260920_01/Meshes/SM_Fern02_a.SM_Fern02_a,fern,-1993.949340,324.833312,-24.589771,0.000000,0.000000,28.680353,784,784,1,1,1
/Game/Trials/Fern02_20260920_01/Meshes/SM_Fern02_b.SM_Fern02_b,fern,-2552.388184,-2666.606445,-47.453224,0.000000,0.000000,42.769469,2384,2384,1,1,1
/Game/Trials/Fern02_20260920_01/Meshes/SM_Fern02_c.SM_Fern02_c,fern,2779.604979,-3081.381349,8.378434,0.000000,0.000000,34.902037,2248,2248,1,1,1
/Game/Trials/Fern02_20260920_01/Meshes/SM_Fern02_d.SM_Fern02_d,fern,-1794.912233,720.011901,-21.174286,0.000000,0.000000,21.308755,816,816,1,1,1
/Game/Trials/Fern02_20260920_01/Meshes/SM_Fern02_a.SM_Fern02_a,fern,-2469.732666,-425.628662,-22.458126,0.000000,0.000000,28.680353,784,784,1,1,1
/Game/Trials/Fern02_20260920_01/Meshes/SM_Fern02_b.SM_Fern02_b,fern,-1945.690308,-2871.514893,-41.342281,0.000000,0.000000,42.769469,2384,2384,1,1,1
/Game/Trials/Fern02_20260920_01/Meshes/SM_Fern02_c.SM_Fern02_c,fern,-1442.655640,1005.588379,-11.542589,0.000000,0.000000,34.902037,2248,2248,1,1,1
/Game/Trials/Fern02_20260920_01/Meshes/SM_Fern02_d.SM_Fern02_d,fern,-860.105470,2688.158690,6.964731,0.000000,0.000000,21.308755,816,816,1,1,1
/Game/Trials/Fern02_20260920_01/Meshes/SM_Fern02_a.SM_Fern02_a,fern,-1762.737791,-1553.148679,-29.821066,0.000000,0.000000,28.680353,784,784,1,1,1
/Game/Trials/Fern02_20260920_01/Meshes/SM_Fern02_c.SM_Fern02_c,fern,3169.051268,2108.158690,47.793152,0.000000,0.000000,34.902037,2248,2248,1,1,1
/Game/Trials/Fern02_20260920_01/Meshes/SM_Fern02_d.SM_Fern02_d,fern,-3044.481686,2316.408939,-12.641554,0.000000,0.000000,21.308755,816,816,1,1,1
/Game/Trials/Fern02_20260920_01/Meshes/SM_Fern02_a.SM_Fern02_a,fern,-814.972902,408.187656,-0.599657,0.000000,0.000000,28.680353,784,784,1,1,1
/Game/Trials/Fern02_20260920_01/Meshes/SM_Fern02_b.SM_Fern02_b,fern,3025.352539,-3231.208984,10.160069,0.000000,0.000000,42.769469,2384,2384,1,1,1
/Game/Trials/Fern02_20260920_01/Meshes/SM_Fern02_a.SM_Fern02_a,fern,-1769.171385,-3101.127683,-38.486889,0.000000,0.000000,28.680353,784,784,1,1,1
/Game/Trials/Fern02_20260920_01/Meshes/SM_Fern02_b.SM_Fern02_b,fern,2774.130371,623.993713,23.134563,0.000000,0.000000,42.769469,2384,2384,1,1,1
/Game/Trials/Fern02_20260920_01/Meshes/SM_Fern02_d.SM_Fern02_d,fern,-1681.539915,-1834.228511,-30.554977,0.000000,0.000000,21.308755,816,816,1,1,1
/Game/Trials/Fern02_20260920_01/Meshes/SM_Fern02_a.SM_Fern02_a,fern,433.945587,-2246.391114,-15.631734,0.000000,0.000000,28.680353,784,784,1,1,1
/Game/Trials/Fern02_20260920_01/Meshes/SM_Fern02_c.SM_Fern02_c,fern,-3073.541014,2021.508671,-12.989088,0.000000,0.000000,34.902037,2248,2248,1,1,1
/Game/Trials/Fern02_20260920_01/Meshes/SM_Fern02_d.SM_Fern02_d,fern,-2955.356934,-2471.037356,-48.148586,0.000000,0.000000,21.308755,816,816,1,1,1
/Game/Trials/Fern02_20260920_01/Meshes/SM_Fern02_b.SM_Fern02_b,fern,991.292603,2801.606689,21.579634,0.000000,0.000000,42.769469,2384,2384,1,1,1
/Game/Trials/Fern02_20260920_01/Meshes/SM_Fern02_c.SM_Fern02_c,fern,-2770.572998,-69.097788,-17.299849,0.000000,0.000000,34.902037,2248,2248,1,1,1
/Game/Trials/Fern02_20260920_01/Meshes/SM_Fern02_a.SM_Fern02_a,fern,2995.251953,405.060759,19.273796,0.000000,0.000000,28.680353,784,784,1,1,1
/Game/Trials/Fern02_20260920_01/Meshes/SM_Fern02_b.SM_Fern02_b,fern,-995.129395,3153.322266,-3.402663,0.000000,0.000000,42.769469,2384,2384,1,1,1
/Game/Trials/Fern02_20260920_01/Meshes/SM_Fern02_c.SM_Fern02_c,fern,-857.182677,-722.187923,-16.973164,0.000000,0.000000,34.902037,2248,2248,1,1,1
/Game/Trials/Fern02_20260920_01/Meshes/SM_Fern02_d.SM_Fern02_d,fern,505.151032,-2526.712161,-10.778024,0.000000,0.000000,21.308755,816,816,1,1,1
/Game/Trials/Fern02_20260920_01/Meshes/SM_Fern02_a.SM_Fern02_a,fern,3237.109619,2605.115482,44.468121,0.000000,0.000000,28.680353,784,784,1,1,1
/Game/Trials/Fern02_20260920_01/Meshes/SM_Fern02_b.SM_Fern02_b,fern,-1172.562622,-754.337036,-19.741241,0.000000,0.000000,42.769469,2384,2384,1,1,1
/Game/Trials/Fern02_20260920_01/Meshes/SM_Fern02_c.SM_Fern02_c,fern,-3028.772949,-2741.493167,-45.210308,0.000000,0.000000,34.902037,2248,2248,1,1,1
/Game/Trials/Fern02_20260920_01/Meshes/SM_Fern02_d.SM_Fern02_d,fern,3298.403075,-2790.717767,12.139451,0.000000,0.000000,21.308755,816,816,1,1,1
/Game/Trials/Fern02_20260920_01/Meshes/SM_Fern02_a.SM_Fern02_a,fern,-1486.817138,-647.040463,-21.382298,0.000000,0.000000,28.680353,784,784,1,1,1
/Game/Trials/Fern02_20260920_01/Meshes/SM_Fern02_b.SM_Fern02_b,fern,-2961.902832,-269.284729,-17.514809,0.000000,0.000000,42.769469,2384,2384,1,1,1
/Game/Trials/Fern02_20260920_01/Meshes/SM_Fern02_c.SM_Fern02_c,fern,-1327.189941,-2800.741211,-28.850920,0.000000,0.000000,34.902037,2248,2248,1,1,1
/Game/Trials/Fern02_20260920_01/Meshes/SM_Fern02_d.SM_Fern02_d,fern,-1738.468625,-408.859926,-22.210758,0.000000,0.000000,21.308755,816,816,1,1,1
/Game/Trials/Fern02_20260920_01/Meshes/SM_Fern02_a.SM_Fern02_a,fern,-1257.660280,3065.750736,-1.192223,0.000000,0.000000,28.680353,784,784,1,1,1
/Game/Trials/Fern02_20260920_01/Meshes/SM_Fern02_b.SM_Fern02_b,fern,-1140.149902,-1736.922241,-26.393158,0.000000,0.000000,42.769469,2384,2384,1,1,1
/Game/Trials/Fern02_20260920_01/Meshes/SM_Fern02_c.SM_Fern02_c,fern,-1873.921754,-74.920847,-22.597038,0.000000,0.000000,34.902037,2248,2248,1,1,1
/Game/Trials/Fern02_20260920_01/Meshes/SM_Fern02_d.SM_Fern02_d,fern,2961.892331,2648.115728,46.876965,0.000000,0.000000,21.308755,816,816,1,1,1
/Game/Trials/Fern02_20260920_01/Meshes/SM_Fern02_a.SM_Fern02_a,fern,-2524.628661,1886.384886,-13.109222,0.000000,0.000000,28.680353,784,784,1,1,1
/Game/Trials/Fern02_20260920_01/Meshes/SM_Fern02_b.SM_Fern02_b,fern,-1858.545044,298.500824,-22.565351,0.000000,0.000000,42.769469,2384,2384,1,1,1
/Game/Trials/Fern02_20260920_01/Meshes/SM_Fern02_c.SM_Fern02_c,fern,3069.918457,-2626.019531,11.814869,0.000000,0.000000,34.902037,2248,2248,1,1,1
/Game/Trials/Fern02_20260920_01/Meshes/SM_Fern02_a.SM_Fern02_a,fern,-1684.532715,643.791381,-19.922758,0.000000,0.000000,28.680353,784,784,1,1,1
/Game/Trials/Fern02_20260920_01/Meshes/SM_Fern02_b.SM_Fern02_b,fern,-1459.781494,-2547.739014,-30.709572,0.000000,0.000000,42.769469,2384,2384,1,1,1
/Game/Trials/Fern02_20260920_01/Meshes/SM_Fern02_c.SM_Fern02_c,fern,3026.182863,268.410795,17.109495,0.000000,0.000000,34.902037,2248,2248,1,1,1
/Game/Trials/Fern02_20260920_01/Meshes/SM_Fern02_d.SM_Fern02_d,fern,-1373.899048,894.484070,-12.021822,0.000000,0.000000,21.308755,816,816,1,1,1
/Game/Trials/Fern02_20260920_01/Meshes/SM_Fern02_a.SM_Fern02_a,fern,-1147.197508,-1446.771730,-27.857277,0.000000,0.000000,28.680353,784,784,1,1,1
/Game/Trials/Fern02_20260920_01/Meshes/SM_Fern02_b.SM_Fern02_b,fern,493.332947,-2716.510254,-7.011785,0.000000,0.000000,42.769469,2384,2384,1,1,1
/Game/Trials/Fern02_20260920_01/Meshes/SM_Fern02_c.SM_Fern02_c,fern,-975.844906,998.082583,-0.937482,0.000000,0.000000,34.902037,2248,2248,1,1,1
/Game/Trials/Fern02_20260920_01/Meshes/SM_Fern02_d.SM_Fern02_d,fern,-2401.575437,2154.781980,-9.312590,0.000000,0.000000,21.308755,816,816,1,1,1
/Game/Trials/Fern02_20260920_01/Meshes/SM_Fern02_a.SM_Fern02_a,fern,-3125.705082,-2950.309812,-40.430878,0.000000,0.000000,28.680353,784,784,1,1,1
/Game/Trials/Fern02_20260920_01/Meshes/SM_Fern02_b.SM_Fern02_b,fern,-558.780823,926.783753,8.179514,0.000000,0.000000,42.769469,2384,2384,1,1,1
/Game/Trials/Fern02_20260920_01/Meshes/SM_Fern02_d.SM_Fern02_d,fern,-3157.079834,-447.669983,-19.596886,0.000000,0.000000,21.308755,816,816,1,1,1
/Game/Trials/Fern02_20260920_01/Meshes/SM_Fern02_b.SM_Fern02_b,fern,3118.105957,-23.757336,12.743587,0.000000,0.000000,42.769469,2384,2384,1,1,1
/Game/Trials/Fern02_20260920_01/Meshes/SM_Fern02_c.SM_Fern02_c,fern,-1535.982423,2968.805420,0.407674,0.000000,0.000000,34.902037,2248,2248,1,1,1
/Game/Trials/Fern02_20260920_01/Meshes/SM_Fern02_d.SM_Fern02_d,fern,36.465890,305.025968,9.132008,0.000000,0.000000,21.308755,816,816,1,1,1
/Game/Trials/Fern02_20260920_01/Meshes/SM_Fern02_a.SM_Fern02_a,fern,487.156276,-3010.773192,-0.599670,0.000000,0.000000,28.680353,784,784,1,1,1
/Game/Trials/Fern02_20260920_01/Meshes/SM_Fern02_b.SM_Fern02_b,fern,2640.580566,2672.255371,47.659554,0.000000,0.000000,42.769469,2384,2384,1,1,1
/Game/Trials/Fern02_20260920_01/Meshes/SM_Fern02_d.SM_Fern02_d,fern,-3228.426270,-3220.536377,-32.455177,0.000000,0.000000,21.308755,816,816,1,1,1
/Game/Trials/Fern02_20260920_01/Meshes/SM_Fern02_a.SM_Fern02_a,fern,2762.924807,-2463.076416,10.620950,0.000000,0.000000,28.680353,784,784,1,1,1
/Game/Trials/Fern02_20260920_01/Meshes/SM_Fern02_c.SM_Fern02_c,fern,-3346.025636,-664.386963,-24.358183,0.000000,0.000000,34.902037,2248,2248,1,1,1
/Game/Trials/Fern02_20260920_01/Meshes/SM_Fern02_d.SM_Fern02_d,fern,-1689.723385,-2256.364014,-33.371471,0.000000,0.000000,21.308755,816,816,1,1,1
/Game/Trials/Fern02_20260920_01/Meshes/SM_Fern02_a.SM_Fern02_a,fern,-737.756226,-386.109711,-1.888607,0.000000,0.000000,28.680353,784,784,1,1,1
/Game/Trials/Fern02_20260920_01/Meshes/SM_Fern02_b.SM_Fern02_b,fern,-1790.136963,2832.896240,0.834981,0.000000,0.000000,42.769469,2384,2384,1,1,1
/Game/Trials/Fern02_20260920_01/Meshes/SM_Fern02_c.SM_Fern02_c,fern,-1245.350826,-1065.825561,-29.394127,0.000000,0.000000,34.902037,2248,2248,1,1,1
/Game/Trials/Fern02_20260920_01/Meshes/SM_Fern02_d.SM_Fern02_d,fern,-907.973755,-515.978327,-4.419143,0.000000,0.000000,21.308755,816,816,1,1,1
/Game/Trials/Fern02_20260920_01/Meshes/SM_Fern02_a.SM_Fern02_a,fern,2352.307131,2637.154297,46.144199,0.000000,0.000000,28.680353,784,784,1,1,1
/Game/Trials/Fern02_20260920_01/Meshes/SM_Fern02_b.SM_Fern02_b,fern,-2333.676758,2563.594482,-5.080538,0.000000,0.000000,42.769469,2384,2384,1,1,1
/Game/Trials/Fern02_20260920_01/Meshes/SM_Fern02_d.SM_Fern02_d,fern,2478.772465,-2389.100341,8.173414,0.000000,0.000000,21.308755,816,816,1,1,1
/Game/Trials/Fern02_20260920_01/Meshes/SM_Fern02_a.SM_Fern02_a,fern,1919.893310,2999.950684,40.949883,0.000000,0.000000,28.680353,784,784,1,1,1
/Game/Trials/Fern02_20260920_01/Meshes/SM_Fern02_b.SM_Fern02_b,fern,-1383.954590,-490.898468,-10.009142,0.000000,0.000000,42.769469,2384,2384,1,1,1
/Game/Trials/Fern02_20260920_01/Meshes/SM_Fern02_c.SM_Fern02_c,fern,-1929.194454,-2079.722167,-35.905624,0.000000,0.000000,34.902037,2248,2248,1,1,1
/Game/Trials/Fern02_20260920_01/Meshes/SM_Fern02_d.SM_Fern02_d,fern,3499.702391,221.385925,14.315372,0.000000,0.000000,21.308755,816,816,1,1,1
/Game/Trials/Fern02_20260920_01/Meshes/SM_Fern02_a.SM_Fern02_a,fern,-1589.724241,-312.214173,-12.333373,0.000000,0.000000,28.680353,784,784,1,1,1
/Game/Trials/Fern02_20260920_01/Meshes/SM_Fern02_b.SM_Fern02_b,fern,-1497.306275,-1334.916870,-28.439888,0.000000,0.000000,42.769469,2384,2384,1,1,1
/Game/Trials/Fern02_20260920_01/Meshes/SM_Fern02_c.SM_Fern02_c,fern,953.564818,-2938.921876,-1.646940,0.000000,0.000000,34.902037,2248,2248,1,1,1
/Game/Trials/Fern02_20260920_01/Meshes/SM_Fern02_d.SM_Fern02_d,fern,-1707.012452,-47.285071,-14.217700,0.000000,0.000000,21.308755,816,816,1,1,1
/Game/Trials/Fern02_20260920_01/Meshes/SM_Fern02_a.SM_Fern02_a,fern,-2629.823975,2503.270019,-9.080719,0.000000,0.000000,28.680353,784,784,1,1,1
/Game/Trials/Fern02_20260920_01/Meshes/SM_Fern02_b.SM_Fern02_b,fern,-2756.012939,-3349.045654,-37.335739,0.000000,0.000000,42.769469,2384,2384,1,1,1
/Game/Trials/Fern02_20260920_01/Meshes/SM_Fern02_c.SM_Fern02_c,fern,-1701.442140,258.711121,-15.399780,0.000000,0.000000,34.902037,2248,2248,1,1,1
/Game/Trials/Fern02_20260920_01/Meshes/SM_Fern02_a.SM_Fern02_a,fern,-2953.444822,-984.636351,-29.926664,0.000000,0.000000,28.680353,784,784,1,1,1
/Game/Trials/Fern02_20260920_01/Meshes/SM_Fern02_b.SM_Fern02_b,fern,-1561.464355,548.233826,-14.630583,0.000000,0.000000,42.769469,2384,2384,1,1,1
/Game/Trials/Fern02_20260920_01/Meshes/SM_Fern02_c.SM_Fern02_c,fern,3313.251219,428.678038,19.044712,0.000000,0.000000,34.902037,2248,2248,1,1,1
/Game/Trials/Fern02_20260920_01/Meshes/SM_Fern02_d.SM_Fern02_d,fern,-1554.304684,2365.935062,5.093243,0.000000,0.000000,21.308755,816,816,1,1,1
/Game/Trials/Fern02_20260920_01/Meshes/SM_Fern02_a.SM_Fern02_a,fern,-1302.071781,762.499331,-10.336763,0.000000,0.000000,28.680353,784,784,1,1,1
/Game/Trials/Fern02_20260920_01/Meshes/SM_Fern02_b.SM_Fern02_b,fern,888.182861,-2670.156982,-7.238666,0.000000,0.000000,42.769469,2384,2384,1,1,1
/Game/Trials/Fern02_20260920_01/Meshes/SM_Fern02_c.SM_Fern02_c,fern,2378.533938,2098.662845,42.892231,0.000000,0.000000,34.902037,2248,2248,1,1,1
/Game/Trials/Fern02_20260920_01/Meshes/SM_Fern02_d.SM_Fern02_d,fern,-963.338803,853.322026,-3.257862,0.000000,0.000000,21.308755,816,816,1,1,1
/Game/Trials/Fern02_20260920_01/Meshes/SM_Fern02_a.SM_Fern02_a,fern,-2688.935057,-3080.164304,-43.293083,0.000000,0.000000,28.680353,784,784,1,1,1
/Game/Trials/Fern02_20260920_01/Meshes/SM_Fern02_b.SM_Fern02_b,fern,2277.958252,-2906.136475,3.722155,0.000000,0.000000,42.769469,2384,2384,1,1,1
/Game/Trials/Fern02_20260920_01/Meshes/SM_Fern02_c.SM_Fern02_c,fern,-603.888425,793.377745,3.417655,0.000000,0.000000,34.902037,2248,2248,1,1,1
/Game/Trials/Fern02_20260920_01/Meshes/SM_Fern02_d.SM_Fern02_d,fern,-2769.428464,-774.432796,-25.441116,0.000000,0.000000,21.308755,816,816,1,1,1
/Game/Trials/Fern02_20260920_01/Meshes/SM_Fern02_a.SM_Fern02_a,fern,-2333.814209,-2480.880128,-45.473358,0.000000,0.000000,28.680353,784,784,1,1,1
/Game/Trials/Fern02_20260920_01/Meshes/SM_Fern02_c.SM_Fern02_c,fern,-1292.136595,2471.891850,7.703503,0.000000,0.000000,34.902037,2248,2248,1,1,1
/Game/Trials/Fern02_20260920_01/Meshes/SM_Fern02_d.SM_Fern02_d,fern,-1587.892213,-1284.604006,-28.533220,0.000000,0.000000,21.308755,816,816,1,1,1
/Game/Trials/Fern02_20260920_01/Meshes/SM_Fern02_a.SM_Fern02_a,fern,-85.023818,250.740996,4.132805,0.000000,0.000000,28.680353,784,784,1,1,1
/Game/Trials/Fern02_20260920_01/Meshes/SM_Fern02_b.SM_Fern02_b,fern,2664.625732,2076.356445,45.896015,0.000000,0.000000,42.769469,2384,2384,1,1,1
/Game/Trials/Fern02_20260920_01/Meshes/SM_Fern02_c.SM_Fern02_c,fern,-2780.885743,2544.269773,-10.296745,0.000000,0.000000,34.902037,2248,2248,1,1,1
/Game/Trials/Fern02_20260920_01/Meshes/SM_Fern02_d.SM_Fern02_d,fern,-33.161649,-148.748521,-4.817089,0.000000,0.000000,21.308755,816,816,1,1,1
/Game/Trials/Fern02_20260920_01/Meshes/SM_Fern02_a.SM_Fern02_a,fern,2528.914795,-3054.830812,6.247738,0.000000,0.000000,28.680353,784,784,1,1,1
/Game/Trials/Fern02_20260920_01/Meshes/SM_Fern02_d.SM_Fern02_d,fern,-2170.430176,-2728.694094,-44.287674,0.000000,0.000000,21.308755,816,816,1,1,1
/Game/Trials/Fern02_20260920_01/Meshes/SM_Fern02_a.SM_Fern02_a,fern,3177.917236,628.022648,23.223072,0.000000,0.000000,28.680353,784,784,1,1,1
/Game/Trials/Fern02_20260920_01/Meshes/SM_Fern02_b.SM_Fern02_b,fern,-434.790619,-866.684082,-26.738718,0.000000,0.000000,42.769469,2384,2384,1,1,1
/Game/Trials/Fern02_20260920_01/Meshes/SM_Fern02_d.SM_Fern02_d,fern,834.578185,-2401.629389,-11.664896,0.000000,0.000000,21.308755,816,816,1,1,1
/Game/Trials/Fern02_20260920_01/Meshes/SM_Fern02_a.SM_Fern02_a,fern,-833.184572,-1048.630245,-29.620256,0.000000,0.000000,28.680353,784,784,1,1,1
/Game/Trials/Fern02_20260920_01/Meshes/SM_Fern02_b.SM_Fern02_b,fern,-3075.723389,2608.138428,-11.892553,0.000000,0.000000,42.769469,2384,2384,1,1,1
/Game/Trials/Fern02_20260920_01/Meshes/SM_Fern02_c.SM_Fern02_c,fern,-2625.717041,-2783.623779,-47.009064,0.000000,0.000000,34.902037,2248,2248,1,1,1
/Game/Trials/Fern02_20260920_01/Meshes/SM_Fern02_d.SM_Fern02_d,fern,-1282.261714,-1051.014281,-29.364933,0.000000,0.000000,21.308755,816,816,1,1,1
/Game/Trials/Fern02_20260920_01/Meshes/SM_Fern02_b.SM_Fern02_b,fern,-2577.366943,-506.084869,-22.410656,0.000000,0.000000,42.769469,2384,2384,1,1,1
/Game/Trials/Fern02_20260920_01/Meshes/SM_Fern02_d.SM_Fern02_d,fern,2996.657712,852.237982,27.423447,0.000000,0.000000,21.308755,816,816,1,1,1
/Game/Trials/Fern02_20260920_01/Meshes/SM_Fern02_a.SM_Fern02_a,fern,-987.110534,2653.085204,7.268709,0.000000,0.000000,28.680353,784,784,1,1,1
/Game/Trials/Fern02_20260920_01/Meshes/SM_Fern02_c.SM_Fern02_c,fern,743.261413,-2128.984375,-15.028286,0.000000,0.000000,34.902037,2248,2248,1,1,1
/Game/Trials/Fern02_20260920_01/Meshes/SM_Fern02_d.SM_Fern02_d,fern,3039.823976,2121.930173,48.032707,0.000000,0.000000,21.308755,816,816,1,1,1
/Game/Trials/Fern02_20260920_01/Meshes/SM_Fern02_b.SM_Fern02_b,fern,-2613.647949,-2495.141357,-47.882370,0.000000,0.000000,42.769469,2384,2384,1,1,1
/Game/Trials/Fern02_20260920_01/Meshes/SM_Fern02_c.SM_Fern02_c,fern,2911.396974,-3171.192141,9.377619,0.000000,0.000000,34.902037,2248,2248,1,1,1
/Game/Trials/Fern02_20260920_01/Meshes/SM_Fern02_d.SM_Fern02_d,fern,-1503.136720,196.357544,-4.635987,0.000000,0.000000,21.308755,816,816,1,1,1
/Game/Trials/Fern02_20260920_01/Meshes/SM_Fern02_a.SM_Fern02_a,fern,-2460.301024,-239.371065,-21.521538,0.000000,0.000000,28.680353,784,784,1,1,1
/Game/Trials/Fern02_20260920_01/Meshes/SM_Fern02_b.SM_Fern02_b,fern,-1852.169678,-3003.516846,-39.917454,0.000000,0.000000,42.769469,2384,2384,1,1,1
/Game/Trials/Fern02_20260920_01/Meshes/SM_Fern02_c.SM_Fern02_c,fern,-1414.608276,420.300908,-5.986764,0.000000,0.000000,34.902037,2248,2248,1,1,1
/Game/Trials/Fern02_20260920_01/Meshes/SM_Fern02_d.SM_Fern02_d,fern,-777.526182,2860.318113,3.510810,0.000000,0.000000,21.308755,816,816,1,1,1
/Game/Trials/Fern02_20260920_01/Meshes/SM_Fern02_a.SM_Fern02_a,fern,-1721.841678,-1712.888791,-30.314930,0.000000,0.000000,28.680353,784,784,1,1,1
/Game/Trials/Fern02_20260920_01/Meshes/SM_Fern02_b.SM_Fern02_b,fern,-1223.374756,596.243713,-5.780312,0.000000,0.000000,42.769469,2384,2384,1,1,1
/Game/Trials/Fern02_20260920_01/Meshes/SM_Fern02_c.SM_Fern02_c,fern,3315.374758,2237.640623,46.770321,0.000000,0.000000,34.902037,2248,2248,1,1,1
/Game/Trials/Fern02_20260920_01/Meshes/SM_Fern02_d.SM_Fern02_d,fern,-3065.138428,2149.140381,-12.932715,0.000000,0.000000,21.308755,816,816,1,1,1
/Game/Trials/Fern02_20260920_01/Meshes/SM_Fern02_a.SM_Fern02_a,fern,-958.093139,678.598880,-3.705062,0.000000,0.000000,28.680353,784,784,1,1,1
/Game/Trials/Fern02_20260920_01/Meshes/SM_Fern02_b.SM_Fern02_b,fern,2851.985107,-2846.085693,9.515009,0.000000,0.000000,42.769469,2384,2384,1,1,1
/Game/Trials/Fern02_20260920_01/Meshes/SM_Fern02_c.SM_Fern02_c,fern,1047.571899,2916.812989,22.898785,0.000000,0.000000,34.902037,2248,2248,1,1,1
/Game/Trials/Fern02_20260920_01/Meshes/SM_Fern02_d.SM_Fern02_d,fern,-666.140866,638.467528,-0.846346,0.000000,0.000000,21.308755,816,816,1,1,1
/Game/Trials/Fern02_20260920_01/Meshes/SM_Fern02_a.SM_Fern02_a,fern,-1741.380497,-2729.401366,-37.295231,0.000000,0.000000,28.680353,784,784,1,1,1
/Game/Trials/Fern02_20260920_01/Meshes/SM_Fern02_b.SM_Fern02_b,fern,2637.052734,512.452820,22.173756,0.000000,0.000000,42.769469,2384,2384,1,1,1
/Game/Trials/Fern02_20260920_01/Meshes/SM_Fern02_c.SM_Fern02_c,fern,-404.610444,470.599608,0.794339,0.000000,0.000000,34.902037,2248,2248,1,1,1
/Game/Trials/Fern02_20260920_01/Meshes/SM_Fern02_d.SM_Fern02_d,fern,-1499.015748,-1538.506103,-28.346649,0.000000,0.000000,21.308755,816,816,1,1,1
/Game/Trials/Fern02_20260920_01/Meshes/SM_Fern02_c.SM_Fern02_c,fern,-2790.935548,2193.552002,-12.454750,0.000000,0.000000,34.902037,2248,2248,1,1,1
/Game/Trials/Fern02_20260920_01/Meshes/SM_Fern02_d.SM_Fern02_d,fern,-3139.904049,-2452.651124,-47.115742,0.000000,0.000000,21.308755,816,816,1,1,1
/Game/Trials/Fern02_20260920_01/Meshes/SM_Fern02_a.SM_Fern02_a,fern,-181.714341,-141.637848,-6.787095,0.000000,0.000000,28.680353,784,784,1,1,1
/Game/Trials/Fern02_20260920_01/Meshes/SM_Fern02_c.SM_Fern02_c,fern,-2937.651364,21.163961,-14.751410,0.000000,0.000000,34.902037,2248,2248,1,1,1
/Game/Trials/Fern02_20260920_01/Meshes/SM_Fern02_d.SM_Fern02_d,fern,-282.796112,-481.789947,-15.780125,0.000000,0.000000,21.308755,816,816,1,1,1
/Game/Trials/Fern02_20260920_01/Meshes/SM_Fern02_a.SM_Fern02_a,fern,2828.455569,311.327179,18.897638,0.000000,0.000000,28.680353,784,784,1,1,1
/Game/Trials/Fern02_20260920_01/Meshes/SM_Fern02_b.SM_Fern02_b,fern,-1116.864136,3304.822266,-7.097991,0.000000,0.000000,42.769469,2384,2384,1,1,1
/Game/Trials/Fern02_20260920_01/Meshes/SM_Fern02_c.SM_Fern02_c,fern,-524.546322,-759.800473,-23.610222,0.000000,0.000000,34.902037,2248,2248,1,1,1
/Game/Trials/Fern02_20260920_01/Meshes/SM_Fern02_d.SM_Fern02_d,fern,340.324376,-2567.521972,-10.350783,0.000000,0.000000,21.308755,816,816,1,1,1
/Game/Trials/Fern02_20260920_01/Meshes/SM_Fern02_a.SM_Fern02_a,fern,2824.453369,2425.312500,48.471775,0.000000,0.000000,28.680353,784,784,1,1,1
/Game/Trials/Fern02_20260920_01/Meshes/SM_Fern02_b.SM_Fern02_b,fern,-871.479492,-918.523437,-27.406086,0.000000,0.000000,42.769469,2384,2384,1,1,1
/Game/Trials/Fern02_20260920_01/Meshes/SM_Fern02_c.SM_Fern02_c,fern,-3190.054440,-2732.140380,-43.305038,0.000000,0.000000,34.902037,2248,2248,1,1,1
/Game/Trials/Fern02_20260920_01/Meshes/SM_Fern02_d.SM_Fern02_d,fern,2919.504393,-2751.917237,10.433248,0.000000,0.000000,21.308755,816,816,1,1,1
/Game/Trials/Fern02_20260920_01/Meshes/SM_Fern02_a.SM_Fern02_a,fern,-1265.667600,-920.039915,-28.330479,0.000000,0.000000,28.680353,784,784,1,1,1
/Game/Trials/Fern02_20260920_01/Meshes/SM_Fern02_b.SM_Fern02_b,fern,-3109.357666,-210.461746,-15.782900,0.000000,0.000000,42.769469,2384,2384,1,1,1
/Game/Trials/Fern02_20260920_01/Meshes/SM_Fern02_c.SM_Fern02_c,fern,-1621.386842,-2606.718506,-34.274059,0.000000,0.000000,34.902037,2248,2248,1,1,1
/Game/Trials/Fern02_20260920_01/Meshes/SM_Fern02_d.SM_Fern02_d,fern,-1636.690306,-754.008059,-28.009634,0.000000,0.000000,21.308755,816,816,1,1,1
/Game/Trials/Fern02_20260920_01/Meshes/SM_Fern02_a.SM_Fern02_a,fern,-1377.323487,3170.187256,-3.449304,0.000000,0.000000,28.680353,784,784,1,1,1
/Game/Trials/Fern02_20260920_01/Meshes/SM_Fern02_b.SM_Fern02_b,fern,-1304.897339,-1446.111206,-27.998203,0.000000,0.000000,42.769469,2384,2384,1,1,1
/Game/Trials/Fern02_20260920_01/Meshes/SM_Fern02_c.SM_Fern02_c,fern,-1914.439699,-441.081574,-26.694769,0.000000,0.000000,34.902037,2248,2248,1,1,1
/Game/Trials/Fern02_20260920_01/Meshes/SM_Fern02_d.SM_Fern02_d,fern,2884.597411,2788.864257,45.930912,0.000000,0.000000,21.308755,816,816,1,1,1
/Game/Trials/Fern02_20260920_01/Meshes/SM_Fern02_a.SM_Fern02_a,fern,-2540.098631,2207.416017,-10.404322,0.000000,0.000000,28.680353,784,784,1,1,1
/Game/Trials/Fern02_20260920_01/Meshes/SM_Fern02_b.SM_Fern02_b,fern,-2042.434448,-30.552883,-25.280407,0.000000,0.000000,42.769469,2384,2384,1,1,1
/Game/Trials/Fern02_20260920_01/Meshes/SM_Fern02_c.SM_Fern02_c,fern,3047.018309,-2464.278810,12.233468,0.000000,0.000000,34.902037,2248,2248,1,1,1
/Game/Trials/Fern02_20260920_01/Meshes/SM_Fern02_a.SM_Fern02_a,fern,-1989.122803,407.540680,-24.199017,0.000000,0.000000,28.680353,784,784,1,1,1
/Game/Trials/Fern02_20260920_01/Meshes/SM_Fern02_b.SM_Fern02_b,fern,-1421.851074,-2385.326416,-29.312283,0.000000,0.000000,42.769469,2384,2384,1,1,1
/Game/Trials/Fern02_20260920_01/Meshes/SM_Fern02_c.SM_Fern02_c,fern,3055.149417,97.750789,14.703582,0.000000,0.000000,34.902037,2248,2248,1,1,1
/Game/Trials/Fern02_20260920_01/Meshes/SM_Fern02_d.SM_Fern02_d,fern,-1754.958375,794.569525,-19.864708,0.000000,0.000000,21.308755,816,816,1,1,1
/Game/Trials/Fern02_20260920_01/Meshes/SM_Fern02_a.SM_Fern02_a,fern,-1049.944700,-1306.571164,-28.606400,0.000000,0.000000,28.680353,784,784,1,1,1
/Game/Trials/Fern02_20260920_01/Meshes/SM_Fern02_b.SM_Fern02_b,fern,472.778687,-2878.052734,-3.573443,0.000000,0.000000,42.769469,2384,2384,1,1,1
/Game/Trials/Fern02_20260920_01/Meshes/SM_Fern02_d.SM_Fern02_d,fern,-2255.563962,2250.778081,-6.374660,0.000000,0.000000,21.308755,816,816,1,1,1
/Game/Trials/Fern02_20260920_01/Meshes/SM_Fern02_a.SM_Fern02_a,fern,-3194.014161,-3093.987061,-36.153595,0.000000,0.000000,28.680353,784,784,1,1,1
/Game/Trials/Fern02_20260920_01/Meshes/SM_Fern02_b.SM_Fern02_b,fern,-964.527100,440.164246,-0.652104,0.000000,0.000000,42.769469,2384,2384,1,1,1
/Game/Trials/Fern02_20260920_01/Meshes/SM_Fern02_c.SM_Fern02_c,fern,1856.766848,2671.575688,39.226955,0.000000,0.000000,34.902037,2248,2248,1,1,1
/Game/Trials/Fern02_20260920_01/Meshes/SM_Fern02_d.SM_Fern02_d,fern,-3268.447755,-560.631350,-21.878647,0.000000,0.000000,21.308755,816,816,1,1,1
/Game/Trials/Fern02_20260920_01/Meshes/SM_Fern02_a.SM_Fern02_a,fern,-759.160825,440.283355,-1.091655,0.000000,0.000000,28.680353,784,784,1,1,1
/Game/Trials/Fern02_20260920_01/Meshes/SM_Fern02_b.SM_Fern02_b,fern,3297.946777,-59.691986,10.547665,0.000000,0.000000,42.769469,2384,2384,1,1,1
/Game/Trials/Fern02_20260920_01/Meshes/SM_Fern02_c.SM_Fern02_c,fern,-1680.502076,2900.012937,0.833969,0.000000,0.000000,34.902037,2248,2248,1,1,1
/Game/Trials/Fern02_20260920_01/Meshes/SM_Fern02_d.SM_Fern02_d,fern,-557.728943,336.302427,-1.345830,0.000000,0.000000,21.308755,816,816,1,1,1
/Game/Trials/Fern02_20260920_01/Meshes/SM_Fern02_a.SM_Fern02_a,fern,643.030334,-3115.563478,2.219060,0.000000,0.000000,28.680353,784,784,1,1,1
/Game/Trials/Fern02_20260920_01/Meshes/SM_Fern02_b.SM_Fern02_b,fern,2478.531982,2658.451904,47.110176,0.000000,0.000000,42.769469,2384,2384,1,1,1
/Game/Trials/Fern02_20260920_01/Meshes/SM_Fern02_d.SM_Fern02_d,fern,-3122.818848,-3381.207278,-30.481936,0.000000,0.000000,21.308755,816,816,1,1,1
/Game/Trials/Fern02_20260920_01/Meshes/SM_Fern02_a.SM_Fern02_a,fern,2603.600342,-2416.697506,9.402450,0.000000,0.000000,28.680353,784,784,1,1,1
/Game/Trials/Fern02_20260920_01/Meshes/SM_Fern02_b.SM_Fern02_b,fern,-361.786957,-122.829323,-5.138925,0.000000,0.000000,42.769469,2384,2384,1,1,1
/Game/Trials/Fern02_20260920_01/Meshes/SM_Fern02_c.SM_Fern02_c,fern,-3310.483399,-857.864260,-28.773457,0.000000,0.000000,34.902037,2248,2248,1,1,1
/Game/Trials/Fern02_20260920_01/Meshes/SM_Fern02_d.SM_Fern02_d,fern,-1823.911499,-2152.477533,-34.853794,0.000000,0.000000,21.308755,816,816,1,1,1
/Game/Trials/Fern02_20260920_01/Meshes/SM_Fern02_b.SM_Fern02_b,fern,-1392.800293,2771.609131,3.882283,0.000000,0.000000,42.769469,2384,2384,1,1,1
/Game/Trials/Fern02_20260920_01/Meshes/SM_Fern02_c.SM_Fern02_c,fern,-1333.268066,-915.945557,-28.634253,0.000000,0.000000,34.902037,2248,2248,1,1,1
/Game/Trials/Fern02_20260920_01/Meshes/SM_Fern02_a.SM_Fern02_a,fern,2643.800780,2419.347172,47.918419,0.000000,0.000000,28.680353,784,784,1,1,1
/Game/Trials/Fern02_20260920_01/Meshes/SM_Fern02_b.SM_Fern02_b,fern,-2359.234619,2739.759277,-4.677268,0.000000,0.000000,42.769469,2384,2384,1,1,1
/Game/Trials/Fern02_20260920_01/Meshes/SM_Fern02_c.SM_Fern02_c,fern,-907.604551,-764.471193,-19.281788,0.000000,0.000000,34.902037,2248,2248,1,1,1
/Game/Trials/Fern02_20260920_01/Meshes/SM_Fern02_d.SM_Fern02_d,fern,2628.533201,-2696.432367,7.947636,0.000000,0.000000,21.308755,816,816,1,1,1
/Game/Trials/Fern02_20260920_01/Meshes/SM_Fern02_a.SM_Fern02_a,fern,564.382264,2976.807860,12.484251,0.000000,0.000000,28.680353,784,784,1,1,1
/Game/Trials/Fern02_20260920_01/Meshes/SM_Fern02_b.SM_Fern02_b,fern,-1238.103882,-770.136047,-21.627436,0.000000,0.000000,42.769469,2384,2384,1,1,1
/Game/Trials/Fern02_20260920_01/Meshes/SM_Fern02_c.SM_Fern02_c,fern,-1934.415405,-2406.572754,-38.906387,0.000000,0.000000,34.902037,2248,2248,1,1,1
/Game/Trials/Fern02_20260920_01/Meshes/SM_Fern02_d.SM_Fern02_d,fern,3611.307130,371.164121,17.641163,0.000000,0.000000,21.308755,816,816,1,1,1
/Game/Trials/Fern02_20260920_01/Meshes/SM_Fern02_a.SM_Fern02_a,fern,-1554.282469,-631.999879,-22.858196,0.000000,0.000000,28.680353,784,784,1,1,1
/Game/Trials/Fern02_20260920_01/Meshes/SM_Fern02_b.SM_Fern02_b,fern,-1549.526855,-1088.497925,-28.677959,0.000000,0.000000,42.769469,2384,2384,1,1,1
/Game/Trials/Fern02_20260920_01/Meshes/SM_Fern02_c.SM_Fern02_c,fern,1118.212648,-2841.656741,-3.542192,0.000000,0.000000,34.902037,2248,2248,1,1,1
/Game/Trials/Fern02_20260920_01/Meshes/SM_Fern02_d.SM_Fern02_d,fern,-1793.990724,-364.804017,-23.297075,0.000000,0.000000,21.308755,816,816,1,1,1
/Game/Trials/Fern02_20260920_01/Meshes/SM_Fern02_a.SM_Fern02_a,fern,-2632.226073,2685.652831,-8.040480,0.000000,0.000000,28.680353,784,784,1,1,1
/Game/Trials/Fern02_20260920_01/Meshes/SM_Fern02_b.SM_Fern02_b,fern,-2562.097412,-3322.844726,-39.942162,0.000000,0.000000,42.769469,2384,2384,1,1,1
/Game/Trials/Fern02_20260920_01/Meshes/SM_Fern02_c.SM_Fern02_c,fern,-1905.682862,-9.565342,-23.412493,0.000000,0.000000,34.902037,2248,2248,1,1,1
/Game/Trials/Fern02_20260920_01/Meshes/SM_Fern02_d.SM_Fern02_d,fern,293.630312,3053.086423,7.124427,0.000000,0.000000,21.308755,816,816,1,1,1
/Game/Trials/Fern02_20260920_01/Meshes/SM_Fern02_a.SM_Fern02_a,fern,-2880.807864,-573.904904,-22.212585,0.000000,0.000000,28.680353,784,784,1,1,1
/Game/Trials/Fern02_20260920_01/Meshes/SM_Fern02_b.SM_Fern02_b,fern,-1859.128906,372.961822,-22.997276,0.000000,0.000000,42.769469,2384,2384,1,1,1
/Game/Trials/Fern02_20260920_01/Meshes/SM_Fern02_c.SM_Fern02_c,fern,3400.445559,563.194456,22.093506,0.000000,0.000000,34.902037,2248,2248,1,1,1
/Game/Trials/Fern02_20260920_01/Meshes/SM_Fern02_d.SM_Fern02_d,fern,-1324.058228,2656.452149,5.713337,0.000000,0.000000,21.308755,816,816,1,1,1
/Game/Trials/Fern02_20260920_01/Meshes/SM_Fern02_a.SM_Fern02_a,fern,-1652.460207,712.985721,-19.265541,0.000000,0.000000,28.680353,784,784,1,1,1
/Game/Trials/Fern02_20260920_01/Meshes/SM_Fern02_b.SM_Fern02_b,fern,1012.577759,-2571.858643,-8.450781,0.000000,0.000000,42.769469,2384,2384,1,1,1
/Game/Trials/Fern02_20260920_01/Meshes/SM_Fern02_c.SM_Fern02_c,fern,2694.257324,2240.758545,47.468136,0.000000,0.000000,34.902037,2248,2248,1,1,1
/Game/Trials/Fern02_20260920_01/Meshes/SM_Fern02_d.SM_Fern02_d,fern,-1314.051509,944.602968,-10.007933,0.000000,0.000000,21.308755,816,816,1,1,1
/Game/Trials/Fern02_20260920_01/Meshes/SM_Fern02_a.SM_Fern02_a,fern,-2538.137455,-3029.091551,-44.748535,0.000000,0.000000,28.680353,784,784,1,1,1
/Game/Trials/Fern02_20260920_01/Meshes/SM_Fern02_b.SM_Fern02_b,fern,2607.537842,-2921.870117,6.980371,0.000000,0.000000,42.769469,2384,2384,1,1,1
/Game/Trials/Fern02_20260920_01/Meshes/SM_Fern02_c.SM_Fern02_c,fern,-898.670288,1018.570310,1.476855,0.000000,0.000000,34.902037,2248,2248,1,1,1
/Game/Trials/Fern02_20260920_01/Meshes/SM_Fern02_d.SM_Fern02_d,fern,-2608.171631,-778.926452,-25.426220,0.000000,0.000000,21.308755,816,816,1,1,1
/Game/Trials/Fern02_20260920_01/Meshes/SM_Fern02_a.SM_Fern02_a,fern,-2056.625974,-2637.305421,-42.426823,0.000000,0.000000,28.680353,784,784,1,1,1
/Game/Trials/Fern02_20260920_01/Meshes/SM_Fern02_b.SM_Fern02_b,fern,-478.431641,912.452576,9.941778,0.000000,0.000000,42.769469,2384,2384,1,1,1
/Game/Trials/Fern02_20260920_01/Meshes/SM_Fern02_c.SM_Fern02_c,fern,-1140.286744,2409.090821,9.500603,0.000000,0.000000,34.902037,2248,2248,1,1,1
/Game/Trials/Fern02_20260920_01/Meshes/SM_Fern02_d.SM_Fern02_d,fern,-1776.548092,-1271.742066,-28.751490,0.000000,0.000000,21.308755,816,816,1,1,1
/Game/Trials/Fern02_20260920_01/Meshes/SM_Fern02_b.SM_Fern02_b,fern,2785.806641,1960.146118,45.676060,0.000000,0.000000,42.769469,2384,2384,1,1,1
/Game/Trials/Fern02_20260920_01/Meshes/SM_Fern02_c.SM_Fern02_c,fern,-2940.206784,2600.645263,-11.219797,0.000000,0.000000,34.902037,2248,2248,1,1,1
/Game/Trials/Fern02_20260920_01/Meshes/SM_Fern02_a.SM_Fern02_a,fern,2600.154543,-3211.204590,7.214340,0.000000,0.000000,28.680353,784,784,1,1,1
/Game/Trials/Fern02_20260920_01/Meshes/SM_Fern02_b.SM_Fern02_b,fern,-47.861653,3102.405762,1.832226,0.000000,0.000000,42.769469,2384,2384,1,1,1
/Game/Trials/Fern02_20260920_01/Meshes/SM_Fern02_d.SM_Fern02_d,fern,-2162.821773,-2904.536377,-44.118729,0.000000,0.000000,21.308755,816,816,1,1,1
/Game/Trials/Fern02_20260920_01/Meshes/SM_Fern02_a.SM_Fern02_a,fern,3087.576904,758.486450,25.781044,0.000000,0.000000,28.680353,784,784,1,1,1
/Game/Trials/Fern02_20260920_01/Meshes/SM_Fern02_c.SM_Fern02_c,fern,-1970.809689,-1484.442871,-30.851440,0.000000,0.000000,34.902037,2248,2248,1,1,1
/Game/Trials/Fern02_20260920_01/Meshes/SM_Fern02_d.SM_Fern02_d,fern,792.696715,-2248.347901,-13.649101,0.000000,0.000000,21.308755,816,816,1,1,1
/Game/Trials/Fern02_20260920_01/Meshes/SM_Fern02_a.SM_Fern02_a,fern,-741.612792,-449.543423,-3.839645,0.000000,0.000000,28.680353,784,784,1,1,1
/Game/Trials/Fern02_20260920_01/Meshes/SM_Fern02_b.SM_Fern02_b,fern,-3199.983887,2471.465820,-12.364886,0.000000,0.000000,42.769469,2384,2384,1,1,1
/Game/Trials/Fern02_20260920_01/Meshes/SM_Fern02_c.SM_Fern02_c,fern,-2612.060060,-2623.474122,-47.767693,0.000000,0.000000,34.902037,2248,2248,1,1,1
/Game/Trials/Fern02_20260920_01/Meshes/SM_Fern02_d.SM_Fern02_d,fern,-942.150875,-567.764711,-6.854520,0.000000,0.000000,21.308755,816,816,1,1,1
/Game/Trials/Fern02_20260920_01/Meshes/SM_Fern02_a.SM_Fern02_a,fern,-340.028107,3077.166015,-0.162706,0.000000,0.000000,28.680353,784,784,1,1,1
/Game/Trials/Fern02_20260920_01/Meshes/SM_Fern02_b.SM_Fern02_b,fern,-2506.630371,-358.610626,-21.738482,0.000000,0.000000,42.769469,2384,2384,1,1,1
/Game/Trials/Fern02_20260920_01/Meshes/SM_Fern02_d.SM_Fern02_d,fern,2803.205565,844.649780,26.680029,0.000000,0.000000,21.308755,816,816,1,1,1
/Game/Trials/Fern02_20260920_01/Meshes/SM_Fern02_a.SM_Fern02_a,fern,-865.240476,2767.298341,5.398403,0.000000,0.000000,28.680353,784,784,1,1,1
/Game/Trials/Fern02_20260920_01/Meshes/SM_Fern02_b.SM_Fern02_b,fern,-1446.340576,-490.084900,-12.395183,0.000000,0.000000,42.769469,2384,2384,1,1,1
/Game/Trials/Fern02_20260920_01/Meshes/SM_Fern02_d.SM_Fern02_d,fern,3198.805912,2184.608157,47.741837,0.000000,0.000000,21.308755,816,816,1,1,1
/Game/Trials/Fern02_20260920_01/Meshes/SM_Fern02_a.SM_Fern02_a,fern,-1645.519043,-282.060914,-14.464391,0.000000,0.000000,28.680353,784,784,1,1,1
/Game/Trials/Fern02_20260920_01/Meshes/SM_Fern02_b.SM_Fern02_b,fern,-2870.522705,-2785.367432,-46.076511,0.000000,0.000000,42.769469,2384,2384,1,1,1
/Game/Trials/Fern02_20260920_01/Meshes/SM_Fern02_c.SM_Fern02_c,fern,3086.408939,-3172.510739,10.588892,0.000000,0.000000,34.902037,2248,2248,1,1,1
/Game/Trials/Fern02_20260920_01/Meshes/SM_Fern02_d.SM_Fern02_d,fern,-1743.684204,6.082272,-16.062893,0.000000,0.000000,21.308755,816,816,1,1,1
/Game/Trials/Fern02_20260920_01/Meshes/SM_Fern02_a.SM_Fern02_a,fern,-2793.343748,-365.878538,-19.732265,0.000000,0.000000,28.680353,784,784,1,1,1
/Game/Trials/Fern02_20260920_01/Meshes/SM_Fern02_b.SM_Fern02_b,fern,-1686.691284,-3072.556885,-37.065361,0.000000,0.000000,42.769469,2384,2384,1,1,1
/Game/Trials/Fern02_20260920_01/Meshes/SM_Fern02_c.SM_Fern02_c,fern,-1710.447995,324.371341,-16.805113,0.000000,0.000000,34.902037,2248,2248,1,1,1
/Game/Trials/Fern02_20260920_01/Meshes/SM_Fern02_d.SM_Fern02_d,fern,-1112.316647,2897.435307,2.440870,0.000000,0.000000,21.308755,816,816,1,1,1
/Game/Trials/Fern02_20260920_01/Meshes/SM_Fern02_a.SM_Fern02_a,fern,-1592.147583,-1842.962769,-29.627197,0.000000,0.000000,28.680353,784,784,1,1,1
/Game/Trials/Fern02_20260920_01/Meshes/SM_Fern02_b.SM_Fern02_b,fern,-1539.888672,612.636597,-15.082579,0.000000,0.000000,42.769469,2384,2384,1,1,1
/Game/Trials/Fern02_20260920_01/Meshes/SM_Fern02_c.SM_Fern02_c,fern,3044.676028,2414.383793,47.993507,0.000000,0.000000,34.902037,2248,2248,1,1,1
/Game/Trials/Fern02_20260920_01/Meshes/SM_Fern02_d.SM_Fern02_d,fern,-2993.779542,1975.086302,-13.396607,0.000000,0.000000,21.308755,816,816,1,1,1
/Game/Trials/Fern02_20260920_01/Meshes/SM_Fern02_a.SM_Fern02_a,fern,-1253.206907,812.120424,-9.452618,0.000000,0.000000,28.680353,784,784,1,1,1
/Game/Trials/Fern02_20260920_01/Meshes/SM_Fern02_b.SM_Fern02_b,fern,3056.899414,-2897.111084,10.920549,0.000000,0.000000,42.769469,2384,2384,1,1,1
/Game/Trials/Fern02_20260920_01/Meshes/SM_Fern02_c.SM_Fern02_c,fern,-354.069672,2524.258299,11.155902,0.000000,0.000000,34.902037,2248,2248,1,1,1
/Game/Trials/Fern02_20260920_01/Meshes/SM_Fern02_d.SM_Fern02_d,fern,-896.085021,877.328244,-1.486587,0.000000,0.000000,21.308755,816,816,1,1,1
/Game/Trials/Fern02_20260920_01/Meshes/SM_Fern02_a.SM_Fern02_a,fern,-1586.126831,-2812.227784,-34.501411,0.000000,0.000000,28.680353,784,784,1,1,1
/Game/Trials/Fern02_20260920_01/Meshes/SM_Fern02_b.SM_Fern02_b,fern,2558.801025,331.655762,21.130650,0.000000,0.000000,42.769469,2384,2384,1,1,1
/Game/Trials/Fern02_20260920_01/Meshes/SM_Fern02_c.SM_Fern02_c,fern,-531.081605,785.791931,5.168444,0.000000,0.000000,34.902037,2248,2248,1,1,1
/Game/Trials/Fern02_20260920_01/Meshes/SM_Fern02_d.SM_Fern02_d,fern,-1382.454590,-1653.842165,-27.753847,0.000000,0.000000,21.308755,816,816,1,1,1
/Game/Trials/Fern02_20260920_01/Meshes/SM_Fern02_a.SM_Fern02_a,fern,552.307923,-2570.366940,-9.849927,0.000000,0.000000,28.680353,784,784,1,1,1
/Game/Trials/Fern02_20260920_01/Meshes/SM_Fern02_c.SM_Fern02_c,fern,-2717.767578,2051.896726,-12.973228,0.000000,0.000000,34.902037,2248,2248,1,1,1
/Game/Trials/Fern02_20260920_01/Meshes/SM_Fern02_d.SM_Fern02_d,fern,-3021.268554,-2794.784174,-44.551918,0.000000,0.000000,21.308755,816,816,1,1,1
/Game/Trials/Fern02_20260920_01/Meshes/SM_Fern02_b.SM_Fern02_b,fern,-67.905876,2470.373291,12.911255,0.000000,0.000000,42.769469,2384,2384,1,1,1
/Game/Trials/Fern02_20260920_01/Meshes/SM_Fern02_c.SM_Fern02_c,fern,-2985.654541,-316.167725,-18.004421,0.000000,0.000000,34.902037,2248,2248,1,1,1
/Game/Trials/Fern02_20260920_01/Meshes/SM_Fern02_a.SM_Fern02_a,fern,2796.534179,154.828403,17.658213,0.000000,0.000000,28.680353,784,784,1,1,1
/Game/Trials/Fern02_20260920_01/Meshes/SM_Fern02_b.SM_Fern02_b,fern,-1303.778931,3037.636963,-0.585495,0.000000,0.000000,42.769469,2384,2384,1,1,1
/Game/Trials/Fern02_20260920_01/Meshes/SM_Fern02_d.SM_Fern02_d,fern,254.360991,-2705.000482,-7.839185,0.000000,0.000000,21.308755,816,816,1,1,1
/Game/Trials/Fern02_20260920_01/Meshes/SM_Fern02_a.SM_Fern02_a,fern,2905.418702,2646.428710,47.254799,0.000000,0.000000,28.680353,784,784,1,1,1
/Game/Trials/Fern02_20260920_01/Meshes/SM_Fern02_b.SM_Fern02_b,fern,-489.541931,-927.920471,-27.710526,0.000000,0.000000,42.769469,2384,2384,1,1,1
/Game/Trials/Fern02_20260920_01/Meshes/SM_Fern02_c.SM_Fern02_c,fern,-3322.168213,-2831.561279,-39.333393,0.000000,0.000000,34.902037,2248,2248,1,1,1
/Game/Trials/Fern02_20260920_01/Meshes/SM_Fern02_d.SM_Fern02_d,fern,3016.773683,-2599.490970,11.660646,0.000000,0.000000,21.308755,816,816,1,1,1
/Game/Trials/Fern02_20260920_01/Meshes/SM_Fern02_a.SM_Fern02_a,fern,-910.218748,-1081.846802,-29.626236,0.000000,0.000000,28.680353,784,784,1,1,1
/Game/Trials/Fern02_20260920_01/Meshes/SM_Fern02_b.SM_Fern02_b,fern,-3272.245117,-255.668259,-15.715262,0.000000,0.000000,42.769469,2384,2384,1,1,1
/Game/Trials/Fern02_20260920_01/Meshes/SM_Fern02_c.SM_Fern02_c,fern,-1496.665160,-2497.348635,-31.207432,0.000000,0.000000,34.902037,2248,2248,1,1,1
/Game/Trials/Fern02_20260920_01/Meshes/SM_Fern02_a.SM_Fern02_a,fern,-1549.344237,3189.161131,-3.721461,0.000000,0.000000,28.680353,784,784,1,1,1
/Game/Trials/Fern02_20260920_01/Meshes/SM_Fern02_b.SM_Fern02_b,fern,-1158.138672,-1382.166504,-28.183044,0.000000,0.000000,42.769469,2384,2384,1,1,1
/Game/Trials/Fern02_20260920_01/Meshes/SM_Fern02_c.SM_Fern02_c,fern,-1285.077394,-301.470215,-0.699565,0.000000,0.000000,34.902037,2248,2248,1,1,1
/Game/Trials/Fern02_20260920_01/Meshes/SM_Fern02_d.SM_Fern02_d,fern,2728.635256,2873.160398,45.911018,0.000000,0.000000,21.308755,816,816,1,1,1
/Game/Trials/Fern02_20260920_01/Meshes/SM_Fern02_a.SM_Fern02_a,fern,-2382.113528,2220.537845,-8.424404,0.000000,0.000000,28.680353,784,784,1,1,1
/Game/Trials/Fern02_20260920_01/Meshes/SM_Fern02_b.SM_Fern02_b,fern,-1442.022583,-183.356369,-2.525983,0.000000,0.000000,42.769469,2384,2384,1,1,1
/Game/Trials/Fern02_20260920_01/Meshes/SM_Fern02_c.SM_Fern02_c,fern,2932.049807,-2323.669192,12.391119,0.000000,0.000000,34.902037,2248,2248,1,1,1
/Game/Trials/Fern02_20260920_01/Meshes/SM_Fern02_d.SM_Fern02_d,fern,329.206696,2490.036621,14.515347,0.000000,0.000000,21.308755,816,816,1,1,1
/Game/Trials/Fern02_20260920_01/Meshes/SM_Fern02_a.SM_Fern02_a,fern,-1534.458988,14.390090,-4.693573,0.000000,0.000000,28.680353,784,784,1,1,1
/Game/Trials/Fern02_20260920_01/Meshes/SM_Fern02_b.SM_Fern02_b,fern,-1475.406616,-2207.161621,-29.527077,0.000000,0.000000,42.769469,2384,2384,1,1,1
/Game/Trials/Fern02_20260920_01/Meshes/SM_Fern02_c.SM_Fern02_c,fern,3187.021728,4.532107,12.398750,0.000000,0.000000,34.902037,2248,2248,1,1,1
/Game/Trials/Fern02_20260920_01/Meshes/SM_Fern02_d.SM_Fern02_d,fern,-1527.879392,253.074772,-6.609010,0.000000,0.000000,21.308755,816,816,1,1,1
/Game/Trials/Fern02_20260920_01/Meshes/SM_Fern02_a.SM_Fern02_a,fern,-1030.099491,-1117.124998,-29.497156,0.000000,0.000000,28.680353,784,784,1,1,1
/Game/Trials/Fern02_20260920_01/Meshes/SM_Fern02_b.SM_Fern02_b,fern,564.404846,-3014.723633,-0.292944,0.000000,0.000000,42.769469,2384,2384,1,1,1
/Game/Trials/Fern02_20260920_01/Meshes/SM_Fern02_c.SM_Fern02_c,fern,-1408.959836,481.980650,-7.444273,0.000000,0.000000,34.902037,2248,2248,1,1,1
/Game/Trials/Fern02_20260920_01/Meshes/SM_Fern02_d.SM_Fern02_d,fern,-2161.550293,2421.538819,-3.556826,0.000000,0.000000,21.308755,816,816,1,1,1
/Game/Trials/Fern02_20260920_01/Meshes/SM_Fern02_a.SM_Fern02_a,fern,-3157.678465,-3258.160157,-32.922180,0.000000,0.000000,28.680353,784,784,1,1,1
/Game/Trials/Fern02_20260920_01/Meshes/SM_Fern02_b.SM_Fern02_b,fern,-1188.966064,648.610291,-6.272075,0.000000,0.000000,42.769469,2384,2384,1,1,1
/Game/Trials/Fern02_20260920_01/Meshes/SM_Fern02_c.SM_Fern02_c,fern,152.910537,2778.857666,8.876581,0.000000,0.000000,34.902037,2248,2248,1,1,1
/Game/Trials/Fern02_20260920_01/Meshes/SM_Fern02_d.SM_Fern02_d,fern,-3296.109127,-730.497072,-25.762260,0.000000,0.000000,21.308755,816,816,1,1,1
/Game/Trials/Fern02_20260920_01/Meshes/SM_Fern02_a.SM_Fern02_a,fern,-902.416686,709.740050,-3.191126,0.000000,0.000000,28.680353,784,784,1,1,1
/Game/Trials/Fern02_20260920_01/Meshes/SM_Fern02_b.SM_Fern02_b,fern,3194.993897,302.136505,16.838264,0.000000,0.000000,42.769469,2384,2384,1,1,1
/Game/Trials/Fern02_20260920_01/Meshes/SM_Fern02_c.SM_Fern02_c,fern,-1772.039303,2749.356200,1.581839,0.000000,0.000000,34.902037,2248,2248,1,1,1
/Game/Trials/Fern02_20260920_01/Meshes/SM_Fern02_d.SM_Fern02_d,fern,-600.999574,641.016540,0.167332,0.000000,0.000000,21.308755,816,816,1,1,1
/Game/Trials/Fern02_20260920_01/Meshes/SM_Fern02_a.SM_Fern02_a,fern,713.253787,-2773.074219,-5.475784,0.000000,0.000000,28.680353,784,784,1,1,1
/Game/Trials/Fern02_20260920_01/Meshes/SM_Fern02_b.SM_Fern02_b,fern,2333.223388,2551.195801,45.755875,0.000000,0.000000,42.769469,2384,2384,1,1,1
/Game/Trials/Fern02_20260920_01/Meshes/SM_Fern02_d.SM_Fern02_d,fern,-2915.473140,-3121.519287,-40.126854,0.000000,0.000000,21.308755,816,816,1,1,1
/Game/Trials/Fern02_20260920_01/Meshes/SM_Fern02_a.SM_Fern02_a,fern,2424.040527,-2461.252930,6.929562,0.000000,0.000000,28.680353,784,784,1,1,1
/Game/Trials/Fern02_20260920_01/Meshes/SM_Fern02_c.SM_Fern02_c,fern,-3019.646725,-724.386963,-24.929325,0.000000,0.000000,34.902037,2248,2248,1,1,1
/Game/Trials/Fern02_20260920_01/Meshes/SM_Fern02_d.SM_Fern02_d,fern,-2011.156251,-2123.698975,-37.654865,0.000000,0.000000,21.308755,816,816,1,1,1
/Game/Trials/Fern02_20260920_01/Meshes/SM_Fern02_a.SM_Fern02_a,fern,-165.370805,-209.875592,-8.331781,0.000000,0.000000,28.680353,784,784,1,1,1
/Game/Trials/Fern02_20260920_01/Meshes/SM_Fern02_b.SM_Fern02_b,fern,-1523.331299,2626.384033,4.558371,0.000000,0.000000,42.769469,2384,2384,1,1,1
/Game/Trials/Fern02_20260920_01/Meshes/SM_Fern02_c.SM_Fern02_c,fern,-1498.479738,-814.461060,-27.740906,0.000000,0.000000,34.902037,2248,2248,1,1,1
/Game/Trials/Fern02_20260920_01/Meshes/SM_Fern02_a.SM_Fern02_a,fern,2500.074219,2326.388916,46.394245,0.000000,0.000000,28.680353,784,784,1,1,1
/Game/Trials/Fern02_20260920_01/Meshes/SM_Fern02_b.SM_Fern02_b,fern,-2474.369873,2901.248291,-5.669710,0.000000,0.000000,42.769469,2384,2384,1,1,1
/Game/Trials/Fern02_20260920_01/Meshes/SM_Fern02_c.SM_Fern02_c,fern,-569.742065,-818.065921,-25.459806,0.000000,0.000000,34.902037,2248,2248,1,1,1
/Game/Trials/Fern02_20260920_01/Meshes/SM_Fern02_d.SM_Fern02_d,fern,2472.584716,-2740.604981,5.998311,0.000000,0.000000,21.308755,816,816,1,1,1
/Game/Trials/Fern02_20260920_01/Meshes/SM_Fern02_a.SM_Fern02_a,fern,191.493273,2881.500978,7.781352,0.000000,0.000000,28.680353,784,784,1,1,1
/Game/Trials/Fern02_20260920_01/Meshes/SM_Fern02_b.SM_Fern02_b,fern,-938.892151,-952.611816,-28.404882,0.000000,0.000000,42.769469,2384,2384,1,1,1
/Game/Trials/Fern02_20260920_01/Meshes/SM_Fern02_c.SM_Fern02_c,fern,-2093.145509,-2399.628175,-41.546867,0.000000,0.000000,34.902037,2248,2248,1,1,1
/Game/Trials/Fern02_20260920_01/Meshes/SM_Fern02_d.SM_Fern02_d,fern,3266.086186,452.757723,19.581144,0.000000,0.000000,21.308755,816,816,1,1,1
/Game/Trials/Fern02_20260920_01/Meshes/SM_Fern02_a.SM_Fern02_a,fern,-1342.979126,-922.181581,-28.807220,0.000000,0.000000,28.680353,784,784,1,1,1
/Game/Trials/Fern02_20260920_01/Meshes/SM_Fern02_c.SM_Fern02_c,fern,862.475345,-2624.016843,-8.135641,0.000000,0.000000,34.902037,2248,2248,1,1,1
/Game/Trials/Fern02_20260920_01/Meshes/SM_Fern02_d.SM_Fern02_d,fern,-1709.240723,-722.413574,-28.080206,0.000000,0.000000,21.308755,816,816,1,1,1
/Game/Trials/Fern02_20260920_01/Meshes/SM_Fern02_a.SM_Fern02_a,fern,-2751.707273,2792.579592,-8.790979,0.000000,0.000000,28.680353,784,784,1,1,1
/Game/Trials/Fern02_20260920_01/Meshes/SM_Fern02_b.SM_Fern02_b,fern,-2687.103760,-3025.508545,-44.147034,0.000000,0.000000,42.769469,2384,2384,1,1,1
/Game/Trials/Fern02_20260920_01/Meshes/SM_Fern02_c.SM_Fern02_c,fern,-1967.998290,-380.437800,-26.393143,0.000000,0.000000,34.902037,2248,2248,1,1,1
/Game/Trials/Fern02_20260920_01/Meshes/SM_Fern02_d.SM_Fern02_d,fern,218.313587,3197.679203,4.411589,0.000000,0.000000,21.308755,816,816,1,1,1
/Game/Trials/Fern02_20260920_01/Meshes/SM_Fern02_a.SM_Fern02_a,fern,-2739.819336,-725.330628,-24.658340,0.000000,0.000000,28.680353,784,784,1,1,1
/Game/Trials/Fern02_20260920_01/Meshes/SM_Fern02_b.SM_Fern02_b,fern,-2065.941651,48.702129,-24.934910,0.000000,0.000000,42.769469,2384,2384,1,1,1
/Game/Trials/Fern02_20260920_01/Meshes/SM_Fern02_c.SM_Fern02_c,fern,3382.023196,728.579349,25.968294,0.000000,0.000000,34.902037,2248,2248,1,1,1
/Game/Trials/Fern02_20260920_01/Meshes/SM_Fern02_d.SM_Fern02_d,fern,-1240.447633,2502.947996,7.885536,0.000000,0.000000,21.308755,816,816,1,1,1
/Game/Trials/Fern02_20260920_01/Meshes/SM_Fern02_a.SM_Fern02_a,fern,-1976.890014,491.059513,-23.733955,0.000000,0.000000,28.680353,784,784,1,1,1
/Game/Trials/Fern02_20260920_01/Meshes/SM_Fern02_b.SM_Fern02_b,fern,1057.233032,-2407.601318,-10.169462,0.000000,0.000000,42.769469,2384,2384,1,1,1
/Game/Trials/Fern02_20260920_01/Meshes/SM_Fern02_c.SM_Fern02_c,fern,2727.842528,2080.728758,46.471870,0.000000,0.000000,34.902037,2248,2248,1,1,1
/Game/Trials/Fern02_20260920_01/Meshes/SM_Fern02_a.SM_Fern02_a,fern,-2432.975098,-2890.078614,-45.998100,0.000000,0.000000,28.680353,784,784,1,1,1
/Game/Trials/Fern02_20260920_01/Meshes/SM_Fern02_b.SM_Fern02_b,fern,2590.312256,-3080.225830,6.800081,0.000000,0.000000,42.769469,2384,2384,1,1,1
/Game/Trials/Fern02_20260920_01/Meshes/SM_Fern02_d.SM_Fern02_d,fern,-2454.655274,-687.705263,-24.632362,0.000000,0.000000,21.308755,816,816,1,1,1
/Game/Trials/Fern02_20260920_01/Meshes/SM_Fern02_a.SM_Fern02_a,fern,-2124.347656,-2780.689450,-43.770462,0.000000,0.000000,28.680353,784,784,1,1,1
/Game/Trials/Fern02_20260920_01/Meshes/SM_Fern02_b.SM_Fern02_b,fern,-923.245789,490.012726,-1.326694,0.000000,0.000000,42.769469,2384,2384,1,1,1
/Game/Trials/Fern02_20260920_01/Meshes/SM_Fern02_c.SM_Fern02_c,fern,-959.268250,2435.552976,10.536402,0.000000,0.000000,34.902037,2248,2248,1,1,1
/Game/Trials/Fern02_20260920_01/Meshes/SM_Fern02_d.SM_Fern02_d,fern,-1889.894286,-1384.454096,-29.640953,0.000000,0.000000,21.308755,816,816,1,1,1
/Game/Trials/Fern02_20260920_01/Meshes/SM_Fern02_a.SM_Fern02_a,fern,-700.483521,461.674804,-1.390488,0.000000,0.000000,28.680353,784,784,1,1,1
/Game/Trials/Fern02_20260920_01/Meshes/SM_Fern02_b.SM_Fern02_b,fern,2967.385986,1913.937866,46.312401,0.000000,0.000000,42.769469,2384,2384,1,1,1
/Game/Trials/Fern02_20260920_01/Meshes/SM_Fern02_c.SM_Fern02_c,fern,-3088.141357,2533.811528,-12.145335,0.000000,0.000000,34.902037,2248,2248,1,1,1
/Game/Trials/Fern02_20260920_01/Meshes/SM_Fern02_a.SM_Fern02_a,fern,2753.274658,-3326.730953,8.604080,0.000000,0.000000,28.680353,784,784,1,1,1
/Game/Trials/Fern02_20260920_01/Meshes/SM_Fern02_b.SM_Fern02_b,fern,-213.166183,3092.985840,0.411674,0.000000,0.000000,42.769469,2384,2384,1,1,1
/Game/Trials/Fern02_20260920_01/Meshes/SM_Fern02_d.SM_Fern02_d,fern,-2064.479005,-3074.377680,-42.508583,0.000000,0.000000,21.308755,816,816,1,1,1
/Game/Trials/Fern02_20260920_01/Meshes/SM_Fern02_a.SM_Fern02_a,fern,2926.761963,811.408568,26.398155,0.000000,0.000000,28.680353,784,784,1,1,1
/Game/Trials/Fern02_20260920_01/Meshes/SM_Fern02_b.SM_Fern02_b,fern,-335.990967,-180.265854,-6.546877,0.000000,0.000000,42.769469,2384,2384,1,1,1
/Game/Trials/Fern02_20260920_01/Meshes/SM_Fern02_c.SM_Fern02_c,fern,-1570.902710,-1403.017944,-28.540325,0.000000,0.000000,34.902037,2248,2248,1,1,1
/Game/Trials/Fern02_20260920_01/Meshes/SM_Fern02_b.SM_Fern02_b,fern,-2848.556396,2366.478027,-11.796726,0.000000,0.000000,42.769469,2384,2384,1,1,1
/Game/Trials/Fern02_20260920_01/Meshes/SM_Fern02_c.SM_Fern02_c,fern,-2694.996337,-2466.466799,-48.205883,0.000000,0.000000,34.902037,2248,2248,1,1,1
/Game/Trials/Fern02_20260920_01/Meshes/SM_Fern02_a.SM_Fern02_a,fern,-92.491042,2838.657958,5.995258,0.000000,0.000000,28.680353,784,784,1,1,1
/Game/Trials/Fern02_20260920_01/Meshes/SM_Fern02_b.SM_Fern02_b,fern,-2524.040527,-177.530487,-20.588503,0.000000,0.000000,42.769469,2384,2384,1,1,1
/Game/Trials/Fern02_20260920_01/Meshes/SM_Fern02_c.SM_Fern02_c,fern,-963.644472,-801.643372,-21.380547,0.000000,0.000000,34.902037,2248,2248,1,1,1
/Game/Trials/Fern02_20260920_01/Meshes/SM_Fern02_d.SM_Fern02_d,fern,2910.817629,534.580381,21.539200,0.000000,0.000000,21.308755,816,816,1,1,1
/Game/Trials/Fern02_20260920_01/Meshes/SM_Fern02_a.SM_Fern02_a,fern,-810.574649,2945.428714,1.564543,0.000000,0.000000,28.680353,784,784,1,1,1
/Game/Trials/Fern02_20260920_01/Meshes/SM_Fern02_b.SM_Fern02_b,fern,-1306.472412,-779.023987,-23.269745,0.000000,0.000000,42.769469,2384,2384,1,1,1
/Game/Trials/Fern02_20260920_01/Meshes/SM_Fern02_c.SM_Fern02_c,fern,516.428408,-2373.251223,-13.419941,0.000000,0.000000,34.902037,2248,2248,1,1,1
/Game/Trials/Fern02_20260920_01/Meshes/SM_Fern02_d.SM_Fern02_d,fern,3320.874263,2331.216069,46.192505,0.000000,0.000000,21.308755,816,816,1,1,1
/Game/Trials/Fern02_20260920_01/Meshes/SM_Fern02_a.SM_Fern02_a,fern,-1621.331787,-609.590332,-24.083391,0.000000,0.000000,28.680353,784,784,1,1,1
/Game/Trials/Fern02_20260920_01/Meshes/SM_Fern02_b.SM_Fern02_b,fern,-2932.573242,-2610.949951,-47.392399,0.000000,0.000000,42.769469,2384,2384,1,1,1
/Game/Trials/Fern02_20260920_01/Meshes/SM_Fern02_c.SM_Fern02_c,fern,3259.799804,-3082.807373,11.677828,0.000000,0.000000,34.902037,2248,2248,1,1,1
/Game/Trials/Fern02_20260920_01/Meshes/SM_Fern02_d.SM_Fern02_d,fern,-1845.995118,-314.318201,-24.144892,0.000000,0.000000,21.308755,816,816,1,1,1
/Game/Trials/Fern02_20260920_01/Meshes/SM_Fern02_a.SM_Fern02_a,fern,-2804.177982,-198.696653,-17.962337,0.000000,0.000000,28.680353,784,784,1,1,1
/Game/Trials/Fern02_20260920_01/Meshes/SM_Fern02_b.SM_Fern02_b,fern,-1763.228638,-2653.835693,-37.348907,0.000000,0.000000,42.769469,2384,2384,1,1,1
/Game/Trials/Fern02_20260920_01/Meshes/SM_Fern02_c.SM_Fern02_c,fern,-1931.528439,60.070927,-24.024567,0.000000,0.000000,34.902037,2248,2248,1,1,1
/Game/Trials/Fern02_20260920_01/Meshes/SM_Fern02_d.SM_Fern02_d,fern,-1074.035767,3053.496094,-0.973650,0.000000,0.000000,21.308755,816,816,1,1,1
/Game/Trials/Fern02_20260920_01/Meshes/SM_Fern02_a.SM_Fern02_a,fern,-1475.054442,-1487.777833,-28.273176,0.000000,0.000000,28.680353,784,784,1,1,1
/Game/Trials/Fern02_20260920_01/Meshes/SM_Fern02_b.SM_Fern02_b,fern,-1852.538330,448.756470,-23.148634,0.000000,0.000000,42.769469,2384,2384,1,1,1
/Game/Trials/Fern02_20260920_01/Meshes/SM_Fern02_c.SM_Fern02_c,fern,3129.683593,2548.268311,46.397400,0.000000,0.000000,34.902037,2248,2248,1,1,1
/Game/Trials/Fern02_20260920_01/Meshes/SM_Fern02_d.SM_Fern02_d,fern,-2744.628170,2218.429442,-12.040997,0.000000,0.000000,21.308755,816,816,1,1,1
/Game/Trials/Fern02_20260920_01/Meshes/SM_Fern02_a.SM_Fern02_a,fern,-1613.322141,780.313843,-18.187798,0.000000,0.000000,28.680353,784,784,1,1,1
/Game/Trials/Fern02_20260920_01/Meshes/SM_Fern02_b.SM_Fern02_b,fern,3182.136719,-2799.044189,11.820535,0.000000,0.000000,42.769469,2384,2384,1,1,1
/Game/Trials/Fern02_20260920_01/Meshes/SM_Fern02_c.SM_Fern02_c,fern,-37.729180,2622.955321,10.252119,0.000000,0.000000,34.902037,2248,2248,1,1,1
/Game/Trials/Fern02_20260920_01/Meshes/SM_Fern02_d.SM_Fern02_d,fern,-1248.589966,990.003538,-7.707339,0.000000,0.000000,21.308755,816,816,1,1,1
/Game/Trials/Fern02_20260920_01/Meshes/SM_Fern02_a.SM_Fern02_a,fern,-1432.800779,-2762.937256,-31.033266,0.000000,0.000000,28.680353,784,784,1,1,1
/Game/Trials/Fern02_20260920_01/Meshes/SM_Fern02_b.SM_Fern02_b,fern,2873.837158,279.504700,18.228052,0.000000,0.000000,42.769469,2384,2384,1,1,1
/Game/Trials/Fern02_20260920_01/Meshes/SM_Fern02_c.SM_Fern02_c,fern,-818.411500,1032.365967,3.849377,0.000000,0.000000,34.902037,2248,2248,1,1,1
/Game/Trials/Fern02_20260920_01/Meshes/SM_Fern02_d.SM_Fern02_d,fern,-1218.694820,-1662.419434,-27.019785,0.000000,0.000000,21.308755,816,816,1,1,1
/Game/Trials/Fern02_20260920_01/Meshes/SM_Fern02_a.SM_Fern02_a,fern,366.039180,-2619.738037,-9.259632,0.000000,0.000000,28.680353,784,784,1,1,1
/Game/Trials/Fern02_20260920_01/Meshes/SM_Fern02_b.SM_Fern02_b,fern,-398.132721,890.707275,11.494159,0.000000,0.000000,42.769469,2384,2384,1,1,1
/Game/Trials/Fern02_20260920_01/Meshes/SM_Fern02_c.SM_Fern02_c,fern,-2565.082760,1982.998291,-12.568159,0.000000,0.000000,34.902037,2248,2248,1,1,1
/Game/Trials/Fern02_20260920_01/Meshes/SM_Fern02_d.SM_Fern02_d,fern,-3191.548585,-2793.335449,-42.280117,0.000000,0.000000,21.308755,816,816,1,1,1
/Game/Trials/Fern02_20260920_01/Meshes/SM_Fern02_b.SM_Fern02_b,fern,51.260586,2347.151123,15.424471,0.000000,0.000000,42.769469,2384,2384,1,1,1
/Game/Trials/Fern02_20260920_01/Meshes/SM_Fern02_c.SM_Fern02_c,fern,-3139.772218,-267.101319,-16.484066,0.000000,0.000000,34.902037,2248,2248,1,1,1
/Game/Trials/Fern02_20260920_01/Meshes/SM_Fern02_a.SM_Fern02_a,fern,2862.460937,-7.893745,15.729663,0.000000,0.000000,28.680353,784,784,1,1,1
/Game/Trials/Fern02_20260920_01/Meshes/SM_Fern02_b.SM_Fern02_b,fern,-1432.167602,3131.087158,-2.552399,0.000000,0.000000,42.769469,2384,2384,1,1,1
/Game/Trials/Fern02_20260920_01/Meshes/SM_Fern02_d.SM_Fern02_d,fern,253.761245,-2884.871338,-4.207572,0.000000,0.000000,21.308755,816,816,1,1,1
/Game/Trials/Fern02_20260920_01/Meshes/SM_Fern02_a.SM_Fern02_a,fern,2815.212405,2777.107667,46.518425,0.000000,0.000000,28.680353,784,784,1,1,1
/Game/Trials/Fern02_20260920_01/Meshes/SM_Fern02_c.SM_Fern02_c,fern,-3393.140626,-3001.605958,-34.266281,0.000000,0.000000,34.902037,2248,2248,1,1,1
/Game/Trials/Fern02_20260920_01/Meshes/SM_Fern02_d.SM_Fern02_d,fern,2976.510991,-2444.134763,12.066908,0.000000,0.000000,21.308755,816,816,1,1,1
/Game/Trials/Fern02_20260920_01/Meshes/SM_Fern02_b.SM_Fern02_b,fern,-3406.369629,-388.395386,-18.107420,0.000000,0.000000,42.769469,2384,2384,1,1,1
/Game/Trials/Fern02_20260920_01/Meshes/SM_Fern02_c.SM_Fern02_c,fern,-1479.132443,-2335.056882,-30.124453,0.000000,0.000000,34.902037,2248,2248,1,1,1
/Game/Trials/Fern02_20260920_01/Meshes/SM_Fern02_d.SM_Fern02_d,fern,-983.688112,-613.545228,-9.419497,0.000000,0.000000,21.308755,816,816,1,1,1
/Game/Trials/Fern02_20260920_01/Meshes/SM_Fern02_a.SM_Fern02_a,fern,-1728.549680,3117.121096,-2.444991,0.000000,0.000000,28.680353,784,784,1,1,1
/Game/Trials/Fern02_20260920_01/Meshes/SM_Fern02_b.SM_Fern02_b,fern,-1081.568360,-1234.153809,-28.950212,0.000000,0.000000,42.769469,2384,2384,1,1,1
/Game/Trials/Fern02_20260920_01/Meshes/SM_Fern02_d.SM_Fern02_d,fern,2531.082767,2876.716556,46.285595,0.000000,0.000000,21.308755,816,816,1,1,1
/Game/Trials/Fern02_20260920_01/Meshes/SM_Fern02_a.SM_Fern02_a,fern,-2253.563721,2332.511962,-5.602021,0.000000,0.000000,28.680353,784,784,1,1,1
/Game/Trials/Fern02_20260920_01/Meshes/SM_Fern02_b.SM_Fern02_b,fern,-1508.982056,-480.979492,-14.643511,0.000000,0.000000,42.769469,2384,2384,1,1,1
/Game/Trials/Fern02_20260920_01/Meshes/SM_Fern02_c.SM_Fern02_c,fern,2789.593509,-2688.998288,9.610332,0.000000,0.000000,34.902037,2248,2248,1,1,1
/Game/Trials/Fern02_20260920_01/Meshes/SM_Fern02_d.SM_Fern02_d,fern,494.139678,2547.277831,15.195619,0.000000,0.000000,21.308755,816,816,1,1,1
/Game/Trials/Fern02_20260920_01/Meshes/SM_Fern02_a.SM_Fern02_a,fern,-1698.157106,-244.602932,-16.412758,0.000000,0.000000,28.680353,784,784,1,1,1
/Game/Trials/Fern02_20260920_01/Meshes/SM_Fern02_b.SM_Fern02_b,fern,-1746.515015,-2442.127686,-35.714729,0.000000,0.000000,42.769469,2384,2384,1,1,1
/Game/Trials/Fern02_20260920_01/Meshes/SM_Fern02_c.SM_Fern02_c,fern,3365.625487,-4.984328,10.763726,0.000000,0.000000,34.902037,2248,2248,1,1,1
/Game/Trials/Fern02_20260920_01/Meshes/SM_Fern02_d.SM_Fern02_d,fern,-1774.556758,64.542871,-17.708109,0.000000,0.000000,21.308755,816,816,1,1,1
/Game/Trials/Fern02_20260920_01/Meshes/SM_Fern02_a.SM_Fern02_a,fern,-1358.914673,-1197.573853,-28.775063,0.000000,0.000000,28.680353,784,784,1,1,1
/Game/Trials/Fern02_20260920_01/Meshes/SM_Fern02_b.SM_Fern02_b,fern,729.832642,-3093.508301,1.851668,0.000000,0.000000,42.769469,2384,2384,1,1,1
/Game/Trials/Fern02_20260920_01/Meshes/SM_Fern02_c.SM_Fern02_c,fern,-1712.189941,392.096341,-17.933542,0.000000,0.000000,34.902037,2248,2248,1,1,1
/Game/Trials/Fern02_20260920_01/Meshes/SM_Fern02_d.SM_Fern02_d,fern,-2477.605714,2495.048094,-7.369684,0.000000,0.000000,21.308755,816,816,1,1,1
/Game/Trials/Fern02_20260920_01/Meshes/SM_Fern02_a.SM_Fern02_a,fern,-3032.286132,-3397.773678,-31.763985,0.000000,0.000000,28.680353,784,784,1,1,1
/Game/Trials/Fern02_20260920_01/Meshes/SM_Fern02_b.SM_Fern02_b,fern,-1510.980713,675.797913,-15.112144,0.000000,0.000000,42.769469,2384,2384,1,1,1
/Game/Trials/Fern02_20260920_01/Meshes/SM_Fern02_c.SM_Fern02_c,fern,371.714019,2795.587156,11.015611,0.000000,0.000000,34.902037,2248,2248,1,1,1
/Game/Trials/Fern02_20260920_01/Meshes/SM_Fern02_d.SM_Fern02_d,fern,-3233.052489,-911.957270,-29.699188,0.000000,0.000000,21.308755,816,816,1,1,1
/Game/Trials/Fern02_20260920_01/Meshes/SM_Fern02_a.SM_Fern02_a,fern,-1198.316528,857.510619,-8.152397,0.000000,0.000000,28.680353,784,784,1,1,1
/Game/Trials/Fern02_20260920_01/Meshes/SM_Fern02_b.SM_Fern02_b,fern,3370.680664,273.767944,15.742602,0.000000,0.000000,42.769469,2384,2384,1,1,1
/Game/Trials/Fern02_20260920_01/Meshes/SM_Fern02_c.SM_Fern02_c,fern,-1784.861205,2553.226567,2.123723,0.000000,0.000000,34.902037,2248,2248,1,1,1
/Game/Trials/Fern02_20260920_01/Meshes/SM_Fern02_d.SM_Fern02_d,fern,-825.230775,894.963562,0.473335,0.000000,0.000000,21.308755,816,816,1,1,1
/Game/Trials/Fern02_20260920_01/Meshes/SM_Fern02_a.SM_Fern02_a,fern,861.824951,-2844.310055,-3.786703,0.000000,0.000000,28.680353,784,784,1,1,1
/Game/Trials/Fern02_20260920_01/Meshes/SM_Fern02_b.SM_Fern02_b,fern,2706.088623,2395.238525,48.164795,0.000000,0.000000,42.769469,2384,2384,1,1,1
/Game/Trials/Fern02_20260920_01/Meshes/SM_Fern02_c.SM_Fern02_c,fern,-457.756255,770.925115,6.854424,0.000000,0.000000,34.902037,2248,2248,1,1,1
/Game/Trials/Fern02_20260920_01/Meshes/SM_Fern02_d.SM_Fern02_d,fern,-2799.595948,-3231.407221,-39.358292,0.000000,0.000000,21.308755,816,816,1,1,1
/Game/Trials/Fern02_20260920_01/Meshes/SM_Fern02_a.SM_Fern02_a,fern,2654.944336,-2743.826906,8.013416,0.000000,0.000000,28.680353,784,784,1,1,1
/Game/Trials/Fern02_20260920_01/Meshes/SM_Fern02_c.SM_Fern02_c,fern,-2946.202148,-864.872131,-27.494635,0.000000,0.000000,34.902037,2248,2248,1,1,1
/Game/Trials/Fern02_20260920_01/Meshes/SM_Fern02_d.SM_Fern02_d,fern,-1940.033813,-2458.784915,-39.400936,0.000000,0.000000,21.308755,816,816,1,1,1
/Game/Trials/Fern02_20260920_01/Meshes/SM_Fern02_b.SM_Fern02_b,fern,-1501.557251,2468.344238,5.610140,0.000000,0.000000,42.769469,2384,2384,1,1,1
/Game/Trials/Fern02_20260920_01/Meshes/SM_Fern02_c.SM_Fern02_c,fern,-1582.779540,-1130.789431,-28.581709,0.000000,0.000000,34.902037,2248,2248,1,1,1
/Game/Trials/Fern02_20260920_01/Meshes/SM_Fern02_a.SM_Fern02_a,fern,2464.815674,2168.425292,44.719257,0.000000,0.000000,28.680353,784,784,1,1,1
/Game/Trials/Fern02_20260920_01/Meshes/SM_Fern02_b.SM_Fern02_b,fern,-2684.354736,2664.604492,-8.701241,0.000000,0.000000,42.769469,2384,2384,1,1,1
/Game/Trials/Fern02_20260920_01/Meshes/SM_Fern02_d.SM_Fern02_d,fern,2381.395021,-2878.101565,4.729251,0.000000,0.000000,21.308755,816,816,1,1,1
/Game/Trials/Fern02_20260920_01/Meshes/SM_Fern02_a.SM_Fern02_a,fern,234.905470,3059.644779,6.134899,0.000000,0.000000,28.680353,784,784,1,1,1
/Game/Trials/Fern02_20260920_01/Meshes/SM_Fern02_b.SM_Fern02_b,fern,-550.583618,-985.205078,-28.418289,0.000000,0.000000,42.769469,2384,2384,1,1,1
/Game/Trials/Fern02_20260920_01/Meshes/SM_Fern02_c.SM_Fern02_c,fern,-2231.232176,-2496.446047,-44.263153,0.000000,0.000000,34.902037,2248,2248,1,1,1
/Game/Trials/Fern02_20260920_01/Meshes/SM_Fern02_d.SM_Fern02_d,fern,3348.772213,597.691350,22.815556,0.000000,0.000000,21.308755,816,816,1,1,1
/Game/Trials/Fern02_20260920_01/Meshes/SM_Fern02_c.SM_Fern02_c,fern,980.345825,-2515.172363,-9.403094,0.000000,0.000000,34.902037,2248,2248,1,1,1
/Game/Trials/Fern02_20260920_01/Meshes/SM_Fern02_a.SM_Fern02_a,fern,-2926.467044,2819.650393,-10.229972,0.000000,0.000000,28.680353,784,784,1,1,1
/Game/Trials/Fern02_20260920_01/Meshes/SM_Fern02_b.SM_Fern02_b,fern,-2542.280518,-2960.953857,-45.508926,0.000000,0.000000,42.769469,2384,2384,1,1,1
/Game/Trials/Fern02_20260920_01/Meshes/SM_Fern02_c.SM_Fern02_c,fern,-1349.362302,-317.962460,-2.356159,0.000000,0.000000,34.902037,2248,2248,1,1,1
/Game/Trials/Fern02_20260920_01/Meshes/SM_Fern02_d.SM_Fern02_d,fern,63.211059,3291.319580,0.771318,0.000000,0.000000,21.308755,816,816,1,1,1
/Game/Trials/Fern02_20260920_01/Meshes/SM_Fern02_a.SM_Fern02_a,fern,-2581.142576,-712.986573,-24.612480,0.000000,0.000000,28.680353,784,784,1,1,1
/Game/Trials/Fern02_20260920_01/Meshes/SM_Fern02_b.SM_Fern02_b,fern,-1502.582153,-165.575821,-4.621610,0.000000,0.000000,42.769469,2384,2384,1,1,1
/Game/Trials/Fern02_20260920_01/Meshes/SM_Fern02_c.SM_Fern02_c,fern,3272.003173,878.035401,29.087591,0.000000,0.000000,34.902037,2248,2248,1,1,1
/Game/Trials/Fern02_20260920_01/Meshes/SM_Fern02_d.SM_Fern02_d,fern,-1085.343503,2458.956785,9.458159,0.000000,0.000000,21.308755,816,816,1,1,1
/Game/Trials/Fern02_20260920_01/Meshes/SM_Fern02_a.SM_Fern02_a,fern,-1577.382078,59.026373,-6.851285,0.000000,0.000000,28.680353,784,784,1,1,1
/Game/Trials/Fern02_20260920_01/Meshes/SM_Fern02_b.SM_Fern02_b,fern,1012.345154,-2222.954102,-11.912851,0.000000,0.000000,42.769469,2384,2384,1,1,1
/Game/Trials/Fern02_20260920_01/Meshes/SM_Fern02_c.SM_Fern02_c,fern,2859.513919,1982.626708,46.434765,0.000000,0.000000,34.902037,2248,2248,1,1,1
/Game/Trials/Fern02_20260920_01/Meshes/SM_Fern02_d.SM_Fern02_d,fern,-1543.894286,312.862821,-8.505627,0.000000,0.000000,21.308755,816,816,1,1,1
/Game/Trials/Fern02_20260920_01/Meshes/SM_Fern02_a.SM_Fern02_a,fern,-2401.957273,-2698.095215,-46.560638,0.000000,0.000000,28.680353,784,784,1,1,1
/Game/Trials/Fern02_20260920_01/Meshes/SM_Fern02_b.SM_Fern02_b,fern,2679.198974,-3222.497314,7.781225,0.000000,0.000000,42.769469,2384,2384,1,1,1
/Game/Trials/Fern02_20260920_01/Meshes/SM_Fern02_c.SM_Fern02_c,fern,-1394.727785,542.903442,-8.623084,0.000000,0.000000,34.902037,2248,2248,1,1,1
/Game/Trials/Fern02_20260920_01/Meshes/SM_Fern02_d.SM_Fern02_d,fern,-2859.199703,-501.427735,-21.169384,0.000000,0.000000,21.308755,816,816,1,1,1
/Game/Trials/Fern02_20260920_01/Meshes/SM_Fern02_a.SM_Fern02_a,fern,-2093.645024,-2949.605712,-43.273022,0.000000,0.000000,28.680353,784,784,1,1,1
/Game/Trials/Fern02_20260920_01/Meshes/SM_Fern02_b.SM_Fern02_b,fern,-1147.469727,696.890869,-6.351602,0.000000,0.000000,42.769469,2384,2384,1,1,1
/Game/Trials/Fern02_20260920_01/Meshes/SM_Fern02_c.SM_Fern02_c,fern,-1182.813961,2742.652832,5.150339,0.000000,0.000000,34.902037,2248,2248,1,1,1
/Game/Trials/Fern02_20260920_01/Meshes/SM_Fern02_d.SM_Fern02_d,fern,-1925.562501,-1556.646240,-31.079218,0.000000,0.000000,21.308755,816,816,1,1,1
/Game/Trials/Fern02_20260920_01/Meshes/SM_Fern02_a.SM_Fern02_a,fern,-842.241150,734.415649,-2.321051,0.000000,0.000000,28.680353,784,784,1,1,1
/Game/Trials/Fern02_20260920_01/Meshes/SM_Fern02_b.SM_Fern02_b,fern,2915.303955,2261.866699,48.417679,0.000000,0.000000,42.769469,2384,2384,1,1,1
/Game/Trials/Fern02_20260920_01/Meshes/SM_Fern02_c.SM_Fern02_c,fern,-3188.791505,2384.392822,-12.438041,0.000000,0.000000,34.902037,2248,2248,1,1,1
/Game/Trials/Fern02_20260920_01/Meshes/SM_Fern02_d.SM_Fern02_d,fern,-534.598084,636.007330,1.337552,0.000000,0.000000,21.308755,816,816,1,1,1
/Game/Trials/Fern02_20260920_01/Meshes/SM_Fern02_a.SM_Fern02_a,fern,2859.416748,-3010.238281,9.131398,0.000000,0.000000,28.680353,784,784,1,1,1
/Game/Trials/Fern02_20260920_01/Meshes/SM_Fern02_b.SM_Fern02_b,fern,-366.954864,2990.967041,1.491356,0.000000,0.000000,42.769469,2384,2384,1,1,1
/Game/Trials/Fern02_20260920_01/Meshes/SM_Fern02_c.SM_Fern02_c,fern,-285.024532,408.367859,2.234418,0.000000,0.000000,34.902037,2248,2248,1,1,1
/Game/Trials/Fern02_20260920_01/Meshes/SM_Fern02_d.SM_Fern02_d,fern,-1836.216066,-2848.542481,-39.488308,0.000000,0.000000,21.308755,816,816,1,1,1
/Game/Trials/Fern02_20260920_01/Meshes/SM_Fern02_a.SM_Fern02_a,fern,2741.187258,775.663880,25.432493,0.000000,0.000000,28.680353,784,784,1,1,1
/Game/Trials/Fern02_20260920_01/Meshes/SM_Fern02_c.SM_Fern02_c,fern,-1649.912599,-1586.570923,-29.211992,0.000000,0.000000,34.902037,2248,2248,1,1,1
/Game/Trials/Fern02_20260920_01/Meshes/SM_Fern02_b.SM_Fern02_b,fern,-2955.188476,2230.668945,-12.808195,0.000000,0.000000,42.769469,2384,2384,1,1,1
/Game/Trials/Fern02_20260920_01/Meshes/SM_Fern02_c.SM_Fern02_c,fern,-2857.390377,-2353.407469,-48.498772,0.000000,0.000000,34.902037,2248,2248,1,1,1
/Game/Trials/Fern02_20260920_01/Meshes/SM_Fern02_d.SM_Fern02_d,fern,-320.659363,-622.093874,-20.309193,0.000000,0.000000,21.308755,816,816,1,1,1
/Game/Trials/Fern02_20260920_01/Meshes/SM_Fern02_a.SM_Fern02_a,fern,-225.850706,2745.501711,7.127622,0.000000,0.000000,28.680353,784,784,1,1,1
/Game/Trials/Fern02_20260920_01/Meshes/SM_Fern02_b.SM_Fern02_b,fern,-2844.644043,-398.170197,-19.831444,0.000000,0.000000,42.769469,2384,2384,1,1,1
/Game/Trials/Fern02_20260920_01/Meshes/SM_Fern02_c.SM_Fern02_c,fern,-621.395326,-872.933532,-27.008852,0.000000,0.000000,34.902037,2248,2248,1,1,1
/Game/Trials/Fern02_20260920_01/Meshes/SM_Fern02_d.SM_Fern02_d,fern,2758.507328,488.804202,21.363274,0.000000,0.000000,21.308755,816,816,1,1,1
/Game/Trials/Fern02_20260920_01/Meshes/SM_Fern02_a.SM_Fern02_a,fern,-1165.209839,2903.052490,2.270842,0.000000,0.000000,28.680353,784,784,1,1,1
/Game/Trials/Fern02_20260920_01/Meshes/SM_Fern02_b.SM_Fern02_b,fern,-1010.691223,-980.861877,-29.095957,0.000000,0.000000,42.769469,2384,2384,1,1,1
/Game/Trials/Fern02_20260920_01/Meshes/SM_Fern02_d.SM_Fern02_d,fern,3004.443114,2448.433104,48.040855,0.000000,0.000000,21.308755,816,816,1,1,1
/Game/Trials/Fern02_20260920_01/Meshes/SM_Fern02_a.SM_Fern02_a,fern,-1421.765995,-917.151915,-29.039244,0.000000,0.000000,28.680353,784,784,1,1,1
/Game/Trials/Fern02_20260920_01/Meshes/SM_Fern02_b.SM_Fern02_b,fern,-3080.572510,-2549.848633,-46.841232,0.000000,0.000000,42.769469,2384,2384,1,1,1
/Game/Trials/Fern02_20260920_01/Meshes/SM_Fern02_c.SM_Fern02_c,fern,3039.645018,-2845.471193,10.957792,0.000000,0.000000,34.902037,2248,2248,1,1,1
/Game/Trials/Fern02_20260920_01/Meshes/SM_Fern02_d.SM_Fern02_d,fern,-1780.062497,-683.671382,-27.903002,0.000000,0.000000,21.308755,816,816,1,1,1
/Game/Trials/Fern02_20260920_01/Meshes/SM_Fern02_a.SM_Fern02_a,fern,-2923.115235,-87.649720,-15.830177,0.000000,0.000000,28.680353,784,784,1,1,1
/Game/Trials/Fern02_20260920_01/Meshes/SM_Fern02_b.SM_Fern02_b,fern,-1575.383057,-2756.202392,-34.049576,0.000000,0.000000,42.769469,2384,2384,1,1,1
/Game/Trials/Fern02_20260920_01/Meshes/SM_Fern02_c.SM_Fern02_c,fern,-2016.926999,-314.028688,-25.922865,0.000000,0.000000,34.902037,2248,2248,1,1,1
/Game/Trials/Fern02_20260920_01/Meshes/SM_Fern02_d.SM_Fern02_d,fern,-1146.439210,3202.915281,-4.501939,0.000000,0.000000,21.308755,816,816,1,1,1
/Game/Trials/Fern02_20260920_01/Meshes/SM_Fern02_a.SM_Fern02_a,fern,-1344.803710,-1607.139401,-27.662104,0.000000,0.000000,28.680353,784,784,1,1,1
/Game/Trials/Fern02_20260920_01/Meshes/SM_Fern02_b.SM_Fern02_b,fern,-2082.765625,131.236527,-24.614845,0.000000,0.000000,42.769469,2384,2384,1,1,1
/Game/Trials/Fern02_20260920_01/Meshes/SM_Fern02_c.SM_Fern02_c,fern,3116.873290,2717.596433,44.514637,0.000000,0.000000,34.902037,2248,2248,1,1,1
/Game/Trials/Fern02_20260920_01/Meshes/SM_Fern02_d.SM_Fern02_d,fern,-2660.171141,2077.548833,-12.476917,0.000000,0.000000,21.308755,816,816,1,1,1
/Game/Trials/Fern02_20260920_01/Meshes/SM_Fern02_b.SM_Fern02_b,fern,3234.540283,-2633.250000,12.212318,0.000000,0.000000,42.769469,2384,2384,1,1,1
/Game/Trials/Fern02_20260920_01/Meshes/SM_Fern02_c.SM_Fern02_c,fern,-1.840784,2467.518315,13.182950,0.000000,-0.000002,34.902037,2248,2248,1,1,1
/Game/Trials/Fern02_20260920_01/Meshes/SM_Fern02_a.SM_Fern02_a,fern,-1319.046264,-2625.860836,-28.148537,0.000000,0.000000,28.680353,784,784,1,1,1
/Game/Trials/Fern02_20260920_01/Meshes/SM_Fern02_b.SM_Fern02_b,fern,2857.322998,121.830742,16.786537,0.000000,0.000000,42.769469,2384,2384,1,1,1
/Game/Trials/Fern02_20260920_01/Meshes/SM_Fern02_c.SM_Fern02_c,fern,-1092.452637,481.255585,-1.632571,0.000000,0.000000,34.902037,2248,2248,1,1,1
/Game/Trials/Fern02_20260920_01/Meshes/SM_Fern02_d.SM_Fern02_d,fern,-1057.463379,-1576.938959,-27.036060,0.000000,0.000000,21.308755,816,816,1,1,1
/Game/Trials/Fern02_20260920_01/Meshes/SM_Fern02_a.SM_Fern02_a,fern,296.596558,-2763.495607,-6.513660,0.000000,0.000000,28.680353,784,784,1,1,1
/Game/Trials/Fern02_20260920_01/Meshes/SM_Fern02_b.SM_Fern02_b,fern,-875.579468,530.588318,-1.837168,0.000000,0.000000,42.769469,2384,2384,1,1,1
/Game/Trials/Fern02_20260920_01/Meshes/SM_Fern02_c.SM_Fern02_c,fern,-2378.988525,2000.442505,-10.625586,0.000000,0.000000,34.902037,2248,2248,1,1,1
/Game/Trials/Fern02_20260920_01/Meshes/SM_Fern02_d.SM_Fern02_d,fern,-3308.595703,-2905.385501,-38.099228,0.000000,0.000000,21.308755,816,816,1,1,1
/Game/Trials/Fern02_20260920_01/Meshes/SM_Fern02_a.SM_Fern02_a,fern,-639.782228,473.389408,-1.433141,0.000000,0.000000,28.680353,784,784,1,1,1
/Game/Trials/Fern02_20260920_01/Meshes/SM_Fern02_b.SM_Fern02_b,fern,233.873871,2289.973633,16.970100,0.000000,0.000000,42.769469,2384,2384,1,1,1
/Game/Trials/Fern02_20260920_01/Meshes/SM_Fern02_c.SM_Fern02_c,fern,-3292.133544,-330.987399,-17.081108,0.000000,0.000000,34.902037,2248,2248,1,1,1
/Game/Trials/Fern02_20260920_01/Meshes/SM_Fern02_a.SM_Fern02_a,fern,3011.865967,-134.449327,13.004228,0.000000,0.000000,28.680353,784,784,1,1,1
/Game/Trials/Fern02_20260920_01/Meshes/SM_Fern02_b.SM_Fern02_b,fern,-1601.022217,3127.221924,-2.484821,0.000000,0.000000,42.769469,2384,2384,1,1,1
/Game/Trials/Fern02_20260920_01/Meshes/SM_Fern02_d.SM_Fern02_d,fern,606.410707,-2666.017093,-7.861224,0.000000,0.000000,21.308755,816,816,1,1,1
/Game/Trials/Fern02_20260920_01/Meshes/SM_Fern02_a.SM_Fern02_a,fern,2653.234129,2837.610355,46.536858,0.000000,0.000000,28.680353,784,784,1,1,1
/Game/Trials/Fern02_20260920_01/Meshes/SM_Fern02_c.SM_Fern02_c,fern,-3023.999754,-2978.974368,-41.422474,0.000000,0.000000,34.902037,2248,2248,1,1,1
/Game/Trials/Fern02_20260920_01/Meshes/SM_Fern02_d.SM_Fern02_d,fern,2846.064450,-2324.315424,12.008671,0.000000,0.000000,21.308755,816,816,1,1,1
/Game/Trials/Fern02_20260920_01/Meshes/SM_Fern02_a.SM_Fern02_a,fern,-447.478515,-525.332887,-14.561707,0.000000,0.000000,28.680353,784,784,1,1,1
/Game/Trials/Fern02_20260920_01/Meshes/SM_Fern02_b.SM_Fern02_b,fern,-3090.196045,-528.157349,-21.189388,0.000000,0.000000,42.769469,2384,2384,1,1,1
/Game/Trials/Fern02_20260920_01/Meshes/SM_Fern02_c.SM_Fern02_c,fern,-1556.114014,-2170.730957,-30.631306,0.000000,0.000000,34.902037,2248,2248,1,1,1
/Game/Trials/Fern02_20260920_01/Meshes/SM_Fern02_d.SM_Fern02_d,fern,-695.938172,-738.681946,-20.078182,0.000000,0.000000,21.308755,816,816,1,1,1
/Game/Trials/Fern02_20260920_01/Meshes/SM_Fern02_a.SM_Fern02_a,fern,-1520.259525,2861.706790,2.074664,0.000000,0.000000,28.680353,784,784,1,1,1
/Game/Trials/Fern02_20260920_01/Meshes/SM_Fern02_b.SM_Fern02_b,fern,-1089.896973,-1048.466675,-29.688076,0.000000,0.000000,42.769469,2384,2384,1,1,1
/Game/Trials/Fern02_20260920_01/Meshes/SM_Fern02_c.SM_Fern02_c,fern,-1024.704711,-833.273128,-23.235472,0.000000,0.000000,34.902037,2248,2248,1,1,1
/Game/Trials/Fern02_20260920_01/Meshes/SM_Fern02_d.SM_Fern02_d,fern,2599.906738,2566.250732,47.820152,0.000000,0.000000,21.308755,816,816,1,1,1
/Game/Trials/Fern02_20260920_01/Meshes/SM_Fern02_a.SM_Fern02_a,fern,-2188.045653,2511.194579,-3.388304,0.000000,0.000000,28.680353,784,784,1,1,1
/Game/Trials/Fern02_20260920_01/Meshes/SM_Fern02_b.SM_Fern02_b,fern,-1376.962158,-780.835449,-24.660763,0.000000,0.000000,42.769469,2384,2384,1,1,1
/Game/Trials/Fern02_20260920_01/Meshes/SM_Fern02_c.SM_Fern02_c,fern,2672.750976,-2541.468017,9.285739,0.000000,0.000000,34.902037,2248,2248,1,1,1
/Game/Trials/Fern02_20260920_01/Meshes/SM_Fern02_d.SM_Fern02_d,fern,626.935306,2689.749510,15.494261,0.000000,0.000000,21.308755,816,816,1,1,1
/Game/Trials/Fern02_20260920_01/Meshes/SM_Fern02_a.SM_Fern02_a,fern,-1687.264037,-579.933163,-25.054434,0.000000,0.000000,28.680353,784,784,1,1,1
/Game/Trials/Fern02_20260920_01/Meshes/SM_Fern02_b.SM_Fern02_b,fern,-1811.684082,-2286.552734,-35.749153,0.000000,0.000000,42.769469,2384,2384,1,1,1
/Game/Trials/Fern02_20260920_01/Meshes/SM_Fern02_c.SM_Fern02_c,fern,3141.866946,369.705595,18.204985,0.000000,0.000000,34.902037,2248,2248,1,1,1
/Game/Trials/Fern02_20260920_01/Meshes/SM_Fern02_d.SM_Fern02_d,fern,-1893.895016,-257.791200,-24.763058,0.000000,0.000000,21.308755,816,816,1,1,1
/Game/Trials/Fern02_20260920_01/Meshes/SM_Fern02_a.SM_Fern02_a,fern,-1374.007566,-1037.164185,-29.190643,0.000000,0.000000,28.680353,784,784,1,1,1
/Game/Trials/Fern02_20260920_01/Meshes/SM_Fern02_b.SM_Fern02_b,fern,717.208740,-2716.224609,-6.658514,0.000000,0.000000,42.769469,2384,2384,1,1,1
/Game/Trials/Fern02_20260920_01/Meshes/SM_Fern02_c.SM_Fern02_c,fern,-1951.082520,133.404020,-24.438175,0.000000,0.000000,34.902037,2248,2248,1,1,1
/Game/Trials/Fern02_20260920_01/Meshes/SM_Fern02_d.SM_Fern02_d,fern,-2441.506344,2649.551513,-6.007810,0.000000,0.000000,21.308755,816,816,1,1,1
/Game/Trials/Fern02_20260920_01/Meshes/SM_Fern02_a.SM_Fern02_a,fern,-2881.004643,-3081.711181,-41.364223,0.000000,0.000000,28.680353,784,784,1,1,1
/Game/Trials/Fern02_20260920_01/Meshes/SM_Fern02_b.SM_Fern02_b,fern,-1838.670410,525.201538,-22.992577,0.000000,0.000000,42.769469,2384,2384,1,1,1
/Game/Trials/Fern02_20260920_01/Meshes/SM_Fern02_c.SM_Fern02_c,fern,457.325382,2929.491455,10.937428,0.000000,0.000000,34.902037,2248,2248,1,1,1
/Game/Trials/Fern02_20260920_01/Meshes/SM_Fern02_d.SM_Fern02_d,fern,-2968.598389,-709.829895,-24.563684,0.000000,0.000000,21.308755,816,816,1,1,1
/Game/Trials/Fern02_20260920_01/Meshes/SM_Fern02_a.SM_Fern02_a,fern,-1567.302491,845.116943,-16.695869,0.000000,0.000000,28.680353,784,784,1,1,1
/Game/Trials/Fern02_20260920_01/Meshes/SM_Fern02_b.SM_Fern02_b,fern,3498.706055,371.059845,17.662144,0.000000,0.000000,42.769469,2384,2384,1,1,1
/Game/Trials/Fern02_20260920_01/Meshes/SM_Fern02_c.SM_Fern02_c,fern,-1469.970826,2612.386475,5.112641,0.000000,0.000000,34.902037,2248,2248,1,1,1
/Game/Trials/Fern02_20260920_01/Meshes/SM_Fern02_d.SM_Fern02_d,fern,-1177.954102,1030.163574,-5.207774,0.000000,0.000000,21.308755,816,816,1,1,1
/Game/Trials/Fern02_20260920_01/Meshes/SM_Fern02_a.SM_Fern02_a,fern,1018.763000,-2797.920410,-4.554653,0.000000,0.000000,28.680353,784,784,1,1,1
/Game/Trials/Fern02_20260920_01/Meshes/SM_Fern02_b.SM_Fern02_b,fern,2542.018799,2286.469482,46.535122,0.000000,0.000000,42.769469,2384,2384,1,1,1
/Game/Trials/Fern02_20260920_01/Meshes/SM_Fern02_c.SM_Fern02_c,fern,-735.680112,1039.177371,6.111776,0.000000,0.000000,34.902037,2248,2248,1,1,1
/Game/Trials/Fern02_20260920_01/Meshes/SM_Fern02_d.SM_Fern02_d,fern,-2633.049806,-3245.327149,-40.842651,0.000000,0.000000,21.308755,816,816,1,1,1
/Game/Trials/Fern02_20260920_01/Meshes/SM_Fern02_a.SM_Fern02_a,fern,2492.111819,-2798.288085,6.038363,0.000000,0.000000,28.680353,784,784,1,1,1
/Game/Trials/Fern02_20260920_01/Meshes/SM_Fern02_b.SM_Fern02_b,fern,-318.562348,861.537781,12.850863,0.000000,0.000000,42.769469,2384,2384,1,1,1
/Game/Trials/Fern02_20260920_01/Meshes/SM_Fern02_c.SM_Fern02_c,fern,-2793.050050,-940.941651,-28.352245,0.000000,0.000000,34.902037,2248,2248,1,1,1
/Game/Trials/Fern02_20260920_01/Meshes/SM_Fern02_d.SM_Fern02_d,fern,-2102.272701,-2462.945799,-42.158905,0.000000,0.000000,21.308755,816,816,1,1,1
/Game/Trials/Fern02_20260920_01/Meshes/SM_Fern02_b.SM_Fern02_b,fern,-1385.211548,2337.440430,7.296679,0.000000,0.000000,42.769469,2384,2384,1,1,1
/Game/Trials/Fern02_20260920_01/Meshes/SM_Fern02_a.SM_Fern02_a,fern,2524.438723,1999.197145,43.556225,0.000000,0.000000,28.680353,784,784,1,1,1
/Game/Trials/Fern02_20260920_01/Meshes/SM_Fern02_b.SM_Fern02_b,fern,-2812.651611,2758.010254,-9.507226,0.000000,0.000000,42.769469,2384,2384,1,1,1
/Game/Trials/Fern02_20260920_01/Meshes/SM_Fern02_c.SM_Fern02_c,fern,-525.187013,-178.065461,-2.329555,0.000000,0.000000,34.902037,2248,2248,1,1,1
/Game/Trials/Fern02_20260920_01/Meshes/SM_Fern02_d.SM_Fern02_d,fern,2371.665775,-3061.651120,4.988061,0.000000,0.000000,21.308755,816,816,1,1,1
/Game/Trials/Fern02_20260920_01/Meshes/SM_Fern02_a.SM_Fern02_a,fern,145.461471,3192.618896,3.240300,0.000000,0.000000,28.680353,784,784,1,1,1
/Game/Trials/Fern02_20260920_01/Meshes/SM_Fern02_c.SM_Fern02_c,fern,-2312.752194,-2666.116452,-45.794476,0.000000,0.000000,34.902037,2248,2248,1,1,1
/Game/Trials/Fern02_20260920_01/Meshes/SM_Fern02_d.SM_Fern02_d,fern,3311.326171,756.247374,26.405876,0.000000,0.000000,21.308755,816,816,1,1,1
/Game/Trials/Fern02_20260920_01/Meshes/SM_Fern02_c.SM_Fern02_c,fern,1003.065551,-2350.459962,-11.116101,0.000000,0.000000,34.902037,2248,2248,1,1,1
/Game/Trials/Fern02_20260920_01/Meshes/SM_Fern02_d.SM_Fern02_d,fern,-1031.626588,-653.226129,-11.993912,0.000000,0.000000,21.308755,816,816,1,1,1
/Game/Trials/Fern02_20260920_01/Meshes/SM_Fern02_a.SM_Fern02_a,fern,-3113.262207,2756.664794,-11.629712,0.000000,0.000000,28.680353,784,784,1,1,1
/Game/Trials/Fern02_20260920_01/Meshes/SM_Fern02_b.SM_Fern02_b,fern,-2458.780029,-2812.792969,-46.533901,0.000000,0.000000,42.769469,2384,2384,1,1,1
/Game/Trials/Fern02_20260920_01/Meshes/SM_Fern02_c.SM_Fern02_c,fern,-1314.327145,-621.090210,-14.694819,0.000000,0.000000,34.902037,2248,2248,1,1,1
/Game/Trials/Fern02_20260920_01/Meshes/SM_Fern02_d.SM_Fern02_d,fern,55.760489,2894.301268,6.192328,0.000000,0.000000,21.308755,816,816,1,1,1
/Game/Trials/Fern02_20260920_01/Meshes/SM_Fern02_a.SM_Fern02_a,fern,-2445.244872,-604.079343,-23.928513,0.000000,0.000000,28.680353,784,784,1,1,1
/Game/Trials/Fern02_20260920_01/Meshes/SM_Fern02_b.SM_Fern02_b,fern,-1571.138550,-463.902496,-16.710415,0.000000,0.000000,42.769469,2384,2384,1,1,1
/Game/Trials/Fern02_20260920_01/Meshes/SM_Fern02_c.SM_Fern02_c,fern,3097.002196,561.850035,21.828703,0.000000,0.000000,34.902037,2248,2248,1,1,1
/Game/Trials/Fern02_20260920_01/Meshes/SM_Fern02_d.SM_Fern02_d,fern,-914.318113,2509.760747,9.792631,0.000000,0.000000,21.308755,816,816,1,1,1
/Game/Trials/Fern02_20260920_01/Meshes/SM_Fern02_a.SM_Fern02_a,fern,-1747.067258,-200.362991,-18.157413,0.000000,0.000000,28.680353,784,784,1,1,1
/Game/Trials/Fern02_20260920_01/Meshes/SM_Fern02_b.SM_Fern02_b,fern,729.689026,-2412.360351,-12.020010,0.000000,0.000000,42.769469,2384,2384,1,1,1
/Game/Trials/Fern02_20260920_01/Meshes/SM_Fern02_c.SM_Fern02_c,fern,3041.339113,1963.996220,47.048634,0.000000,0.000000,34.902037,2248,2248,1,1,1
/Game/Trials/Fern02_20260920_01/Meshes/SM_Fern02_d.SM_Fern02_d,fern,-1799.291382,127.428014,-19.139635,0.000000,0.000000,21.308755,816,816,1,1,1
/Game/Trials/Fern02_20260920_01/Meshes/SM_Fern02_a.SM_Fern02_a,fern,-2725.291259,-2737.548825,-47.226074,0.000000,0.000000,28.680353,784,784,1,1,1
/Game/Trials/Fern02_20260920_01/Meshes/SM_Fern02_b.SM_Fern02_b,fern,2843.810059,-3311.643555,9.084465,0.000000,0.000000,42.769469,2384,2384,1,1,1
/Game/Trials/Fern02_20260920_01/Meshes/SM_Fern02_c.SM_Fern02_c,fern,-1706.605714,461.154084,-18.752413,0.000000,0.000000,34.902037,2248,2248,1,1,1
/Game/Trials/Fern02_20260920_01/Meshes/SM_Fern02_d.SM_Fern02_d,fern,-2645.584960,-413.160456,-21.143557,0.000000,0.000000,21.308755,816,816,1,1,1
/Game/Trials/Fern02_20260920_01/Meshes/SM_Fern02_a.SM_Fern02_a,fern,-1973.529663,-3098.939454,-41.405357,0.000000,0.000000,28.680353,784,784,1,1,1
/Game/Trials/Fern02_20260920_01/Meshes/SM_Fern02_b.SM_Fern02_b,fern,-1474.960083,737.032959,-14.698528,0.000000,0.000000,42.769469,2384,2384,1,1,1
/Game/Trials/Fern02_20260920_01/Meshes/SM_Fern02_c.SM_Fern02_c,fern,-1005.218689,2773.041992,5.059806,0.000000,0.000000,34.902037,2248,2248,1,1,1
/Game/Trials/Fern02_20260920_01/Meshes/SM_Fern02_d.SM_Fern02_d,fern,-1871.769409,-1745.215213,-32.075172,0.000000,0.000000,21.308755,816,816,1,1,1
/Game/Trials/Fern02_20260920_01/Meshes/SM_Fern02_a.SM_Fern02_a,fern,-1137.868168,898.135378,-6.484253,0.000000,0.000000,28.680353,784,784,1,1,1
/Game/Trials/Fern02_20260920_01/Meshes/SM_Fern02_b.SM_Fern02_b,fern,3079.856445,2242.972168,48.223404,0.000000,0.000000,42.769469,2384,2384,1,1,1
/Game/Trials/Fern02_20260920_01/Meshes/SM_Fern02_c.SM_Fern02_c,fern,-2778.629150,2367.142087,-11.333141,0.000000,0.000000,34.902037,2248,2248,1,1,1
/Game/Trials/Fern02_20260920_01/Meshes/SM_Fern02_d.SM_Fern02_d,fern,-751.408689,905.928838,2.537097,0.000000,0.000000,21.308755,816,816,1,1,1
/Game/Trials/Fern02_20260920_01/Meshes/SM_Fern02_a.SM_Fern02_a,fern,3005.250000,-3076.051271,10.154982,0.000000,0.000000,28.680353,784,784,1,1,1
/Game/Trials/Fern02_20260920_01/Meshes/SM_Fern02_b.SM_Fern02_b,fern,-50.344303,2803.654053,6.901612,0.000000,0.000000,42.769469,2384,2384,1,1,1
/Game/Trials/Fern02_20260920_01/Meshes/SM_Fern02_c.SM_Fern02_c,fern,-384.606717,748.762815,8.406231,0.000000,0.000000,34.902037,2248,2248,1,1,1
/Game/Trials/Fern02_20260920_01/Meshes/SM_Fern02_d.SM_Fern02_d,fern,-1720.488769,-2956.881595,-37.600140,0.000000,0.000000,21.308755,816,816,1,1,1
/Game/Trials/Fern02_20260920_01/Meshes/SM_Fern02_a.SM_Fern02_a,fern,2924.067137,483.779453,20.716961,0.000000,0.000000,28.680353,784,784,1,1,1
/Game/Trials/Fern02_20260920_01/Meshes/SM_Fern02_c.SM_Fern02_c,fern,-1577.044066,-1728.292605,-29.101170,0.000000,0.000000,34.902037,2248,2248,1,1,1
/Game/Trials/Fern02_20260920_01/Meshes/SM_Fern02_d.SM_Fern02_d,fern,500.135403,-2424.311274,-12.625035,0.000000,0.000000,21.308755,816,816,1,1,1
/Game/Trials/Fern02_20260920_01/Meshes/SM_Fern02_b.SM_Fern02_b,fern,-2935.928955,2070.252930,-13.324131,0.000000,0.000000,42.769469,2384,2384,1,1,1
/Game/Trials/Fern02_20260920_01/Meshes/SM_Fern02_c.SM_Fern02_c,fern,-2973.962403,-2648.583740,-46.783268,0.000000,0.000000,34.902037,2248,2248,1,1,1
/Game/Trials/Fern02_20260920_01/Meshes/SM_Fern02_a.SM_Fern02_a,fern,-265.884341,2585.806400,10.172719,0.000000,0.000000,28.680353,784,784,1,1,1
/Game/Trials/Fern02_20260920_01/Meshes/SM_Fern02_b.SM_Fern02_b,fern,-2861.266357,-212.711288,-17.604996,0.000000,0.000000,42.769469,2384,2384,1,1,1
/Game/Trials/Fern02_20260920_01/Meshes/SM_Fern02_c.SM_Fern02_c,fern,-245.629319,-773.097656,-23.163784,0.000000,0.000000,34.902037,2248,2248,1,1,1
/Game/Trials/Fern02_20260920_01/Meshes/SM_Fern02_d.SM_Fern02_d,fern,2660.938721,351.731079,20.484039,0.000000,0.000000,21.308755,816,816,1,1,1
/Game/Trials/Fern02_20260920_01/Meshes/SM_Fern02_a.SM_Fern02_a,fern,-1134.104247,3068.082518,-1.289189,0.000000,0.000000,28.680353,784,784,1,1,1
/Game/Trials/Fern02_20260920_01/Meshes/SM_Fern02_c.SM_Fern02_c,fern,213.197326,-2459.775878,-12.699380,0.000000,0.000000,34.902037,2248,2248,1,1,1
/Game/Trials/Fern02_20260920_01/Meshes/SM_Fern02_d.SM_Fern02_d,fern,3080.236819,2590.293211,46.460110,0.000000,0.000000,21.308755,816,816,1,1,1
/Game/Trials/Fern02_20260920_01/Meshes/SM_Fern02_b.SM_Fern02_b,fern,-3253.865234,-2582.835449,-44.526875,0.000000,0.000000,42.769469,2384,2384,1,1,1
/Game/Trials/Fern02_20260920_01/Meshes/SM_Fern02_c.SM_Fern02_c,fern,3155.095218,-2736.705080,11.854326,0.000000,0.000000,34.902037,2248,2248,1,1,1
/Game/Trials/Fern02_20260920_01/Meshes/SM_Fern02_a.SM_Fern02_a,fern,-3100.205320,-51.573533,-13.761701,0.000000,0.000000,28.680353,784,784,1,1,1
/Game/Trials/Fern02_20260920_01/Meshes/SM_Fern02_b.SM_Fern02_b,fern,-1429.888794,-2692.038330,-30.698236,0.000000,0.000000,42.769469,2384,2384,1,1,1
/Game/Trials/Fern02_20260920_01/Meshes/SM_Fern02_c.SM_Fern02_c,fern,-1412.537719,-322.440066,-4.481330,0.000000,0.000000,34.902037,2248,2248,1,1,1
/Game/Trials/Fern02_20260920_01/Meshes/SM_Fern02_d.SM_Fern02_d,fern,-1299.888546,3306.481200,-6.832543,0.000000,0.000000,21.308755,816,816,1,1,1
/Game/Trials/Fern02_20260920_01/Meshes/SM_Fern02_a.SM_Fern02_a,fern,-1184.157963,-1597.086669,-27.184128,0.000000,0.000000,28.680353,784,784,1,1,1
/Game/Trials/Fern02_20260920_01/Meshes/SM_Fern02_b.SM_Fern02_b,fern,-1558.386719,-138.596832,-6.878470,0.000000,0.000000,42.769469,2384,2384,1,1,1
/Game/Trials/Fern02_20260920_01/Meshes/SM_Fern02_c.SM_Fern02_c,fern,3012.780033,2876.027587,43.395115,0.000000,0.000000,34.902037,2248,2248,1,1,1
/Game/Trials/Fern02_20260920_01/Meshes/SM_Fern02_d.SM_Fern02_d,fern,-2503.654053,2029.040650,-11.646284,0.000000,0.000000,21.308755,816,816,1,1,1
/Game/Trials/Fern02_20260920_01/Meshes/SM_Fern02_a.SM_Fern02_a,fern,-1613.067871,109.556494,-8.994496,0.000000,0.000000,28.680353,784,784,1,1,1
/Game/Trials/Fern02_20260920_01/Meshes/SM_Fern02_b.SM_Fern02_b,fern,3199.255127,-2442.469971,12.387012,0.000000,0.000000,42.769469,2384,2384,1,1,1
/Game/Trials/Fern02_20260920_01/Meshes/SM_Fern02_c.SM_Fern02_c,fern,129.158553,2363.345703,15.421803,0.000000,0.000000,34.902037,2248,2248,1,1,1
/Game/Trials/Fern02_20260920_01/Meshes/SM_Fern02_d.SM_Fern02_d,fern,-1551.525636,374.865936,-10.230465,0.000000,0.000000,21.308755,816,816,1,1,1
/Game/Trials/Fern02_20260920_01/Meshes/SM_Fern02_a.SM_Fern02_a,fern,-1791.124390,-2597.155029,-37.568939,0.000000,0.000000,28.680353,784,784,1,1,1
/Game/Trials/Fern02_20260920_01/Meshes/SM_Fern02_b.SM_Fern02_b,fern,2942.565918,-26.715605,14.651361,0.000000,0.000000,42.769469,2384,2384,1,1,1
/Game/Trials/Fern02_20260920_01/Meshes/SM_Fern02_c.SM_Fern02_c,fern,-1372.403808,602.387212,-9.450405,0.000000,0.000000,34.902037,2248,2248,1,1,1
/Game/Trials/Fern02_20260920_01/Meshes/SM_Fern02_d.SM_Fern02_d,fern,-1376.486573,-1363.633667,-28.303446,0.000000,0.000000,21.308755,816,816,1,1,1
/Game/Trials/Fern02_20260920_01/Meshes/SM_Fern02_a.SM_Fern02_a,fern,320.626742,-2937.252929,-2.824466,0.000000,0.000000,28.680353,784,784,1,1,1
/Game/Trials/Fern02_20260920_01/Meshes/SM_Fern02_b.SM_Fern02_b,fern,-1099.520264,740.608337,-6.004188,0.000000,0.000000,42.769469,2384,2384,1,1,1
/Game/Trials/Fern02_20260920_01/Meshes/SM_Fern02_c.SM_Fern02_c,fern,-2548.593751,2311.275146,-9.620593,0.000000,0.000000,34.902037,2248,2248,1,1,1
/Game/Trials/Fern02_20260920_01/Meshes/SM_Fern02_d.SM_Fern02_d,fern,-3353.176509,-3079.476561,-33.296947,0.000000,0.000000,21.308755,816,816,1,1,1
/Game/Trials/Fern02_20260920_01/Meshes/SM_Fern02_a.SM_Fern02_a,fern,-778.296752,752.398014,-1.145913,0.000000,0.000000,28.680353,784,784,1,1,1
/Game/Trials/Fern02_20260920_01/Meshes/SM_Fern02_b.SM_Fern02_b,fern,224.927338,2625.232178,11.791695,0.000000,0.000000,42.769469,2384,2384,1,1,1
/Game/Trials/Fern02_20260920_01/Meshes/SM_Fern02_c.SM_Fern02_c,fern,-3402.461178,-478.361205,-20.130905,0.000000,0.000000,34.902037,2248,2248,1,1,1
/Game/Trials/Fern02_20260920_01/Meshes/SM_Fern02_d.SM_Fern02_d,fern,-467.680325,623.490782,2.587583,0.000000,0.000000,21.308755,816,816,1,1,1
/Game/Trials/Fern02_20260920_01/Meshes/SM_Fern02_a.SM_Fern02_a,fern,3149.385745,156.964555,14.748793,0.000000,0.000000,28.680353,784,784,1,1,1
/Game/Trials/Fern02_20260920_01/Meshes/SM_Fern02_b.SM_Fern02_b,fern,-1763.395142,3031.419678,-1.222320,0.000000,0.000000,42.769469,2384,2384,1,1,1
/Game/Trials/Fern02_20260920_01/Meshes/SM_Fern02_c.SM_Fern02_c,fern,-228.989488,366.739225,2.774626,0.000000,0.000000,34.902037,2248,2248,1,1,1
/Game/Trials/Fern02_20260920_01/Meshes/SM_Fern02_d.SM_Fern02_d,fern,589.592533,-2870.574705,-3.504276,0.000000,0.000000,21.308755,816,816,1,1,1
/Game/Trials/Fern02_20260920_01/Meshes/SM_Fern02_a.SM_Fern02_a,fern,2462.018798,2811.598633,46.552181,0.000000,0.000000,28.680353,784,784,1,1,1
/Game/Trials/Fern02_20260920_01/Meshes/SM_Fern02_c.SM_Fern02_c,fern,-3081.296383,-3143.610349,-37.064415,0.000000,0.000000,34.902037,2248,2248,1,1,1
/Game/Trials/Fern02_20260920_01/Meshes/SM_Fern02_d.SM_Fern02_d,fern,2655.534423,-2272.620606,10.985815,0.000000,0.000000,21.308755,816,816,1,1,1
/Game/Trials/Fern02_20260920_01/Meshes/SM_Fern02_b.SM_Fern02_b,fern,-3186.098389,-660.364258,-23.926022,0.000000,0.000000,42.769469,2384,2384,1,1,1
/Game/Trials/Fern02_20260920_01/Meshes/SM_Fern02_c.SM_Fern02_c,fern,-1783.433229,-2492.392824,-36.759113,0.000000,0.000000,34.902037,2248,2248,1,1,1
/Game/Trials/Fern02_20260920_01/Meshes/SM_Fern02_d.SM_Fern02_d,fern,-350.472076,-691.099609,-22.444044,0.000000,0.000000,21.308755,816,816,1,1,1
/Game/Trials/Fern02_20260920_01/Meshes/SM_Fern02_a.SM_Fern02_a,fern,-1649.161499,2768.223632,2.410459,0.000000,0.000000,28.680353,784,784,1,1,1
/Game/Trials/Fern02_20260920_01/Meshes/SM_Fern02_b.SM_Fern02_b,fern,-1410.587646,-1211.386230,-28.675713,0.000000,0.000000,42.769469,2384,2384,1,1,1
/Game/Trials/Fern02_20260920_01/Meshes/SM_Fern02_c.SM_Fern02_c,fern,-679.159543,-923.805478,-28.217339,0.000000,0.000000,34.902037,2248,2248,1,1,1
/Game/Trials/Fern02_20260920_01/Meshes/SM_Fern02_d.SM_Fern02_d,fern,2448.131347,2520.276610,46.789497,0.000000,0.000000,21.308755,816,816,1,1,1
/Game/Trials/Fern02_20260920_01/Meshes/SM_Fern02_a.SM_Fern02_a,fern,-2527.180907,2512.678958,-7.853230,0.000000,0.000000,28.680353,784,784,1,1,1
/Game/Trials/Fern02_20260920_01/Meshes/SM_Fern02_b.SM_Fern02_b,fern,-1086.316528,-1002.873047,-29.495520,0.000000,0.000000,42.769469,2384,2384,1,1,1
/Game/Trials/Fern02_20260920_01/Meshes/SM_Fern02_c.SM_Fern02_c,fern,2513.073485,-2532.968508,7.549474,0.000000,0.000000,34.902037,2248,2248,1,1,1
/Game/Trials/Fern02_20260920_01/Meshes/SM_Fern02_d.SM_Fern02_d,fern,337.675967,2837.784429,10.100084,0.000000,0.000000,21.308755,816,816,1,1,1
/Game/Trials/Fern02_20260920_01/Meshes/SM_Fern02_a.SM_Fern02_a,fern,-1501.360105,-904.816588,-29.033428,0.000000,0.000000,28.680353,784,784,1,1,1
/Game/Trials/Fern02_20260920_01/Meshes/SM_Fern02_b.SM_Fern02_b,fern,-1960.524536,-2221.556885,-37.768204,0.000000,0.000000,42.769469,2384,2384,1,1,1
/Game/Trials/Fern02_20260920_01/Meshes/SM_Fern02_c.SM_Fern02_c,fern,3361.417482,329.764653,16.908915,0.000000,0.000000,34.902037,2248,2248,1,1,1
/Game/Trials/Fern02_20260920_01/Meshes/SM_Fern02_d.SM_Fern02_d,fern,-1848.493651,-637.936953,-27.505241,0.000000,0.000000,21.308755,816,816,1,1,1
/Game/Trials/Fern02_20260920_01/Meshes/SM_Fern02_a.SM_Fern02_a,fern,-1491.860107,-920.726742,-29.077538,0.000000,0.000000,28.680353,784,784,1,1,1
/Game/Trials/Fern02_20260920_01/Meshes/SM_Fern02_b.SM_Fern02_b,fern,880.997375,-2787.794678,-4.957599,0.000000,0.000000,42.769469,2384,2384,1,1,1
/Game/Trials/Fern02_20260920_01/Meshes/SM_Fern02_c.SM_Fern02_c,fern,-2060.689455,-242.266724,-25.441196,0.000000,0.000000,34.902037,2248,2248,1,1,1
/Game/Trials/Fern02_20260920_01/Meshes/SM_Fern02_d.SM_Fern02_d,fern,-2510.027343,2804.483404,-6.218950,0.000000,0.000000,21.308755,816,816,1,1,1
/Game/Trials/Fern02_20260920_01/Meshes/SM_Fern02_a.SM_Fern02_a,fern,-2754.517822,-3187.778077,-40.771599,0.000000,0.000000,28.680353,784,784,1,1,1
/Game/Trials/Fern02_20260920_01/Meshes/SM_Fern02_c.SM_Fern02_c,fern,451.201599,3102.833989,9.506867,0.000000,0.000000,34.902037,2248,2248,1,1,1
/Game/Trials/Fern02_20260920_01/Meshes/SM_Fern02_d.SM_Fern02_d,fern,-2883.446045,-845.053286,-26.908188,0.000000,0.000000,21.308755,816,816,1,1,1
/Game/Trials/Fern02_20260920_01/Meshes/SM_Fern02_a.SM_Fern02_a,fern,-1343.898194,243.288299,-0.690092,0.000000,0.000000,28.680353,784,784,1,1,1
/Game/Trials/Fern02_20260920_01/Meshes/SM_Fern02_b.SM_Fern02_b,fern,3559.762939,537.926025,21.713633,0.000000,0.000000,42.769469,2384,2384,1,1,1
/Game/Trials/Fern02_20260920_01/Meshes/SM_Fern02_c.SM_Fern02_c,fern,-1433.462524,2458.125486,6.393374,0.000000,0.000000,34.902037,2248,2248,1,1,1
/Game/Trials/Fern02_20260920_01/Meshes/SM_Fern02_a.SM_Fern02_a,fern,1141.643433,-2663.614503,-6.513868,0.000000,0.000000,28.680353,784,784,1,1,1
/Game/Trials/Fern02_20260920_01/Meshes/SM_Fern02_b.SM_Fern02_b,fern,2524.208740,2127.999512,44.998634,0.000000,0.000000,42.769469,2384,2384,1,1,1
/Game/Trials/Fern02_20260920_01/Meshes/SM_Fern02_c.SM_Fern02_c,fern,-1061.827999,536.033936,-2.496251,0.000000,0.000000,34.902037,2248,2248,1,1,1
/Game/Trials/Fern02_20260920_01/Meshes/SM_Fern02_d.SM_Fern02_d,fern,-2464.046386,-3166.569339,-43.121231,0.000000,0.000000,21.308755,816,816,1,1,1
/Game/Trials/Fern02_20260920_01/Meshes/SM_Fern02_a.SM_Fern02_a,fern,2419.140868,-2942.639157,5.123768,0.000000,0.000000,28.680353,784,784,1,1,1
/Game/Trials/Fern02_20260920_01/Meshes/SM_Fern02_b.SM_Fern02_b,fern,-822.686829,562.641174,-2.062163,0.000000,0.000000,42.769469,2384,2384,1,1,1
/Game/Trials/Fern02_20260920_01/Meshes/SM_Fern02_c.SM_Fern02_c,fern,-2602.301024,-933.410464,-27.597332,0.000000,0.000000,34.902037,2248,2248,1,1,1
/Game/Trials/Fern02_20260920_01/Meshes/SM_Fern02_d.SM_Fern02_d,fern,-2224.340823,-2573.751459,-44.542435,0.000000,0.000000,21.308755,816,816,1,1,1
/Game/Trials/Fern02_20260920_01/Meshes/SM_Fern02_a.SM_Fern02_a,fern,-577.858274,476.079315,-1.224342,0.000000,0.000000,28.680353,784,784,1,1,1
/Game/Trials/Fern02_20260920_01/Meshes/SM_Fern02_b.SM_Fern02_b,fern,-1202.365357,2268.688965,9.650496,0.000000,0.000000,42.769469,2384,2384,1,1,1
/Game/Trials/Fern02_20260920_01/Meshes/SM_Fern02_a.SM_Fern02_a,fern,2783.848142,2333.535160,48.314274,0.000000,0.000000,28.680353,784,784,1,1,1
/Game/Trials/Fern02_20260920_01/Meshes/SM_Fern02_b.SM_Fern02_b,fern,-2985.114502,2760.794922,-10.876898,0.000000,0.000000,42.769469,2384,2384,1,1,1
/Game/Trials/Fern02_20260920_01/Meshes/SM_Fern02_d.SM_Fern02_d,fern,2713.385982,-2911.941890,8.031996,0.000000,0.000000,21.308755,816,816,1,1,1
/Game/Trials/Fern02_20260920_01/Meshes/SM_Fern02_a.SM_Fern02_a,fern,-17.195885,3261.609130,-0.103850,0.000000,0.000000,28.680353,784,784,1,1,1
/Game/Trials/Fern02_20260920_01/Meshes/SM_Fern02_c.SM_Fern02_c,fern,-1965.790528,-2688.888183,-41.187122,0.000000,0.000000,34.902037,2248,2248,1,1,1
/Game/Trials/Fern02_20260920_01/Meshes/SM_Fern02_d.SM_Fern02_d,fern,3183.981692,884.891233,28.874668,0.000000,0.000000,21.308755,816,816,1,1,1
/Game/Trials/Fern02_20260920_01/Meshes/SM_Fern02_a.SM_Fern02_a,fern,-466.397282,-589.511290,-16.963720,0.000000,0.000000,28.680353,784,784,1,1,1
/Game/Trials/Fern02_20260920_01/Meshes/SM_Fern02_b.SM_Fern02_b,fern,-1724.676269,-1366.208618,-28.902966,0.000000,0.000000,42.769469,2384,2384,1,1,1
/Game/Trials/Fern02_20260920_01/Meshes/SM_Fern02_c.SM_Fern02_c,fern,933.021853,-2178.780764,-12.948077,0.000000,0.000000,34.902037,2248,2248,1,1,1
/Game/Trials/Fern02_20260920_01/Meshes/SM_Fern02_d.SM_Fern02_d,fern,-742.395383,-789.142024,-22.232323,0.000000,0.000000,21.308755,816,816,1,1,1
/Game/Trials/Fern02_20260920_01/Meshes/SM_Fern02_a.SM_Fern02_a,fern,-2941.672117,2487.700194,-11.723689,0.000000,0.000000,28.680353,784,784,1,1,1
/Game/Trials/Fern02_20260920_01/Meshes/SM_Fern02_b.SM_Fern02_b,fern,-2457.145264,-2622.941894,-46.994877,0.000000,0.000000,42.769469,2384,2384,1,1,1
/Game/Trials/Fern02_20260920_01/Meshes/SM_Fern02_c.SM_Fern02_c,fern,-1090.174802,-858.966555,-24.827232,0.000000,0.000000,34.902037,2248,2248,1,1,1
/Game/Trials/Fern02_20260920_01/Meshes/SM_Fern02_d.SM_Fern02_d,fern,-105.238865,2998.313719,3.016980,0.000000,0.000000,21.308755,816,816,1,1,1
/Game/Trials/Fern02_20260920_01/Meshes/SM_Fern02_a.SM_Fern02_a,fern,-2368.295659,-425.659361,-23.229507,0.000000,0.000000,28.680353,784,784,1,1,1
/Game/Trials/Fern02_20260920_01/Meshes/SM_Fern02_b.SM_Fern02_b,fern,-1448.871582,-775.447937,-25.797953,0.000000,0.000000,42.769469,2384,2384,1,1,1
/Game/Trials/Fern02_20260920_01/Meshes/SM_Fern02_c.SM_Fern02_c,fern,2983.891605,688.660338,24.185522,0.000000,0.000000,34.902037,2248,2248,1,1,1
/Game/Trials/Fern02_20260920_01/Meshes/SM_Fern02_d.SM_Fern02_d,fern,-1268.270508,2790.834473,4.086669,0.000000,0.000000,21.308755,816,816,1,1,1
/Game/Trials/Fern02_20260920_01/Meshes/SM_Fern02_a.SM_Fern02_a,fern,-1751.394042,-543.196229,-25.771135,0.000000,0.000000,28.680353,784,784,1,1,1
/Game/Trials/Fern02_20260920_01/Meshes/SM_Fern02_b.SM_Fern02_b,fern,662.622680,-2265.334229,-14.300889,0.000000,0.000000,42.769469,2384,2384,1,1,1
/Game/Trials/Fern02_20260920_01/Meshes/SM_Fern02_c.SM_Fern02_c,fern,2897.971923,2317.254395,48.496758,0.000000,0.000000,34.902037,2248,2248,1,1,1
/Game/Trials/Fern02_20260920_01/Meshes/SM_Fern02_d.SM_Fern02_d,fern,-1937.138185,-195.645982,-25.164511,0.000000,0.000000,21.308755,816,816,1,1,1
/Game/Trials/Fern02_20260920_01/Meshes/SM_Fern02_a.SM_Fern02_a,fern,-2742.164800,-2579.682861,-48.103615,0.000000,0.000000,28.680353,784,784,1,1,1
/Game/Trials/Fern02_20260920_01/Meshes/SM_Fern02_b.SM_Fern02_b,fern,2877.457275,-2960.624756,9.390513,0.000000,0.000000,42.769469,2384,2384,1,1,1
/Game/Trials/Fern02_20260920_01/Meshes/SM_Fern02_c.SM_Fern02_c,fern,-1964.016968,209.825272,-24.653624,0.000000,0.000000,34.902037,2248,2248,1,1,1
/Game/Trials/Fern02_20260920_01/Meshes/SM_Fern02_d.SM_Fern02_d,fern,-2609.168214,-258.574005,-20.197382,0.000000,0.000000,21.308755,816,816,1,1,1
/Game/Trials/Fern02_20260920_01/Meshes/SM_Fern02_a.SM_Fern02_a,fern,-1793.660398,-2817.058349,-38.630585,0.000000,0.000000,28.680353,784,784,1,1,1
/Game/Trials/Fern02_20260920_01/Meshes/SM_Fern02_b.SM_Fern02_b,fern,-1817.474976,601.614380,-22.500969,0.000000,0.000000,42.769469,2384,2384,1,1,1
/Game/Trials/Fern02_20260920_01/Meshes/SM_Fern02_c.SM_Fern02_c,fern,-916.926027,2907.137939,2.372290,0.000000,0.000000,34.902037,2248,2248,1,1,1
/Game/Trials/Fern02_20260920_01/Meshes/SM_Fern02_d.SM_Fern02_d,fern,-1595.268917,-1581.155639,-28.866779,0.000000,0.000000,21.308755,816,816,1,1,1
/Game/Trials/Fern02_20260920_01/Meshes/SM_Fern02_a.SM_Fern02_a,fern,-1514.637697,906.754276,-14.817148,0.000000,0.000000,28.680353,784,784,1,1,1
/Game/Trials/Fern02_20260920_01/Meshes/SM_Fern02_b.SM_Fern02_b,fern,3212.109131,2338.804443,47.213158,0.000000,0.000000,42.769469,2384,2384,1,1,1
/Game/Trials/Fern02_20260920_01/Meshes/SM_Fern02_c.SM_Fern02_c,fern,-2902.309078,2207.815919,-12.793747,0.000000,0.000000,34.902037,2248,2248,1,1,1
/Game/Trials/Fern02_20260920_01/Meshes/SM_Fern02_d.SM_Fern02_d,fern,-1102.620357,1064.600465,-2.614490,0.000000,0.000000,21.308755,816,816,1,1,1
/Game/Trials/Fern02_20260920_01/Meshes/SM_Fern02_a.SM_Fern02_a,fern,3166.519290,-3033.659911,11.275949,0.000000,0.000000,28.680353,784,784,1,1,1
/Game/Trials/Fern02_20260920_01/Meshes/SM_Fern02_b.SM_Fern02_b,fern,-187.878403,2698.293213,8.204782,0.000000,0.000000,42.769469,2384,2384,1,1,1
/Game/Trials/Fern02_20260920_01/Meshes/SM_Fern02_c.SM_Fern02_c,fern,-651.110534,1038.764280,8.240469,0.000000,0.000000,34.902037,2248,2248,1,1,1
/Game/Trials/WoodlandResources_20260921_01/Meshes/SM_FirSapling_c.SM_FirSapling_c,fir,-669.273987,-894.408630,-27.449577,0.000000,0.000000,73.570000,124743,31185,1,1,1
/Game/Trials/WoodlandResources_20260921_01/Meshes/SM_FirSapling_a.SM_FirSapling_a,fir,-2459.774414,-3210.421631,-42.487923,0.000000,0.000000,130.073794,157402,39351,1,1,1
/Game/Trials/WoodlandResources_20260921_01/Meshes/SM_FirSapling_c.SM_FirSapling_c,fir,487.730496,1247.213744,28.092779,0.000000,0.000000,73.570000,124743,31185,1,1,1
/Game/Trials/WoodlandResources_20260921_01/Meshes/SM_FirSapling_a.SM_FirSapling_a,fir,-1205.907349,-1152.778076,-29.155760,0.000000,0.000000,130.073794,157402,39351,1,1,1
/Game/Trials/WoodlandResources_20260921_01/Meshes/SM_FirSapling_c.SM_FirSapling_c,fir,-668.325189,836.181952,2.881653,0.000000,0.000000,73.570000,124743,31185,1,1,1
/Game/Trials/WoodlandResources_20260921_01/Meshes/SM_FirSapling_a.SM_FirSapling_a,fir,-3014.356689,0.036425,-14.073277,0.000000,0.000000,130.073794,157402,39351,1,1,1
/Game/Trials/WoodlandResources_20260921_01/Meshes/SM_FirSapling_c.SM_FirSapling_c,fir,-3226.379397,1066.213499,-7.879441,0.000000,0.000000,73.570000,124743,31185,1,1,1
/Game/Trials/WoodlandResources_20260921_01/Meshes/SM_FirSapling_a.SM_FirSapling_a,fir,-3010.478271,2444.091309,-12.190508,0.000000,0.000000,130.073794,157402,39351,1,1,1
/Game/Trials/WoodlandResources_20260921_01/Meshes/SM_FirSapling_c.SM_FirSapling_c,fir,-1754.015741,-374.873843,-22.009598,0.000000,0.000000,73.570000,124743,31185,1,1,1
/Game/Trials/WoodlandResources_20260921_01/Meshes/SM_FirSapling_a.SM_FirSapling_a,fir,-1535.902100,2375.243652,5.341022,0.000000,0.000000,130.073794,157402,39351,1,1,1
/Game/Trials/WoodlandResources_20260921_01/Meshes/SM_FirSapling_c.SM_FirSapling_c,fir,104.700735,2750.918210,8.908429,0.000000,0.000000,73.570000,124743,31185,1,1,1
/Game/Trials/WoodlandResources_20260921_01/Meshes/SM_FirSapling_a.SM_FirSapling_a,fir,3532.217773,549.027710,21.947689,0.000000,0.000000,130.073794,157402,39351,1,1,1
/Game/Trials/WoodlandResources_20260921_01/Meshes/SM_FirSapling_c.SM_FirSapling_c,fir,3513.249754,-876.019535,1.541301,0.000000,0.000000,73.570000,124743,31185,1,1,1
/Game/Trials/WoodlandResources_20260921_01/Meshes/SM_FirSapling_a.SM_FirSapling_a,fir,3207.122314,-1089.767700,8.351199,0.000000,0.000000,130.073794,157402,39351,1,1,1
/Game/Trials/WoodlandResources_20260921_01/Meshes/SM_FirSapling_c.SM_FirSapling_c,fir,-990.585694,-3100.818608,-21.544769,0.000000,0.000000,73.570000,124743,31185,1,1,1
/Game/Trials/WoodlandResources_20260921_01/Meshes/SM_FirSapling_a.SM_FirSapling_a,fir,-1890.893555,-2694.554199,-39.924652,0.000000,0.000000,130.073794,157402,39351,1,1,1
/Game/Trials/WoodlandResources_20260921_01/Meshes/SM_FirSapling_a.SM_FirSapling_a,fir,-2732.617920,-3256.247559,-39.634613,0.000000,0.000000,130.073794,157402,39351,1,1,1
/Game/Trials/WoodlandResources_20260921_01/Meshes/SM_FirSapling_c.SM_FirSapling_c,fir,658.377931,1011.211482,29.092012,0.000000,0.000000,73.570000,124743,31185,1,1,1
/Game/Trials/WoodlandResources_20260921_01/Meshes/SM_FirSapling_a.SM_FirSapling_a,fir,-960.477356,-1310.362061,-28.615974,0.000000,0.000000,130.073794,157402,39351,1,1,1
/Game/Trials/WoodlandResources_20260921_01/Meshes/SM_FirSapling_a.SM_FirSapling_a,fir,-2796.864014,-157.588303,-17.677628,0.000000,0.000000,130.073794,157402,39351,1,1,1
/Game/Trials/WoodlandResources_20260921_01/Meshes/SM_FirSapling_c.SM_FirSapling_c,fir,-3235.264401,1372.433101,-9.003928,0.000000,0.000000,73.570000,124743,31185,1,1,1
/Game/Trials/WoodlandResources_20260921_01/Meshes/SM_FirSapling_a.SM_FirSapling_a,fir,-3107.627197,2715.356689,-11.716459,0.000000,0.000000,130.073794,157402,39351,1,1,1
/Game/Trials/WoodlandResources_20260921_01/Meshes/SM_FirSapling_a.SM_FirSapling_a,fir,-171.306747,2634.987061,9.496426,0.000000,0.000000,130.073794,157402,39351,1,1,1
/Game/Trials/WoodlandResources_20260921_01/Meshes/SM_FirSapling_a.SM_FirSapling_a,fir,3366.990478,349.936127,17.321156,0.000000,0.000000,130.073794,157402,39351,1,1,1
/Game/Trials/WoodlandResources_20260921_01/Meshes/SM_FirSapling_c.SM_FirSapling_c,fir,3545.316168,-1146.994998,1.277177,0.000000,0.000000,73.570000,124743,31185,1,1,1
/Game/Trials/WoodlandResources_20260921_01/Meshes/SM_FirSapling_a.SM_FirSapling_a,fir,3040.882080,-2408.218018,12.386522,0.000000,0.000000,130.073794,157402,39351,1,1,1
/Game/Trials/WoodlandResources_20260921_01/Meshes/SM_FirSapling_c.SM_FirSapling_c,fir,-1054.347781,1060.730957,-1.506930,0.000000,0.000000,73.570000,124743,31185,1,1,1
/Game/Trials/WoodlandResources_20260921_01/Meshes/SM_FirSapling_a.SM_FirSapling_a,fir,518.530518,-2428.361084,-12.504005,0.000000,0.000000,130.073794,157402,39351,1,1,1
/Game/Trials/WoodlandResources_20260921_01/Meshes/SM_FirSapling_c.SM_FirSapling_c,fir,-823.312188,-2894.753663,-17.956087,0.000000,0.000000,73.570000,124743,31185,1,1,1
/Game/Trials/WoodlandResources_20260921_01/Meshes/SM_FirSapling_a.SM_FirSapling_a,fir,-2211.843018,-2721.887207,-44.772598,0.000000,0.000000,130.073794,157402,39351,1,1,1
/Game/Trials/WoodlandResources_20260921_01/Meshes/SM_FirSapling_c.SM_FirSapling_c,fir,-1638.002075,-787.984008,-28.421869,0.000000,0.000000,73.570000,124743,31185,1,1,1
/Game/Trials/WoodlandResources_20260921_01/Meshes/SM_FirSapling_a.SM_FirSapling_a,fir,239.041977,1110.078979,26.086018,0.000000,0.000000,130.073794,157402,39351,1,1,1
/Game/Trials/WoodlandResources_20260921_01/Meshes/SM_FirSapling_c.SM_FirSapling_c,fir,398.975258,992.380555,27.174717,0.000000,0.000000,73.570000,124743,31185,1,1,1
/Game/Trials/WoodlandResources_20260921_01/Meshes/SM_FirSapling_a.SM_FirSapling_a,fir,-1141.711792,-1520.453369,-27.474812,0.000000,0.000000,130.073794,157402,39351,1,1,1
/Game/Trials/WoodlandResources_20260921_01/Meshes/SM_FirSapling_a.SM_FirSapling_a,fir,-2706.527588,1324.607910,-16.210009,0.000000,0.000000,130.073794,157402,39351,1,1,1
/Game/Trials/WoodlandResources_20260921_01/Meshes/SM_FirSapling_c.SM_FirSapling_c,fir,-2648.902825,2642.701908,-8.443462,0.000000,0.000000,73.570000,124743,31185,1,1,1
/Game/Trials/WoodlandResources_20260921_01/Meshes/SM_FirSapling_a.SM_FirSapling_a,fir,-2838.927979,2733.282959,-9.848445,0.000000,0.000000,130.073794,157402,39351,1,1,1
/Game/Trials/WoodlandResources_20260921_01/Meshes/SM_FirSapling_c.SM_FirSapling_c,fir,-1764.264888,493.547146,-21.136444,0.000000,0.000000,73.570000,124743,31185,1,1,1
/Game/Trials/WoodlandResources_20260921_01/Meshes/SM_FirSapling_a.SM_FirSapling_a,fir,-417.570618,2784.962402,5.720530,0.000000,0.000000,130.073794,157402,39351,1,1,1
/Game/Trials/WoodlandResources_20260921_01/Meshes/SM_FirSapling_a.SM_FirSapling_a,fir,2693.753906,2096.612305,46.345863,0.000000,0.000000,130.073794,157402,39351,1,1,1
/Game/Trials/WoodlandResources_20260921_01/Meshes/SM_FirSapling_a.SM_FirSapling_a,fir,3474.649170,82.671486,11.595128,0.000000,0.000000,130.073794,157402,39351,1,1,1
/Game/Trials/WoodlandResources_20260921_01/Meshes/SM_FirSapling_c.SM_FirSapling_c,fir,3285.722417,-1308.627068,7.693937,0.000000,0.000000,73.570000,124743,31185,1,1,1
/Game/Trials/WoodlandResources_20260921_01/Meshes/SM_FirSapling_a.SM_FirSapling_a,fir,3042.103027,-2667.062988,11.552191,0.000000,0.000000,130.073794,157402,39351,1,1,1
/Game/Trials/WoodlandResources_20260921_01/Meshes/SM_FirSapling_c.SM_FirSapling_c,fir,-643.957156,707.564026,0.542843,0.000000,0.000000,73.570000,124743,31185,1,1,1
/Game/Trials/WoodlandResources_20260921_01/Meshes/SM_FirSapling_a.SM_FirSapling_a,fir,-562.835571,-2541.671875,-15.977212,0.000000,0.000000,130.073794,157402,39351,1,1,1
/Game/Trials/WoodlandResources_20260921_01/Meshes/SM_FirSapling_c.SM_FirSapling_c,fir,-858.115781,-2606.770255,-19.539711,0.000000,0.000000,73.570000,124743,31185,1,1,1
/Game/Trials/WoodlandResources_20260921_01/Meshes/SM_FirSapling_a.SM_FirSapling_a,fir,-2016.075073,-2549.487305,-41.318886,0.000000,0.000000,130.073794,157402,39351,1,1,1
/Game/Trials/WoodlandResources_20260921_01/Meshes/SM_FirSapling_a.SM_FirSapling_a,fir,7.441548,892.044373,20.532665,0.000000,0.000000,130.073794,157402,39351,1,1,1
/Game/Trials/WoodlandResources_20260921_01/Meshes/SM_FirSapling_c.SM_FirSapling_c,fir,-1496.510010,-1855.784668,-28.695484,0.000000,0.000000,73.570000,124743,31185,1,1,1
/Game/Trials/WoodlandResources_20260921_01/Meshes/SM_FirSapling_a.SM_FirSapling_a,fir,-1414.736084,-1472.163208,-28.128345,0.000000,0.000000,130.073794,157402,39351,1,1,1
/Game/Trials/WoodlandResources_20260921_01/Meshes/SM_FirSapling_a.SM_FirSapling_a,fir,-2711.891602,1046.397217,-16.463825,0.000000,0.000000,130.073794,157402,39351,1,1,1
/Game/Trials/WoodlandResources_20260921_01/Meshes/SM_FirSapling_c.SM_FirSapling_c,fir,-2382.850098,2758.050538,-4.905832,0.000000,0.000000,73.570000,124743,31185,1,1,1
/Game/Trials/WoodlandResources_20260921_01/Meshes/SM_FirSapling_a.SM_FirSapling_a,fir,-1233.362671,3341.485840,-7.851854,0.000000,0.000000,130.073794,157402,39351,1,1,1
/Game/Trials/WoodlandResources_20260921_01/Meshes/SM_FirSapling_a.SM_FirSapling_a,fir,-221.910873,2971.020020,2.672531,0.000000,0.000000,130.073794,157402,39351,1,1,1
/Game/Trials/WoodlandResources_20260921_01/Meshes/SM_FirSapling_c.SM_FirSapling_c,fir,1053.768310,2948.861573,23.136505,0.000000,0.000000,73.570000,124743,31185,1,1,1
/Game/Trials/WoodlandResources_20260921_01/Meshes/SM_FirSapling_a.SM_FirSapling_a,fir,2407.735107,2058.343018,42.815536,0.000000,0.000000,130.073794,157402,39351,1,1,1
/Game/Trials/WoodlandResources_20260921_01/Meshes/SM_FirSapling_a.SM_FirSapling_a,fir,3311.748535,-1605.516846,8.819008,0.000000,0.000000,130.073794,157402,39351,1,1,1
/Game/Trials/WoodlandResources_20260921_01/Meshes/SM_FirSapling_c.SM_FirSapling_c,fir,3540.729003,-1542.065063,3.700605,0.000000,0.000000,73.570000,124743,31185,1,1,1
/Game/Trials/WoodlandResources_20260921_01/Meshes/SM_FirSapling_a.SM_FirSapling_a,fir,3293.455566,-2807.523437,12.117707,0.000000,0.000000,130.073794,157402,39351,1,1,1
/Game/Trials/WoodlandResources_20260921_01/Meshes/SM_FirSapling_a.SM_FirSapling_a,fir,-395.591431,-2739.460449,-11.945486,0.000000,0.000000,130.073794,157402,39351,1,1,1
/Game/Trials/WoodlandResources_20260921_01/Meshes/SM_FirSapling_c.SM_FirSapling_c,fir,-1884.343386,-2225.124511,-36.501678,0.000000,0.000000,73.570000,124743,31185,1,1,1
/Game/Trials/WoodlandResources_20260921_01/Meshes/SM_FirSapling_a.SM_FirSapling_a,fir,-2141.395264,-2283.838379,-41.330734,0.000000,0.000000,130.073794,157402,39351,1,1,1
/Game/Trials/WoodlandResources_20260921_01/Meshes/SM_FirSapling_c.SM_FirSapling_c,fir,-2059.613037,154.289810,-24.751841,0.000000,0.000000,73.570000,124743,31185,1,1,1
/Game/Trials/WoodlandResources_20260921_01/Meshes/SM_FirSapling_a.SM_FirSapling_a,fir,45.972343,1149.458984,23.943550,0.000000,0.000000,130.073794,157402,39351,1,1,1
/Game/Trials/WoodlandResources_20260921_01/Meshes/SM_FirSapling_c.SM_FirSapling_c,fir,-1669.680300,-1652.998047,-29.588207,0.000000,0.000000,73.570000,124743,31185,1,1,1
/Game/Trials/WoodlandResources_20260921_01/Meshes/SM_FirSapling_a.SM_FirSapling_a,fir,-2860.029785,-933.434021,-28.485073,0.000000,0.000000,130.073794,157402,39351,1,1,1
/Game/Trials/WoodlandResources_20260921_01/Meshes/SM_FirSapling_c.SM_FirSapling_c,fir,-345.377587,-786.076840,-24.773821,0.000000,0.000000,73.570000,124743,31185,1,1,1
/Game/Trials/WoodlandResources_20260921_01/Meshes/SM_FirSapling_a.SM_FirSapling_a,fir,-2948.729736,907.492188,-12.755331,0.000000,0.000000,130.073794,157402,39351,1,1,1
/Game/Trials/WoodlandResources_20260921_01/Meshes/SM_FirSapling_c.SM_FirSapling_c,fir,-2410.491702,2498.681396,-6.490948,0.000000,0.000000,73.570000,124743,31185,1,1,1
/Game/Trials/WoodlandResources_20260921_01/Meshes/SM_FirSapling_a.SM_FirSapling_a,fir,-1059.376465,3123.290527,-2.635956,0.000000,0.000000,130.073794,157402,39351,1,1,1
/Game/Trials/WoodlandResources_20260921_01/Meshes/SM_FirSapling_a.SM_FirSapling_a,fir,2439.345703,2327.207031,45.763355,0.000000,0.000000,130.073794,157402,39351,1,1,1
/Game/Trials/WoodlandResources_20260921_01/Meshes/SM_FirSapling_a.SM_FirSapling_a,fir,3113.267822,-1815.339355,12.504157,0.000000,0.000000,130.073794,157402,39351,1,1,1
/Game/Trials/WoodlandResources_20260921_01/Meshes/SM_FirSapling_c.SM_FirSapling_c,fir,2883.839841,-2980.087405,9.397798,0.000000,0.000000,73.570000,124743,31185,1,1,1
/Game/Trials/WoodlandResources_20260921_01/Meshes/SM_FirSapling_a.SM_FirSapling_a,fir,3083.532715,-2967.132568,10.914601,0.000000,0.000000,130.073794,157402,39351,1,1,1
/Game/Trials/WoodlandResources_20260921_01/Meshes/SM_FirSapling_a.SM_FirSapling_a,fir,-111.894142,-2691.091064,-9.930616,0.000000,0.000000,130.073794,157402,39351,1,1,1
/Game/Trials/WoodlandResources_20260921_01/Meshes/SM_FirSapling_c.SM_FirSapling_c,fir,-1767.489992,-2493.428715,-36.462757,0.000000,0.000000,73.570000,124743,31185,1,1,1
/Game/Trials/WoodlandResources_20260921_01/Meshes/SM_FirSapling_a.SM_FirSapling_a,fir,-2985.981934,-2628.182129,-46.888634,0.000000,0.000000,130.073794,157402,39351,1,1,1
/Game/Trials/WoodlandResources_20260921_01/Meshes/SM_FirSapling_c.SM_FirSapling_c,fir,-1633.918091,494.006754,-16.404833,0.000000,0.000000,73.570000,124743,31185,1,1,1
/Game/Trials/WoodlandResources_20260921_01/Meshes/SM_FirSapling_a.SM_FirSapling_a,fir,-217.150223,1277.845215,20.994143,0.000000,0.000000,130.073794,157402,39351,1,1,1
/Game/Trials/WoodlandResources_20260921_01/Meshes/SM_FirSapling_c.SM_FirSapling_c,fir,-1959.384034,-1627.190312,-31.983200,0.000000,0.000000,73.570000,124743,31185,1,1,1
/Game/Trials/WoodlandResources_20260921_01/Meshes/SM_FirSapling_a.SM_FirSapling_a,fir,-2996.112061,-712.118042,-24.648792,0.000000,0.000000,130.073794,157402,39351,1,1,1
/Game/Trials/WoodlandResources_20260921_01/Meshes/SM_FirSapling_a.SM_FirSapling_a,fir,-2392.038818,2088.361572,-9.863728,0.000000,0.000000,130.073794,157402,39351,1,1,1
/Game/Trials/WoodlandResources_20260921_01/Meshes/SM_FirSapling_c.SM_FirSapling_c,fir,-2198.375976,2304.108149,-5.031387,0.000000,0.000000,73.570000,124743,31185,1,1,1
/Game/Trials/WoodlandResources_20260921_01/Meshes/SM_FirSapling_a.SM_FirSapling_a,fir,-1149.020386,2866.261230,3.017871,0.000000,0.000000,130.073794,157402,39351,1,1,1
/Game/Trials/WoodlandResources_20260921_01/Meshes/SM_FirSapling_c.SM_FirSapling_c,fir,2507.345949,2784.875727,46.840134,0.000000,0.000000,73.570000,124743,31185,1,1,1
/Game/Trials/WoodlandResources_20260921_01/Meshes/SM_FirSapling_a.SM_FirSapling_a,fir,2788.795654,2403.690918,48.429420,0.000000,0.000000,130.073794,157402,39351,1,1,1
/Game/Trials/WoodlandResources_20260921_01/Meshes/SM_FirSapling_a.SM_FirSapling_a,fir,2965.336670,-1587.748413,13.713949,0.000000,0.000000,130.073794,157402,39351,1,1,1
/Game/Trials/WoodlandResources_20260921_01/Meshes/SM_FirSapling_c.SM_FirSapling_c,fir,2762.902836,-3253.159184,8.423599,0.000000,0.000000,73.570000,124743,31185,1,1,1
/Game/Trials/WoodlandResources_20260921_01/Meshes/SM_FirSapling_a.SM_FirSapling_a,fir,911.196472,-3055.378418,1.046007,0.000000,0.000000,130.073794,157402,39351,1,1,1
/Game/Trials/WoodlandResources_20260921_01/Meshes/SM_FirSapling_a.SM_FirSapling_a,fir,-171.088013,-2948.650635,-6.629349,0.000000,0.000000,130.073794,157402,39351,1,1,1
/Game/Trials/WoodlandResources_20260921_01/Meshes/SM_FirSapling_c.SM_FirSapling_c,fir,-1491.966547,-2308.797855,-30.230927,0.000000,0.000000,73.570000,124743,31185,1,1,1
/Game/Trials/WoodlandResources_20260921_01/Meshes/SM_FirSapling_a.SM_FirSapling_a,fir,-2795.571533,-2412.515137,-48.443893,0.000000,0.000000,130.073794,157402,39351,1,1,1
/Game/Trials/WoodlandResources_20260921_01/Meshes/SM_FirSapling_a.SM_FirSapling_a,fir,-3280.851074,-776.501526,-26.776764,0.000000,0.000000,130.073794,157402,39351,1,1,1
/Game/Trials/WoodlandResources_20260921_01/Meshes/SM_FirSapling_c.SM_FirSapling_c,fir,-1360.343865,-1017.456908,-29.275372,0.000000,0.000000,73.570000,124743,31185,1,1,1
/Game/Trials/WoodlandResources_20260921_01/Meshes/SM_FirSapling_a.SM_FirSapling_a,fir,-2638.293213,2169.957275,-11.620481,0.000000,0.000000,130.073794,157402,39351,1,1,1
/Game/Trials/WoodlandResources_20260921_01/Meshes/SM_FirSapling_c.SM_FirSapling_c,fir,-1030.387200,2570.000488,8.396832,0.000000,0.000000,73.570000,124743,31185,1,1,1
