frame,seconds,pass,x,y,z,speed,yaw,view_yaw,left_toe_x,left_toe_y,left_toe_z,right_toe_x,right_toe_y,right_toe_z,walk_weight,gait_rate,left_hand_x,left_hand_y,left_hand_z,right_hand_x,right_hand_y,right_hand_z,walk_phase,gather_weight,gather_phase,gather_starts,forage_x,forage_y,water_weight,water_phase,water_starts,tool_visible,tool_x,tool_y,tool_z,can_pitch,water_stock,plot_moisture,tool_scale,tool_radius,plot_weeds,clear_weight,clear_phase,clear_starts,hatchet_visible,hatchet_pitch,hatchet_scale,hatchet_radius,hatchet_x,hatchet_y,hatchet_z,branch_stock,fiber_stock,resource_cleared,energy
0,0.1315,close-notes,-1000.000,0.000,88.150,0.000,0.000,15.000,-987.007,-7.889,3.238,-985.670,9.560,3.238,0.0000,0.0000,-992.659,-21.729,83.011,-995.313,21.663,83.011,0.0000,0.0000,0.0000,0,0.000,0.000,0.0000,0.0000,0,0,-995.313,21.663,83.011,0.000,0,-1.000000,1.000,28.924,-1.000000,0.0000,0.0000,0,0,0.000,1.000,19.607,-995.313,21.663,83.011,0,0,-1,99.997867
1,0.2577,close-notes,-1000.000,0.000,88.150,0.000,0.000,15.000,-987.007,-7.889,3.238,-985.670,9.560,3.238,0.0000,0.0000,-992.589,-21.721,83.022,-995.242,21.664,83.022,0.0000,0.0000,0.0000,0,0.000,0.000,0.0000,0.0000,0,0,-995.242,21.664,83.022,0.000,0,-1.000000,1.000,28.924,-1.000000,0.0000,0.0000,0,0,0.000,1.000,19.607,-995.242,21.664,83.022,0,0,-1,99.995841
2,0.3988,close-notes,-1000.000,0.000,88.150,0.000,0.000,15.000,-987.007,-7.889,3.238,-985.670,9.560,3.238,0.0000,0.0000,-992.589,-21.721,83.022,-995.242,21.664,83.022,0.0000,0.0000,0.0000,0,0.000,0.000,0.0000,0.0000,0,0,-995.242,21.664,83.022,0.000,0,-1.000000,1.000,28.924,-1.000000,0.0000,0.0000,0,0,0.000,1.000,19.607,-995.242,21.664,83.022,0,0,-1,99.993585
3,0.5402,close-notes,-1000.000,0.000,88.150,0.000,0.000,15.000,-987.007,-7.889,3.238,-985.670,9.560,3.238,0.0000,0.0000,-992.663,-21.729,83.013,-995.317,21.663,83.013,0.0000,0.0000,0.0000,0,0.000,0.000,0.0000,0.0000,0,0,-995.317,21.663,83.013,0.000,0,-1.000000,1.000,28.924,-1.000000,0.0000,0.0000,0,0,0.000,1.000,19.607,-995.317,21.663,83.013,0,0,-1,99.991323
4,0.6661,close-notes,-1000.000,0.000,88.150,0.000,0.000,15.000,-987.007,-7.889,3.238,-985.670,9.560,3.238,0.0000,0.0000,-992.730,-21.736,83.008,-995.384,21.661,83.008,0.0000,0.0000,0.0000,0,0.000,0.000,0.0000,0.0000,0,0,-995.384,21.661,83.008,0.000,0,-1.000000,1.000,28.924,-1.000000,0.0000,0.0000,0,0,0.000,1.000,19.607,-995.384,21.661,83.008,0,0,-1,99.989313
5,0.7999,close-notes,-1000.000,0.000,88.150,0.000,0.000,15.000,-987.007,-7.889,3.238,-985.670,9.560,3.238,0.0000,0.0000,-992.798,-21.743,82.991,-995.453,21.661,82.991,0.0000,0.0000,0.0000,0,0.000,0.000,0.0000,0.0000,0,0,-995.453,21.661,82.991,0.000,0,-1.000000,1.000,28.924,-1.000000,0.0000,0.0000,0,0,0.000,1.000,19.607,-995.453,21.661,82.991,0,0,-1,99.987165
6,0.9363,close-notes,-1000.000,0.000,88.150,0.000,0.000,15.000,-987.007,-7.889,3.238,-985.670,9.560,3.238,0.0000,0.0000,-992.895,-21.753,82.977,-995.550,21.659,82.977,0.0000,0.0000,0.0000,0,0.000,0.000,0.0000,0.0000,0,0,-995.550,21.659,82.977,0.000,0,-1.000000,1.000,28.924,-1.000000,0.0000,0.0000,0,0,0.000,1.000,19.607,-995.550,21.659,82.977,0,0,-1,99.984985
7,1.1905,idle,-1000.000,0.000,88.150,0.000,0.000,15.000,-987.007,-7.889,3.238,-985.670,9.560,3.238,0.0000,0.0000,-993.068,-21.771,82.953,-995.723,21.655,82.953,0.0000,0.0000,0.0000,0,0.000,0.000,0.0000,0.0000,0,0,-995.723,21.655,82.953,0.000,0,-1.000000,1.000,28.924,-1.000000,0.0000,0.0000,0,0,0.000,1.000,19.607,-995.723,21.655,82.953,0,0,-1,99.980917
8,1.3281,idle,-1000.000,0.000,88.150,0.000,0.000,15.000,-987.007,-7.889,3.238,-985.670,9.560,3.238,0.0000,0.0000,-993.127,-21.777,82.943,-995.783,21.654,82.943,0.0000,0.0000,0.0000,0,0.000,0.000,0.0000,0.0000,0,0,-995.783,21.654,82.943,0.000,0,-1.000000,1.000,28.924,-1.000000,0.0000,0.0000,0,0,0.000,1.000,19.607,-995.783,21.654,82.943,0,0,-1,99.978716
9,1.4675,idle,-1000.000,0.000,88.150,0.000,0.000,15.000,-987.007,-7.889,3.238,-985.670,9.560,3.238,0.0000,0.0000,-993.148,-21.778,82.934,-995.805,21.652,82.934,0.0000,0.0000,0.0000,0,0.000,0.000,0.0000,0.0000,0,0,-995.805,21.652,82.934,0.000,0,-1.000000,1.000,28.924,-1.000000,0.0000,0.0000,0,0,0.000,1.000,19.607,-995.805,21.652,82.934,0,0,-1,99.976484
10,1.6042,idle,-1000.000,0.000,88.150,0.000,0.000,15.000,-987.007,-7.889,3.238,-985.670,9.560,3.238,0.0000,0.0000,-993.246,-21.789,82.929,-995.903,21.652,82.929,0.0000,0.0000,0.0000,0,0.000,0.000,0.0000,0.0000,0,0,-995.903,21.652,82.929,0.000,0,-1.000000,1.000,28.924,-1.000000,0.0000,0.0000,0,0,0.000,1.000,19.607,-995.903,21.652,82.929,0,0,-1,99.974298
11,1.7433,idle,-1000.000,0.000,88.150,0.000,0.000,15.000,-987.007,-7.889,3.238,-985.670,9.560,3.238,0.0000,0.0000,-993.246,-21.789,82.929,-995.903,21.652,82.929,0.0000,0.0000,0.0000,0,0.000,0.000,0.0000,0.0000,0,0,-995.903,21.652,82.929,0.000,0,-1.000000,1.000,28.924,-1.000000,0.0000,0.0000,0,0,0.000,1.000,19.607,-995.903,21.652,82.929,0,0,-1,99.972071
12,1.8700,idle,-1000.000,0.000,88.150,0.000,0.000,15.000,-987.007,-7.889,3.238,-985.670,9.560,3.238,0.0000,0.0000,-993.263,-21.791,82.927,-995.921,21.651,82.927,0.0000,0.0000,0.0000,0,0.000,0.000,0.0000,0.0000,0,0,-995.921,21.651,82.927,0.000,0,-1.000000,1.000,28.924,-1.000000,0.0000,0.0000,0,0,0.000,1.000,19.607,-995.921,21.651,82.927,0,0,-1,99.970045
13,2.0095,idle,-1000.000,0.000,88.150,0.000,0.000,15.000,-987.007,-7.889,3.238,-985.670,9.560,3.238,0.0000,0.0000,-993.263,-21.791,82.927,-995.921,21.651,82.927,0.0000,0.0000,0.0000,0,0.000,0.000,0.0000,0.0000,0,0,-995.921,21.651,82.927,0.000,0,-1.000000,1.000,28.924,-1.000000,0.0000,0.0000,0,0,0.000,1.000,19.607,-995.921,21.651,82.927,0,0,-1,99.967812
14,2.1480,idle,-1000.000,0.000,88.150,0.000,0.000,15.000,-987.007,-7.889,3.238,-985.670,9.560,3.238,0.0000,0.0000,-993.155,-21.780,82.941,-995.811,21.654,82.941,0.0000,0.0000,0.0000,0,0.000,0.000,0.0000,0.0000,0,0,-995.811,21.654,82.941,0.000,0,-1.000000,1.000,28.924,-1.000000,0.0000,0.0000,0,0,0.000,1.000,19.607,-995.811,21.654,82.941,0,0,-1,99.965598
15,2.2864,idle,-1000.000,0.000,88.150,0.000,0.000,15.000,-987.007,-7.889,3.238,-985.670,9.560,3.238,0.0000,0.0000,-993.065,-21.771,82.953,-995.721,21.655,82.953,0.0000,0.0000,0.0000,0,0.000,0.000,0.0000,0.0000,0,0,-995.721,21.655,82.953,0.000,0,-1.000000,1.000,28.924,-1.000000,0.0000,0.0000,0,0,0.000,1.000,19.607,-995.721,21.655,82.953,0,0,-1,99.963383
16,2.4149,idle,-1000.000,0.000,88.150,0.000,0.000,15.000,-987.007,-7.889,3.238,-985.670,9.560,3.238,0.0000,0.0000,-992.985,-21.763,82.965,-995.640,21.657,82.965,0.0000,0.0000,0.0000,0,0.000,0.000,0.0000,0.0000,0,0,-995.640,21.657,82.965,0.000,0,-1.000000,1.000,28.924,-1.000000,0.0000,0.0000,0,0,0.000,1.000,19.607,-995.640,21.657,82.965,0,0,-1,99.961325
17,2.5399,idle,-1000.000,0.000,88.150,0.000,0.000,15.000,-987.007,-7.889,3.238,-985.670,9.560,3.238,0.0000,0.0000,-992.894,-21.753,82.977,-995.549,21.659,82.977,0.0000,0.0000,0.0000,0,0.000,0.000,0.0000,0.0000,0,0,-995.549,21.659,82.977,0.000,0,-1.000000,1.000,28.924,-1.000000,0.0000,0.0000,0,0,0.000,1.000,19.607,-995.549,21.659,82.977,0,0,-1,99.959331
18,2.6804,idle,-1000.000,0.000,88.150,0.000,0.000,15.000,-987.007,-7.889,3.238,-985.670,9.560,3.238,0.0000,0.0000,-992.799,-21.743,82.991,-995.454,21.661,82.991,0.0000,0.0000,0.0000,0,0.000,0.000,0.0000,0.0000,0,0,-995.454,21.661,82.991,0.000,0,-1.000000,1.000,28.924,-1.000000,0.0000,0.0000,0,0,0.000,1.000,19.607,-995.454,21.661,82.991,0,0,-1,99.957079
19,2.8088,idle,-1000.000,0.000,88.150,0.000,0.000,15.000,-987.007,-7.889,3.238,-985.670,9.560,3.238,0.0000,0.0000,-992.722,-21.735,83.002,-995.376,21.662,83.002,0.0000,0.0000,0.0000,0,0.000,0.000,0.0000,0.0000,0,0,-995.376,21.662,83.002,0.000,0,-1.000000,1.000,28.924,-1.000000,0.0000,0.0000,0,0,0.000,1.000,19.607,-995.376,21.662,83.002,0,0,-1,99.955029
20,2.9362,idle,-1000.000,0.000,88.150,0.000,0.000,15.000,-987.007,-7.889,3.238,-985.670,9.560,3.238,0.0000,0.0000,-992.659,-21.729,83.011,-995.313,21.663,83.011,0.0000,0.0000,0.0000,0,0.000,0.000,0.0000,0.0000,0,0,-995.313,21.663,83.011,0.000,0,-1.000000,1.000,28.924,-1.000000,0.0000,0.0000,0,0,0.000,1.000,19.607,-995.313,21.663,83.011,0,0,-1,99.952985
21,3.0698,idle,-1000.000,0.000,88.150,0.000,0.000,15.000,-987.007,-7.889,3.238,-985.670,9.560,3.238,0.0000,0.0000,-992.659,-21.729,83.011,-995.313,21.663,83.011,0.0000,0.0000,0.0000,0,0.000,0.000,0.0000,0.0000,0,0,-995.313,21.663,83.011,0.000,0,-1.000000,1.000,28.924,-1.000000,0.0000,0.0000,0,0,0.000,1.000,19.607,-995.313,21.663,83.011,0,0,-1,99.950852
22,3.2002,idle,-1000.000,0.000,88.150,0.000,0.000,15.000,-987.007,-7.889,3.238,-985.670,9.560,3.238,0.0000,0.0000,-992.589,-21.721,83.022,-995.242,21.664,83.022,0.0000,0.0000,0.0000,0,0.000,0.000,0.0000,0.0000,0,0,-995.242,21.664,83.022,0.000,0,-1.000000,1.000,28.924,-1.000000,0.0000,0.0000,0,0,0.000,1.000,19.607,-995.242,21.664,83.022,0,0,-1,99.948761
23,3.3257,idle,-1000.000,0.000,88.150,0.000,0.000,15.000,-987.007,-7.889,3.238,-985.670,9.560,3.238,0.0000,0.0000,-992.589,-21.721,83.022,-995.242,21.664,83.022,0.0000,0.0000,0.0000,0,0.000,0.000,0.0000,0.0000,0,0,-995.242,21.664,83.022,0.000,0,-1.000000,1.000,28.924,-1.000000,0.0000,0.0000,0,0,0.000,1.000,19.607,-995.242,21.664,83.022,0,0,-1,99.946760
24,3.4515,idle,-1000.000,0.000,88.150,0.000,0.000,15.000,-987.007,-7.889,3.238,-985.670,9.560,3.238,0.0000,0.0000,-992.610,-21.723,83.019,-995.263,21.664,83.019,0.0000,0.0000,0.0000,0,0.000,0.000,0.0000,0.0000,0,0,-995.263,21.664,83.019,0.000,0,-1.000000,1.000,28.924,-1.000000,0.0000,0.0000,0,0,0.000,1.000,19.607,-995.263,21.664,83.019,0,0,-1,99.944741
25,3.5795,idle,-1000.000,0.000,88.150,0.000,0.000,15.000,-987.007,-7.889,3.238,-985.670,9.560,3.238,0.0000,0.0000,-992.684,-21.731,83.012,-995.337,21.662,83.012,0.0000,0.0000,0.0000,0,0.000,0.000,0.0000,0.0000,0,0,-995.337,21.662,83.012,0.000,0,-1.000000,1.000,28.924,-1.000000,0.0000,0.0000,0,0,0.000,1.000,19.607,-995.337,21.662,83.012,0,0,-1,99.942697
26,3.7082,idle,-1000.000,0.000,88.150,0.000,0.000,15.000,-987.007,-7.889,3.238,-985.670,9.560,3.238,0.0000,0.0000,-992.751,-21.738,83.005,-995.404,21.661,83.005,0.0000,0.0000,0.0000,0,0.000,0.000,0.0000,0.0000,0,0,-995.404,21.661,83.005,0.000,0,-1.000000,1.000,28.924,-1.000000,0.0000,0.0000,0,0,0.000,1.000,19.607,-995.404,21.661,83.005,0,0,-1,99.940633
27,3.8368,idle,-1000.000,0.000,88.150,0.000,0.000,15.000,-987.007,-7.889,3.238,-985.670,9.560,3.238,0.0000,0.0000,-992.824,-21.746,82.987,-995.479,21.660,82.987,0.0000,0.0000,0.0000,0,0.000,0.000,0.0000,0.0000,0,0,-995.479,21.660,82.987,0.000,0,-1.000000,1.000,28.924,-1.000000,0.0000,0.0000,0,0,0.000,1.000,19.607,-995.479,21.660,82.987,0,0,-1,99.938581
28,3.9716,idle,-1000.000,0.000,88.150,0.000,0.000,15.000,-987.007,-7.889,3.238,-985.670,9.560,3.238,0.0000,0.0000,-992.920,-21.756,82.973,-995.575,21.658,82.973,0.0000,0.0000,0.0000,0,0.000,0.000,0.0000,0.0000,0,0,-995.575,21.658,82.973,0.000,0,-1.000000,1.000,28.924,-1.000000,0.0000,0.0000,0,0,0.000,1.000,19.607,-995.575,21.658,82.973,0,0,-1,99.936418
29,4.1021,idle,-1000.000,0.000,88.150,0.000,0.000,15.000,-987.007,-7.889,3.238,-985.670,9.560,3.238,0.0000,0.0000,-993.005,-21.765,82.961,-995.661,21.657,82.962,0.0000,0.0000,0.0000,0,0.000,0.000,0.0000,0.0000,0,0,-995.661,21.657,82.962,0.000,0,-1.000000,1.000,28.924,-1.000000,0.0000,0.0000,0,0,0.000,1.000,19.607,-995.661,21.657,82.962,0,0,-1,99.934334
30,4.2454,slow-walk,-1000.000,0.000,88.150,0.000,0.000,15.000,-987.007,-7.889,3.238,-985.670,9.560,3.238,0.0000,0.0000,-993.107,-21.775,82.948,-995.762,21.655,82.948,0.0000,0.0000,0.0000,0,0.000,0.000,0.0000,0.0000,0,0,-995.762,21.655,82.948,0.000,0,-1.000000,1.000,28.924,-1.000000,0.0000,0.0000,0,0,0.000,1.000,19.607,-995.762,21.655,82.948,0,0,-1,99.932037
31,4.3809,slow-walk,-996.907,0.829,88.150,35.479,15.000,15.000,-965.108,2.326,2.131,-1005.221,7.299,2.188,0.6758,0.2957,-986.636,-18.993,78.863,-996.306,23.654,79.229,0.0400,0.0000,0.0000,0,0.000,0.000,0.0000,0.0000,0,0,-996.306,23.654,79.229,0.000,0,-1.000000,1.000,28.924,-1.000000,0.0000,0.0000,0,0,0.000,1.000,19.607,-996.306,23.654,79.229,0,0,-1,99.929874
32,4.5089,slow-walk,-989.786,2.737,88.150,67.500,15.000,15.000,-958.338,4.071,3.183,-1000.705,8.161,6.764,1.0000,0.5625,-985.291,-19.504,78.018,-983.309,26.832,79.367,0.1121,0.0000,0.0000,0,0.000,0.000,0.0000,0.0000,0,0,-983.309,26.832,79.367,0.000,0,-1.000000,1.000,28.924,-1.000000,0.0000,0.0000,0,0,0.000,1.000,19.607,-983.309,26.832,79.367,0,0,-1,99.927823
33,4.6616,slow-walk,-979.845,5.400,88.150,67.500,15.000,15.000,-958.089,3.439,3.115,-978.394,14.960,10.733,1.0000,0.5625,-978.904,-18.322,79.643,-969.952,30.091,81.483,0.1978,0.0000,0.0000,0,0.000,0.000,0.0000,0.0000,0,0,-969.952,30.091,81.483,0.000,0,-1.000000,1.000,28.924,-1.000000,0.0000,0.0000,0,0,0.000,1.000,19.607,-969.952,30.091,81.483,0,0,-1,99.925384
34,4.8028,slow-walk,-970.621,7.872,88.150,67.500,15.000,15.000,-957.979,2.926,3.304,-955.811,21.923,11.540,1.0000,0.5625,-970.032,-15.991,80.085,-960.353,32.671,81.990,0.2774,0.0000,0.0000,0,0.000,0.000,0.0000,0.0000,0,0,-960.353,32.671,81.990,0.000,0,-1.000000,1.000,28.924,-1.000000,0.0000,0.0000,0,0,0.000,1.000,19.607,-960.353,32.671,81.990,0,0,-1,99.923120
35,4.9508,slow-walk,-960.993,10.452,88.150,67.500,15.000,15.000,-957.822,2.249,3.240,-933.034,28.808,8.257,1.0000,0.5625,-957.816,-12.452,78.641,-953.043,34.726,80.232,0.3605,0.0000,0.0000,0,0.000,0.000,0.0000,0.0000,0,0,-953.043,34.726,80.232,0.000,0,-1.000000,1.000,28.924,-1.000000,0.0000,0.0000,0,0,0.000,1.000,19.607,-953.043,34.726,80.232,0,0,-1,99.920757
36,5.0924,slow-walk,-951.742,12.931,88.150,67.500,15.000,15.000,-957.669,1.878,3.251,-915.338,34.340,4.409,1.0000,0.5625,-943.825,-7.748,77.155,-948.623,36.453,77.968,0.4403,0.0000,0.0000,0,0.000,0.000,0.0000,0.0000,0,0,-948.623,36.453,77.968,0.000,0,-1.000000,1.000,28.924,-1.000000,0.0000,0.0000,0,0,0.000,1.000,19.607,-948.623,36.453,77.968,0,0,-1,99.918487
37,5.2408,slow-walk,-942.083,15.519,88.150,67.500,15.000,15.000,-954.440,2.375,3.383,-906.167,36.793,3.143,1.0000,0.5625,-927.998,-2.362,77.188,-945.457,37.645,76.846,0.5236,0.0000,0.0000,0,0.000,0.000,0.0000,0.0000,0,0,-945.457,37.645,76.846,0.000,0,-1.000000,1.000,28.924,-1.000000,0.0000,0.0000,0,0,0.000,1.000,19.607,-945.457,37.645,76.846,0,0,-1,99.916117
38,5.3792,slow-walk,-933.045,17.941,88.150,67.500,15.000,15.000,-939.746,6.841,6.061,-906.012,36.415,3.054,1.0000,0.5625,-914.070,2.511,78.917,-942.285,38.768,77.633,0.6016,0.0000,0.0000,0,0.000,0.000,0.0000,0.0000,0,0,-942.285,38.768,77.633,0.000,0,-1.000000,1.000,28.924,-1.000000,0.0000,0.0000,0,0,0.000,1.000,19.607,-942.285,38.768,77.633,0,0,-1,99.913899
39,5.5225,slow-walk,-923.722,20.439,88.150,67.500,15.000,15.000,-919.264,12.883,9.888,-905.826,35.681,2.859,1.0000,0.5625,-901.403,6.498,80.999,-936.781,40.139,79.109,0.6820,0.0000,0.0000,0,0.000,0.000,0.0000,0.0000,0,0,-936.781,40.139,79.109,0.000,0,-1.000000,1.000,28.924,-1.000000,0.0000,0.0000,0,0,0.000,1.000,19.607,-936.781,40.139,79.109,0,0,-1,99.911611
40,5.6592,slow-walk,-914.797,22.830,88.150,67.500,15.000,15.000,-897.530,19.473,11.704,-905.624,35.035,3.255,1.0000,0.5625,-891.581,9.238,82.145,-928.925,42.132,80.121,0.7590,0.0000,0.0000,0,0.000,0.000,0.0000,0.0000,0,0,-928.925,42.132,80.121,0.000,0,-1.000000,1.000,28.924,-1.000000,0.0000,0.0000,0,0,0.000,1.000,19.607,-928.925,42.132,80.121,0,0,-1,99.909421
41,5.8007,slow-walk,-905.581,25.300,88.150,67.500,15.000,15.000,-875.388,26.324,9.223,-905.482,34.541,3.114,1.0000,0.5625,-883.855,11.025,80.759,-917.932,45.140,78.990,0.8386,0.0000,0.0000,0,0.000,0.000,0.0000,0.0000,0,0,-917.932,45.140,78.990,0.000,0,-1.000000,1.000,28.924,-1.000000,0.0000,0.0000,0,0,0.000,1.000,19.607,-917.932,45.140,78.990,0,0,-1,99.907159
42,5.9423,slow-walk,-896.327,27.779,88.150,67.500,15.000,15.000,-856.317,32.079,5.029,-905.293,33.985,2.979,1.0000,0.5625,-878.380,11.622,78.338,-904.092,48.780,77.250,0.9184,0.0000,0.0000,0,0.000,0.000,0.0000,0.0000,0,0,-904.092,48.780,77.250,0.000,0,-1.000000,1.000,28.924,-1.000000,0.0000,0.0000,0,0,0.000,1.000,19.607,-904.092,48.780,77.250,0,0,-1,99.904888
43,6.0835,slow-walk,-887.138,30.241,88.150,67.500,15.000,15.000,-842.977,35.878,3.253,-905.068,33.403,3.222,1.0000,0.5625,-874.576,11.536,76.997,-888.823,52.634,76.956,0.9977,0.0000,0.0000,0,0.000,0.000,0.0000,0.0000,0,0,-888.823,52.634,76.956,0.000,0,-1.000000,1.000,28.924,-1.000000,0.0000,0.0000,0,0,0.000,1.000,19.607,-888.823,52.634,76.956,0,0,-1,99.902633
44,6.2296,slow-walk,-877.600,32.797,88.150,67.500,15.000,15.000,-842.498,35.459,3.289,-891.923,37.206,5.277,1.0000,0.5625,-871.105,11.501,77.478,-873.101,56.597,78.508,0.0799,0.0000,0.0000,0,0.000,0.000,0.0000,0.0000,0,0,-873.101,56.597,78.508,0.000,0,-1.000000,1.000,28.924,-1.000000,0.0000,0.0000,0,0,0.000,1.000,19.607,-873.101,56.597,78.508,0,0,-1,99.900293
45,6.3706,slow-walk,-868.424,35.256,88.150,67.500,15.000,15.000,-842.263,34.819,3.252,-873.000,42.833,9.254,1.0000,0.5625,-866.225,12.080,79.078,-859.682,59.776,80.776,0.1591,0.0000,0.0000,0,0.000,0.000,0.0000,0.0000,0,0,-859.682,59.776,80.776,0.000,0,-1.000000,1.000,28.924,-1.000000,0.0000,0.0000,0,0,0.000,1.000,19.607,-859.682,59.776,80.776,0,0,-1,99.898041
46,6.5143,slow-walk,-859.031,37.773,88.150,67.500,15.000,15.000,-842.146,34.269,3.254,-850.537,49.726,11.694,1.0000,0.5625,-858.663,13.867,80.128,-848.617,62.613,82.045,0.2401,0.0000,0.0000,0,0.000,0.000,0.0000,0.0000,0,0,-848.617,62.613,82.045,0.000,0,-1.000000,1.000,28.924,-1.000000,0.0000,0.0000,0,0,0.000,1.000,19.607,-848.617,62.613,82.045,0,0,-1,99.895736
47,6.6593,slow-walk,-849.606,40.298,88.150,67.500,15.000,15.000,-841.981,33.729,3.267,-827.505,56.888,10.165,1.0000,0.5625,-848.044,16.910,79.464,-840.214,65.007,81.269,0.3215,0.0000,0.0000,0,0.000,0.000,0.0000,0.0000,0,0,-840.214,65.007,81.269,0.000,0,-1.000000,1.000,28.924,-1.000000,0.0000,0.0000,0,0,0.000,1.000,19.607,-840.214,65.007,81.269,0,0,-1,99.893423
48,6.8009,slow-walk,-840.345,42.779,88.150,67.500,15.000,15.000,-841.968,33.427,3.027,-807.574,63.240,5.877,1.0000,0.5625,-835.128,21.227,77.553,-834.758,67.062,78.786,0.4014,0.0000,0.0000,0,0.000,0.000,0.0000,0.0000,0,0,-834.758,67.062,78.786,0.000,0,-1.000000,1.000,28.924,-1.000000,0.0000,0.0000,0,0,0.000,1.000,19.607,-834.758,67.062,78.786,0,0,-1,99.891150
49,6.9469,slow-walk,-830.848,45.324,88.150,67.500,15.000,15.000,-841.628,32.339,3.223,-792.377,67.080,3.251,1.0000,0.5625,-819.651,25.730,76.872,-830.883,67.836,77.108,0.4833,0.0000,0.0000,0,0.000,0.000,0.0000,0.0000,0,0,-830.883,67.836,77.108,0.000,0,-1.000000,1.000,28.924,-1.000000,0.0000,0.0000,0,0,0.000,1.000,19.607,-830.883,67.836,77.108,0,0,-1,99.888820
50,7.0976,slow-walk,-821.000,47.963,88.150,67.500,15.000,15.000,-830.716,35.374,4.880,-790.078,67.286,3.397,1.0000,0.5625,-803.751,31.234,78.373,-827.726,68.988,77.430,0.5683,0.0000,0.0000,0,0.000,0.000,0.0000,0.0000,0,0,-827.726,68.988,77.430,0.000,0,-1.000000,1.000,28.924,-1.000000,0.0000,0.0000,0,0,0.000,1.000,19.607,-827.726,68.988,77.430,0,0,-1,99.886403
51,7.2518,slow-walk,-810.967,50.651,88.150,67.500,15.000,15.000,-810.692,41.643,9.120,-789.818,66.955,3.373,1.0000,0.5625,-789.424,36.258,80.830,-823.000,70.558,79.077,0.6548,0.0000,0.0000,0,0.000,0.000,0.0000,0.0000,0,0,-823.000,70.558,79.077,0.000,0,-1.000000,1.000,28.924,-1.000000,0.0000,0.0000,0,0,0.000,1.000,19.607,-823.000,70.558,79.077,0,0,-1,99.883941
52,7.3950,slow-walk,-801.616,53.157,88.150,67.500,15.000,15.000,-788.409,48.448,11.653,-789.737,66.290,3.279,1.0000,0.5625,-778.424,39.553,82.135,-815.720,72.470,80.116,0.7355,0.0000,0.0000,0,0.000,0.000,0.0000,0.0000,0,0,-815.720,72.470,80.116,0.000,0,-1.000000,1.000,28.924,-1.000000,0.0000,0.0000,0,0,0.000,1.000,19.607,-815.720,72.470,80.116,0,0,-1,99.881646
53,7.5432,slow-walk,-791.970,55.741,88.150,67.500,15.000,15.000,-764.840,55.795,9.891,-789.569,65.822,2.846,1.0000,0.5625,-769.672,41.793,80.991,-805.007,75.450,79.105,0.8187,0.0000,0.0000,0,0.000,0.000,0.0000,0.0000,0,0,-805.007,75.450,79.105,0.000,0,-1.000000,1.000,28.924,-1.000000,0.0000,0.0000,0,0,0.000,1.000,19.607,-805.007,75.450,79.105,0,0,-1,99.879279
54,7.6872,slow-walk,-782.558,58.263,88.150,67.500,15.000,15.000,-744.404,62.049,6.125,-789.432,65.242,3.224,1.0000,0.5625,-763.599,42.690,79.051,-791.684,78.990,77.787,0.8999,0.0000,0.0000,0,0.000,0.000,0.0000,0.0000,0,0,-791.684,78.990,77.787,0.000,0,-1.000000,1.000,28.924,-1.000000,0.0000,0.0000,0,0,0.000,1.000,19.607,-791.684,78.990,77.787,0,0,-1,99.876969
55,7.8279,slow-walk,-773.400,60.717,88.150,67.500,15.000,15.000,-729.366,66.226,3.458,-789.214,64.521,3.202,1.0000,0.5625,-759.498,42.576,77.174,-776.554,82.724,76.874,0.9789,0.0000,0.0000,0,0.000,0.000,0.0000,0.0000,0,0,-776.554,82.724,76.874,0.000,0,-1.000000,1.000,28.924,-1.000000,0.0000,0.0000,0,0,0.000,1.000,19.607,-776.554,82.724,76.874,0,0,-1,99.874722
56,7.9681,slow-walk,-764.245,63.170,88.150,67.500,15.000,15.000,-726.658,66.616,3.259,-780.356,66.920,4.356,1.0000,0.5625,-756.167,42.491,77.146,-761.257,86.600,77.933,0.0579,0.0000,0.0000,0,0.000,0.000,0.0000,0.0000,0,0,-761.257,86.600,77.933,0.000,0,-1.000000,1.000,28.924,-1.000000,0.0000,0.0000,0,0,0.000,1.000,19.607,-761.257,86.600,77.933,0,0,-1,99.872475
57,8.1085,slow-walk,-755.111,65.618,88.150,67.500,15.000,15.000,-726.504,66.065,3.305,-762.810,72.211,8.149,1.0000,0.5625,-751.883,42.890,78.639,-747.321,90.013,80.214,0.1367,0.0000,0.0000,0,0.000,0.000,0.0000,0.0000,0,0,-747.321,90.013,80.214,0.000,0,-1.000000,1.000,28.924,-1.000000,0.0000,0.0000,0,0,0.000,1.000,19.607,-747.321,90.013,80.214,0,0,-1,99.870234
58,8.2492,stop-from-slow-walk,-745.915,68.082,88.150,67.500,15.000,15.000,-726.298,65.466,3.320,-741.349,78.734,11.418,1.0000,0.5625,-745.239,44.237,80.055,-735.718,92.858,81.950,0.2160,0.0000,0.0000,0,0.000,0.000,0.0000,0.0000,0,0,-735.718,92.858,81.950,0.000,0,-1.000000,1.000,28.924,-1.000000,0.0000,0.0000,0,0,0.000,1.000,19.607,-735.718,92.858,81.950,0,0,-1,99.867977
59,8.3929,stop-from-slow-walk,-745.915,68.082,88.150,0.000,15.000,15.000,-729.833,64.303,3.047,-736.621,80.374,4.439,0.2833,0.0000,-736.795,47.392,81.784,-744.031,91.069,82.363,0.2160,0.0000,0.0000,0,0.000,0.000,0.0000,0.0000,0,0,-744.031,91.069,82.363,0.000,0,-1.000000,1.000,28.924,-1.000000,0.0000,0.0000,0,0,0.000,1.000,19.607,-744.031,91.069,82.363,0,0,-1,99.865684
60,8.5468,stop-from-slow-walk,-745.915,68.082,88.150,0.000,15.000,15.000,-731.323,63.824,3.238,-734.548,81.025,3.238,0.0000,0.0000,-733.417,48.911,82.978,-747.217,90.156,82.978,0.2160,0.0000,0.0000,0,0.000,0.000,0.0000,0.0000,0,0,-747.217,90.156,82.978,0.000,0,-1.000000,1.000,28.924,-1.000000,0.0000,0.0000,0,0,0.000,1.000,19.607,-747.217,90.156,82.978,0,0,-1,99.863215
61,8.6883,stop-from-slow-walk,-745.915,68.082,88.150,0.000,15.000,15.000,-731.323,63.824,3.238,-734.548,81.025,3.238,0.0000,0.0000,-733.328,48.945,82.991,-747.126,90.182,82.991,0.2160,0.0000,0.0000,0,0.000,0.000,0.0000,0.0000,0,0,-747.126,90.182,82.991,0.000,0,-1.000000,1.000,28.924,-1.000000,0.0000,0.0000,0,0,0.000,1.000,19.607,-747.126,90.182,82.991,0,0,-1,99.860958
62,8.8296,stop-from-slow-walk,-745.915,68.082,88.150,0.000,15.000,15.000,-731.323,63.824,3.238,-734.548,81.025,3.238,0.0000,0.0000,-733.248,48.975,83.004,-747.043,90.206,83.004,0.2160,0.0000,0.0000,0,0.000,0.000,0.0000,0.0000,0,0,-747.043,90.206,83.004,0.000,0,-1.000000,1.000,28.924,-1.000000,0.0000,0.0000,0,0,0.000,1.000,19.607,-747.043,90.206,83.004,0,0,-1,99.858691
63,8.9667,stop-from-slow-walk,-745.915,68.082,88.150,0.000,15.000,15.000,-731.323,63.824,3.238,-734.548,81.025,3.238,0.0000,0.0000,-733.201,48.993,83.011,-746.995,90.220,83.011,0.2160,0.0000,0.0000,0,0.000,0.000,0.0000,0.0000,0,0,-746.995,90.220,83.011,0.000,0,-1.000000,1.000,28.924,-1.000000,0.0000,0.0000,0,0,0.000,1.000,19.607,-746.995,90.220,83.011,0,0,-1,99.856501
64,9.1071,stop-from-slow-walk,-745.915,68.082,88.150,0.000,15.000,15.000,-731.323,63.824,3.238,-734.548,81.025,3.238,0.0000,0.0000,-733.201,48.993,83.011,-746.995,90.220,83.011,0.2160,0.0000,0.0000,0,0.000,0.000,0.0000,0.0000,0,0,-746.995,90.220,83.011,0.000,0,-1.000000,1.000,28.924,-1.000000,0.0000,0.0000,0,0,0.000,1.000,19.607,-746.995,90.220,83.011,0,0,-1,99.854250
65,9.2449,stop-from-slow-walk,-745.915,68.082,88.150,0.000,15.000,15.000,-731.323,63.824,3.238,-734.548,81.025,3.238,0.0000,0.0000,-733.135,49.019,83.022,-746.927,90.239,83.022,0.2160,0.0000,0.0000,0,0.000,0.000,0.0000,0.0000,0,0,-746.927,90.239,83.022,0.000,0,-1.000000,1.000,28.924,-1.000000,0.0000,0.0000,0,0,0.000,1.000,19.607,-746.927,90.239,83.022,0,0,-1,99.852050
66,9.3822,stop-from-slow-walk,-745.915,68.082,88.150,0.000,15.000,15.000,-731.323,63.824,3.238,-734.548,81.025,3.238,0.0000,0.0000,-733.135,49.019,83.022,-746.927,90.239,83.022,0.2160,0.0000,0.0000,0,0.000,0.000,0.0000,0.0000,0,0,-746.927,90.239,83.022,0.000,0,-1.000000,1.000,28.924,-1.000000,0.0000,0.0000,0,0,0.000,1.000,19.607,-746.927,90.239,83.022,0,0,-1,99.849849
67,9.5231,stop-from-slow-walk,-745.915,68.082,88.150,0.000,15.000,15.000,-731.323,63.824,3.238,-734.548,81.025,3.238,0.0000,0.0000,-733.196,48.995,83.014,-746.989,90.221,83.014,0.2160,0.0000,0.0000,0,0.000,0.000,0.0000,0.0000,0,0,-746.989,90.221,83.014,0.000,0,-1.000000,1.000,28.924,-1.000000,0.0000,0.0000,0,0,0.000,1.000,19.607,-746.989,90.221,83.014,0,0,-1,99.847598
68,9.6732,stop-from-slow-walk,-745.915,68.082,88.150,0.000,15.000,15.000,-731.323,63.824,3.238,-734.548,81.025,3.238,0.0000,0.0000,-733.271,48.967,83.007,-747.066,90.199,83.007,0.2160,0.0000,0.0000,0,0.000,0.000,0.0000,0.0000,0,0,-747.066,90.199,83.007,0.000,0,-1.000000,1.000,28.924,-1.000000,0.0000,0.0000,0,0,0.000,1.000,19.607,-747.066,90.199,83.007,0,0,-1,99.845192
69,9.8145,stop-from-slow-walk,-745.915,68.082,88.150,0.000,15.000,15.000,-731.323,63.824,3.238,-734.548,81.025,3.238,0.0000,0.0000,-733.341,48.940,82.989,-747.139,90.178,82.989,0.2160,0.0000,0.0000,0,0.000,0.000,0.0000,0.0000,0,0,-747.139,90.178,82.989,0.000,0,-1.000000,1.000,28.924,-1.000000,0.0000,0.0000,0,0,0.000,1.000,19.607,-747.139,90.178,82.989,0,0,-1,99.842937
70,9.9688,stop-from-slow-walk,-745.915,68.082,88.150,0.000,15.000,15.000,-731.323,63.824,3.238,-734.548,81.025,3.238,0.0000,0.0000,-733.444,48.900,82.974,-747.245,90.148,82.974,0.2160,0.0000,0.0000,0,0.000,0.000,0.0000,0.0000,0,0,-747.245,90.148,82.974,0.000,0,-1.000000,1.000,28.924,-1.000000,0.0000,0.0000,0,0,0.000,1.000,19.607,-747.245,90.148,82.974,0,0,-1,99.840463
71,10.1204,stop-from-slow-walk,-745.915,68.082,88.150,0.000,15.000,15.000,-731.323,63.824,3.238,-734.548,81.025,3.238,0.0000,0.0000,-733.538,48.864,82.960,-747.341,90.120,82.960,0.2160,0.0000,0.0000,0,0.000,0.000,0.0000,0.0000,0,0,-747.341,90.120,82.960,0.000,0,-1.000000,1.000,28.924,-1.000000,0.0000,0.0000,0,0,0.000,1.000,19.607,-747.341,90.120,82.960,0,0,-1,99.838048
72,10.2650,full-walk,-745.915,68.082,88.150,0.000,15.000,15.000,-731.323,63.824,3.238,-734.548,81.025,3.238,0.0000,0.0000,-733.630,48.829,82.946,-747.437,90.092,82.947,0.2160,0.0000,0.0000,0,0.000,0.000,0.0000,0.0000,0,0,-747.437,90.092,82.947,0.000,0,-1.000000,1.000,28.924,-1.000000,0.0000,0.0000,0,0,0.000,1.000,19.607,-747.437,90.092,82.947,0,0,-1,99.835724
73,10.4069,full-walk,-736.870,70.506,88.150,99.140,15.000,15.000,-728.242,64.225,2.943,-716.128,86.637,6.845,0.7081,0.8262,-731.895,48.261,80.033,-730.905,94.490,81.279,0.3330,0.0000,0.0000,0,0.000,0.000,0.0000,0.0000,0,0,-730.905,94.490,81.279,0.000,0,-1.000000,1.000,28.924,-1.000000,0.0000,0.0000,0,0,0.000,1.000,19.607,-730.905,94.490,81.279,0,0,-1,99.833458
74,10.5480,full-walk,-715.135,76.329,88.150,180.000,15.000,15.000,-726.545,63.348,3.727,-681.577,96.634,3.026,1.0000,1.5000,-699.552,58.958,77.430,-720.163,97.904,76.806,0.5449,0.0000,0.0000,0,0.000,0.000,0.0000,0.0000,0,0,-720.163,97.904,76.806,0.000,0,-1.000000,1.000,28.924,-1.000000,0.0000,0.0000,0,0,0.000,1.000,19.607,-720.163,97.904,76.806,0,0,-1,99.831198
75,10.6906,full-walk,-690.376,82.963,88.150,180.000,15.000,15.000,-673.190,79.579,11.706,-681.150,95.186,3.254,1.0000,1.5000,-667.158,69.372,82.146,-704.506,102.264,80.122,0.7586,0.0000,0.0000,0,0.000,0.000,0.0000,0.0000,0,0,-704.506,102.264,80.122,0.000,0,-1.000000,1.000,28.924,-1.000000,0.0000,0.0000,0,0,0.000,1.000,19.607,-704.506,102.264,80.122,0,0,-1,99.828919
76,10.8362,full-walk,-665.013,89.759,88.150,180.000,15.000,15.000,-621.025,95.240,3.477,-680.649,93.611,3.191,1.0000,1.5000,-650.995,71.659,77.189,-668.283,111.727,76.868,0.9774,0.0000,0.0000,0,0.000,0.000,0.0000,0.0000,0,0,-668.283,111.727,76.868,0.000,0,-1.000000,1.000,28.924,-1.000000,0.0000,0.0000,0,0,0.000,1.000,19.607,-668.283,111.727,76.868,0,0,-1,99.826585
77,10.9809,full-walk,-639.905,96.487,88.150,180.000,15.000,15.000,-617.699,94.683,3.110,-639.060,105.852,10.557,1.0000,1.5000,-638.853,72.819,79.579,-630.120,121.166,81.405,0.1940,0.0000,0.0000,0,0.000,0.000,0.0000,0.0000,0,0,-630.120,121.166,81.405,0.000,0,-1.000000,1.000,28.924,-1.000000,0.0000,0.0000,0,0,0.000,1.000,19.607,-630.120,121.166,81.405,0,0,-1,99.824275
78,11.1205,full-walk,-615.610,102.997,88.150,180.000,15.000,15.000,-617.477,93.548,3.048,-582.615,123.519,5.787,1.0000,1.5000,-610.240,81.491,77.540,-610.159,127.239,78.751,0.4036,0.0000,0.0000,0,0.000,0.000,0.0000,0.0000,0,0,-610.159,127.239,78.751,0.000,0,-1.000000,1.000,28.924,-1.000000,0.0000,0.0000,0,0,0.000,1.000,19.607,-610.159,127.239,78.751,0,0,-1,99.822039
79,11.2632,full-walk,-590.816,109.641,87.890,180.000,15.000,15.000,-595.663,99.081,6.945,-565.466,127.456,3.102,1.0000,1.5000,-570.946,94.542,79.461,-600.986,130.136,78.015,0.6175,0.0000,0.0000,0,0.000,0.000,0.0000,0.0000,0,0,-600.986,130.136,78.015,0.000,0,-1.000000,1.000,28.924,-1.000000,0.0000,0.0000,0,0,0.000,1.000,19.607,-600.986,130.136,78.015,0,0,-1,99.819757
80,11.4016,full-walk,-566.715,116.098,87.574,180.000,15.000,15.000,-538.555,116.518,9.080,-565.107,125.926,2.358,1.0000,1.5000,-544.604,102.085,80.345,-579.549,135.882,78.491,0.8254,0.0000,0.0000,0,0.000,0.000,0.0000,0.0000,0,0,-579.549,135.882,78.491,0.000,0,-1.000000,1.000,28.924,-1.000000,0.0000,0.0000,0,0,0.000,1.000,19.607,-579.549,135.882,78.491,0,0,-1,99.817539
81,11.5453,full-walk,-541.775,122.781,87.288,180.000,15.000,15.000,-502.268,126.940,2.347,-558.926,126.249,2.927,1.0000,1.5000,-532.511,102.683,76.088,-540.099,145.987,76.648,0.0406,0.0000,0.0000,0,0.000,0.000,0.0000,0.0000,0,0,-540.099,145.987,76.648,0.000,0,-1.000000,1.000,28.924,-1.000000,0.0000,0.0000,0,0,0.000,1.000,19.607,-540.099,145.987,76.648,0,0,-1,99.815244
82,11.6905,full-walk,-516.502,129.553,86.980,180.000,15.000,15.000,-501.716,125.336,2.082,-504.817,142.582,10.532,1.0000,1.5000,-516.148,105.645,78.960,-506.082,154.395,80.878,0.2586,0.0000,0.0000,0,0.000,0.000,0.0000,0.0000,0,0,-506.082,154.395,80.878,0.000,0,-1.000000,1.000,28.924,-1.000000,0.0000,0.0000,0,0,0.000,1.000,19.607,-506.082,154.395,80.878,0,0,-1,99.812919
83,11.8345,full-walk,-491.501,136.252,86.676,180.000,15.000,15.000,-501.228,123.669,1.675,-453.289,157.972,1.904,1.0000,1.5000,-481.001,116.424,75.362,-490.841,158.984,75.726,0.4743,0.0000,0.0000,0,0.000,0.000,0.0000,0.0000,0,0,-490.841,158.984,75.726,0.000,0,-1.000000,1.000,28.924,-1.000000,0.0000,0.0000,0,0,0.000,1.000,19.607,-490.841,158.984,75.726,0,0,-1,99.810618
84,11.9746,full-walk,-467.092,142.792,86.401,180.000,15.000,15.000,-462.178,135.381,8.294,-449.525,157.914,1.152,1.0000,1.5000,-444.701,128.878,79.352,-480.233,162.463,77.451,0.6849,0.0000,0.0000,0,0.000,0.000,0.0000,0.0000,0,0,-480.233,162.463,77.451,0.000,0,-1.000000,1.000,28.924,-1.000000,0.0000,0.0000,0,0,0.000,1.000,19.607,-480.233,162.463,77.451,0,0,-1,99.808372
85,12.1276,full-walk,-440.548,149.905,86.125,180.000,15.000,15.000,-400.986,154.081,3.252,-449.006,156.299,1.007,1.0000,1.5000,-422.355,133.889,76.485,-448.645,170.840,75.353,0.9139,0.0000,0.0000,0,0.000,0.000,0.0000,0.0000,0,0,-448.645,170.840,75.353,0.000,0,-1.000000,1.000,28.924,-1.000000,0.0000,0.0000,0,0,0.000,1.000,19.607,-448.645,170.840,75.353,0,0,-1,99.805929
86,12.2723,full-walk,-415.340,156.659,86.125,180.000,15.000,15.000,-386.126,157.316,1.255,-423.773,163.012,5.822,1.0000,1.5000,-411.862,134.044,76.469,-407.807,181.016,78.003,0.1314,0.0000,0.0000,0,0.000,0.000,0.0000,0.0000,0,0,-407.807,181.016,78.003,0.000,0,-1.000000,1.000,28.924,-1.000000,0.0000,0.0000,0,0,0.000,1.000,19.607,-407.807,181.016,78.003,0,0,-1,99.803609
87,12.4146,full-walk,-390.639,163.278,85.866,180.000,15.000,15.000,-385.593,155.757,1.093,-365.005,180.941,6.929,1.0000,1.5000,-388.222,140.133,76.855,-382.003,187.743,78.545,0.3445,0.0000,0.0000,0,0.000,0.000,0.0000,0.0000,0,0,-382.003,187.743,78.545,0.000,0,-1.000000,1.000,28.924,-1.000000,0.0000,0.0000,0,0,0.000,1.000,19.607,-382.003,187.743,78.545,0,0,-1,99.801336
88,12.5607,full-walk,-365.188,170.097,85.866,180.000,15.000,15.000,-375.254,157.395,2.393,-333.780,189.574,1.068,1.0000,1.5000,-348.219,153.231,75.930,-371.608,191.195,75.042,0.5640,0.0000,0.0000,0,0.000,0.000,0.0000,0.0000,0,0,-371.608,191.195,75.042,0.000,0,-1.000000,1.000,28.924,-1.000000,0.0000,0.0000,0,0,0.000,1.000,19.607,-371.608,191.195,75.042,0,0,-1,99.798994
89,12.7054,full-walk,-340.068,176.828,85.866,180.000,15.000,15.000,-319.178,174.709,9.215,-333.298,188.265,1.041,1.0000,1.5000,-317.014,163.177,79.797,-354.002,196.206,77.796,0.7808,0.0000,0.0000,0,0.000,0.000,0.0000,0.0000,0,0,-354.002,196.206,77.796,0.000,0,-1.000000,1.000,28.924,-1.000000,0.0000,0.0000,0,0,0.000,1.000,19.607,-354.002,196.206,77.796,0,0,-1,99.796682
90,12.8529,full-walk,-314.383,183.711,86.140,180.000,15.000,15.000,-270.482,189.259,1.202,-332.554,186.786,1.229,1.0000,1.5000,-302.172,164.843,74.950,-315.685,206.188,74.977,0.0024,0.0000,0.0000,0,0.000,0.000,0.0000,0.0000,0,0,-315.685,206.188,74.977,0.000,0,-1.000000,1.000,28.924,-1.000000,0.0000,0.0000,0,0,0.000,1.000,19.607,-315.685,206.188,74.977,0,0,-1,99.794319
91,12.9927,full-walk,-290.169,190.199,86.326,180.000,15.000,15.000,-269.989,187.752,1.430,-286.425,200.560,9.406,1.0000,1.5000,-289.432,166.381,78.119,-280.044,214.952,80.000,0.2113,0.0000,0.0000,0,0.000,0.000,0.0000,0.0000,0,0,-280.044,214.952,80.000,0.000,0,-1.000000,1.000,28.924,-1.000000,0.0000,0.0000,0,0,0.000,1.000,19.607,-280.044,214.952,80.000,0,0,-1,99.792090
92,13.1293,full-walk,-266.332,196.586,86.670,180.000,15.000,15.000,-269.666,186.562,1.717,-232.003,217.471,3.829,1.0000,1.5000,-260.043,175.368,75.994,-261.700,220.577,77.069,0.4169,0.0000,0.0000,0,0.000,0.000,0.0000,0.0000,0,0,-261.700,220.577,77.069,0.000,0,-1.000000,1.000,28.924,-1.000000,0.0000,0.0000,0,0,0.000,1.000,19.607,-261.700,220.577,77.069,0,0,-1,99.789897
93,13.2785,turn-while-moving,-240.433,203.525,87.169,180.000,15.000,15.000,-242.156,193.842,7.297,-217.643,220.382,2.307,1.0000,1.5000,-219.445,188.857,79.359,-251.759,223.630,77.699,0.6403,0.0000,0.0000,0,0.000,0.000,0.0000,0.0000,0,0,-251.759,223.630,77.699,0.000,0,-1.000000,1.000,28.924,-1.000000,0.0000,0.0000,0,0,0.000,1.000,19.607,-251.759,223.630,77.699,0,0,-1,99.787514
94,13.4171,turn-while-moving,-226.053,216.168,87.645,142.237,56.664,15.000,-206.955,232.195,10.292,-230.099,226.735,2.751,1.0000,1.1853,-199.965,220.881,81.170,-249.092,221.867,79.234,0.8050,0.0000,0.0000,0,0.000,0.000,0.0000,0.0000,0,0,-249.092,221.867,79.234,0.000,0,-1.000000,1.000,28.924,-1.000000,0.0000,0.0000,0,0,0.000,1.000,19.607,-249.092,221.867,79.234,0,0,-1,99.785291
95,13.5614,turn-while-moving,-218.287,235.113,88.163,142.237,72.265,15.000,-199.113,275.021,3.510,-229.923,224.230,3.193,1.0000,1.1853,-195.451,237.244,77.219,-238.566,244.117,76.875,0.9757,0.0000,0.0000,0,0.000,0.000,0.0000,0.0000,0,0,-238.566,244.117,76.875,0.000,0,-1.000000,1.000,28.924,-1.000000,0.0000,0.0000,0,0,0.000,1.000,19.607,-238.566,244.117,76.875,0,0,-1,99.782987
96,13.7134,turn-while-moving,-211.472,255.648,88.735,142.237,72.265,15.000,-196.873,277.744,3.873,-220.426,255.450,9.726,1.0000,1.1853,-190.745,245.112,79.639,-227.406,276.146,81.326,0.1560,0.0000,0.0000,0,0.000,0.000,0.0000,0.0000,0,0,-227.406,276.146,81.326,0.000,0,-1.000000,1.000,28.924,-1.000000,0.0000,0.0000,0,0,0.000,1.000,19.607,-227.406,276.146,81.326,0,0,-1,99.780553
97,13.8555,turn-while-moving,-205.295,274.864,89.295,142.237,72.265,15.000,-195.716,277.399,4.401,-207.178,302.841,11.173,1.0000,1.1853,-184.749,263.620,80.551,-221.023,296.039,82.342,0.3242,0.0000,0.0000,0,0.000,0.000,0.0000,0.0000,0,0,-221.023,296.039,82.342,0.000,0,-1.000000,1.000,28.924,-1.000000,0.0000,0.0000,0,0,0.000,1.000,19.607,-221.023,296.039,82.342,0,0,-1,99.778282
98,14.0095,turn-while-moving,-198.606,295.763,89.930,142.237,72.265,15.000,-194.465,277.930,5.053,-196.726,339.430,4.953,1.0000,1.1853,-176.262,296.634,78.810,-218.698,306.222,78.710,0.5071,0.0000,0.0000,0,0.000,0.000,0.0000,0.0000,0,0,-218.698,306.222,78.710,0.000,0,-1.000000,1.000,28.924,-1.000000,0.0000,0.0000,0,0,0.000,1.000,19.607,-218.698,306.222,78.710,0,0,-1,99.775814
99,14.1491,turn-while-moving,-192.570,314.635,90.532,142.237,72.265,15.000,-184.261,312.694,11.966,-195.445,339.129,5.371,1.0000,1.1853,-168.843,325.588,83.279,-216.135,314.612,81.436,0.6722,0.0000,0.0000,0,0.000,0.000,0.0000,0.0000,0,0,-216.135,314.612,81.436,0.000,0,-1.000000,1.000,28.924,-1.000000,0.0000,0.0000,0,0,0.000,1.000,19.607,-216.135,314.612,81.436,0,0,-1,99.773585
100,14.2975,turn-while-moving,-186.127,334.780,91.202,142.237,72.265,15.000,-170.101,362.213,11.953,-193.978,338.648,6.301,1.0000,1.1853,-162.244,344.885,83.661,-209.196,335.476,81.980,0.8485,0.0000,0.0000,0,0.000,0.000,0.0000,0.0000,0,0,-209.196,335.476,81.980,0.000,0,-1.000000,1.000,28.924,-1.000000,0.0000,0.0000,0,0,0.000,1.000,19.607,-209.196,335.476,81.980,0,0,-1,99.771206
101,14.4989,turn-while-moving,-177.411,362.035,92.147,142.237,72.265,15.000,-160.882,392.193,7.292,-188.692,353.069,9.600,1.0000,1.1853,-156.077,355.485,81.613,-194.842,379.109,82.709,0.0869,0.0000,0.0000,0,0.000,0.000,0.0000,0.0000,0,0,-194.842,379.109,82.709,0.000,0,-1.000000,1.000,28.924,-1.000000,0.0000,0.0000,0,0,0.000,1.000,19.607,-194.842,379.109,82.709,0,0,-1,99.767987
102,14.6580,turn-while-moving,-170.512,383.606,92.925,142.237,72.265,15.000,-159.467,391.768,8.071,-174.401,403.361,16.335,1.0000,1.1853,-150.129,371.175,84.864,-185.815,405.672,86.772,0.2756,0.0000,0.0000,0,0.000,0.000,0.0000,0.0000,0,0,-185.815,405.672,86.772,0.000,0,-1.000000,1.000,28.924,-1.000000,0.0000,0.0000,0,0,0.000,1.000,19.607,-185.815,405.672,86.772,0,0,-1,99.765439
103,14.7993,turn-while-moving,-164.398,402.721,93.629,142.237,72.265,15.000,-158.363,391.449,8.663,-162.657,445.080,9.720,1.0000,1.1853,-142.677,398.389,82.537,-182.552,417.878,83.317,0.4429,0.0000,0.0000,0,0.000,0.000,0.0000,0.0000,0,0,-182.552,417.878,83.317,0.000,0,-1.000000,1.000,28.924,-1.000000,0.0000,0.0000,0,0,0.000,1.000,19.607,-182.552,417.878,83.317,0,0,-1,99.763182
104,14.9396,turn-while-moving,-158.306,421.770,94.341,142.237,72.265,15.000,-152.321,411.050,12.825,-159.405,453.617,9.408,1.0000,1.1853,-134.962,429.856,85.522,-180.935,424.775,84.158,0.6095,0.0000,0.0000,0,0.000,0.000,0.0000,0.0000,0,0,-180.935,424.775,84.158,0.000,0,-1.000000,1.000,28.924,-1.000000,0.0000,0.0000,0,0,0.000,1.000,19.607,-180.935,424.775,84.158,0,0,-1,99.760932
105,15.0765,turn-while-moving,-152.390,440.270,95.039,142.237,72.265,15.000,-139.707,455.099,18.502,-158.068,453.202,10.180,1.0000,1.1853,-128.418,452.368,89.004,-176.249,438.917,86.991,0.7714,0.0000,0.0000,0,0.000,0.000,0.0000,0.0000,0,0,-176.249,438.917,86.991,0.000,0,-1.000000,1.000,28.924,-1.000000,0.0000,0.0000,0,0,0.000,1.000,19.607,-176.249,438.917,86.991,0,0,-1,99.758747
106,15.2242,turn-while-moving,-145.976,460.324,95.795,142.237,72.265,15.000,-127.367,498.746,11.572,-156.904,452.880,10.615,1.0000,1.1853,-122.958,464.772,85.230,-167.162,467.203,84.471,0.9469,0.0000,0.0000,0,0.000,0.000,0.0000,0.0000,0,0,-167.162,467.203,84.471,0.000,0,-1.000000,1.000,28.924,-1.000000,0.0000,0.0000,0,0,0.000,1.000,19.607,-167.162,467.203,84.471,0,0,-1,99.756379
107,15.3670,turn-while-moving,-139.797,479.645,96.518,142.237,72.265,15.000,-124.011,506.367,11.548,-150.139,473.803,15.339,1.0000,1.1853,-118.690,471.143,86.452,-156.460,498.334,87.839,0.1159,0.0000,0.0000,0,0.000,0.000,0.0000,0.0000,0,0,-156.460,498.334,87.839,0.000,0,-1.000000,1.000,28.924,-1.000000,0.0000,0.0000,0,0,0.000,1.000,19.607,-156.460,498.334,87.839,0,0,-1,99.754097
108,15.5162,turn-while-moving,-133.324,499.883,97.264,142.237,72.265,15.000,-122.750,506.053,12.311,-136.438,522.629,20.201,1.0000,1.1853,-112.883,487.682,88.957,-148.688,521.719,90.825,0.2930,0.0000,0.0000,0,0.000,0.000,0.0000,0.0000,0,0,-148.688,521.719,90.825,0.000,0,-1.000000,1.000,28.924,-1.000000,0.0000,0.0000,0,0,0.000,1.000,19.607,-148.688,521.719,90.825,0,0,-1,99.751707
109,15.6588,turn-while-moving,-127.157,519.167,97.958,142.237,72.265,15.000,-121.529,505.695,12.881,-124.972,562.588,13.384,1.0000,1.1853,-105.061,516.279,86.613,-145.668,532.969,87.151,0.4617,0.0000,0.0000,0,0.000,0.000,0.0000,0.0000,0,0,-145.668,532.969,87.151,0.000,0,-1.000000,1.000,28.924,-1.000000,0.0000,0.0000,0,0,0.000,1.000,19.607,-145.668,532.969,87.151,0,0,-1,99.749429
110,15.8130,turn-while-moving,-120.462,540.099,98.683,142.237,72.265,15.000,-113.073,534.025,19.146,-122.430,567.876,13.920,1.0000,1.1853,-96.730,550.022,91.099,-143.547,541.211,89.407,0.6448,0.0000,0.0000,0,0.000,0.000,0.0000,0.0000,0,0,-143.547,541.211,89.407,0.000,0,-1.000000,1.000,28.924,-1.000000,0.0000,0.0000,0,0,0.000,1.000,19.607,-143.547,541.211,89.407,0,0,-1,99.746957
111,15.9575,turn-while-moving,-114.213,559.640,99.329,142.237,72.265,15.000,-99.698,582.024,21.204,-121.300,567.458,14.031,1.0000,1.1853,-90.404,570.934,92.240,-137.861,559.243,90.342,0.8158,0.0000,0.0000,0,0.000,0.000,0.0000,0.0000,0,0,-137.861,559.243,90.342,0.000,0,-1.000000,1.000,28.924,-1.000000,0.0000,0.0000,0,0,0.000,1.000,19.607,-137.861,559.243,90.342,0,0,-1,99.744650
112,16.1139,turn-while-moving,-107.430,580.850,100.001,142.237,72.265,15.000,-88.332,620.894,15.069,-119.849,567.222,15.086,1.0000,1.1853,-84.945,581.006,88.818,-127.072,591.830,88.830,0.0014,0.0000,0.0000,0,0.000,0.000,0.0000,0.0000,0,0,-127.072,591.830,88.830,0.000,0,-1.000000,1.000,28.924,-1.000000,0.0000,0.0000,0,0,0.000,1.000,19.607,-127.072,591.830,88.830,0,0,-1,99.742145
113,16.2555,turn-while-moving,-101.302,600.011,100.591,142.237,72.265,15.000,-87.062,620.705,15.601,-109.792,601.731,22.065,1.0000,1.1853,-80.729,588.894,91.619,-117.081,620.964,93.352,0.1690,0.0000,0.0000,0,0.000,0.000,0.0000,0.0000,0,0,-117.081,620.964,93.352,0.000,0,-1.000000,1.000,28.924,-1.000000,0.0000,0.0000,0,0,0.000,1.000,19.607,-117.081,620.964,93.352,0,0,-1,99.739882
114,16.3991,stop-from-turn,-95.072,619.491,101.180,142.237,72.265,15.000,-85.883,620.251,16.339,-96.290,649.802,22.413,1.0000,1.1853,-74.359,608.796,92.204,-110.934,640.163,93.920,0.3394,0.0000,0.0000,0,0.000,0.000,0.0000,0.0000,0,0,-110.934,640.163,93.920,0.000,0,-1.000000,1.000,28.924,-1.000000,0.0000,0.0000,0,0,0.000,1.000,19.607,-110.934,640.163,93.920,0,0,-1,99.737581
115,16.5399,stop-from-turn,-94.840,620.215,101.202,0.000,72.265,15.000,-84.069,627.346,15.991,-98.457,641.379,17.142,0.2972,0.0000,-72.516,616.917,94.605,-113.267,633.872,95.112,0.3394,0.0000,0.0000,0,0.000,0.000,0.0000,0.0000,0,0,-113.267,633.872,95.112,0.000,0,-1.000000,1.000,28.924,-1.000000,0.0000,0.0000,0,0,0.000,1.000,19.607,-113.267,633.872,95.112,0,0,-1,99.735332
116,16.6784,stop-from-turn,-94.840,620.215,101.202,0.000,72.265,15.000,-83.368,630.187,16.290,-99.581,636.776,16.290,0.0000,0.0000,-72.029,620.011,95.981,-114.215,630.713,95.981,0.3394,0.0000,0.0000,0,0.000,0.000,0.0000,0.0000,0,0,-114.215,630.713,95.981,0.000,0,-1.000000,1.000,28.924,-1.000000,0.0000,0.0000,0,0,0.000,1.000,19.607,-114.215,630.713,95.981,0,0,-1,99.733111
117,16.8206,stop-from-turn,-94.840,620.215,101.202,0.000,72.265,15.000,-83.368,630.187,16.290,-99.581,636.776,16.290,0.0000,0.0000,-72.029,620.011,95.981,-114.215,630.713,95.981,0.3394,0.0000,0.0000,0,0.000,0.000,0.0000,0.0000,0,0,-114.215,630.713,95.981,0.000,0,-1.000000,1.000,28.924,-1.000000,0.0000,0.0000,0,0,0.000,1.000,19.607,-114.215,630.713,95.981,0,0,-1,99.730838
118,16.9583,stop-from-turn,-94.840,620.215,101.202,0.000,72.265,15.000,-83.368,630.187,16.290,-99.581,636.776,16.290,0.0000,0.0000,-72.032,619.993,95.979,-114.220,630.696,95.979,0.3394,0.0000,0.0000,0,0.000,0.000,0.0000,0.0000,0,0,-114.220,630.696,95.979,0.000,0,-1.000000,1.000,28.924,-1.000000,0.0000,0.0000,0,0,0.000,1.000,19.607,-114.220,630.696,95.979,0,0,-1,99.728632
119,17.0966,stop-from-turn,-94.840,620.215,101.202,0.000,72.265,15.000,-83.368,630.187,16.290,-99.581,636.776,16.290,0.0000,0.0000,-72.032,619.993,95.979,-114.220,630.696,95.979,0.3394,0.0000,0.0000,0,0.000,0.000,0.0000,0.0000,0,0,-114.220,630.696,95.979,0.000,0,-1.000000,1.000,28.924,-1.000000,0.0000,0.0000,0,0,0.000,1.000,19.607,-114.220,630.696,95.979,0,0,-1,99.726422
120,17.2333,stop-from-turn,-94.840,620.215,101.202,0.000,72.265,15.000,-83.368,630.187,16.290,-99.581,636.776,16.290,0.0000,0.0000,-71.998,620.155,96.001,-114.173,630.854,96.001,0.3394,0.0000,0.0000,0,0.000,0.000,0.0000,0.0000,0,0,-114.173,630.854,96.001,0.000,0,-1.000000,1.000,28.924,-1.000000,0.0000,0.0000,0,0,0.000,1.000,19.607,-114.173,630.854,96.001,0,0,-1,99.724230
121,17.3759,stop-from-turn,-94.840,620.215,101.202,0.000,72.265,15.000,-83.368,630.187,16.290,-99.581,636.776,16.290,0.0000,0.0000,-71.980,620.244,96.013,-114.146,630.942,96.013,0.3394,0.0000,0.0000,0,0.000,0.000,0.0000,0.0000,0,0,-114.146,630.942,96.013,0.000,0,-1.000000,1.000,28.924,-1.000000,0.0000,0.0000,0,0,0.000,1.000,19.607,-114.146,630.942,96.013,0,0,-1,99.721953
122,17.5157,stop-from-turn,-94.840,620.215,101.202,0.000,72.265,15.000,-83.368,630.187,16.290,-99.581,636.776,16.290,0.0000,0.0000,-71.960,620.339,96.027,-114.119,631.035,96.027,0.3394,0.0000,0.0000,0,0.000,0.000,0.0000,0.0000,0,0,-114.119,631.035,96.027,0.000,0,-1.000000,1.000,28.924,-1.000000,0.0000,0.0000,0,0,0.000,1.000,19.607,-114.119,631.035,96.027,0,0,-1,99.719714
123,17.6658,stop-from-turn,-94.840,620.215,101.202,0.000,72.265,15.000,-83.368,630.187,16.290,-99.581,636.776,16.290,0.0000,0.0000,-71.938,620.441,96.042,-114.089,631.135,96.042,0.3394,0.0000,0.0000,0,0.000,0.000,0.0000,0.0000,0,0,-114.089,631.135,96.042,0.000,0,-1.000000,1.000,28.924,-1.000000,0.0000,0.0000,0,0,0.000,1.000,19.607,-114.089,631.135,96.042,0,0,-1,99.717315
124,17.8103,stop-from-turn,-94.840,620.215,101.202,0.000,72.265,15.000,-83.368,630.187,16.290,-99.581,636.776,16.290,0.0000,0.0000,-71.921,620.527,96.054,-114.064,631.219,96.054,0.3394,0.0000,0.0000,0,0.000,0.000,0.0000,0.0000,0,0,-114.064,631.219,96.054,0.000,0,-1.000000,1.000,28.924,-1.000000,0.0000,0.0000,0,0,0.000,1.000,19.607,-114.064,631.219,96.054,0,0,-1,99.714999
125,17.9525,stop-from-turn,-94.840,620.215,101.202,0.000,72.265,15.000,-83.368,630.187,16.290,-99.581,636.776,16.290,0.0000,0.0000,-71.908,620.588,96.063,-114.046,631.278,96.063,0.3394,0.0000,0.0000,0,0.000,0.000,0.0000,0.0000,0,0,-114.046,631.278,96.063,0.000,0,-1.000000,1.000,28.924,-1.000000,0.0000,0.0000,0,0,0.000,1.000,19.607,-114.046,631.278,96.063,0,0,-1,99.712728
126,18.0966,stop-from-turn,-94.840,620.215,101.202,0.000,72.265,15.000,-83.368,630.187,16.290,-99.581,636.776,16.290,0.0000,0.0000,-71.908,620.588,96.063,-114.046,631.278,96.063,0.3394,0.0000,0.0000,0,0.000,0.000,0.0000,0.0000,0,0,-114.046,631.278,96.063,0.000,0,-1.000000,1.000,28.924,-1.000000,0.0000,0.0000,0,0,0.000,1.000,19.607,-114.046,631.278,96.063,0,0,-1,99.710418
127,18.2357,stop-from-turn,-94.840,620.215,101.202,0.000,72.265,15.000,-83.368,630.187,16.290,-99.581,636.776,16.290,0.0000,0.0000,-71.893,620.657,96.074,-114.025,631.346,96.074,0.3394,0.0000,0.0000,0,0.000,0.000,0.0000,0.0000,0,0,-114.025,631.346,96.074,0.000,0,-1.000000,1.000,28.924,-1.000000,0.0000,0.0000,0,0,0.000,1.000,19.607,-114.025,631.346,96.074,0,0,-1,99.708197
128,18.3750,stop-from-turn,-94.840,620.215,101.202,0.000,72.265,15.000,-83.368,630.187,16.290,-99.581,636.776,16.290,0.0000,0.0000,-71.893,620.657,96.074,-114.025,631.346,96.074,0.3394,0.0000,0.0000,0,0.000,0.000,0.0000,0.0000,0,0,-114.025,631.346,96.074,0.000,0,-1.000000,1.000,28.924,-1.000000,0.0000,0.0000,0,0,0.000,1.000,19.607,-114.025,631.346,96.074,0,0,-1,99.705964
129,18.5174,orbit-standing-character,-94.840,620.215,101.202,0.000,72.265,15.000,-83.368,630.187,16.290,-99.581,636.776,16.290,0.0000,0.0000,-71.906,620.596,96.066,-114.043,631.286,96.067,0.3394,0.0000,0.0000,0,0.000,0.000,0.0000,0.0000,0,0,-114.043,631.286,96.067,0.000,0,-1.000000,1.000,28.924,-1.000000,0.0000,0.0000,0,0,0.000,1.000,19.607,-114.043,631.286,96.067,0,0,-1,99.703690
130,18.6572,orbit-standing-character,-94.840,620.215,101.202,0.000,72.265,22.485,-83.368,630.187,16.290,-99.581,636.776,16.290,0.0000,0.0000,-71.922,620.523,96.060,-114.064,631.215,96.060,0.3394,0.0000,0.0000,0,0.000,0.000,0.0000,0.0000,0,0,-114.064,631.215,96.060,0.000,0,-1.000000,1.000,28.924,-1.000000,0.0000,0.0000,0,0,0.000,1.000,19.607,-114.064,631.215,96.060,0,0,-1,99.701449
131,18.8060,orbit-standing-character,-94.840,620.215,101.202,0.000,72.265,30.420,-83.368,630.187,16.290,-99.581,636.776,16.290,0.0000,0.0000,-71.937,620.447,96.042,-114.087,631.140,96.042,0.3394,0.0000,0.0000,0,0.000,0.000,0.0000,0.0000,0,0,-114.087,631.140,96.042,0.000,0,-1.000000,1.000,28.924,-1.000000,0.0000,0.0000,0,0,0.000,1.000,19.607,-114.087,631.140,96.042,0,0,-1,99.699073
132,18.9412,orbit-standing-character,-94.840,620.215,101.202,0.000,72.265,37.659,-83.368,630.187,16.290,-99.581,636.776,16.290,0.0000,0.0000,-71.957,620.352,96.029,-114.115,631.048,96.029,0.3394,0.0000,0.0000,0,0.000,0.000,0.0000,0.0000,0,0,-114.115,631.048,96.029,0.000,0,-1.000000,1.000,28.924,-1.000000,0.0000,0.0000,0,0,0.000,1.000,19.607,-114.115,631.048,96.029,0,0,-1,99.696905
133,19.0757,orbit-standing-character,-94.840,620.215,101.202,0.000,72.265,44.828,-83.368,630.187,16.290,-99.581,636.776,16.290,0.0000,0.0000,-71.975,620.266,96.016,-114.140,630.963,96.016,0.3394,0.0000,0.0000,0,0.000,0.000,0.0000,0.0000,0,0,-114.140,630.963,96.016,0.000,0,-1.000000,1.000,28.924,-1.000000,0.0000,0.0000,0,0,0.000,1.000,19.607,-114.140,630.963,96.016,0,0,-1,99.694759
134,19.2122,orbit-standing-character,-94.840,620.215,101.202,0.000,72.265,52.141,-83.368,630.187,16.290,-99.581,636.776,16.290,0.0000,0.0000,-71.995,620.171,96.003,-114.168,630.870,96.003,0.3394,0.0000,0.0000,0,0.000,0.000,0.0000,0.0000,0,0,-114.168,630.870,96.003,0.000,0,-1.000000,1.000,28.924,-1.000000,0.0000,0.0000,0,0,0.000,1.000,19.607,-114.168,630.870,96.003,0,0,-1,99.692569
135,19.3496,orbit-standing-character,-94.840,620.215,101.202,0.000,72.265,59.475,-83.368,630.187,16.290,-99.581,636.776,16.290,0.0000,0.0000,-72.005,620.125,95.994,-114.181,630.824,95.994,0.3394,0.0000,0.0000,0,0.000,0.000,0.0000,0.0000,0,0,-114.181,630.824,95.994,0.000,0,-1.000000,1.000,28.924,-1.000000,0.0000,0.0000,0,0,0.000,1.000,19.607,-114.181,630.824,95.994,0,0,-1,99.690373
136,19.4904,orbit-standing-character,-94.840,620.215,101.202,0.000,72.265,67.008,-83.368,630.187,16.290,-99.581,636.776,16.290,0.0000,0.0000,-72.010,620.104,95.985,-114.186,630.803,95.985,0.3394,0.0000,0.0000,0,0.000,0.000,0.0000,0.0000,0,0,-114.186,630.803,95.985,0.000,0,-1.000000,1.000,28.924,-1.000000,0.0000,0.0000,0,0,0.000,1.000,19.607,-114.186,630.803,95.985,0,0,-1,99.688118
137,19.6312,orbit-standing-character,-94.840,620.215,101.202,0.000,72.265,74.519,-83.368,630.187,16.290,-99.581,636.776,16.290,0.0000,0.0000,-72.029,620.011,95.981,-114.215,630.713,95.981,0.3394,0.0000,0.0000,0,0.000,0.000,0.0000,0.0000,0,0,-114.215,630.713,95.981,0.000,0,-1.000000,1.000,28.924,-1.000000,0.0000,0.0000,0,0,0.000,1.000,19.607,-114.215,630.713,95.981,0,0,-1,99.685869
138,19.7764,orbit-standing-character,-94.840,620.215,101.202,0.000,72.265,82.291,-83.368,630.187,16.290,-99.581,636.776,16.290,0.0000,0.0000,-72.029,620.011,95.981,-114.215,630.713,95.981,0.3394,0.0000,0.0000,0,0.000,0.000,0.0000,0.0000,0,0,-114.215,630.713,95.981,0.000,0,-1.000000,1.000,28.924,-1.000000,0.0000,0.0000,0,0,0.000,1.000,19.607,-114.215,630.713,95.981,0,0,-1,99.683542
139,19.9224,orbit-standing-character,-94.840,620.215,101.202,0.000,72.265,90.080,-83.368,630.187,16.290,-99.581,636.776,16.290,0.0000,0.0000,-72.032,619.993,95.979,-114.220,630.696,95.979,0.3394,0.0000,0.0000,0,0.000,0.000,0.0000,0.0000,0,0,-114.220,630.696,95.979,0.000,0,-1.000000,1.000,28.924,-1.000000,0.0000,0.0000,0,0,0.000,1.000,19.607,-114.220,630.696,95.979,0,0,-1,99.681210
140,20.0700,orbit-standing-character,-94.840,620.215,101.202,0.000,72.265,97.984,-83.368,630.187,16.290,-99.581,636.776,16.290,0.0000,0.0000,-72.032,619.993,95.979,-114.220,630.696,95.979,0.3394,0.0000,0.0000,0,0.000,0.000,0.0000,0.0000,0,0,-114.220,630.696,95.979,0.000,0,-1.000000,1.000,28.924,-1.000000,0.0000,0.0000,0,0,0.000,1.000,19.607,-114.220,630.696,95.979,0,0,-1,99.678843
141,20.2146,orbit-standing-character,-94.840,620.215,101.202,0.000,72.265,105.689,-83.368,630.187,16.290,-99.581,636.776,16.290,0.0000,0.0000,-72.001,620.142,95.999,-114.176,630.842,95.999,0.3394,0.0000,0.0000,0,0.000,0.000,0.0000,0.0000,0,0,-114.176,630.842,95.999,0.000,0,-1.000000,1.000,28.924,-1.000000,0.0000,0.0000,0,0,0.000,1.000,19.607,-114.176,630.842,95.999,0,0,-1,99.676536
142,20.3638,orbit-standing-character,-94.840,620.215,101.202,0.000,72.265,113.677,-83.368,630.187,16.290,-99.581,636.776,16.290,0.0000,0.0000,-71.981,620.237,96.012,-114.148,630.935,96.012,0.3394,0.0000,0.0000,0,0.000,0.000,0.0000,0.0000,0,0,-114.148,630.935,96.012,0.000,0,-1.000000,1.000,28.924,-1.000000,0.0000,0.0000,0,0,0.000,1.000,19.607,-114.148,630.935,96.012,0,0,-1,99.674145
143,20.5158,orbit-standing-character,-94.840,620.215,101.202,0.000,72.265,121.786,-83.368,630.187,16.290,-99.581,636.776,16.290,0.0000,0.0000,-71.960,620.339,96.027,-114.119,631.035,96.027,0.3394,0.0000,0.0000,0,0.000,0.000,0.0000,0.0000,0,0,-114.119,631.035,96.027,0.000,0,-1.000000,1.000,28.924,-1.000000,0.0000,0.0000,0,0,0.000,1.000,19.607,-114.119,631.035,96.027,0,0,-1,99.671717
144,20.6692,orbit-standing-character,-94.840,620.215,101.202,0.000,72.265,129.999,-83.368,630.187,16.290,-99.581,636.776,16.290,0.0000,0.0000,-71.938,620.443,96.042,-114.088,631.137,96.042,0.3394,0.0000,0.0000,0,0.000,0.000,0.0000,0.0000,0,0,-114.088,631.137,96.042,0.000,0,-1.000000,1.000,28.924,-1.000000,0.0000,0.0000,0,0,0.000,1.000,19.607,-114.088,631.137,96.042,0,0,-1,99.669257
145,20.8177,orbit-standing-character,-94.840,620.215,101.202,0.000,72.265,137.919,-83.368,630.187,16.290,-99.581,636.776,16.290,0.0000,0.0000,-71.920,620.531,96.055,-114.062,631.223,96.055,0.3394,0.0000,0.0000,0,0.000,0.000,0.0000,0.0000,0,0,-114.062,631.223,96.055,0.000,0,-1.000000,1.000,28.924,-1.000000,0.0000,0.0000,0,0,0.000,1.000,19.607,-114.062,631.223,96.055,0,0,-1,99.666886
146,20.9633,orbit-standing-character,-94.840,620.215,101.202,0.000,72.265,145.714,-83.368,630.187,16.290,-99.581,636.776,16.290,0.0000,0.0000,-71.908,620.588,96.063,-114.046,631.278,96.063,0.3394,0.0000,0.0000,0,0.000,0.000,0.0000,0.0000,0,0,-114.046,631.278,96.063,0.000,0,-1.000000,1.000,28.924,-1.000000,0.0000,0.0000,0,0,0.000,1.000,19.607,-114.046,631.278,96.063,0,0,-1,99.664552
147,21.1037,orbit-standing-character,-94.840,620.215,101.202,0.000,72.265,153.198,-83.368,630.187,16.290,-99.581,636.776,16.290,0.0000,0.0000,-71.908,620.588,96.063,-114.046,631.278,96.063,0.3394,0.0000,0.0000,0,0.000,0.000,0.0000,0.0000,0,0,-114.046,631.278,96.063,0.000,0,-1.000000,1.000,28.924,-1.000000,0.0000,0.0000,0,0,0.000,1.000,19.607,-114.046,631.278,96.063,0,0,-1,99.662311
148,21.2442,orbit-standing-character,-94.840,620.215,101.202,0.000,72.265,160.730,-83.368,630.187,16.290,-99.581,636.776,16.290,0.0000,0.0000,-71.893,620.657,96.074,-114.025,631.346,96.074,0.3394,0.0000,0.0000,0,0.000,0.000,0.0000,0.0000,0,0,-114.025,631.346,96.074,0.000,0,-1.000000,1.000,28.924,-1.000000,0.0000,0.0000,0,0,0.000,1.000,19.607,-114.025,631.346,96.074,0,0,-1,99.660056
149,21.3820,orbit-standing-character,-94.840,620.215,101.202,0.000,72.265,168.070,-83.368,630.187,16.290,-99.581,636.776,16.290,0.0000,0.0000,-71.893,620.657,96.074,-114.025,631.346,96.074,0.3394,0.0000,0.0000,0,0.000,0.000,0.0000,0.0000,0,0,-114.025,631.346,96.074,0.000,0,-1.000000,1.000,28.924,-1.000000,0.0000,0.0000,0,0,0.000,1.000,19.607,-114.025,631.346,96.074,0,0,-1,99.657858
150,21.5225,orbit-standing-character,-94.840,620.215,101.202,0.000,72.265,175.599,-83.368,630.187,16.290,-99.581,636.776,16.290,0.0000,0.0000,-71.907,620.593,96.066,-114.044,631.284,96.066,0.3394,0.0000,0.0000,0,0.000,0.000,0.0000,0.0000,0,0,-114.044,631.284,96.066,0.000,0,-1.000000,1.000,28.924,-1.000000,0.0000,0.0000,0,0,0.000,1.000,19.607,-114.044,631.284,96.066,0,0,-1,99.655604
151,21.6620,orbit-standing-character,-94.840,620.215,101.202,0.000,72.265,183.038,-83.368,630.187,16.290,-99.581,636.776,16.290,0.0000,0.0000,-71.922,620.521,96.060,-114.065,631.212,96.060,0.3394,0.0000,0.0000,0,0.000,0.000,0.0000,0.0000,0,0,-114.065,631.212,96.060,0.000,0,-1.000000,1.000,28.924,-1.000000,0.0000,0.0000,0,0,0.000,1.000,19.607,-114.065,631.212,96.060,0,0,-1,99.653377
152,21.8077,orbit-standing-character,-94.840,620.215,101.202,0.000,72.265,190.830,-83.368,630.187,16.290,-99.581,636.776,16.290,0.0000,0.0000,-71.938,620.446,96.042,-114.087,631.139,96.042,0.3394,0.0000,0.0000,0,0.000,0.000,0.0000,0.0000,0,0,-114.087,631.139,96.042,0.000,0,-1.000000,1.000,28.924,-1.000000,0.0000,0.0000,0,0,0.000,1.000,19.607,-114.087,631.139,96.042,0,0,-1,99.651044
153,21.9983,orbit-standing-character,-94.840,620.215,101.202,0.000,72.265,201.012,-83.368,630.187,16.290,-99.581,636.776,16.290,0.0000,0.0000,-71.964,620.319,96.024,-114.125,631.015,96.024,0.3394,0.0000,0.0000,0,0.000,0.000,0.0000,0.0000,0,0,-114.125,631.015,96.024,0.000,0,-1.000000,1.000,28.924,-1.000000,0.0000,0.0000,0,0,0.000,1.000,19.607,-114.125,631.015,96.024,0,0,-1,99.647995
154,22.1360,orbit-standing-character,-94.840,620.215,101.202,0.000,72.265,208.384,-83.368,630.187,16.290,-99.581,636.776,16.290,0.0000,0.0000,-71.984,620.224,96.010,-114.152,630.922,96.010,0.3394,0.0000,0.0000,0,0.000,0.000,0.0000,0.0000,0,0,-114.152,630.922,96.010,0.000,0,-1.000000,1.000,28.924,-1.000000,0.0000,0.0000,0,0,0.000,1.000,19.607,-114.152,630.922,96.010,0,0,-1,99.645788
155,22.2821,orbit-standing-character,-94.840,620.215,101.202,0.000,72.265,216.176,-83.368,630.187,16.290,-99.581,636.776,16.290,0.0000,0.0000,-72.003,620.135,95.998,-114.178,630.834,95.998,0.3394,0.0000,0.0000,0,0.000,0.000,0.0000,0.0000,0,0,-114.178,630.834,95.998,0.000,0,-1.000000,1.000,28.924,-1.000000,0.0000,0.0000,0,0,0.000,1.000,19.607,-114.178,630.834,95.998,0,0,-1,99.643455
156,22.4263,orbit-standing-character,-94.840,620.215,101.202,0.000,72.265,223.900,-83.368,630.187,16.290,-99.581,636.776,16.290,0.0000,0.0000,-72.008,620.113,95.989,-114.184,630.813,95.989,0.3394,0.0000,0.0000,0,0.000,0.000,0.0000,0.0000,0,0,-114.184,630.813,95.989,0.000,0,-1.000000,1.000,28.924,-1.000000,0.0000,0.0000,0,0,0.000,1.000,19.607,-114.184,630.813,95.989,0,0,-1,99.641142
157,22.5679,open-pack,-94.840,620.215,101.202,0.000,72.265,231.445,-83.368,630.187,16.290,-99.581,636.776,16.290,0.0000,0.0000,-72.029,620.011,95.981,-114.215,630.713,95.981,0.3394,0.0000,0.0000,0,0.000,0.000,0.0000,0.0000,0,0,-114.215,630.713,95.981,0.000,0,-1.000000,1.000,28.924,-1.000000,0.0000,0.0000,0,0,0.000,1.000,19.607,-114.215,630.713,95.981,0,0,-1,99.638883
158,22.7105,open-pack,-94.840,620.215,101.202,0.000,72.265,231.445,-83.368,630.187,16.290,-99.581,636.776,16.290,0.0000,0.0000,-72.029,620.011,95.981,-114.215,630.713,95.981,0.3394,0.0000,0.0000,0,0.000,0.000,0.0000,0.0000,0,0,-114.215,630.713,95.981,0.000,0,-1.000000,1.000,28.924,-1.000000,0.0000,0.0000,0,0,0.000,1.000,19.607,-114.215,630.713,95.981,0,0,-1,99.638883
159,22.8683,open-pack,-94.840,620.215,101.202,0.000,72.265,231.445,-83.368,630.187,16.290,-99.581,636.776,16.290,0.0000,0.0000,-72.032,619.993,95.979,-114.220,630.696,95.979,0.3394,0.0000,0.0000,0,0.000,0.000,0.0000,0.0000,0,0,-114.220,630.696,95.979,0.000,0,-1.000000,1.000,28.924,-1.000000,0.0000,0.0000,0,0,0.000,1.000,19.607,-114.220,630.696,95.979,0,0,-1,99.638883
160,23.0137,open-pack,-94.840,620.215,101.202,0.000,72.265,231.445,-83.368,630.187,16.290,-99.581,636.776,16.290,0.0000,0.0000,-72.032,619.993,95.979,-114.220,630.696,95.979,0.3394,0.0000,0.0000,0,0.000,0.000,0.0000,0.0000,0,0,-114.220,630.696,95.979,0.000,0,-1.000000,1.000,28.924,-1.000000,0.0000,0.0000,0,0,0.000,1.000,19.607,-114.220,630.696,95.979,0,0,-1,99.638883
161,23.1571,open-look,-94.840,620.215,101.202,0.000,72.265,231.445,-83.368,630.187,16.290,-99.581,636.776,16.290,0.0000,0.0000,-72.009,620.106,95.994,-114.187,630.807,95.994,0.3394,0.0000,0.0000,0,0.000,0.000,0.0000,0.0000,0,0,-114.187,630.807,95.994,0.000,0,-1.000000,1.000,28.924,-1.000000,0.0000,0.0000,0,0,0.000,1.000,19.607,-114.187,630.807,95.994,0,0,-1,99.638883
162,23.3017,open-look,-94.840,620.215,101.202,0.000,72.265,231.445,-83.368,630.187,16.290,-99.581,636.776,16.290,0.0000,0.0000,-71.989,620.198,96.007,-114.160,630.897,96.007,0.3394,0.0000,0.0000,0,0.000,0.000,0.0000,0.0000,0,0,-114.160,630.897,96.007,0.000,0,-1.000000,1.000,28.924,-1.000000,0.0000,0.0000,0,0,0.000,1.000,19.607,-114.160,630.897,96.007,0,0,-1,99.638883
163,23.4447,open-look,-94.840,620.215,101.202,0.000,72.265,231.445,-83.368,630.187,16.290,-99.581,636.776,16.290,0.0000,0.0000,-71.970,620.288,96.020,-114.134,630.985,96.020,0.3394,0.0000,0.0000,0,0.000,0.000,0.0000,0.0000,0,0,-114.134,630.985,96.020,0.000,0,-1.000000,1.000,28.924,-1.000000,0.0000,0.0000,0,0,0.000,1.000,19.607,-114.134,630.985,96.020,0,0,-1,99.638883
164,23.5888,open-look,-94.840,620.215,101.202,0.000,72.265,231.445,-83.368,630.187,16.290,-99.581,636.776,16.290,0.0000,0.0000,-71.949,620.392,96.034,-114.103,631.086,96.034,0.3394,0.0000,0.0000,0,0.000,0.000,0.0000,0.0000,0,0,-114.103,631.086,96.034,0.000,0,-1.000000,1.000,28.924,-1.000000,0.0000,0.0000,0,0,0.000,1.000,19.607,-114.103,631.086,96.034,0,0,-1,99.638883
165,23.7364,open-look,-94.840,620.215,101.202,0.000,72.265,231.445,-83.368,630.187,16.290,-99.581,636.776,16.290,0.0000,0.0000,-71.930,620.483,96.048,-114.076,631.176,96.048,0.3394,0.0000,0.0000,0,0.000,0.000,0.0000,0.0000,0,0,-114.076,631.176,96.048,0.000,0,-1.000000,1.000,28.924,-1.000000,0.0000,0.0000,0,0,0.000,1.000,19.607,-114.076,631.176,96.048,0,0,-1,99.638883
166,23.8869,open-look,-94.840,620.215,101.202,0.000,72.265,231.445,-83.368,630.187,16.290,-99.581,636.776,16.290,0.0000,0.0000,-71.911,620.572,96.061,-114.050,631.263,96.061,0.3394,0.0000,0.0000,0,0.000,0.000,0.0000,0.0000,0,0,-114.050,631.263,96.061,0.000,0,-1.000000,1.000,28.924,-1.000000,0.0000,0.0000,0,0,0.000,1.000,19.607,-114.050,631.263,96.061,0,0,-1,99.638883
167,24.0329,open-look,-94.840,620.215,101.202,0.000,72.265,231.445,-83.368,630.187,16.290,-99.581,636.776,16.290,0.0000,0.0000,-71.908,620.588,96.063,-114.046,631.278,96.063,0.3394,0.0000,0.0000,0,0.000,0.000,0.0000,0.0000,0,0,-114.046,631.278,96.063,0.000,0,-1.000000,1.000,28.924,-1.000000,0.0000,0.0000,0,0,0.000,1.000,19.607,-114.046,631.278,96.063,0,0,-1,99.638883
168,24.1779,open-look,-94.840,620.215,101.202,0.000,72.265,231.445,-83.368,630.187,16.290,-99.581,636.776,16.290,0.0000,0.0000,-71.904,620.608,96.066,-114.040,631.297,96.066,0.3394,0.0000,0.0000,0,0.000,0.000,0.0000,0.0000,0,0,-114.040,631.297,96.066,0.000,0,-1.000000,1.000,28.924,-1.000000,0.0000,0.0000,0,0,0.000,1.000,19.607,-114.040,631.297,96.066,0,0,-1,99.638883
169,24.3231,open-look,-94.840,620.215,101.202,0.000,72.265,231.445,-83.368,630.187,16.290,-99.581,636.776,16.290,0.0000,0.0000,-71.893,620.657,96.074,-114.025,631.346,96.074,0.3394,0.0000,0.0000,0,0.000,0.000,0.0000,0.0000,0,0,-114.025,631.346,96.074,0.000,0,-1.000000,1.000,28.924,-1.000000,0.0000,0.0000,0,0,0.000,1.000,19.607,-114.025,631.346,96.074,0,0,-1,99.638883
170,24.4707,open-look,-94.840,620.215,101.202,0.000,72.265,231.445,-83.368,630.187,16.290,-99.581,636.776,16.290,0.0000,0.0000,-71.901,620.620,96.069,-114.036,631.310,96.069,0.3394,0.0000,0.0000,0,0.000,0.000,0.0000,0.0000,0,0,-114.036,631.310,96.069,0.000,0,-1.000000,1.000,28.924,-1.000000,0.0000,0.0000,0,0,0.000,1.000,19.607,-114.036,631.310,96.069,0,0,-1,99.638883
171,24.6106,open-look,-94.840,620.215,101.202,0.000,72.265,231.445,-83.368,630.187,16.290,-99.581,636.776,16.290,0.0000,0.0000,-71.917,620.547,96.062,-114.057,631.239,96.062,0.3394,0.0000,0.0000,0,0.000,0.000,0.0000,0.0000,0,0,-114.057,631.239,96.062,0.000,0,-1.000000,1.000,28.924,-1.000000,0.0000,0.0000,0,0,0.000,1.000,19.607,-114.057,631.239,96.062,0,0,-1,99.638883
172,24.7615,open-look,-94.840,620.215,101.202,0.000,72.265,231.445,-83.368,630.187,16.290,-99.581,636.776,16.290,0.0000,0.0000,-71.931,620.478,96.047,-114.078,631.171,96.047,0.3394,0.0000,0.0000,0,0.000,0.000,0.0000,0.0000,0,0,-114.078,631.171,96.047,0.000,0,-1.000000,1.000,28.924,-1.000000,0.0000,0.0000,0,0,0.000,1.000,19.607,-114.078,631.171,96.047,0,0,-1,99.638883
173,24.9059,open-look,-94.840,620.215,101.202,0.000,72.265,231.445,-83.368,630.187,16.290,-99.581,636.776,16.290,0.0000,0.0000,-71.952,620.377,96.032,-114.107,631.072,96.032,0.3394,0.0000,0.0000,0,0.000,0.000,0.0000,0.0000,0,0,-114.107,631.072,96.032,0.000,0,-1.000000,1.000,28.924,-1.000000,0.0000,0.0000,0,0,0.000,1.000,19.607,-114.107,631.072,96.032,0,0,-1,99.638883
174,25.0527,open-look,-94.840,620.215,101.202,0.000,72.265,231.445,-83.368,630.187,16.290,-99.581,636.776,16.290,0.0000,0.0000,-71.972,620.281,96.018,-114.136,630.978,96.018,0.3394,0.0000,0.0000,0,0.000,0.000,0.0000,0.0000,0,0,-114.136,630.978,96.018,0.000,0,-1.000000,1.000,28.924,-1.000000,0.0000,0.0000,0,0,0.000,1.000,19.607,-114.136,630.978,96.018,0,0,-1,99.638883
175,25.1990,open-look,-94.840,620.215,101.202,0.000,72.265,231.445,-83.368,630.187,16.290,-99.581,636.776,16.290,0.0000,0.0000,-71.993,620.180,96.004,-114.165,630.879,96.004,0.3394,0.0000,0.0000,0,0.000,0.000,0.0000,0.0000,0,0,-114.165,630.879,96.004,0.000,0,-1.000000,1.000,28.924,-1.000000,0.0000,0.0000,0,0,0.000,1.000,19.607,-114.165,630.879,96.004,0,0,-1,99.638883
176,25.3412,open-look,-94.840,620.215,101.202,0.000,72.265,231.445,-83.368,630.187,16.290,-99.581,636.776,16.290,0.0000,0.0000,-72.005,620.126,95.994,-114.181,630.825,95.994,0.3394,0.0000,0.0000,0,0.000,0.000,0.0000,0.0000,0,0,-114.181,630.825,95.994,0.000,0,-1.000000,1.000,28.924,-1.000000,0.0000,0.0000,0,0,0.000,1.000,19.607,-114.181,630.825,95.994,0,0,-1,99.638883
177,25.4846,open-look,-94.840,620.215,101.202,0.000,72.265,231.445,-83.368,630.187,16.290,-99.581,636.776,16.290,0.0000,0.0000,-72.010,620.105,95.985,-114.186,630.804,95.985,0.3394,0.0000,0.0000,0,0.000,0.000,0.0000,0.0000,0,0,-114.186,630.804,95.985,0.000,0,-1.000000,1.000,28.924,-1.000000,0.0000,0.0000,0,0,0.000,1.000,19.607,-114.186,630.804,95.985,0,0,-1,99.638883
178,25.6326,open-look,-94.840,620.215,101.202,0.000,72.265,231.445,-83.368,630.187,16.290,-99.581,636.776,16.290,0.0000,0.0000,-72.029,620.011,95.981,-114.215,630.713,95.981,0.3394,0.0000,0.0000,0,0.000,0.000,0.0000,0.0000,0,0,-114.215,630.713,95.981,0.000,0,-1.000000,1.000,28.924,-1.000000,0.0000,0.0000,0,0,0.000,1.000,19.607,-114.215,630.713,95.981,0,0,-1,99.638883
179,25.7922,open-look,-94.840,620.215,101.202,0.000,72.265,231.445,-83.368,630.187,16.290,-99.581,636.776,16.290,0.0000,0.0000,-72.029,620.011,95.981,-114.215,630.713,95.981,0.3394,0.0000,0.0000,0,0.000,0.000,0.0000,0.0000,0,0,-114.215,630.713,95.981,0.000,0,-1.000000,1.000,28.924,-1.000000,0.0000,0.0000,0,0,0.000,1.000,19.607,-114.215,630.713,95.981,0,0,-1,99.638883
180,25.9475,open-look,-94.840,620.215,101.202,0.000,72.265,231.445,-83.368,630.187,16.290,-99.581,636.776,16.290,0.0000,0.0000,-72.032,619.993,95.979,-114.220,630.696,95.979,0.3394,0.0000,0.0000,0,0.000,0.000,0.0000,0.0000,0,0,-114.220,630.696,95.979,0.000,0,-1.000000,1.000,28.924,-1.000000,0.0000,0.0000,0,0,0.000,1.000,19.607,-114.220,630.696,95.979,0,0,-1,99.638883
181,26.0976,open-look,-94.840,620.215,101.202,0.000,72.265,231.445,-83.368,630.187,16.290,-99.581,636.776,16.290,0.0000,0.0000,-72.032,619.993,95.979,-114.220,630.696,95.979,0.3394,0.0000,0.0000,0,0.000,0.000,0.0000,0.0000,0,0,-114.220,630.696,95.979,0.000,0,-1.000000,1.000,28.924,-1.000000,0.0000,0.0000,0,0,0.000,1.000,19.607,-114.220,630.696,95.979,0,0,-1,99.638883
182,26.2447,portrait-idle,-94.840,620.215,101.202,0.000,72.265,231.445,-83.368,630.187,16.290,-99.581,636.776,16.290,0.0000,0.0000,-71.997,620.162,96.002,-114.171,630.861,96.002,0.3394,0.0000,0.0000,0,0.000,0.000,0.0000,0.0000,0,0,-114.171,630.861,96.002,0.000,0,-1.000000,1.000,28.924,-1.000000,0.0000,0.0000,0,0,0.000,1.000,19.607,-114.171,630.861,96.002,0,0,-1,99.638883
183,26.4013,portrait-idle,-94.840,620.215,101.202,0.000,72.265,231.445,-83.368,630.187,16.290,-99.581,636.776,16.290,0.0000,0.0000,-71.977,620.257,96.015,-114.143,630.955,96.015,0.3394,0.0000,0.0000,0,0.000,0.000,0.0000,0.0000,0,0,-114.143,630.955,96.015,0.000,0,-1.000000,1.000,28.924,-1.000000,0.0000,0.0000,0,0,0.000,1.000,19.607,-114.143,630.955,96.015,0,0,-1,99.638883
184,26.5487,portrait-idle,-94.840,620.215,101.202,0.000,72.265,231.445,-83.368,630.187,16.290,-99.581,636.776,16.290,0.0000,0.0000,-71.955,620.363,96.030,-114.112,631.058,96.030,0.3394,0.0000,0.0000,0,0.000,0.000,0.0000,0.0000,0,0,-114.112,631.058,96.030,0.000,0,-1.000000,1.000,28.924,-1.000000,0.0000,0.0000,0,0,0.000,1.000,19.607,-114.112,631.058,96.030,0,0,-1,99.638883
185,26.6971,portrait-idle,-94.840,620.215,101.202,0.000,72.265,231.445,-83.368,630.187,16.290,-99.581,636.776,16.290,0.0000,0.0000,-71.935,620.460,96.044,-114.083,631.153,96.044,0.3394,0.0000,0.0000,0,0.000,0.000,0.0000,0.0000,0,0,-114.083,631.153,96.044,0.000,0,-1.000000,1.000,28.924,-1.000000,0.0000,0.0000,0,0,0.000,1.000,19.607,-114.083,631.153,96.044,0,0,-1,99.638883
186,26.8449,portrait-idle,-94.840,620.215,101.202,0.000,72.265,231.445,-83.368,630.187,16.290,-99.581,636.776,16.290,0.0000,0.0000,-71.916,620.547,96.057,-114.058,631.239,96.057,0.3394,0.0000,0.0000,0,0.000,0.000,0.0000,0.0000,0,0,-114.058,631.239,96.057,0.000,0,-1.000000,1.000,28.924,-1.000000,0.0000,0.0000,0,0,0.000,1.000,19.607,-114.058,631.239,96.057,0,0,-1,99.638883
187,26.9885,portrait-idle,-94.840,620.215,101.202,0.000,72.265,231.445,-83.368,630.187,16.290,-99.581,636.776,16.290,0.0000,0.0000,-71.908,620.588,96.063,-114.046,631.278,96.063,0.3394,0.0000,0.0000,0,0.000,0.000,0.0000,0.0000,0,0,-114.046,631.278,96.063,0.000,0,-1.000000,1.000,28.924,-1.000000,0.0000,0.0000,0,0,0.000,1.000,19.607,-114.046,631.278,96.063,0,0,-1,99.638883
188,27.1346,portrait-idle,-94.840,620.215,101.202,0.000,72.265,231.445,-83.368,630.187,16.290,-99.581,636.776,16.290,0.0000,0.0000,-71.908,620.588,96.063,-114.046,631.278,96.063,0.3394,0.0000,0.0000,0,0.000,0.000,0.0000,0.0000,0,0,-114.046,631.278,96.063,0.000,0,-1.000000,1.000,28.924,-1.000000,0.0000,0.0000,0,0,0.000,1.000,19.607,-114.046,631.278,96.063,0,0,-1,99.638883
189,27.2747,portrait-idle,-94.840,620.215,101.202,0.000,72.265,231.445,-83.368,630.187,16.290,-99.581,636.776,16.290,0.0000,0.0000,-71.893,620.657,96.074,-114.025,631.346,96.074,0.3394,0.0000,0.0000,0,0.000,0.000,0.0000,0.0000,0,0,-114.025,631.346,96.074,0.000,0,-1.000000,1.000,28.924,-1.000000,0.0000,0.0000,0,0,0.000,1.000,19.607,-114.025,631.346,96.074,0,0,-1,99.638883
190,27.4224,portrait-idle,-94.840,620.215,101.202,0.000,72.265,231.445,-83.368,630.187,16.290,-99.581,636.776,16.290,0.0000,0.0000,-71.893,620.657,96.074,-114.025,631.346,96.074,0.3394,0.0000,0.0000,0,0.000,0.000,0.0000,0.0000,0,0,-114.025,631.346,96.074,0.000,0,-1.000000,1.000,28.924,-1.000000,0.0000,0.0000,0,0,0.000,1.000,19.607,-114.025,631.346,96.074,0,0,-1,99.638883
191,27.5665,portrait-idle,-94.840,620.215,101.202,0.000,72.265,231.445,-83.368,630.187,16.290,-99.581,636.776,16.290,0.0000,0.0000,-71.912,620.570,96.064,-114.051,631.261,96.064,0.3394,0.0000,0.0000,0,0.000,0.000,0.0000,0.0000,0,0,-114.051,631.261,96.064,0.000,0,-1.000000,1.000,28.924,-1.000000,0.0000,0.0000,0,0,0.000,1.000,19.607,-114.051,631.261,96.064,0,0,-1,99.638883
192,27.7153,portrait-idle,-94.840,620.215,101.202,0.000,72.265,231.445,-83.368,630.187,16.290,-99.581,636.776,16.290,0.0000,0.0000,-71.926,620.501,96.054,-114.071,631.193,96.054,0.3394,0.0000,0.0000,0,0.000,0.000,0.0000,0.0000,0,0,-114.071,631.193,96.054,0.000,0,-1.000000,1.000,28.924,-1.000000,0.0000,0.0000,0,0,0.000,1.000,19.607,-114.071,631.193,96.054,0,0,-1,99.638883
193,27.8673,portrait-idle,-94.840,620.215,101.202,0.000,72.265,231.445,-83.368,630.187,16.290,-99.581,636.776,16.290,0.0000,0.0000,-71.946,620.404,96.036,-114.100,631.099,96.036,0.3394,0.0000,0.0000,0,0.000,0.000,0.0000,0.0000,0,0,-114.100,631.099,96.036,0.000,0,-1.000000,1.000,28.924,-1.000000,0.0000,0.0000,0,0,0.000,1.000,19.607,-114.100,631.099,96.036,0,0,-1,99.638883
194,28.0139,portrait-idle,-94.840,620.215,101.202,0.000,72.265,231.445,-83.368,630.187,16.290,-99.581,636.776,16.290,0.0000,0.0000,-71.966,620.308,96.022,-114.128,631.005,96.022,0.3394,0.0000,0.0000,0,0.000,0.000,0.0000,0.0000,0,0,-114.128,631.005,96.022,0.000,0,-1.000000,1.000,28.924,-1.000000,0.0000,0.0000,0,0,0.000,1.000,19.607,-114.128,631.005,96.022,0,0,-1,99.638883
195,28.1668,portrait-idle,-94.840,620.215,101.202,0.000,72.265,231.445,-83.368,630.187,16.290,-99.581,636.776,16.290,0.0000,0.0000,-71.988,620.202,96.007,-114.159,630.901,96.007,0.3394,0.0000,0.0000,0,0.000,0.000,0.0000,0.0000,0,0,-114.159,630.901,96.007,0.000,0,-1.000000,1.000,28.924,-1.000000,0.0000,0.0000,0,0,0.000,1.000,19.607,-114.159,630.901,96.007,0,0,-1,99.638883
196,28.3186,portrait-idle,-94.840,620.215,101.202,0.000,72.265,231.445,-83.368,630.187,16.290,-99.581,636.776,16.290,0.0000,0.0000,-72.004,620.129,95.996,-114.180,630.829,95.996,0.3394,0.0000,0.0000,0,0.000,0.000,0.0000,0.0000,0,0,-114.180,630.829,95.996,0.000,0,-1.000000,1.000,28.924,-1.000000,0.0000,0.0000,0,0,0.000,1.000,19.607,-114.180,630.829,95.996,0,0,-1,99.638883
197,28.4657,portrait-idle,-94.840,620.215,101.202,0.000,72.265,231.445,-83.368,630.187,16.290,-99.581,636.776,16.290,0.0000,0.0000,-72.009,620.108,95.986,-114.185,630.807,95.986,0.3394,0.0000,0.0000,0,0.000,0.000,0.0000,0.0000,0,0,-114.185,630.807,95.986,0.000,0,-1.000000,1.000,28.924,-1.000000,0.0000,0.0000,0,0,0.000,1.000,19.607,-114.185,630.807,95.986,0,0,-1,99.638883
198,28.6106,portrait-idle,-94.840,620.215,101.202,0.000,72.265,231.445,-83.368,630.187,16.290,-99.581,636.776,16.290,0.0000,0.0000,-72.029,620.011,95.981,-114.215,630.713,95.981,0.3394,0.0000,0.0000,0,0.000,0.000,0.0000,0.0000,0,0,-114.215,630.713,95.981,0.000,0,-1.000000,1.000,28.924,-1.000000,0.0000,0.0000,0,0,0.000,1.000,19.607,-114.215,630.713,95.981,0,0,-1,99.638883
199,28.7584,portrait-idle,-94.840,620.215,101.202,0.000,72.265,231.445,-83.368,630.187,16.290,-99.581,636.776,16.290,0.0000,0.0000,-72.029,620.011,95.981,-114.215,630.713,95.981,0.3394,0.0000,0.0000,0,0.000,0.000,0.0000,0.0000,0,0,-114.215,630.713,95.981,0.000,0,-1.000000,1.000,28.924,-1.000000,0.0000,0.0000,0,0,0.000,1.000,19.607,-114.215,630.713,95.981,0,0,-1,99.638883
200,28.9139,portrait-idle,-94.840,620.215,101.202,0.000,72.265,231.445,-83.368,630.187,16.290,-99.581,636.776,16.290,0.0000,0.0000,-72.032,619.993,95.979,-114.220,630.696,95.979,0.3394,0.0000,0.0000,0,0.000,0.000,0.0000,0.0000,0,0,-114.220,630.696,95.979,0.000,0,-1.000000,1.000,28.924,-1.000000,0.0000,0.0000,0,0,0.000,1.000,19.607,-114.220,630.696,95.979,0,0,-1,99.638883
201,29.0578,portrait-idle,-94.840,620.215,101.202,0.000,72.265,231.445,-83.368,630.187,16.290,-99.581,636.776,16.290,0.0000,0.0000,-72.032,619.993,95.979,-114.220,630.696,95.979,0.3394,0.0000,0.0000,0,0.000,0.000,0.0000,0.0000,0,0,-114.220,630.696,95.979,0.000,0,-1.000000,1.000,28.924,-1.000000,0.0000,0.0000,0,0,0.000,1.000,19.607,-114.220,630.696,95.979,0,0,-1,99.638883
202,29.2108,portrait-idle,-94.840,620.215,101.202,0.000,72.265,231.445,-83.368,630.187,16.290,-99.581,636.776,16.290,0.0000,0.0000,-72.002,620.140,95.999,-114.177,630.840,95.999,0.3394,0.0000,0.0000,0,0.000,0.000,0.0000,0.0000,0,0,-114.177,630.840,95.999,0.000,0,-1.000000,1.000,28.924,-1.000000,0.0000,0.0000,0,0,0.000,1.000,19.607,-114.177,630.840,95.999,0,0,-1,99.638883
203,29.3529,portrait-orbit,-94.840,620.215,101.202,0.000,72.265,231.445,-83.368,630.187,16.290,-99.581,636.776,16.290,0.0000,0.0000,-71.983,620.230,96.011,-114.150,630.928,96.011,0.3394,0.0000,0.0000,0,0.000,0.000,0.0000,0.0000,0,0,-114.150,630.928,96.011,0.000,0,-1.000000,1.000,28.924,-1.000000,0.0000,0.0000,0,0,0.000,1.000,19.607,-114.150,630.928,96.011,0,0,-1,99.638883
204,29.4982,portrait-orbit,-94.840,620.215,101.202,0.000,72.265,231.445,-83.368,630.187,16.290,-99.581,636.776,16.290,0.0000,0.0000,-71.962,620.327,96.025,-114.122,631.023,96.025,0.3394,0.0000,0.0000,0,0.000,0.000,0.0000,0.0000,0,0,-114.122,631.023,96.025,0.000,0,-1.000000,1.000,28.924,-1.000000,0.0000,0.0000,0,0,0.000,1.000,19.607,-114.122,631.023,96.025,0,0,-1,99.638883
205,29.6427,portrait-orbit,-94.840,620.215,101.202,0.000,72.265,231.445,-83.368,630.187,16.290,-99.581,636.776,16.290,0.0000,0.0000,-71.941,620.429,96.040,-114.092,631.123,96.040,0.3394,0.0000,0.0000,0,0.000,0.000,0.0000,0.0000,0,0,-114.092,631.123,96.040,0.000,0,-1.000000,1.000,28.924,-1.000000,0.0000,0.0000,0,0,0.000,1.000,19.607,-114.092,631.123,96.040,0,0,-1,99.638883
206,29.8049,portrait-orbit,-94.840,620.215,101.202,0.000,72.265,231.445,-83.368,630.187,16.290,-99.581,636.776,16.290,0.0000,0.0000,-71.921,620.524,96.054,-114.065,631.216,96.054,0.3394,0.0000,0.0000,0,0.000,0.000,0.0000,0.0000,0,0,-114.065,631.216,96.054,0.000,0,-1.000000,1.000,28.924,-1.000000,0.0000,0.0000,0,0,0.000,1.000,19.607,-114.065,631.216,96.054,0,0,-1,99.638883
207,29.9480,portrait-orbit,-94.840,620.215,101.202,0.000,72.265,231.445,-83.368,630.187,16.290,-99.581,636.776,16.290,0.0000,0.0000,-71.908,620.588,96.063,-114.046,631.278,96.063,0.3394,0.0000,0.0000,0,0.000,0.000,0.0000,0.0000,0,0,-114.046,631.278,96.063,0.000,0,-1.000000,1.000,28.924,-1.000000,0.0000,0.0000,0,0,0.000,1.000,19.607,-114.046,631.278,96.063,0,0,-1,99.638883
208,30.1070,portrait-orbit,-94.840,620.215,101.202,0.000,72.265,231.445,-83.368,630.187,16.290,-99.581,636.776,16.290,0.0000,0.0000,-71.908,620.588,96.063,-114.046,631.278,96.063,0.3394,0.0000,0.0000,0,0.000,0.000,0.0000,0.0000,0,0,-114.046,631.278,96.063,0.000,0,-1.000000,1.000,28.924,-1.000000,0.0000,0.0000,0,0,0.000,1.000,19.607,-114.046,631.278,96.063,0,0,-1,99.638883
209,30.2524,portrait-orbit,-94.840,620.215,101.202,0.000,72.265,231.445,-83.368,630.187,16.290,-99.581,636.776,16.290,0.0000,0.0000,-71.893,620.657,96.074,-114.025,631.346,96.074,0.3394,0.0000,0.0000,0,0.000,0.000,0.0000,0.0000,0,0,-114.025,631.346,96.074,0.000,0,-1.000000,1.000,28.924,-1.000000,0.0000,0.0000,0,0,0.000,1.000,19.607,-114.025,631.346,96.074,0,0,-1,99.638883
210,30.4121,portrait-orbit,-94.840,620.215,101.202,0.000,72.265,231.445,-83.368,630.187,16.290,-99.581,636.776,16.290,0.0000,0.0000,-71.893,620.657,96.074,-114.025,631.346,96.074,0.3394,0.0000,0.0000,0,0.000,0.000,0.0000,0.0000,0,0,-114.025,631.346,96.074,0.000,0,-1.000000,1.000,28.924,-1.000000,0.0000,0.0000,0,0,0.000,1.000,19.607,-114.025,631.346,96.074,0,0,-1,99.638883
211,30.5616,portrait-orbit,-94.840,620.215,101.202,0.000,72.265,231.445,-83.368,630.187,16.290,-99.581,636.776,16.290,0.0000,0.0000,-71.911,620.573,96.064,-114.050,631.264,96.064,0.3394,0.0000,0.0000,0,0.000,0.000,0.0000,0.0000,0,0,-114.050,631.264,96.064,0.000,0,-1.000000,1.000,28.924,-1.000000,0.0000,0.0000,0,0,0.000,1.000,19.607,-114.050,631.264,96.064,0,0,-1,99.638883
212,30.7058,portrait-orbit,-94.840,620.215,101.202,0.000,72.265,231.445,-83.368,630.187,16.290,-99.581,636.776,16.290,0.0000,0.0000,-71.927,620.498,96.058,-114.072,631.190,96.058,0.3394,0.0000,0.0000,0,0.000,0.000,0.0000,0.0000,0,0,-114.072,631.190,96.058,0.000,0,-1.000000,1.000,28.924,-1.000000,0.0000,0.0000,0,0,0.000,1.000,19.607,-114.072,631.190,96.058,0,0,-1,99.638883
213,30.8508,portrait-orbit,-94.840,620.215,101.202,0.000,72.265,231.445,-83.368,630.187,16.290,-99.581,636.776,16.290,0.0000,0.0000,-71.944,620.416,96.038,-114.096,631.110,96.038,0.3394,0.0000,0.0000,0,0.000,0.000,0.0000,0.0000,0,0,-114.096,631.110,96.038,0.000,0,-1.000000,1.000,28.924,-1.000000,0.0000,0.0000,0,0,0.000,1.000,19.607,-114.096,631.110,96.038,0,0,-1,99.638883
214,30.9952,portrait-orbit,-94.840,620.215,101.202,0.000,72.265,231.445,-83.368,630.187,16.290,-99.581,636.776,16.290,0.0000,0.0000,-71.963,620.321,96.024,-114.124,631.017,96.024,0.3394,0.0000,0.0000,0,0.000,0.000,0.0000,0.0000,0,0,-114.124,631.017,96.024,0.000,0,-1.000000,1.000,28.924,-1.000000,0.0000,0.0000,0,0,0.000,1.000,19.607,-114.124,631.017,96.024,0,0,-1,99.638883
215,31.1440,portrait-orbit,-94.840,620.215,101.202,0.000,72.265,231.445,-83.368,630.187,16.290,-99.581,636.776,16.290,0.0000,0.0000,-71.985,620.218,96.010,-114.154,630.917,96.010,0.3394,0.0000,0.0000,0,0.000,0.000,0.0000,0.0000,0,0,-114.154,630.917,96.010,0.000,0,-1.000000,1.000,28.924,-1.000000,0.0000,0.0000,0,0,0.000,1.000,19.607,-114.154,630.917,96.010,0,0,-1,99.638883
216,31.2887,portrait-orbit,-94.840,620.215,101.202,0.000,72.265,231.445,-83.368,630.187,16.290,-99.581,636.776,16.290,0.0000,0.0000,-72.003,620.134,95.997,-114.179,630.833,95.997,0.3394,0.0000,0.0000,0,0.000,0.000,0.0000,0.0000,0,0,-114.179,630.833,95.997,0.000,0,-1.000000,1.000,28.924,-1.000000,0.0000,0.0000,0,0,0.000,1.000,19.607,-114.179,630.833,95.997,0,0,-1,99.638883
217,31.4323,portrait-orbit,-94.840,620.215,101.202,0.000,72.265,231.445,-83.368,630.187,16.290,-99.581,636.776,16.290,0.0000,0.0000,-72.008,620.113,95.988,-114.184,630.812,95.988,0.3394,0.0000,0.0000,0,0.000,0.000,0.0000,0.0000,0,0,-114.184,630.812,95.988,0.000,0,-1.000000,1.000,28.924,-1.000000,0.0000,0.0000,0,0,0.000,1.000,19.607,-114.184,630.812,95.988,0,0,-1,99.638883
218,31.5821,portrait-orbit,-94.840,620.215,101.202,0.000,72.265,231.445,-83.368,630.187,16.290,-99.581,636.776,16.290,0.0000,0.0000,-72.029,620.011,95.981,-114.215,630.713,95.981,0.3394,0.0000,0.0000,0,0.000,0.000,0.0000,0.0000,0,0,-114.215,630.713,95.981,0.000,0,-1.000000,1.000,28.924,-1.000000,0.0000,0.0000,0,0,0.000,1.000,19.607,-114.215,630.713,95.981,0,0,-1,99.638883
219,31.7301,portrait-orbit,-94.840,620.215,101.202,0.000,72.265,231.445,-83.368,630.187,16.290,-99.581,636.776,16.290,0.0000,0.0000,-72.029,620.011,95.981,-114.215,630.713,95.981,0.3394,0.0000,0.0000,0,0.000,0.000,0.0000,0.0000,0,0,-114.215,630.713,95.981,0.000,0,-1.000000,1.000,28.924,-1.000000,0.0000,0.0000,0,0,0.000,1.000,19.607,-114.215,630.713,95.981,0,0,-1,99.638883
220,31.8731,portrait-orbit,-94.840,620.215,101.202,0.000,72.265,231.445,-83.368,630.187,16.290,-99.581,636.776,16.290,0.0000,0.0000,-72.032,619.993,95.979,-114.220,630.696,95.979,0.3394,0.0000,0.0000,0,0.000,0.000,0.0000,0.0000,0,0,-114.220,630.696,95.979,0.000,0,-1.000000,1.000,28.924,-1.000000,0.0000,0.0000,0,0,0.000,1.000,19.607,-114.220,630.696,95.979,0,0,-1,99.638883
221,32.0177,portrait-orbit,-94.840,620.215,101.202,0.000,72.265,231.445,-83.368,630.187,16.290,-99.581,636.776,16.290,0.0000,0.0000,-72.032,619.993,95.979,-114.220,630.696,95.979,0.3394,0.0000,0.0000,0,0.000,0.000,0.0000,0.0000,0,0,-114.220,630.696,95.979,0.000,0,-1.000000,1.000,28.924,-1.000000,0.0000,0.0000,0,0,0.000,1.000,19.607,-114.220,630.696,95.979,0,0,-1,99.638883
222,32.1645,portrait-orbit,-94.840,620.215,101.202,0.000,72.265,231.445,-83.368,630.187,16.290,-99.581,636.776,16.290,0.0000,0.0000,-72.008,620.111,95.995,-114.185,630.811,95.995,0.3394,0.0000,0.0000,0,0.000,0.000,0.0000,0.0000,0,0,-114.185,630.811,95.995,0.000,0,-1.000000,1.000,28.924,-1.000000,0.0000,0.0000,0,0,0.000,1.000,19.607,-114.185,630.811,95.995,0,0,-1,99.638883
223,32.3105,portrait-orbit,-94.840,620.215,101.202,0.000,72.265,231.445,-83.368,630.187,16.290,-99.581,636.776,16.290,0.0000,0.0000,-71.988,620.203,96.007,-114.158,630.902,96.008,0.3394,0.0000,0.0000,0,0.000,0.000,0.0000,0.0000,0,0,-114.158,630.902,96.008,0.000,0,-1.000000,1.000,28.924,-1.000000,0.0000,0.0000,0,0,0.000,1.000,19.607,-114.158,630.902,96.008,0,0,-1,99.638883
224,32.4599,portrait-orbit,-94.840,620.215,101.202,0.000,72.265,231.445,-83.368,630.187,16.290,-99.581,636.776,16.290,0.0000,0.0000,-71.968,620.299,96.021,-114.130,630.996,96.021,0.3394,0.0000,0.0000,0,0.000,0.000,0.0000,0.0000,0,0,-114.130,630.996,96.021,0.000,0,-1.000000,1.000,28.924,-1.000000,0.0000,0.0000,0,0,0.000,1.000,19.607,-114.130,630.996,96.021,0,0,-1,99.638883
225,32.6083,portrait-orbit,-94.840,620.215,101.202,0.000,72.265,231.445,-83.368,630.187,16.290,-99.581,636.776,16.290,0.0000,0.0000,-71.946,620.405,96.036,-114.099,631.100,96.036,0.3394,0.0000,0.0000,0,0.000,0.000,0.0000,0.0000,0,0,-114.099,631.100,96.036,0.000,0,-1.000000,1.000,28.924,-1.000000,0.0000,0.0000,0,0,0.000,1.000,19.607,-114.099,631.100,96.036,0,0,-1,99.638883
226,32.7554,portrait-orbit,-94.840,620.215,101.202,0.000,72.265,231.445,-83.368,630.187,16.290,-99.581,636.776,16.290,0.0000,0.0000,-71.927,620.494,96.049,-114.073,631.187,96.049,0.3394,0.0000,0.0000,0,0.000,0.000,0.0000,0.0000,0,0,-114.073,631.187,96.049,0.000,0,-1.000000,1.000,28.924,-1.000000,0.0000,0.0000,0,0,0.000,1.000,19.607,-114.073,631.187,96.049,0,0,-1,99.638883
227,32.9027,portrait-orbit,-94.840,620.215,101.202,0.000,72.265,231.445,-83.368,630.187,16.290,-99.581,636.776,16.290,0.0000,0.0000,-71.909,620.581,96.063,-114.048,631.272,96.063,0.3394,0.0000,0.0000,0,0.000,0.000,0.0000,0.0000,0,0,-114.048,631.272,96.063,0.000,0,-1.000000,1.000,28.924,-1.000000,0.0000,0.0000,0,0,0.000,1.000,19.607,-114.048,631.272,96.063,0,0,-1,99.638883
228,33.0418,portrait-orbit,-94.840,620.215,101.202,0.000,72.265,231.445,-83.368,630.187,16.290,-99.581,636.776,16.290,0.0000,0.0000,-71.908,620.588,96.063,-114.046,631.278,96.063,0.3394,0.0000,0.0000,0,0.000,0.000,0.0000,0.0000,0,0,-114.046,631.278,96.063,0.000,0,-1.000000,1.000,28.924,-1.000000,0.0000,0.0000,0,0,0.000,1.000,19.607,-114.046,631.278,96.063,0,0,-1,99.638883
229,33.1836,portrait-orbit,-94.840,620.215,101.202,0.000,72.265,231.445,-83.368,630.187,16.290,-99.581,636.776,16.290,0.0000,0.0000,-71.899,620.631,96.070,-114.033,631.320,96.070,0.3394,0.0000,0.0000,0,0.000,0.000,0.0000,0.0000,0,0,-114.033,631.320,96.070,0.000,0,-1.000000,1.000,28.924,-1.000000,0.0000,0.0000,0,0,0.000,1.000,19.607,-114.033,631.320,96.070,0,0,-1,99.638883
230,33.3310,portrait-orbit,-94.840,620.215,101.202,0.000,72.265,231.445,-83.368,630.187,16.290,-99.581,636.776,16.290,0.0000,0.0000,-71.893,620.657,96.074,-114.025,631.346,96.074,0.3394,0.0000,0.0000,0,0.000,0.000,0.0000,0.0000,0,0,-114.025,631.346,96.074,0.000,0,-1.000000,1.000,28.924,-1.000000,0.0000,0.0000,0,0,0.000,1.000,19.607,-114.025,631.346,96.074,0,0,-1,99.638883
231,33.4828,return-to-world,-94.840,620.215,101.202,0.000,72.265,231.445,-83.368,630.187,16.290,-99.581,636.776,16.290,0.0000,0.0000,-71.902,620.614,96.068,-114.038,631.304,96.068,0.3394,0.0000,0.0000,0,0.000,0.000,0.0000,0.0000,0,0,-114.038,631.304,96.068,0.000,0,-1.000000,1.000,28.924,-1.000000,0.0000,0.0000,0,0,0.000,1.000,19.607,-114.038,631.304,96.068,0,0,-1,99.638883
232,33.6294,return-to-world,-94.840,620.215,101.202,0.000,72.265,231.445,-83.368,630.187,16.290,-99.581,636.776,16.290,0.0000,0.0000,-71.919,620.538,96.061,-114.060,631.229,96.061,0.3394,0.0000,0.0000,0,0.000,0.000,0.0000,0.0000,0,0,-114.060,631.229,96.061,0.000,0,-1.000000,1.000,28.924,-1.000000,0.0000,0.0000,0,0,0.000,1.000,19.607,-114.060,631.229,96.061,0,0,-1,99.636536
233,33.7737,return-to-world,-94.840,620.215,101.202,0.000,72.265,231.445,-83.368,630.187,16.290,-99.581,636.776,16.290,0.0000,0.0000,-71.933,620.469,96.046,-114.080,631.162,96.046,0.3394,0.0000,0.0000,0,0.000,0.000,0.0000,0.0000,0,0,-114.080,631.162,96.046,0.000,0,-1.000000,1.000,28.924,-1.000000,0.0000,0.0000,0,0,0.000,1.000,19.607,-114.080,631.162,96.046,0,0,-1,99.634229
234,33.9149,return-to-world,-94.840,620.215,101.202,0.000,72.265,231.445,-83.368,630.187,16.290,-99.581,636.776,16.290,0.0000,0.0000,-71.953,620.371,96.031,-114.109,631.066,96.031,0.3394,0.0000,0.0000,0,0.000,0.000,0.0000,0.0000,0,0,-114.109,631.066,96.031,0.000,0,-1.000000,1.000,28.924,-1.000000,0.0000,0.0000,0,0,0.000,1.000,19.607,-114.109,631.066,96.031,0,0,-1,99.631966
235,34.0576,return-to-world,-94.840,620.215,101.202,0.000,72.265,231.445,-83.368,630.187,16.290,-99.581,636.776,16.290,0.0000,0.0000,-71.972,620.278,96.018,-114.137,630.975,96.018,0.3394,0.0000,0.0000,0,0.000,0.000,0.0000,0.0000,0,0,-114.137,630.975,96.018,0.000,0,-1.000000,1.000,28.924,-1.000000,0.0000,0.0000,0,0,0.000,1.000,19.607,-114.137,630.975,96.018,0,0,-1,99.629687
236,34.2060,return-to-world,-94.840,620.215,101.202,0.000,72.265,231.445,-83.368,630.187,16.290,-99.581,636.776,16.290,0.0000,0.0000,-71.994,620.175,96.004,-114.167,630.874,96.004,0.3394,0.0000,0.0000,0,0.000,0.000,0.0000,0.0000,0,0,-114.167,630.874,96.004,0.000,0,-1.000000,1.000,28.924,-1.000000,0.0000,0.0000,0,0,0.000,1.000,19.607,-114.167,630.874,96.004,0,0,-1,99.627308
237,34.3552,return-to-world,-94.840,620.215,101.202,0.000,72.265,231.445,-83.368,630.187,16.290,-99.581,636.776,16.290,0.0000,0.0000,-72.005,620.124,95.993,-114.181,630.823,95.993,0.3394,0.0000,0.0000,0,0.000,0.000,0.0000,0.0000,0,0,-114.181,630.823,95.993,0.000,0,-1.000000,1.000,28.924,-1.000000,0.0000,0.0000,0,0,0.000,1.000,19.607,-114.181,630.823,95.993,0,0,-1,99.624925
238,34.4957,walk-to-forage,-94.840,620.215,101.202,0.000,72.265,231.445,-83.368,630.187,16.290,-99.581,636.776,16.290,0.0000,0.0000,-72.011,620.103,95.984,-114.186,630.803,95.984,0.3394,0.0000,0.0000,0,-100.000,550.000,0.0000,0.0000,0,0,-114.186,630.803,95.984,0.000,0,-1.000000,1.000,28.924,-1.000000,0.0000,0.0000,0,0,0.000,1.000,19.607,-114.186,630.803,95.984,0,0,0,99.622673
239,34.6367,walk-to-forage,-96.279,618.410,101.127,24.609,114.451,239.795,-89.989,625.288,15.730,-117.247,639.577,18.500,0.7031,0.2051,-75.747,628.053,92.504,-120.386,619.311,93.569,0.3683,0.0000,0.0000,0,-100.000,550.000,0.0000,0.0000,0,0,-120.386,619.311,93.569,0.000,0,-1.000000,1.000,28.924,-1.000000,0.0000,0.0000,0,0,0.000,1.000,19.607,-120.386,619.311,93.569,0,0,0,99.620423
240,34.7809,walk-to-forage,-99.347,613.549,100.943,45.000,157.787,246.691,-90.000,619.337,16.064,-139.843,617.891,17.937,1.0000,0.3750,-91.900,634.383,90.245,-117.209,597.122,91.263,0.4224,0.0000,0.0000,0,-100.000,550.000,0.0000,0.0000,0,0,-117.209,597.122,91.263,0.000,0,-1.000000,1.000,28.924,-1.000000,0.0000,0.0000,0,0,0.000,1.000,19.607,-117.209,597.122,91.263,0,0,0,99.618112
241,34.9282,walk-to-forage,-102.215,607.579,100.738,45.000,-158.052,252.021,-93.711,621.442,15.760,-137.612,581.371,15.917,1.0000,0.3750,-115.282,625.875,89.437,-99.873,585.046,89.752,0.4776,0.0000,0.0000,0,-100.000,550.000,0.0000,0.0000,0,0,-99.873,585.046,89.752,0.000,0,-1.000000,1.000,28.924,-1.000000,0.0000,0.0000,0,0,0.000,1.000,19.607,-99.873,585.046,89.752,0,0,0,99.615756
242,35.0680,walk-to-forage,-104.367,601.662,100.552,45.000,-116.070,256.150,-106.325,619.396,15.847,-111.670,561.378,15.508,1.0000,0.3750,-127.296,602.301,89.663,-85.266,590.157,89.229,0.5301,0.0000,0.0000,0,-100.000,550.000,0.0000,0.0000,0,0,-85.266,590.157,89.229,0.000,0,-1.000000,1.000,28.924,-1.000000,0.0000,0.0000,0,0,0.000,1.000,19.607,-85.266,590.157,89.229,0,0,0,99.613517
243,35.2078,walk-to-forage,-106.041,595.608,100.374,45.000,-103.850,259.716,-112.430,608.776,17.517,-103.539,560.827,15.420,1.0000,0.3750,-128.879,587.655,90.792,-83.914,592.338,89.701,0.5825,0.0000,0.0000,0,-100.000,550.000,0.0000,0.0000,0,0,-83.914,592.338,89.701,0.000,0,-1.000000,1.000,28.924,-1.000000,0.0000,0.0000,0,0,0.000,1.000,19.607,-83.914,592.338,89.701,0,0,0,99.611284
244,35.3510,walk-to-forage,-107.340,589.287,100.198,45.000,-100.284,263.058,-115.271,595.559,20.028,-101.873,561.006,15.248,1.0000,0.3750,-129.549,576.761,92.181,-84.342,590.724,90.550,0.6363,0.0000,0.0000,0,-100.000,550.000,0.0000,0.0000,0,0,-84.342,590.724,90.550,0.000,0,-1.000000,1.000,28.924,-1.000000,0.0000,0.0000,0,0,0.000,1.000,19.607,-84.342,590.724,90.550,0,0,0,99.608989
245,35.5057,walk-to-forage,-108.322,582.407,100.017,45.000,-96.942,266.532,-117.136,579.085,22.589,-100.824,561.589,15.121,1.0000,0.3750,-129.595,566.609,93.492,-85.152,587.518,91.559,0.6942,0.0000,0.0000,0,-100.000,550.000,0.0000,0.0000,0,0,-85.152,587.518,91.559,0.000,0,-1.000000,1.000,28.924,-1.000000,0.0000,0.0000,0,0,0.000,1.000,19.607,-85.152,587.518,91.559,0,0,0,99.606518
246,35.6509,settle-forage,-108.322,582.407,100.017,0.000,-96.942,266.532,-117.595,573.044,16.115,-100.630,565.470,14.897,0.2721,0.0000,-130.597,574.786,94.204,-86.605,578.614,93.635,0.6942,0.0000,0.0000,0,-100.000,550.000,0.0000,0.0000,0,0,-86.605,578.614,93.635,0.000,0,-1.000000,1.000,28.924,-1.000000,0.0000,0.0000,0,0,0.000,1.000,19.607,-86.605,578.614,93.635,0,0,0,99.604189
247,35.8112,settle-forage,-108.322,582.407,100.017,0.000,-96.942,266.532,-117.723,570.463,15.104,-100.564,567.026,15.104,0.0000,0.0000,-130.777,577.808,94.869,-87.378,575.197,94.869,0.6942,0.0000,0.0000,0,-100.000,550.000,0.0000,0.0000,0,0,-87.378,575.197,94.869,0.000,0,-1.000000,1.000,28.924,-1.000000,0.0000,0.0000,0,0,0.000,1.000,19.607,-87.378,575.197,94.869,0,0,0,99.601633
248,35.9628,settle-forage,-108.322,582.407,100.017,0.000,-96.942,266.532,-117.723,570.463,15.104,-100.564,567.026,15.104,0.0000,0.0000,-130.779,577.746,94.878,-87.384,575.136,94.878,0.6942,0.0000,0.0000,0,-100.000,550.000,0.0000,0.0000,0,0,-87.384,575.136,94.878,0.000,0,-1.000000,1.000,28.924,-1.000000,0.0000,0.0000,0,0,0.000,1.000,19.607,-87.384,575.136,94.878,0,0,0,99.599200
249,36.1041,settle-forage,-108.322,582.407,100.017,0.000,-96.942,266.532,-117.723,570.463,15.104,-100.564,567.026,15.104,0.0000,0.0000,-130.779,577.746,94.878,-87.384,575.136,94.878,0.6942,0.0000,0.0000,0,-100.000,550.000,0.0000,0.0000,0,0,-87.384,575.136,94.878,0.000,0,-1.000000,1.000,28.924,-1.000000,0.0000,0.0000,0,0,0.000,1.000,19.607,-87.384,575.136,94.878,0,0,0,99.596942
250,36.2497,settle-forage,-108.322,582.407,100.017,0.000,-96.942,266.532,-117.723,570.463,15.104,-100.564,567.026,15.104,0.0000,0.0000,-130.780,577.675,94.888,-87.392,575.065,94.888,0.6942,0.0000,0.0000,0,-100.000,550.000,0.0000,0.0000,0,0,-87.392,575.065,94.888,0.000,0,-1.000000,1.000,28.924,-1.000000,0.0000,0.0000,0,0,0.000,1.000,19.607,-87.392,575.065,94.888,0,0,0,99.594608
251,36.3997,view-picking-side,-108.322,582.407,100.017,0.000,-96.942,266.532,-117.723,570.463,15.104,-100.564,567.026,15.104,0.0000,0.0000,-130.780,577.675,94.888,-87.392,575.065,94.888,0.6942,0.0000,0.0000,0,-100.000,550.000,0.0000,0.0000,0,0,-87.392,575.065,94.888,0.000,0,-1.000000,1.000,28.924,-1.000000,0.0000,0.0000,0,0,0.000,1.000,19.607,-87.392,575.065,94.888,0,0,0,99.592213
252,36.5439,view-picking-side,-108.322,582.407,100.017,0.000,-96.942,258.813,-117.723,570.463,15.104,-100.564,567.026,15.104,0.0000,0.0000,-130.778,577.752,94.880,-87.384,575.141,94.880,0.6942,0.0000,0.0000,0,-100.000,550.000,0.0000,0.0000,0,0,-87.384,575.141,94.880,0.000,0,-1.000000,1.000,28.924,-1.000000,0.0000,0.0000,0,0,0.000,1.000,19.607,-87.384,575.141,94.880,0,0,0,99.589902
253,36.6923,view-picking-side,-108.322,582.407,100.017,0.000,-96.942,250.906,-117.723,570.463,15.104,-100.564,567.026,15.104,0.0000,0.0000,-130.777,577.831,94.873,-87.376,575.220,94.873,0.6942,0.0000,0.0000,0,-100.000,550.000,0.0000,0.0000,0,0,-87.376,575.220,94.873,0.000,0,-1.000000,1.000,28.924,-1.000000,0.0000,0.0000,0,0,0.000,1.000,19.607,-87.376,575.220,94.873,0,0,0,99.587534
254,36.8345,view-picking-side,-108.322,582.407,100.017,0.000,-96.942,243.282,-117.723,570.463,15.104,-100.564,567.026,15.104,0.0000,0.0000,-130.776,577.911,94.854,-87.367,575.299,94.854,0.6942,0.0000,0.0000,0,-100.000,550.000,0.0000,0.0000,0,0,-87.367,575.299,94.854,0.000,0,-1.000000,1.000,28.924,-1.000000,0.0000,0.0000,0,0,0.000,1.000,19.607,-87.367,575.299,94.854,0,0,0,99.585251
255,36.9787,view-picking-side,-108.322,582.407,100.017,0.000,-96.942,235.596,-117.723,570.463,15.104,-100.564,567.026,15.104,0.0000,0.0000,-130.774,578.011,94.840,-87.357,575.399,94.840,0.6942,0.0000,0.0000,0,-100.000,550.000,0.0000,0.0000,0,0,-87.357,575.399,94.840,0.000,0,-1.000000,1.000,28.924,-1.000000,0.0000,0.0000,0,0,0.000,1.000,19.607,-87.357,575.399,94.840,0,0,0,99.582950
256,37.1202,view-picking-side,-108.322,582.407,100.017,0.000,-96.942,228.017,-117.723,570.463,15.104,-100.564,567.026,15.104,0.0000,0.0000,-130.772,578.107,94.826,-87.347,575.495,94.826,0.6942,0.0000,0.0000,0,-100.000,550.000,0.0000,0.0000,0,0,-87.347,575.495,94.826,0.000,0,-1.000000,1.000,28.924,-1.000000,0.0000,0.0000,0,0,0.000,1.000,19.607,-87.347,575.495,94.826,0,0,0,99.580681
257,37.2674,view-picking-side,-108.322,582.407,100.017,0.000,-96.942,220.171,-117.723,570.463,15.104,-100.564,567.026,15.104,0.0000,0.0000,-130.770,578.206,94.813,-87.337,575.594,94.813,0.6942,0.0000,0.0000,0,-100.000,550.000,0.0000,0.0000,0,0,-87.337,575.594,94.813,0.000,0,-1.000000,1.000,28.924,-1.000000,0.0000,0.0000,0,0,0.000,1.000,19.607,-87.337,575.594,94.813,0,0,0,99.578332
258,37.4071,view-picking-side,-108.322,582.407,100.017,0.000,-96.942,212.683,-117.723,570.463,15.104,-100.564,567.026,15.104,0.0000,0.0000,-130.769,578.228,94.804,-87.336,575.616,94.804,0.6942,0.0000,0.0000,0,-100.000,550.000,0.0000,0.0000,0,0,-87.336,575.616,94.804,0.000,0,-1.000000,1.000,28.924,-1.000000,0.0000,0.0000,0,0,0.000,1.000,19.607,-87.336,575.616,94.804,0,0,0,99.576089
259,37.5453,before-pick,-108.322,582.407,100.017,0.000,-96.942,205.313,-117.723,570.463,15.104,-100.564,567.026,15.104,0.0000,0.0000,-130.768,578.277,94.796,-87.331,575.664,94.796,0.6942,0.0000,0.0000,0,-100.000,550.000,0.0000,0.0000,0,0,-87.331,575.664,94.796,0.000,0,-1.000000,1.000,28.924,-1.000000,0.0000,0.0000,0,0,0.000,1.000,19.607,-87.331,575.664,94.796,0,0,0,99.573883
260,37.6849,before-pick,-108.322,582.407,100.017,0.000,-96.942,205.313,-117.723,570.463,15.104,-100.564,567.026,15.104,0.0000,0.0000,-130.768,578.336,94.796,-87.324,575.723,94.796,0.6942,0.0000,0.0000,0,-100.000,550.000,0.0000,0.0000,0,0,-87.324,575.723,94.796,0.000,0,-1.000000,1.000,28.924,-1.000000,0.0000,0.0000,0,0,0.000,1.000,19.607,-87.324,575.723,94.796,0,0,0,99.571645
261,37.8283,before-pick,-108.322,582.407,100.017,0.000,-96.942,205.313,-117.723,570.463,15.104,-100.564,567.026,15.104,0.0000,0.0000,-130.768,578.341,94.795,-87.324,575.728,94.795,0.6942,0.0000,0.0000,0,-100.000,550.000,0.0000,0.0000,0,0,-87.324,575.728,94.795,0.000,0,-1.000000,1.000,28.924,-1.000000,0.0000,0.0000,0,0,0.000,1.000,19.607,-87.324,575.728,94.795,0,0,0,99.569358
262,37.9697,before-pick,-108.322,582.407,100.017,0.000,-96.942,205.313,-117.723,570.463,15.104,-100.564,567.026,15.104,0.0000,0.0000,-130.768,578.354,94.793,-87.322,575.740,94.793,0.6942,0.0000,0.0000,0,-100.000,550.000,0.0000,0.0000,0,0,-87.322,575.740,94.793,0.000,0,-1.000000,1.000,28.924,-1.000000,0.0000,0.0000,0,0,0.000,1.000,19.607,-87.322,575.740,94.793,0,0,0,99.567089
263,38.1077,before-pick,-108.322,582.407,100.017,0.000,-96.942,205.313,-117.723,570.463,15.104,-100.564,567.026,15.104,0.0000,0.0000,-130.768,578.347,94.794,-87.323,575.734,94.794,0.6942,0.0000,0.0000,0,-100.000,550.000,0.0000,0.0000,0,0,-87.323,575.734,94.794,0.000,0,-1.000000,1.000,28.924,-1.000000,0.0000,0.0000,0,0,0.000,1.000,19.607,-87.323,575.734,94.794,0,0,0,99.564885
264,38.2462,before-pick,-108.322,582.407,100.017,0.000,-96.942,205.313,-117.723,570.463,15.104,-100.564,567.026,15.104,0.0000,0.0000,-130.771,578.180,94.816,-87.340,575.567,94.816,0.6942,0.0000,0.0000,0,-100.000,550.000,0.0000,0.0000,0,0,-87.340,575.567,94.816,0.000,0,-1.000000,1.000,28.924,-1.000000,0.0000,0.0000,0,0,0.000,1.000,19.607,-87.340,575.567,94.816,0,0,0,99.562663
265,38.3864,gather,-108.322,582.407,100.017,0.000,-96.942,205.313,-117.723,570.463,15.104,-100.564,567.026,15.104,0.0000,0.0000,-130.772,578.093,94.828,-87.349,575.481,94.828,0.6942,0.0000,0.0000,0,-100.000,550.000,0.0000,0.0000,0,0,-87.349,575.481,94.828,0.000,0,-1.000000,1.000,28.924,-1.000000,0.0000,0.0000,0,0,0.000,1.000,19.607,-87.349,575.481,94.828,0,0,0,99.560426
266,38.5283,gather,-108.322,582.407,100.017,0.000,-96.942,205.313,-117.727,570.489,14.975,-100.567,567.075,14.977,0.0000,0.0000,-130.665,579.819,92.024,-87.522,576.088,92.068,0.6942,1.0000,0.1417,1,-100.000,550.000,0.0000,0.0000,0,0,-87.522,576.088,92.068,0.000,0,-1.000000,1.000,28.924,-1.000000,0.0000,0.0000,0,0,0.000,1.000,19.607,-87.522,576.088,92.068,0,0,0,99.558158
267,38.6630,gather,-108.322,582.407,100.017,0.000,-96.942,205.313,-117.707,570.535,15.041,-100.571,567.122,15.013,0.0000,0.0000,-130.459,583.256,87.131,-89.298,569.571,88.342,0.6942,1.0000,0.2769,1,-100.000,550.000,0.0000,0.0000,0,0,-89.298,569.571,88.342,0.000,0,-1.000000,1.000,28.924,-1.000000,0.0000,0.0000,0,0,0.000,1.000,19.607,-89.298,569.571,88.342,0,0,0,99.555997
268,38.7955,gather,-108.322,582.407,100.017,0.000,-96.942,205.313,-117.720,570.450,15.093,-100.562,567.046,15.097,0.0000,0.0000,-130.279,586.249,83.234,-92.868,554.300,91.851,0.6942,1.0000,0.4090,1,-100.000,550.000,0.0000,0.0000,0,0,-92.868,554.300,91.851,0.000,0,-1.000000,1.000,28.924,-1.000000,0.0000,0.0000,0,0,0.000,1.000,19.607,-92.868,554.300,91.851,0,0,0,99.553882
269,38.9287,gather,-108.322,582.407,100.017,0.000,-96.942,205.313,-117.735,570.439,15.123,-100.556,566.961,15.132,0.0000,0.0000,-130.232,587.034,82.235,-94.264,549.897,95.351,0.6942,1.0000,0.5427,1,-100.000,550.000,0.0000,0.0000,0,0,-94.264,549.897,95.351,0.000,0,-1.000000,1.000,28.924,-1.000000,0.0000,0.0000,0,0,0.000,1.000,19.607,-94.264,549.897,95.351,0,0,0,99.551744
270,39.0609,gather,-108.322,582.407,100.017,0.000,-96.942,205.313,-117.747,570.334,15.142,-100.552,566.961,15.132,0.0000,0.0000,-130.232,587.034,82.235,-94.065,552.822,97.378,0.6942,1.0000,0.6745,1,-100.000,550.000,0.0000,0.0000,0,0,-94.065,552.822,97.378,0.000,0,-1.000000,1.000,28.924,-1.000000,0.0000,0.0000,0,0,0.000,1.000,19.607,-94.065,552.822,97.378,0,0,0,99.549634
271,39.1941,gather,-108.322,582.407,100.017,0.000,-96.942,205.313,-117.747,570.334,15.142,-100.552,566.961,15.132,0.0000,0.0000,-130.232,587.034,82.235,-94.115,552.270,96.996,0.6942,1.0000,0.8080,1,-100.000,550.000,0.0000,0.0000,0,0,-94.115,552.270,96.996,0.000,0,-1.000000,1.000,28.924,-1.000000,0.0000,0.0000,0,0,0.000,1.000,19.607,-94.115,552.270,96.996,0,0,0,99.547499
272,39.3285,gather,-108.322,582.407,100.017,0.000,-96.942,205.313,-117.701,570.601,14.585,-100.561,567.169,14.583,0.0000,0.0000,-130.248,586.754,82.207,-93.548,551.931,92.893,0.6942,1.0000,0.9422,1,-100.000,550.000,0.0000,0.0000,0,0,-93.548,551.931,92.893,0.000,0,-1.000000,1.000,28.924,-1.000000,0.0000,0.0000,0,0,0.000,1.000,19.607,-93.548,551.931,92.893,0,0,0,99.545351
273,39.4710,gather,-108.322,582.407,100.017,0.000,-96.942,205.313,-117.724,570.438,15.025,-100.565,567.062,15.033,0.0000,0.0000,-130.357,584.943,84.881,-90.986,561.882,88.893,0.6942,1.0000,1.0850,1,-100.000,550.000,0.0000,0.0000,0,0,-90.986,561.882,88.893,0.000,0,-1.000000,1.000,28.924,-1.000000,0.0000,0.0000,0,0,0.000,1.000,19.607,-90.986,561.882,88.893,0,0,0,99.543067
274,39.6020,gather,-108.322,582.407,100.017,0.000,-96.942,205.313,-117.744,570.418,15.090,-100.583,567.146,15.081,0.0000,0.0000,-130.493,582.683,87.971,-88.863,571.409,88.751,0.6942,1.0000,1.2157,1,-100.000,550.000,0.0000,0.0000,0,0,-88.863,571.409,88.751,0.000,0,-1.000000,1.000,28.924,-1.000000,0.0000,0.0000,0,0,0.000,1.000,19.607,-88.863,571.409,88.751,0,0,0,99.540975
275,39.7382,gather,-108.322,582.407,100.017,0.000,-96.942,205.313,-117.723,570.458,14.939,-100.548,566.930,14.941,0.0000,0.0000,-130.634,580.343,91.192,-87.657,575.837,91.275,0.6942,1.0000,1.3520,1,-100.000,550.000,0.0000,0.0000,0,0,-87.657,575.837,91.275,0.000,0,-1.000000,1.000,28.924,-1.000000,0.0000,0.0000,0,0,0.000,1.000,19.607,-87.657,575.837,91.275,0,0,0,99.538794
276,39.8714,gather,-108.322,582.407,100.017,0.000,-96.942,205.313,-117.725,570.462,15.097,-100.563,567.030,15.093,0.0000,0.0000,-130.769,578.047,94.698,-87.364,575.419,94.698,0.6942,0.1685,1.4851,1,-100.000,550.000,0.0000,0.0000,0,0,-87.364,575.419,94.698,0.000,0,-1.000000,1.000,28.924,-1.000000,0.0000,0.0000,0,0,0.000,1.000,19.607,-87.364,575.419,94.698,0,0,0,99.536665
277,40.0055,gather,-108.322,582.407,100.017,0.000,-96.942,205.313,-117.723,570.463,15.104,-100.564,567.026,15.104,0.0000,0.0000,-130.774,578.026,94.838,-87.355,575.414,94.838,0.6942,0.0000,1.6000,1,-100.000,550.000,0.0000,0.0000,0,0,-87.355,575.414,94.838,0.000,0,-1.000000,1.000,28.924,-1.000000,0.0000,0.0000,0,0,0.000,1.000,19.607,-87.355,575.414,94.838,0,0,0,99.534516
278,40.1411,gather,-108.322,582.407,100.017,0.000,-96.942,205.313,-117.723,570.463,15.104,-100.564,567.026,15.104,0.0000,0.0000,-130.772,578.122,94.824,-87.346,575.509,94.824,0.6942,0.0000,1.6000,1,-100.000,550.000,0.0000,0.0000,0,0,-87.346,575.509,94.824,0.000,0,-1.000000,1.000,28.924,-1.000000,0.0000,0.0000,0,0,0.000,1.000,19.607,-87.346,575.509,94.824,0,0,0,99.532351
279,40.2872,gather,-108.322,582.407,100.017,0.000,-96.942,205.313,-117.723,570.463,15.104,-100.564,567.026,15.104,0.0000,0.0000,-130.770,578.210,94.812,-87.337,575.598,94.812,0.6942,0.0000,1.6000,1,-100.000,550.000,0.0000,0.0000,0,0,-87.337,575.598,94.812,0.000,0,-1.000000,1.000,28.924,-1.000000,0.0000,0.0000,0,0,0.000,1.000,19.607,-87.337,575.598,94.812,0,0,0,99.530012
280,40.4303,gather,-108.322,582.407,100.017,0.000,-96.942,205.313,-117.723,570.463,15.104,-100.564,567.026,15.104,0.0000,0.0000,-130.769,578.232,94.803,-87.336,575.619,94.803,0.6942,0.0000,1.6000,1,-100.000,550.000,0.0000,0.0000,0,0,-87.336,575.619,94.803,0.000,0,-1.000000,1.000,28.924,-1.000000,0.0000,0.0000,0,0,0.000,1.000,19.607,-87.336,575.619,94.803,0,0,0,99.527723
281,40.5670,gather,-108.322,582.407,100.017,0.000,-96.942,205.313,-117.723,570.463,15.104,-100.564,567.026,15.104,0.0000,0.0000,-130.768,578.336,94.796,-87.324,575.723,94.796,0.6942,0.0000,1.6000,1,-100.000,550.000,0.0000,0.0000,0,0,-87.324,575.723,94.796,0.000,0,-1.000000,1.000,28.924,-1.000000,0.0000,0.0000,0,0,0.000,1.000,19.607,-87.324,575.723,94.796,0,0,0,99.525533
282,40.7030,gather,-108.322,582.407,100.017,0.000,-96.942,205.313,-117.723,570.463,15.104,-100.564,567.026,15.104,0.0000,0.0000,-130.768,578.336,94.796,-87.324,575.723,94.796,0.6942,0.0000,1.6000,1,-100.000,550.000,0.0000,0.0000,0,0,-87.324,575.723,94.796,0.000,0,-1.000000,1.000,28.924,-1.000000,0.0000,0.0000,0,0,0.000,1.000,19.607,-87.324,575.723,94.796,0,0,0,99.523364
283,40.8374,gather,-108.322,582.407,100.017,0.000,-96.942,205.313,-117.723,570.463,15.104,-100.564,567.026,15.104,0.0000,0.0000,-130.768,578.351,94.794,-87.323,575.738,94.794,0.6942,0.0000,1.6000,1,-100.000,550.000,0.0000,0.0000,0,0,-87.323,575.738,94.794,0.000,0,-1.000000,1.000,28.924,-1.000000,0.0000,0.0000,0,0,0.000,1.000,19.607,-87.323,575.738,94.794,0,0,0,99.521206
284,40.9728,gather,-108.322,582.407,100.017,0.000,-96.942,205.313,-117.723,570.463,15.104,-100.564,567.026,15.104,0.0000,0.0000,-130.768,578.354,94.793,-87.322,575.740,94.793,0.6942,0.0000,1.6000,1,-100.000,550.000,0.0000,0.0000,0,0,-87.322,575.740,94.793,0.000,0,-1.000000,1.000,28.924,-1.000000,0.0000,0.0000,0,0,0.000,1.000,19.607,-87.322,575.740,94.793,0,0,0,99.519044
285,41.1093,gather,-108.322,582.407,100.017,0.000,-96.942,205.313,-117.723,570.463,15.104,-100.564,567.026,15.104,0.0000,0.0000,-130.768,578.337,94.796,-87.324,575.724,94.796,0.6942,0.0000,1.6000,1,-100.000,550.000,0.0000,0.0000,0,0,-87.324,575.724,94.796,0.000,0,-1.000000,1.000,28.924,-1.000000,0.0000,0.0000,0,0,0.000,1.000,19.607,-87.324,575.724,94.796,0,0,0,99.516856
286,41.2575,gather,-108.322,582.407,100.017,0.000,-96.942,205.313,-117.723,570.463,15.104,-100.564,567.026,15.104,0.0000,0.0000,-130.771,578.173,94.817,-87.340,575.561,94.817,0.6942,0.0000,1.6000,1,-100.000,550.000,0.0000,0.0000,0,0,-87.340,575.561,94.817,0.000,0,-1.000000,1.000,28.924,-1.000000,0.0000,0.0000,0,0,0.000,1.000,19.607,-87.340,575.561,94.817,0,0,0,99.514491
287,41.3918,after-gather,-108.322,582.407,100.017,0.000,-96.942,205.313,-117.723,570.463,15.104,-100.564,567.026,15.104,0.0000,0.0000,-130.772,578.091,94.829,-87.349,575.478,94.829,0.6942,0.0000,1.6000,1,-100.000,550.000,0.0000,0.0000,0,0,-87.349,575.478,94.829,0.000,0,-1.000000,1.000,28.924,-1.000000,0.0000,0.0000,0,0,0.000,1.000,19.607,-87.349,575.478,94.829,0,0,0,99.512337
288,41.5439,after-gather,-108.322,582.407,100.017,0.000,-96.942,205.313,-117.723,570.463,15.104,-100.564,567.026,15.104,0.0000,0.0000,-130.774,577.980,94.844,-87.360,575.368,94.844,0.6942,0.0000,1.6000,1,-100.000,550.000,0.0000,0.0000,0,0,-87.360,575.368,94.844,0.000,0,-1.000000,1.000,28.924,-1.000000,0.0000,0.0000,0,0,0.000,1.000,19.607,-87.360,575.368,94.844,0,0,0,99.509907
289,41.6863,after-gather,-108.322,582.407,100.017,0.000,-96.942,205.313,-117.723,570.463,15.104,-100.564,567.026,15.104,0.0000,0.0000,-130.776,577.883,94.858,-87.370,575.272,94.858,0.6942,0.0000,1.6000,1,-100.000,550.000,0.0000,0.0000,0,0,-87.370,575.272,94.858,0.000,0,-1.000000,1.000,28.924,-1.000000,0.0000,0.0000,0,0,0.000,1.000,19.607,-87.370,575.272,94.858,0,0,0,99.507623
290,41.8245,after-gather,-108.322,582.407,100.017,0.000,-96.942,205.313,-117.723,570.463,15.104,-100.564,567.026,15.104,0.0000,0.0000,-130.778,577.800,94.870,-87.379,575.189,94.870,0.6942,0.0000,1.6000,1,-100.000,550.000,0.0000,0.0000,0,0,-87.379,575.189,94.870,0.000,0,-1.000000,1.000,28.924,-1.000000,0.0000,0.0000,0,0,0.000,1.000,19.607,-87.379,575.189,94.870,0,0,0,99.505416
291,41.9628,after-gather,-108.322,582.407,100.017,0.000,-96.942,205.313,-117.723,570.463,15.104,-100.564,567.026,15.104,0.0000,0.0000,-130.779,577.746,94.878,-87.384,575.136,94.878,0.6942,0.0000,1.6000,1,-100.000,550.000,0.0000,0.0000,0,0,-87.384,575.136,94.878,0.000,0,-1.000000,1.000,28.924,-1.000000,0.0000,0.0000,0,0,0.000,1.000,19.607,-87.384,575.136,94.878,0,0,0,99.503202
292,42.0993,after-gather,-108.322,582.407,100.017,0.000,-96.942,205.313,-117.723,570.463,15.104,-100.564,567.026,15.104,0.0000,0.0000,-130.779,577.746,94.878,-87.384,575.136,94.878,0.6942,0.0000,1.6000,1,-100.000,550.000,0.0000,0.0000,0,0,-87.384,575.136,94.878,0.000,0,-1.000000,1.000,28.924,-1.000000,0.0000,0.0000,0,0,0.000,1.000,19.607,-87.384,575.136,94.878,0,0,0,99.501019
293,42.2364,after-gather,-108.322,582.407,100.017,0.000,-96.942,205.313,-117.723,570.463,15.104,-100.564,567.026,15.104,0.0000,0.0000,-130.780,577.675,94.888,-87.392,575.065,94.888,0.6942,0.0000,1.6000,1,-100.000,550.000,0.0000,0.0000,0,0,-87.392,575.065,94.888,0.000,0,-1.000000,1.000,28.924,-1.000000,0.0000,0.0000,0,0,0.000,1.000,19.607,-87.392,575.065,94.888,0,0,0,99.498821
294,42.3710,after-gather,-108.322,582.407,100.017,0.000,-96.942,205.313,-117.723,570.463,15.104,-100.564,567.026,15.104,0.0000,0.0000,-130.780,577.675,94.888,-87.392,575.065,94.888,0.6942,0.0000,1.6000,1,-100.000,550.000,0.0000,0.0000,0,0,-87.392,575.065,94.888,0.000,0,-1.000000,1.000,28.924,-1.000000,0.0000,0.0000,0,0,0.000,1.000,19.607,-87.392,575.065,94.888,0,0,0,99.496672
295,42.5091,after-gather,-108.322,582.407,100.017,0.000,-96.942,205.313,-117.723,570.463,15.104,-100.564,567.026,15.104,0.0000,0.0000,-130.779,577.734,94.881,-87.386,575.123,94.881,0.6942,0.0000,1.6000,1,-100.000,550.000,0.0000,0.0000,0,0,-87.386,575.123,94.881,0.000,0,-1.000000,1.000,28.924,-1.000000,0.0000,0.0000,0,0,0.000,1.000,19.607,-87.386,575.123,94.881,0,0,0,99.494458
296,42.6420,after-gather,-108.322,582.407,100.017,0.000,-96.942,205.313,-117.723,570.463,15.104,-100.564,567.026,15.104,0.0000,0.0000,-130.777,577.804,94.875,-87.379,575.193,94.875,0.6942,0.0000,1.6000,1,-100.000,550.000,0.0000,0.0000,0,0,-87.379,575.193,94.875,0.000,0,-1.000000,1.000,28.924,-1.000000,0.0000,0.0000,0,0,0.000,1.000,19.607,-87.379,575.193,94.875,0,0,0,99.492337
297,42.7768,after-gather,-108.322,582.407,100.017,0.000,-96.942,205.313,-117.723,570.463,15.104,-100.564,567.026,15.104,0.0000,0.0000,-130.776,577.870,94.860,-87.371,575.258,94.860,0.6942,0.0000,1.6000,1,-100.000,550.000,0.0000,0.0000,0,0,-87.371,575.258,94.860,0.000,0,-1.000000,1.000,28.924,-1.000000,0.0000,0.0000,0,0,0.000,1.000,19.607,-87.371,575.258,94.860,0,0,0,99.490176
298,42.9128,after-gather,-108.322,582.407,100.017,0.000,-96.942,205.313,-117.723,570.463,15.104,-100.564,567.026,15.104,0.0000,0.0000,-130.775,577.966,94.846,-87.362,575.354,94.846,0.6942,0.0000,1.6000,1,-100.000,550.000,0.0000,0.0000,0,0,-87.362,575.354,94.846,0.000,0,-1.000000,1.000,28.924,-1.000000,0.0000,0.0000,0,0,0.000,1.000,19.607,-87.362,575.354,94.846,0,0,0,99.488004
299,43.0461,after-gather,-108.322,582.407,100.017,0.000,-96.942,205.313,-117.723,570.463,15.104,-100.564,567.026,15.104,0.0000,0.0000,-130.773,578.055,94.834,-87.352,575.442,94.834,0.6942,0.0000,1.6000,1,-100.000,550.000,0.0000,0.0000,0,0,-87.352,575.442,94.834,0.000,0,-1.000000,1.000,28.924,-1.000000,0.0000,0.0000,0,0,0.000,1.000,19.607,-87.352,575.442,94.834,0,0,0,99.485866
300,43.1802,after-gather,-108.322,582.407,100.017,0.000,-96.942,205.313,-117.723,570.463,15.104,-100.564,567.026,15.104,0.0000,0.0000,-130.771,578.149,94.821,-87.343,575.537,94.821,0.6942,0.0000,1.6000,1,-100.000,550.000,0.0000,0.0000,0,0,-87.343,575.537,94.821,0.000,0,-1.000000,1.000,28.924,-1.000000,0.0000,0.0000,0,0,0.000,1.000,19.607,-87.343,575.537,94.821,0,0,0,99.483725
301,43.3168,after-gather,-108.322,582.407,100.017,0.000,-96.942,205.313,-117.723,570.463,15.104,-100.564,567.026,15.104,0.0000,0.0000,-130.770,578.214,94.810,-87.337,575.602,94.810,0.6942,0.0000,1.6000,1,-100.000,550.000,0.0000,0.0000,0,0,-87.337,575.602,94.810,0.000,0,-1.000000,1.000,28.924,-1.000000,0.0000,0.0000,0,0,0.000,1.000,19.607,-87.337,575.602,94.810,0,0,0,99.481536
302,43.4523,walk-to-authored-tree,-108.322,582.407,100.017,0.000,-96.942,205.313,-117.723,570.463,15.104,-100.564,567.026,15.104,0.0000,0.0000,-130.769,578.235,94.802,-87.335,575.623,94.802,0.6942,0.0000,1.6000,1,-100.000,550.000,0.0000,0.0000,0,0,-87.335,575.623,94.802,0.000,0,-1.000000,1.000,28.924,-1.000000,0.0000,0.0000,0,0,0.000,1.000,19.607,-87.335,575.623,94.802,0,0,0,99.479371
303,43.5928,walk-to-authored-tree,-108.322,582.407,100.017,0.000,-96.942,213.665,-117.723,570.463,15.104,-100.564,567.026,15.104,0.0000,0.0000,-130.768,578.336,94.796,-87.324,575.723,94.796,0.6942,0.0000,1.6000,1,-100.000,550.000,0.0000,0.0000,0,0,-87.324,575.723,94.796,0.000,0,-1.000000,1.000,28.924,-1.000000,0.0000,0.0000,0,0,0.000,1.000,19.607,-87.324,575.723,94.796,0,0,0,99.477121
304,43.7357,walk-to-authored-tree,-108.322,582.407,100.017,0.000,-96.942,222.132,-117.723,570.463,15.104,-100.564,567.026,15.104,0.0000,0.0000,-130.768,578.336,94.796,-87.324,575.723,94.796,0.6942,0.0000,1.6000,1,-100.000,550.000,0.0000,0.0000,0,0,-87.324,575.723,94.796,0.000,0,-1.000000,1.000,28.924,-1.000000,0.0000,0.0000,0,0,0.000,1.000,19.607,-87.324,575.723,94.796,0,0,0,99.474839
305,43.8730,walk-to-authored-tree,-108.322,582.407,100.017,0.000,-96.942,230.309,-117.723,570.463,15.104,-100.564,567.026,15.104,0.0000,0.0000,-130.768,578.354,94.793,-87.322,575.740,94.793,0.6942,0.0000,1.6000,1,-100.000,550.000,0.0000,0.0000,0,0,-87.322,575.740,94.793,0.000,0,-1.000000,1.000,28.924,-1.000000,0.0000,0.0000,0,0,0.000,1.000,19.607,-87.322,575.740,94.793,0,0,0,99.472636
306,44.0121,walk-to-authored-tree,-108.322,582.407,100.017,0.000,-96.942,238.553,-117.723,570.463,15.104,-100.564,567.026,15.104,0.0000,0.0000,-130.768,578.354,94.793,-87.322,575.740,94.793,0.6942,0.0000,1.6000,1,-100.000,550.000,0.0000,0.0000,0,0,-87.322,575.740,94.793,0.000,0,-1.000000,1.000,28.924,-1.000000,0.0000,0.0000,0,0,0.000,1.000,19.607,-87.322,575.740,94.793,0,0,0,99.470414
307,44.1551,walk-to-authored-tree,-108.322,582.407,100.017,0.000,-96.942,245.489,-117.723,570.463,15.104,-100.564,567.026,15.104,0.0000,0.0000,-130.770,578.240,94.808,-87.334,575.626,94.809,0.6942,0.0000,1.6000,1,-100.000,550.000,0.0000,0.0000,0,0,-87.334,575.626,94.809,0.000,0,-1.000000,1.000,28.924,-1.000000,0.0000,0.0000,0,0,0.000,1.000,19.607,-87.334,575.626,94.809,0,0,0,99.468124
308,44.2997,walk-to-authored-tree,-110.843,576.877,99.826,63.148,-114.511,249.841,-124.793,564.872,19.949,-107.139,562.324,14.749,0.7217,0.5262,-135.553,570.971,93.700,-88.462,572.208,92.227,0.7701,0.0000,1.6000,1,-100.000,550.000,0.0000,0.0000,0,0,-88.462,572.208,92.227,0.000,0,-1.000000,1.000,28.924,-1.000000,0.0000,0.0000,0,0,0.000,1.000,19.607,-88.462,572.208,92.227,0,0,0,99.465814
309,44.4412,walk-to-authored-tree,-115.999,563.630,99.388,112.500,-110.159,252.515,-134.980,529.958,17.172,-106.241,565.583,14.419,1.0000,0.9375,-139.632,557.288,90.173,-93.888,558.950,88.937,0.9029,0.0000,1.6000,1,-100.000,550.000,0.0000,0.0000,0,0,-93.888,558.950,88.937,0.000,0,-1.000000,1.000,28.924,-1.000000,0.0000,0.0000,0,0,0.000,1.000,19.607,-93.888,558.950,88.937,0,0,0,99.463548
310,44.5852,walk-to-authored-tree,-121.126,548.278,98.889,112.500,-107.485,254.274,-138.909,512.398,13.913,-108.945,561.012,14.420,1.0000,0.9375,-143.078,551.047,87.636,-102.369,534.598,88.159,0.0378,0.0000,1.6000,1,-100.000,550.000,0.0000,0.0000,0,0,-102.369,534.598,88.159,0.000,0,-1.000000,1.000,28.924,-1.000000,0.0000,0.0000,0,0,0.000,1.000,19.607,-102.369,534.598,88.159,0,0,0,99.461246
311,44.7304,walk-to-authored-tree,-125.745,532.581,98.374,112.500,-105.726,255.436,-139.125,512.023,13.363,-117.391,530.304,20.012,1.0000,0.9375,-146.681,543.135,89.484,-109.300,512.062,91.237,0.1742,0.0000,1.6000,1,-100.000,550.000,0.0000,0.0000,0,0,-109.300,512.062,91.237,0.000,0,-1.000000,1.000,28.924,-1.000000,0.0000,0.0000,0,0,0.000,1.000,19.607,-109.300,512.062,91.237,0,0,0,99.458919
312,44.8735,walk-to-authored-tree,-129.907,517.067,97.858,112.500,-104.564,256.189,-139.734,512.091,12.897,-125.993,491.886,20.317,1.0000,0.9375,-150.991,527.724,89.331,-113.213,496.382,91.170,0.3080,0.0000,1.6000,1,-100.000,550.000,0.0000,0.0000,0,0,-113.213,496.382,91.170,0.000,0,-1.000000,1.000,28.924,-1.000000,0.0000,0.0000,0,0,0.000,1.000,19.607,-113.213,496.382,91.170,0,0,0,99.456634
313,45.0135,walk-to-authored-tree,-133.756,501.756,97.344,112.500,-103.811,256.696,-140.595,512.189,12.464,-132.526,459.586,13.650,1.0000,0.9375,-155.682,504.837,86.376,-114.660,487.634,87.198,0.4396,0.0000,1.6000,1,-100.000,550.000,0.0000,0.0000,0,0,-114.660,487.634,87.198,0.000,0,-1.000000,1.000,28.924,-1.000000,0.0000,0.0000,0,0,0.000,1.000,19.607,-114.660,487.634,87.198,0,0,0,99.454389
314,45.1556,walk-to-authored-tree,-137.480,486.253,96.813,112.500,-103.304,257.060,-143.968,500.359,13.654,-134.986,450.347,11.995,1.0000,0.9375,-160.345,478.728,87.092,-115.643,482.498,86.104,0.5725,0.0000,1.6000,1,-100.000,550.000,0.0000,0.0000,0,0,-115.643,482.498,86.104,0.000,0,-1.000000,1.000,28.924,-1.000000,0.0000,0.0000,0,0,0.000,1.000,19.607,-115.643,482.498,86.104,0,0,0,99.452121
315,45.2953,walk-to-authored-tree,-141.047,470.908,96.285,112.500,-102.940,257.325,-150.448,466.912,19.364,-135.601,450.534,11.588,1.0000,0.9375,-163.877,457.206,90.117,-117.435,473.822,88.154,0.7037,0.0000,1.6000,1,-100.000,550.000,0.0000,0.0000,0,0,-117.435,473.822,88.154,0.000,0,-1.000000,1.000,28.924,-1.000000,0.0000,0.0000,0,0,0.000,1.000,19.607,-117.435,473.822,88.154,0,0,0,99.449881
316,45.4376,walk-to-authored-tree,-144.584,455.310,95.749,112.500,-102.675,257.535,-157.633,428.330,16.876,-136.449,450.742,10.694,1.0000,0.9375,-167.291,442.632,88.381,-121.236,457.093,86.598,0.8370,0.0000,1.6000,1,-100.000,550.000,0.0000,0.0000,0,0,-121.236,457.093,86.598,0.000,0,-1.000000,1.000,28.924,-1.000000,0.0000,0.0000,0,0,0.000,1.000,19.607,-121.236,457.093,86.598,0,0,0,99.447606
317,45.5783,walk-to-authored-tree,-148.027,439.841,95.215,112.500,-102.465,257.704,-163.467,398.571,10.648,-137.612,450.972,10.213,1.0000,0.9375,-170.643,435.098,84.344,-126.927,433.249,83.908,0.9691,0.0000,1.6000,1,-100.000,550.000,0.0000,0.0000,0,0,-126.927,433.249,83.908,0.000,0,-1.000000,1.000,28.924,-1.000000,0.0000,0.0000,0,0,0.000,1.000,19.607,-126.927,433.249,83.908,0,0,0,99.445352
318,45.7200,walk-to-authored-tree,-151.430,424.309,94.679,112.500,-102.296,257.850,-164.817,394.486,9.739,-141.371,432.681,12.764,1.0000,0.9375,-173.274,429.803,84.372,-132.765,408.111,85.616,0.1016,0.0000,1.6000,1,-100.000,550.000,0.0000,0.0000,0,0,-132.765,408.111,85.616,0.000,0,-1.000000,1.000,28.924,-1.000000,0.0000,0.0000,0,0,0.000,1.000,19.607,-132.765,408.111,85.616,0,0,0,99.443091
319,45.8655,walk-to-authored-tree,-154.898,408.274,94.129,112.500,-102.150,257.985,-165.749,394.637,9.236,-148.089,395.607,17.669,1.0000,0.9375,-176.343,418.836,86.102,-137.544,387.683,88.021,0.2383,0.0000,1.6000,1,-100.000,550.000,0.0000,0.0000,0,0,-137.544,387.683,88.021,0.000,0,-1.000000,1.000,28.924,-1.000000,0.0000,0.0000,0,0,0.000,1.000,19.607,-137.544,387.683,88.021,0,0,0,99.440758
320,46.0123,walk-to-authored-tree,-158.344,392.151,93.581,112.500,-102.015,258.111,-166.912,394.856,8.671,-155.089,356.906,12.875,1.0000,0.9375,-180.321,398.926,83.745,-140.174,374.806,85.215,0.3757,0.0000,1.6000,1,-100.000,550.000,0.0000,0.0000,0,0,-140.174,374.806,85.215,0.000,0,-1.000000,1.000,28.924,-1.000000,0.0000,0.0000,0,0,0.000,1.000,19.607,-140.174,374.806,85.215,0,0,0,99.438413
321,46.1601,walk-to-authored-tree,-161.785,375.865,93.035,112.500,-101.889,258.233,-167.783,393.120,8.196,-159.139,333.083,8.079,1.0000,0.9375,-184.003,372.134,81.979,-140.641,368.118,81.771,0.5144,0.0000,1.6000,1,-100.000,550.000,0.0000,0.0000,0,0,-140.641,368.118,81.771,0.000,0,-1.000000,1.000,28.924,-1.000000,0.0000,0.0000,0,0,0.000,1.000,19.607,-140.641,368.118,81.771,0,0,0,99.436045
322,46.3061,walk-to-authored-tree,-165.144,359.801,92.502,112.500,-101.767,258.350,-173.267,364.175,13.391,-160.202,333.122,7.825,1.0000,0.9375,-187.732,347.187,85.180,-142.020,361.420,83.446,0.6512,0.0000,1.6000,1,-100.000,550.000,0.0000,0.0000,0,0,-142.020,361.420,83.446,0.000,0,-1.000000,1.000,28.924,-1.000000,0.0000,0.0000,0,0,0.000,1.000,19.607,-142.020,361.420,83.446,0,0,0,99.433711
323,46.4498,walk-to-authored-tree,-168.425,343.946,91.989,112.500,-101.650,258.463,-179.816,325.293,15.253,-161.139,333.386,7.191,1.0000,0.9375,-190.959,329.540,85.891,-144.865,347.615,83.901,0.7861,0.0000,1.6000,1,-100.000,550.000,0.0000,0.0000,0,0,-144.865,347.615,83.901,0.000,0,-1.000000,1.000,28.924,-1.000000,0.0000,0.0000,0,0,0.000,1.000,19.607,-144.865,347.615,83.901,0,0,0,99.431409
324,46.5939,walk-to-authored-tree,-171.671,328.104,91.485,112.500,-101.537,258.577,-185.748,290.138,8.234,-162.081,333.648,6.287,1.0000,0.9375,-194.151,319.422,81.580,-149.463,325.490,80.516,0.9208,0.0000,1.6000,1,-100.000,550.000,0.0000,0.0000,0,0,-149.463,325.490,80.516,0.000,0,-1.000000,1.000,28.924,-1.000000,0.0000,0.0000,0,0,0.000,1.000,19.607,-149.463,325.490,80.516,0,0,0,99.429109
325,46.7338,walk-to-authored-tree,-174.808,312.636,91.001,112.500,-101.423,258.688,-188.507,276.798,6.172,-164.207,325.816,7.078,1.0000,0.9375,-196.923,314.183,79.992,-155.033,299.940,80.707,0.0524,0.0000,1.6000,1,-100.000,550.000,0.0000,0.0000,0,0,-155.033,299.940,80.707,0.000,0,-1.000000,1.000,28.924,-1.000000,0.0000,0.0000,0,0,0.000,1.000,19.607,-155.033,299.940,80.707,0,0,0,99.426864
326,46.8830,walk-to-authored-tree,-178.103,296.220,90.509,112.500,-101.312,258.806,-189.595,276.860,5.468,-170.032,291.650,12.825,1.0000,0.9375,-199.787,305.701,81.904,-160.299,276.562,83.723,0.1919,0.0000,1.6000,1,-100.000,550.000,0.0000,0.0000,0,0,-160.299,276.562,83.723,0.000,0,-1.000000,1.000,28.924,-1.000000,0.0000,0.0000,0,0,0.000,1.000,19.607,-160.299,276.562,83.723,0,0,0,99.424483
327,47.0300,walk-to-authored-tree,-181.333,279.962,90.029,112.500,-101.194,258.924,-190.493,277.046,5.118,-176.427,251.488,11.636,1.0000,0.9375,-203.061,288.601,81.164,-163.267,260.904,82.928,0.3300,0.0000,1.6000,1,-100.000,550.000,0.0000,0.0000,0,0,-163.267,260.904,82.928,0.000,0,-1.000000,1.000,28.924,-1.000000,0.0000,0.0000,0,0,0.000,1.000,19.607,-163.267,260.904,82.928,0,0,0,99.422125
328,47.1694,walk-to-authored-tree,-184.351,264.604,89.597,112.500,-101.076,259.037,-191.513,277.190,4.512,-181.465,221.290,5.044,1.0000,0.9375,-206.619,265.008,78.251,-164.376,252.952,78.804,0.4605,0.0000,1.6000,1,-100.000,550.000,0.0000,0.0000,0,0,-164.376,252.952,78.804,0.000,0,-1.000000,1.000,28.924,-1.000000,0.0000,0.0000,0,0,0.000,1.000,19.607,-164.376,252.952,78.804,0,0,0,99.419899
329,47.3106,walk-to-authored-tree,-187.390,248.974,89.169,112.500,-100.963,259.153,-194.417,260.734,6.692,-182.829,215.605,4.099,1.0000,0.9375,-209.655,239.200,79.745,-164.823,247.579,78.546,0.5932,0.0000,1.6000,1,-100.000,550.000,0.0000,0.0000,0,0,-164.823,247.579,78.546,0.000,0,-1.000000,1.000,28.924,-1.000000,0.0000,0.0000,0,0,0.000,1.000,19.607,-164.823,247.579,78.546,0,0,0,99.417635
330,47.4538,walk-to-authored-tree,-190.428,233.185,88.747,112.500,-100.847,259.272,-200.240,224.777,12.168,-183.905,215.741,3.904,1.0000,0.9375,-212.774,218.313,82.706,-166.905,237.372,80.695,0.7271,0.0000,1.6000,1,-100.000,550.000,0.0000,0.0000,0,0,-166.905,237.372,80.695,0.000,0,-1.000000,1.000,28.924,-1.000000,0.0000,0.0000,0,0,0.000,1.000,19.607,-166.905,237.372,80.695,0,0,0,99.415348
331,47.5993,walk-to-authored-tree,-193.492,217.073,88.327,112.500,-100.728,259.394,-206.273,185.693,8.485,-184.951,215.993,3.651,1.0000,0.9375,-215.938,204.806,80.572,-170.628,218.424,78.994,0.8638,0.0000,1.6000,1,-100.000,550.000,0.0000,0.0000,0,0,-170.628,218.424,78.994,0.000,0,-1.000000,1.000,28.924,-1.000000,0.0000,0.0000,0,0,0.000,1.000,19.607,-170.628,218.424,78.994,0,0,0,99.413015
332,47.7480,walk-to-authored-tree,-196.574,200.681,87.920,112.500,-100.606,259.521,-210.539,158.746,2.979,-185.950,215.735,3.010,1.0000,0.9375,-218.866,197.862,76.726,-175.751,192.104,76.760,0.0028,0.0000,1.6000,1,-100.000,550.000,0.0000,0.0000,0,0,-175.751,192.104,76.760,0.000,0,-1.000000,1.000,28.924,-1.000000,0.0000,0.0000,0,0,0.000,1.000,19.607,-175.751,192.104,76.760,0,0,0,99.410643
333,47.8977,walk-to-authored-tree,-199.655,184.093,87.518,112.500,-100.479,259.650,-211.493,158.885,2.697,-190.548,187.252,7.899,1.0000,0.9375,-221.576,191.297,78.191,-181.101,166.283,79.811,0.1434,0.0000,1.6000,1,-100.000,550.000,0.0000,0.0000,0,0,-181.101,166.283,79.811,0.000,0,-1.000000,1.000,28.924,-1.000000,0.0000,0.0000,0,0,0.000,1.000,19.607,-181.101,166.283,79.811,0,0,0,99.408244
334,48.0414,walk-to-authored-tree,-202.569,168.209,87.151,112.500,-100.350,259.776,-212.445,158.966,2.307,-196.224,148.713,10.534,1.0000,0.9375,-224.389,177.887,79.084,-184.553,148.318,80.988,0.2780,0.0000,1.6000,1,-100.000,550.000,0.0000,0.0000,0,0,-184.553,148.318,80.988,0.000,0,-1.000000,1.000,28.924,-1.000000,0.0000,0.0000,0,0,0.000,1.000,19.607,-184.553,148.318,80.988,0,0,0,99.405947
335,48.1872,walk-to-authored-tree,-205.498,152.042,86.781,112.500,-100.224,259.906,-213.161,159.092,1.803,-201.198,112.290,4.005,1.0000,0.9375,-227.354,155.539,76.113,-185.786,137.499,77.210,0.4149,0.0000,1.6000,1,-100.000,550.000,0.0000,0.0000,0,0,-185.786,137.499,77.210,0.000,0,-1.000000,1.000,28.924,-1.000000,0.0000,0.0000,0,0,0.000,1.000,19.607,-185.786,137.499,77.210,0,0,0,99.403610
336,48.3341,walk-to-authored-tree,-208.402,135.805,86.429,112.500,-100.094,260.038,-215.410,151.220,2.261,-204.192,97.672,1.343,1.0000,0.9375,-230.798,128.528,75.890,-186.666,131.796,75.170,0.5524,0.0000,1.6000,1,-100.000,550.000,0.0000,0.0000,0,0,-186.666,131.796,75.170,0.000,0,-1.000000,1.000,28.924,-1.000000,0.0000,0.0000,0,0,0.000,1.000,19.607,-186.666,131.796,75.170,0,0,0,99.401264
337,48.4787,walk-to-authored-tree,-211.234,119.754,86.094,112.500,-99.962,260.170,-220.093,117.884,8.223,-204.905,97.845,0.969,1.0000,0.9375,-233.303,105.246,79.231,-187.845,123.462,77.319,0.6882,0.0000,1.6000,1,-100.000,550.000,0.0000,0.0000,0,0,-187.845,123.462,77.319,0.000,0,-1.000000,1.000,28.924,-1.000000,0.0000,0.0000,0,0,0.000,1.000,19.607,-187.845,123.462,77.319,0,0,0,99.398946
338,48.6231,walk-to-authored-tree,-214.017,103.772,85.761,112.500,-99.830,260.304,-225.431,78.373,7.337,-205.804,97.934,0.518,1.0000,0.9375,-236.026,89.530,78.554,-190.668,107.178,76.690,0.8234,0.0000,1.6000,1,-100.000,550.000,0.0000,0.0000,0,0,-190.668,107.178,76.690,0.000,0,-1.000000,1.000,28.924,-1.000000,0.0000,0.0000,0,0,0.000,1.000,19.607,-190.668,107.178,76.690,0,0,0,99.396639
339,48.7692,walk-to-authored-tree,-216.803,87.545,85.429,112.500,-99.696,260.442,-230.100,46.028,0.970,-206.978,98.122,0.359,1.0000,0.9375,-239.100,81.021,74.667,-195.205,82.639,74.108,0.9606,0.0000,1.6000,1,-100.000,550.000,0.0000,0.0000,0,0,-195.205,82.639,74.108,0.000,0,-1.000000,1.000,28.924,-1.000000,0.0000,0.0000,0,0,0.000,1.000,19.607,-195.205,82.639,74.108,0,0,0,99.394297
340,48.9099,walk-to-authored-tree,-219.441,71.963,85.132,112.500,-99.558,260.576,-231.467,40.408,0.240,-209.638,81.844,2.801,1.0000,0.9375,-241.503,75.776,74.679,-199.854,57.225,75.829,0.0923,0.0000,1.6000,1,-100.000,550.000,0.0000,0.0000,0,0,-199.854,57.225,75.829,0.000,0,-1.000000,1.000,28.924,-1.000000,0.0000,0.0000,0,0,0.000,1.000,19.607,-199.854,57.225,75.829,0,0,0,99.392050
341,49.0600,walk-to-authored-tree,-222.223,55.290,84.809,112.500,-99.424,260.722,-232.464,40.558,-0.073,-214.729,43.925,8.344,1.0000,0.9375,-244.159,64.762,76.771,-203.903,35.575,78.691,0.2331,0.0000,1.6000,1,-100.000,550.000,0.0000,0.0000,0,0,-203.903,35.575,78.691,0.000,0,-1.000000,1.000,28.924,-1.000000,0.0000,0.0000,0,0,0.000,1.000,19.607,-203.903,35.575,78.691,0,0,0,99.389646
342,49.2008,walk-to-authored-tree,-224.788,39.677,84.518,112.500,-99.278,260.860,-233.528,40.731,-0.477,-219.643,6.000,4.308,1.0000,0.9375,-246.997,45.962,74.815,-205.894,22.666,76.374,0.3650,0.0000,1.6000,1,-100.000,550.000,0.0000,0.0000,0,0,-205.894,22.666,76.374,0.000,0,-1.000000,1.000,28.924,-1.000000,0.0000,0.0000,0,0,0.000,1.000,19.607,-205.894,22.666,76.374,0,0,0,99.387395
343,49.3432,walk-to-authored-tree,-227.350,23.845,84.230,112.500,-99.140,261.003,-234.115,40.768,-0.690,-222.753,-20.404,-0.720,1.0000,0.9375,-249.306,20.338,73.045,-206.051,15.811,73.070,0.4986,0.0000,1.6000,1,-100.000,550.000,0.0000,0.0000,0,0,-206.051,15.811,73.070,0.000,0,-1.000000,1.000,28.924,-1.000000,0.0000,0.0000,0,0,0.000,1.000,19.607,-206.051,15.811,73.070,0,0,0,99.385115
344,49.4950,walk-to-authored-tree,-230.031,7.007,83.933,112.500,-98.997,261.157,-238.183,12.466,4.088,-223.896,-20.626,-0.921,1.0000,0.9375,-251.968,-6.219,76.142,-207.057,9.197,74.479,0.6407,0.0000,1.6000,1,-100.000,550.000,0.0000,0.0000,0,0,-207.057,9.197,74.479,0.000,0,-1.000000,1.000,28.924,-1.000000,0.0000,0.0000,0,0,0.000,1.000,19.607,-207.057,9.197,74.479,0,0,0,99.382690
345,49.6412,walk-to-authored-tree,-232.579,-9.270,83.647,112.500,-98.843,261.309,-242.919,-27.039,7.024,-224.888,-20.404,-1.191,1.0000,0.9375,-254.387,-24.866,77.587,-209.220,-4.326,75.583,0.7780,0.0000,1.6000,1,-100.000,550.000,0.0000,0.0000,0,0,-209.220,-4.326,75.583,0.000,0,-1.000000,1.000,28.924,-1.000000,0.0000,0.0000,0,0,0.000,1.000,19.607,-209.220,-4.326,75.583,0,0,0,99.380346
346,49.7863,walk-to-authored-tree,-235.052,-25.348,83.362,112.500,-98.691,261.461,-247.119,-63.220,0.507,-225.800,-20.212,-1.752,1.0000,0.9375,-257.026,-35.593,73.734,-212.622,-26.321,72.599,0.9136,0.0000,1.6000,1,-100.000,550.000,0.0000,0.0000,0,0,-212.622,-26.321,72.599,0.000,0,-1.000000,1.000,28.924,-1.000000,0.0000,0.0000,0,0,0.000,1.000,19.607,-212.622,-26.321,72.599,0,0,0,99.378033
347,49.9322,walk-to-authored-tree,-237.513,-41.638,83.072,112.500,-98.539,261.618,-249.398,-78.298,-1.739,-227.575,-27.826,-0.885,1.0000,0.9375,-259.673,-41.321,72.062,-217.097,-53.210,72.757,0.0509,0.0000,1.6000,1,-100.000,550.000,0.0000,0.0000,0,0,-217.097,-53.210,72.757,0.000,0,-1.000000,1.000,28.924,-1.000000,0.0000,0.0000,0,0,0.000,1.000,19.607,-217.097,-53.210,72.757,0,0,0,99.375690
348,50.0740,walk-to-authored-tree,-239.850,-57.393,82.797,112.500,-98.382,261.772,-250.411,-78.336,-2.239,-231.424,-60.164,4.773,1.0000,0.9375,-261.978,-49.299,74.057,-220.995,-75.893,75.845,0.1836,0.0000,1.6000,1,-100.000,550.000,0.0000,0.0000,0,0,-220.995,-75.893,75.845,0.000,0,-1.000000,1.000,28.924,-1.000000,0.0000,0.0000,0,0,0.000,1.000,19.607,-220.995,-75.893,75.845,0,0,0,99.373425
349,50.2170,walk-to-authored-tree,-242.171,-73.330,82.512,112.500,-98.228,261.930,-251.233,-78.186,-2.354,-235.576,-99.617,4.715,1.0000,0.9375,-264.262,-65.419,73.904,-223.181,-91.824,75.726,0.3178,0.0000,1.6000,1,-100.000,550.000,0.0000,0.0000,0,0,-223.181,-91.824,75.726,0.000,0,-1.000000,1.000,28.924,-1.000000,0.0000,0.0000,0,0,0.000,1.000,19.607,-223.181,-91.824,75.726,0,0,0,99.371134
350,50.3658,walk-to-authored-tree,-244.533,-89.877,82.212,112.500,-98.070,262.098,-252.352,-78.080,-2.895,-239.334,-132.788,-2.281,1.0000,0.9375,-266.765,-90.366,70.861,-223.994,-100.715,71.459,0.4571,0.0000,1.6000,1,-100.000,550.000,0.0000,0.0000,0,0,-223.994,-100.715,71.459,0.000,0,-1.000000,1.000,28.924,-1.000000,0.0000,0.0000,0,0,0.000,1.000,19.607,-223.994,-100.715,71.459,0,0,0,99.368757
351,50.5103,walk-to-authored-tree,-246.787,-105.995,81.923,112.500,-97.902,262.264,-254.434,-94.583,-0.570,-240.460,-139.125,-3.142,1.0000,0.9375,-268.505,-116.916,72.493,-224.188,-106.215,71.298,0.5927,0.0000,1.6000,1,-100.000,550.000,0.0000,0.0000,0,0,-224.188,-106.215,71.298,0.000,0,-1.000000,1.000,28.924,-1.000000,0.0000,0.0000,0,0,0.000,1.000,19.607,-224.188,-106.215,71.298,0,0,0,99.366442
352,50.6653,walk-to-authored-tree,-249.150,-123.262,81.602,112.500,-97.736,262.445,-258.634,-134.076,5.115,-241.612,-138.986,-3.279,1.0000,0.9375,-270.660,-139.406,75.592,-225.887,-117.707,73.570,0.7379,0.0000,1.6000,1,-100.000,550.000,0.0000,0.0000,0,0,-225.887,-117.707,73.570,0.000,0,-1.000000,1.000,28.924,-1.000000,0.0000,0.0000,0,0,0.000,1.000,19.607,-225.887,-117.707,73.570,0,0,0,99.363964
353,50.8077,walk-to-authored-tree,-251.276,-139.154,81.298,112.500,-97.555,262.615,-262.338,-172.279,0.927,-242.585,-138.845,-3.502,1.0000,0.9375,-272.991,-152.269,73.196,-228.546,-136.964,71.677,0.8716,0.0000,1.6000,1,-100.000,550.000,0.0000,0.0000,0,0,-228.546,-136.964,71.677,0.000,0,-1.000000,1.000,28.924,-1.000000,0.0000,0.0000,0,0,0.000,1.000,19.607,-228.546,-136.964,71.677,0,0,0,99.361683
354,50.9511,walk-to-authored-tree,-253.364,-155.129,80.998,112.500,-97.385,262.789,-264.939,-197.426,-3.956,-243.617,-139.523,-3.901,1.0000,0.9375,-275.477,-158.934,69.783,-232.141,-162.773,69.863,0.0058,0.0000,1.6000,1,-100.000,550.000,0.0000,0.0000,0,0,-232.141,-162.773,69.863,0.000,0,-1.000000,1.000,28.924,-1.000000,0.0000,0.0000,0,0,0.000,1.000,19.607,-232.141,-162.773,69.863,0,0,0,99.359392
355,51.0954,walk-to-authored-tree,-255.419,-171.235,80.675,112.500,-97.211,262.968,-265.807,-197.354,-4.155,-246.472,-167.235,0.923,1.0000,0.9375,-277.704,-165.408,71.285,-235.845,-187.859,72.890,0.1411,0.0000,1.6000,1,-100.000,550.000,0.0000,0.0000,0,0,-235.845,-187.859,72.890,0.000,0,-1.000000,1.000,28.924,-1.000000,0.0000,0.0000,0,0,0.000,1.000,19.607,-235.845,-187.859,72.890,0,0,0,99.357083
356,51.2373,walk-to-authored-tree,-257.391,-187.074,80.353,112.500,-97.032,263.148,-266.735,-197.322,-4.507,-249.882,-205.498,3.783,1.0000,0.9375,-279.723,-178.623,72.296,-238.257,-205.929,74.206,0.2741,0.0000,1.6000,1,-100.000,550.000,0.0000,0.0000,0,0,-238.257,-205.929,74.206,0.000,0,-1.000000,1.000,28.924,-1.000000,0.0000,0.0000,0,0,0.000,1.000,19.607,-238.257,-205.929,74.206,0,0,0,99.354813
357,51.3877,walk-to-authored-tree,-259.432,-203.900,80.008,112.500,-96.852,263.342,-267.496,-197.257,-4.964,-252.806,-243.378,-2.784,1.0000,0.9375,-281.458,-201.729,69.338,-238.896,-217.227,70.430,0.4154,0.0000,1.6000,1,-100.000,550.000,0.0000,0.0000,0,0,-238.896,-217.227,70.430,0.000,0,-1.000000,1.000,28.924,-1.000000,0.0000,0.0000,0,0,0.000,1.000,19.607,-238.896,-217.227,70.430,0,0,0,99.352402
358,51.5337,walk-to-authored-tree,-261.352,-220.188,79.652,112.500,-96.658,263.535,-269.267,-205.197,-4.533,-254.865,-258.037,-5.441,1.0000,0.9375,-283.272,-228.770,69.097,-239.416,-222.910,68.382,0.5521,0.0000,1.6000,1,-100.000,550.000,0.0000,0.0000,0,0,-239.416,-222.910,68.382,0.000,0,-1.000000,1.000,28.924,-1.000000,0.0000,0.0000,0,0,0.000,1.000,19.607,-239.416,-222.910,68.382,0,0,0,99.350070
359,51.6757,walk-to-authored-tree,-263.173,-236.083,79.301,112.500,-96.465,263.726,-271.873,-238.024,1.228,-255.527,-257.907,-5.929,1.0000,0.9375,-284.316,-251.841,72.279,-240.057,-231.038,70.376,0.6854,0.0000,1.6000,1,-100.000,550.000,0.0000,0.0000,0,0,-240.057,-231.038,70.376,0.000,0,-1.000000,1.000,28.924,-1.000000,0.0000,0.0000,0,0,0.000,1.000,19.607,-240.057,-231.038,70.376,0,0,0,99.347794
360,51.8272,walk-to-authored-tree,-265.052,-252.987,78.917,112.500,-96.274,263.934,-274.886,-279.654,0.369,-256.464,-257.842,-6.275,1.0000,0.9375,-286.130,-268.456,71.670,-241.961,-248.259,69.824,0.8271,0.0000,1.6000,1,-100.000,550.000,0.0000,0.0000,0,0,-241.961,-248.259,69.824,0.000,0,-1.000000,1.000,28.924,-1.000000,0.0000,0.0000,0,0,0.000,1.000,19.607,-241.961,-248.259,69.824,0,0,0,99.345375
361,51.9688,walk-to-authored-tree,-266.760,-268.867,78.533,112.500,-96.066,264.134,-277.394,-311.121,-5.921,-257.621,-257.735,-6.540,1.0000,0.9375,-288.591,-276.819,67.776,-244.885,-272.367,67.211,0.9602,0.0000,1.6000,1,-100.000,550.000,0.0000,0.0000,0,0,-244.885,-272.367,67.211,0.000,0,-1.000000,1.000,28.924,-1.000000,0.0000,0.0000,0,0,0.000,1.000,19.607,-244.885,-272.367,67.211,0,0,0,99.343104
362,52.1114,walk-to-authored-tree,-268.414,-284.772,78.142,112.500,-95.866,264.339,-278.383,-316.892,-6.757,-259.278,-274.413,-4.138,1.0000,0.9375,-290.683,-282.307,67.707,-247.936,-298.290,68.870,0.0935,0.0000,1.6000,1,-100.000,550.000,0.0000,0.0000,0,0,-247.936,-298.290,68.870,0.000,0,-1.000000,1.000,28.924,-1.000000,0.0000,0.0000,0,0,0.000,1.000,19.607,-247.936,-298.290,68.870,0,0,0,99.340829
363,52.3079,walk-to-authored-tree,-270.621,-306.812,77.583,112.500,-95.661,264.629,-279.708,-316.824,-7.261,-262.705,-325.735,0.965,1.0000,0.9375,-293.159,-298.951,69.516,-251.040,-325.163,71.420,0.2780,0.0000,1.6000,1,-100.000,550.000,0.0000,0.0000,0,0,-251.040,-325.163,71.420,0.000,0,-1.000000,1.000,28.924,-1.000000,0.0000,0.0000,0,0,0.000,1.000,19.607,-251.040,-325.163,71.420,0,0,0,99.337679
364,52.4610,walk-to-authored-tree,-272.258,-323.925,77.125,112.500,-95.371,264.862,-280.503,-316.791,-7.769,-264.670,-363.827,-5.848,1.0000,0.9375,-294.353,-322.753,66.431,-251.364,-336.336,67.461,0.4213,0.0000,1.6000,1,-100.000,550.000,0.0000,0.0000,0,0,-251.364,-336.336,67.461,0.000,0,-1.000000,1.000,28.924,-1.000000,0.0000,0.0000,0,0,0.000,1.000,19.607,-251.364,-336.336,67.461,0,0,0,99.335234
365,52.6031,walk-to-authored-tree,-273.717,-339.882,76.686,112.500,-95.138,265.085,-282.061,-325.326,-7.340,-266.232,-377.205,-8.344,1.0000,0.9375,-295.400,-349.266,66.273,-251.711,-341.811,65.518,0.5548,0.0000,1.6000,1,-100.000,550.000,0.0000,0.0000,0,0,-251.711,-341.811,65.518,0.000,0,-1.000000,1.000,28.924,-1.000000,0.0000,0.0000,0,0,0.000,1.000,19.607,-251.711,-341.811,65.518,0,0,0,99.332955
366,52.7467,walk-to-authored-tree,-275.121,-355.943,76.235,112.500,-94.915,265.315,-283.786,-358.751,-1.563,-266.889,-377.088,-8.852,1.0000,0.9375,-295.826,-372.360,69.429,-252.148,-350.161,67.513,0.6892,0.0000,1.6000,1,-100.000,550.000,0.0000,0.0000,0,0,-252.148,-350.161,67.513,0.000,0,-1.000000,1.000,28.924,-1.000000,0.0000,0.0000,0,0,0.000,1.000,19.607,-252.148,-350.161,67.513,0,0,0,99.330662
367,52.8943,walk-to-authored-tree,-276.503,-372.522,75.754,112.500,-94.685,265.558,-285.594,-399.571,-2.816,-267.780,-377.048,-9.427,1.0000,0.9375,-297.144,-388.549,68.500,-253.552,-367.180,66.658,0.8278,0.0000,1.6000,1,-100.000,550.000,0.0000,0.0000,0,0,-253.552,-367.180,66.658,0.000,0,-1.000000,1.000,28.924,-1.000000,0.0000,0.0000,0,0,0.000,1.000,19.607,-253.552,-367.180,66.658,0,0,0,99.328296
368,53.0373,walk-to-authored-tree,-277.768,-388.493,75.281,112.500,-94.442,265.798,-287.220,-431.102,-9.189,-268.962,-376.967,-9.782,1.0000,0.9375,-299.389,-396.970,64.508,-255.829,-391.463,63.960,0.9613,0.0000,1.6000,1,-100.000,550.000,0.0000,0.0000,0,0,-255.829,-391.463,63.960,0.000,0,-1.000000,1.000,28.924,-1.000000,0.0000,0.0000,0,0,0.000,1.000,19.607,-255.829,-391.463,63.960,0,0,0,99.326018
369,53.1768,walk-to-authored-tree,-278.947,-404.208,74.806,112.500,-94.202,266.041,-287.976,-436.701,-10.089,-270.110,-393.498,-7.509,1.0000,0.9375,-301.271,-402.445,64.358,-258.074,-417.077,65.513,0.0927,0.0000,1.6000,1,-100.000,550.000,0.0000,0.0000,0,0,-258.074,-417.077,65.513,0.000,0,-1.000000,1.000,28.924,-1.000000,0.0000,0.0000,0,0,0.000,1.000,19.607,-258.074,-417.077,65.513,0,0,0,99.323776
370,53.3213,walk-to-authored-tree,-280.092,-420.400,74.303,112.500,-93.959,266.297,-288.901,-436.667,-10.566,-271.533,-430.149,-2.252,1.0000,0.9375,-302.841,-413.130,66.251,-259.976,-438.225,68.164,0.2279,0.0000,1.6000,1,-100.000,550.000,0.0000,0.0000,0,0,-259.976,-438.225,68.164,0.000,0,-1.000000,1.000,28.924,-1.000000,0.0000,0.0000,0,0,0.000,1.000,19.607,-259.976,-438.225,68.164,0,0,0,99.321468
371,53.4693,walk-to-authored-tree,-281.194,-437.037,73.778,112.500,-93.703,266.568,-290.002,-436.599,-11.246,-272.814,-470.323,-6.557,1.0000,0.9375,-303.910,-433.038,64.001,-260.731,-452.039,65.546,0.3669,0.0000,1.6000,1,-100.000,550.000,0.0000,0.0000,0,0,-260.731,-452.039,65.546,0.000,0,-1.000000,1.000,28.924,-1.000000,0.0000,0.0000,0,0,0.000,1.000,19.607,-260.731,-452.039,65.546,0,0,0,99.319097
372,53.6234,walk-to-authored-tree,-282.259,-454.319,73.223,112.500,-93.432,266.859,-290.706,-438.102,-11.633,-273.324,-496.625,-11.748,1.0000,0.9375,-303.691,-461.014,62.138,-260.205,-459.146,61.977,0.5112,0.0000,1.6000,1,-100.000,550.000,0.0000,0.0000,0,0,-260.205,-459.146,61.977,0.000,0,-1.000000,1.000,28.924,-1.000000,0.0000,0.0000,0,0,0.000,1.000,19.607,-260.205,-459.146,61.977,0,0,0,99.316634
373,53.7674,walk-to-authored-tree,-283.176,-470.521,72.696,112.500,-93.141,267.140,-291.864,-466.726,-6.721,-274.280,-496.723,-12.032,1.0000,0.9375,-303.641,-486.175,65.191,-260.560,-465.697,63.489,0.6464,0.0000,1.6000,1,-100.000,550.000,0.0000,0.0000,0,0,-260.560,-465.697,63.489,0.000,0,-1.000000,1.000,28.924,-1.000000,0.0000,0.0000,0,0,0.000,1.000,19.607,-260.560,-465.697,63.489,0,0,0,99.314326
374,53.9137,walk-to-authored-tree,-284.024,-486.928,72.152,112.500,-92.860,267.434,-292.441,-506.611,-4.522,-275.215,-496.583,-12.661,1.0000,0.9375,-304.089,-504.661,66.074,-261.306,-479.641,64.077,0.7833,0.0000,1.6000,1,-100.000,550.000,0.0000,0.0000,0,0,-261.306,-479.641,64.077,0.000,0,-1.000000,1.000,28.924,-1.000000,0.0000,0.0000,0,0,0.000,1.000,19.607,-261.306,-479.641,64.077,0,0,0,99.311989
375,54.0612,walk-to-authored-tree,-284.797,-503.519,71.599,112.500,-92.566,267.741,-292.785,-543.305,-11.697,-276.194,-496.443,-13.607,1.0000,0.9375,-305.661,-515.546,61.661,-262.462,-502.704,60.607,0.9217,0.0000,1.6000,1,-100.000,550.000,0.0000,0.0000,0,0,-262.462,-502.704,60.607,0.000,0,-1.000000,1.000,28.924,-1.000000,0.0000,0.0000,0,0,0.000,1.000,19.607,-262.462,-502.704,60.607,0,0,0,99.309627
376,54.2130,walk-to-authored-tree,-285.501,-520.560,71.032,112.500,-92.259,268.067,-293.410,-556.779,-13.913,-277.147,-506.747,-12.609,1.0000,0.9375,-307.714,-521.690,60.037,-264.076,-530.816,60.903,0.0638,0.0000,1.6000,1,-100.000,550.000,0.0000,0.0000,0,0,-264.076,-530.816,60.903,0.000,0,-1.000000,1.000,28.924,-1.000000,0.0000,0.0000,0,0,0.000,1.000,19.607,-264.076,-530.816,60.903,0,0,0,99.307202
377,54.3562,walk-to-authored-tree,-286.078,-536.688,70.493,112.500,-91.933,268.387,-294.293,-556.871,-14.541,-277.354,-540.941,-6.900,1.0000,0.9375,-309.048,-530.664,61.994,-265.342,-553.357,63.836,0.1983,0.0000,1.6000,1,-100.000,550.000,0.0000,0.0000,0,0,-265.342,-553.357,63.836,0.000,0,-1.000000,1.000,28.924,-1.000000,0.0000,0.0000,0,0,0.000,1.000,19.607,-265.342,-553.357,63.836,0,0,0,99.304906
378,54.5088,walk-to-authored-tree,-286.594,-553.828,69.918,112.500,-91.613,268.739,-295.222,-556.897,-14.900,-277.004,-582.906,-8.912,1.0000,0.9375,-309.463,-549.384,60.929,-265.617,-569.218,62.636,0.3412,0.0000,1.6000,1,-100.000,550.000,0.0000,0.0000,0,0,-265.617,-569.218,62.636,0.000,0,-1.000000,1.000,28.924,-1.000000,0.0000,0.0000,0,0,0.000,1.000,19.607,-265.617,-569.218,62.636,0,0,0,99.302467
379,54.6549,walk-to-authored-tree,-286.991,-570.283,69.386,112.500,-91.261,269.091,-296.389,-556.911,-15.586,-276.857,-613.166,-15.446,1.0000,0.9375,-308.954,-575.145,58.087,-265.360,-576.951,58.392,0.4784,0.0000,1.6000,1,-100.000,550.000,0.0000,0.0000,0,0,-265.360,-576.951,58.392,0.000,0,-1.000000,1.000,28.924,-1.000000,0.0000,0.0000,0,0,0.000,1.000,19.607,-265.360,-576.951,58.392,0,0,0,99.300127
380,54.7997,walk-to-authored-tree,-287.284,-586.536,68.860,112.500,-90.909,269.452,-296.113,-578.525,-12.330,-277.062,-616.215,-15.979,1.0000,0.9375,-307.269,-601.292,60.268,-264.773,-582.593,58.859,0.6139,0.0000,1.6000,1,-100.000,550.000,0.0000,0.0000,0,0,-264.773,-582.593,58.859,0.000,0,-1.000000,1.000,28.924,-1.000000,0.0000,0.0000,0,0,0.000,1.000,19.607,-264.773,-582.593,58.859,0,0,0,99.297815
381,54.9385,walk-to-authored-tree,-287.470,-602.186,68.348,112.500,-90.548,269.814,-295.475,-615.271,-8.098,-278.081,-616.052,-16.552,1.0000,0.9375,-306.786,-620.924,62.348,-265.090,-593.733,60.322,0.7443,0.0000,1.6000,1,-100.000,550.000,0.0000,0.0000,0,0,-265.090,-593.733,60.322,0.000,0,-1.000000,1.000,28.924,-1.000000,0.0000,0.0000,0,0,0.000,1.000,19.607,-265.090,-593.733,60.322,0,0,0,99.295589
382,55.0814,walk-to-authored-tree,-287.559,-618.239,67.864,112.500,-90.186,270.200,-294.201,-653.413,-13.054,-278.995,-616.044,-17.155,1.0000,0.9375,-307.438,-633.698,59.354,-265.272,-613.520,57.888,0.8781,0.0000,1.6000,1,-100.000,550.000,0.0000,0.0000,0,0,-265.272,-613.520,57.888,0.000,0,-1.000000,1.000,28.924,-1.000000,0.0000,0.0000,0,0,0.000,1.000,19.607,-265.272,-613.520,57.888,0,0,0,99.293306
383,55.2229,walk-to-authored-tree,-287.542,-634.178,67.370,112.500,-89.800,270.601,-293.492,-677.030,-17.587,-279.961,-617.462,-17.510,1.0000,0.9375,-309.041,-640.433,56.123,-265.524,-639.383,56.279,0.0109,0.0000,1.6000,1,-100.000,550.000,0.0000,0.0000,0,0,-265.524,-639.383,56.279,0.000,0,-1.000000,1.000,28.924,-1.000000,0.0000,0.0000,0,0,0.000,1.000,19.607,-265.524,-639.383,56.279,0,0,0,99.291039
384,55.3666,walk-to-authored-tree,-287.414,-650.311,66.901,112.500,-89.399,271.024,-294.213,-677.093,-17.911,-279.076,-645.739,-12.603,1.0000,0.9375,-310.334,-647.360,57.627,-265.800,-664.311,59.260,0.1453,0.0000,1.6000,1,-100.000,550.000,0.0000,0.0000,0,0,-265.800,-664.311,59.260,0.000,0,-1.000000,1.000,28.924,-1.000000,0.0000,0.0000,0,0,0.000,1.000,19.607,-265.800,-664.311,59.260,0,0,0,99.288744
385,55.5159,walk-to-authored-tree,-287.155,-667.138,66.462,112.500,-88.976,271.488,-295.098,-677.261,-18.388,-276.992,-686.336,-10.303,1.0000,0.9375,-310.453,-662.058,58.328,-265.577,-682.992,60.219,0.2856,0.0000,1.6000,1,-100.000,550.000,0.0000,0.0000,0,0,-265.577,-682.992,60.219,0.000,0,-1.000000,1.000,28.924,-1.000000,0.0000,0.0000,0,0,0.000,1.000,19.607,-265.577,-682.992,60.219,0,0,0,99.286351
386,55.6707,walk-to-authored-tree,-286.751,-684.523,65.998,112.500,-88.512,271.992,-295.937,-677.350,-18.758,-274.427,-724.168,-17.213,1.0000,0.9375,-308.775,-686.659,55.274,-264.567,-693.758,56.207,0.4305,0.0000,1.6000,1,-100.000,550.000,0.0000,0.0000,0,0,-264.567,-693.758,56.207,0.000,0,-1.000000,1.000,28.924,-1.000000,0.0000,0.0000,0,0,0.000,1.000,19.607,-264.567,-693.758,56.207,0,0,0,99.283878
387,55.8168,walk-to-authored-tree,-286.228,-700.978,65.600,112.500,-88.008,272.498,-296.321,-688.621,-17.685,-274.362,-735.524,-19.144,1.0000,0.9375,-306.426,-713.984,55.815,-264.236,-699.200,54.878,0.5677,0.0000,1.6000,1,-100.000,550.000,0.0000,0.0000,0,0,-264.236,-699.200,54.878,0.000,0,-1.000000,1.000,28.924,-1.000000,0.0000,0.0000,0,0,0.000,1.000,19.607,-264.236,-699.200,54.878,0,0,0,99.281536
388,55.9658,walk-to-authored-tree,-285.549,-717.708,65.265,112.500,-87.502,273.043,-293.493,-724.693,-11.596,-274.916,-735.511,-19.460,1.0000,0.9375,-303.898,-737.058,59.121,-263.577,-708.537,57.149,0.7072,0.0000,1.6000,1,-100.000,550.000,0.0000,0.0000,0,0,-263.577,-708.537,57.149,0.000,0,-1.000000,1.000,28.924,-1.000000,0.0000,0.0000,0,0,0.000,1.000,19.607,-263.577,-708.537,57.149,0,0,0,99.279155
389,56.1067,walk-to-authored-tree,-284.760,-733.555,64.940,112.500,-86.957,273.591,-290.013,-763.445,-14.018,-275.767,-735.461,-20.085,1.0000,0.9375,-303.251,-751.818,57.536,-262.805,-725.621,55.774,0.8394,0.0000,1.6000,1,-100.000,550.000,0.0000,0.0000,0,0,-262.805,-725.621,55.774,0.000,0,-1.000000,1.000,28.924,-1.000000,0.0000,0.0000,0,0,0.000,1.000,19.607,-262.805,-725.621,55.774,0,0,0,99.276898
390,56.2492,walk-to-authored-tree,-283.814,-749.523,64.670,112.500,-86.409,274.178,-287.196,-793.574,-19.946,-276.911,-735.510,-20.317,1.0000,0.9375,-304.278,-760.049,53.758,-261.678,-750.305,53.373,0.9727,0.0000,1.6000,1,-100.000,550.000,0.0000,0.0000,0,0,-261.678,-750.305,53.373,0.000,0,-1.000000,1.000,28.924,-1.000000,0.0000,0.0000,0,0,0.000,1.000,19.607,-261.678,-750.305,53.373,0,0,0,99.274623
391,56.3933,walk-to-authored-tree,-282.690,-765.713,64.435,112.500,-85.822,274.814,-287.200,-797.343,-20.525,-275.353,-755.548,-17.166,1.0000,0.9375,-305.308,-766.221,54.234,-260.222,-776.346,55.541,0.1080,0.0000,1.6000,1,-100.000,550.000,0.0000,0.0000,0,0,-260.222,-776.346,55.541,0.000,0,-1.000000,1.000,28.924,-1.000000,0.0000,0.0000,0,0,0.000,1.000,19.607,-260.222,-776.346,55.541,0,0,0,99.272315
392,56.5354,walk-to-authored-tree,-281.413,-781.633,64.236,112.500,-85.186,275.487,-287.864,-797.528,-20.661,-271.122,-792.278,-12.217,1.0000,0.9375,-305.007,-777.757,56.216,-258.805,-796.280,58.133,0.2411,0.0000,1.6000,1,-100.000,550.000,0.0000,0.0000,0,0,-258.805,-796.280,58.133,0.000,0,-1.000000,1.000,28.924,-1.000000,0.0000,0.0000,0,0,0.000,1.000,19.607,-258.805,-796.280,58.133,0,0,0,99.270044
393,56.6785,walk-to-authored-tree,-279.937,-797.703,64.061,112.500,-84.513,276.218,-288.918,-797.716,-20.851,-266.235,-830.320,-16.640,1.0000,0.9375,-302.935,-797.843,54.226,-257.391,-808.789,55.697,0.3756,0.0000,1.6000,1,-100.000,550.000,0.0000,0.0000,0,0,-257.391,-808.789,55.697,0.000,0,-1.000000,1.000,28.924,-1.000000,0.0000,0.0000,0,0,0.000,1.000,19.607,-257.391,-808.789,55.697,0,0,0,99.267748
394,56.8197,walk-to-authored-tree,-278.292,-813.471,63.900,112.500,-83.782,276.999,-289.320,-798.861,-20.973,-262.297,-854.076,-21.076,1.0000,0.9375,-298.350,-823.384,52.785,-255.693,-814.824,52.677,0.5077,0.0000,1.6000,1,-100.000,550.000,0.0000,0.0000,0,0,-255.693,-814.824,52.677,0.000,0,-1.000000,1.000,28.924,-1.000000,0.0000,0.0000,0,0,0.000,1.000,19.607,-255.693,-814.824,52.677,0,0,0,99.265494
395,56.9698,walk-to-authored-tree,-276.312,-830.267,63.738,112.500,-83.001,277.907,-285.485,-828.369,-15.507,-262.996,-854.244,-20.939,1.0000,0.9375,-293.679,-849.378,56.345,-254.925,-821.423,54.627,0.6486,0.0000,1.6000,1,-100.000,550.000,0.0000,0.0000,0,0,-254.925,-821.423,54.627,0.000,0,-1.000000,1.000,28.924,-1.000000,0.0000,0.0000,0,0,0.000,1.000,19.607,-254.925,-821.423,54.627,0,0,0,99.263088
396,57.1081,walk-to-authored-tree,-274.264,-845.660,63.599,112.500,-82.093,278.832,-279.046,-865.652,-13.024,-263.691,-854.106,-21.239,1.0000,0.9375,-290.652,-866.878,57.539,-253.322,-834.193,55.535,0.7780,0.0000,1.6000,1,-100.000,550.000,0.0000,0.0000,0,0,-253.322,-834.193,55.535,0.000,0,-1.000000,1.000,28.924,-1.000000,0.0000,0.0000,0,0,0.000,1.000,19.607,-253.322,-834.193,55.535,0,0,0,99.260880
397,57.2464,walk-to-authored-tree,-271.966,-861.057,63.469,112.500,-81.168,279.860,-272.168,-900.206,-19.045,-264.519,-854.056,-21.570,1.0000,0.9375,-289.687,-877.781,54.066,-250.323,-854.794,52.874,0.9077,0.0000,1.6000,1,-100.000,550.000,0.0000,0.0000,0,0,-250.323,-854.794,52.874,0.000,0,-1.000000,1.000,28.924,-1.000000,0.0000,0.0000,0,0,0.000,1.000,19.607,-250.323,-854.794,52.874,0,0,0,99.258666
398,57.3855,walk-to-authored-tree,-269.390,-876.481,63.346,112.500,-80.140,281.018,-268.711,-916.493,-21.627,-264.418,-859.587,-21.114,1.0000,0.9375,-290.168,-884.088,52.097,-246.444,-880.036,52.624,0.0381,0.0000,1.6000,1,-100.000,550.000,0.0000,0.0000,0,0,-246.444,-880.036,52.624,0.000,0,-1.000000,1.000,28.924,-1.000000,0.0000,0.0000,0,0,0.000,1.000,19.607,-246.444,-880.036,52.624,0,0,0,99.256442
399,57.5265,walk-to-authored-tree,-266.467,-892.105,63.232,112.500,-78.982,282.357,-269.045,-916.919,-21.765,-258.133,-889.777,-15.247,1.0000,0.9375,-289.868,-892.210,54.284,-242.552,-902.926,56.023,0.1705,0.0000,1.6000,1,-100.000,550.000,0.0000,0.0000,0,0,-242.552,-902.926,56.023,0.000,0,-1.000000,1.000,28.924,-1.000000,0.0000,0.0000,0,0,0.000,1.000,19.607,-242.552,-902.926,56.023,0,0,0,99.254181
400,57.6713,walk-to-authored-tree,-263.117,-908.018,63.125,112.500,-77.643,283.949,-269.574,-917.141,-21.857,-248.339,-928.366,-14.364,1.0000,0.9375,-286.777,-907.996,54.611,-238.877,-918.951,56.452,0.3060,0.0000,1.6000,1,-100.000,550.000,0.0000,0.0000,0,0,-238.877,-918.951,56.452,0.000,0,-1.000000,1.000,28.924,-1.000000,0.0000,0.0000,0,0,0.000,1.000,19.607,-238.877,-918.951,56.452,0,0,0,99.251868
401,57.8259,walk-to-authored-tree,-259.076,-924.961,63.024,112.500,-76.051,285.991,-270.498,-917.602,-22.111,-238.221,-962.451,-21.354,1.0000,0.9375,-279.640,-933.287,51.670,-235.842,-927.725,52.343,0.4512,0.0000,1.6000,1,-100.000,550.000,0.0000,0.0000,0,0,-235.842,-927.725,52.343,0.000,0,-1.000000,1.000,28.924,-1.000000,0.0000,0.0000,0,0,0.000,1.000,19.607,-235.842,-927.725,52.343,0,0,0,99.249391
402,57.9643,walk-to-authored-tree,-254.985,-939.952,62.946,112.500,-74.009,288.299,-267.163,-931.551,-19.970,-235.460,-969.086,-21.986,1.0000,0.9375,-270.911,-958.123,53.338,-234.154,-931.915,52.265,0.5807,0.0000,1.6000,1,-100.000,550.000,0.0000,0.0000,0,0,-234.154,-931.915,52.265,0.000,0,-1.000000,1.000,28.924,-1.000000,0.0000,0.0000,0,0,0.000,1.000,19.607,-234.154,-931.915,52.265,0,0,0,99.247181
403,58.1049,walk-to-authored-tree,-250.228,-955.068,62.878,112.500,-71.701,291.336,-255.616,-964.890,-13.875,-235.379,-968.730,-21.887,1.0000,0.9375,-262.571,-978.780,56.772,-231.635,-940.151,54.785,0.7127,0.0000,1.6000,1,-100.000,550.000,0.0000,0.0000,0,0,-231.635,-940.151,54.785,0.000,0,-1.000000,1.000,28.924,-1.000000,0.0000,0.0000,0,0,0.000,1.000,19.607,-231.635,-940.151,54.785,0,0,0,99.244927
404,58.2468,view-authored-tree,-250.228,-955.068,62.878,0.000,-71.701,291.336,-254.306,-968.333,-20.741,-236.254,-966.613,-22.186,0.2916,0.0000,-267.068,-971.582,57.079,-229.144,-948.679,56.492,0.7127,0.0000,1.6000,1,-100.000,550.000,0.0000,0.0000,0,0,-229.144,-948.679,56.492,0.000,0,-1.000000,1.000,28.924,-1.000000,0.0000,0.0000,0,0,0.000,1.000,19.607,-229.144,-948.679,56.492,0,0,0,99.242660
405,58.3974,view-authored-tree,-250.228,-955.068,62.878,0.000,-71.701,284.771,-253.639,-969.881,-22.034,-236.652,-965.672,-22.034,0.0000,0.0000,-268.750,-968.422,57.667,-228.350,-952.263,57.667,0.7127,0.0000,1.6000,1,-100.000,550.000,0.0000,0.0000,0,0,-228.350,-952.263,57.667,0.000,0,-1.000000,1.000,28.924,-1.000000,0.0000,0.0000,0,0,0.000,1.000,19.607,-228.350,-952.263,57.667,0,0,0,99.240247
406,58.5377,view-authored-tree,-250.228,-955.068,62.878,0.000,-71.701,281.121,-253.639,-969.881,-22.034,-236.652,-965.672,-22.034,0.0000,0.0000,-268.758,-968.402,57.658,-228.358,-952.243,57.658,0.7127,0.0000,1.6000,1,-100.000,550.000,0.0000,0.0000,0,0,-228.358,-952.243,57.658,0.000,0,-1.000000,1.000,28.924,-1.000000,0.0000,0.0000,0,0,0.000,1.000,19.607,-228.358,-952.243,57.658,0,0,0,99.238006
407,58.6758,view-authored-tree,-250.228,-955.068,62.878,0.000,-71.701,278.859,-253.639,-969.881,-22.034,-236.652,-965.672,-22.034,0.0000,0.0000,-268.795,-968.322,57.657,-228.385,-952.160,57.657,0.7127,0.0000,1.6000,1,-100.000,550.000,0.0000,0.0000,0,0,-228.385,-952.160,57.657,0.000,0,-1.000000,1.000,28.924,-1.000000,0.0000,0.0000,0,0,0.000,1.000,19.607,-228.385,-952.160,57.657,0,0,0,99.235790
408,58.8121,view-authored-tree,-250.228,-955.068,62.878,0.000,-71.701,277.456,-253.639,-969.881,-22.034,-236.652,-965.672,-22.034,0.0000,0.0000,-268.795,-968.322,57.657,-228.385,-952.160,57.657,0.7127,0.0000,1.6000,1,-100.000,550.000,0.0000,0.0000,0,0,-228.385,-952.160,57.657,0.000,0,-1.000000,1.000,28.924,-1.000000,0.0000,0.0000,0,0,0.000,1.000,19.607,-228.385,-952.160,57.657,0,0,0,99.233613
409,58.9477,view-authored-tree,-250.228,-955.068,62.878,0.000,-71.701,276.564,-253.639,-969.881,-22.034,-236.652,-965.672,-22.034,0.0000,0.0000,-268.803,-968.306,57.655,-228.391,-952.143,57.655,0.7127,0.0000,1.6000,1,-100.000,550.000,0.0000,0.0000,0,0,-228.391,-952.143,57.655,0.000,0,-1.000000,1.000,28.924,-1.000000,0.0000,0.0000,0,0,0.000,1.000,19.607,-228.391,-952.143,57.655,0,0,0,99.231442
410,59.0831,view-authored-tree,-250.228,-955.068,62.878,0.000,-71.701,275.998,-253.639,-969.881,-22.034,-236.652,-965.672,-22.034,0.0000,0.0000,-268.803,-968.306,57.655,-228.391,-952.143,57.655,0.7127,0.0000,1.6000,1,-100.000,550.000,0.0000,0.0000,0,0,-228.391,-952.143,57.655,0.000,0,-1.000000,1.000,28.924,-1.000000,0.0000,0.0000,0,0,0.000,1.000,19.607,-228.391,-952.143,57.655,0,0,0,99.229278
411,59.2288,view-authored-tree,-250.228,-955.068,62.878,0.000,-71.701,275.608,-253.639,-969.881,-22.034,-236.652,-965.672,-22.034,0.0000,0.0000,-268.736,-968.454,57.676,-228.337,-952.297,57.677,0.7127,0.0000,1.6000,1,-100.000,550.000,0.0000,0.0000,0,0,-228.337,-952.297,57.677,0.000,0,-1.000000,1.000,28.924,-1.000000,0.0000,0.0000,0,0,0.000,1.000,19.607,-228.337,-952.297,57.677,0,0,0,99.226944
412,59.3623,view-authored-tree,-250.228,-955.068,62.878,0.000,-71.701,275.390,-253.639,-969.881,-22.034,-236.652,-965.672,-22.034,0.0000,0.0000,-268.701,-968.533,57.688,-228.308,-952.378,57.688,0.7127,0.0000,1.6000,1,-100.000,550.000,0.0000,0.0000,0,0,-228.308,-952.378,57.688,0.000,0,-1.000000,1.000,28.924,-1.000000,0.0000,0.0000,0,0,0.000,1.000,19.607,-228.308,-952.378,57.688,0,0,0,99.224812
413,59.5000,view-authored-tree,-250.228,-955.068,62.878,0.000,-71.701,275.245,-253.639,-969.881,-22.034,-236.652,-965.672,-22.034,0.0000,0.0000,-268.662,-968.618,57.701,-228.277,-952.467,57.701,0.7127,0.0000,1.6000,1,-100.000,550.000,0.0000,0.0000,0,0,-228.277,-952.467,57.701,0.000,0,-1.000000,1.000,28.924,-1.000000,0.0000,0.0000,0,0,0.000,1.000,19.607,-228.277,-952.467,57.701,0,0,0,99.222603
414,59.6389,view-authored-tree,-250.228,-955.068,62.878,0.000,-71.701,275.153,-253.639,-969.881,-22.034,-236.652,-965.672,-22.034,0.0000,0.0000,-268.621,-968.711,57.716,-228.244,-952.562,57.716,0.7127,0.0000,1.6000,1,-100.000,550.000,0.0000,0.0000,0,0,-228.244,-952.562,57.716,0.000,0,-1.000000,1.000,28.924,-1.000000,0.0000,0.0000,0,0,0.000,1.000,19.607,-228.244,-952.562,57.716,0,0,0,99.220386
415,59.7739,view-authored-tree,-250.228,-955.068,62.878,0.000,-71.701,275.097,-253.639,-969.881,-22.034,-236.652,-965.672,-22.034,0.0000,0.0000,-268.588,-968.783,57.727,-228.217,-952.637,57.727,0.7127,0.0000,1.6000,1,-100.000,550.000,0.0000,0.0000,0,0,-228.217,-952.637,57.727,0.000,0,-1.000000,1.000,28.924,-1.000000,0.0000,0.0000,0,0,0.000,1.000,19.607,-228.217,-952.637,57.727,0,0,0,99.218222
416,59.9177,view-authored-tree,-250.228,-955.068,62.878,0.000,-71.701,275.059,-253.639,-969.881,-22.034,-236.652,-965.672,-22.034,0.0000,0.0000,-268.554,-968.859,57.739,-228.190,-952.715,57.739,0.7127,0.0000,1.6000,1,-100.000,550.000,0.0000,0.0000,0,0,-228.190,-952.715,57.739,0.000,0,-1.000000,1.000,28.924,-1.000000,0.0000,0.0000,0,0,0.000,1.000,19.607,-228.190,-952.715,57.739,0,0,0,99.215924
417,60.0553,view-authored-tree,-250.228,-955.068,62.878,0.000,-71.701,275.036,-253.639,-969.881,-22.034,-236.652,-965.672,-22.034,0.0000,0.0000,-268.553,-968.860,57.739,-228.189,-952.717,57.739,0.7127,0.0000,1.6000,1,-100.000,550.000,0.0000,0.0000,0,0,-228.189,-952.717,57.739,0.000,0,-1.000000,1.000,28.924,-1.000000,0.0000,0.0000,0,0,0.000,1.000,19.607,-228.189,-952.717,57.739,0,0,0,99.213719
418,60.1929,view-authored-tree,-250.228,-955.068,62.878,0.000,-71.701,275.022,-253.639,-969.881,-22.034,-236.652,-965.672,-22.034,0.0000,0.0000,-268.524,-968.925,57.750,-228.166,-952.783,57.750,0.7127,0.0000,1.6000,1,-100.000,550.000,0.0000,0.0000,0,0,-228.166,-952.783,57.750,0.000,0,-1.000000,1.000,28.924,-1.000000,0.0000,0.0000,0,0,0.000,1.000,19.607,-228.166,-952.783,57.750,0,0,0,99.211521
419,60.3276,view-authored-tree,-250.228,-955.068,62.878,0.000,-71.701,275.013,-253.639,-969.881,-22.034,-236.652,-965.672,-22.034,0.0000,0.0000,-268.524,-968.925,57.750,-228.166,-952.783,57.750,0.7127,0.0000,1.6000,1,-100.000,550.000,0.0000,0.0000,0,0,-228.166,-952.783,57.750,0.000,0,-1.000000,1.000,28.924,-1.000000,0.0000,0.0000,0,0,0.000,1.000,19.607,-228.166,-952.783,57.750,0,0,0,99.209364
420,60.4630,view-authored-tree,-250.228,-955.068,62.878,0.000,-71.701,275.007,-253.639,-969.881,-22.034,-236.652,-965.672,-22.034,0.0000,0.0000,-268.538,-968.894,57.745,-228.177,-952.752,57.745,0.7127,0.0000,1.6000,1,-100.000,550.000,0.0000,0.0000,0,0,-228.177,-952.752,57.745,0.000,0,-1.000000,1.000,28.924,-1.000000,0.0000,0.0000,0,0,0.000,1.000,19.607,-228.177,-952.752,57.745,0,0,0,99.207201
421,60.5991,view-authored-tree,-250.228,-955.068,62.878,0.000,-71.701,275.004,-253.639,-969.881,-22.034,-236.652,-965.672,-22.034,0.0000,0.0000,-268.568,-968.828,57.739,-228.201,-952.684,57.739,0.7127,0.0000,1.6000,1,-100.000,550.000,0.0000,0.0000,0,0,-228.201,-952.684,57.739,0.000,0,-1.000000,1.000,28.924,-1.000000,0.0000,0.0000,0,0,0.000,1.000,19.607,-228.201,-952.684,57.739,0,0,0,99.205018
422,60.7392,view-authored-tree,-250.228,-955.068,62.878,0.000,-71.701,275.001,-253.639,-969.881,-22.034,-236.652,-965.672,-22.034,0.0000,0.0000,-268.593,-968.772,57.725,-228.221,-952.626,57.725,0.7127,0.0000,1.6000,1,-100.000,550.000,0.0000,0.0000,0,0,-228.221,-952.626,57.725,0.000,0,-1.000000,1.000,28.924,-1.000000,0.0000,0.0000,0,0,0.000,1.000,19.607,-228.221,-952.626,57.725,0,0,0,99.202780
423,60.8814,view-authored-tree,-250.228,-955.068,62.878,0.000,-71.701,275.000,-253.639,-969.881,-22.034,-236.652,-965.672,-22.034,0.0000,0.0000,-268.635,-968.680,57.711,-228.255,-952.530,57.711,0.7127,0.0000,1.6000,1,-100.000,550.000,0.0000,0.0000,0,0,-228.255,-952.530,57.711,0.000,0,-1.000000,1.000,28.924,-1.000000,0.0000,0.0000,0,0,0.000,1.000,19.607,-228.255,-952.530,57.711,0,0,0,99.200503
424,61.0191,view-authored-tree,-250.228,-955.068,62.878,0.000,-71.701,275.000,-253.639,-969.881,-22.034,-236.652,-965.672,-22.034,0.0000,0.0000,-268.672,-968.596,57.698,-228.285,-952.444,57.698,0.7127,0.0000,1.6000,1,-100.000,550.000,0.0000,0.0000,0,0,-228.285,-952.444,57.698,0.000,0,-1.000000,1.000,28.924,-1.000000,0.0000,0.0000,0,0,0.000,1.000,19.607,-228.285,-952.444,57.698,0,0,0,99.198301
425,61.1565,view-authored-tree,-250.228,-955.068,62.878,0.000,-71.701,275.000,-253.639,-969.881,-22.034,-236.652,-965.672,-22.034,0.0000,0.0000,-268.712,-968.508,57.684,-228.317,-952.352,57.685,0.7127,0.0000,1.6000,1,-100.000,550.000,0.0000,0.0000,0,0,-228.317,-952.352,57.685,0.000,0,-1.000000,1.000,28.924,-1.000000,0.0000,0.0000,0,0,0.000,1.000,19.607,-228.317,-952.352,57.685,0,0,0,99.196099
426,61.2923,walk-into-authored-trunk,-250.228,-955.068,62.878,0.000,-71.701,275.000,-253.639,-969.881,-22.034,-236.652,-965.672,-22.034,0.0000,0.0000,-268.744,-968.437,57.673,-228.344,-952.278,57.673,0.7127,0.0000,1.6000,1,-100.000,550.000,0.0000,0.0000,0,0,-228.344,-952.278,57.673,0.000,0,-1.000000,1.000,28.924,-1.000000,0.0000,0.0000,0,0,0.000,1.000,19.607,-228.344,-952.278,57.673,0,0,0,99.193933
427,61.4301,walk-into-authored-trunk,-249.743,-960.615,62.839,60.419,-85.000,275.000,-255.751,-979.371,-17.468,-239.471,-970.579,-22.241,0.6905,0.5035,-268.478,-977.462,56.680,-227.930,-954.129,55.299,0.7823,0.0000,1.6000,1,-100.000,550.000,0.0000,0.0000,0,0,-227.930,-954.129,55.299,0.000,0,-1.000000,1.000,28.924,-1.000000,0.0000,0.0000,0,0,0.000,1.000,19.607,-227.930,-954.129,55.299,0,0,0,99.191723
428,61.5651,walk-into-authored-trunk,-248.597,-973.719,62.746,112.500,-85.000,275.000,-251.407,-1012.855,-19.820,-240.716,-967.130,-22.305,1.0000,0.9375,-267.415,-989.170,53.309,-226.582,-968.981,52.126,0.9086,0.0000,1.6000,1,-100.000,550.000,0.0000,0.0000,0,0,-226.582,-968.981,52.126,0.000,0,-1.000000,1.000,28.924,-1.000000,0.0000,0.0000,0,0,0.000,1.000,19.607,-226.582,-968.981,52.126,0,0,0,99.189567
429,61.7018,walk-into-authored-trunk,-247.254,-989.072,62.642,112.500,-85.000,275.000,-249.947,-1029.117,-22.343,-240.871,-972.609,-21.857,1.0000,0.9375,-268.579,-994.966,51.374,-224.691,-994.478,51.887,0.0370,0.0000,1.6000,1,-100.000,550.000,0.0000,0.0000,0,0,-224.691,-994.478,51.887,0.000,0,-1.000000,1.000,28.924,-1.000000,0.0000,0.0000,0,0,0.000,1.000,19.607,-224.691,-994.478,51.887,0,0,0,99.187375
430,61.8371,walk-into-authored-trunk,-245.930,-1004.201,62.545,112.500,-85.000,275.000,-250.972,-1029.407,-22.402,-237.565,-1001.663,-16.177,1.0000,0.9375,-269.162,-1002.122,53.510,-223.285,-1017.242,55.224,0.1636,0.0000,1.6000,1,-100.000,550.000,0.0000,0.0000,0,0,-223.285,-1017.242,55.224,0.000,0,-1.000000,1.000,28.924,-1.000000,0.0000,0.0000,0,0,0.000,1.000,19.607,-223.285,-1017.242,55.224,0,0,0,99.185215
431,61.9770,walk-into-authored-trunk,-244.556,-1019.906,62.453,112.500,-85.000,275.000,-251.964,-1029.450,-22.526,-232.842,-1040.038,-14.685,1.0000,0.9375,-268.118,-1016.579,54.099,-221.952,-1034.076,55.962,0.2950,0.0000,1.6000,1,-100.000,550.000,0.0000,0.0000,0,0,-221.952,-1034.076,55.962,0.000,0,-1.000000,1.000,28.924,-1.000000,0.0000,0.0000,0,0,0.000,1.000,19.607,-221.952,-1034.076,55.962,0,0,0,99.182973
432,62.1149,walk-into-authored-trunk,-243.206,-1035.340,62.420,112.500,-85.000,275.000,-252.665,-1029.487,-22.435,-228.534,-1073.505,-20.631,1.0000,0.9375,-265.123,-1038.361,51.716,-220.443,-1043.610,52.717,0.4241,0.0000,1.6000,1,-100.000,550.000,0.0000,0.0000,0,0,-220.443,-1043.610,52.717,0.000,0,-1.000000,1.000,28.924,-1.000000,0.0000,0.0000,0,0,0.000,1.000,19.607,-220.443,-1043.610,52.717,0,0,0,99.180770
433,62.2553,walk-into-authored-trunk,-241.827,-1051.105,62.420,112.500,-85.000,275.000,-252.602,-1038.334,-21.541,-227.914,-1086.395,-22.583,1.0000,0.9375,-261.504,-1064.246,52.063,-219.838,-1049.049,51.292,0.5559,0.0000,1.6000,1,-100.000,550.000,0.0000,0.0000,0,0,-219.838,-1049.049,51.292,0.000,0,-1.000000,1.000,28.924,-1.000000,0.0000,0.0000,0,0,0.000,1.000,19.607,-219.838,-1049.049,51.292,0,0,0,99.178519
434,62.4003,walk-into-authored-trunk,-240.409,-1067.315,62.420,112.500,-85.000,275.000,-248.406,-1071.960,-15.205,-228.709,-1086.446,-22.578,1.0000,0.9375,-257.966,-1087.110,55.746,-218.786,-1057.596,53.822,0.6915,0.0000,1.6000,1,-100.000,550.000,0.0000,0.0000,0,0,-218.786,-1057.596,53.822,0.000,0,-1.000000,1.000,28.924,-1.000000,0.0000,0.0000,0,0,0.000,1.000,19.607,-218.786,-1057.596,53.822,0,0,0,99.176205
435,62.5448,walk-into-authored-trunk,-238.989,-1083.543,62.420,112.500,-85.000,275.000,-243.415,-1111.650,-16.134,-229.621,-1086.603,-22.770,1.0000,0.9375,-256.637,-1102.830,55.171,-217.267,-1074.399,53.326,0.8273,0.0000,1.6000,1,-100.000,550.000,0.0000,0.0000,0,0,-217.267,-1074.399,53.326,0.000,0,-1.000000,1.000,28.924,-1.000000,0.0000,0.0000,0,0,0.000,1.000,19.607,-217.267,-1074.399,53.326,0,0,0,99.173888
436,62.6846,walk-into-authored-trunk,-237.621,-1099.182,62.155,112.500,-85.000,275.000,-239.933,-1142.557,-22.270,-230.719,-1086.755,-22.935,1.0000,0.9375,-257.449,-1111.336,51.428,-215.461,-1098.246,50.832,0.9581,0.0000,1.6000,1,-100.000,550.000,0.0000,0.0000,0,0,-215.461,-1098.246,50.832,0.000,0,-1.000000,1.000,28.924,-1.000000,0.0000,0.0000,0,0,0.000,1.000,19.607,-215.461,-1098.246,50.832,0,0,0,99.171655
437,62.8299,walk-into-authored-trunk,-236.193,-1115.499,62.155,112.500,-85.000,275.000,-239.953,-1148.785,-22.750,-229.160,-1103.733,-20.076,1.0000,0.9375,-258.550,-1117.202,51.738,-213.536,-1124.985,52.912,0.0946,0.0000,1.6000,1,-100.000,550.000,0.0000,0.0000,0,0,-213.536,-1124.985,52.912,0.000,0,-1.000000,1.000,28.924,-1.000000,0.0000,0.0000,0,0,0.000,1.000,19.607,-213.536,-1124.985,52.912,0,0,0,99.169326
438,62.9664,walk-into-authored-trunk,-234.857,-1130.774,62.155,112.500,-85.000,275.000,-240.938,-1148.878,-22.693,-225.010,-1138.168,-14.481,1.0000,0.9375,-258.460,-1127.212,54.090,-212.218,-1145.190,55.994,0.2224,0.0000,1.6000,1,-100.000,550.000,0.0000,0.0000,0,0,-212.218,-1145.190,55.994,0.000,0,-1.000000,1.000,28.924,-1.000000,0.0000,0.0000,0,0,0.000,1.000,19.607,-212.218,-1145.190,55.994,0,0,0,99.167145
439,63.1044,walk-into-authored-trunk,-233.504,-1146.243,62.155,112.500,-85.000,275.000,-241.938,-1149.037,-22.576,-220.417,-1175.718,-17.086,1.0000,0.9375,-256.676,-1144.939,53.029,-210.945,-1158.710,54.678,0.3518,0.0000,1.6000,1,-100.000,550.000,0.0000,0.0000,0,0,-210.945,-1158.710,54.678,0.000,0,-1.000000,1.000,28.924,-1.000000,0.0000,0.0000,0,0,0.000,1.000,19.607,-210.945,-1158.710,54.678,0,0,0,99.164937
440,63.2961,walk-into-authored-trunk,-231.625,-1167.712,62.155,112.500,-85.000,275.000,-242.461,-1153.585,-22.538,-217.125,-1205.832,-22.893,1.0000,0.9375,-251.578,-1179.098,51.281,-209.342,-1167.607,50.828,0.5314,0.0000,1.6000,1,-100.000,550.000,0.0000,0.0000,0,0,-209.342,-1167.607,50.828,0.000,0,-1.000000,1.000,28.924,-1.000000,0.0000,0.0000,0,0,0.000,1.000,19.607,-209.342,-1167.607,50.828,0,0,0,99.161872
441,63.4506,walk-into-authored-trunk,-230.108,-1185.062,61.894,112.500,-85.000,274.897,-238.434,-1187.210,-16.546,-218.084,-1206.013,-23.326,1.0000,0.9375,-247.738,-1204.459,54.685,-208.407,-1175.797,52.822,0.6765,0.0000,1.6000,1,-100.000,550.000,0.0000,0.0000,0,0,-208.407,-1175.797,52.822,0.000,0,-1.000000,1.000,28.924,-1.000000,0.0000,0.0000,0,0,0.000,1.000,19.607,-208.407,-1175.797,52.822,0,0,0,99.159395
442,63.5970,walk-into-authored-trunk,-228.697,-1201.418,61.894,112.500,-85.103,274.728,-233.550,-1227.241,-16.060,-219.109,-1206.205,-23.313,1.0000,0.9375,-246.314,-1221.064,54.946,-207.034,-1191.879,53.039,0.8133,0.0000,1.6000,1,-100.000,550.000,0.0000,0.0000,0,0,-207.034,-1191.879,53.039,0.000,0,-1.000000,1.000,28.924,-1.000000,0.0000,0.0000,0,0,0.000,1.000,19.607,-207.034,-1191.879,53.039,0,0,0,99.157060
443,63.7404,walk-into-authored-trunk,-227.348,-1217.544,61.894,112.500,-85.272,274.516,-229.840,-1260.253,-22.360,-220.106,-1206.338,-23.271,1.0000,0.9375,-246.935,-1230.355,51.311,-205.127,-1215.907,50.569,0.9482,0.0000,1.6000,1,-100.000,550.000,0.0000,0.0000,0,0,-205.127,-1215.907,50.569,0.000,0,-1.000000,1.000,28.924,-1.000000,0.0000,0.0000,0,0,0.000,1.000,19.607,-205.127,-1215.907,50.569,0,0,0,99.154758
444,63.8798,walk-into-authored-trunk,-226.094,-1233.149,61.894,112.500,-85.484,274.280,-229.851,-1268.305,-22.979,-219.177,-1219.748,-21.051,1.0000,0.9375,-248.203,-1235.762,51.190,-203.520,-1241.816,52.207,0.0786,0.0000,1.6000,1,-100.000,550.000,0.0000,0.0000,0,0,-203.520,-1241.816,52.207,0.000,0,-1.000000,1.000,28.924,-1.000000,0.0000,0.0000,0,0,0.000,1.000,19.607,-203.520,-1241.816,52.207,0,0,0,99.152532
445,64.0200,walk-into-authored-trunk,-224.892,-1248.899,61.894,112.500,-85.720,274.018,-231.037,-1268.393,-23.015,-215.436,-1254.324,-15.064,1.0000,0.9375,-248.427,-1245.207,53.663,-202.456,-1263.436,55.541,0.2103,0.0000,1.6000,1,-100.000,550.000,0.0000,0.0000,0,0,-202.456,-1263.436,55.541,0.000,0,-1.000000,1.000,28.924,-1.000000,0.0000,0.0000,0,0,0.000,1.000,19.607,-202.456,-1263.436,55.541,0,0,0,99.150285
446,64.1639,walk-into-authored-trunk,-223.734,-1265.011,61.894,112.500,-85.982,273.731,-232.085,-1268.485,-22.874,-211.270,-1293.605,-17.055,1.0000,0.9375,-246.913,-1262.992,52.880,-201.364,-1278.135,54.569,0.3449,0.0000,1.6000,1,-100.000,550.000,0.0000,0.0000,0,0,-201.364,-1278.135,54.569,0.000,0,-1.000000,1.000,28.924,-1.000000,0.0000,0.0000,0,0,0.000,1.000,19.607,-201.364,-1278.135,54.569,0,0,0,99.147988
447,64.3043,walk-into-authored-trunk,-222.675,-1280.805,61.894,112.500,-86.269,273.431,-233.167,-1268.500,-23.090,-208.846,-1322.597,-22.914,1.0000,0.9375,-244.148,-1287.429,50.590,-200.532,-1285.694,50.918,0.4768,0.0000,1.6000,1,-100.000,550.000,0.0000,0.0000,0,0,-200.532,-1285.694,50.918,0.000,0,-1.000000,1.000,28.924,-1.000000,0.0000,0.0000,0,0,0.000,1.000,19.607,-200.532,-1285.694,50.918,0,0,0,99.145737
448,64.4458,walk-into-authored-trunk,-221.693,-1296.678,61.894,112.500,-86.569,273.116,-231.148,-1288.814,-19.639,-209.165,-1326.005,-23.043,1.0000,0.9375,-240.545,-1312.634,53.063,-199.504,-1291.324,51.701,0.6093,0.0000,1.6000,1,-100.000,550.000,0.0000,0.0000,0,0,-199.504,-1291.324,51.701,0.000,0,-1.000000,1.000,28.924,-1.000000,0.0000,0.0000,0,0,0.000,1.000,19.607,-199.504,-1291.324,51.701,0,0,0,99.143475
449,64.5861,walk-into-authored-trunk,-220.803,-1312.447,61.894,112.500,-86.884,272.787,-228.022,-1325.402,-14.576,-210.491,-1326.100,-22.997,1.0000,0.9375,-238.886,-1332.366,55.889,-199.006,-1302.597,53.865,0.7409,0.0000,1.6000,1,-100.000,550.000,0.0000,0.0000,0,0,-199.006,-1302.597,53.865,0.000,0,-1.000000,1.000,28.924,-1.000000,0.0000,0.0000,0,0,0.000,1.000,19.607,-199.006,-1302.597,53.865,0,0,0,99.141229
450,64.7340,walk-into-authored-trunk,-219.962,-1329.051,61.894,112.500,-87.213,272.426,-224.742,-1364.718,-19.139,-211.535,-1326.247,-23.172,1.0000,0.9375,-239.021,-1345.449,53.295,-197.940,-1323.263,51.841,0.8795,0.0000,1.6000,1,-100.000,550.000,0.0000,0.0000,0,0,-197.940,-1323.263,51.841,0.000,0,-1.000000,1.000,28.924,-1.000000,0.0000,0.0000,0,0,0.000,1.000,19.607,-197.940,-1323.263,51.841,0,0,0,99.138864
451,64.8759,walk-into-authored-trunk,-219.249,-1345.021,61.894,112.500,-87.574,272.063,-223.560,-1387.856,-23.058,-212.329,-1328.037,-22.979,1.0000,0.9375,-240.523,-1351.953,50.636,-197.050,-1349.520,50.820,0.0127,0.0000,1.6000,1,-100.000,550.000,0.0000,0.0000,0,0,-197.050,-1349.520,50.820,0.000,0,-1.000000,1.000,28.924,-1.000000,0.0000,0.0000,0,0,0.000,1.000,19.607,-197.050,-1349.520,50.820,0,0,0,99.136591
452,65.0184,walk-into-authored-trunk,-218.637,-1361.020,61.894,112.500,-87.937,271.683,-224.764,-1387.873,-22.914,-210.412,-1356.348,-17.563,1.0000,0.9375,-241.635,-1358.616,52.642,-196.679,-1374.498,54.280,0.1461,0.0000,1.6000,1,-100.000,550.000,0.0000,0.0000,0,0,-196.679,-1374.498,54.280,0.000,0,-1.000000,1.000,28.924,-1.000000,0.0000,0.0000,0,0,0.000,1.000,19.607,-196.679,-1374.498,54.280,0,0,0,99.134314
453,65.1613,walk-into-authored-trunk,-218.126,-1377.108,61.894,112.500,-88.317,271.284,-225.885,-1387.944,-22.939,-207.823,-1395.247,-14.746,1.0000,0.9375,-241.485,-1372.223,53.822,-196.361,-1392.781,55.723,0.2802,0.0000,1.6000,1,-100.000,550.000,0.0000,0.0000,0,0,-196.361,-1392.781,55.723,0.000,0,-1.000000,1.000,28.924,-1.000000,0.0000,0.0000,0,0,0.000,1.000,19.607,-196.361,-1392.781,55.723,0,0,0,99.132024
454,65.3021,walk-into-authored-trunk,-217.732,-1392.914,61.894,112.500,-88.716,270.873,-226.601,-1387.873,-23.119,-205.595,-1430.710,-20.785,1.0000,0.9375,-239.860,-1393.640,51.240,-195.504,-1403.418,52.366,0.4120,0.0000,1.6000,1,-100.000,550.000,0.0000,0.0000,0,0,-195.504,-1403.418,52.366,0.000,0,-1.000000,1.000,28.924,-1.000000,0.0000,0.0000,0,0,0.000,1.000,19.607,-195.504,-1403.418,52.366,0,0,0,99.129776
455,65.4390,walk-into-authored-trunk,-217.455,-1408.346,61.894,112.500,-89.127,270.453,-227.260,-1393.906,-22.626,-205.887,-1446.338,-23.209,1.0000,0.9375,-238.125,-1418.924,51.124,-195.278,-1409.089,50.552,0.5406,0.0000,1.6000,1,-100.000,550.000,0.0000,0.0000,0,0,-195.278,-1409.089,50.552,0.000,0,-1.000000,1.000,28.924,-1.000000,0.0000,0.0000,0,0,0.000,1.000,19.607,-195.278,-1409.089,50.552,0,0,0,99.127580
456,65.5828,walk-into-authored-trunk,-217.284,-1424.498,61.894,112.500,-89.547,269.993,-225.763,-1425.764,-16.585,-206.944,-1446.494,-23.309,1.0000,0.9375,-236.400,-1442.400,54.672,-194.914,-1417.024,52.815,0.6752,0.0000,1.6000,1,-100.000,550.000,0.0000,0.0000,0,0,-194.914,-1417.024,52.815,0.000,0,-1.000000,1.000,28.924,-1.000000,0.0000,0.0000,0,0,0.000,1.000,19.607,-194.914,-1417.024,52.815,0,0,0,99.125283
457,65.7234,walk-into-authored-trunk,-217.240,-1440.331,61.894,112.500,-90.007,269.517,-224.363,-1464.594,-15.622,-208.065,-1446.667,-23.084,1.0000,0.9375,-236.455,-1458.549,55.293,-194.855,-1432.499,53.365,0.8072,0.0000,1.6000,1,-100.000,550.000,0.0000,0.0000,0,0,-194.855,-1432.499,53.365,0.000,0,-1.000000,1.000,28.924,-1.000000,0.0000,0.0000,0,0,0.000,1.000,19.607,-194.855,-1432.499,53.365,0,0,0,99.123031
458,65.8639,walk-into-authored-trunk,-217.325,-1456.115,61.894,112.500,-90.483,269.017,-223.798,-1497.743,-22.118,-209.102,-1446.710,-23.370,1.0000,0.9375,-237.944,-1467.785,51.444,-195.085,-1455.776,50.579,0.9387,0.0000,1.6000,1,-100.000,550.000,0.0000,0.0000,0,0,-195.085,-1455.776,50.579,0.000,0,-1.000000,1.000,28.924,-1.000000,0.0000,0.0000,0,0,0.000,1.000,19.607,-195.085,-1455.776,50.579,0,0,0,99.120786
459,66.0013,walk-into-authored-trunk,-217.541,-1471.606,62.160,112.500,-90.983,268.498,-224.669,-1507.525,-22.801,-209.483,-1457.935,-21.347,1.0000,0.9375,-239.763,-1472.929,51.197,-195.916,-1481.674,52.111,0.0678,0.0000,1.6000,1,-100.000,550.000,0.0000,0.0000,0,0,-195.916,-1481.674,52.111,0.000,0,-1.000000,1.000,28.924,-1.000000,0.0000,0.0000,0,0,0.000,1.000,19.607,-195.916,-1481.674,52.111,0,0,0,99.118583
460,66.1406,walk-into-authored-trunk,-217.898,-1487.231,62.160,112.500,-91.502,267.944,-225.959,-1507.508,-22.875,-209.143,-1491.373,-15.247,1.0000,0.9375,-240.911,-1481.388,53.656,-197.035,-1503.735,55.497,0.1981,0.0000,1.6000,1,-100.000,550.000,0.0000,0.0000,0,0,-197.035,-1503.735,55.497,0.000,0,-1.000000,1.000,28.924,-1.000000,0.0000,0.0000,0,0,0.000,1.000,19.607,-197.035,-1503.735,55.497,0,0,0,99.116360
461,66.2798,walk-into-authored-trunk,-218.405,-1502.914,62.160,112.500,-92.056,267.351,-226.977,-1507.393,-22.748,-209.037,-1530.059,-16.179,1.0000,0.9375,-241.229,-1497.795,53.320,-197.541,-1518.901,55.089,0.3288,0.0000,1.6000,1,-100.000,550.000,0.0000,0.0000,0,0,-197.541,-1518.901,55.089,0.000,0,-1.000000,1.000,28.924,-1.000000,0.0000,0.0000,0,0,0.000,1.000,19.607,-197.541,-1518.901,55.089,0,0,0,99.114129
462,66.4390,walk-into-authored-trunk,-219.168,-1520.777,62.160,112.500,-92.649,266.630,-228.235,-1507.253,-22.817,-210.073,-1563.877,-22.664,1.0000,0.9375,-241.243,-1525.059,50.859,-197.705,-1528.013,51.172,0.4778,0.0000,1.6000,1,-100.000,550.000,0.0000,0.0000,0,0,-197.705,-1528.013,51.172,0.000,0,-1.000000,1.000,28.924,-1.000000,0.0000,0.0000,0,0,0.000,1.000,19.607,-197.705,-1528.013,51.172,0,0,0,99.111586
463,66.5785,walk-into-authored-trunk,-220.023,-1536.475,62.425,112.500,-93.370,265.940,-228.477,-1527.489,-19.144,-211.053,-1567.135,-22.523,1.0000,0.9375,-240.633,-1550.057,53.569,-197.355,-1533.817,52.212,0.6088,0.0000,1.6000,1,-100.000,550.000,0.0000,0.0000,0,0,-197.355,-1533.817,52.212,0.000,0,-1.000000,1.000,28.924,-1.000000,0.0000,0.0000,0,0,0.000,1.000,19.607,-197.355,-1533.817,52.212,0,0,0,99.109350
464,66.7232,walk-into-authored-trunk,-221.104,-1552.701,62.425,112.500,-94.060,265.170,-229.895,-1565.282,-14.020,-212.582,-1567.108,-22.475,1.0000,0.9375,-241.531,-1570.221,56.426,-198.248,-1545.634,54.400,0.7443,0.0000,1.6000,1,-100.000,550.000,0.0000,0.0000,0,0,-198.248,-1545.634,54.400,0.000,0,-1.000000,1.000,28.924,-1.000000,0.0000,0.0000,0,0,0.000,1.000,19.607,-198.248,-1545.634,54.400,0,0,0,99.107037
465,66.8620,walk-into-authored-trunk,-222.345,-1568.293,62.425,112.500,-94.830,264.362,-231.816,-1602.342,-18.212,-213.655,-1567.200,-22.482,1.0000,0.9375,-243.411,-1582.265,54.127,-199.746,-1565.202,52.633,0.8747,0.0000,1.6000,1,-100.000,550.000,0.0000,0.0000,0,0,-199.746,-1565.202,52.633,0.000,0,-1.000000,1.000,28.924,-1.000000,0.0000,0.0000,0,0,0.000,1.000,19.607,-199.746,-1565.202,52.633,0,0,0,99.104813
466,66.9988,walk-into-authored-trunk,-223.774,-1583.598,62.687,112.500,-95.638,263.494,-234.055,-1626.587,-22.254,-214.493,-1567.681,-22.223,1.0000,0.9375,-245.738,-1588.339,51.493,-202.286,-1590.338,51.527,0.0028,0.0000,1.6000,1,-100.000,550.000,0.0000,0.0000,0,0,-202.286,-1590.338,51.527,0.000,0,-1.000000,1.000,28.924,-1.000000,0.0000,0.0000,0,0,0.000,1.000,19.607,-202.286,-1590.338,51.527,0,0,0,99.102626
467,67.1338,walk-into-authored-trunk,-225.408,-1598.703,62.687,112.500,-96.506,262.549,-235.532,-1626.362,-22.200,-216.406,-1592.901,-17.736,1.0000,0.9375,-247.731,-1593.752,52.977,-205.499,-1614.533,54.492,0.1294,0.0000,1.6000,1,-100.000,550.000,0.0000,0.0000,0,0,-205.499,-1614.533,54.492,0.000,0,-1.000000,1.000,28.924,-1.000000,0.0000,0.0000,0,0,0.000,1.000,19.607,-205.499,-1614.533,54.492,0,0,0,99.100466
468,67.3296,walk-into-authored-trunk,-228.159,-1620.532,62.950,112.500,-97.451,261.030,-237.221,-1626.119,-21.958,-221.176,-1645.863,-14.705,1.0000,0.9375,-250.374,-1612.740,54.391,-208.973,-1638.889,56.224,0.3127,0.0000,1.6000,1,-100.000,550.000,0.0000,0.0000,0,0,-208.973,-1638.889,56.224,0.000,0,-1.000000,1.000,28.924,-1.000000,0.0000,0.0000,0,0,0.000,1.000,19.607,-208.973,-1638.889,56.224,0,0,0,99.097336
469,67.4663,walk-into-authored-trunk,-230.427,-1635.786,62.950,112.500,-98.970,259.740,-238.116,-1625.763,-21.974,-225.669,-1677.810,-20.854,1.0000,0.9375,-252.546,-1634.691,51.919,-210.192,-1648.121,52.720,0.4413,0.0000,1.6000,1,-100.000,550.000,0.0000,0.0000,0,0,-210.192,-1648.121,52.720,0.000,0,-1.000000,1.000,28.924,-1.000000,0.0000,0.0000,0,0,0.000,1.000,19.607,-210.192,-1648.121,52.720,0,0,0,99.095143
470,67.6122,walk-into-authored-trunk,-233.213,-1651.925,63.208,112.500,-100.260,258.166,-240.428,-1638.710,-19.799,-228.669,-1687.032,-21.685,1.0000,0.9375,-255.574,-1660.991,53.560,-211.058,-1654.139,52.517,0.5777,0.0000,1.6000,1,-100.000,550.000,0.0000,0.0000,0,0,-211.058,-1654.139,52.517,0.000,0,-1.000000,1.000,28.924,-1.000000,0.0000,0.0000,0,0,0.000,1.000,19.607,-211.058,-1654.139,52.517,0,0,0,99.092814
471,67.7586,walk-into-authored-trunk,-236.443,-1668.094,63.208,112.500,-101.834,256.282,-246.104,-1674.312,-13.492,-230.421,-1687.098,-21.572,1.0000,0.9375,-259.025,-1682.450,57.119,-212.869,-1664.473,55.126,0.7151,0.0000,1.6000,1,-100.000,550.000,0.0000,0.0000,0,0,-212.869,-1664.473,55.126,0.000,0,-1.000000,1.000,28.924,-1.000000,0.0000,0.0000,0,0,0.000,1.000,19.607,-212.869,-1664.473,55.126,0,0,0,99.090469
472,67.8990,walk-into-authored-trunk,-235.234,-1675.024,63.392,30.295,-103.718,254.061,-246.235,-1686.925,-14.727,-229.157,-1690.070,-21.624,0.8656,0.2525,-258.378,-1687.254,57.304,-211.904,-1673.508,55.552,0.7505,0.0000,1.6000,1,-100.000,550.000,0.0000,0.0000,0,0,-211.904,-1673.508,55.552,0.000,0,-1.000000,1.000,28.924,-1.000000,0.0000,0.0000,0,0,0.000,1.000,19.607,-211.904,-1673.508,55.552,0,0,0,99.088226
473,68.0353,walk-into-authored-trunk,-232.176,-1677.076,63.420,26.331,-105.939,251.448,-244.511,-1692.572,-16.215,-226.111,-1689.908,-21.627,0.7523,0.2194,-255.719,-1686.845,57.249,-209.247,-1678.025,55.754,0.7805,0.0000,1.6000,1,-100.000,550.000,0.0000,0.0000,0,0,-209.247,-1678.025,55.754,0.000,0,-1.000000,1.000,28.924,-1.000000,0.0000,0.0000,0,0,0.000,1.000,19.607,-209.247,-1678.025,55.754,0,0,0,99.086041
474,68.1721,walk-into-authored-trunk,-229.444,-1679.099,63.447,24.897,-108.552,248.731,-243.348,-1697.407,-17.311,-223.327,-1690.018,-21.840,0.7114,0.2075,-253.272,-1686.923,56.878,-206.887,-1682.069,55.509,0.8088,0.0000,1.6000,1,-100.000,550.000,0.0000,0.0000,0,0,-206.887,-1682.069,55.509,0.000,0,-1.000000,1.000,28.924,-1.000000,0.0000,0.0000,0,0,0.000,1.000,19.607,-206.887,-1682.069,55.509,0,0,0,99.083857
475,68.3101,walk-into-authored-trunk,-226.860,-1681.195,63.474,24.229,-111.269,245.990,-242.554,-1701.759,-18.295,-220.582,-1690.217,-21.933,0.6922,0.2019,-250.875,-1687.116,56.512,-204.819,-1686.057,55.266,0.8367,0.0000,1.6000,1,-100.000,550.000,0.0000,0.0000,0,0,-204.819,-1686.057,55.266,0.000,0,-1.000000,1.000,28.924,-1.000000,0.0000,0.0000,0,0,0.000,1.000,19.607,-204.819,-1686.057,55.266,0,0,0,99.081644
476,68.4478,walk-into-authored-trunk,-224.443,-1683.350,63.501,23.797,-114.010,243.309,-242.108,-1705.525,-19.038,-217.950,-1690.626,-21.770,0.6799,0.1983,-248.603,-1687.187,56.361,-203.234,-1690.165,55.268,0.8640,0.0000,1.6000,1,-100.000,550.000,0.0000,0.0000,0,0,-203.234,-1690.165,55.268,0.000,0,-1.000000,1.000,28.924,-1.000000,0.0000,0.0000,0,0,0.000,1.000,19.607,-203.234,-1690.165,55.268,0,0,0,99.079446
477,68.5905,walk-into-authored-trunk,-222.056,-1685.659,63.530,23.509,-116.691,240.566,-241.527,-1709.084,-20.363,-214.961,-1691.274,-22.158,0.6717,0.1959,-245.960,-1687.389,55.660,-201.690,-1694.569,54.736,0.8920,0.0000,1.6000,1,-100.000,550.000,0.0000,0.0000,0,0,-201.690,-1694.569,54.736,0.000,0,-1.000000,1.000,28.924,-1.000000,0.0000,0.0000,0,0,0.000,1.000,19.607,-201.690,-1694.569,54.736,0,0,0,99.077159
478,68.7311,walk-into-authored-trunk,-219.855,-1688.016,63.558,23.233,-119.434,237.918,-241.167,-1711.938,-21.410,-212.139,-1692.097,-22.380,0.6638,0.1936,-243.450,-1687.503,55.206,-200.682,-1699.068,54.473,0.9192,0.0000,1.6000,1,-100.000,550.000,0.0000,0.0000,0,0,-200.682,-1699.068,54.473,0.000,0,-1.000000,1.000,28.924,-1.000000,0.0000,0.0000,0,0,0.000,1.000,19.607,-200.682,-1699.068,54.473,0,0,0,99.074913
479,68.8768,retreat-from-authored-trunk,-217.686,-1690.529,63.587,23.040,-122.082,235.203,-240.716,-1714.650,-22.246,-209.131,-1693.139,-22.550,0.6583,0.1920,-240.723,-1687.768,54.834,-199.859,-1703.683,54.327,0.9472,0.0000,1.6000,1,-100.000,550.000,0.0000,0.0000,0,0,-199.859,-1703.683,54.327,0.000,0,-1.000000,1.000,28.924,-1.000000,0.0000,0.0000,0,0,0.000,1.000,19.607,-199.859,-1703.683,54.327,0,0,0,99.072577
480,69.0132,retreat-from-authored-trunk,-213.357,-1686.557,63.587,60.822,-81.247,232.705,-213.023,-1729.196,-21.348,-208.360,-1668.943,-21.273,1.0000,0.5069,-233.836,-1695.503,52.310,-190.773,-1688.879,52.546,0.0162,0.0000,1.6000,1,-100.000,550.000,0.0000,0.0000,0,0,-190.773,-1688.879,52.546,0.000,0,-1.000000,1.000,28.924,-1.000000,0.0000,0.0000,0,0,0.000,1.000,19.607,-190.773,-1688.879,52.546,0,0,0,99.070399
481,69.1528,retreat-from-authored-trunk,-205.349,-1676.333,63.587,101.250,-39.279,231.151,-188.035,-1699.461,-21.264,-204.774,-1666.011,-16.548,1.0000,0.8438,-221.803,-1692.279,54.009,-181.066,-1668.326,55.567,0.1342,0.0000,1.6000,1,-100.000,550.000,0.0000,0.0000,0,0,-181.066,-1668.326,55.567,0.000,0,-1.000000,1.000,28.924,-1.000000,0.0000,0.0000,0,0,0.000,1.000,19.607,-181.066,-1668.326,55.567,0,0,0,99.068161
482,69.2928,retreat-from-authored-trunk,-196.543,-1665.253,63.587,101.250,2.656,230.820,-182.194,-1672.453,-21.313,-183.469,-1655.136,-12.828,1.0000,0.8438,-201.380,-1688.683,55.582,-181.019,-1643.214,57.497,0.2522,0.0000,1.6000,1,-100.000,550.000,0.0000,0.0000,0,0,-181.019,-1643.214,57.497,0.000,0,-1.000000,1.000,28.924,-1.000000,0.0000,0.0000,0,0,0.000,1.000,19.607,-181.019,-1643.214,57.497,0,0,0,99.065924
483,69.4323,retreat-from-authored-trunk,-187.631,-1654.256,63.587,101.250,44.595,230.820,-181.575,-1660.732,-21.396,-171.453,-1623.537,-16.890,1.0000,0.8438,-173.213,-1672.226,53.788,-193.050,-1629.564,55.305,0.3701,0.0000,1.6000,1,-100.000,550.000,0.0000,0.0000,0,0,-193.050,-1629.564,55.305,0.000,0,-1.000000,1.000,28.924,-1.000000,0.0000,0.0000,0,0,0.000,1.000,19.607,-193.050,-1629.564,55.305,0,0,0,99.063688
484,69.5688,retreat-from-authored-trunk,-178.919,-1643.556,63.587,101.250,50.820,230.820,-180.234,-1660.538,-21.346,-160.490,-1603.348,-21.319,1.0000,0.8438,-158.345,-1652.730,52.319,-192.265,-1625.396,52.530,0.4851,0.0000,1.6000,1,-100.000,550.000,0.0000,0.0000,0,0,-192.265,-1625.396,52.530,0.000,0,-1.000000,1.000,28.924,-1.000000,0.0000,0.0000,0,0,0.000,1.000,19.607,-192.265,-1625.396,52.530,0,0,0,99.061507
485,69.7084,retreat-from-authored-trunk,-169.973,-1632.579,63.335,101.250,50.820,230.820,-168.799,-1645.358,-18.648,-158.958,-1601.922,-21.731,1.0000,0.8438,-145.506,-1633.909,54.180,-189.708,-1621.176,52.881,0.6031,0.0000,1.6000,1,-100.000,550.000,0.0000,0.0000,0,0,-189.708,-1621.176,52.881,0.000,0,-1.000000,1.000,28.924,-1.000000,0.0000,0.0000,0,0,0.000,1.000,19.607,-189.708,-1621.176,52.881,0,0,0,99.059270
486,69.8463,retreat-from-authored-trunk,-161.183,-1621.792,63.335,101.250,50.820,230.820,-149.345,-1620.157,-13.315,-158.072,-1602.526,-21.469,1.0000,0.8438,-134.500,-1619.370,57.265,-183.820,-1614.232,55.265,0.7191,0.0000,1.6000,1,-100.000,550.000,0.0000,0.0000,0,0,-183.820,-1614.232,55.265,0.000,0,-1.000000,1.000,28.924,-1.000000,0.0000,0.0000,0,0,0.000,1.000,19.607,-183.820,-1614.232,55.265,0,0,0,99.057071
487,69.9910,retreat-from-authored-trunk,-151.903,-1610.406,63.335,101.250,50.820,230.820,-127.707,-1591.560,-15.693,-157.398,-1603.174,-21.663,1.0000,0.8438,-125.946,-1609.404,55.899,-173.409,-1601.481,54.156,0.8415,0.0000,1.6000,1,-100.000,550.000,0.0000,0.0000,0,0,-173.409,-1601.481,54.156,0.000,0,-1.000000,1.000,28.924,-1.000000,0.0000,0.0000,0,0,0.000,1.000,19.607,-173.409,-1601.481,54.156,0,0,0,99.054749
488,70.1303,retreat-from-authored-trunk,-143.001,-1599.483,63.335,101.250,50.820,230.820,-111.075,-1569.955,-21.101,-156.658,-1603.672,-21.749,1.0000,0.8438,-120.333,-1604.647,52.596,-159.494,-1584.670,52.012,0.9589,0.0000,1.6000,1,-100.000,550.000,0.0000,0.0000,0,0,-159.494,-1584.670,52.012,0.000,0,-1.000000,1.000,28.924,-1.000000,0.0000,0.0000,0,0,0.000,1.000,19.607,-159.494,-1584.670,52.012,0,0,0,99.052523
489,70.2697,retreat-from-authored-trunk,-134.075,-1588.532,63.335,101.250,50.820,230.820,-106.922,-1565.524,-21.557,-148.432,-1593.600,-19.719,1.0000,0.8438,-116.194,-1601.790,52.582,-144.490,-1566.777,53.581,0.0766,0.0000,1.6000,1,-100.000,550.000,0.0000,0.0000,0,0,-144.490,-1566.777,53.581,0.000,0,-1.000000,1.000,28.924,-1.000000,0.0000,0.0000,0,0,0.000,1.000,19.607,-144.490,-1566.777,53.581,0,0,0,99.050290
490,70.4068,retreat-from-authored-trunk,-125.321,-1577.790,63.335,101.250,50.820,230.820,-106.127,-1566.068,-21.706,-130.299,-1569.950,-14.340,1.0000,0.8438,-110.587,-1596.313,54.734,-131.868,-1552.086,56.553,0.1921,0.0000,1.6000,1,-100.000,550.000,0.0000,0.0000,0,0,-131.868,-1552.086,56.553,0.000,0,-1.000000,1.000,28.924,-1.000000,0.0000,0.0000,0,0,0.000,1.000,19.607,-131.868,-1552.086,56.553,0,0,0,99.048100
491,70.5459,retreat-from-authored-trunk,-116.412,-1566.859,63.335,101.250,50.820,230.820,-105.528,-1566.579,-21.609,-109.329,-1542.103,-14.246,1.0000,0.8438,-101.660,-1585.276,54.797,-123.008,-1541.120,56.634,0.3096,0.0000,1.6000,1,-100.000,550.000,0.0000,0.0000,0,0,-123.008,-1541.120,56.634,0.000,0,-1.000000,1.000,28.924,-1.000000,0.0000,0.0000,0,0,0.000,1.000,19.607,-123.008,-1541.120,56.634,0,0,0,99.045872
492,70.6880,retreat-from-authored-trunk,-107.331,-1555.717,63.335,101.250,50.820,230.820,-104.969,-1567.037,-21.438,-90.913,-1517.701,-19.850,1.0000,0.8438,-89.280,-1568.513,52.615,-118.098,-1534.199,53.560,0.4294,0.0000,1.6000,1,-100.000,550.000,0.0000,0.0000,0,0,-118.098,-1534.199,53.560,0.000,0,-1.000000,1.000,28.924,-1.000000,0.0000,0.0000,0,0,0.000,1.000,19.607,-118.098,-1534.199,53.560,0,0,0,99.043601
493,70.8275,retreat-from-authored-trunk,-98.400,-1544.758,63.335,101.250,50.820,230.820,-99.985,-1561.878,-21.034,-83.211,-1508.876,-21.797,1.0000,0.8438,-75.508,-1549.599,52.643,-115.211,-1530.358,51.990,0.5472,0.0000,1.6000,1,-100.000,550.000,0.0000,0.0000,0,0,-115.211,-1530.358,51.990,0.000,0,-1.000000,1.000,28.924,-1.000000,0.0000,0.0000,0,0,0.000,1.000,19.607,-115.211,-1530.358,51.990,0,0,0,99.041367
494,70.9648,retreat-from-authored-trunk,-89.625,-1533.992,63.335,101.250,50.820,230.820,-83.474,-1540.071,-15.485,-82.663,-1509.203,-21.653,1.0000,0.8438,-63.663,-1532.747,56.021,-111.331,-1525.138,54.225,0.6630,0.0000,1.6000,1,-100.000,550.000,0.0000,0.0000,0,0,-111.331,-1525.138,54.225,0.000,0,-1.000000,1.000,28.924,-1.000000,0.0000,0.0000,0,0,0.000,1.000,19.607,-111.331,-1525.138,54.225,0,0,0,99.039172
495,71.1023,retreat-from-authored-trunk,-80.813,-1523.180,63.335,101.250,50.820,230.820,-62.794,-1512.899,-13.300,-81.908,-1509.797,-21.497,1.0000,0.8438,-54.121,-1520.744,57.272,-103.463,-1515.637,55.269,0.7792,0.0000,1.6000,1,-100.000,550.000,0.0000,0.0000,0,0,-103.463,-1515.637,55.269,0.000,0,-1.000000,1.000,28.924,-1.000000,0.0000,0.0000,0,0,0.000,1.000,19.607,-103.463,-1515.637,55.269,0,0,0,99.036968
496,71.2376,retreat-from-authored-trunk,-72.177,-1512.583,63.335,101.250,50.820,230.820,-43.871,-1487.852,-18.430,-81.329,-1510.311,-21.707,1.0000,0.8438,-47.468,-1513.781,54.340,-91.949,-1501.472,53.011,0.8931,0.0000,1.6000,1,-100.000,550.000,0.0000,0.0000,0,0,-91.949,-1501.472,53.011,0.000,0,-1.000000,1.000,28.924,-1.000000,0.0000,0.0000,0,0,0.000,1.000,19.607,-91.949,-1501.472,53.011,0,0,0,99.034807
497,71.3772,retreat-from-authored-trunk,-63.232,-1501.607,63.335,101.250,50.820,230.820,-31.460,-1472.282,-21.621,-79.696,-1509.717,-21.544,1.0000,0.8438,-42.655,-1510.429,52.086,-76.935,-1483.600,52.246,0.0111,0.0000,1.6000,1,-100.000,550.000,0.0000,0.0000,0,0,-76.935,-1483.600,52.246,0.000,0,-1.000000,1.000,28.924,-1.000000,0.0000,0.0000,0,0,0.000,1.000,19.607,-76.935,-1483.600,52.246,0,0,0,99.032570
498,71.5190,retreat-from-authored-trunk,-54.172,-1490.491,63.335,101.250,50.820,230.820,-30.810,-1472.789,-21.542,-64.787,-1490.367,-17.015,1.0000,0.8438,-38.093,-1506.761,53.658,-62.344,-1466.365,55.184,0.1306,0.0000,1.6000,1,-100.000,550.000,0.0000,0.0000,0,0,-62.344,-1466.365,55.184,0.000,0,-1.000000,1.000,28.924,-1.000000,0.0000,0.0000,0,0,0.000,1.000,19.607,-62.344,-1466.365,55.184,0,0,0,99.030304
499,71.6567,retreat-from-authored-trunk,-45.353,-1479.671,63.335,101.250,50.820,230.820,-30.056,-1473.273,-21.565,-44.727,-1463.961,-13.088,1.0000,0.8438,-31.116,-1498.895,55.328,-51.423,-1453.408,57.243,0.2469,0.0000,1.6000,1,-100.000,550.000,0.0000,0.0000,0,0,-51.423,-1453.408,57.243,0.000,0,-1.000000,1.000,28.924,-1.000000,0.0000,0.0000,0,0,0.000,1.000,19.607,-51.423,-1453.408,57.243,0,0,0,99.028098
500,71.7983,retreat-from-authored-trunk,-36.310,-1468.575,63.335,101.250,50.820,230.820,-29.348,-1473.976,-21.683,-23.872,-1436.675,-16.960,1.0000,0.8438,-20.153,-1485.042,53.578,-44.247,-1444.456,55.129,0.3662,0.0000,1.6000,1,-100.000,550.000,0.0000,0.0000,0,0,-44.247,-1444.456,55.129,0.000,0,-1.000000,1.000,28.924,-1.000000,0.0000,0.0000,0,0,0.000,1.000,19.607,-44.247,-1444.456,55.129,0,0,0,99.025836
