frame,seconds,pass,x,y,z,speed,yaw,view_yaw,left_toe_x,left_toe_y,left_toe_z,right_toe_x,right_toe_y,right_toe_z,walk_weight,gait_rate,left_hand_x,left_hand_y,left_hand_z,right_hand_x,right_hand_y,right_hand_z,walk_phase,gather_weight,gather_phase,gather_starts,forage_x,forage_y,water_weight,water_phase,water_starts,tool_visible,tool_x,tool_y,tool_z,can_pitch,water_stock,plot_moisture,tool_scale,tool_radius,plot_weeds,clear_weight,clear_phase,clear_starts,hatchet_visible,hatchet_pitch,hatchet_scale,hatchet_radius,hatchet_x,hatchet_y,hatchet_z,branch_stock,fiber_stock,resource_cleared,energy
0,0.1315,close-notes,-1000.000,0.000,88.150,0.000,0.000,15.000,-987.007,-7.889,3.238,-985.670,9.560,3.238,0.0000,0.0000,-992.659,-21.729,83.011,-995.313,21.663,83.011,0.0000,0.0000,0.0000,0,0.000,0.000,0.0000,0.0000,0,0,-995.313,21.663,83.011,0.000,0,-1.000000,1.000,28.924,-1.000000,0.0000,0.0000,0,0,0.000,1.000,19.607,-995.313,21.663,83.011,0,0,-1,99.997867
1,0.2609,close-notes,-1000.000,0.000,88.150,0.000,0.000,15.000,-987.007,-7.889,3.238,-985.670,9.560,3.238,0.0000,0.0000,-992.589,-21.721,83.022,-995.242,21.664,83.022,0.0000,0.0000,0.0000,0,0.000,0.000,0.0000,0.0000,0,0,-995.242,21.664,83.022,0.000,0,-1.000000,1.000,28.924,-1.000000,0.0000,0.0000,0,0,0.000,1.000,19.607,-995.242,21.664,83.022,0,0,-1,99.995794
2,0.3978,close-notes,-1000.000,0.000,88.150,0.000,0.000,15.000,-987.007,-7.889,3.238,-985.670,9.560,3.238,0.0000,0.0000,-992.589,-21.721,83.022,-995.242,21.664,83.022,0.0000,0.0000,0.0000,0,0.000,0.000,0.0000,0.0000,0,0,-995.242,21.664,83.022,0.000,0,-1.000000,1.000,28.924,-1.000000,0.0000,0.0000,0,0,0.000,1.000,19.607,-995.242,21.664,83.022,0,0,-1,99.993610
3,0.5427,close-notes,-1000.000,0.000,88.150,0.000,0.000,15.000,-987.007,-7.889,3.238,-985.670,9.560,3.238,0.0000,0.0000,-992.664,-21.729,83.013,-995.318,21.663,83.013,0.0000,0.0000,0.0000,0,0.000,0.000,0.0000,0.0000,0,0,-995.318,21.663,83.013,0.000,0,-1.000000,1.000,28.924,-1.000000,0.0000,0.0000,0,0,0.000,1.000,19.607,-995.318,21.663,83.013,0,0,-1,99.991286
4,0.6791,close-notes,-1000.000,0.000,88.150,0.000,0.000,15.000,-987.007,-7.889,3.238,-985.670,9.560,3.238,0.0000,0.0000,-992.736,-21.736,83.007,-995.390,21.661,83.007,0.0000,0.0000,0.0000,0,0.000,0.000,0.0000,0.0000,0,0,-995.390,21.661,83.007,0.000,0,-1.000000,1.000,28.924,-1.000000,0.0000,0.0000,0,0,0.000,1.000,19.607,-995.390,21.661,83.007,0,0,-1,99.989111
5,0.8263,close-notes,-1000.000,0.000,88.150,0.000,0.000,15.000,-987.007,-7.889,3.238,-985.670,9.560,3.238,0.0000,0.0000,-992.817,-21.745,82.988,-995.471,21.660,82.988,0.0000,0.0000,0.0000,0,0.000,0.000,0.0000,0.0000,0,0,-995.471,21.660,82.988,0.000,0,-1.000000,1.000,28.924,-1.000000,0.0000,0.0000,0,0,0.000,1.000,19.607,-995.471,21.660,82.988,0,0,-1,99.986748
6,0.9587,close-notes,-1000.000,0.000,88.150,0.000,0.000,15.000,-987.007,-7.889,3.238,-985.670,9.560,3.238,0.0000,0.0000,-992.910,-21.755,82.975,-995.565,21.658,82.975,0.0000,0.0000,0.0000,0,0.000,0.000,0.0000,0.0000,0,0,-995.565,21.658,82.975,0.000,0,-1.000000,1.000,28.924,-1.000000,0.0000,0.0000,0,0,0.000,1.000,19.607,-995.565,21.658,82.975,0,0,-1,99.984637
7,1.1055,close-notes,-1000.000,0.000,88.150,0.000,0.000,15.000,-987.007,-7.889,3.238,-985.670,9.560,3.238,0.0000,0.0000,-993.007,-21.765,82.961,-995.663,21.657,82.961,0.0000,0.0000,0.0000,0,0.000,0.000,0.0000,0.0000,0,0,-995.663,21.657,82.961,0.000,0,-1.000000,1.000,28.924,-1.000000,0.0000,0.0000,0,0,0.000,1.000,19.607,-995.663,21.657,82.961,0,0,-1,99.982283
8,1.2375,idle,-1000.000,0.000,88.150,0.000,0.000,15.000,-987.007,-7.889,3.238,-985.670,9.560,3.238,0.0000,0.0000,-993.100,-21.774,82.949,-995.756,21.655,82.949,0.0000,0.0000,0.0000,0,0.000,0.000,0.0000,0.0000,0,0,-995.756,21.655,82.949,0.000,0,-1.000000,1.000,28.924,-1.000000,0.0000,0.0000,0,0,0.000,1.000,19.607,-995.756,21.655,82.949,0,0,-1,99.980176
9,1.3676,idle,-1000.000,0.000,88.150,0.000,0.000,15.000,-987.007,-7.889,3.238,-985.670,9.560,3.238,0.0000,0.0000,-993.133,-21.777,82.940,-995.789,21.653,82.940,0.0000,0.0000,0.0000,0,0.000,0.000,0.0000,0.0000,0,0,-995.789,21.653,82.940,0.000,0,-1.000000,1.000,28.924,-1.000000,0.0000,0.0000,0,0,0.000,1.000,19.607,-995.789,21.653,82.940,0,0,-1,99.978091
10,1.5079,idle,-1000.000,0.000,88.150,0.000,0.000,15.000,-987.007,-7.889,3.238,-985.670,9.560,3.238,0.0000,0.0000,-993.154,-21.779,82.932,-995.811,21.652,82.932,0.0000,0.0000,0.0000,0,0.000,0.000,0.0000,0.0000,0,0,-995.811,21.652,82.932,0.000,0,-1.000000,1.000,28.924,-1.000000,0.0000,0.0000,0,0,0.000,1.000,19.607,-995.811,21.652,82.932,0,0,-1,99.975850
11,1.6588,idle,-1000.000,0.000,88.150,0.000,0.000,15.000,-987.007,-7.889,3.238,-985.670,9.560,3.238,0.0000,0.0000,-993.246,-21.789,82.929,-995.903,21.652,82.929,0.0000,0.0000,0.0000,0,0.000,0.000,0.0000,0.0000,0,0,-995.903,21.652,82.929,0.000,0,-1.000000,1.000,28.924,-1.000000,0.0000,0.0000,0,0,0.000,1.000,19.607,-995.903,21.652,82.929,0,0,-1,99.973430
12,1.7982,idle,-1000.000,0.000,88.150,0.000,0.000,15.000,-987.007,-7.889,3.238,-985.670,9.560,3.238,0.0000,0.0000,-993.246,-21.789,82.929,-995.903,21.652,82.929,0.0000,0.0000,0.0000,0,0.000,0.000,0.0000,0.0000,0,0,-995.903,21.652,82.929,0.000,0,-1.000000,1.000,28.924,-1.000000,0.0000,0.0000,0,0,0.000,1.000,19.607,-995.903,21.652,82.929,0,0,-1,99.971204
13,1.9399,idle,-1000.000,0.000,88.150,0.000,0.000,15.000,-987.007,-7.889,3.238,-985.670,9.560,3.238,0.0000,0.0000,-993.263,-21.791,82.927,-995.921,21.651,82.927,0.0000,0.0000,0.0000,0,0.000,0.000,0.0000,0.0000,0,0,-995.921,21.651,82.927,0.000,0,-1.000000,1.000,28.924,-1.000000,0.0000,0.0000,0,0,0.000,1.000,19.607,-995.921,21.651,82.927,0,0,-1,99.968931
14,2.0695,idle,-1000.000,0.000,88.150,0.000,0.000,15.000,-987.007,-7.889,3.238,-985.670,9.560,3.238,0.0000,0.0000,-993.263,-21.791,82.927,-995.921,21.651,82.927,0.0000,0.0000,0.0000,0,0.000,0.000,0.0000,0.0000,0,0,-995.921,21.651,82.927,0.000,0,-1.000000,1.000,28.924,-1.000000,0.0000,0.0000,0,0,0.000,1.000,19.607,-995.921,21.651,82.927,0,0,-1,99.966863
15,2.2143,idle,-1000.000,0.000,88.150,0.000,0.000,15.000,-987.007,-7.889,3.238,-985.670,9.560,3.238,0.0000,0.0000,-993.112,-21.776,82.947,-995.768,21.654,82.947,0.0000,0.0000,0.0000,0,0.000,0.000,0.0000,0.0000,0,0,-995.768,21.654,82.947,0.000,0,-1.000000,1.000,28.924,-1.000000,0.0000,0.0000,0,0,0.000,1.000,19.607,-995.768,21.654,82.947,0,0,-1,99.964541
16,2.3456,idle,-1000.000,0.000,88.150,0.000,0.000,15.000,-987.007,-7.889,3.238,-985.670,9.560,3.238,0.0000,0.0000,-993.028,-21.767,82.958,-995.683,21.656,82.958,0.0000,0.0000,0.0000,0,0.000,0.000,0.0000,0.0000,0,0,-995.683,21.656,82.958,0.000,0,-1.000000,1.000,28.924,-1.000000,0.0000,0.0000,0,0,0.000,1.000,19.607,-995.683,21.656,82.958,0,0,-1,99.962444
17,2.4744,idle,-1000.000,0.000,88.150,0.000,0.000,15.000,-987.007,-7.889,3.238,-985.670,9.560,3.238,0.0000,0.0000,-992.942,-21.758,82.970,-995.597,21.658,82.971,0.0000,0.0000,0.0000,0,0.000,0.000,0.0000,0.0000,0,0,-995.597,21.658,82.971,0.000,0,-1.000000,1.000,28.924,-1.000000,0.0000,0.0000,0,0,0.000,1.000,19.607,-995.597,21.658,82.971,0,0,-1,99.960380
18,2.5997,idle,-1000.000,0.000,88.150,0.000,0.000,15.000,-987.007,-7.889,3.238,-985.670,9.560,3.238,0.0000,0.0000,-992.851,-21.749,82.983,-995.506,21.660,82.983,0.0000,0.0000,0.0000,0,0.000,0.000,0.0000,0.0000,0,0,-995.506,21.660,82.983,0.000,0,-1.000000,1.000,28.924,-1.000000,0.0000,0.0000,0,0,0.000,1.000,19.607,-995.506,21.660,82.983,0,0,-1,99.958379
19,2.7298,idle,-1000.000,0.000,88.150,0.000,0.000,15.000,-987.007,-7.889,3.238,-985.670,9.560,3.238,0.0000,0.0000,-992.770,-21.740,82.995,-995.424,21.661,82.995,0.0000,0.0000,0.0000,0,0.000,0.000,0.0000,0.0000,0,0,-995.424,21.661,82.995,0.000,0,-1.000000,1.000,28.924,-1.000000,0.0000,0.0000,0,0,0.000,1.000,19.607,-995.424,21.661,82.995,0,0,-1,99.956293
20,2.8629,idle,-1000.000,0.000,88.150,0.000,0.000,15.000,-987.007,-7.889,3.238,-985.670,9.560,3.238,0.0000,0.0000,-992.690,-21.732,83.007,-995.344,21.663,83.007,0.0000,0.0000,0.0000,0,0.000,0.000,0.0000,0.0000,0,0,-995.344,21.663,83.007,0.000,0,-1.000000,1.000,28.924,-1.000000,0.0000,0.0000,0,0,0.000,1.000,19.607,-995.344,21.663,83.007,0,0,-1,99.954167
21,3.0010,idle,-1000.000,0.000,88.150,0.000,0.000,15.000,-987.007,-7.889,3.238,-985.670,9.560,3.238,0.0000,0.0000,-992.659,-21.729,83.011,-995.313,21.663,83.011,0.0000,0.0000,0.0000,0,0.000,0.000,0.0000,0.0000,0,0,-995.313,21.663,83.011,0.000,0,-1.000000,1.000,28.924,-1.000000,0.0000,0.0000,0,0,0.000,1.000,19.607,-995.313,21.663,83.011,0,0,-1,99.951953
22,3.1325,idle,-1000.000,0.000,88.150,0.000,0.000,15.000,-987.007,-7.889,3.238,-985.670,9.560,3.238,0.0000,0.0000,-992.659,-21.729,83.011,-995.313,21.663,83.011,0.0000,0.0000,0.0000,0,0.000,0.000,0.0000,0.0000,0,0,-995.313,21.663,83.011,0.000,0,-1.000000,1.000,28.924,-1.000000,0.0000,0.0000,0,0,0.000,1.000,19.607,-995.313,21.663,83.011,0,0,-1,99.949854
23,3.2639,idle,-1000.000,0.000,88.150,0.000,0.000,15.000,-987.007,-7.889,3.238,-985.670,9.560,3.238,0.0000,0.0000,-992.589,-21.721,83.022,-995.242,21.664,83.022,0.0000,0.0000,0.0000,0,0.000,0.000,0.0000,0.0000,0,0,-995.242,21.664,83.022,0.000,0,-1.000000,1.000,28.924,-1.000000,0.0000,0.0000,0,0,0.000,1.000,19.607,-995.242,21.664,83.022,0,0,-1,99.947749
24,3.3965,idle,-1000.000,0.000,88.150,0.000,0.000,15.000,-987.007,-7.889,3.238,-985.670,9.560,3.238,0.0000,0.0000,-992.589,-21.721,83.022,-995.242,21.664,83.022,0.0000,0.0000,0.0000,0,0.000,0.000,0.0000,0.0000,0,0,-995.242,21.664,83.022,0.000,0,-1.000000,1.000,28.924,-1.000000,0.0000,0.0000,0,0,0.000,1.000,19.607,-995.242,21.664,83.022,0,0,-1,99.945631
25,3.5246,idle,-1000.000,0.000,88.150,0.000,0.000,15.000,-987.007,-7.889,3.238,-985.670,9.560,3.238,0.0000,0.0000,-992.655,-21.728,83.014,-995.308,21.663,83.014,0.0000,0.0000,0.0000,0,0.000,0.000,0.0000,0.0000,0,0,-995.308,21.663,83.014,0.000,0,-1.000000,1.000,28.924,-1.000000,0.0000,0.0000,0,0,0.000,1.000,19.607,-995.308,21.663,83.014,0,0,-1,99.943576
26,3.6664,idle,-1000.000,0.000,88.150,0.000,0.000,15.000,-987.007,-7.889,3.238,-985.670,9.560,3.238,0.0000,0.0000,-992.730,-21.736,83.008,-995.383,21.661,83.008,0.0000,0.0000,0.0000,0,0.000,0.000,0.0000,0.0000,0,0,-995.383,21.661,83.008,0.000,0,-1.000000,1.000,28.924,-1.000000,0.0000,0.0000,0,0,0.000,1.000,19.607,-995.383,21.661,83.008,0,0,-1,99.941312
27,3.8112,idle,-1000.000,0.000,88.150,0.000,0.000,15.000,-987.007,-7.889,3.238,-985.670,9.560,3.238,0.0000,0.0000,-992.806,-21.744,82.990,-995.460,21.660,82.990,0.0000,0.0000,0.0000,0,0.000,0.000,0.0000,0.0000,0,0,-995.460,21.660,82.990,0.000,0,-1.000000,1.000,28.924,-1.000000,0.0000,0.0000,0,0,0.000,1.000,19.607,-995.460,21.660,82.990,0,0,-1,99.938991
28,3.9430,idle,-1000.000,0.000,88.150,0.000,0.000,15.000,-987.007,-7.889,3.238,-985.670,9.560,3.238,0.0000,0.0000,-992.899,-21.754,82.976,-995.554,21.659,82.976,0.0000,0.0000,0.0000,0,0.000,0.000,0.0000,0.0000,0,0,-995.554,21.659,82.976,0.000,0,-1.000000,1.000,28.924,-1.000000,0.0000,0.0000,0,0,0.000,1.000,19.607,-995.554,21.659,82.976,0,0,-1,99.936886
29,4.0825,idle,-1000.000,0.000,88.150,0.000,0.000,15.000,-987.007,-7.889,3.238,-985.670,9.560,3.238,0.0000,0.0000,-992.991,-21.763,82.963,-995.647,21.657,82.964,0.0000,0.0000,0.0000,0,0.000,0.000,0.0000,0.0000,0,0,-995.647,21.657,82.964,0.000,0,-1.000000,1.000,28.924,-1.000000,0.0000,0.0000,0,0,0.000,1.000,19.607,-995.647,21.657,82.964,0,0,-1,99.934650
30,4.2180,idle,-1000.000,0.000,88.150,0.000,0.000,15.000,-987.007,-7.889,3.238,-985.670,9.560,3.238,0.0000,0.0000,-993.087,-21.773,82.950,-995.742,21.655,82.950,0.0000,0.0000,0.0000,0,0.000,0.000,0.0000,0.0000,0,0,-995.742,21.655,82.950,0.000,0,-1.000000,1.000,28.924,-1.000000,0.0000,0.0000,0,0,0.000,1.000,19.607,-995.742,21.655,82.950,0,0,-1,99.932486
31,4.3601,slow-walk,-1000.000,0.000,88.150,0.000,0.000,15.000,-987.007,-7.889,3.238,-985.670,9.560,3.238,0.0000,0.0000,-993.132,-21.777,82.941,-995.788,21.653,82.941,0.0000,0.0000,0.0000,0,0.000,0.000,0.0000,0.0000,0,0,-995.788,21.653,82.941,0.000,0,-1.000000,1.000,28.924,-1.000000,0.0000,0.0000,0,0,0.000,1.000,19.607,-995.788,21.653,82.941,0,0,-1,99.930211
32,4.4990,slow-walk,-996.745,0.872,88.150,36.409,15.000,15.000,-964.674,2.460,2.201,-1005.490,7.190,2.306,0.6935,0.3034,-986.632,-19.016,78.782,-995.981,23.737,79.175,0.0421,0.0000,0.0000,0,0.000,0.000,0.0000,0.0000,0,0,-995.981,23.737,79.175,0.000,0,-1.000000,1.000,28.924,-1.000000,0.0000,0.0000,0,0,0.000,1.000,19.607,-995.981,23.737,79.175,0,0,-1,99.927992
33,4.6392,slow-walk,-988.719,3.023,88.150,67.500,15.000,15.000,-958.309,4.016,3.205,-998.539,8.827,7.252,1.0000,0.5625,-984.726,-19.425,78.216,-981.727,27.221,79.652,0.1211,0.0000,0.0000,0,0.000,0.000,0.0000,0.0000,0,0,-981.727,27.221,79.652,0.000,0,-1.000000,1.000,28.924,-1.000000,0.0000,0.0000,0,0,0.000,1.000,19.607,-981.727,27.221,79.652,0,0,-1,99.925744
34,4.7801,slow-walk,-979.554,5.478,88.150,67.500,15.000,15.000,-958.069,3.424,3.121,-977.736,15.157,10.841,1.0000,0.5625,-978.678,-18.275,79.682,-969.599,30.176,81.531,0.2002,0.0000,0.0000,0,0.000,0.000,0.0000,0.0000,0,0,-969.599,30.176,81.531,0.000,0,-1.000000,1.000,28.924,-1.000000,0.0000,0.0000,0,0,0.000,1.000,19.607,-969.599,30.176,81.531,0,0,-1,99.923495
35,4.9200,slow-walk,-970.414,7.927,88.150,67.500,15.000,15.000,-957.948,2.920,3.311,-955.338,22.065,11.522,1.0000,0.5625,-969.804,-15.932,80.080,-960.163,32.721,81.983,0.2790,0.0000,0.0000,0,0.000,0.000,0.0000,0.0000,0,0,-960.163,32.721,81.983,0.000,0,-1.000000,1.000,28.924,-1.000000,0.0000,0.0000,0,0,0.000,1.000,19.607,-960.163,32.721,81.983,0,0,-1,99.921252
36,5.0591,slow-walk,-961.355,10.355,88.150,67.500,15.000,15.000,-957.788,2.297,3.306,-933.855,28.578,8.499,1.0000,0.5625,-958.345,-12.604,78.786,-953.250,34.669,80.399,0.3572,0.0000,0.0000,0,0.000,0.000,0.0000,0.0000,0,0,-953.250,34.669,80.399,0.000,0,-1.000000,1.000,28.924,-1.000000,0.0000,0.0000,0,0,0.000,1.000,19.607,-953.250,34.669,80.399,0,0,-1,99.919029
37,5.2020,slow-walk,-952.029,12.854,88.150,67.500,15.000,15.000,-957.657,1.924,3.322,-915.800,34.229,4.584,1.0000,0.5625,-944.302,-7.891,77.255,-948.719,36.433,78.102,0.4376,0.0000,0.0000,0,0.000,0.000,0.0000,0.0000,0,0,-948.719,36.433,78.102,0.000,0,-1.000000,1.000,28.924,-1.000000,0.0000,0.0000,0,0,0.000,1.000,19.607,-948.719,36.433,78.102,0,0,-1,99.916741
38,5.3439,slow-walk,-942.787,15.330,88.150,67.500,15.000,15.000,-955.407,2.172,3.329,-906.155,36.905,3.202,1.0000,0.5625,-929.182,-2.718,77.123,-945.676,37.614,76.871,0.5174,0.0000,0.0000,0,0.000,0.000,0.0000,0.0000,0,0,-945.676,37.614,76.871,0.000,0,-1.000000,1.000,28.924,-1.000000,0.0000,0.0000,0,0,0.000,1.000,19.607,-945.676,37.614,76.871,0,0,-1,99.914472
39,5.4926,slow-walk,-933.075,17.932,88.150,67.500,15.000,15.000,-939.828,6.818,6.030,-905.996,36.425,3.046,1.0000,0.5625,-914.125,2.494,78.894,-942.289,38.769,77.615,0.6012,0.0000,0.0000,0,0.000,0.000,0.0000,0.0000,0,0,-942.289,38.769,77.615,0.000,0,-1.000000,1.000,28.924,-1.000000,0.0000,0.0000,0,0,0.000,1.000,19.607,-942.289,38.769,77.615,0,0,-1,99.912089
40,5.6321,slow-walk,-924.002,20.364,88.150,67.500,15.000,15.000,-919.962,12.681,9.802,-905.801,35.717,2.891,1.0000,0.5625,-901.755,6.398,80.972,-936.982,40.093,79.095,0.6794,0.0000,0.0000,0,0.000,0.000,0.0000,0.0000,0,0,-936.982,40.093,79.095,0.000,0,-1.000000,1.000,28.924,-1.000000,0.0000,0.0000,0,0,0.000,1.000,19.607,-936.982,40.093,79.095,0,0,-1,99.909863
41,5.7852,slow-walk,-913.996,23.045,88.150,67.500,15.000,15.000,-895.600,20.077,11.689,-905.564,35.015,3.276,1.0000,0.5625,-890.809,9.439,82.133,-928.094,42.361,80.114,0.7658,0.0000,0.0000,0,0.000,0.000,0.0000,0.0000,0,0,-928.094,42.361,80.114,0.000,0,-1.000000,1.000,28.924,-1.000000,0.0000,0.0000,0,0,0.000,1.000,19.607,-928.094,42.361,80.114,0,0,-1,99.907407
42,5.9231,slow-walk,-905.020,25.450,88.150,67.500,15.000,15.000,-874.102,26.628,9.064,-905.434,34.435,3.175,1.0000,0.5625,-883.440,11.010,80.688,-917.155,45.263,78.960,0.8432,0.0000,0.0000,0,0.000,0.000,0.0000,0.0000,0,0,-917.155,45.263,78.960,0.000,0,-1.000000,1.000,28.924,-1.000000,0.0000,0.0000,0,0,0.000,1.000,19.607,-917.155,45.263,78.960,0,0,-1,99.905205
43,6.0704,slow-walk,-895.404,28.026,88.150,67.500,15.000,15.000,-854.622,32.541,4.631,-905.251,33.906,2.900,1.0000,0.5625,-877.887,11.628,78.045,-902.593,49.137,77.036,0.9262,0.0000,0.0000,0,0.000,0.000,0.0000,0.0000,0,0,-902.593,49.137,77.036,0.000,0,-1.000000,1.000,28.924,-1.000000,0.0000,0.0000,0,0,0.000,1.000,19.607,-902.593,49.137,77.036,0,0,-1,99.902845
44,6.2117,slow-walk,-886.208,30.490,88.150,67.500,15.000,15.000,-842.655,35.908,3.197,-904.352,33.560,3.250,1.0000,0.5625,-874.244,11.505,76.937,-887.248,53.020,77.012,0.0055,0.0000,0.0000,0,0.000,0.000,0.0000,0.0000,0,0,-887.248,53.020,77.012,0.000,0,-1.000000,1.000,28.924,-1.000000,0.0000,0.0000,0,0,0.000,1.000,19.607,-887.248,53.020,77.012,0,0,-1,99.900588
45,6.3500,slow-walk,-877.175,32.911,88.150,67.500,15.000,15.000,-842.474,35.464,3.324,-891.195,37.443,5.471,1.0000,0.5625,-870.937,11.530,77.565,-872.453,56.777,78.626,0.0834,0.0000,0.0000,0,0.000,0.000,0.0000,0.0000,0,0,-872.453,56.777,78.626,0.000,0,-1.000000,1.000,28.924,-1.000000,0.0000,0.0000,0,0,0.000,1.000,19.607,-872.453,56.777,78.626,0,0,-1,99.898371
46,6.4918,slow-walk,-867.946,35.384,88.150,67.500,15.000,15.000,-842.193,34.813,3.209,-871.972,43.155,9.407,1.0000,0.5625,-865.934,12.151,79.111,-859.055,59.944,80.823,0.1631,0.0000,0.0000,0,0.000,0.000,0.0000,0.0000,0,0,-859.055,59.944,80.823,0.000,0,-1.000000,1.000,28.924,-1.000000,0.0000,0.0000,0,0,0.000,1.000,19.607,-859.055,59.944,80.823,0,0,-1,99.896107
47,6.6458,slow-walk,-857.890,38.078,88.150,67.500,15.000,15.000,-842.055,34.203,3.251,-847.676,50.627,11.749,1.0000,0.5625,-857.629,14.151,80.150,-847.426,62.929,82.064,0.2498,0.0000,0.0000,0,0.000,0.000,0.0000,0.0000,0,0,-847.426,62.929,82.064,0.000,0,-1.000000,1.000,28.924,-1.000000,0.0000,0.0000,0,0,0.000,1.000,19.607,-847.426,62.929,82.064,0,0,-1,99.893639
48,6.7882,slow-walk,-848.617,40.563,88.150,67.500,15.000,15.000,-841.932,33.639,3.239,-825.265,57.524,9.766,1.0000,0.5625,-846.784,17.250,79.290,-839.484,65.188,81.054,0.3298,0.0000,0.0000,0,0.000,0.000,0.0000,0.0000,0,0,-839.484,65.188,81.054,0.000,0,-1.000000,1.000,28.924,-1.000000,0.0000,0.0000,0,0,0.000,1.000,19.607,-839.484,65.188,81.054,0,0,-1,99.891363
49,6.9282,slow-walk,-839.481,43.011,88.150,67.500,15.000,15.000,-841.903,33.344,3.099,-805.979,63.672,5.592,1.0000,0.5625,-833.762,21.613,77.513,-834.340,67.159,78.672,0.4086,0.0000,0.0000,0,0.000,0.000,0.0000,0.0000,0,0,-834.340,67.159,78.672,0.000,0,-1.000000,1.000,28.924,-1.000000,0.0000,0.0000,0,0,0.000,1.000,19.607,-834.340,67.159,78.672,0,0,-1,99.889121
50,7.0745,slow-walk,-829.959,45.562,88.150,67.500,15.000,15.000,-841.667,32.522,3.209,-791.474,67.578,3.225,1.0000,0.5625,-818.282,26.449,76.913,-830.650,68.178,77.047,0.4908,0.0000,0.0000,0,0.000,0.000,0.0000,0.0000,0,0,-830.650,68.178,77.047,0.000,0,-1.000000,1.000,28.924,-1.000000,0.0000,0.0000,0,0,0.000,1.000,19.607,-830.650,68.178,77.047,0,0,-1,99.886785
51,7.2231,slow-walk,-820.248,48.164,88.150,67.500,15.000,15.000,-829.404,35.858,5.049,-790.065,67.333,3.301,1.0000,0.5625,-802.672,31.684,78.457,-827.457,69.161,77.448,0.5746,0.0000,0.0000,0,0.000,0.000,0.0000,0.0000,0,0,-827.457,69.161,77.448,0.000,0,-1.000000,1.000,28.924,-1.000000,0.0000,0.0000,0,0,0.000,1.000,19.607,-827.457,69.161,77.448,0,0,-1,99.884402
52,7.3817,slow-walk,-809.940,50.926,88.150,67.500,15.000,15.000,-808.437,42.428,9.344,-789.853,66.934,3.149,1.0000,0.5625,-788.144,36.755,80.837,-822.385,70.807,79.037,0.6635,0.0000,0.0000,0,0.000,0.000,0.0000,0.0000,0,0,-822.385,70.807,79.037,0.000,0,-1.000000,1.000,28.924,-1.000000,0.0000,0.0000,0,0,0.000,1.000,19.607,-822.385,70.807,79.037,0,0,-1,99.881872
53,7.5230,slow-walk,-800.695,53.404,88.150,67.500,15.000,15.000,-786.125,49.140,11.696,-789.732,66.209,3.253,1.0000,0.5625,-777.470,39.816,82.149,-814.834,72.701,80.123,0.7432,0.0000,0.0000,0,0.000,0.000,0.0000,0.0000,0,0,-814.834,72.701,80.123,0.000,0,-1.000000,1.000,28.924,-1.000000,0.0000,0.0000,0,0,0.000,1.000,19.607,-814.834,72.701,80.123,0,0,-1,99.879603
54,7.6937,slow-walk,-789.585,56.380,88.150,67.500,15.000,15.000,-759.307,57.423,9.203,-789.547,65.592,3.121,1.0000,0.5625,-767.876,42.086,80.750,-801.911,76.218,78.986,0.8391,0.0000,0.0000,0,0.000,0.000,0.0000,0.0000,0,0,-801.911,76.218,78.986,0.000,0,-1.000000,1.000,28.924,-1.000000,0.0000,0.0000,0,0,0.000,1.000,19.607,-801.911,76.218,78.986,0,0,-1,99.876877
55,7.8478,slow-walk,-779.521,59.077,88.150,67.500,15.000,15.000,-738.764,63.584,4.643,-789.340,64.967,2.903,1.0000,0.5625,-761.991,42.686,78.054,-786.728,80.184,77.042,0.9259,0.0000,0.0000,0,0.000,0.000,0.0000,0.0000,0,0,-786.728,80.184,77.042,0.000,0,-1.000000,1.000,28.924,-1.000000,0.0000,0.0000,0,0,0.000,1.000,19.607,-786.728,80.184,77.042,0,0,-1,99.874407
56,7.9867,slow-walk,-770.482,61.499,88.150,67.500,15.000,15.000,-726.752,66.983,3.204,-788.639,64.572,3.244,1.0000,0.5625,-758.392,42.573,76.948,-771.655,84.002,76.999,0.0039,0.0000,0.0000,0,0.000,0.000,0.0000,0.0000,0,0,-771.655,84.002,76.999,0.000,0,-1.000000,1.000,28.924,-1.000000,0.0000,0.0000,0,0,0.000,1.000,19.607,-771.655,84.002,76.999,0,0,-1,99.872189
57,8.1367,slow-walk,-760.684,64.124,88.150,67.500,15.000,15.000,-726.550,66.464,3.284,-774.162,68.814,5.663,1.0000,0.5625,-754.750,42.591,77.639,-755.655,88.033,78.750,0.0884,0.0000,0.0000,0,0.000,0.000,0.0000,0.0000,0,0,-755.655,88.033,78.750,0.000,0,-1.000000,1.000,28.924,-1.000000,0.0000,0.0000,0,0,0.000,1.000,19.607,-755.655,88.033,78.750,0,0,-1,99.869785
58,8.2774,slow-walk,-751.522,66.580,88.150,67.500,15.000,15.000,-726.238,65.853,3.168,-754.912,74.572,9.579,1.0000,0.5625,-749.704,43.285,79.154,-742.471,91.179,80.882,0.1675,0.0000,0.0000,0,0.000,0.000,0.0000,0.0000,0,0,-742.471,91.179,80.882,0.000,0,-1.000000,1.000,28.924,-1.000000,0.0000,0.0000,0,0,0.000,1.000,19.607,-742.471,91.179,80.882,0,0,-1,99.867536
59,8.4194,stop-from-slow-walk,-742.249,69.064,88.150,67.500,15.000,15.000,-726.160,65.278,3.250,-732.450,81.469,11.731,1.0000,0.5625,-741.962,45.142,80.144,-731.798,93.912,82.059,0.2475,0.0000,0.0000,0,0.000,0.000,0.0000,0.0000,0,0,-731.798,93.912,82.059,0.000,0,-1.000000,1.000,28.924,-1.000000,0.0000,0.0000,0,0,0.000,1.000,19.607,-731.798,93.912,82.059,0,0,-1,99.865261
60,8.5576,stop-from-slow-walk,-742.249,69.064,88.150,0.000,15.000,15.000,-727.165,64.958,3.050,-731.288,81.917,4.716,0.3097,0.0000,-733.478,48.232,81.694,-739.897,92.183,82.359,0.2475,0.0000,0.0000,0,0.000,0.000,0.0000,0.0000,0,0,-739.897,92.183,82.359,0.000,0,-1.000000,1.000,28.924,-1.000000,0.0000,0.0000,0,0,0.000,1.000,19.607,-739.897,92.183,82.359,0,0,-1,99.863052
61,8.6963,stop-from-slow-walk,-742.249,69.064,88.150,0.000,15.000,15.000,-727.657,64.807,3.238,-730.882,82.007,3.238,0.0000,0.0000,-729.658,49.929,82.992,-743.455,91.166,82.992,0.2475,0.0000,0.0000,0,0.000,0.000,0.0000,0.0000,0,0,-743.455,91.166,82.992,0.000,0,-1.000000,1.000,28.924,-1.000000,0.0000,0.0000,0,0,0.000,1.000,19.607,-743.455,91.166,82.992,0,0,-1,99.860830
62,8.8367,stop-from-slow-walk,-742.249,69.064,88.150,0.000,15.000,15.000,-727.657,64.807,3.238,-730.882,82.007,3.238,0.0000,0.0000,-729.579,49.959,83.004,-743.374,91.189,83.005,0.2475,0.0000,0.0000,0,0.000,0.000,0.0000,0.0000,0,0,-743.374,91.189,83.005,0.000,0,-1.000000,1.000,28.924,-1.000000,0.0000,0.0000,0,0,0.000,1.000,19.607,-743.374,91.189,83.005,0,0,-1,99.858586
63,8.9845,stop-from-slow-walk,-742.249,69.064,88.150,0.000,15.000,15.000,-727.657,64.807,3.238,-730.882,82.007,3.238,0.0000,0.0000,-729.535,49.976,83.011,-743.329,91.202,83.011,0.2475,0.0000,0.0000,0,0.000,0.000,0.0000,0.0000,0,0,-743.329,91.202,83.011,0.000,0,-1.000000,1.000,28.924,-1.000000,0.0000,0.0000,0,0,0.000,1.000,19.607,-743.329,91.202,83.011,0,0,-1,99.856219
64,9.1219,stop-from-slow-walk,-742.249,69.064,88.150,0.000,15.000,15.000,-727.657,64.807,3.238,-730.882,82.007,3.238,0.0000,0.0000,-729.535,49.976,83.011,-743.329,91.202,83.011,0.2475,0.0000,0.0000,0,0.000,0.000,0.0000,0.0000,0,0,-743.329,91.202,83.011,0.000,0,-1.000000,1.000,28.924,-1.000000,0.0000,0.0000,0,0,0.000,1.000,19.607,-743.329,91.202,83.011,0,0,-1,99.854023
65,9.2620,stop-from-slow-walk,-742.249,69.064,88.150,0.000,15.000,15.000,-727.657,64.807,3.238,-730.882,82.007,3.238,0.0000,0.0000,-729.469,50.001,83.022,-743.261,91.221,83.022,0.2475,0.0000,0.0000,0,0.000,0.000,0.0000,0.0000,0,0,-743.261,91.221,83.022,0.000,0,-1.000000,1.000,28.924,-1.000000,0.0000,0.0000,0,0,0.000,1.000,19.607,-743.261,91.221,83.022,0,0,-1,99.851777
66,9.4092,stop-from-slow-walk,-742.249,69.064,88.150,0.000,15.000,15.000,-727.657,64.807,3.238,-730.882,82.007,3.238,0.0000,0.0000,-729.469,50.001,83.022,-743.261,91.221,83.022,0.2475,0.0000,0.0000,0,0.000,0.000,0.0000,0.0000,0,0,-743.261,91.221,83.022,0.000,0,-1.000000,1.000,28.924,-1.000000,0.0000,0.0000,0,0,0.000,1.000,19.607,-743.261,91.221,83.022,0,0,-1,99.849428
67,9.5533,stop-from-slow-walk,-742.249,69.064,88.150,0.000,15.000,15.000,-727.657,64.807,3.238,-730.882,82.007,3.238,0.0000,0.0000,-729.545,49.972,83.013,-743.339,91.199,83.013,0.2475,0.0000,0.0000,0,0.000,0.000,0.0000,0.0000,0,0,-743.339,91.199,83.013,0.000,0,-1.000000,1.000,28.924,-1.000000,0.0000,0.0000,0,0,0.000,1.000,19.607,-743.339,91.199,83.013,0,0,-1,99.847117
68,9.6966,stop-from-slow-walk,-742.249,69.064,88.150,0.000,15.000,15.000,-727.657,64.807,3.238,-730.882,82.007,3.238,0.0000,0.0000,-729.616,49.945,83.006,-743.412,91.178,83.006,0.2475,0.0000,0.0000,0,0.000,0.000,0.0000,0.0000,0,0,-743.412,91.178,83.006,0.000,0,-1.000000,1.000,28.924,-1.000000,0.0000,0.0000,0,0,0.000,1.000,19.607,-743.412,91.178,83.006,0,0,-1,99.844828
69,9.8364,stop-from-slow-walk,-742.249,69.064,88.150,0.000,15.000,15.000,-727.657,64.807,3.238,-730.882,82.007,3.238,0.0000,0.0000,-729.689,49.917,82.987,-743.488,91.156,82.987,0.2475,0.0000,0.0000,0,0.000,0.000,0.0000,0.0000,0,0,-743.488,91.156,82.987,0.000,0,-1.000000,1.000,28.924,-1.000000,0.0000,0.0000,0,0,0.000,1.000,19.607,-743.488,91.156,82.987,0,0,-1,99.842587
70,9.9776,stop-from-slow-walk,-742.249,69.064,88.150,0.000,15.000,15.000,-727.657,64.807,3.238,-730.882,82.007,3.238,0.0000,0.0000,-729.782,49.881,82.973,-743.583,91.129,82.973,0.2475,0.0000,0.0000,0,0.000,0.000,0.0000,0.0000,0,0,-743.583,91.129,82.973,0.000,0,-1.000000,1.000,28.924,-1.000000,0.0000,0.0000,0,0,0.000,1.000,19.607,-743.583,91.129,82.973,0,0,-1,99.840332
71,10.1146,stop-from-slow-walk,-742.249,69.064,88.150,0.000,15.000,15.000,-727.657,64.807,3.238,-730.882,82.007,3.238,0.0000,0.0000,-729.868,49.848,82.960,-743.671,91.103,82.960,0.2475,0.0000,0.0000,0,0.000,0.000,0.0000,0.0000,0,0,-743.671,91.103,82.960,0.000,0,-1.000000,1.000,28.924,-1.000000,0.0000,0.0000,0,0,0.000,1.000,19.607,-743.671,91.103,82.960,0,0,-1,99.838135
72,10.2549,stop-from-slow-walk,-742.249,69.064,88.150,0.000,15.000,15.000,-727.657,64.807,3.238,-730.882,82.007,3.238,0.0000,0.0000,-729.961,49.813,82.947,-743.767,91.076,82.947,0.2475,0.0000,0.0000,0,0.000,0.000,0.0000,0.0000,0,0,-743.767,91.076,82.947,0.000,0,-1.000000,1.000,28.924,-1.000000,0.0000,0.0000,0,0,0.000,1.000,19.607,-743.767,91.076,82.947,0,0,-1,99.835897
73,10.3928,stop-from-slow-walk,-742.249,69.064,88.150,0.000,15.000,15.000,-727.657,64.807,3.238,-730.882,82.007,3.238,0.0000,0.0000,-729.983,49.805,82.939,-743.790,91.068,82.939,0.2475,0.0000,0.0000,0,0.000,0.000,0.0000,0.0000,0,0,-743.790,91.068,82.939,0.000,0,-1.000000,1.000,28.924,-1.000000,0.0000,0.0000,0,0,0.000,1.000,19.607,-743.790,91.068,82.939,0,0,-1,99.833686
74,10.5340,full-walk,-742.249,69.064,88.150,0.000,15.000,15.000,-727.657,64.807,3.238,-730.882,82.007,3.238,0.0000,0.0000,-730.004,49.798,82.930,-743.810,91.061,82.930,0.2475,0.0000,0.0000,0,0.000,0.000,0.0000,0.0000,0,0,-743.810,91.061,82.930,0.000,0,-1.000000,1.000,28.924,-1.000000,0.0000,0.0000,0,0,0.000,1.000,19.607,-743.810,91.061,82.930,0,0,-1,99.831432
75,10.6781,full-walk,-732.845,71.584,88.150,101.101,15.000,15.000,-727.391,64.143,2.773,-708.125,88.914,5.619,0.7222,0.8425,-726.836,49.696,79.445,-727.854,95.243,80.535,0.3692,0.0000,0.0000,0,0.000,0.000,0.0000,0.0000,0,0,-727.854,95.243,80.535,0.000,0,-1.000000,1.000,28.924,-1.000000,0.0000,0.0000,0,0,0.000,1.000,19.607,-727.854,95.243,80.535,0,0,-1,99.829122
76,10.8210,full-walk,-710.706,77.516,88.150,180.000,15.000,15.000,-719.119,65.585,5.307,-681.499,96.479,3.191,1.0000,1.5000,-692.699,61.367,78.574,-718.551,98.472,77.478,0.5829,0.0000,0.0000,0,0.000,0.000,0.0000,0.0000,0,0,-718.551,98.472,77.478,0.000,0,-1.000000,1.000,28.924,-1.000000,0.0000,0.0000,0,0,0.000,1.000,19.607,-718.551,98.472,77.478,0,0,-1,99.826842
77,10.9643,full-walk,-685.720,84.211,88.150,180.000,15.000,15.000,-661.858,83.119,11.194,-680.964,95.030,3.436,1.0000,1.5000,-662.957,70.447,81.967,-699.313,103.723,80.010,0.7985,0.0000,0.0000,0,0.000,0.000,0.0000,0.0000,0,0,-699.313,103.723,80.010,0.000,0,-1.000000,1.000,28.924,-1.000000,0.0000,0.0000,0,0,0.000,1.000,19.607,-699.313,103.723,80.010,0,0,-1,99.824542
78,11.1096,full-walk,-660.533,90.960,88.150,180.000,15.000,15.000,-618.134,95.949,3.212,-678.590,94.011,3.288,1.0000,1.5000,-649.378,71.592,76.875,-660.719,113.655,77.105,0.0157,0.0000,0.0000,0,0.000,0.000,0.0000,0.0000,0,0,-660.719,113.655,77.105,0.000,0,-1.000000,1.000,28.924,-1.000000,0.0000,0.0000,0,0,0.000,1.000,19.607,-660.719,113.655,77.105,0,0,-1,99.822225
79,11.2492,full-walk,-636.198,97.480,88.150,180.000,15.000,15.000,-617.694,94.516,3.288,-630.109,108.629,11.560,1.0000,1.5000,-635.652,73.609,80.093,-625.899,122.289,82.002,0.2257,0.0000,0.0000,0,0.000,0.000,0.0000,0.0000,0,0,-625.899,122.289,82.002,0.000,0,-1.000000,1.000,28.924,-1.000000,0.0000,0.0000,0,0,0.000,1.000,19.607,-625.899,122.289,82.002,0,0,-1,99.819985
80,11.3897,full-walk,-611.783,104.023,88.150,180.000,15.000,15.000,-617.263,93.154,3.357,-575.639,125.381,4.672,1.0000,1.5000,-604.149,83.246,77.305,-608.378,127.630,78.169,0.4363,0.0000,0.0000,0,0.000,0.000,0.0000,0.0000,0,0,-608.378,127.630,78.169,0.000,0,-1.000000,1.000,28.924,-1.000000,0.0000,0.0000,0,0,0.000,1.000,19.607,-608.378,127.630,78.169,0,0,-1,99.817738
81,11.5337,full-walk,-586.720,110.738,87.859,180.000,15.000,15.000,-586.767,101.598,8.778,-565.296,127.118,3.144,1.0000,1.5000,-565.243,96.287,80.538,-598.646,130.652,78.797,0.6526,0.0000,0.0000,0,0.000,0.000,0.0000,0.0000,0,0,-598.646,130.652,78.797,0.000,0,-1.000000,1.000,28.924,-1.000000,0.0000,0.0000,0,0,0.000,1.000,19.607,-598.646,130.652,78.797,0,0,-1,99.815432
82,11.6745,full-walk,-562.275,117.288,87.523,180.000,15.000,15.000,-528.507,119.378,7.694,-564.969,125.463,2.841,1.0000,1.5000,-541.465,102.399,79.773,-573.436,137.293,78.193,0.8635,0.0000,0.0000,0,0.000,0.000,0.0000,0.0000,0,0,-573.436,137.293,78.193,0.000,0,-1.000000,1.000,28.924,-1.000000,0.0000,0.0000,0,0,0.000,1.000,19.607,-573.436,137.293,78.193,0,0,-1,99.813182
83,11.8162,full-walk,-537.609,123.897,87.233,180.000,15.000,15.000,-502.083,126.674,2.338,-552.249,128.177,4.159,1.0000,1.5000,-530.841,102.691,76.471,-533.346,147.625,77.466,0.0763,0.0000,0.0000,0,0.000,0.000,0.0000,0.0000,0,0,-533.346,147.625,77.466,0.000,0,-1.000000,1.000,28.924,-1.000000,0.0000,0.0000,0,0,0.000,1.000,19.607,-533.346,147.625,77.466,0,0,-1,99.810913
84,11.9559,full-walk,-513.363,130.394,86.935,180.000,15.000,15.000,-501.606,125.136,2.087,-497.211,144.885,10.176,1.0000,1.5000,-512.667,106.558,78.805,-503.188,155.163,80.696,0.2854,0.0000,0.0000,0,0.000,0.000,0.0000,0.0000,0,0,-503.188,155.163,80.696,0.000,0,-1.000000,1.000,28.924,-1.000000,0.0000,0.0000,0,0,0.000,1.000,19.607,-503.188,155.163,80.696,0,0,-1,99.808681
85,12.0998,full-walk,-488.327,137.102,86.638,180.000,15.000,15.000,-501.155,123.994,1.734,-449.975,159.380,1.677,1.0000,1.5000,-475.950,118.627,75.474,-489.939,159.806,75.459,0.5014,0.0000,0.0000,0,0.000,0.000,0.0000,0.0000,0,0,-489.939,159.806,75.459,0.000,0,-1.000000,1.000,28.924,-1.000000,0.0000,0.0000,0,0,0.000,1.000,19.607,-489.939,159.806,75.459,0,0,-1,99.806377
86,12.2482,full-walk,-462.547,144.010,86.360,180.000,15.000,15.000,-451.228,138.666,9.748,-449.306,157.619,1.532,1.0000,1.5000,-439.450,130.373,80.307,-476.532,163.369,78.301,0.7238,0.0000,0.0000,0,0.000,0.000,0.0000,0.0000,0,0,-476.532,163.369,78.301,0.000,0,-1.000000,1.000,28.924,-1.000000,0.0000,0.0000,0,0,0.000,1.000,19.607,-476.532,163.369,78.301,0,0,-1,99.804005
87,12.3999,full-walk,-436.128,151.089,86.094,180.000,15.000,15.000,-393.425,156.316,1.767,-448.849,156.067,0.960,1.0000,1.5000,-420.277,133.972,75.459,-441.422,172.715,74.768,0.9518,0.0000,0.0000,0,0.000,0.000,0.0000,0.0000,0,0,-441.422,172.715,74.768,0.000,0,-1.000000,1.000,28.924,-1.000000,0.0000,0.0000,0,0,0.000,1.000,19.607,-441.422,172.715,74.768,0,0,-1,99.801574
88,12.5579,full-walk,-408.698,158.439,86.094,180.000,15.000,15.000,-385.843,156.861,1.053,-408.732,167.521,8.262,1.0000,1.5000,-407.484,134.848,77.432,-399.066,183.102,79.238,0.1884,0.0000,0.0000,0,0.000,0.000,0.0000,0.0000,0,0,-399.066,183.102,79.238,0.000,0,-1.000000,1.000,28.924,-1.000000,0.0000,0.0000,0,0,0.000,1.000,19.607,-399.066,183.102,79.238,0,0,-1,99.799050
89,12.6989,full-walk,-384.145,165.018,85.840,180.000,15.000,15.000,-385.644,155.714,0.707,-351.487,185.448,3.614,1.0000,1.5000,-379.006,143.441,75.250,-378.488,189.321,76.494,0.4002,0.0000,0.0000,0,0.000,0.000,0.0000,0.0000,0,0,-378.488,189.321,76.494,0.000,0,-1.000000,1.000,28.924,-1.000000,0.0000,0.0000,0,0,0.000,1.000,19.607,-378.488,189.321,76.494,0,0,-1,99.796790
90,12.8986,full-walk,-349.457,174.312,85.840,180.000,15.000,15.000,-342.250,167.651,8.823,-333.557,188.823,1.155,1.0000,1.5000,-326.733,160.533,79.617,-363.004,193.842,77.666,0.6995,0.0000,0.0000,0,0.000,0.000,0.0000,0.0000,0,0,-363.004,193.842,77.666,0.000,0,-1.000000,1.000,28.924,-1.000000,0.0000,0.0000,0,0,0.000,1.000,19.607,-363.004,193.842,77.666,0,0,-1,99.793598
91,13.0389,full-walk,-325.022,180.860,85.840,180.000,15.000,15.000,-285.821,184.936,3.173,-333.073,187.405,0.767,1.0000,1.5000,-306.632,164.957,76.337,-333.385,201.743,75.171,0.9103,0.0000,0.0000,0,0.000,0.000,0.0000,0.0000,0,0,-333.385,201.743,75.171,0.000,0,-1.000000,1.000,28.924,-1.000000,0.0000,0.0000,0,0,0.000,1.000,19.607,-333.385,201.743,75.171,0,0,-1,99.791349
92,13.1826,full-walk,-300.085,187.542,86.216,180.000,15.000,15.000,-270.180,188.393,1.299,-309.318,193.578,5.560,1.0000,1.5000,-296.310,165.022,76.398,-292.865,211.807,77.875,0.1254,0.0000,0.0000,0,0.000,0.000,0.0000,0.0000,0,0,-292.865,211.807,77.875,0.000,0,-1.000000,1.000,28.924,-1.000000,0.0000,0.0000,0,0,0.000,1.000,19.607,-292.865,211.807,77.875,0,0,-1,99.789055
93,13.3203,full-walk,-276.093,193.970,86.525,180.000,15.000,15.000,-269.703,186.936,1.609,-252.348,211.048,8.025,1.0000,1.5000,-274.176,170.681,77.611,-267.041,218.569,79.362,0.3324,0.0000,0.0000,0,0.000,0.000,0.0000,0.0000,0,0,-267.041,218.569,79.362,0.000,0,-1.000000,1.000,28.924,-1.000000,0.0000,0.0000,0,0,0.000,1.000,19.607,-267.041,218.569,79.362,0,0,-1,99.786847
94,13.4678,full-walk,-250.500,200.828,86.963,180.000,15.000,15.000,-261.419,187.957,2.845,-217.852,220.774,1.896,1.0000,1.5000,-234.345,183.656,76.468,-256.150,222.191,75.736,0.5532,0.0000,0.0000,0,0.000,0.000,0.0000,0.0000,0,0,-256.150,222.191,75.736,0.000,0,-1.000000,1.000,28.924,-1.000000,0.0000,0.0000,0,0,0.000,1.000,19.607,-256.150,222.191,75.736,0,0,-1,99.784491
95,13.6077,turn-while-moving,-226.112,207.363,87.476,180.000,15.000,15.000,-208.075,204.271,11.017,-217.445,219.408,2.594,1.0000,1.5000,-202.916,193.761,81.463,-240.220,226.674,79.442,0.7636,0.0000,0.0000,0,0.000,0.000,0.0000,0.0000,0,0,-240.220,226.674,79.442,0.000,0,-1.000000,1.000,28.924,-1.000000,0.0000,0.0000,0,0,0.000,1.000,19.607,-240.220,226.674,79.442,0,0,-1,99.782247
96,13.7585,turn-while-moving,-210.883,221.433,88.051,142.237,60.097,15.000,-184.719,254.725,3.955,-222.844,216.969,2.816,1.0000,1.1853,-187.286,221.265,77.556,-230.316,232.275,76.731,0.9418,0.0000,0.0000,0,0.000,0.000,0.0000,0.0000,0,0,-230.316,232.275,76.731,0.000,0,-1.000000,1.000,28.924,-1.000000,0.0000,0.0000,0,0,0.000,1.000,19.607,-230.316,232.275,76.731,0,0,-1,99.779842
97,13.9000,turn-while-moving,-203.394,240.154,88.598,142.237,72.265,15.000,-187.455,267.584,3.635,-213.931,233.672,7.099,1.0000,1.1853,-182.237,232.053,78.430,-220.217,258.513,79.757,0.1099,0.0000,0.0000,0,0.000,0.000,0.0000,0.0000,0,0,-220.217,258.513,79.757,0.000,0,-1.000000,1.000,28.924,-1.000000,0.0000,0.0000,0,0,0.000,1.000,19.607,-220.217,258.513,79.757,0,0,-1,99.777573
98,14.0435,turn-while-moving,-196.987,259.506,89.165,142.237,72.265,15.000,-186.055,267.196,4.330,-200.693,279.964,12.530,1.0000,1.1853,-176.583,247.127,81.094,-212.302,281.528,82.996,0.2798,0.0000,0.0000,0,0.000,0.000,0.0000,0.0000,0,0,-212.302,281.528,82.996,0.000,0,-1.000000,1.000,28.924,-1.000000,0.0000,0.0000,0,0,0.000,1.000,19.607,-212.302,281.528,82.996,0,0,-1,99.775280
99,14.1798,turn-while-moving,-191.041,278.004,89.732,142.237,72.265,15.000,-184.979,266.870,4.796,-189.328,320.291,5.898,1.0000,1.1853,-169.339,273.586,78.683,-209.170,293.244,79.478,0.4417,0.0000,0.0000,0,0.000,0.000,0.0000,0.0000,0,0,-209.170,293.244,79.478,0.000,0,-1.000000,1.000,28.924,-1.000000,0.0000,0.0000,0,0,0.000,1.000,19.607,-209.170,293.244,79.478,0,0,-1,99.773094
100,14.3283,turn-while-moving,-184.618,298.071,90.369,142.237,72.265,15.000,-178.364,288.258,9.418,-185.891,329.050,5.583,1.0000,1.1853,-161.175,306.610,81.936,-207.355,300.608,80.493,0.6173,0.0000,0.0000,0,0.000,0.000,0.0000,0.0000,0,0,-207.355,300.608,80.493,0.000,0,-1.000000,1.000,28.924,-1.000000,0.0000,0.0000,0,0,0.000,1.000,19.607,-207.355,300.608,80.493,0,0,-1,99.770724
101,14.4693,turn-while-moving,-178.491,317.225,91.001,142.237,72.265,15.000,-165.238,334.360,14.291,-184.579,328.636,6.196,1.0000,1.1853,-154.553,329.183,84.912,-202.313,316.048,82.918,0.7849,0.0000,0.0000,0,0.000,0.000,0.0000,0.0000,0,0,-202.313,316.048,82.918,0.000,0,-1.000000,1.000,28.924,-1.000000,0.0000,0.0000,0,0,0.000,1.000,19.607,-202.313,316.048,82.918,0,0,-1,99.768462
102,14.6233,turn-while-moving,-171.833,338.043,91.711,142.237,72.265,15.000,-152.670,377.648,7.173,-183.152,328.149,6.703,1.0000,1.1853,-148.840,340.847,80.863,-192.277,346.390,80.399,0.9670,0.0000,0.0000,0,0.000,0.000,0.0000,0.0000,0,0,-192.277,346.390,80.399,0.000,0,-1.000000,1.000,28.924,-1.000000,0.0000,0.0000,0,0,0.000,1.000,19.607,-192.277,346.390,80.399,0,0,-1,99.766003
103,14.7661,turn-while-moving,-165.633,357.432,92.402,142.237,72.265,15.000,-150.539,381.740,7.557,-175.344,354.516,12.399,1.0000,1.1853,-144.768,347.858,82.890,-181.941,377.175,84.465,0.1367,0.0000,0.0000,0,0.000,0.000,0.0000,0.0000,0,0,-181.941,377.175,84.465,0.000,0,-1.000000,1.000,28.924,-1.000000,0.0000,0.0000,0,0,0.000,1.000,19.607,-181.941,377.175,84.465,0,0,-1,99.763713
104,14.9102,turn-while-moving,-159.406,376.901,93.110,142.237,72.265,15.000,-149.281,381.443,8.138,-161.956,402.084,15.596,1.0000,1.1853,-138.944,365.055,84.590,-174.913,398.496,86.430,0.3070,0.0000,0.0000,0,0.000,0.000,0.0000,0.0000,0,0,-174.913,398.496,86.430,0.000,0,-1.000000,1.000,28.924,-1.000000,0.0000,0.0000,0,0,0.000,1.000,19.607,-174.913,398.496,86.430,0,0,-1,99.761414
105,15.0509,turn-while-moving,-153.294,396.010,93.818,142.237,72.265,15.000,-147.967,381.038,8.816,-150.903,439.896,9.048,1.0000,1.1853,-130.939,394.112,82.504,-172.057,408.866,82.869,0.4742,0.0000,0.0000,0,0.000,0.000,0.0000,0.0000,0,0,-172.057,408.866,82.869,0.000,0,-1.000000,1.000,28.924,-1.000000,0.0000,0.0000,0,0,0.000,1.000,19.607,-172.057,408.866,82.869,0,0,-1,99.759157
106,15.1896,turn-while-moving,-147.292,414.779,94.521,142.237,72.265,15.000,-140.156,407.827,14.507,-149.099,443.285,9.617,1.0000,1.1853,-123.624,424.415,86.613,-170.307,416.224,84.967,0.6384,0.0000,0.0000,0,0.000,0.000,0.0000,0.0000,0,0,-170.307,416.224,84.967,0.000,0,-1.000000,1.000,28.924,-1.000000,0.0000,0.0000,0,0,0.000,1.000,19.607,-170.307,416.224,84.967,0,0,-1,99.756940
107,15.3327,turn-while-moving,-141.087,434.179,95.252,142.237,72.265,15.000,-126.877,455.280,17.666,-147.929,442.895,10.237,1.0000,1.1853,-117.243,445.657,88.597,-164.788,433.562,86.672,0.8081,0.0000,0.0000,0,0.000,0.000,0.0000,0.0000,0,0,-164.788,433.562,86.672,0.000,0,-1.000000,1.000,28.924,-1.000000,0.0000,0.0000,0,0,0.000,1.000,19.607,-164.788,433.562,86.672,0,0,-1,99.754649
108,15.4856,turn-while-moving,-134.473,454.860,96.031,142.237,72.265,15.000,-115.308,495.041,11.227,-146.564,442.458,11.099,1.0000,1.1853,-111.844,455.964,84.955,-154.452,464.887,84.795,0.9891,0.0000,0.0000,0,0.000,0.000,0.0000,0.0000,0,0,-154.452,464.887,84.795,0.000,0,-1.000000,1.000,28.924,-1.000000,0.0000,0.0000,0,0,0.000,1.000,19.607,-154.452,464.887,84.795,0,0,-1,99.752207
109,15.6244,turn-while-moving,-128.445,473.710,96.736,142.237,72.265,15.000,-113.790,496.019,11.898,-137.468,473.216,17.654,1.0000,1.1853,-107.691,463.271,87.623,-144.403,494.132,89.302,0.1540,0.0000,0.0000,0,0.000,0.000,0.0000,0.0000,0,0,-144.403,494.132,89.302,0.000,0,-1.000000,1.000,28.924,-1.000000,0.0000,0.0000,0,0,0.000,1.000,19.607,-144.403,494.132,89.302,0,0,-1,99.749981
110,15.7675,turn-while-moving,-122.259,493.051,97.445,142.237,72.265,15.000,-112.655,495.705,12.555,-124.187,520.875,19.373,1.0000,1.1853,-101.723,481.774,88.722,-137.979,514.257,90.518,0.3232,0.0000,0.0000,0,0.000,0.000,0.0000,0.0000,0,0,-137.979,514.257,90.518,0.000,0,-1.000000,1.000,28.924,-1.000000,0.0000,0.0000,0,0,0.000,1.000,19.607,-137.979,514.257,90.518,0,0,-1,99.747696
111,15.9170,turn-while-moving,-115.765,513.356,98.168,142.237,72.265,15.000,-111.681,495.473,13.261,-113.754,557.725,13.210,1.0000,1.1853,-93.541,513.733,87.000,-135.723,524.322,86.993,0.5009,0.0000,0.0000,0,0.000,0.000,0.0000,0.0000,0,0,-135.723,524.322,86.993,0.000,0,-1.000000,1.000,28.924,-1.000000,0.0000,0.0000,0,0,0.000,1.000,19.607,-135.723,524.322,86.993,0,0,-1,99.745298
112,16.0763,turn-while-moving,-108.875,534.900,98.899,142.237,72.265,15.000,-99.795,535.743,21.113,-112.214,557.324,13.818,1.0000,1.1853,-85.042,546.318,92.102,-132.559,534.355,90.186,0.6894,0.0000,0.0000,0,0.000,0.000,0.0000,0.0000,0,0,-132.559,534.355,90.186,0.000,0,-1.000000,1.000,28.924,-1.000000,0.0000,0.0000,0,0,0.000,1.000,19.607,-132.559,534.355,90.186,0,0,-1,99.742754
113,16.2177,turn-while-moving,-102.738,554.090,99.517,142.237,72.265,15.000,-86.414,582.762,19.921,-110.858,556.947,14.740,1.0000,1.1853,-78.902,563.811,91.852,-125.674,555.208,90.231,0.8573,0.0000,0.0000,0,0.000,0.000,0.0000,0.0000,0,0,-125.674,555.208,90.231,0.000,0,-1.000000,1.000,28.924,-1.000000,0.0000,0.0000,0,0,0.000,1.000,19.607,-125.674,555.208,90.231,0,0,-1,99.740488
114,16.3566,turn-while-moving,-96.730,572.874,100.105,142.237,72.265,15.000,-78.214,610.559,15.128,-109.051,559.531,15.307,1.0000,1.1853,-74.514,571.303,88.803,-115.795,585.435,89.113,0.0216,0.0000,0.0000,0,0.000,0.000,0.0000,0.0000,0,0,-115.795,585.435,89.113,0.000,0,-1.000000,1.000,28.924,-1.000000,0.0000,0.0000,0,0,0.000,1.000,19.607,-115.795,585.435,89.113,0,0,-1,99.738269
115,16.5485,turn-while-moving,-88.406,598.902,100.905,142.237,72.265,15.000,-76.570,610.181,16.005,-93.459,614.192,24.500,1.0000,1.1853,-68.135,586.189,92.903,-103.652,621.140,94.817,0.2493,0.0000,0.0000,0,0.000,0.000,0.0000,0.0000,0,0,-103.652,621.140,94.817,0.000,0,-1.000000,1.000,28.924,-1.000000,0.0000,0.0000,0,0,0.000,1.000,19.607,-103.652,621.140,94.817,0,0,-1,99.735195
116,16.6877,stop-from-turn,-82.386,617.726,101.472,142.237,72.265,15.000,-75.689,609.836,16.483,-81.480,657.612,18.725,1.0000,1.1853,-61.191,611.341,90.808,-100.012,634.775,91.913,0.4140,0.0000,0.0000,0,0.000,0.000,0.0000,0.0000,0,0,-100.012,634.775,91.913,0.000,0,-1.000000,1.000,28.924,-1.000000,0.0000,0.0000,0,0,0.000,1.000,19.607,-100.012,634.775,91.913,0,0,-1,99.732972
117,16.8288,stop-from-turn,-82.154,618.450,101.494,0.000,72.265,15.000,-72.117,622.978,15.926,-85.215,642.178,16.239,0.2928,0.0000,-59.773,616.424,94.589,-101.065,630.889,94.897,0.4140,0.0000,0.0000,0,0.000,0.000,0.0000,0.0000,0,0,-101.065,630.889,94.897,0.000,0,-1.000000,1.000,28.924,-1.000000,0.0000,0.0000,0,0,0.000,1.000,19.607,-101.065,630.889,94.897,0,0,-1,99.730709
118,16.9713,stop-from-turn,-82.154,618.450,101.494,0.000,72.265,15.000,-70.682,628.423,16.581,-86.895,635.012,16.581,0.0000,0.0000,-59.346,618.229,96.270,-101.534,628.931,96.270,0.4140,0.0000,0.0000,0,0.000,0.000,0.0000,0.0000,0,0,-101.534,628.931,96.270,0.000,0,-1.000000,1.000,28.924,-1.000000,0.0000,0.0000,0,0,0.000,1.000,19.607,-101.534,628.931,96.270,0,0,-1,99.728435
119,17.1085,stop-from-turn,-82.154,618.450,101.494,0.000,72.265,15.000,-70.682,628.423,16.581,-86.895,635.012,16.581,0.0000,0.0000,-59.345,618.237,96.271,-101.531,628.939,96.271,0.4140,0.0000,0.0000,0,0.000,0.000,0.0000,0.0000,0,0,-101.531,628.939,96.271,0.000,0,-1.000000,1.000,28.924,-1.000000,0.0000,0.0000,0,0,0.000,1.000,19.607,-101.531,628.939,96.271,0,0,-1,99.726235
120,17.2471,stop-from-turn,-82.154,618.450,101.494,0.000,72.265,15.000,-70.682,628.423,16.581,-86.895,635.012,16.581,0.0000,0.0000,-59.311,618.398,96.293,-101.484,629.098,96.293,0.4140,0.0000,0.0000,0,0.000,0.000,0.0000,0.0000,0,0,-101.484,629.098,96.293,0.000,0,-1.000000,1.000,28.924,-1.000000,0.0000,0.0000,0,0,0.000,1.000,19.607,-101.484,629.098,96.293,0,0,-1,99.724021
121,17.3858,stop-from-turn,-82.154,618.450,101.494,0.000,72.265,15.000,-70.682,628.423,16.581,-86.895,635.012,16.581,0.0000,0.0000,-59.293,618.483,96.305,-101.459,629.181,96.305,0.4140,0.0000,0.0000,0,0.000,0.000,0.0000,0.0000,0,0,-101.459,629.181,96.305,0.000,0,-1.000000,1.000,28.924,-1.000000,0.0000,0.0000,0,0,0.000,1.000,19.607,-101.459,629.181,96.305,0,0,-1,99.721796
122,17.5233,stop-from-turn,-82.154,618.450,101.494,0.000,72.265,15.000,-70.682,628.423,16.581,-86.895,635.012,16.581,0.0000,0.0000,-59.273,618.580,96.319,-101.431,629.275,96.319,0.4140,0.0000,0.0000,0,0.000,0.000,0.0000,0.0000,0,0,-101.431,629.275,96.319,0.000,0,-1.000000,1.000,28.924,-1.000000,0.0000,0.0000,0,0,0.000,1.000,19.607,-101.431,629.275,96.319,0,0,-1,99.719601
123,17.6780,stop-from-turn,-82.154,618.450,101.494,0.000,72.265,15.000,-70.682,628.423,16.581,-86.895,635.012,16.581,0.0000,0.0000,-59.251,618.684,96.334,-101.401,629.377,96.334,0.4140,0.0000,0.0000,0,0.000,0.000,0.0000,0.0000,0,0,-101.401,629.377,96.334,0.000,0,-1.000000,1.000,28.924,-1.000000,0.0000,0.0000,0,0,0.000,1.000,19.607,-101.401,629.377,96.334,0,0,-1,99.717123
124,17.8275,stop-from-turn,-82.154,618.450,101.494,0.000,72.265,15.000,-70.682,628.423,16.581,-86.895,635.012,16.581,0.0000,0.0000,-59.232,618.772,96.347,-101.375,629.464,96.347,0.4140,0.0000,0.0000,0,0.000,0.000,0.0000,0.0000,0,0,-101.375,629.464,96.347,0.000,0,-1.000000,1.000,28.924,-1.000000,0.0000,0.0000,0,0,0.000,1.000,19.607,-101.375,629.464,96.347,0,0,-1,99.714736
125,17.9703,stop-from-turn,-82.154,618.450,101.494,0.000,72.265,15.000,-70.682,628.423,16.581,-86.895,635.012,16.581,0.0000,0.0000,-59.222,618.823,96.355,-101.360,629.513,96.355,0.4140,0.0000,0.0000,0,0.000,0.000,0.0000,0.0000,0,0,-101.360,629.513,96.355,0.000,0,-1.000000,1.000,28.924,-1.000000,0.0000,0.0000,0,0,0.000,1.000,19.607,-101.360,629.513,96.355,0,0,-1,99.712447
126,18.1178,stop-from-turn,-82.154,618.450,101.494,0.000,72.265,15.000,-70.682,628.423,16.581,-86.895,635.012,16.581,0.0000,0.0000,-59.222,618.823,96.355,-101.360,629.513,96.355,0.4140,0.0000,0.0000,0,0.000,0.000,0.0000,0.0000,0,0,-101.360,629.513,96.355,0.000,0,-1.000000,1.000,28.924,-1.000000,0.0000,0.0000,0,0,0.000,1.000,19.607,-101.360,629.513,96.355,0,0,-1,99.710089
127,18.2586,stop-from-turn,-82.154,618.450,101.494,0.000,72.265,15.000,-70.682,628.423,16.581,-86.895,635.012,16.581,0.0000,0.0000,-59.207,618.893,96.366,-101.339,629.581,96.366,0.4140,0.0000,0.0000,0,0.000,0.000,0.0000,0.0000,0,0,-101.339,629.581,96.366,0.000,0,-1.000000,1.000,28.924,-1.000000,0.0000,0.0000,0,0,0.000,1.000,19.607,-101.339,629.581,96.366,0,0,-1,99.707831
128,18.4022,stop-from-turn,-82.154,618.450,101.494,0.000,72.265,15.000,-70.682,628.423,16.581,-86.895,635.012,16.581,0.0000,0.0000,-59.207,618.893,96.366,-101.339,629.581,96.366,0.4140,0.0000,0.0000,0,0.000,0.000,0.0000,0.0000,0,0,-101.339,629.581,96.366,0.000,0,-1.000000,1.000,28.924,-1.000000,0.0000,0.0000,0,0,0.000,1.000,19.607,-101.339,629.581,96.366,0,0,-1,99.705539
129,18.5400,stop-from-turn,-82.154,618.450,101.494,0.000,72.265,15.000,-70.682,628.423,16.581,-86.895,635.012,16.581,0.0000,0.0000,-59.223,618.820,96.357,-101.360,629.510,96.357,0.4140,0.0000,0.0000,0,0.000,0.000,0.0000,0.0000,0,0,-101.360,629.510,96.357,0.000,0,-1.000000,1.000,28.924,-1.000000,0.0000,0.0000,0,0,0.000,1.000,19.607,-101.360,629.510,96.357,0,0,-1,99.703330
130,18.6911,stop-from-turn,-82.154,618.450,101.494,0.000,72.265,15.000,-70.682,628.423,16.581,-86.895,635.012,16.581,0.0000,0.0000,-59.239,618.741,96.350,-101.383,629.433,96.350,0.4140,0.0000,0.0000,0,0.000,0.000,0.0000,0.0000,0,0,-101.383,629.433,96.350,0.000,0,-1.000000,1.000,28.924,-1.000000,0.0000,0.0000,0,0,0.000,1.000,19.607,-101.383,629.433,96.350,0,0,-1,99.700919
131,18.8335,orbit-standing-character,-82.154,618.450,101.494,0.000,72.265,15.000,-70.682,628.423,16.581,-86.895,635.012,16.581,0.0000,0.0000,-59.255,618.663,96.331,-101.407,629.357,96.331,0.4140,0.0000,0.0000,0,0.000,0.000,0.0000,0.0000,0,0,-101.407,629.357,96.331,0.000,0,-1.000000,1.000,28.924,-1.000000,0.0000,0.0000,0,0,0.000,1.000,19.607,-101.407,629.357,96.331,0,0,-1,99.698633
132,18.9769,orbit-standing-character,-82.154,618.450,101.494,0.000,72.265,22.648,-70.682,628.423,16.581,-86.895,635.012,16.581,0.0000,0.0000,-59.276,618.565,96.317,-101.435,629.261,96.317,0.4140,0.0000,0.0000,0,0.000,0.000,0.0000,0.0000,0,0,-101.435,629.261,96.317,0.000,0,-1.000000,1.000,28.924,-1.000000,0.0000,0.0000,0,0,0.000,1.000,19.607,-101.435,629.261,96.317,0,0,-1,99.696344
133,19.1242,orbit-standing-character,-82.154,618.450,101.494,0.000,72.265,30.530,-70.682,628.423,16.581,-86.895,635.012,16.581,0.0000,0.0000,-59.296,618.468,96.303,-101.464,629.166,96.303,0.4140,0.0000,0.0000,0,0.000,0.000,0.0000,0.0000,0,0,-101.464,629.166,96.303,0.000,0,-1.000000,1.000,28.924,-1.000000,0.0000,0.0000,0,0,0.000,1.000,19.607,-101.464,629.166,96.303,0,0,-1,99.693984
134,19.2643,orbit-standing-character,-82.154,618.450,101.494,0.000,72.265,38.006,-70.682,628.423,16.581,-86.895,635.012,16.581,0.0000,0.0000,-59.316,618.374,96.290,-101.491,629.074,96.290,0.4140,0.0000,0.0000,0,0.000,0.000,0.0000,0.0000,0,0,-101.491,629.074,96.290,0.000,0,-1.000000,1.000,28.924,-1.000000,0.0000,0.0000,0,0,0.000,1.000,19.607,-101.491,629.074,96.290,0,0,-1,99.691745
135,19.4053,orbit-standing-character,-82.154,618.450,101.494,0.000,72.265,45.553,-70.682,628.423,16.581,-86.895,635.012,16.581,0.0000,0.0000,-59.321,618.352,96.282,-101.497,629.051,96.282,0.4140,0.0000,0.0000,0,0.000,0.000,0.0000,0.0000,0,0,-101.497,629.051,96.282,0.000,0,-1.000000,1.000,28.924,-1.000000,0.0000,0.0000,0,0,0.000,1.000,19.607,-101.497,629.051,96.282,0,0,-1,99.689485
136,19.5452,orbit-standing-character,-82.154,618.450,101.494,0.000,72.265,53.016,-70.682,628.423,16.581,-86.895,635.012,16.581,0.0000,0.0000,-59.331,618.308,96.273,-101.509,629.008,96.273,0.4140,0.0000,0.0000,0,0.000,0.000,0.0000,0.0000,0,0,-101.509,629.008,96.273,0.000,0,-1.000000,1.000,28.924,-1.000000,0.0000,0.0000,0,0,0.000,1.000,19.607,-101.509,629.008,96.273,0,0,-1,99.687251
137,19.6980,orbit-standing-character,-82.154,618.450,101.494,0.000,72.265,61.199,-70.682,628.423,16.581,-86.895,635.012,16.581,0.0000,0.0000,-59.343,618.246,96.273,-101.529,628.948,96.273,0.4140,0.0000,0.0000,0,0.000,0.000,0.0000,0.0000,0,0,-101.529,628.948,96.273,0.000,0,-1.000000,1.000,28.924,-1.000000,0.0000,0.0000,0,0,0.000,1.000,19.607,-101.529,628.948,96.273,0,0,-1,99.684801
138,19.8399,orbit-standing-character,-82.154,618.450,101.494,0.000,72.265,68.756,-70.682,628.423,16.581,-86.895,635.012,16.581,0.0000,0.0000,-59.346,618.230,96.270,-101.533,628.932,96.270,0.4140,0.0000,0.0000,0,0.000,0.000,0.0000,0.0000,0,0,-101.533,628.932,96.270,0.000,0,-1.000000,1.000,28.924,-1.000000,0.0000,0.0000,0,0,0.000,1.000,19.607,-101.533,628.932,96.270,0,0,-1,99.682538
139,19.9829,orbit-standing-character,-82.154,618.450,101.494,0.000,72.265,76.421,-70.682,628.423,16.581,-86.895,635.012,16.581,0.0000,0.0000,-59.346,618.229,96.270,-101.534,628.931,96.270,0.4140,0.0000,0.0000,0,0.000,0.000,0.0000,0.0000,0,0,-101.534,628.931,96.270,0.000,0,-1.000000,1.000,28.924,-1.000000,0.0000,0.0000,0,0,0.000,1.000,19.607,-101.534,628.931,96.270,0,0,-1,99.680243
140,20.1245,orbit-standing-character,-82.154,618.450,101.494,0.000,72.265,83.970,-70.682,628.423,16.581,-86.895,635.012,16.581,0.0000,0.0000,-59.327,618.320,96.283,-101.507,629.022,96.283,0.4140,0.0000,0.0000,0,0.000,0.000,0.0000,0.0000,0,0,-101.507,629.022,96.283,0.000,0,-1.000000,1.000,28.924,-1.000000,0.0000,0.0000,0,0,0.000,1.000,19.607,-101.507,629.022,96.283,0,0,-1,99.677983
141,20.2697,orbit-standing-character,-82.154,618.450,101.494,0.000,72.265,91.744,-70.682,628.423,16.581,-86.895,635.012,16.581,0.0000,0.0000,-59.308,618.413,96.295,-101.480,629.112,96.295,0.4140,0.0000,0.0000,0,0.000,0.000,0.0000,0.0000,0,0,-101.480,629.112,96.295,0.000,0,-1.000000,1.000,28.924,-1.000000,0.0000,0.0000,0,0,0.000,1.000,19.607,-101.480,629.112,96.295,0,0,-1,99.675655
142,20.4163,orbit-standing-character,-82.154,618.450,101.494,0.000,72.265,99.562,-70.682,628.423,16.581,-86.895,635.012,16.581,0.0000,0.0000,-59.289,618.503,96.308,-101.454,629.200,96.308,0.4140,0.0000,0.0000,0,0.000,0.000,0.0000,0.0000,0,0,-101.454,629.200,96.308,0.000,0,-1.000000,1.000,28.924,-1.000000,0.0000,0.0000,0,0,0.000,1.000,19.607,-101.454,629.200,96.308,0,0,-1,99.673314
143,20.5570,orbit-standing-character,-82.154,618.450,101.494,0.000,72.265,107.098,-70.682,628.423,16.581,-86.895,635.012,16.581,0.0000,0.0000,-59.268,618.604,96.322,-101.424,629.299,96.323,0.4140,0.0000,0.0000,0,0.000,0.000,0.0000,0.0000,0,0,-101.424,629.299,96.323,0.000,0,-1.000000,1.000,28.924,-1.000000,0.0000,0.0000,0,0,0.000,1.000,19.607,-101.424,629.299,96.323,0,0,-1,99.671058
144,20.7009,orbit-standing-character,-82.154,618.450,101.494,0.000,72.265,114.774,-70.682,628.423,16.581,-86.895,635.012,16.581,0.0000,0.0000,-59.248,618.697,96.336,-101.397,629.390,96.336,0.4140,0.0000,0.0000,0,0.000,0.000,0.0000,0.0000,0,0,-101.397,629.390,96.336,0.000,0,-1.000000,1.000,28.924,-1.000000,0.0000,0.0000,0,0,0.000,1.000,19.607,-101.397,629.390,96.336,0,0,-1,99.668760
145,20.8488,orbit-standing-character,-82.154,618.450,101.494,0.000,72.265,122.693,-70.682,628.423,16.581,-86.895,635.012,16.581,0.0000,0.0000,-59.230,618.785,96.349,-101.371,629.476,96.349,0.4140,0.0000,0.0000,0,0.000,0.000,0.0000,0.0000,0,0,-101.371,629.476,96.349,0.000,0,-1.000000,1.000,28.924,-1.000000,0.0000,0.0000,0,0,0.000,1.000,19.607,-101.371,629.476,96.349,0,0,-1,99.666388
146,20.9908,orbit-standing-character,-82.154,618.450,101.494,0.000,72.265,130.265,-70.682,628.423,16.581,-86.895,635.012,16.581,0.0000,0.0000,-59.222,618.823,96.355,-101.360,629.513,96.355,0.4140,0.0000,0.0000,0,0.000,0.000,0.0000,0.0000,0,0,-101.360,629.513,96.355,0.000,0,-1.000000,1.000,28.924,-1.000000,0.0000,0.0000,0,0,0.000,1.000,19.607,-101.360,629.513,96.355,0,0,-1,99.664122
147,21.1361,orbit-standing-character,-82.154,618.450,101.494,0.000,72.265,138.045,-70.682,628.423,16.581,-86.895,635.012,16.581,0.0000,0.0000,-59.222,618.823,96.355,-101.360,629.513,96.355,0.4140,0.0000,0.0000,0,0.000,0.000,0.0000,0.0000,0,0,-101.360,629.513,96.355,0.000,0,-1.000000,1.000,28.924,-1.000000,0.0000,0.0000,0,0,0.000,1.000,19.607,-101.360,629.513,96.355,0,0,-1,99.661792
148,21.2784,orbit-standing-character,-82.154,618.450,101.494,0.000,72.265,145.631,-70.682,628.423,16.581,-86.895,635.012,16.581,0.0000,0.0000,-59.207,618.893,96.366,-101.339,629.581,96.366,0.4140,0.0000,0.0000,0,0.000,0.000,0.0000,0.0000,0,0,-101.339,629.581,96.366,0.000,0,-1.000000,1.000,28.924,-1.000000,0.0000,0.0000,0,0,0.000,1.000,19.607,-101.339,629.581,96.366,0,0,-1,99.659521
149,21.4232,orbit-standing-character,-82.154,618.450,101.494,0.000,72.265,153.381,-70.682,628.423,16.581,-86.895,635.012,16.581,0.0000,0.0000,-59.207,618.893,96.366,-101.339,629.581,96.366,0.4140,0.0000,0.0000,0,0.000,0.000,0.0000,0.0000,0,0,-101.339,629.581,96.366,0.000,0,-1.000000,1.000,28.924,-1.000000,0.0000,0.0000,0,0,0.000,1.000,19.607,-101.339,629.581,96.366,0,0,-1,99.657200
150,21.5728,orbit-standing-character,-82.154,618.450,101.494,0.000,72.265,161.353,-70.682,628.423,16.581,-86.895,635.012,16.581,0.0000,0.0000,-59.226,618.803,96.355,-101.365,629.494,96.356,0.4140,0.0000,0.0000,0,0.000,0.000,0.0000,0.0000,0,0,-101.365,629.494,96.356,0.000,0,-1.000000,1.000,28.924,-1.000000,0.0000,0.0000,0,0,0.000,1.000,19.607,-101.365,629.494,96.356,0,0,-1,99.654813
151,21.7147,orbit-standing-character,-82.154,618.450,101.494,0.000,72.265,168.960,-70.682,628.423,16.581,-86.895,635.012,16.581,0.0000,0.0000,-59.240,618.736,96.346,-101.385,629.428,96.346,0.4140,0.0000,0.0000,0,0.000,0.000,0.0000,0.0000,0,0,-101.385,629.428,96.346,0.000,0,-1.000000,1.000,28.924,-1.000000,0.0000,0.0000,0,0,0.000,1.000,19.607,-101.385,629.428,96.346,0,0,-1,99.652536
152,21.8601,orbit-standing-character,-82.154,618.450,101.494,0.000,72.265,176.687,-70.682,628.423,16.581,-86.895,635.012,16.581,0.0000,0.0000,-59.259,618.645,96.328,-101.412,629.340,96.329,0.4140,0.0000,0.0000,0,0.000,0.000,0.0000,0.0000,0,0,-101.412,629.340,96.329,0.000,0,-1.000000,1.000,28.924,-1.000000,0.0000,0.0000,0,0,0.000,1.000,19.607,-101.412,629.340,96.329,0,0,-1,99.650222
153,22.0582,orbit-standing-character,-82.154,618.450,101.494,0.000,72.265,187.316,-70.682,628.423,16.581,-86.895,635.012,16.581,0.0000,0.0000,-59.286,618.513,96.309,-101.451,629.211,96.310,0.4140,0.0000,0.0000,0,0.000,0.000,0.0000,0.0000,0,0,-101.451,629.211,96.310,0.000,0,-1.000000,1.000,28.924,-1.000000,0.0000,0.0000,0,0,0.000,1.000,19.607,-101.451,629.211,96.310,0,0,-1,99.647039
154,22.2052,orbit-standing-character,-82.154,618.450,101.494,0.000,72.265,195.153,-70.682,628.423,16.581,-86.895,635.012,16.581,0.0000,0.0000,-59.308,618.412,96.295,-101.480,629.111,96.295,0.4140,0.0000,0.0000,0,0.000,0.000,0.0000,0.0000,0,0,-101.480,629.111,96.295,0.000,0,-1.000000,1.000,28.924,-1.000000,0.0000,0.0000,0,0,0.000,1.000,19.607,-101.480,629.111,96.295,0,0,-1,99.644693
155,22.3475,orbit-standing-character,-82.154,618.450,101.494,0.000,72.265,202.775,-70.682,628.423,16.581,-86.895,635.012,16.581,0.0000,0.0000,-59.319,618.360,96.285,-101.495,629.060,96.285,0.4140,0.0000,0.0000,0,0.000,0.000,0.0000,0.0000,0,0,-101.495,629.060,96.285,0.000,0,-1.000000,1.000,28.924,-1.000000,0.0000,0.0000,0,0,0.000,1.000,19.607,-101.495,629.060,96.285,0,0,-1,99.642411
156,22.4825,orbit-standing-character,-82.154,618.450,101.494,0.000,72.265,209.974,-70.682,628.423,16.581,-86.895,635.012,16.581,0.0000,0.0000,-59.324,618.341,96.277,-101.500,629.040,96.277,0.4140,0.0000,0.0000,0,0.000,0.000,0.0000,0.0000,0,0,-101.500,629.040,96.277,0.000,0,-1.000000,1.000,28.924,-1.000000,0.0000,0.0000,0,0,0.000,1.000,19.607,-101.500,629.040,96.277,0,0,-1,99.640255
157,22.6326,orbit-standing-character,-82.154,618.450,101.494,0.000,72.265,218.012,-70.682,628.423,16.581,-86.895,635.012,16.581,0.0000,0.0000,-59.343,618.246,96.273,-101.529,628.948,96.273,0.4140,0.0000,0.0000,0,0.000,0.000,0.0000,0.0000,0,0,-101.529,628.948,96.273,0.000,0,-1.000000,1.000,28.924,-1.000000,0.0000,0.0000,0,0,0.000,1.000,19.607,-101.529,628.948,96.273,0,0,-1,99.637849
158,22.7714,orbit-standing-character,-82.154,618.450,101.494,0.000,72.265,225.414,-70.682,628.423,16.581,-86.895,635.012,16.581,0.0000,0.0000,-59.343,618.246,96.273,-101.529,628.948,96.273,0.4140,0.0000,0.0000,0,0.000,0.000,0.0000,0.0000,0,0,-101.529,628.948,96.273,0.000,0,-1.000000,1.000,28.924,-1.000000,0.0000,0.0000,0,0,0.000,1.000,19.607,-101.529,628.948,96.273,0,0,-1,99.635632
159,22.9099,open-pack,-82.154,618.450,101.494,0.000,72.265,232.829,-70.682,628.423,16.581,-86.895,635.012,16.581,0.0000,0.0000,-59.346,618.229,96.270,-101.534,628.931,96.270,0.4140,0.0000,0.0000,0,0.000,0.000,0.0000,0.0000,0,0,-101.534,628.931,96.270,0.000,0,-1.000000,1.000,28.924,-1.000000,0.0000,0.0000,0,0,0.000,1.000,19.607,-101.534,628.931,96.270,0,0,-1,99.633412
160,23.0496,open-pack,-82.154,618.450,101.494,0.000,72.265,232.829,-70.682,628.423,16.581,-86.895,635.012,16.581,0.0000,0.0000,-59.346,618.229,96.270,-101.534,628.931,96.270,0.4140,0.0000,0.0000,0,0.000,0.000,0.0000,0.0000,0,0,-101.534,628.931,96.270,0.000,0,-1.000000,1.000,28.924,-1.000000,0.0000,0.0000,0,0,0.000,1.000,19.607,-101.534,628.931,96.270,0,0,-1,99.633412
161,23.2072,open-pack,-82.154,618.450,101.494,0.000,72.265,232.829,-70.682,628.423,16.581,-86.895,635.012,16.581,0.0000,0.0000,-59.316,618.373,96.290,-101.492,629.073,96.290,0.4140,0.0000,0.0000,0,0.000,0.000,0.0000,0.0000,0,0,-101.492,629.073,96.290,0.000,0,-1.000000,1.000,28.924,-1.000000,0.0000,0.0000,0,0,0.000,1.000,19.607,-101.492,629.073,96.290,0,0,-1,99.633412
162,23.3543,open-pack,-82.154,618.450,101.494,0.000,72.265,232.829,-70.682,628.423,16.581,-86.895,635.012,16.581,0.0000,0.0000,-59.296,618.466,96.303,-101.464,629.164,96.303,0.4140,0.0000,0.0000,0,0.000,0.000,0.0000,0.0000,0,0,-101.464,629.164,96.303,0.000,0,-1.000000,1.000,28.924,-1.000000,0.0000,0.0000,0,0,0.000,1.000,19.607,-101.464,629.164,96.303,0,0,-1,99.633412
163,23.4963,open-look,-82.154,618.450,101.494,0.000,72.265,232.829,-70.682,628.423,16.581,-86.895,635.012,16.581,0.0000,0.0000,-59.277,618.560,96.316,-101.437,629.256,96.316,0.4140,0.0000,0.0000,0,0.000,0.000,0.0000,0.0000,0,0,-101.437,629.256,96.316,0.000,0,-1.000000,1.000,28.924,-1.000000,0.0000,0.0000,0,0,0.000,1.000,19.607,-101.437,629.256,96.316,0,0,-1,99.633412
164,23.6458,open-look,-82.154,618.450,101.494,0.000,72.265,232.829,-70.682,628.423,16.581,-86.895,635.012,16.581,0.0000,0.0000,-59.255,618.666,96.331,-101.406,629.360,96.331,0.4140,0.0000,0.0000,0,0.000,0.000,0.0000,0.0000,0,0,-101.406,629.360,96.331,0.000,0,-1.000000,1.000,28.924,-1.000000,0.0000,0.0000,0,0,0.000,1.000,19.607,-101.406,629.360,96.331,0,0,-1,99.633412
165,23.7879,open-look,-82.154,618.450,101.494,0.000,72.265,232.829,-70.682,628.423,16.581,-86.895,635.012,16.581,0.0000,0.0000,-59.237,618.749,96.344,-101.382,629.441,96.344,0.4140,0.0000,0.0000,0,0.000,0.000,0.0000,0.0000,0,0,-101.382,629.441,96.344,0.000,0,-1.000000,1.000,28.924,-1.000000,0.0000,0.0000,0,0,0.000,1.000,19.607,-101.382,629.441,96.344,0,0,-1,99.633412
166,23.9292,open-look,-82.154,618.450,101.494,0.000,72.265,232.829,-70.682,628.423,16.581,-86.895,635.012,16.581,0.0000,0.0000,-59.222,618.823,96.355,-101.360,629.513,96.355,0.4140,0.0000,0.0000,0,0.000,0.000,0.0000,0.0000,0,0,-101.360,629.513,96.355,0.000,0,-1.000000,1.000,28.924,-1.000000,0.0000,0.0000,0,0,0.000,1.000,19.607,-101.360,629.513,96.355,0,0,-1,99.633412
167,24.0804,open-look,-82.154,618.450,101.494,0.000,72.265,232.829,-70.682,628.423,16.581,-86.895,635.012,16.581,0.0000,0.0000,-59.222,618.823,96.355,-101.360,629.513,96.355,0.4140,0.0000,0.0000,0,0.000,0.000,0.0000,0.0000,0,0,-101.360,629.513,96.355,0.000,0,-1.000000,1.000,28.924,-1.000000,0.0000,0.0000,0,0,0.000,1.000,19.607,-101.360,629.513,96.355,0,0,-1,99.633412
168,24.2242,open-look,-82.154,618.450,101.494,0.000,72.265,232.829,-70.682,628.423,16.581,-86.895,635.012,16.581,0.0000,0.0000,-59.207,618.893,96.366,-101.339,629.581,96.366,0.4140,0.0000,0.0000,0,0.000,0.000,0.0000,0.0000,0,0,-101.339,629.581,96.366,0.000,0,-1.000000,1.000,28.924,-1.000000,0.0000,0.0000,0,0,0.000,1.000,19.607,-101.339,629.581,96.366,0,0,-1,99.633412
169,24.3667,open-look,-82.154,618.450,101.494,0.000,72.265,232.829,-70.682,628.423,16.581,-86.895,635.012,16.581,0.0000,0.0000,-59.207,618.893,96.366,-101.339,629.581,96.366,0.4140,0.0000,0.0000,0,0.000,0.000,0.0000,0.0000,0,0,-101.339,629.581,96.366,0.000,0,-1.000000,1.000,28.924,-1.000000,0.0000,0.0000,0,0,0.000,1.000,19.607,-101.339,629.581,96.366,0,0,-1,99.633412
170,24.5107,open-look,-82.154,618.450,101.494,0.000,72.265,232.829,-70.682,628.423,16.581,-86.895,635.012,16.581,0.0000,0.0000,-59.219,618.835,96.358,-101.356,629.526,96.358,0.4140,0.0000,0.0000,0,0.000,0.000,0.0000,0.0000,0,0,-101.356,629.526,96.358,0.000,0,-1.000000,1.000,28.924,-1.000000,0.0000,0.0000,0,0,0.000,1.000,19.607,-101.356,629.526,96.358,0,0,-1,99.633412
171,24.6517,open-look,-82.154,618.450,101.494,0.000,72.265,232.829,-70.682,628.423,16.581,-86.895,635.012,16.581,0.0000,0.0000,-59.235,618.762,96.352,-101.377,629.453,96.352,0.4140,0.0000,0.0000,0,0.000,0.000,0.0000,0.0000,0,0,-101.377,629.453,96.352,0.000,0,-1.000000,1.000,28.924,-1.000000,0.0000,0.0000,0,0,0.000,1.000,19.607,-101.377,629.453,96.352,0,0,-1,99.633412
172,24.7925,open-look,-82.154,618.450,101.494,0.000,72.265,232.829,-70.682,628.423,16.581,-86.895,635.012,16.581,0.0000,0.0000,-59.249,618.692,96.335,-101.398,629.386,96.335,0.4140,0.0000,0.0000,0,0.000,0.000,0.0000,0.0000,0,0,-101.398,629.386,96.335,0.000,0,-1.000000,1.000,28.924,-1.000000,0.0000,0.0000,0,0,0.000,1.000,19.607,-101.398,629.386,96.335,0,0,-1,99.633412
173,24.9463,open-look,-82.154,618.450,101.494,0.000,72.265,232.829,-70.682,628.423,16.581,-86.895,635.012,16.581,0.0000,0.0000,-59.272,618.585,96.320,-101.430,629.281,96.320,0.4140,0.0000,0.0000,0,0.000,0.000,0.0000,0.0000,0,0,-101.430,629.281,96.320,0.000,0,-1.000000,1.000,28.924,-1.000000,0.0000,0.0000,0,0,0.000,1.000,19.607,-101.430,629.281,96.320,0,0,-1,99.633412
174,25.0906,open-look,-82.154,618.450,101.494,0.000,72.265,232.829,-70.682,628.423,16.581,-86.895,635.012,16.581,0.0000,0.0000,-59.291,618.491,96.306,-101.457,629.189,96.306,0.4140,0.0000,0.0000,0,0.000,0.000,0.0000,0.0000,0,0,-101.457,629.189,96.306,0.000,0,-1.000000,1.000,28.924,-1.000000,0.0000,0.0000,0,0,0.000,1.000,19.607,-101.457,629.189,96.306,0,0,-1,99.633412
175,25.2408,open-look,-82.154,618.450,101.494,0.000,72.265,232.829,-70.682,628.423,16.581,-86.895,635.012,16.581,0.0000,0.0000,-59.313,618.387,96.292,-101.487,629.087,96.292,0.4140,0.0000,0.0000,0,0.000,0.000,0.0000,0.0000,0,0,-101.487,629.087,96.292,0.000,0,-1.000000,1.000,28.924,-1.000000,0.0000,0.0000,0,0,0.000,1.000,19.607,-101.487,629.087,96.292,0,0,-1,99.633412
176,25.3898,open-look,-82.154,618.450,101.494,0.000,72.265,232.829,-70.682,628.423,16.581,-86.895,635.012,16.581,0.0000,0.0000,-59.321,618.354,96.283,-101.496,629.054,96.283,0.4140,0.0000,0.0000,0,0.000,0.000,0.0000,0.0000,0,0,-101.496,629.054,96.283,0.000,0,-1.000000,1.000,28.924,-1.000000,0.0000,0.0000,0,0,0.000,1.000,19.607,-101.496,629.054,96.283,0,0,-1,99.633412
177,25.5393,open-look,-82.154,618.450,101.494,0.000,72.265,232.829,-70.682,628.423,16.581,-86.895,635.012,16.581,0.0000,0.0000,-59.326,618.332,96.273,-101.502,629.032,96.273,0.4140,0.0000,0.0000,0,0.000,0.000,0.0000,0.0000,0,0,-101.502,629.032,96.273,0.000,0,-1.000000,1.000,28.924,-1.000000,0.0000,0.0000,0,0,0.000,1.000,19.607,-101.502,629.032,96.273,0,0,-1,99.633412
178,25.6887,open-look,-82.154,618.450,101.494,0.000,72.265,232.829,-70.682,628.423,16.581,-86.895,635.012,16.581,0.0000,0.0000,-59.343,618.246,96.273,-101.529,628.948,96.273,0.4140,0.0000,0.0000,0,0.000,0.000,0.0000,0.0000,0,0,-101.529,628.948,96.273,0.000,0,-1.000000,1.000,28.924,-1.000000,0.0000,0.0000,0,0,0.000,1.000,19.607,-101.529,628.948,96.273,0,0,-1,99.633412
179,25.8328,open-look,-82.154,618.450,101.494,0.000,72.265,232.829,-70.682,628.423,16.581,-86.895,635.012,16.581,0.0000,0.0000,-59.345,618.236,96.271,-101.531,628.939,96.271,0.4140,0.0000,0.0000,0,0.000,0.000,0.0000,0.0000,0,0,-101.531,628.939,96.271,0.000,0,-1.000000,1.000,28.924,-1.000000,0.0000,0.0000,0,0,0.000,1.000,19.607,-101.531,628.939,96.271,0,0,-1,99.633412
180,25.9833,open-look,-82.154,618.450,101.494,0.000,72.265,232.829,-70.682,628.423,16.581,-86.895,635.012,16.581,0.0000,0.0000,-59.346,618.229,96.270,-101.534,628.931,96.270,0.4140,0.0000,0.0000,0,0.000,0.000,0.0000,0.0000,0,0,-101.534,628.931,96.270,0.000,0,-1.000000,1.000,28.924,-1.000000,0.0000,0.0000,0,0,0.000,1.000,19.607,-101.534,628.931,96.270,0,0,-1,99.633412
181,26.1261,open-look,-82.154,618.450,101.494,0.000,72.265,232.829,-70.682,628.423,16.581,-86.895,635.012,16.581,0.0000,0.0000,-59.327,618.322,96.283,-101.506,629.023,96.283,0.4140,0.0000,0.0000,0,0.000,0.000,0.0000,0.0000,0,0,-101.506,629.023,96.283,0.000,0,-1.000000,1.000,28.924,-1.000000,0.0000,0.0000,0,0,0.000,1.000,19.607,-101.506,629.023,96.283,0,0,-1,99.633412
182,26.2746,open-look,-82.154,618.450,101.494,0.000,72.265,232.829,-70.682,628.423,16.581,-86.895,635.012,16.581,0.0000,0.0000,-59.307,618.415,96.296,-101.479,629.115,96.296,0.4140,0.0000,0.0000,0,0.000,0.000,0.0000,0.0000,0,0,-101.479,629.115,96.296,0.000,0,-1.000000,1.000,28.924,-1.000000,0.0000,0.0000,0,0,0.000,1.000,19.607,-101.479,629.115,96.296,0,0,-1,99.633412
183,26.4190,open-look,-82.154,618.450,101.494,0.000,72.265,232.829,-70.682,628.423,16.581,-86.895,635.012,16.581,0.0000,0.0000,-59.288,618.505,96.308,-101.453,629.202,96.309,0.4140,0.0000,0.0000,0,0.000,0.000,0.0000,0.0000,0,0,-101.453,629.202,96.309,0.000,0,-1.000000,1.000,28.924,-1.000000,0.0000,0.0000,0,0,0.000,1.000,19.607,-101.453,629.202,96.309,0,0,-1,99.633412
184,26.5593,portrait-idle,-82.154,618.450,101.494,0.000,72.265,232.829,-70.682,628.423,16.581,-86.895,635.012,16.581,0.0000,0.0000,-59.267,618.605,96.323,-101.424,629.300,96.323,0.4140,0.0000,0.0000,0,0.000,0.000,0.0000,0.0000,0,0,-101.424,629.300,96.323,0.000,0,-1.000000,1.000,28.924,-1.000000,0.0000,0.0000,0,0,0.000,1.000,19.607,-101.424,629.300,96.323,0,0,-1,99.633412
185,26.7103,portrait-idle,-82.154,618.450,101.494,0.000,72.265,232.829,-70.682,628.423,16.581,-86.895,635.012,16.581,0.0000,0.0000,-59.247,618.703,96.337,-101.395,629.396,96.337,0.4140,0.0000,0.0000,0,0.000,0.000,0.0000,0.0000,0,0,-101.395,629.396,96.337,0.000,0,-1.000000,1.000,28.924,-1.000000,0.0000,0.0000,0,0,0.000,1.000,19.607,-101.395,629.396,96.337,0,0,-1,99.633412
186,26.8559,portrait-idle,-82.154,618.450,101.494,0.000,72.265,232.829,-70.682,628.423,16.581,-86.895,635.012,16.581,0.0000,0.0000,-59.229,618.789,96.350,-101.370,629.480,96.350,0.4140,0.0000,0.0000,0,0.000,0.000,0.0000,0.0000,0,0,-101.370,629.480,96.350,0.000,0,-1.000000,1.000,28.924,-1.000000,0.0000,0.0000,0,0,0.000,1.000,19.607,-101.370,629.480,96.350,0,0,-1,99.633412
187,27.0018,portrait-idle,-82.154,618.450,101.494,0.000,72.265,232.829,-70.682,628.423,16.581,-86.895,635.012,16.581,0.0000,0.0000,-59.222,618.823,96.355,-101.360,629.513,96.355,0.4140,0.0000,0.0000,0,0.000,0.000,0.0000,0.0000,0,0,-101.360,629.513,96.355,0.000,0,-1.000000,1.000,28.924,-1.000000,0.0000,0.0000,0,0,0.000,1.000,19.607,-101.360,629.513,96.355,0,0,-1,99.633412
188,27.1504,portrait-idle,-82.154,618.450,101.494,0.000,72.265,232.829,-70.682,628.423,16.581,-86.895,635.012,16.581,0.0000,0.0000,-59.222,618.823,96.355,-101.360,629.513,96.355,0.4140,0.0000,0.0000,0,0.000,0.000,0.0000,0.0000,0,0,-101.360,629.513,96.355,0.000,0,-1.000000,1.000,28.924,-1.000000,0.0000,0.0000,0,0,0.000,1.000,19.607,-101.360,629.513,96.355,0,0,-1,99.633412
189,27.2998,portrait-idle,-82.154,618.450,101.494,0.000,72.265,232.829,-70.682,628.423,16.581,-86.895,635.012,16.581,0.0000,0.0000,-59.207,618.893,96.366,-101.339,629.581,96.366,0.4140,0.0000,0.0000,0,0.000,0.000,0.0000,0.0000,0,0,-101.339,629.581,96.366,0.000,0,-1.000000,1.000,28.924,-1.000000,0.0000,0.0000,0,0,0.000,1.000,19.607,-101.339,629.581,96.366,0,0,-1,99.633412
190,27.4510,portrait-idle,-82.154,618.450,101.494,0.000,72.265,232.829,-70.682,628.423,16.581,-86.895,635.012,16.581,0.0000,0.0000,-59.211,618.874,96.363,-101.345,629.564,96.363,0.4140,0.0000,0.0000,0,0.000,0.000,0.0000,0.0000,0,0,-101.345,629.564,96.363,0.000,0,-1.000000,1.000,28.924,-1.000000,0.0000,0.0000,0,0,0.000,1.000,19.607,-101.345,629.564,96.363,0,0,-1,99.633412
191,27.5913,portrait-idle,-82.154,618.450,101.494,0.000,72.265,232.829,-70.682,628.423,16.581,-86.895,635.012,16.581,0.0000,0.0000,-59.228,618.793,96.355,-101.368,629.484,96.355,0.4140,0.0000,0.0000,0,0.000,0.000,0.0000,0.0000,0,0,-101.368,629.484,96.355,0.000,0,-1.000000,1.000,28.924,-1.000000,0.0000,0.0000,0,0,0.000,1.000,19.607,-101.368,629.484,96.355,0,0,-1,99.633412
192,27.7358,portrait-idle,-82.154,618.450,101.494,0.000,72.265,232.829,-70.682,628.423,16.581,-86.895,635.012,16.581,0.0000,0.0000,-59.241,618.732,96.341,-101.387,629.424,96.341,0.4140,0.0000,0.0000,0,0.000,0.000,0.0000,0.0000,0,0,-101.387,629.424,96.341,0.000,0,-1.000000,1.000,28.924,-1.000000,0.0000,0.0000,0,0,0.000,1.000,19.607,-101.387,629.424,96.341,0,0,-1,99.633412
193,27.8788,portrait-idle,-82.154,618.450,101.494,0.000,72.265,232.829,-70.682,628.423,16.581,-86.895,635.012,16.581,0.0000,0.0000,-59.262,618.632,96.326,-101.416,629.326,96.327,0.4140,0.0000,0.0000,0,0.000,0.000,0.0000,0.0000,0,0,-101.416,629.326,96.327,0.000,0,-1.000000,1.000,28.924,-1.000000,0.0000,0.0000,0,0,0.000,1.000,19.607,-101.416,629.326,96.327,0,0,-1,99.633412
194,28.0302,portrait-idle,-82.154,618.450,101.494,0.000,72.265,232.829,-70.682,628.423,16.581,-86.895,635.012,16.581,0.0000,0.0000,-59.282,618.533,96.312,-101.445,629.230,96.312,0.4140,0.0000,0.0000,0,0.000,0.000,0.0000,0.0000,0,0,-101.445,629.230,96.312,0.000,0,-1.000000,1.000,28.924,-1.000000,0.0000,0.0000,0,0,0.000,1.000,19.607,-101.445,629.230,96.312,0,0,-1,99.633412
195,28.1880,portrait-idle,-82.154,618.450,101.494,0.000,72.265,232.829,-70.682,628.423,16.581,-86.895,635.012,16.581,0.0000,0.0000,-59.305,618.423,96.297,-101.477,629.122,96.297,0.4140,0.0000,0.0000,0,0.000,0.000,0.0000,0.0000,0,0,-101.477,629.122,96.297,0.000,0,-1.000000,1.000,28.924,-1.000000,0.0000,0.0000,0,0,0.000,1.000,19.607,-101.477,629.122,96.297,0,0,-1,99.633412
196,28.3346,portrait-idle,-82.154,618.450,101.494,0.000,72.265,232.829,-70.682,628.423,16.581,-86.895,635.012,16.581,0.0000,0.0000,-59.318,618.362,96.286,-101.494,629.062,96.286,0.4140,0.0000,0.0000,0,0.000,0.000,0.0000,0.0000,0,0,-101.494,629.062,96.286,0.000,0,-1.000000,1.000,28.924,-1.000000,0.0000,0.0000,0,0,0.000,1.000,19.607,-101.494,629.062,96.286,0,0,-1,99.633412
197,28.4770,portrait-idle,-82.154,618.450,101.494,0.000,72.265,232.829,-70.682,628.423,16.581,-86.895,635.012,16.581,0.0000,0.0000,-59.324,618.341,96.277,-101.500,629.041,96.277,0.4140,0.0000,0.0000,0,0.000,0.000,0.0000,0.0000,0,0,-101.500,629.041,96.277,0.000,0,-1.000000,1.000,28.924,-1.000000,0.0000,0.0000,0,0,0.000,1.000,19.607,-101.500,629.041,96.277,0,0,-1,99.633412
198,28.6204,portrait-idle,-82.154,618.450,101.494,0.000,72.265,232.829,-70.682,628.423,16.581,-86.895,635.012,16.581,0.0000,0.0000,-59.343,618.246,96.273,-101.529,628.948,96.273,0.4140,0.0000,0.0000,0,0.000,0.000,0.0000,0.0000,0,0,-101.529,628.948,96.273,0.000,0,-1.000000,1.000,28.924,-1.000000,0.0000,0.0000,0,0,0.000,1.000,19.607,-101.529,628.948,96.273,0,0,-1,99.633412
199,28.7598,portrait-idle,-82.154,618.450,101.494,0.000,72.265,232.829,-70.682,628.423,16.581,-86.895,635.012,16.581,0.0000,0.0000,-59.343,618.246,96.273,-101.529,628.948,96.273,0.4140,0.0000,0.0000,0,0.000,0.000,0.0000,0.0000,0,0,-101.529,628.948,96.273,0.000,0,-1.000000,1.000,28.924,-1.000000,0.0000,0.0000,0,0,0.000,1.000,19.607,-101.529,628.948,96.273,0,0,-1,99.633412
200,28.9070,portrait-idle,-82.154,618.450,101.494,0.000,72.265,232.829,-70.682,628.423,16.581,-86.895,635.012,16.581,0.0000,0.0000,-59.346,618.229,96.270,-101.534,628.931,96.270,0.4140,0.0000,0.0000,0,0.000,0.000,0.0000,0.0000,0,0,-101.534,628.931,96.270,0.000,0,-1.000000,1.000,28.924,-1.000000,0.0000,0.0000,0,0,0.000,1.000,19.607,-101.534,628.931,96.270,0,0,-1,99.633412
201,29.0562,portrait-idle,-82.154,618.450,101.494,0.000,72.265,232.829,-70.682,628.423,16.581,-86.895,635.012,16.581,0.0000,0.0000,-59.346,618.229,96.270,-101.534,628.931,96.270,0.4140,0.0000,0.0000,0,0.000,0.000,0.0000,0.0000,0,0,-101.534,628.931,96.270,0.000,0,-1.000000,1.000,28.924,-1.000000,0.0000,0.0000,0,0,0.000,1.000,19.607,-101.534,628.931,96.270,0,0,-1,99.633412
202,29.2051,portrait-idle,-82.154,618.450,101.494,0.000,72.265,232.829,-70.682,628.423,16.581,-86.895,635.012,16.581,0.0000,0.0000,-59.316,618.371,96.290,-101.492,629.071,96.290,0.4140,0.0000,0.0000,0,0.000,0.000,0.0000,0.0000,0,0,-101.492,629.071,96.290,0.000,0,-1.000000,1.000,28.924,-1.000000,0.0000,0.0000,0,0,0.000,1.000,19.607,-101.492,629.071,96.290,0,0,-1,99.633412
203,29.3478,portrait-idle,-82.154,618.450,101.494,0.000,72.265,232.829,-70.682,628.423,16.581,-86.895,635.012,16.581,0.0000,0.0000,-59.297,618.462,96.302,-101.465,629.160,96.302,0.4140,0.0000,0.0000,0,0.000,0.000,0.0000,0.0000,0,0,-101.465,629.160,96.302,0.000,0,-1.000000,1.000,28.924,-1.000000,0.0000,0.0000,0,0,0.000,1.000,19.607,-101.465,629.160,96.302,0,0,-1,99.633412
204,29.4928,portrait-idle,-82.154,618.450,101.494,0.000,72.265,232.829,-70.682,628.423,16.581,-86.895,635.012,16.581,0.0000,0.0000,-59.277,618.558,96.316,-101.438,629.254,96.316,0.4140,0.0000,0.0000,0,0.000,0.000,0.0000,0.0000,0,0,-101.438,629.254,96.316,0.000,0,-1.000000,1.000,28.924,-1.000000,0.0000,0.0000,0,0,0.000,1.000,19.607,-101.438,629.254,96.316,0,0,-1,99.633412
205,29.6391,portrait-orbit,-82.154,618.450,101.494,0.000,72.265,232.829,-70.682,628.423,16.581,-86.895,635.012,16.581,0.0000,0.0000,-59.255,618.662,96.331,-101.407,629.356,96.331,0.4140,0.0000,0.0000,0,0.000,0.000,0.0000,0.0000,0,0,-101.407,629.356,96.331,0.000,0,-1.000000,1.000,28.924,-1.000000,0.0000,0.0000,0,0,0.000,1.000,19.607,-101.407,629.356,96.331,0,0,-1,99.633412
206,29.7833,portrait-orbit,-82.154,618.450,101.494,0.000,72.265,232.829,-70.682,628.423,16.581,-86.895,635.012,16.581,0.0000,0.0000,-59.238,618.746,96.343,-101.382,629.438,96.343,0.4140,0.0000,0.0000,0,0.000,0.000,0.0000,0.0000,0,0,-101.382,629.438,96.343,0.000,0,-1.000000,1.000,28.924,-1.000000,0.0000,0.0000,0,0,0.000,1.000,19.607,-101.382,629.438,96.343,0,0,-1,99.633412
207,29.9232,portrait-orbit,-82.154,618.450,101.494,0.000,72.265,232.829,-70.682,628.423,16.581,-86.895,635.012,16.581,0.0000,0.0000,-59.222,618.823,96.355,-101.360,629.513,96.355,0.4140,0.0000,0.0000,0,0.000,0.000,0.0000,0.0000,0,0,-101.360,629.513,96.355,0.000,0,-1.000000,1.000,28.924,-1.000000,0.0000,0.0000,0,0,0.000,1.000,19.607,-101.360,629.513,96.355,0,0,-1,99.633412
208,30.0741,portrait-orbit,-82.154,618.450,101.494,0.000,72.265,232.829,-70.682,628.423,16.581,-86.895,635.012,16.581,0.0000,0.0000,-59.222,618.823,96.355,-101.360,629.513,96.355,0.4140,0.0000,0.0000,0,0.000,0.000,0.0000,0.0000,0,0,-101.360,629.513,96.355,0.000,0,-1.000000,1.000,28.924,-1.000000,0.0000,0.0000,0,0,0.000,1.000,19.607,-101.360,629.513,96.355,0,0,-1,99.633412
209,30.2204,portrait-orbit,-82.154,618.450,101.494,0.000,72.265,232.829,-70.682,628.423,16.581,-86.895,635.012,16.581,0.0000,0.0000,-59.207,618.893,96.366,-101.339,629.581,96.366,0.4140,0.0000,0.0000,0,0.000,0.000,0.0000,0.0000,0,0,-101.339,629.581,96.366,0.000,0,-1.000000,1.000,28.924,-1.000000,0.0000,0.0000,0,0,0.000,1.000,19.607,-101.339,629.581,96.366,0,0,-1,99.633412
210,30.3757,portrait-orbit,-82.154,618.450,101.494,0.000,72.265,232.829,-70.682,628.423,16.581,-86.895,635.012,16.581,0.0000,0.0000,-59.207,618.893,96.366,-101.339,629.581,96.366,0.4140,0.0000,0.0000,0,0.000,0.000,0.0000,0.0000,0,0,-101.339,629.581,96.366,0.000,0,-1.000000,1.000,28.924,-1.000000,0.0000,0.0000,0,0,0.000,1.000,19.607,-101.339,629.581,96.366,0,0,-1,99.633412
211,30.5438,portrait-orbit,-82.154,618.450,101.494,0.000,72.265,232.829,-70.682,628.423,16.581,-86.895,635.012,16.581,0.0000,0.0000,-59.223,618.818,96.357,-101.361,629.509,96.357,0.4140,0.0000,0.0000,0,0.000,0.000,0.0000,0.0000,0,0,-101.361,629.509,96.357,0.000,0,-1.000000,1.000,28.924,-1.000000,0.0000,0.0000,0,0,0.000,1.000,19.607,-101.361,629.509,96.357,0,0,-1,99.633412
212,30.7056,portrait-orbit,-82.154,618.450,101.494,0.000,72.265,232.829,-70.682,628.423,16.581,-86.895,635.012,16.581,0.0000,0.0000,-59.241,618.734,96.349,-101.386,629.426,96.350,0.4140,0.0000,0.0000,0,0.000,0.000,0.0000,0.0000,0,0,-101.386,629.426,96.350,0.000,0,-1.000000,1.000,28.924,-1.000000,0.0000,0.0000,0,0,0.000,1.000,19.607,-101.386,629.426,96.350,0,0,-1,99.633412
213,30.8627,portrait-orbit,-82.154,618.450,101.494,0.000,72.265,232.829,-70.682,628.423,16.581,-86.895,635.012,16.581,0.0000,0.0000,-59.259,618.643,96.328,-101.413,629.337,96.328,0.4140,0.0000,0.0000,0,0.000,0.000,0.0000,0.0000,0,0,-101.413,629.337,96.328,0.000,0,-1.000000,1.000,28.924,-1.000000,0.0000,0.0000,0,0,0.000,1.000,19.607,-101.413,629.337,96.328,0,0,-1,99.633412
214,31.0241,portrait-orbit,-82.154,618.450,101.494,0.000,72.265,232.829,-70.682,628.423,16.581,-86.895,635.012,16.581,0.0000,0.0000,-59.281,618.537,96.313,-101.444,629.234,96.313,0.4140,0.0000,0.0000,0,0.000,0.000,0.0000,0.0000,0,0,-101.444,629.234,96.313,0.000,0,-1.000000,1.000,28.924,-1.000000,0.0000,0.0000,0,0,0.000,1.000,19.607,-101.444,629.234,96.313,0,0,-1,99.633412
215,31.1737,portrait-orbit,-82.154,618.450,101.494,0.000,72.265,232.829,-70.682,628.423,16.581,-86.895,635.012,16.581,0.0000,0.0000,-59.303,618.433,96.298,-101.474,629.132,96.298,0.4140,0.0000,0.0000,0,0.000,0.000,0.0000,0.0000,0,0,-101.474,629.132,96.298,0.000,0,-1.000000,1.000,28.924,-1.000000,0.0000,0.0000,0,0,0.000,1.000,19.607,-101.474,629.132,96.298,0,0,-1,99.633412
216,31.3172,portrait-orbit,-82.154,618.450,101.494,0.000,72.265,232.829,-70.682,628.423,16.581,-86.895,635.012,16.581,0.0000,0.0000,-59.318,618.365,96.287,-101.494,629.065,96.287,0.4140,0.0000,0.0000,0,0.000,0.000,0.0000,0.0000,0,0,-101.494,629.065,96.287,0.000,0,-1.000000,1.000,28.924,-1.000000,0.0000,0.0000,0,0,0.000,1.000,19.607,-101.494,629.065,96.287,0,0,-1,99.633412
217,31.4544,portrait-orbit,-82.154,618.450,101.494,0.000,72.265,232.829,-70.682,628.423,16.581,-86.895,635.012,16.581,0.0000,0.0000,-59.323,618.345,96.279,-101.499,629.044,96.279,0.4140,0.0000,0.0000,0,0.000,0.000,0.0000,0.0000,0,0,-101.499,629.044,96.279,0.000,0,-1.000000,1.000,28.924,-1.000000,0.0000,0.0000,0,0,0.000,1.000,19.607,-101.499,629.044,96.279,0,0,-1,99.633412
218,31.6063,portrait-orbit,-82.154,618.450,101.494,0.000,72.265,232.829,-70.682,628.423,16.581,-86.895,635.012,16.581,0.0000,0.0000,-59.343,618.246,96.273,-101.529,628.948,96.273,0.4140,0.0000,0.0000,0,0.000,0.000,0.0000,0.0000,0,0,-101.529,628.948,96.273,0.000,0,-1.000000,1.000,28.924,-1.000000,0.0000,0.0000,0,0,0.000,1.000,19.607,-101.529,628.948,96.273,0,0,-1,99.633412
219,31.7524,portrait-orbit,-82.154,618.450,101.494,0.000,72.265,232.829,-70.682,628.423,16.581,-86.895,635.012,16.581,0.0000,0.0000,-59.343,618.246,96.273,-101.529,628.948,96.273,0.4140,0.0000,0.0000,0,0.000,0.000,0.0000,0.0000,0,0,-101.529,628.948,96.273,0.000,0,-1.000000,1.000,28.924,-1.000000,0.0000,0.0000,0,0,0.000,1.000,19.607,-101.529,628.948,96.273,0,0,-1,99.633412
220,31.8941,portrait-orbit,-82.154,618.450,101.494,0.000,72.265,232.829,-70.682,628.423,16.581,-86.895,635.012,16.581,0.0000,0.0000,-59.346,618.229,96.270,-101.534,628.931,96.270,0.4140,0.0000,0.0000,0,0.000,0.000,0.0000,0.0000,0,0,-101.534,628.931,96.270,0.000,0,-1.000000,1.000,28.924,-1.000000,0.0000,0.0000,0,0,0.000,1.000,19.607,-101.534,628.931,96.270,0,0,-1,99.633412
221,32.0394,portrait-orbit,-82.154,618.450,101.494,0.000,72.265,232.829,-70.682,628.423,16.581,-86.895,635.012,16.581,0.0000,0.0000,-59.346,618.229,96.270,-101.534,628.931,96.270,0.4140,0.0000,0.0000,0,0.000,0.000,0.0000,0.0000,0,0,-101.534,628.931,96.270,0.000,0,-1.000000,1.000,28.924,-1.000000,0.0000,0.0000,0,0,0.000,1.000,19.607,-101.534,628.931,96.270,0,0,-1,99.633412
222,32.1826,portrait-orbit,-82.154,618.450,101.494,0.000,72.265,232.829,-70.682,628.423,16.581,-86.895,635.012,16.581,0.0000,0.0000,-59.319,618.357,96.288,-101.496,629.058,96.288,0.4140,0.0000,0.0000,0,0.000,0.000,0.0000,0.0000,0,0,-101.496,629.058,96.288,0.000,0,-1.000000,1.000,28.924,-1.000000,0.0000,0.0000,0,0,0.000,1.000,19.607,-101.496,629.058,96.288,0,0,-1,99.633412
223,32.3221,portrait-orbit,-82.154,618.450,101.494,0.000,72.265,232.829,-70.682,628.423,16.581,-86.895,635.012,16.581,0.0000,0.0000,-59.301,618.446,96.300,-101.470,629.144,96.300,0.4140,0.0000,0.0000,0,0.000,0.000,0.0000,0.0000,0,0,-101.470,629.144,96.300,0.000,0,-1.000000,1.000,28.924,-1.000000,0.0000,0.0000,0,0,0.000,1.000,19.607,-101.470,629.144,96.300,0,0,-1,99.633412
224,32.4647,portrait-orbit,-82.154,618.450,101.494,0.000,72.265,232.829,-70.682,628.423,16.581,-86.895,635.012,16.581,0.0000,0.0000,-59.281,618.538,96.313,-101.443,629.234,96.313,0.4140,0.0000,0.0000,0,0.000,0.000,0.0000,0.0000,0,0,-101.443,629.234,96.313,0.000,0,-1.000000,1.000,28.924,-1.000000,0.0000,0.0000,0,0,0.000,1.000,19.607,-101.443,629.234,96.313,0,0,-1,99.633412
225,32.6073,portrait-orbit,-82.154,618.450,101.494,0.000,72.265,232.829,-70.682,628.423,16.581,-86.895,635.012,16.581,0.0000,0.0000,-59.260,618.640,96.328,-101.413,629.334,96.328,0.4140,0.0000,0.0000,0,0.000,0.000,0.0000,0.0000,0,0,-101.413,629.334,96.328,0.000,0,-1.000000,1.000,28.924,-1.000000,0.0000,0.0000,0,0,0.000,1.000,19.607,-101.413,629.334,96.328,0,0,-1,99.633412
226,32.7472,portrait-orbit,-82.154,618.450,101.494,0.000,72.265,232.829,-70.682,628.423,16.581,-86.895,635.012,16.581,0.0000,0.0000,-59.242,618.724,96.340,-101.389,629.417,96.340,0.4140,0.0000,0.0000,0,0.000,0.000,0.0000,0.0000,0,0,-101.389,629.417,96.340,0.000,0,-1.000000,1.000,28.924,-1.000000,0.0000,0.0000,0,0,0.000,1.000,19.607,-101.389,629.417,96.340,0,0,-1,99.633412
227,32.8871,portrait-orbit,-82.154,618.450,101.494,0.000,72.265,232.829,-70.682,628.423,16.581,-86.895,635.012,16.581,0.0000,0.0000,-59.225,618.807,96.353,-101.364,629.498,96.353,0.4140,0.0000,0.0000,0,0.000,0.000,0.0000,0.0000,0,0,-101.364,629.498,96.353,0.000,0,-1.000000,1.000,28.924,-1.000000,0.0000,0.0000,0,0,0.000,1.000,19.607,-101.364,629.498,96.353,0,0,-1,99.633412
228,33.0421,portrait-orbit,-82.154,618.450,101.494,0.000,72.265,232.829,-70.682,628.423,16.581,-86.895,635.012,16.581,0.0000,0.0000,-59.222,618.823,96.355,-101.360,629.513,96.355,0.4140,0.0000,0.0000,0,0.000,0.000,0.0000,0.0000,0,0,-101.360,629.513,96.355,0.000,0,-1.000000,1.000,28.924,-1.000000,0.0000,0.0000,0,0,0.000,1.000,19.607,-101.360,629.513,96.355,0,0,-1,99.633412
229,33.1909,portrait-orbit,-82.154,618.450,101.494,0.000,72.265,232.829,-70.682,628.423,16.581,-86.895,635.012,16.581,0.0000,0.0000,-59.207,618.893,96.366,-101.339,629.581,96.366,0.4140,0.0000,0.0000,0,0.000,0.000,0.0000,0.0000,0,0,-101.339,629.581,96.366,0.000,0,-1.000000,1.000,28.924,-1.000000,0.0000,0.0000,0,0,0.000,1.000,19.607,-101.339,629.581,96.366,0,0,-1,99.633412
230,33.3333,portrait-orbit,-82.154,618.450,101.494,0.000,72.265,232.829,-70.682,628.423,16.581,-86.895,635.012,16.581,0.0000,0.0000,-59.207,618.893,96.366,-101.339,629.581,96.366,0.4140,0.0000,0.0000,0,0.000,0.000,0.0000,0.0000,0,0,-101.339,629.581,96.366,0.000,0,-1.000000,1.000,28.924,-1.000000,0.0000,0.0000,0,0,0.000,1.000,19.607,-101.339,629.581,96.366,0,0,-1,99.633412
231,33.4795,portrait-orbit,-82.154,618.450,101.494,0.000,72.265,232.829,-70.682,628.423,16.581,-86.895,635.012,16.581,0.0000,0.0000,-59.216,618.852,96.360,-101.351,629.541,96.360,0.4140,0.0000,0.0000,0,0.000,0.000,0.0000,0.0000,0,0,-101.351,629.541,96.360,0.000,0,-1.000000,1.000,28.924,-1.000000,0.0000,0.0000,0,0,0.000,1.000,19.607,-101.351,629.541,96.360,0,0,-1,99.633412
232,33.6213,portrait-orbit,-82.154,618.450,101.494,0.000,72.265,232.829,-70.682,628.423,16.581,-86.895,635.012,16.581,0.0000,0.0000,-59.232,618.778,96.353,-101.373,629.469,96.353,0.4140,0.0000,0.0000,0,0.000,0.000,0.0000,0.0000,0,0,-101.373,629.469,96.353,0.000,0,-1.000000,1.000,28.924,-1.000000,0.0000,0.0000,0,0,0.000,1.000,19.607,-101.373,629.469,96.353,0,0,-1,99.633412
233,33.7670,return-to-world,-82.154,618.450,101.494,0.000,72.265,232.829,-70.682,628.423,16.581,-86.895,635.012,16.581,0.0000,0.0000,-59.245,618.710,96.338,-101.393,629.403,96.338,0.4140,0.0000,0.0000,0,0.000,0.000,0.0000,0.0000,0,0,-101.393,629.403,96.338,0.000,0,-1.000000,1.000,28.924,-1.000000,0.0000,0.0000,0,0,0.000,1.000,19.607,-101.393,629.403,96.338,0,0,-1,99.633412
234,33.9072,return-to-world,-82.154,618.450,101.494,0.000,72.265,232.829,-70.682,628.423,16.581,-86.895,635.012,16.581,0.0000,0.0000,-59.266,618.612,96.324,-101.422,629.307,96.324,0.4140,0.0000,0.0000,0,0.000,0.000,0.0000,0.0000,0,0,-101.422,629.307,96.324,0.000,0,-1.000000,1.000,28.924,-1.000000,0.0000,0.0000,0,0,0.000,1.000,19.607,-101.422,629.307,96.324,0,0,-1,99.631175
235,34.0484,return-to-world,-82.154,618.450,101.494,0.000,72.265,232.829,-70.682,628.423,16.581,-86.895,635.012,16.581,0.0000,0.0000,-59.285,618.520,96.310,-101.449,629.217,96.310,0.4140,0.0000,0.0000,0,0.000,0.000,0.0000,0.0000,0,0,-101.449,629.217,96.310,0.000,0,-1.000000,1.000,28.924,-1.000000,0.0000,0.0000,0,0,0.000,1.000,19.607,-101.449,629.217,96.310,0,0,-1,99.628909
236,34.1849,return-to-world,-82.154,618.450,101.494,0.000,72.265,232.829,-70.682,628.423,16.581,-86.895,635.012,16.581,0.0000,0.0000,-59.305,618.426,96.297,-101.476,629.125,96.297,0.4140,0.0000,0.0000,0,0.000,0.000,0.0000,0.0000,0,0,-101.476,629.125,96.297,0.000,0,-1.000000,1.000,28.924,-1.000000,0.0000,0.0000,0,0,0.000,1.000,19.607,-101.476,629.125,96.297,0,0,-1,99.626730
237,34.3298,return-to-world,-82.154,618.450,101.494,0.000,72.265,232.829,-70.682,628.423,16.581,-86.895,635.012,16.581,0.0000,0.0000,-59.318,618.363,96.286,-101.494,629.063,96.286,0.4140,0.0000,0.0000,0,0.000,0.000,0.0000,0.0000,0,0,-101.494,629.063,96.286,0.000,0,-1.000000,1.000,28.924,-1.000000,0.0000,0.0000,0,0,0.000,1.000,19.607,-101.494,629.063,96.286,0,0,-1,99.624408
238,34.4702,return-to-world,-82.154,618.450,101.494,0.000,72.265,232.829,-70.682,628.423,16.581,-86.895,635.012,16.581,0.0000,0.0000,-59.324,618.342,96.278,-101.499,629.042,96.278,0.4140,0.0000,0.0000,0,0.000,0.000,0.0000,0.0000,0,0,-101.499,629.042,96.278,0.000,0,-1.000000,1.000,28.924,-1.000000,0.0000,0.0000,0,0,0.000,1.000,19.607,-101.499,629.042,96.278,0,0,-1,99.622165
239,34.6074,return-to-world,-82.154,618.450,101.494,0.000,72.265,232.829,-70.682,628.423,16.581,-86.895,635.012,16.581,0.0000,0.0000,-59.343,618.246,96.273,-101.529,628.948,96.273,0.4140,0.0000,0.0000,0,0.000,0.000,0.0000,0.0000,0,0,-101.529,628.948,96.273,0.000,0,-1.000000,1.000,28.924,-1.000000,0.0000,0.0000,0,0,0.000,1.000,19.607,-101.529,628.948,96.273,0,0,-1,99.619967
240,34.7415,return-to-world,-82.154,618.450,101.494,0.000,72.265,232.829,-70.682,628.423,16.581,-86.895,635.012,16.581,0.0000,0.0000,-59.343,618.246,96.273,-101.529,628.948,96.273,0.4140,0.0000,0.0000,0,0.000,0.000,0.0000,0.0000,0,0,-101.529,628.948,96.273,0.000,0,-1.000000,1.000,28.924,-1.000000,0.0000,0.0000,0,0,0.000,1.000,19.607,-101.529,628.948,96.273,0,0,-1,99.617824
241,34.8873,walk-to-forage,-82.154,618.450,101.494,0.000,72.265,232.829,-70.682,628.423,16.581,-86.895,635.012,16.581,0.0000,0.0000,-59.346,618.229,96.270,-101.534,628.931,96.270,0.4140,0.0000,0.0000,0,-100.000,550.000,0.0000,0.0000,0,0,-101.534,628.931,96.270,0.000,0,-1.000000,1.000,28.924,-1.000000,0.0000,0.0000,0,0,0.000,1.000,19.607,-101.534,628.931,96.270,0,0,0,99.615488
242,35.0288,walk-to-forage,-83.561,616.595,101.418,24.716,114.636,237.882,-74.362,617.765,15.686,-107.340,642.467,16.163,0.7062,0.2060,-65.160,629.161,92.006,-106.548,614.285,92.540,0.4431,0.0000,0.0000,0,-100.000,550.000,0.0000,0.0000,0,0,-106.548,614.285,92.540,0.000,0,-1.000000,1.000,28.924,-1.000000,0.0000,0.0000,0,0,0.000,1.000,19.607,-106.548,614.285,92.540,0,0,0,99.613229
243,35.1733,walk-to-forage,-86.737,611.771,101.234,45.000,158.038,241.414,-68.864,614.698,16.309,-130.874,617.143,16.288,1.0000,0.3750,-85.170,633.976,90.040,-99.376,592.866,90.083,0.4974,0.0000,0.0000,0,-100.000,550.000,0.0000,0.0000,0,0,-99.376,592.866,90.083,0.000,0,-1.000000,1.000,28.924,-1.000000,0.0000,0.0000,0,0,0.000,1.000,19.607,-99.376,592.866,90.083,0,0,0,99.610914
244,35.3135,walk-to-forage,-89.877,606.306,101.034,45.000,-159.941,244.175,-79.882,620.163,16.731,-121.006,583.380,15.896,1.0000,0.3750,-107.240,622.101,90.375,-82.595,585.423,89.690,0.5499,0.0000,0.0000,0,-100.000,550.000,0.0000,0.0000,0,0,-82.595,585.423,89.690,0.000,0,-1.000000,1.000,28.924,-1.000000,0.0000,0.0000,0,0,0.000,1.000,19.607,-82.595,585.423,89.690,0,0,0,99.608673
245,35.4481,walk-to-forage,-92.624,600.898,100.845,45.000,-119.505,246.534,-95.775,613.582,18.675,-98.449,568.547,15.727,1.0000,0.3750,-116.899,598.245,91.551,-71.324,592.822,90.280,0.6004,0.0000,0.0000,0,-100.000,550.000,0.0000,0.0000,0,0,-71.324,592.822,90.280,0.000,0,-1.000000,1.000,28.924,-1.000000,0.0000,0.0000,0,0,0.000,1.000,19.607,-71.324,592.822,90.280,0,0,0,99.606516
246,35.5913,walk-to-forage,-95.278,595.036,100.648,45.000,-113.466,248.881,-102.470,600.535,21.601,-95.706,568.248,15.891,1.0000,0.3750,-119.950,587.151,93.328,-72.227,592.045,91.578,0.6541,0.0000,0.0000,0,-100.000,550.000,0.0000,0.0000,0,0,-72.227,592.045,91.578,0.000,0,-1.000000,1.000,28.924,-1.000000,0.0000,0.0000,0,0,0.000,1.000,19.607,-72.227,592.045,91.578,0,0,0,99.604228
247,35.7305,walk-to-forage,-97.626,589.222,100.458,45.000,-111.119,251.137,-107.652,586.158,23.580,-95.047,568.556,15.739,1.0000,0.3750,-122.186,578.860,94.307,-73.826,588.803,92.337,0.7063,0.0000,0.0000,0,-100.000,550.000,0.0000,0.0000,0,0,-73.826,588.803,92.337,0.000,0,-1.000000,1.000,28.924,-1.000000,0.0000,0.0000,0,0,0.000,1.000,19.607,-73.826,588.803,92.337,0,0,0,99.601998
248,35.8753,walk-to-forage,-99.813,583.107,100.263,45.000,-108.863,253.574,-112.286,570.399,23.812,-94.744,568.845,15.372,1.0000,0.3750,-124.035,571.410,94.256,-75.914,584.077,92.233,0.7604,0.0000,0.0000,0,-100.000,550.000,0.0000,0.0000,0,0,-75.914,584.077,92.233,0.000,0,-1.000000,1.000,28.924,-1.000000,0.0000,0.0000,0,0,0.000,1.000,19.607,-75.914,584.077,92.233,0,0,0,99.599689
249,36.0119,settle-forage,-99.813,583.107,100.263,0.000,-108.863,253.574,-111.851,572.198,16.851,-95.191,567.215,15.151,0.3141,0.0000,-123.330,579.465,94.522,-79.087,575.523,93.806,0.7604,0.0000,0.0000,0,-100.000,550.000,0.0000,0.0000,0,0,-79.087,575.523,93.806,0.000,0,-1.000000,1.000,28.924,-1.000000,0.0000,0.0000,0,0,0.000,1.000,19.607,-79.087,575.523,93.806,0,0,0,99.597495
250,36.1528,settle-forage,-99.813,583.107,100.263,0.000,-108.863,253.574,-111.479,573.363,15.351,-95.400,566.456,15.351,0.0000,0.0000,-122.749,583.186,95.125,-80.829,571.668,95.125,0.7604,0.0000,0.0000,0,-100.000,550.000,0.0000,0.0000,0,0,-80.829,571.668,95.125,0.000,0,-1.000000,1.000,28.924,-1.000000,0.0000,0.0000,0,0,0.000,1.000,19.607,-80.829,571.668,95.125,0,0,0,99.595243
251,36.2923,settle-forage,-99.813,583.107,100.263,0.000,-108.863,253.574,-111.479,573.363,15.351,-95.400,566.456,15.351,0.0000,0.0000,-122.764,583.117,95.135,-80.851,571.601,95.135,0.7604,0.0000,0.0000,0,-100.000,550.000,0.0000,0.0000,0,0,-80.851,571.601,95.135,0.000,0,-1.000000,1.000,28.924,-1.000000,0.0000,0.0000,0,0,0.000,1.000,19.607,-80.851,571.601,95.135,0,0,0,99.593006
252,36.4335,settle-forage,-99.813,583.107,100.263,0.000,-108.863,253.574,-111.479,573.363,15.351,-95.400,566.456,15.351,0.0000,0.0000,-122.764,583.117,95.135,-80.851,571.601,95.135,0.7604,0.0000,0.0000,0,-100.000,550.000,0.0000,0.0000,0,0,-80.851,571.601,95.135,0.000,0,-1.000000,1.000,28.924,-1.000000,0.0000,0.0000,0,0,0.000,1.000,19.607,-80.851,571.601,95.135,0,0,0,99.590754
253,36.5718,settle-forage,-99.813,583.107,100.263,0.000,-108.863,253.574,-111.479,573.363,15.351,-95.400,566.456,15.351,0.0000,0.0000,-122.744,583.206,95.125,-80.823,571.687,95.125,0.7604,0.0000,0.0000,0,-100.000,550.000,0.0000,0.0000,0,0,-80.823,571.687,95.125,0.000,0,-1.000000,1.000,28.924,-1.000000,0.0000,0.0000,0,0,0.000,1.000,19.607,-80.823,571.687,95.125,0,0,0,99.588537
254,36.7105,view-picking-side,-99.813,583.107,100.263,0.000,-108.863,253.574,-111.479,573.363,15.351,-95.400,566.456,15.351,0.0000,0.0000,-122.728,583.275,95.118,-80.802,571.755,95.118,0.7604,0.0000,0.0000,0,-100.000,550.000,0.0000,0.0000,0,0,-80.802,571.755,95.118,0.000,0,-1.000000,1.000,28.924,-1.000000,0.0000,0.0000,0,0,0.000,1.000,19.607,-80.802,571.755,95.118,0,0,0,99.586320
255,36.8510,view-picking-side,-99.813,583.107,100.263,0.000,-108.863,246.057,-111.479,573.363,15.351,-95.400,566.456,15.351,0.0000,0.0000,-122.709,583.357,95.099,-80.775,571.835,95.099,0.7604,0.0000,0.0000,0,-100.000,550.000,0.0000,0.0000,0,0,-80.775,571.835,95.099,0.000,0,-1.000000,1.000,28.924,-1.000000,0.0000,0.0000,0,0,0.000,1.000,19.607,-80.775,571.835,95.099,0,0,0,99.584069
256,36.9926,view-picking-side,-99.813,583.107,100.263,0.000,-108.863,238.502,-111.479,573.363,15.351,-95.400,566.456,15.351,0.0000,0.0000,-122.688,583.449,95.086,-80.747,571.925,95.086,0.7604,0.0000,0.0000,0,-100.000,550.000,0.0000,0.0000,0,0,-80.747,571.925,95.086,0.000,0,-1.000000,1.000,28.924,-1.000000,0.0000,0.0000,0,0,0.000,1.000,19.607,-80.747,571.925,95.086,0,0,0,99.581807
257,37.1301,view-picking-side,-99.813,583.107,100.263,0.000,-108.863,231.143,-111.479,573.363,15.351,-95.400,566.456,15.351,0.0000,0.0000,-122.666,583.544,95.072,-80.717,572.018,95.072,0.7604,0.0000,0.0000,0,-100.000,550.000,0.0000,0.0000,0,0,-80.717,572.018,95.072,0.000,0,-1.000000,1.000,28.924,-1.000000,0.0000,0.0000,0,0,0.000,1.000,19.607,-80.717,572.018,95.072,0,0,0,99.579603
258,37.2732,view-picking-side,-99.813,583.107,100.263,0.000,-108.863,223.509,-111.479,573.363,15.351,-95.400,566.456,15.351,0.0000,0.0000,-122.645,583.636,95.060,-80.688,572.108,95.060,0.7604,0.0000,0.0000,0,-100.000,550.000,0.0000,0.0000,0,0,-80.688,572.108,95.060,0.000,0,-1.000000,1.000,28.924,-1.000000,0.0000,0.0000,0,0,0.000,1.000,19.607,-80.688,572.108,95.060,0,0,0,99.577318
259,37.4113,view-picking-side,-99.813,583.107,100.263,0.000,-108.863,216.115,-111.479,573.363,15.351,-95.400,566.456,15.351,0.0000,0.0000,-122.640,583.656,95.051,-80.683,572.128,95.051,0.7604,0.0000,0.0000,0,-100.000,550.000,0.0000,0.0000,0,0,-80.683,572.128,95.051,0.000,0,-1.000000,1.000,28.924,-1.000000,0.0000,0.0000,0,0,0.000,1.000,19.607,-80.683,572.128,95.051,0,0,0,99.575104
260,37.5502,view-picking-side,-99.813,583.107,100.263,0.000,-108.863,208.710,-111.479,573.363,15.351,-95.400,566.456,15.351,0.0000,0.0000,-122.624,583.724,95.043,-80.661,572.195,95.043,0.7604,0.0000,0.0000,0,-100.000,550.000,0.0000,0.0000,0,0,-80.661,572.195,95.043,0.000,0,-1.000000,1.000,28.924,-1.000000,0.0000,0.0000,0,0,0.000,1.000,19.607,-80.661,572.195,95.043,0,0,0,99.572887
261,37.6839,view-picking-side,-99.813,583.107,100.263,0.000,-108.863,201.547,-111.479,573.363,15.351,-95.400,566.456,15.351,0.0000,0.0000,-122.616,583.761,95.042,-80.649,572.230,95.042,0.7604,0.0000,0.0000,0,-100.000,550.000,0.0000,0.0000,0,0,-80.649,572.230,95.042,0.000,0,-1.000000,1.000,28.924,-1.000000,0.0000,0.0000,0,0,0.000,1.000,19.607,-80.649,572.230,95.042,0,0,0,99.570742
262,37.8230,view-picking-side,-99.813,583.107,100.263,0.000,-108.863,194.131,-111.479,573.363,15.351,-95.400,566.456,15.351,0.0000,0.0000,-122.616,583.761,95.042,-80.649,572.230,95.042,0.7604,0.0000,0.0000,0,-100.000,550.000,0.0000,0.0000,0,0,-80.649,572.230,95.042,0.000,0,-1.000000,1.000,28.924,-1.000000,0.0000,0.0000,0,0,0.000,1.000,19.607,-80.649,572.230,95.042,0,0,0,99.568521
263,37.9780,before-pick,-99.813,583.107,100.263,0.000,-108.863,185.836,-111.479,573.363,15.351,-95.400,566.456,15.351,0.0000,0.0000,-122.612,583.778,95.040,-80.644,572.247,95.040,0.7604,0.0000,0.0000,0,-100.000,550.000,0.0000,0.0000,0,0,-80.644,572.247,95.040,0.000,0,-1.000000,1.000,28.924,-1.000000,0.0000,0.0000,0,0,0.000,1.000,19.607,-80.644,572.247,95.040,0,0,0,99.566038
264,38.1262,before-pick,-99.813,583.107,100.263,0.000,-108.863,185.836,-111.479,573.363,15.351,-95.400,566.456,15.351,0.0000,0.0000,-122.634,583.686,95.053,-80.673,572.156,95.053,0.7604,0.0000,0.0000,0,-100.000,550.000,0.0000,0.0000,0,0,-80.673,572.156,95.053,0.000,0,-1.000000,1.000,28.924,-1.000000,0.0000,0.0000,0,0,0.000,1.000,19.607,-80.673,572.156,95.053,0,0,0,99.563671
265,38.2682,before-pick,-99.813,583.107,100.263,0.000,-108.863,185.836,-111.479,573.363,15.351,-95.400,566.456,15.351,0.0000,0.0000,-122.654,583.596,95.065,-80.701,572.068,95.065,0.7604,0.0000,0.0000,0,-100.000,550.000,0.0000,0.0000,0,0,-80.701,572.068,95.065,0.000,0,-1.000000,1.000,28.924,-1.000000,0.0000,0.0000,0,0,0.000,1.000,19.607,-80.701,572.068,95.065,0,0,0,99.561393
266,38.4117,before-pick,-99.813,583.107,100.263,0.000,-108.863,185.836,-111.479,573.363,15.351,-95.400,566.456,15.351,0.0000,0.0000,-122.675,583.508,95.077,-80.728,571.983,95.078,0.7604,0.0000,0.0000,0,-100.000,550.000,0.0000,0.0000,0,0,-80.728,571.983,95.078,0.000,0,-1.000000,1.000,28.924,-1.000000,0.0000,0.0000,0,0,0.000,1.000,19.607,-80.728,571.983,95.078,0,0,0,99.559102
267,38.5476,before-pick,-99.813,583.107,100.263,0.000,-108.863,185.836,-111.479,573.363,15.351,-95.400,566.456,15.351,0.0000,0.0000,-122.697,583.411,95.091,-80.759,571.888,95.091,0.7604,0.0000,0.0000,0,-100.000,550.000,0.0000,0.0000,0,0,-80.759,571.888,95.091,0.000,0,-1.000000,1.000,28.924,-1.000000,0.0000,0.0000,0,0,0.000,1.000,19.607,-80.759,571.888,95.091,0,0,0,99.556921
268,38.6824,before-pick,-99.813,583.107,100.263,0.000,-108.863,185.836,-111.479,573.363,15.351,-95.400,566.456,15.351,0.0000,0.0000,-122.717,583.323,95.104,-80.786,571.801,95.104,0.7604,0.0000,0.0000,0,-100.000,550.000,0.0000,0.0000,0,0,-80.786,571.801,95.104,0.000,0,-1.000000,1.000,28.924,-1.000000,0.0000,0.0000,0,0,0.000,1.000,19.607,-80.786,571.801,95.104,0,0,0,99.554770
269,38.8194,gather,-99.813,583.107,100.263,0.000,-108.863,185.836,-111.479,573.363,15.351,-95.400,566.456,15.351,0.0000,0.0000,-122.736,583.242,95.116,-80.812,571.722,95.116,0.7604,0.0000,0.0000,0,-100.000,550.000,0.0000,0.0000,0,0,-80.812,571.722,95.116,0.000,0,-1.000000,1.000,28.924,-1.000000,0.0000,0.0000,0,0,0.000,1.000,19.607,-80.812,571.722,95.116,0,0,0,99.552573
270,38.9540,gather,-99.813,583.107,100.263,0.000,-108.863,185.836,-111.467,573.399,15.264,-95.397,566.492,15.262,0.0000,0.0000,-122.257,585.020,92.550,-80.733,572.629,92.586,0.7604,1.0000,0.1343,1,-100.000,550.000,0.0000,0.0000,0,0,-80.733,572.629,92.586,0.000,0,-1.000000,1.000,28.924,-1.000000,0.0000,0.0000,0,0,0.000,1.000,19.607,-80.733,572.629,92.586,0,0,0,99.550425
271,39.0888,gather,-99.813,583.107,100.263,0.000,-108.863,185.836,-111.470,573.368,15.281,-95.388,566.529,15.261,0.0000,0.0000,-121.357,588.294,87.640,-83.531,567.319,88.666,0.7604,1.0000,0.2693,1,-100.000,550.000,0.0000,0.0000,0,0,-83.531,567.319,88.666,0.000,0,-1.000000,1.000,28.924,-1.000000,0.0000,0.0000,0,0,0.000,1.000,19.607,-83.531,567.319,88.666,0,0,0,99.548264
272,39.2230,gather,-99.813,583.107,100.263,0.000,-108.863,185.836,-111.469,573.385,15.211,-95.384,566.560,15.205,0.0000,0.0000,-120.521,591.336,83.476,-90.234,552.957,91.671,0.7604,1.0000,0.4034,1,-100.000,550.000,0.0000,0.0000,0,0,-90.234,552.957,91.671,0.000,0,-1.000000,1.000,28.924,-1.000000,0.0000,0.0000,0,0,0.000,1.000,19.607,-90.234,552.957,91.671,0,0,0,99.546120
273,39.3602,gather,-99.813,583.107,100.263,0.000,-108.863,185.836,-111.496,573.342,15.370,-95.405,566.391,15.379,0.0000,0.0000,-120.295,592.160,82.482,-92.784,548.365,95.573,0.7604,1.0000,0.5408,1,-100.000,550.000,0.0000,0.0000,0,0,-92.784,548.365,95.573,0.000,0,-1.000000,1.000,28.924,-1.000000,0.0000,0.0000,0,0,0.000,1.000,19.607,-92.784,548.365,95.573,0,0,0,99.543921
274,39.4972,gather,-99.813,583.107,100.263,0.000,-108.863,185.836,-111.529,573.242,15.389,-95.402,566.390,15.379,0.0000,0.0000,-120.295,592.160,82.482,-91.955,551.259,97.641,0.7604,1.0000,0.6775,1,-100.000,550.000,0.0000,0.0000,0,0,-91.955,551.259,97.641,0.000,0,-1.000000,1.000,28.924,-1.000000,0.0000,0.0000,0,0,0.000,1.000,19.607,-91.955,551.259,97.641,0,0,0,99.541734
275,39.6330,gather,-99.813,583.107,100.263,0.000,-108.863,185.836,-111.529,573.242,15.389,-95.402,566.390,15.379,0.0000,0.0000,-120.295,592.160,82.482,-92.159,550.565,97.147,0.7604,1.0000,0.8136,1,-100.000,550.000,0.0000,0.0000,0,0,-92.159,550.565,97.147,0.000,0,-1.000000,1.000,28.924,-1.000000,0.0000,0.0000,0,0,0.000,1.000,19.607,-92.159,550.565,97.147,0,0,0,99.539555
276,39.7684,gather,-99.813,583.107,100.263,0.000,-108.863,185.836,-111.409,573.531,14.757,-95.355,566.584,14.766,0.0000,0.0000,-120.381,591.848,82.450,-91.507,550.513,92.868,0.7604,1.0000,0.9487,1,-100.000,550.000,0.0000,0.0000,0,0,-91.507,550.513,92.868,0.000,0,-1.000000,1.000,28.924,-1.000000,0.0000,0.0000,0,0,0.000,1.000,19.607,-91.507,550.513,92.868,0,0,0,99.537393
277,39.9025,gather,-99.813,583.107,100.263,0.000,-108.863,185.836,-111.489,573.333,15.278,-95.394,566.495,15.287,0.0000,0.0000,-120.842,590.168,85.096,-87.159,559.298,89.184,0.7604,1.0000,1.0831,1,-100.000,550.000,0.0000,0.0000,0,0,-87.159,559.298,89.184,0.000,0,-1.000000,1.000,28.924,-1.000000,0.0000,0.0000,0,0,0.000,1.000,19.607,-87.159,559.298,89.184,0,0,0,99.535244
278,40.0379,gather,-99.813,583.107,100.263,0.000,-108.863,185.836,-111.510,573.321,15.340,-95.394,566.584,15.329,0.0000,0.0000,-121.462,587.914,88.281,-82.987,568.455,89.034,0.7604,1.0000,1.2181,1,-100.000,550.000,0.0000,0.0000,0,0,-82.987,568.455,89.034,0.000,0,-1.000000,1.000,28.924,-1.000000,0.0000,0.0000,0,0,0.000,1.000,19.607,-82.987,568.455,89.034,0,0,0,99.533083
279,40.1707,gather,-99.813,583.107,100.263,0.000,-108.863,185.836,-111.479,573.360,15.187,-95.404,566.356,15.189,0.0000,0.0000,-122.067,585.709,91.420,-80.956,572.405,91.505,0.7604,1.0000,1.3512,1,-100.000,550.000,0.0000,0.0000,0,0,-80.956,572.405,91.505,0.000,0,-1.000000,1.000,28.924,-1.000000,0.0000,0.0000,0,0,0.000,1.000,19.607,-80.956,572.405,91.505,0,0,0,99.530954
280,40.3192,gather,-99.813,583.107,100.263,0.000,-108.863,185.836,-111.482,573.361,15.346,-95.398,566.457,15.344,0.0000,0.0000,-122.638,583.659,95.007,-80.684,572.131,95.006,0.7604,0.0734,1.4995,1,-100.000,550.000,0.0000,0.0000,0,0,-80.684,572.131,95.006,0.000,0,-1.000000,1.000,28.924,-1.000000,0.0000,0.0000,0,0,0.000,1.000,19.607,-80.684,572.131,95.006,0,0,0,99.528582
281,40.4641,gather,-99.813,583.107,100.263,0.000,-108.863,185.836,-111.479,573.363,15.351,-95.400,566.456,15.351,0.0000,0.0000,-122.637,583.664,95.048,-80.680,572.136,95.048,0.7604,0.0000,1.6000,1,-100.000,550.000,0.0000,0.0000,0,0,-80.680,572.136,95.048,0.000,0,-1.000000,1.000,28.924,-1.000000,0.0000,0.0000,0,0,0.000,1.000,19.607,-80.680,572.136,95.048,0,0,0,99.526258
282,40.6067,gather,-99.813,583.107,100.263,0.000,-108.863,185.836,-111.479,573.363,15.351,-95.400,566.456,15.351,0.0000,0.0000,-122.616,583.761,95.042,-80.649,572.230,95.042,0.7604,0.0000,1.6000,1,-100.000,550.000,0.0000,0.0000,0,0,-80.649,572.230,95.042,0.000,0,-1.000000,1.000,28.924,-1.000000,0.0000,0.0000,0,0,0.000,1.000,19.607,-80.649,572.230,95.042,0,0,0,99.523980
283,40.7371,gather,-99.813,583.107,100.263,0.000,-108.863,185.836,-111.479,573.363,15.351,-95.400,566.456,15.351,0.0000,0.0000,-122.616,583.761,95.042,-80.649,572.230,95.042,0.7604,0.0000,1.6000,1,-100.000,550.000,0.0000,0.0000,0,0,-80.649,572.230,95.042,0.000,0,-1.000000,1.000,28.924,-1.000000,0.0000,0.0000,0,0,0.000,1.000,19.607,-80.649,572.230,95.042,0,0,0,99.521892
284,40.8740,gather,-99.813,583.107,100.263,0.000,-108.863,185.836,-111.479,573.363,15.351,-95.400,566.456,15.351,0.0000,0.0000,-122.612,583.778,95.040,-80.644,572.247,95.040,0.7604,0.0000,1.6000,1,-100.000,550.000,0.0000,0.0000,0,0,-80.644,572.247,95.040,0.000,0,-1.000000,1.000,28.924,-1.000000,0.0000,0.0000,0,0,0.000,1.000,19.607,-80.644,572.247,95.040,0,0,0,99.519707
285,41.0069,gather,-99.813,583.107,100.263,0.000,-108.863,185.836,-111.479,573.363,15.351,-95.400,566.456,15.351,0.0000,0.0000,-122.612,583.778,95.040,-80.644,572.247,95.040,0.7604,0.0000,1.6000,1,-100.000,550.000,0.0000,0.0000,0,0,-80.644,572.247,95.040,0.000,0,-1.000000,1.000,28.924,-1.000000,0.0000,0.0000,0,0,0.000,1.000,19.607,-80.644,572.247,95.040,0,0,0,99.517575
286,41.1443,gather,-99.813,583.107,100.263,0.000,-108.863,185.836,-111.479,573.363,15.351,-95.400,566.456,15.351,0.0000,0.0000,-122.636,583.674,95.054,-80.676,572.145,95.054,0.7604,0.0000,1.6000,1,-100.000,550.000,0.0000,0.0000,0,0,-80.676,572.145,95.054,0.000,0,-1.000000,1.000,28.924,-1.000000,0.0000,0.0000,0,0,0.000,1.000,19.607,-80.676,572.145,95.054,0,0,0,99.515379
287,41.2828,gather,-99.813,583.107,100.263,0.000,-108.863,185.836,-111.479,573.363,15.351,-95.400,566.456,15.351,0.0000,0.0000,-122.656,583.587,95.066,-80.704,572.059,95.066,0.7604,0.0000,1.6000,1,-100.000,550.000,0.0000,0.0000,0,0,-80.704,572.059,95.066,0.000,0,-1.000000,1.000,28.924,-1.000000,0.0000,0.0000,0,0,0.000,1.000,19.607,-80.704,572.059,95.066,0,0,0,99.513161
288,41.4294,gather,-99.813,583.107,100.263,0.000,-108.863,185.836,-111.479,573.363,15.351,-95.400,566.456,15.351,0.0000,0.0000,-122.677,583.496,95.079,-80.732,571.970,95.079,0.7604,0.0000,1.6000,1,-100.000,550.000,0.0000,0.0000,0,0,-80.732,571.970,95.079,0.000,0,-1.000000,1.000,28.924,-1.000000,0.0000,0.0000,0,0,0.000,1.000,19.607,-80.732,571.970,95.079,0,0,0,99.510818
289,41.5660,gather,-99.813,583.107,100.263,0.000,-108.863,185.836,-111.479,573.363,15.351,-95.400,566.456,15.351,0.0000,0.0000,-122.700,583.398,95.093,-80.763,571.875,95.093,0.7604,0.0000,1.6000,1,-100.000,550.000,0.0000,0.0000,0,0,-80.763,571.875,95.093,0.000,0,-1.000000,1.000,28.924,-1.000000,0.0000,0.0000,0,0,0.000,1.000,19.607,-80.763,571.875,95.093,0,0,0,99.508628
290,41.7047,gather,-99.813,583.107,100.263,0.000,-108.863,185.836,-111.479,573.363,15.351,-95.400,566.456,15.351,0.0000,0.0000,-122.720,583.309,95.106,-80.790,571.788,95.106,0.7604,0.0000,1.6000,1,-100.000,550.000,0.0000,0.0000,0,0,-80.790,571.788,95.106,0.000,0,-1.000000,1.000,28.924,-1.000000,0.0000,0.0000,0,0,0.000,1.000,19.607,-80.790,571.788,95.106,0,0,0,99.506415
291,41.8371,after-gather,-99.813,583.107,100.263,0.000,-108.863,185.836,-111.479,573.363,15.351,-95.400,566.456,15.351,0.0000,0.0000,-122.738,583.231,95.118,-80.815,571.712,95.118,0.7604,0.0000,1.6000,1,-100.000,550.000,0.0000,0.0000,0,0,-80.815,571.712,95.118,0.000,0,-1.000000,1.000,28.924,-1.000000,0.0000,0.0000,0,0,0.000,1.000,19.607,-80.815,571.712,95.118,0,0,0,99.504292
292,41.9734,after-gather,-99.813,583.107,100.263,0.000,-108.863,185.836,-111.479,573.363,15.351,-95.400,566.456,15.351,0.0000,0.0000,-122.749,583.186,95.125,-80.829,571.668,95.125,0.7604,0.0000,1.6000,1,-100.000,550.000,0.0000,0.0000,0,0,-80.829,571.668,95.125,0.000,0,-1.000000,1.000,28.924,-1.000000,0.0000,0.0000,0,0,0.000,1.000,19.607,-80.829,571.668,95.125,0,0,0,99.502117
293,42.1074,after-gather,-99.813,583.107,100.263,0.000,-108.863,185.836,-111.479,573.363,15.351,-95.400,566.456,15.351,0.0000,0.0000,-122.749,583.186,95.125,-80.829,571.668,95.125,0.7604,0.0000,1.6000,1,-100.000,550.000,0.0000,0.0000,0,0,-80.829,571.668,95.125,0.000,0,-1.000000,1.000,28.924,-1.000000,0.0000,0.0000,0,0,0.000,1.000,19.607,-80.829,571.668,95.125,0,0,0,99.499967
294,42.2415,after-gather,-99.813,583.107,100.263,0.000,-108.863,185.836,-111.479,573.363,15.351,-95.400,566.456,15.351,0.0000,0.0000,-122.764,583.117,95.135,-80.851,571.601,95.135,0.7604,0.0000,1.6000,1,-100.000,550.000,0.0000,0.0000,0,0,-80.851,571.601,95.135,0.000,0,-1.000000,1.000,28.924,-1.000000,0.0000,0.0000,0,0,0.000,1.000,19.607,-80.851,571.601,95.135,0,0,0,99.497829
295,42.3752,after-gather,-99.813,583.107,100.263,0.000,-108.863,185.836,-111.479,573.363,15.351,-95.400,566.456,15.351,0.0000,0.0000,-122.764,583.117,95.135,-80.851,571.601,95.135,0.7604,0.0000,1.6000,1,-100.000,550.000,0.0000,0.0000,0,0,-80.851,571.601,95.135,0.000,0,-1.000000,1.000,28.924,-1.000000,0.0000,0.0000,0,0,0.000,1.000,19.607,-80.851,571.601,95.135,0,0,0,99.495681
296,42.5086,after-gather,-99.813,583.107,100.263,0.000,-108.863,185.836,-111.479,573.363,15.351,-95.400,566.456,15.351,0.0000,0.0000,-122.751,583.173,95.128,-80.834,571.655,95.128,0.7604,0.0000,1.6000,1,-100.000,550.000,0.0000,0.0000,0,0,-80.834,571.655,95.128,0.000,0,-1.000000,1.000,28.924,-1.000000,0.0000,0.0000,0,0,0.000,1.000,19.607,-80.834,571.655,95.128,0,0,0,99.493551
297,42.6435,after-gather,-99.813,583.107,100.263,0.000,-108.863,185.836,-111.479,573.363,15.351,-95.400,566.456,15.351,0.0000,0.0000,-122.735,583.243,95.122,-80.812,571.724,95.122,0.7604,0.0000,1.6000,1,-100.000,550.000,0.0000,0.0000,0,0,-80.812,571.724,95.122,0.000,0,-1.000000,1.000,28.924,-1.000000,0.0000,0.0000,0,0,0.000,1.000,19.607,-80.812,571.724,95.122,0,0,0,99.491387
298,42.7744,after-gather,-99.813,583.107,100.263,0.000,-108.863,185.836,-111.479,573.363,15.351,-95.400,566.456,15.351,0.0000,0.0000,-122.721,583.304,95.107,-80.792,571.783,95.107,0.7604,0.0000,1.6000,1,-100.000,550.000,0.0000,0.0000,0,0,-80.792,571.783,95.107,0.000,0,-1.000000,1.000,28.924,-1.000000,0.0000,0.0000,0,0,0.000,1.000,19.607,-80.792,571.783,95.107,0,0,0,99.489299
299,42.9085,after-gather,-99.813,583.107,100.263,0.000,-108.863,185.836,-111.479,573.363,15.351,-95.400,566.456,15.351,0.0000,0.0000,-122.700,583.397,95.093,-80.763,571.874,95.093,0.7604,0.0000,1.6000,1,-100.000,550.000,0.0000,0.0000,0,0,-80.763,571.874,95.093,0.000,0,-1.000000,1.000,28.924,-1.000000,0.0000,0.0000,0,0,0.000,1.000,19.607,-80.763,571.874,95.093,0,0,0,99.487148
300,43.0390,after-gather,-99.813,583.107,100.263,0.000,-108.863,185.836,-111.479,573.363,15.351,-95.400,566.456,15.351,0.0000,0.0000,-122.681,583.481,95.081,-80.737,571.956,95.081,0.7604,0.0000,1.6000,1,-100.000,550.000,0.0000,0.0000,0,0,-80.737,571.956,95.081,0.000,0,-1.000000,1.000,28.924,-1.000000,0.0000,0.0000,0,0,0.000,1.000,19.607,-80.737,571.956,95.081,0,0,0,99.485066
301,43.1725,after-gather,-99.813,583.107,100.263,0.000,-108.863,185.836,-111.479,573.363,15.351,-95.400,566.456,15.351,0.0000,0.0000,-122.660,583.573,95.068,-80.708,572.046,95.068,0.7604,0.0000,1.6000,1,-100.000,550.000,0.0000,0.0000,0,0,-80.708,572.046,95.068,0.000,0,-1.000000,1.000,28.924,-1.000000,0.0000,0.0000,0,0,0.000,1.000,19.607,-80.708,572.046,95.068,0,0,0,99.482925
302,43.3072,after-gather,-99.813,583.107,100.263,0.000,-108.863,185.836,-111.479,573.363,15.351,-95.400,566.456,15.351,0.0000,0.0000,-122.644,583.641,95.058,-80.687,572.113,95.058,0.7604,0.0000,1.6000,1,-100.000,550.000,0.0000,0.0000,0,0,-80.687,572.113,95.058,0.000,0,-1.000000,1.000,28.924,-1.000000,0.0000,0.0000,0,0,0.000,1.000,19.607,-80.687,572.113,95.058,0,0,0,99.480773
303,43.4445,after-gather,-99.813,583.107,100.263,0.000,-108.863,185.836,-111.479,573.363,15.351,-95.400,566.456,15.351,0.0000,0.0000,-122.638,583.661,95.049,-80.681,572.133,95.049,0.7604,0.0000,1.6000,1,-100.000,550.000,0.0000,0.0000,0,0,-80.681,572.133,95.049,0.000,0,-1.000000,1.000,28.924,-1.000000,0.0000,0.0000,0,0,0.000,1.000,19.607,-80.681,572.133,95.049,0,0,0,99.478572
304,43.5808,after-gather,-99.813,583.107,100.263,0.000,-108.863,185.836,-111.479,573.363,15.351,-95.400,566.456,15.351,0.0000,0.0000,-122.616,583.761,95.042,-80.649,572.230,95.042,0.7604,0.0000,1.6000,1,-100.000,550.000,0.0000,0.0000,0,0,-80.649,572.230,95.042,0.000,0,-1.000000,1.000,28.924,-1.000000,0.0000,0.0000,0,0,0.000,1.000,19.607,-80.649,572.230,95.042,0,0,0,99.476395
305,43.7133,after-gather,-99.813,583.107,100.263,0.000,-108.863,185.836,-111.479,573.363,15.351,-95.400,566.456,15.351,0.0000,0.0000,-122.616,583.761,95.042,-80.649,572.230,95.042,0.7604,0.0000,1.6000,1,-100.000,550.000,0.0000,0.0000,0,0,-80.649,572.230,95.042,0.000,0,-1.000000,1.000,28.924,-1.000000,0.0000,0.0000,0,0,0.000,1.000,19.607,-80.649,572.230,95.042,0,0,0,99.474272
