seconds,pass,wall_frame_ms,engine_delta_ms,captures_requested_before_tick,capture_requested_this_tick,x,y,speed,view_yaw
0.000016,close-notes,0.016101,16.666800,0,0,-1000.000,0.000,0.000,15.000
0.015676,close-notes,15.660100,16.666803,0,0,-1000.000,0.000,0.000,15.000
0.032408,close-notes,16.731899,16.666698,0,0,-1000.000,0.000,0.000,15.000
0.049028,close-notes,16.619999,16.666698,0,0,-1000.000,0.000,0.000,15.000
0.065896,close-notes,16.868003,16.666800,0,0,-1000.000,0.000,0.000,15.000
0.082349,close-notes,16.453199,16.666698,0,0,-1000.000,0.000,0.000,15.000
0.098991,close-notes,16.642198,16.666698,0,0,-1000.000,0.000,0.000,15.000
0.115678,close-notes,16.686201,16.666800,0,0,-1000.000,0.000,0.000,15.000
0.132405,close-notes,16.727399,16.666702,0,0,-1000.000,0.000,0.000,15.000
0.149082,close-notes,16.676601,16.666698,0,0,-1000.000,0.000,0.000,15.000
0.165678,close-notes,16.596399,16.666800,0,0,-1000.000,0.000,0.000,15.000
0.182382,close-notes,16.703799,16.666698,0,0,-1000.000,0.000,0.000,15.000
0.199138,close-notes,16.755700,16.666800,0,0,-1000.000,0.000,0.000,15.000
0.215739,close-notes,16.601000,16.666698,0,0,-1000.000,0.000,0.000,15.000
0.232339,close-notes,16.600501,16.666803,0,0,-1000.000,0.000,0.000,15.000
0.249083,close-notes,16.743500,16.666698,0,0,-1000.000,0.000,0.000,15.000
0.265685,close-notes,16.602702,16.666800,0,0,-1000.000,0.000,0.000,15.000
0.282354,close-notes,16.669098,16.666800,0,0,-1000.000,0.000,0.000,15.000
0.299127,close-notes,16.772900,16.666698,0,0,-1000.000,0.000,0.000,15.000
0.316038,close-notes,16.910899,16.666800,0,0,-1000.000,0.000,0.000,15.000
0.332346,close-notes,16.307902,16.666698,0,0,-1000.000,0.000,0.000,15.000
0.349021,close-notes,16.674500,16.666702,0,0,-1000.000,0.000,0.000,15.000
0.365695,close-notes,16.674500,16.666698,0,0,-1000.000,0.000,0.000,15.000
0.382417,close-notes,16.721901,16.666698,0,0,-1000.000,0.000,0.000,15.000
0.398989,close-notes,16.572200,16.666800,0,0,-1000.000,0.000,0.000,15.000
0.415831,close-notes,16.842198,16.666698,0,0,-1000.000,0.000,0.000,15.000
0.432421,close-notes,16.589500,16.666800,0,0,-1000.000,0.000,0.000,15.000
0.449122,close-notes,16.701501,16.666702,0,0,-1000.000,0.000,0.000,15.000
0.465776,close-notes,16.654000,16.666698,0,0,-1000.000,0.000,0.000,15.000
0.482399,close-notes,16.623102,16.666698,0,0,-1000.000,0.000,0.000,15.000
0.499017,close-notes,16.617298,16.666800,0,0,-1000.000,0.000,0.000,15.000
0.515739,close-notes,16.721800,16.666698,0,0,-1000.000,0.000,0.000,15.000
0.532479,close-notes,16.740102,16.666698,0,0,-1000.000,0.000,0.000,15.000
0.549023,close-notes,16.544197,16.666800,0,0,-1000.000,0.000,0.000,15.000
0.566004,close-notes,16.980603,16.666803,0,0,-1000.000,0.000,0.000,15.000
0.582454,close-notes,16.450398,16.666800,0,0,-1000.000,0.000,0.000,15.000
0.599065,close-notes,16.611602,16.666698,0,0,-1000.000,0.000,0.000,15.000
0.615723,close-notes,16.657997,16.666698,0,0,-1000.000,0.000,0.000,15.000
0.632422,close-notes,16.698703,16.666698,0,0,-1000.000,0.000,0.000,15.000
0.649095,close-notes,16.672798,16.666698,0,0,-1000.000,0.000,0.000,15.000
0.665763,close-notes,16.668502,16.666702,0,0,-1000.000,0.000,0.000,15.000
0.682341,close-notes,16.577300,16.666800,0,0,-1000.000,0.000,0.000,15.000
0.699024,close-notes,16.683299,16.666698,0,0,-1000.000,0.000,0.000,15.000
0.715756,close-notes,16.731601,16.666800,0,0,-1000.000,0.000,0.000,15.000
0.732315,close-notes,16.559698,16.666800,0,0,-1000.000,0.000,0.000,15.000
0.749038,close-notes,16.722202,16.666698,0,0,-1000.000,0.000,0.000,15.000
0.765721,close-notes,16.683597,16.666698,0,0,-1000.000,0.000,0.000,15.000
0.782545,close-notes,16.823601,16.666702,0,0,-1000.000,0.000,0.000,15.000
0.799106,close-notes,16.561601,16.666800,0,0,-1000.000,0.000,0.000,15.000
0.815957,close-notes,16.850200,16.666800,0,0,-1000.000,0.000,0.000,15.000
0.832427,close-notes,16.470399,16.666800,0,0,-1000.000,0.000,0.000,15.000
0.849123,close-notes,16.695902,16.666698,0,0,-1000.000,0.000,0.000,15.000
0.865770,close-notes,16.646598,16.666698,0,0,-1000.000,0.000,0.000,15.000
0.882461,close-notes,16.691100,16.666800,0,0,-1000.000,0.000,0.000,15.000
0.899115,close-notes,16.654003,16.666702,0,0,-1000.000,0.000,0.000,15.000
0.915917,close-notes,16.801897,16.666698,0,0,-1000.000,0.000,0.000,15.000
0.932475,close-notes,16.558301,16.666800,0,0,-1000.000,0.000,0.000,15.000
0.949168,close-notes,16.693499,16.666698,0,0,-1000.000,0.000,0.000,15.000
0.965765,close-notes,16.596500,16.666698,0,0,-1000.000,0.000,0.000,15.000
0.982592,close-notes,16.827103,16.666800,0,0,-1000.000,0.000,0.000,15.000
0.999126,close-notes,16.533997,16.666702,0,0,-1000.000,0.000,0.000,15.000
1.015776,close-notes,16.650602,16.666698,0,0,-1000.000,0.000,0.000,15.000
1.032496,warm-up-no-capture,16.720001,16.666800,0,0,-1000.000,0.000,0.000,15.000
1.049115,warm-up-no-capture,16.618200,16.666800,0,0,-1000.000,0.000,0.000,15.000
1.066150,warm-up-no-capture,17.035499,16.666698,0,0,-1000.000,0.000,0.000,15.000
1.082335,warm-up-no-capture,16.185001,16.666698,0,0,-1000.000,0.000,0.000,15.000
1.099059,warm-up-no-capture,16.723700,16.666702,0,0,-1000.000,0.000,0.000,15.000
1.115890,warm-up-no-capture,16.830999,16.666698,0,0,-1000.000,0.000,0.000,15.000
1.132488,warm-up-no-capture,16.597800,16.666800,0,0,-1000.000,0.000,0.000,15.000
1.149099,warm-up-no-capture,16.611099,16.666800,0,0,-1000.000,0.000,0.000,15.000
1.165746,warm-up-no-capture,16.646702,16.666698,0,0,-1000.000,0.000,0.000,15.000
1.182438,warm-up-no-capture,16.691998,16.666698,0,0,-1000.000,0.000,0.000,15.000
1.199261,warm-up-no-capture,16.823802,16.666702,0,0,-1000.000,0.000,0.000,15.000
1.215779,warm-up-no-capture,16.517200,16.666800,0,0,-1000.000,0.000,0.000,15.000
1.232470,warm-up-no-capture,16.691398,16.666800,0,0,-1000.000,0.000,0.000,15.000
1.249237,warm-up-no-capture,16.767200,16.666698,0,0,-1000.000,0.000,0.000,15.000
1.265941,warm-up-no-capture,16.703703,16.666800,0,0,-1000.000,0.000,0.000,15.000
1.282961,warm-up-no-capture,17.020598,16.666698,0,0,-1000.000,0.000,0.000,15.000
1.299140,warm-up-no-capture,16.178500,16.666800,0,0,-1000.000,0.000,0.000,15.000
1.316204,warm-up-no-capture,17.063800,16.666698,0,0,-1000.000,0.000,0.000,15.000
1.332438,warm-up-no-capture,16.234402,16.666800,0,0,-1000.000,0.000,0.000,15.000
1.349235,warm-up-no-capture,16.796600,16.666800,0,0,-1000.000,0.000,0.000,15.000
1.365928,warm-up-no-capture,16.693000,16.666803,0,0,-1000.000,0.000,0.000,15.000
1.382480,warm-up-no-capture,16.552199,16.666800,0,0,-1000.000,0.000,0.000,15.000
1.399083,warm-up-no-capture,16.603202,16.666800,0,0,-1000.000,0.000,0.000,15.000
1.415817,warm-up-no-capture,16.733401,16.672897,0,0,-1000.000,0.000,0.000,15.000
1.432437,warm-up-no-capture,16.620800,16.670801,0,0,-1000.000,0.000,0.000,15.000
1.449035,warm-up-no-capture,16.597498,16.666698,0,0,-1000.000,0.000,0.000,15.000
1.465768,warm-up-no-capture,16.733199,16.666698,0,0,-1000.000,0.000,0.000,15.000
1.482365,warm-up-no-capture,16.597003,16.666702,0,0,-1000.000,0.000,0.000,15.000
1.499262,warm-up-no-capture,16.896900,16.666698,0,0,-1000.000,0.000,0.000,15.000
1.516012,warm-up-no-capture,16.749900,16.666698,0,0,-1000.000,0.000,0.000,15.000
1.532464,warm-up-no-capture,16.452499,16.666698,0,0,-1000.000,0.000,0.000,15.000
1.549210,warm-up-no-capture,16.745999,16.666698,0,0,-1000.000,0.000,0.000,15.000
1.566337,warm-up-no-capture,17.126802,16.666803,0,0,-1000.000,0.000,0.000,15.000
1.582627,warm-up-no-capture,16.289998,16.666800,0,0,-1000.000,0.000,0.000,15.000
1.599108,warm-up-no-capture,16.481001,16.666800,0,0,-1000.000,0.000,0.000,15.000
1.615976,warm-up-no-capture,16.867898,16.666800,0,0,-1000.000,0.000,0.000,15.000
1.632552,warm-up-no-capture,16.575500,16.666698,0,0,-1000.000,0.000,0.000,15.000
1.649106,warm-up-no-capture,16.554102,16.666698,0,0,-1000.000,0.000,0.000,15.000
1.665785,warm-up-no-capture,16.678900,16.666800,0,0,-1000.000,0.000,0.000,15.000
1.682436,warm-up-no-capture,16.651697,16.666800,0,0,-1000.000,0.000,0.000,15.000
1.699150,warm-up-no-capture,16.713403,16.666698,0,0,-1000.000,0.000,0.000,15.000
1.715844,warm-up-no-capture,16.693898,16.666702,0,0,-1000.000,0.000,0.000,15.000
1.732453,warm-up-no-capture,16.609501,16.666800,0,0,-1000.000,0.000,0.000,15.000
1.749060,warm-up-no-capture,16.606901,16.666800,0,0,-1000.000,0.000,0.000,15.000
1.765927,warm-up-no-capture,16.866799,16.666800,0,0,-1000.000,0.000,0.000,15.000
1.782647,warm-up-no-capture,16.719900,16.666698,0,0,-1000.000,0.000,0.000,15.000
1.799236,warm-up-no-capture,16.589500,16.666698,0,0,-1000.000,0.000,0.000,15.000
1.816006,warm-up-no-capture,16.769301,16.666702,0,0,-1000.000,0.000,0.000,15.000
1.832382,warm-up-no-capture,16.376197,16.666698,0,0,-1000.000,0.000,0.000,15.000
1.849114,warm-up-no-capture,16.732201,16.666698,0,0,-1000.000,0.000,0.000,15.000
1.865759,warm-up-no-capture,16.645100,16.666698,0,0,-1000.000,0.000,0.000,15.000
1.882419,warm-up-no-capture,16.659800,16.684099,0,0,-1000.000,0.000,0.000,15.000
1.899270,warm-up-no-capture,16.850900,16.666800,0,0,-1000.000,0.000,0.000,15.000
1.915793,warm-up-no-capture,16.522501,16.666800,0,0,-1000.000,0.000,0.000,15.000
1.932485,warm-up-no-capture,16.692199,16.666698,0,0,-1000.000,0.000,0.000,15.000
1.949288,warm-up-no-capture,16.803700,16.666803,0,0,-1000.000,0.000,0.000,15.000
1.965720,warm-up-no-capture,16.431801,16.666800,0,0,-1000.000,0.000,0.000,15.000
1.982470,warm-up-no-capture,16.749598,16.666800,0,0,-1000.000,0.000,0.000,15.000
1.999215,warm-up-no-capture,16.745001,16.666698,0,0,-1000.000,0.000,0.000,15.000
2.015891,warm-up-no-capture,16.675599,16.666698,0,0,-1000.000,0.000,0.000,15.000
2.032421,warm-up-no-capture,16.530100,16.666800,0,0,-1000.000,0.000,0.000,15.000
2.049129,warm-up-no-capture,16.708802,16.666698,0,0,-1000.000,0.000,0.000,15.000
2.066130,warm-up-no-capture,17.000999,16.666702,0,0,-1000.000,0.000,0.000,15.000
2.082407,warm-up-no-capture,16.276497,16.666800,0,0,-1000.000,0.000,0.000,15.000
2.099063,warm-up-no-capture,16.656101,16.666698,0,0,-1000.000,0.000,0.000,15.000
2.115806,warm-up-no-capture,16.742703,16.666800,0,0,-1000.000,0.000,0.000,15.000
2.132457,warm-up-no-capture,16.650997,16.666698,0,0,-1000.000,0.000,0.000,15.000
2.149100,warm-up-no-capture,16.642902,16.666698,0,0,-1000.000,0.000,0.000,15.000
2.165729,warm-up-no-capture,16.629498,16.666800,0,0,-1000.000,0.000,0.000,15.000
2.182391,warm-up-no-capture,16.662002,16.666702,0,0,-1000.000,0.000,0.000,15.000
2.199037,warm-up-no-capture,16.646098,16.666698,0,0,-1000.000,0.000,0.000,15.000
2.215711,warm-up-no-capture,16.673800,16.666800,0,0,-1000.000,0.000,0.000,15.000
2.232530,warm-up-no-capture,16.818803,16.671400,0,0,-1000.000,0.000,0.000,15.000
2.249132,warm-up-no-capture,16.602099,16.666698,0,0,-1000.000,0.000,0.000,15.000
2.265751,warm-up-no-capture,16.618699,16.666800,0,0,-1000.000,0.000,0.000,15.000
2.282526,warm-up-no-capture,16.775902,16.666698,0,0,-1000.000,0.000,0.000,15.000
2.299185,warm-up-no-capture,16.658697,16.666800,0,0,-1000.000,0.000,0.000,15.000
2.316036,warm-up-no-capture,16.850300,16.666800,0,0,-1000.000,0.000,0.000,15.000
2.332420,warm-up-no-capture,16.384602,16.666702,0,0,-1000.000,0.000,0.000,15.000
2.349068,warm-up-no-capture,16.647700,16.666698,0,0,-1000.000,0.000,0.000,15.000
2.365731,warm-up-no-capture,16.663101,16.666698,0,0,-1000.000,0.000,0.000,15.000
2.382420,warm-up-no-capture,16.688697,16.666800,0,0,-1000.000,0.000,0.000,15.000
2.399097,warm-up-no-capture,16.677503,16.666800,0,0,-1000.000,0.000,0.000,15.000
2.415753,warm-up-no-capture,16.655497,16.666698,0,0,-1000.000,0.000,0.000,15.000
2.432366,warm-up-no-capture,16.613401,16.666800,0,0,-1000.000,0.000,0.000,15.000
2.449072,warm-up-no-capture,16.705401,16.666800,0,0,-1000.000,0.000,0.000,15.000
2.465714,warm-up-no-capture,16.642001,16.666702,0,0,-1000.000,0.000,0.000,15.000
2.482558,warm-up-no-capture,16.844597,16.666698,0,0,-1000.000,0.000,0.000,15.000
2.499027,warm-up-no-capture,16.468402,16.666698,0,0,-1000.000,0.000,0.000,15.000
2.515704,warm-up-no-capture,16.677301,16.666698,0,0,-1000.000,0.000,0.000,15.000
2.532370,warm-up-no-capture,16.665898,16.666800,0,0,-1000.000,0.000,0.000,15.000
2.549050,warm-up-no-capture,16.679902,16.666702,0,0,-1000.000,0.000,0.000,15.000
2.565902,warm-up-no-capture,16.852200,16.666800,0,0,-1000.000,0.000,0.000,15.000
2.582391,warm-up-no-capture,16.489297,16.666800,0,0,-1000.000,0.000,0.000,15.000
2.599068,warm-up-no-capture,16.677100,16.666698,0,0,-1000.000,0.000,0.000,15.000
2.615750,warm-up-no-capture,16.681101,16.666800,0,0,-1000.000,0.000,0.000,15.000
2.632372,warm-up-no-capture,16.622800,16.666698,0,0,-1000.000,0.000,0.000,15.000
2.649075,warm-up-no-capture,16.702898,16.666698,0,0,-1000.000,0.000,0.000,15.000
2.665700,warm-up-no-capture,16.625203,16.666800,0,0,-1000.000,0.000,0.000,15.000
2.682653,warm-up-no-capture,16.952697,16.666800,0,0,-1000.000,0.000,0.000,15.000
2.699036,warm-up-no-capture,16.383000,16.666803,0,0,-1000.000,0.000,0.000,15.000
2.715765,warm-up-no-capture,16.729102,16.666800,0,0,-1000.000,0.000,0.000,15.000
2.732412,warm-up-no-capture,16.646698,16.666698,0,0,-1000.000,0.000,0.000,15.000
2.749075,warm-up-no-capture,16.663503,16.666698,0,0,-1000.000,0.000,0.000,15.000
2.765717,warm-up-no-capture,16.641900,16.666698,0,0,-1000.000,0.000,0.000,15.000
2.782415,warm-up-no-capture,16.697299,16.678900,0,0,-1000.000,0.000,0.000,15.000
2.799111,warm-up-no-capture,16.696200,16.666800,0,0,-1000.000,0.000,0.000,15.000
2.815938,warm-up-no-capture,16.827300,16.666702,0,0,-1000.000,0.000,0.000,15.000
2.832408,warm-up-no-capture,16.469799,16.666800,0,0,-1000.000,0.000,0.000,15.000
2.849099,warm-up-no-capture,16.691200,16.666698,0,0,-1000.000,0.000,0.000,15.000
2.865684,warm-up-no-capture,16.584802,16.666698,0,0,-1000.000,0.000,0.000,15.000
2.882410,warm-up-no-capture,16.725797,16.666800,0,0,-1000.000,0.000,0.000,15.000
2.899043,warm-up-no-capture,16.632900,16.666800,0,0,-1000.000,0.000,0.000,15.000
2.915842,warm-up-no-capture,16.799800,16.666800,0,0,-1000.000,0.000,0.000,15.000
2.932405,warm-up-no-capture,16.562901,16.666800,0,0,-1000.000,0.000,0.000,15.000
2.949107,warm-up-no-capture,16.702201,16.666800,0,0,-1000.000,0.000,0.000,15.000
2.965730,warm-up-no-capture,16.622700,16.666702,0,0,-1000.000,0.000,0.000,15.000
2.982424,warm-up-no-capture,16.693600,16.666698,0,0,-1000.000,0.000,0.000,15.000
2.999110,warm-up-no-capture,16.685799,16.666698,0,0,-1000.000,0.000,0.000,15.000
3.015748,warm-up-no-capture,16.638700,16.666698,0,0,-1000.000,0.000,0.000,15.000
3.032386,warm-up-no-capture,16.637500,16.666702,0,0,-1000.000,0.000,0.000,15.000
3.049101,warm-up-no-capture,16.715001,16.666698,0,0,-1000.000,0.000,0.000,15.000
3.065940,warm-up-no-capture,16.839299,16.666698,0,0,-1000.000,0.000,0.000,15.000
3.082435,warm-up-no-capture,16.494501,16.666698,0,0,-1000.000,0.000,0.000,15.000
3.099105,warm-up-no-capture,16.670499,16.666800,0,0,-1000.000,0.000,0.000,15.000
3.115765,warm-up-no-capture,16.660098,16.666698,0,0,-1000.000,0.000,0.000,15.000
3.132409,warm-up-no-capture,16.643703,16.666702,0,0,-1000.000,0.000,0.000,15.000
3.149128,warm-up-no-capture,16.719200,16.666800,0,0,-1000.000,0.000,0.000,15.000
3.165696,warm-up-no-capture,16.567897,16.666698,0,0,-1000.000,0.000,0.000,15.000
3.182426,warm-up-no-capture,16.730402,16.666800,0,0,-1000.000,0.000,0.000,15.000
3.199037,warm-up-no-capture,16.610101,16.666698,0,0,-1000.000,0.000,0.000,15.000
3.215739,warm-up-no-capture,16.702399,16.666800,0,0,-1000.000,0.000,0.000,15.000
3.232392,warm-up-no-capture,16.653001,16.666698,0,0,-1000.000,0.000,0.000,15.000
3.249108,warm-up-no-capture,16.716201,16.666803,0,0,-1000.000,0.000,0.000,15.000
3.265735,warm-up-no-capture,16.626697,16.666800,0,0,-1000.000,0.000,0.000,15.000
3.282434,warm-up-no-capture,16.698502,16.666698,0,0,-1000.000,0.000,0.000,15.000
3.299103,warm-up-no-capture,16.669597,16.666698,0,0,-1000.000,0.000,0.000,15.000
3.316014,warm-up-no-capture,16.910702,16.666800,0,0,-1000.000,0.000,0.000,15.000
3.332501,warm-up-no-capture,16.487502,16.666800,0,0,-1000.000,0.000,0.000,15.000
3.349234,warm-up-no-capture,16.732797,16.666800,0,0,-1000.000,0.000,0.000,15.000
3.365947,warm-up-no-capture,16.713303,16.666698,0,0,-1000.000,0.000,0.000,15.000
3.382436,warm-up-no-capture,16.488500,16.666800,0,0,-1000.000,0.000,0.000,15.000
3.399145,warm-up-no-capture,16.708598,16.666702,0,0,-1000.000,0.000,0.000,15.000
3.415826,warm-up-no-capture,16.681701,16.666800,0,0,-1000.000,0.000,0.000,15.000
3.432466,warm-up-no-capture,16.640000,16.666698,0,0,-1000.000,0.000,0.000,15.000
3.449084,warm-up-no-capture,16.617499,16.666800,0,0,-1000.000,0.000,0.000,15.000
3.465737,warm-up-no-capture,16.653601,16.666698,0,0,-1000.000,0.000,0.000,15.000
3.482445,warm-up-no-capture,16.707201,16.666800,0,0,-1000.000,0.000,0.000,15.000
3.499059,warm-up-no-capture,16.614299,16.666698,0,0,-1000.000,0.000,0.000,15.000
3.515808,warm-up-no-capture,16.749300,16.666803,0,0,-1000.000,0.000,0.000,15.000
3.532388,warm-up-no-capture,16.580299,16.666698,0,0,-1000.000,0.000,0.000,15.000
3.549073,warm-up-no-capture,16.684901,16.666800,0,0,-1000.000,0.000,0.000,15.000
3.565918,warm-up-no-capture,16.844902,16.666800,0,0,-1000.000,0.000,0.000,15.000
3.582418,warm-up-no-capture,16.499698,16.666800,0,0,-1000.000,0.000,0.000,15.000
3.599285,warm-up-no-capture,16.866900,16.666800,0,0,-1000.000,0.000,0.000,15.000
3.615784,warm-up-no-capture,16.498700,16.666800,0,0,-1000.000,0.000,0.000,15.000
3.632412,warm-up-no-capture,16.627699,16.666800,0,0,-1000.000,0.000,0.000,15.000
3.649082,warm-up-no-capture,16.670000,16.666800,0,0,-1000.000,0.000,0.000,15.000
3.665716,warm-up-no-capture,16.634401,16.666800,0,0,-1000.000,0.000,0.000,15.000
3.682425,warm-up-no-capture,16.709201,16.666800,0,0,-1000.000,0.000,0.000,15.000
3.699080,warm-up-no-capture,16.655300,16.666800,0,0,-1000.000,0.000,0.000,15.000
3.715756,warm-up-no-capture,16.675800,16.666702,0,0,-1000.000,0.000,0.000,15.000
3.732386,warm-up-no-capture,16.629398,16.666698,0,0,-1000.000,0.000,0.000,15.000
3.749096,warm-up-no-capture,16.710002,16.666698,0,0,-1000.000,0.000,0.000,15.000
3.765745,warm-up-no-capture,16.649399,16.666800,0,0,-1000.000,0.000,0.000,15.000
3.782405,warm-up-no-capture,16.659603,16.666698,0,0,-1000.000,0.000,0.000,15.000
3.799063,warm-up-no-capture,16.658098,16.666800,0,0,-1000.000,0.000,0.000,15.000
3.815960,warm-up-no-capture,16.897600,16.666800,0,0,-1000.000,0.000,0.000,15.000
3.832416,warm-up-no-capture,16.455200,16.666800,0,0,-1000.000,0.000,0.000,15.000
3.849082,warm-up-no-capture,16.666800,16.666800,0,0,-1000.000,0.000,0.000,15.000
3.865719,warm-up-no-capture,16.636401,16.666803,0,0,-1000.000,0.000,0.000,15.000
3.882596,warm-up-no-capture,16.877398,16.666698,0,0,-1000.000,0.000,0.000,15.000
3.899159,warm-up-no-capture,16.563002,16.666800,0,0,-1000.000,0.000,0.000,15.000
3.915778,warm-up-no-capture,16.619001,16.666800,0,0,-1000.000,0.000,0.000,15.000
3.932394,warm-up-no-capture,16.616099,16.666698,0,0,-1000.000,0.000,0.000,15.000
3.949109,warm-up-no-capture,16.714800,16.666698,0,0,-1000.000,0.000,0.000,15.000
3.965719,warm-up-no-capture,16.610499,16.666800,0,0,-1000.000,0.000,0.000,15.000
3.982417,warm-up-no-capture,16.697600,16.666702,0,0,-1000.000,0.000,0.000,15.000
3.999059,warm-up-no-capture,16.642101,16.666698,0,0,-1000.000,0.000,0.000,15.000
4.015771,warm-up-no-capture,16.711898,16.666800,0,0,-1000.000,0.000,0.000,15.000
4.032398,warm-up-no-capture,16.626902,16.666800,0,0,-1000.000,0.000,0.000,15.000
4.049101,timing-idle,16.703699,16.666698,0,0,-1000.000,0.000,0.000,15.000
4.065952,timing-idle,16.850699,16.666800,0,0,-1000.000,0.000,0.000,15.000
4.082423,timing-idle,16.471501,16.666698,0,0,-1000.000,0.000,0.000,15.000
4.099115,timing-idle,16.692001,16.666702,0,0,-1000.000,0.000,0.000,15.000
4.115726,timing-idle,16.610600,16.666800,0,0,-1000.000,0.000,0.000,15.000
4.132368,timing-idle,16.642097,16.666800,0,0,-1000.000,0.000,0.000,15.000
4.149080,timing-idle,16.712401,16.666698,0,0,-1000.000,0.000,0.000,15.000
4.165720,timing-idle,16.639799,16.666698,0,0,-1000.000,0.000,0.000,15.000
4.182417,timing-idle,16.697202,16.666698,0,0,-1000.000,0.000,0.000,15.000
4.199088,timing-idle,16.670499,16.666702,0,0,-1000.000,0.000,0.000,15.000
4.215750,timing-idle,16.662102,16.666800,0,0,-1000.000,0.000,0.000,15.000
4.232383,timing-idle,16.632598,16.666800,0,0,-1000.000,0.000,0.000,15.000
4.249118,timing-idle,16.735002,16.666800,0,0,-1000.000,0.000,0.000,15.000
4.265750,timing-idle,16.631898,16.666800,0,0,-1000.000,0.000,0.000,15.000
4.282437,timing-idle,16.687501,16.666800,0,0,-1000.000,0.000,0.000,15.000
4.299121,timing-idle,16.683999,16.666800,0,0,-1000.000,0.000,0.000,15.000
4.316071,timing-idle,16.949099,16.666698,0,0,-1000.000,0.000,0.000,15.000
4.332461,timing-idle,16.390301,16.666800,0,0,-1000.000,0.000,0.000,15.000
4.349209,timing-idle,16.748600,16.666800,0,0,-1000.000,0.000,0.000,15.000
4.365742,timing-idle,16.532302,16.666800,0,0,-1000.000,0.000,0.000,15.000
4.382415,timing-idle,16.673397,16.666800,0,0,-1000.000,0.000,0.000,15.000
4.399097,timing-idle,16.681500,16.666702,0,0,-1000.000,0.000,0.000,15.000
4.415748,timing-idle,16.650803,16.666800,0,0,-1000.000,0.000,0.000,15.000
4.432372,timing-idle,16.624000,16.666698,0,0,-1000.000,0.000,0.000,15.000
4.449062,timing-idle,16.690597,16.666698,0,0,-1000.000,0.000,0.000,15.000
4.465706,timing-idle,16.643703,16.666800,0,0,-1000.000,0.000,0.000,15.000
4.482403,timing-idle,16.697399,16.666698,0,0,-1000.000,0.000,0.000,15.000
4.499049,timing-idle,16.645599,16.666702,0,0,-1000.000,0.000,0.000,15.000
4.515774,timing-idle,16.725101,16.666800,0,0,-1000.000,0.000,0.000,15.000
4.532390,timing-idle,16.615700,16.666698,0,0,-1000.000,0.000,0.000,15.000
4.549104,timing-idle,16.713999,16.666698,0,0,-1000.000,0.000,0.000,15.000
4.565925,timing-idle,16.821101,16.666698,0,0,-1000.000,0.000,0.000,15.000
4.582428,timing-idle,16.503699,16.666800,0,0,-1000.000,0.000,0.000,15.000
4.599244,timing-idle,16.814999,16.666800,0,0,-1000.000,0.000,0.000,15.000
4.615775,timing-idle,16.531602,16.666702,0,0,-1000.000,0.000,0.000,15.000
4.632486,timing-idle,16.711097,16.666698,0,0,-1000.000,0.000,0.000,15.000
4.649132,timing-idle,16.645402,16.666800,0,0,-1000.000,0.000,0.000,15.000
4.665781,timing-idle,16.649000,16.666800,0,0,-1000.000,0.000,0.000,15.000
4.682424,timing-idle,16.643599,16.666800,0,0,-1000.000,0.000,0.000,15.000
4.699097,timing-idle,16.673300,16.666698,0,0,-1000.000,0.000,0.000,15.000
4.715751,timing-idle,16.653400,16.666800,0,0,-1000.000,0.000,0.000,15.000
4.732400,timing-idle,16.649399,16.666698,0,0,-1000.000,0.000,0.000,15.000
4.749071,timing-idle,16.671401,16.666803,0,0,-1000.000,0.000,0.000,15.000
4.765718,timing-idle,16.646899,16.666698,0,0,-1000.000,0.000,0.000,15.000
4.782403,timing-idle,16.685501,16.666698,0,0,-1000.000,0.000,0.000,15.000
4.799063,timing-idle,16.659699,16.666698,0,0,-1000.000,0.000,0.000,15.000
4.815947,timing-idle,16.883902,16.666800,0,0,-1000.000,0.000,0.000,15.000
4.832418,timing-idle,16.470898,16.666698,0,0,-1000.000,0.000,0.000,15.000
4.849090,timing-idle,16.671900,16.666803,0,0,-1000.000,0.000,0.000,15.000
4.865796,timing-idle,16.705900,16.666698,0,0,-1000.000,0.000,0.000,15.000
4.882453,timing-idle,16.657401,16.666698,0,0,-1000.000,0.000,0.000,15.000
4.899086,timing-idle,16.632002,16.666698,0,0,-1000.000,0.000,0.000,15.000
4.915827,timing-idle,16.741797,16.666698,0,0,-1000.000,0.000,0.000,15.000
4.932436,timing-idle,16.608700,16.666800,0,0,-1000.000,0.000,0.000,15.000
4.949089,timing-idle,16.652603,16.666702,0,0,-1000.000,0.000,0.000,15.000
4.965734,timing-idle,16.645897,16.666800,0,0,-1000.000,0.000,0.000,15.000
4.982440,timing-idle,16.705602,16.666698,0,0,-1000.000,0.000,0.000,15.000
4.999082,timing-idle,16.642198,16.666698,0,0,-1000.000,0.000,0.000,15.000
5.015771,timing-idle,16.689502,16.666698,0,0,-1000.000,0.000,0.000,15.000
5.032413,timing-idle,16.640998,16.666702,0,0,-1000.000,0.000,0.000,15.000
5.049074,timing-idle,16.661301,16.666698,0,0,-1000.000,0.000,0.000,15.000
5.065899,timing-idle,16.825899,16.666698,0,0,-1000.000,0.000,0.000,15.000
5.082418,timing-idle,16.518999,16.666800,0,0,-1000.000,0.000,0.000,15.000
5.099057,timing-idle,16.638502,16.666800,0,0,-1000.000,0.000,0.000,15.000
5.115888,timing-idle,16.830899,16.666800,0,0,-1000.000,0.000,0.000,15.000
5.132372,timing-idle,16.484600,16.666698,0,0,-1000.000,0.000,0.000,15.000
5.149108,timing-idle,16.736101,16.666800,0,0,-1000.000,0.000,0.000,15.000
5.165718,timing-idle,16.609598,16.666800,0,0,-1000.000,0.000,0.000,15.000
5.182436,timing-idle,16.718201,16.666803,0,0,-1000.000,0.000,0.000,15.000
5.199090,timing-idle,16.653001,16.666800,0,0,-1000.000,0.000,0.000,15.000
5.215772,timing-idle,16.682398,16.666698,0,0,-1000.000,0.000,0.000,15.000
5.232399,timing-idle,16.626500,16.666800,0,0,-1000.000,0.000,0.000,15.000
5.249109,timing-idle,16.710602,16.666698,0,0,-1000.000,0.000,0.000,15.000
5.265765,timing-idle,16.655799,16.666800,0,0,-1000.000,0.000,0.000,15.000
5.282439,timing-idle,16.673800,16.666698,0,0,-1000.000,0.000,0.000,15.000
5.299078,timing-idle,16.639002,16.666702,0,0,-1000.000,0.000,0.000,15.000
5.316132,timing-idle,17.053399,16.666698,0,0,-1000.000,0.000,0.000,15.000
5.332463,timing-idle,16.331200,16.666698,0,0,-1000.000,0.000,0.000,15.000
5.349102,timing-idle,16.639702,16.666800,0,0,-1000.000,0.000,0.000,15.000
5.365725,timing-idle,16.622499,16.666800,0,0,-1000.000,0.000,0.000,15.000
5.382442,timing-idle,16.716599,16.666698,0,0,-1000.000,0.000,0.000,15.000
5.399056,timing-idle,16.614299,16.666702,0,0,-1000.000,0.000,0.000,15.000
5.415759,timing-idle,16.702902,16.666800,0,0,-1000.000,0.000,0.000,15.000
5.432417,timing-idle,16.657799,16.666698,0,0,-1000.000,0.000,0.000,15.000
5.449087,timing-idle,16.669899,16.666698,0,0,-1000.000,0.000,0.000,15.000
5.465760,timing-idle,16.673300,16.666698,0,0,-1000.000,0.000,0.000,15.000
5.482433,timing-idle,16.673502,16.666698,0,0,-1000.000,0.000,0.000,15.000
5.499063,timing-idle,16.630299,16.666702,0,0,-1000.000,0.000,0.000,15.000
5.515782,timing-idle,16.719099,16.666698,0,0,-1000.000,0.000,0.000,15.000
5.532409,timing-idle,16.626600,16.666800,0,0,-1000.000,0.000,0.000,15.000
5.549093,timing-idle,16.683798,16.666800,0,0,-1000.000,0.000,0.000,15.000
5.565948,timing-idle,16.855702,16.666698,0,0,-1000.000,0.000,0.000,15.000
5.582428,timing-idle,16.478900,16.666800,0,0,-1000.000,0.000,0.000,15.000
5.599185,timing-idle,16.757101,16.666698,0,0,-1000.000,0.000,0.000,15.000
5.615799,timing-idle,16.614698,16.666803,0,0,-1000.000,0.000,0.000,15.000
5.632381,timing-idle,16.581800,16.666698,0,0,-1000.000,0.000,0.000,15.000
5.649103,timing-idle,16.721703,16.666698,0,0,-1000.000,0.000,0.000,15.000
5.665774,timing-idle,16.670499,16.667898,0,0,-1000.000,0.000,0.000,15.000
5.682416,timing-idle,16.642399,16.666702,0,0,-1000.000,0.000,0.000,15.000
5.699072,timing-idle,16.655300,16.666800,0,0,-1000.000,0.000,0.000,15.000
5.715739,timing-idle,16.666699,16.666698,0,0,-1000.000,0.000,0.000,15.000
5.732389,timing-idle,16.650401,16.666698,0,0,-1000.000,0.000,0.000,15.000
5.749080,timing-idle,16.690601,16.666698,0,0,-1000.000,0.000,0.000,15.000
5.765716,timing-idle,16.636100,16.666698,0,0,-1000.000,0.000,0.000,15.000
5.782425,timing-idle,16.709499,16.666702,0,0,-1000.000,0.000,0.000,15.000
5.799062,timing-idle,16.637102,16.666800,0,0,-1000.000,0.000,0.000,15.000
5.816097,timing-idle,17.035101,16.666800,0,0,-1000.000,0.000,0.000,15.000
5.832511,timing-idle,16.414400,16.666698,0,0,-1000.000,0.000,0.000,15.000
5.849155,timing-idle,16.643897,16.666800,0,0,-1000.000,0.000,0.000,15.000
5.865814,timing-idle,16.658600,16.666698,0,0,-1000.000,0.000,0.000,15.000
5.882445,timing-idle,16.630802,16.666800,0,0,-1000.000,0.000,0.000,15.000
5.899087,timing-idle,16.641900,16.666702,0,0,-1000.000,0.000,0.000,15.000
5.915761,timing-idle,16.674198,16.666800,0,0,-1000.000,0.000,0.000,15.000
5.932435,timing-idle,16.673602,16.666800,0,0,-1000.000,0.000,0.000,15.000
5.949134,timing-idle,16.699899,16.666698,0,0,-1000.000,0.000,0.000,15.000
5.965763,timing-idle,16.628098,16.666698,0,0,-1000.000,0.000,0.000,15.000
5.982405,timing-idle,16.642302,16.666800,0,0,-1000.000,0.000,0.000,15.000
5.999063,timing-idle,16.657598,16.666698,0,0,-1000.000,0.000,0.000,15.000
6.015760,timing-idle,16.697399,16.666800,0,0,-1000.000,0.000,0.000,15.000
6.032401,timing-idle,16.641002,16.666702,0,0,-1000.000,0.000,0.000,15.000
6.049241,timing-walk,16.839799,16.666698,0,0,-1000.000,0.000,0.000,15.000
6.066076,timing-walk,16.834602,16.666698,0,0,-999.906,0.025,5.833,15.000
6.082486,timing-walk,16.410299,16.666800,0,0,-999.718,0.075,11.667,15.000
6.099156,timing-walk,16.669601,16.666800,0,0,-999.437,0.151,17.500,15.000
6.115807,timing-walk,16.651001,16.666698,0,0,-999.061,0.252,23.333,15.000
6.132441,timing-walk,16.633600,16.666800,0,0,-998.591,0.377,29.167,15.000
6.149134,timing-walk,16.693298,16.666702,0,0,-998.028,0.528,35.000,15.000
6.165759,timing-walk,16.625199,16.666698,0,0,-997.371,0.705,40.834,15.000
6.182467,timing-walk,16.707700,16.666800,0,0,-996.619,0.906,46.667,15.000
6.199149,timing-walk,16.682103,16.666800,0,0,-995.774,1.132,52.500,15.000
6.215836,timing-walk,16.686700,16.666698,0,0,-994.835,1.384,58.334,15.000
6.232460,timing-walk,16.624000,16.666800,0,0,-993.802,1.661,64.167,15.000
6.249170,timing-walk,16.709600,16.666698,0,0,-992.675,1.963,70.000,15.000
6.265771,timing-walk,16.601600,16.666803,0,0,-991.454,2.290,75.834,15.000
6.282711,timing-walk,16.939800,16.666698,0,0,-990.139,2.642,81.667,15.000
6.299114,timing-walk,16.403098,16.666800,0,0,-988.731,3.020,87.500,15.000
6.316016,timing-walk,16.901702,16.666698,0,0,-987.282,3.408,90.000,15.000
6.332438,timing-walk,16.422499,16.666698,0,0,-985.833,3.796,90.000,15.000
6.349154,timing-walk,16.716000,16.666800,0,0,-984.384,4.184,90.000,15.000
6.365797,timing-walk,16.642500,16.666702,0,0,-982.935,4.573,90.000,15.000
6.382476,timing-walk,16.679902,16.666698,0,0,-981.486,4.961,90.000,15.000
6.399152,timing-walk,16.675700,16.666698,0,0,-980.037,5.349,90.000,15.000
6.415823,timing-walk,16.671300,16.666698,0,0,-978.588,5.737,90.000,15.000
6.432446,timing-walk,16.623002,16.666698,0,0,-977.140,6.125,90.000,15.000
6.449170,timing-walk,16.723797,16.666702,0,0,-975.691,6.514,90.000,15.000
6.465817,timing-walk,16.647603,16.666698,0,0,-974.242,6.902,90.000,15.000
6.482497,timing-walk,16.679600,16.666698,0,0,-972.793,7.290,90.000,15.000
6.499116,timing-walk,16.618498,16.666698,0,0,-971.344,7.678,90.000,15.000
6.515822,timing-walk,16.706500,16.666698,0,0,-969.895,8.067,90.000,15.000
6.532455,timing-walk,16.632702,16.666702,0,0,-968.446,8.455,90.000,15.000
6.549138,timing-walk,16.683199,16.666698,0,0,-966.997,8.843,90.000,15.000
6.565988,timing-walk,16.849998,16.666698,0,0,-965.548,9.231,90.000,15.000
6.582494,timing-walk,16.506400,16.672499,0,0,-964.099,9.620,90.000,15.000
6.599136,timing-walk,16.641703,16.666698,0,0,-962.650,10.008,90.000,15.000
6.615829,timing-walk,16.692899,16.666800,0,0,-961.201,10.396,90.000,15.000
6.632422,timing-walk,16.592998,16.666803,0,0,-959.752,10.784,90.000,15.000
6.649138,timing-walk,16.715903,16.666698,0,0,-958.303,11.173,90.000,15.000
6.665766,timing-walk,16.627997,16.666698,0,0,-956.855,11.561,90.000,15.000
6.682485,timing-walk,16.719300,16.666698,0,0,-955.406,11.949,90.000,15.000
6.699128,timing-walk,16.642403,16.666698,0,0,-953.957,12.337,90.000,15.000
6.715834,timing-walk,16.706198,16.666800,0,0,-952.508,12.725,90.000,15.000
6.732543,timing-walk,16.708799,16.666803,0,0,-951.059,13.114,90.000,15.000
6.749149,timing-walk,16.606901,16.666800,0,0,-949.610,13.502,90.000,15.000
6.765812,timing-walk,16.663201,16.666698,0,0,-948.161,13.890,90.000,15.000
6.782474,timing-walk,16.661700,16.666698,0,0,-946.712,14.278,90.000,15.000
6.799124,timing-walk,16.649500,16.666800,0,0,-945.263,14.667,90.000,15.000
6.816044,timing-walk,16.920600,16.666800,0,0,-943.815,15.055,90.000,15.000
6.832492,timing-walk,16.447499,16.666698,0,0,-942.366,15.443,90.000,15.000
6.849173,timing-walk,16.680501,16.666702,0,0,-940.917,15.831,90.000,15.000
6.865793,timing-walk,16.620498,16.666698,0,0,-939.468,16.220,90.000,15.000
6.882491,timing-walk,16.697202,16.666800,0,0,-938.019,16.608,90.000,15.000
6.899137,timing-walk,16.646501,16.666800,0,0,-936.570,16.996,90.000,15.000
6.915814,timing-walk,16.677499,16.666698,0,0,-935.121,17.384,90.000,15.000
6.932437,timing-walk,16.622901,16.666800,0,0,-933.672,17.772,90.000,15.000
6.949316,timing-walk,16.878400,16.666698,0,0,-932.223,18.161,90.000,15.000
6.965846,timing-walk,16.529698,16.666702,0,0,-930.774,18.549,90.000,15.000
6.982549,timing-walk,16.703300,16.666800,0,0,-929.326,18.937,90.000,15.000
6.999101,timing-walk,16.552199,16.666698,0,0,-927.877,19.325,90.000,15.000
7.015891,timing-walk,16.789701,16.666698,0,0,-926.428,19.714,90.000,15.000
7.032499,timing-walk,16.608503,16.666800,0,0,-924.979,20.102,90.000,15.000
7.049177,timing-walk,16.677599,16.666698,0,0,-923.530,20.490,90.000,15.000
7.066025,timing-walk,16.848698,16.666702,0,0,-922.081,20.878,90.000,15.000
7.082506,timing-walk,16.480602,16.666698,0,0,-920.632,21.267,90.000,15.000
7.099181,timing-walk,16.674999,16.666800,0,0,-919.183,21.655,90.000,15.000
7.115845,timing-walk,16.663898,16.666800,0,0,-917.734,22.043,90.000,15.000
7.132617,timing-walk,16.772002,16.666800,0,0,-916.286,22.431,90.000,15.000
7.149150,timing-walk,16.533401,16.666698,0,0,-914.837,22.819,90.000,15.000
7.165792,timing-walk,16.641498,16.666800,0,0,-913.388,23.208,90.000,15.000
7.182515,timing-walk,16.723201,16.666698,0,0,-911.939,23.596,90.000,15.000
7.199149,timing-walk,16.634200,16.666800,0,0,-910.490,23.984,90.000,15.000
7.215930,timing-walk,16.780801,16.666702,0,0,-909.041,24.372,90.000,15.000
7.232441,timing-walk,16.511399,16.666698,0,0,-907.592,24.761,90.000,15.000
7.249148,timing-walk,16.706999,16.666698,0,0,-906.143,25.149,90.000,15.000
7.265773,timing-walk,16.624700,16.666698,0,0,-904.694,25.537,90.000,15.000
7.282477,timing-walk,16.704500,16.666800,0,0,-903.245,25.925,90.000,15.000
7.299125,timing-walk,16.647402,16.666702,0,0,-901.797,26.314,90.000,15.000
7.316042,timing-walk,16.917400,16.666800,0,0,-900.348,26.702,90.000,15.000
7.332484,timing-walk,16.441897,16.666800,0,0,-898.899,27.090,90.000,15.000
7.349177,timing-walk,16.693503,16.666800,0,0,-897.450,27.478,90.000,15.000
7.365798,timing-walk,16.620301,16.666800,0,0,-896.001,27.866,90.000,15.000
7.382647,timing-walk,16.849399,16.666800,0,0,-894.552,28.255,90.000,15.000
7.399159,timing-walk,16.511701,16.666698,0,0,-893.103,28.643,90.000,15.000
7.415855,timing-walk,16.696397,16.666698,0,0,-891.654,29.031,90.000,15.000
7.432474,timing-walk,16.618900,16.666702,0,0,-890.205,29.419,90.000,15.000
7.449178,timing-walk,16.703401,16.666698,0,0,-888.757,29.808,90.000,15.000
7.465812,timing-walk,16.634602,16.666800,0,0,-887.308,30.196,90.000,15.000
7.482474,timing-walk,16.661499,16.666800,0,0,-885.859,30.584,90.000,15.000
7.499120,timing-walk,16.646601,16.666800,0,0,-884.410,30.972,90.000,15.000
7.515808,timing-walk,16.687497,16.666698,0,0,-882.961,31.361,90.000,15.000
7.532490,timing-walk,16.682401,16.666800,0,0,-881.512,31.749,90.000,15.000
7.549146,timing-walk,16.655698,16.666698,0,0,-880.063,32.137,90.000,15.000
7.565988,timing-walk,16.841300,16.666800,0,0,-878.614,32.525,90.000,15.000
7.582466,timing-walk,16.478501,16.666803,0,0,-877.165,32.913,90.000,15.000
7.599107,timing-walk,16.640700,16.666800,0,0,-875.716,33.302,90.000,15.000
7.615814,timing-walk,16.706999,16.666698,0,0,-874.268,33.690,90.000,15.000
7.632464,timing-walk,16.650401,16.666800,0,0,-872.819,34.078,90.000,15.000
7.649168,timing-walk,16.703598,16.666800,0,0,-871.370,34.466,90.000,15.000
7.665862,timing-walk,16.694501,16.666800,0,0,-869.921,34.855,90.000,15.000
7.682468,timing-walk,16.605899,16.666698,0,0,-868.472,35.243,90.000,15.000
7.699148,timing-walk,16.680103,16.666800,0,0,-867.023,35.631,90.000,15.000
7.715922,timing-walk,16.774200,16.666698,0,0,-865.574,36.019,90.000,15.000
7.732484,timing-walk,16.561899,16.666803,0,0,-864.125,36.408,90.000,15.000
7.749179,timing-walk,16.694698,16.666800,0,0,-862.676,36.796,90.000,15.000
7.765811,timing-walk,16.632602,16.666698,0,0,-861.227,37.184,90.000,15.000
7.782516,timing-walk,16.704001,16.666800,0,0,-859.779,37.572,90.000,15.000
7.799139,timing-walk,16.622800,16.666800,0,0,-858.330,37.960,90.000,15.000
7.816045,timing-walk,16.906697,16.666800,0,0,-856.881,38.349,90.000,15.000
7.832498,timing-walk,16.452603,16.666800,0,0,-855.432,38.737,90.000,15.000
7.849178,timing-walk,16.679797,16.666698,0,0,-853.983,39.125,90.000,15.000
7.865778,timing-walk,16.600601,16.666800,0,0,-852.534,39.513,90.000,15.000
7.882490,timing-walk,16.711298,16.666702,0,0,-851.085,39.902,90.000,15.000
7.899100,timing-walk,16.610600,16.666698,0,0,-849.636,40.290,90.000,15.000
7.915890,timing-walk,16.789202,16.666698,0,0,-848.187,40.678,90.000,15.000
7.932471,timing-walk,16.581099,16.666800,0,0,-846.738,41.066,90.000,15.000
7.949229,timing-walk,16.758502,16.666698,0,0,-845.290,41.455,90.000,15.000
7.965823,timing-walk,16.593397,16.666800,0,0,-843.841,41.843,90.000,15.000
7.982536,timing-walk,16.713303,16.666800,0,0,-842.392,42.231,90.000,15.000
7.999214,timing-walk,16.678501,16.666800,0,0,-840.943,42.619,90.000,15.000
8.015870,timing-walk,16.655900,16.666800,0,0,-839.494,43.007,90.000,15.000
8.032499,timing-walk,16.628798,16.666702,0,0,-838.045,43.396,90.000,15.000
8.049174,timing-walk,16.674701,16.666698,0,0,-836.596,43.784,90.000,15.000
8.066015,timing-walk,16.841099,16.666698,0,0,-835.147,44.172,90.000,15.000
8.082500,timing-walk,16.485199,16.666698,0,0,-833.698,44.560,90.000,15.000
8.099269,timing-walk,16.768202,16.666702,0,0,-832.250,44.949,90.000,15.000
8.116013,timing-walk,16.743798,16.666800,0,0,-830.801,45.337,90.000,15.000
8.132529,timing-walk,16.516902,16.666800,0,0,-829.352,45.725,90.000,15.000
8.149166,timing-walk,16.636699,16.666698,0,0,-827.903,46.113,90.000,15.000
8.165837,timing-walk,16.671199,16.666800,0,0,-826.454,46.502,90.000,15.000
8.182558,timing-walk,16.720399,16.666800,0,0,-825.005,46.890,90.000,15.000
8.199118,timing-walk,16.559802,16.666698,0,0,-823.556,47.278,90.000,15.000
8.215829,timing-walk,16.711298,16.666698,0,0,-822.107,47.666,90.000,15.000
8.232453,timing-walk,16.624201,16.666702,0,0,-820.658,48.054,90.000,15.000
8.249163,timing-walk,16.709100,16.666800,0,0,-819.209,48.443,90.000,15.000
8.265798,timing-walk,16.635001,16.666800,0,0,-817.761,48.831,90.000,15.000
8.282549,timing-walk,16.751397,16.666800,0,0,-816.312,49.219,90.000,15.000
8.299209,timing-walk,16.659603,16.666698,0,0,-814.863,49.607,90.000,15.000
8.316046,timing-walk,16.837198,16.666800,0,0,-813.414,49.996,90.000,15.000
8.332484,timing-walk,16.438100,16.666800,0,0,-811.965,50.384,90.000,15.000
8.349177,timing-walk,16.693301,16.666698,0,0,-810.516,50.772,90.000,15.000
8.365786,timing-walk,16.608499,16.666800,0,0,-809.067,51.160,90.000,15.000
8.382525,timing-walk,16.740300,16.666702,0,0,-807.618,51.549,90.000,15.000
8.399143,timing-walk,16.617902,16.666800,0,0,-806.169,51.937,90.000,15.000
8.415847,timing-walk,16.703799,16.666800,0,0,-804.720,52.325,90.000,15.000
8.432478,timing-walk,16.631600,16.666800,0,0,-803.272,52.713,90.000,15.000
8.449178,timing-walk,16.700000,16.666800,0,0,-801.823,53.101,90.000,15.000
8.465808,timing-walk,16.629700,16.666698,0,0,-800.374,53.490,90.000,15.000
8.482488,timing-walk,16.679499,16.666800,0,0,-798.925,53.878,90.000,15.000
8.499133,timing-walk,16.645502,16.666698,0,0,-797.476,54.266,90.000,15.000
8.515814,timing-walk,16.680401,16.666800,0,0,-796.027,54.654,90.000,15.000
8.532445,timing-walk,16.630899,16.666702,0,0,-794.578,55.043,90.000,15.000
8.549193,timing-walk,16.748000,16.666800,0,0,-793.129,55.431,90.000,15.000
8.565984,timing-walk,16.790599,16.666800,0,0,-791.680,55.819,90.000,15.000
8.582500,timing-walk,16.516101,16.666800,0,0,-790.231,56.207,90.000,15.000
8.599185,timing-walk,16.685899,16.666800,0,0,-788.783,56.596,90.000,15.000
8.615842,timing-walk,16.656801,16.666800,0,0,-787.334,56.984,90.000,15.000
8.632443,timing-walk,16.601298,16.666698,0,0,-785.885,57.372,90.000,15.000
8.649170,timing-walk,16.726401,16.666800,0,0,-784.436,57.760,90.000,15.000
8.665806,timing-walk,16.635999,16.666800,0,0,-782.987,58.148,90.000,15.000
8.682504,timing-walk,16.697701,16.666698,0,0,-781.538,58.537,90.000,15.000
8.699207,timing-walk,16.703602,16.666803,0,0,-780.089,58.925,90.000,15.000
8.715855,timing-walk,16.647097,16.666800,0,0,-778.640,59.313,90.000,15.000
8.732482,timing-walk,16.627301,16.666698,0,0,-777.191,59.701,90.000,15.000
8.749188,timing-walk,16.706601,16.666800,0,0,-775.743,60.090,90.000,15.000
8.765831,timing-walk,16.642302,16.666800,0,0,-774.294,60.478,90.000,15.000
8.782493,timing-walk,16.662098,16.666698,0,0,-772.845,60.866,90.000,15.000
8.799154,timing-walk,16.661700,16.666698,0,0,-771.396,61.254,90.000,15.000
8.816026,timing-walk,16.871799,16.666800,0,0,-769.947,61.643,90.000,15.000
8.832569,timing-walk,16.543400,16.666800,0,0,-768.498,62.031,90.000,15.000
8.849162,timing-walk,16.592801,16.666803,0,0,-767.049,62.419,90.000,15.000
8.865854,timing-walk,16.691700,16.666800,0,0,-765.600,62.807,90.000,15.000
8.882558,timing-walk,16.703401,16.666698,0,0,-764.151,63.195,90.000,15.000
8.899348,timing-walk,16.790200,16.666698,0,0,-762.702,63.584,90.000,15.000
8.915956,timing-walk,16.607899,16.666698,0,0,-761.254,63.972,90.000,15.000
8.932601,timing-walk,16.644102,16.666800,0,0,-759.805,64.360,90.000,15.000
8.949236,timing-walk,16.635198,16.666698,0,0,-758.356,64.748,90.000,15.000
8.966012,timing-walk,16.776003,16.667803,0,0,-756.907,65.137,90.000,15.000
8.982606,timing-walk,16.593900,16.666800,0,0,-755.458,65.525,90.000,15.000
8.999246,timing-walk,16.640000,16.666698,0,0,-754.009,65.913,90.000,15.000
9.015948,timing-walk,16.702898,16.666800,0,0,-752.560,66.301,90.000,15.000
9.032661,timing-walk,16.712900,16.667500,0,0,-751.111,66.690,90.000,15.000
9.049291,timing-walk,16.629402,16.666698,0,0,-749.662,67.078,90.000,15.000
9.066224,timing-walk,16.933899,16.666702,0,0,-748.213,67.466,90.000,15.000
9.082604,timing-walk,16.380001,16.666698,0,0,-746.764,67.854,90.000,15.000
9.099217,timing-walk,16.612697,16.666698,0,0,-745.316,68.242,90.000,15.000
9.115932,timing-walk,16.715102,16.666800,0,0,-743.867,68.631,90.000,15.000
9.132578,timing-walk,16.645700,16.666698,0,0,-742.418,69.019,90.000,15.000
9.149293,timing-walk,16.714599,16.667803,0,0,-740.969,69.407,90.000,15.000
9.165919,timing-walk,16.626600,16.666698,0,0,-739.520,69.795,90.000,15.000
9.182519,timing-walk,16.599201,16.666698,0,0,-738.071,70.184,90.000,15.000
9.199161,timing-walk,16.641401,16.666800,0,0,-736.622,70.572,90.000,15.000
9.215816,timing-walk,16.655400,16.666702,0,0,-735.173,70.960,90.000,15.000
9.232492,timing-walk,16.677201,16.666800,0,0,-733.724,71.348,90.000,15.000
9.249175,timing-walk,16.682599,16.666800,0,0,-732.275,71.737,90.000,15.000
9.265846,timing-walk,16.671099,16.666800,0,0,-730.827,72.125,90.000,15.000
9.282512,timing-walk,16.665801,16.666800,0,0,-729.378,72.513,90.000,15.000
9.299134,timing-walk,16.622998,16.666698,0,0,-727.929,72.901,90.000,15.000
9.316035,timing-walk,16.900703,16.666698,0,0,-726.480,73.290,90.000,15.000
9.332489,timing-walk,16.454197,16.672403,0,0,-725.030,73.678,90.000,15.000
9.349206,timing-walk,16.716503,16.666698,0,0,-723.582,74.066,90.000,15.000
9.365848,timing-walk,16.641699,16.666698,0,0,-722.133,74.454,90.000,15.000
9.382518,timing-walk,16.670499,16.666698,0,0,-720.684,74.843,90.000,15.000
9.399188,timing-walk,16.669899,16.666698,0,0,-719.235,75.231,90.000,15.000
9.415854,timing-walk,16.665600,16.666702,0,0,-717.786,75.619,90.000,15.000
9.432494,timing-walk,16.640801,16.666800,0,0,-716.337,76.007,90.000,15.000
9.449176,timing-walk,16.681898,16.666698,0,0,-714.888,76.395,90.000,15.000
9.465832,timing-walk,16.656201,16.666800,0,0,-713.439,76.784,90.000,15.000
9.482491,timing-walk,16.658802,16.666698,0,0,-711.990,77.172,90.000,15.000
9.499145,timing-walk,16.653698,16.666698,0,0,-710.541,77.560,90.000,15.000
9.515841,timing-walk,16.696800,16.666702,0,0,-709.093,77.948,90.000,15.000
9.532452,timing-walk,16.609803,16.666800,0,0,-707.644,78.337,90.000,15.000
9.549193,timing-walk,16.741499,16.666698,0,0,-706.195,78.725,90.000,15.000
9.566019,timing-walk,16.826101,16.666800,0,0,-704.746,79.113,90.000,15.000
9.582498,timing-walk,16.478200,16.666698,0,0,-703.297,79.501,90.000,15.000
9.599175,timing-walk,16.678199,16.666698,0,0,-701.848,79.890,90.000,15.000
9.615843,timing-walk,16.666900,16.666800,0,0,-700.399,80.278,90.000,15.000
9.632498,timing-walk,16.655099,16.666800,0,0,-698.950,80.666,90.000,15.000
9.649263,timing-walk,16.765799,16.666803,0,0,-697.501,81.054,90.000,15.000
9.665833,timing-walk,16.569301,16.666698,0,0,-696.053,81.442,90.000,15.000
9.682486,timing-walk,16.652700,16.666698,0,0,-694.604,81.831,90.000,15.000
9.699159,timing-walk,16.673099,16.666800,0,0,-693.155,82.219,90.000,15.000
9.715837,timing-walk,16.678501,16.666800,0,0,-691.706,82.607,90.000,15.000
9.732507,timing-walk,16.669501,16.666800,0,0,-690.257,82.995,90.000,15.000
9.749164,timing-walk,16.656600,16.666800,0,0,-688.808,83.384,90.000,15.000
9.765813,timing-walk,16.648900,16.666698,0,0,-687.359,83.772,90.000,15.000
9.782497,timing-walk,16.684201,16.666800,0,0,-685.910,84.160,90.000,15.000
9.799173,timing-walk,16.676400,16.666702,0,0,-684.461,84.548,90.000,15.000
9.816043,timing-walk,16.869698,16.666698,0,0,-683.012,84.937,90.000,15.000
9.832539,timing-walk,16.496103,16.666698,0,0,-681.564,85.325,90.000,15.000
9.849187,timing-walk,16.648699,16.666800,0,0,-680.115,85.713,90.000,15.000
9.865853,timing-walk,16.666099,16.669102,0,0,-678.666,86.101,90.000,15.000
9.882525,timing-walk,16.672302,16.666698,0,0,-677.217,86.490,90.000,15.000
9.899220,timing-walk,16.694799,16.666698,0,0,-675.768,86.878,90.000,15.000
9.915915,timing-walk,16.694698,16.666698,0,0,-674.319,87.266,90.000,15.000
9.932484,timing-walk,16.568601,16.666698,0,0,-672.870,87.654,90.000,15.000
9.949220,timing-walk,16.735598,16.666702,0,0,-671.421,88.042,90.000,15.000
9.965858,timing-walk,16.637400,16.666800,0,0,-669.972,88.431,90.000,15.000
9.982533,timing-walk,16.675502,16.666698,0,0,-668.523,88.819,90.000,15.000
9.999173,timing-walk,16.639799,16.666800,0,0,-667.074,89.207,90.000,15.000
10.015845,timing-walk,16.672201,16.666698,0,0,-665.626,89.595,90.000,15.000
10.032481,timing-walk,16.635600,16.666800,0,0,-664.177,89.984,90.000,15.000
10.049186,timing-walk,16.704198,16.666800,0,0,-662.728,90.372,90.000,15.000
10.066062,timing-walk,16.876101,16.666702,0,0,-661.279,90.760,90.000,15.000
10.082516,timing-walk,16.454101,16.666800,0,0,-659.830,91.148,90.000,15.000
10.099141,timing-walk,16.625099,16.666800,0,0,-658.381,91.537,90.000,15.000
10.115875,timing-walk,16.734298,16.666800,0,0,-656.932,91.925,90.000,15.000
10.132457,timing-walk,16.581401,16.666698,0,0,-655.483,92.313,90.000,15.000
10.149293,timing-walk,16.835801,16.666800,0,0,-654.034,92.701,90.000,15.000
10.165795,timing-walk,16.502097,16.666698,0,0,-652.585,93.089,90.000,15.000
10.182552,timing-walk,16.757101,16.666800,0,0,-651.137,93.478,90.000,15.000
10.199180,timing-walk,16.627602,16.666800,0,0,-649.688,93.866,90.000,15.000
10.215870,timing-walk,16.690698,16.666702,0,0,-648.239,94.254,90.000,15.000
10.232495,timing-walk,16.625702,16.666698,0,0,-646.790,94.642,90.000,15.000
10.249184,timing-walk,16.687997,16.666698,0,0,-645.341,95.031,90.000,15.000
10.265815,timing-walk,16.630702,16.666800,0,0,-643.892,95.419,90.000,15.000
10.282625,timing-walk,16.810302,16.666800,0,0,-642.443,95.807,90.000,15.000
10.299197,timing-walk,16.571898,16.666698,0,0,-640.994,96.195,90.000,15.000
10.316081,timing-walk,16.884200,16.666702,0,0,-639.545,96.584,90.000,15.000
10.332689,timing-walk,16.608499,16.744896,0,0,-638.090,96.974,90.000,15.000
10.349329,timing-walk,16.639400,16.666800,0,0,-636.641,97.362,90.000,15.000
10.365892,timing-walk,16.563602,16.666803,0,0,-635.192,97.750,90.000,15.000
10.382591,timing-walk,16.698997,16.666698,0,0,-633.743,98.138,90.000,15.000
10.399257,timing-walk,16.665701,16.666800,0,0,-632.294,98.526,90.000,15.000
10.415935,timing-walk,16.678300,16.666698,0,0,-630.845,98.915,90.000,15.000
10.432565,timing-walk,16.630400,16.666698,0,0,-629.396,99.303,90.000,15.000
10.449265,timing-walk,16.699500,16.666698,0,0,-627.947,99.691,90.000,15.000
10.465881,timing-walk,16.616702,16.667202,0,0,-626.498,100.079,90.000,15.000
10.482590,timing-walk,16.708799,16.666698,0,0,-625.050,100.468,90.000,15.000
10.499272,timing-walk,16.682401,16.666800,0,0,-623.601,100.856,90.000,15.000
10.515938,timing-walk,16.665097,16.666800,0,0,-622.152,101.244,90.000,15.000
10.532573,timing-walk,16.635202,16.666800,0,0,-620.703,101.632,90.000,15.000
10.549293,timing-walk,16.719401,16.666800,0,0,-619.254,102.021,90.000,15.000
10.566114,timing-walk,16.821399,16.666800,0,0,-617.805,102.409,90.000,15.000
10.582674,timing-walk,16.559999,16.666800,0,0,-616.356,102.797,90.000,15.000
10.599254,timing-walk,16.579598,16.666803,0,0,-614.907,103.185,90.000,15.000
10.615924,timing-walk,16.670100,16.666698,0,0,-613.458,103.574,90.000,15.000
10.632583,timing-walk,16.659100,16.666800,0,0,-612.010,103.962,90.000,15.000
10.649291,timing-walk,16.708802,16.666698,0,0,-610.561,104.350,90.000,15.000
10.665907,timing-walk,16.615897,16.666698,0,0,-609.112,104.738,90.000,15.000
10.682623,timing-walk,16.716402,16.666800,0,0,-607.663,105.126,90.000,15.000
10.699242,timing-walk,16.618598,16.666698,0,0,-606.214,105.515,90.000,15.000
10.715920,timing-walk,16.678400,16.666702,0,0,-604.765,105.903,90.000,15.000
10.732546,timing-walk,16.625501,16.666800,0,0,-603.316,106.291,90.000,15.000
10.749247,timing-walk,16.700998,16.666800,0,0,-601.867,106.679,90.000,15.000
10.765876,timing-walk,16.629402,16.666698,0,0,-600.418,107.068,90.000,15.000
10.782599,timing-walk,16.723901,16.666698,0,0,-598.969,107.456,90.000,15.000
10.799215,timing-walk,16.616199,16.666698,0,0,-597.521,107.844,90.000,15.000
10.816142,timing-walk,16.927201,16.666803,0,0,-596.072,108.232,90.000,15.000
10.832785,timing-walk,16.642898,16.666800,0,0,-594.623,108.621,90.000,15.000
10.849345,timing-walk,16.560301,16.666800,0,0,-593.174,109.009,90.000,15.000
10.865905,timing-walk,16.559698,16.666698,0,0,-591.725,109.397,90.000,15.000
10.882602,timing-walk,16.696602,16.666698,0,0,-590.276,109.785,90.000,15.000
10.899267,timing-walk,16.665000,16.666800,0,0,-588.827,110.173,90.000,15.000
10.915944,timing-walk,16.676597,16.666800,0,0,-587.378,110.562,90.000,15.000
10.932580,timing-walk,16.635500,16.666698,0,0,-585.929,110.950,90.000,15.000
10.949292,timing-walk,16.712300,16.666800,0,0,-584.480,111.338,90.000,15.000
10.965904,timing-walk,16.612001,16.666702,0,0,-583.032,111.726,90.000,15.000
10.982610,timing-walk,16.705502,16.666698,0,0,-581.583,112.115,90.000,15.000
10.999262,timing-walk,16.652100,16.666800,0,0,-580.134,112.503,90.000,15.000
11.015931,timing-walk,16.668800,16.666698,0,0,-578.685,112.891,90.000,15.000
11.032555,timing-walk,16.623199,16.666698,0,0,-577.236,113.279,90.000,15.000
11.049279,timing-walk,16.724300,16.666800,0,0,-575.787,113.667,90.000,15.000
11.066062,timing-walk,16.782802,16.666702,0,0,-574.338,114.056,90.000,15.000
11.082619,timing-walk,16.556300,16.666800,0,0,-572.889,114.444,90.000,15.000
11.099303,timing-walk,16.684897,16.666800,0,0,-571.440,114.832,90.000,15.000
11.115958,timing-walk,16.654503,16.666698,0,0,-569.992,115.220,90.000,15.000
11.132593,timing-walk,16.634997,16.666800,0,0,-568.543,115.609,90.000,15.000
11.149285,timing-walk,16.691901,16.666800,0,0,-567.094,115.997,90.000,15.000
11.165908,timing-walk,16.622402,16.666800,0,0,-565.645,116.385,90.000,15.000
11.182596,timing-walk,16.688399,16.666800,0,0,-564.196,116.773,90.000,15.000
11.199257,timing-walk,16.660299,16.666800,0,0,-562.747,117.162,90.000,15.000
11.215960,timing-walk,16.703099,16.666800,0,0,-561.298,117.550,90.000,15.000
11.232592,timing-walk,16.632002,16.666702,0,0,-559.849,117.938,90.000,15.000
11.249298,timing-walk,16.706001,16.666800,0,0,-558.400,118.326,90.000,15.000
11.265915,timing-walk,16.617000,16.666698,0,0,-556.951,118.715,90.000,15.000
11.282647,timing-walk,16.732298,16.666800,0,0,-555.503,119.103,90.000,15.000
11.299237,timing-walk,16.590301,16.666800,0,0,-554.054,119.491,90.000,15.000
11.316167,timing-walk,16.929600,16.666800,0,0,-552.605,119.879,90.000,15.000
11.332636,timing-walk,16.469300,16.666698,0,0,-551.156,120.267,90.000,15.000
11.349261,timing-walk,16.625501,16.666800,0,0,-549.707,120.656,90.000,15.000
11.365886,timing-walk,16.624197,16.666800,0,0,-548.258,121.044,90.000,15.000
11.382596,timing-walk,16.710199,16.666800,0,0,-546.809,121.432,90.000,15.000
11.399230,timing-walk,16.634203,16.666702,0,0,-545.360,121.820,90.000,15.000
11.415934,timing-walk,16.703397,16.666800,0,0,-543.911,122.209,90.000,15.000
11.432616,timing-walk,16.682900,16.666698,0,0,-542.462,122.597,90.000,15.000
11.449284,timing-walk,16.667299,16.666698,0,0,-541.014,122.985,90.000,15.000
11.465927,timing-walk,16.643703,16.666698,0,0,-539.565,123.373,90.000,15.000
11.482621,timing-walk,16.694300,16.666698,0,0,-538.116,123.761,90.000,15.000
11.499263,timing-walk,16.641498,16.666803,0,0,-536.667,124.150,90.000,15.000
11.515981,timing-walk,16.717702,16.666800,0,0,-535.218,124.538,90.000,15.000
11.532622,timing-walk,16.641300,16.666698,0,0,-533.769,124.926,90.000,15.000
11.549376,timing-walk,16.753200,16.666698,0,0,-532.320,125.314,90.000,15.000
11.566211,timing-walk,16.835399,16.666800,0,0,-530.871,125.703,90.000,15.000
11.582610,timing-walk,16.399801,16.666800,0,0,-529.422,126.091,90.000,15.000
11.599274,timing-walk,16.663998,16.666800,0,0,-527.974,126.479,90.000,15.000
11.615952,timing-walk,16.678400,16.666800,0,0,-526.525,126.867,90.000,15.000
11.632607,timing-walk,16.654100,16.666800,0,0,-525.076,127.256,90.000,15.000
11.649268,timing-walk,16.661499,16.666702,0,0,-523.627,127.644,90.000,15.000
11.665917,timing-walk,16.648900,16.666698,0,0,-522.178,128.032,90.000,15.000
11.682586,timing-walk,16.667902,16.666800,0,0,-520.729,128.420,90.000,15.000
11.699271,timing-walk,16.685098,16.666698,0,0,-519.280,128.808,90.000,15.000
11.715921,timing-walk,16.650200,16.666698,0,0,-517.831,129.197,90.000,15.000
11.732581,timing-walk,16.660202,16.666800,0,0,-516.382,129.585,90.000,15.000
11.749266,timing-walk,16.684297,16.666800,0,0,-514.933,129.973,90.000,15.000
11.765960,timing-walk,16.694199,16.666800,0,0,-513.485,130.361,90.000,15.000
11.782603,timing-walk,16.643200,16.666702,0,0,-512.036,130.750,90.000,15.000
11.799362,timing-walk,16.759302,16.666698,0,0,-510.587,131.138,90.000,15.000
11.816241,timing-walk,16.879398,16.666698,0,0,-509.138,131.526,90.000,15.000
11.832683,timing-walk,16.441099,16.666698,0,0,-507.689,131.914,90.000,15.000
11.849290,timing-walk,16.607702,16.666698,0,0,-506.240,132.303,90.000,15.000
11.865920,timing-walk,16.630501,16.666702,0,0,-504.791,132.691,90.000,15.000
11.882604,timing-walk,16.683698,16.666698,0,0,-503.342,133.079,90.000,15.000
11.899234,timing-walk,16.630501,16.666800,0,0,-501.893,133.467,90.000,15.000
11.915986,timing-walk,16.752701,16.666800,0,0,-500.444,133.855,90.000,15.000
11.932588,timing-walk,16.601600,16.666698,0,0,-498.996,134.244,90.000,15.000
11.949243,timing-walk,16.654998,16.666698,0,0,-497.547,134.632,90.000,15.000
11.965917,timing-walk,16.674500,16.666702,0,0,-496.098,135.020,90.000,15.000
11.982594,timing-walk,16.677003,16.666800,0,0,-494.649,135.408,90.000,15.000
11.999263,timing-walk,16.668897,16.666800,0,0,-493.200,135.797,90.000,15.000
12.015946,timing-walk,16.683903,16.666698,0,0,-491.751,136.185,90.000,15.000
12.032560,timing-walk,16.614098,16.666698,0,0,-490.302,136.573,90.000,15.000
12.049305,timing-turn,16.744301,16.666698,0,0,-488.853,136.961,90.000,15.000
12.066137,timing-turn,16.832698,16.666702,0,0,-487.401,137.577,94.640,15.297
12.082625,timing-turn,16.488001,16.666800,0,0,-485.941,138.398,100.509,15.594
12.099275,timing-turn,16.649202,16.666800,0,0,-484.469,139.410,107.194,15.891
12.116015,timing-turn,16.740501,16.666698,0,0,-482.979,140.601,114.425,16.188
12.132645,timing-turn,16.629398,16.666698,0,0,-481.467,141.961,122.023,16.484
12.149282,timing-turn,16.638000,16.666800,0,0,-479.927,143.482,129.871,16.781
12.165938,timing-turn,16.655803,16.666800,0,0,-478.438,145.073,130.731,17.078
12.182611,timing-turn,16.672798,16.666702,0,0,-477.001,146.710,130.731,17.375
12.199286,timing-turn,16.674202,16.666800,0,0,-475.609,148.387,130.731,17.672
12.215979,timing-turn,16.693398,16.666698,0,0,-474.257,150.095,130.731,17.969
12.232565,timing-turn,16.586099,16.666800,0,0,-472.939,151.830,130.731,18.266
12.249324,timing-turn,16.758502,16.666698,0,0,-471.651,153.588,130.731,18.563
12.266081,timing-turn,16.757298,16.666698,0,0,-470.389,155.364,130.731,18.859
12.282598,timing-turn,16.516902,16.666800,0,0,-469.151,157.157,130.731,19.156
12.299230,timing-turn,16.631700,16.666800,0,0,-467.934,158.964,130.731,19.453
12.316179,timing-turn,16.949799,16.666702,0,0,-466.736,160.784,130.731,19.750
12.332578,timing-turn,16.398203,16.666698,0,0,-465.555,162.615,130.731,20.047
12.349253,timing-turn,16.674697,16.666800,0,0,-464.390,164.456,130.731,20.344
12.365973,timing-turn,16.720403,16.666800,0,0,-463.240,166.307,130.731,20.641
12.382612,timing-turn,16.639099,16.666800,0,0,-462.103,168.166,130.731,20.938
12.399301,timing-turn,16.688298,16.666800,0,0,-460.980,170.033,130.731,21.234
12.415961,timing-turn,16.660802,16.666698,0,0,-459.870,171.908,130.731,21.531
12.432585,timing-turn,16.623698,16.666698,0,0,-458.771,173.789,130.731,21.828
12.449311,timing-turn,16.726602,16.666702,0,0,-457.684,175.678,130.731,22.125
12.465899,timing-turn,16.588598,16.666698,0,0,-456.609,177.573,130.731,22.422
12.482630,timing-turn,16.730301,16.666698,0,0,-455.545,179.474,130.731,22.719
12.499322,timing-turn,16.692001,16.666698,0,0,-454.491,181.381,130.731,23.016
12.515985,timing-turn,16.663797,16.666702,0,0,-453.449,183.294,130.731,23.313
12.532645,timing-turn,16.660102,16.666698,0,0,-452.417,185.213,130.731,23.609
12.549434,timing-turn,16.788099,16.666800,0,0,-451.395,187.138,130.731,23.906
12.566176,timing-turn,16.742799,16.666698,0,0,-450.384,189.068,130.731,24.203
12.582606,timing-turn,16.430102,16.666800,0,0,-449.383,191.003,130.731,24.500
12.599231,timing-turn,16.624298,16.666698,0,0,-448.393,192.944,130.731,24.797
12.615959,timing-turn,16.728301,16.666702,0,0,-447.413,194.890,130.731,25.094
12.632563,timing-turn,16.603500,16.666800,0,0,-446.444,196.841,130.731,25.391
12.649281,timing-turn,16.717702,16.666698,0,0,-445.484,198.798,130.731,25.688
12.665915,timing-turn,16.633797,16.666800,0,0,-444.535,200.759,130.731,25.984
12.682623,timing-turn,16.708102,16.666698,0,0,-443.596,202.725,130.731,26.281
12.699286,timing-turn,16.663399,16.666698,0,0,-442.668,204.696,130.731,26.578
12.715968,timing-turn,16.681202,16.666800,0,0,-441.750,206.672,130.731,26.875
12.732605,timing-turn,16.637098,16.666702,0,0,-440.842,208.653,130.731,27.172
12.749288,timing-turn,16.682401,16.666800,0,0,-439.944,210.638,130.731,27.469
12.765993,timing-turn,16.705900,16.666800,0,0,-439.057,212.628,130.731,27.766
12.782615,timing-turn,16.621899,16.666698,0,0,-438.180,214.623,130.731,28.063
12.799245,timing-turn,16.629901,16.666698,0,0,-437.313,216.622,130.731,28.359
12.816216,timing-turn,16.970597,16.666698,0,0,-436.457,218.626,130.731,28.656
12.832644,timing-turn,16.428802,16.666702,0,0,-435.612,220.634,130.731,28.953
12.849282,timing-turn,16.637798,16.666800,0,0,-434.776,222.646,130.731,29.250
12.865968,timing-turn,16.685702,16.666698,0,0,-433.951,224.663,130.731,29.547
12.882617,timing-turn,16.648799,16.666698,0,0,-433.137,226.684,130.731,29.844
12.899255,timing-turn,16.637798,16.666698,0,0,-432.333,228.709,130.731,30.141
12.915952,timing-turn,16.697202,16.666698,0,0,-431.540,230.738,130.731,30.438
12.932574,timing-turn,16.622201,16.666702,0,0,-430.757,232.772,130.731,30.734
12.949284,timing-turn,16.709801,16.666800,0,0,-429.985,234.809,130.731,31.031
12.966086,timing-turn,16.802900,16.666698,0,0,-429.223,236.850,130.731,31.328
12.982666,timing-turn,16.579900,16.666800,0,0,-428.472,238.896,130.731,31.625
12.999335,timing-turn,16.668901,16.666698,0,0,-427.732,240.945,130.731,31.922
13.015955,timing-turn,16.619597,16.666698,0,0,-427.002,242.998,130.731,32.219
13.032601,timing-turn,16.646802,16.666702,0,0,-426.282,245.055,130.731,32.516
13.049297,timing-turn,16.695499,16.666800,0,0,-425.574,247.115,130.731,32.813
13.066125,timing-turn,16.827900,16.666698,0,0,-424.876,249.179,130.731,33.109
13.082631,timing-turn,16.505800,16.666698,0,0,-424.189,251.247,130.731,33.406
13.099301,timing-turn,16.670000,16.666800,0,0,-423.512,253.318,130.731,33.703
13.115959,timing-turn,16.657598,16.666800,0,0,-422.847,255.393,130.731,34.000
13.132586,timing-turn,16.627703,16.666698,0,0,-422.192,257.471,130.731,34.297
13.149286,timing-turn,16.699798,16.666803,0,0,-421.548,259.552,130.731,34.594
13.165970,timing-turn,16.683500,16.666800,0,0,-420.914,261.637,130.731,34.891
13.182622,timing-turn,16.651701,16.666698,0,0,-420.292,263.725,130.731,35.188
13.199259,timing-turn,16.636599,16.666698,0,0,-419.680,265.816,130.731,35.484
13.215938,timing-turn,16.678900,16.666698,0,0,-419.079,267.910,130.731,35.781
13.232572,timing-turn,16.634200,16.666698,0,0,-418.489,270.008,130.731,36.078
13.249302,timing-turn,16.729899,16.666800,0,0,-417.910,272.108,130.731,36.375
13.265930,timing-turn,16.628701,16.666803,0,0,-417.342,274.212,130.731,36.672
13.282762,timing-turn,16.830999,16.666698,0,0,-416.784,276.318,130.731,36.969
13.299273,timing-turn,16.511802,16.666698,0,0,-416.238,278.427,130.731,37.266
13.316273,timing-turn,16.999599,16.666698,0,0,-415.702,280.539,130.731,37.563
13.332589,timing-turn,16.316701,16.666800,0,0,-415.178,282.654,130.731,37.859
13.349296,timing-turn,16.706400,16.666800,0,0,-414.664,284.772,130.731,38.156
13.365914,timing-turn,16.618501,16.666800,0,0,-414.162,286.892,130.731,38.453
13.382766,timing-turn,16.851898,16.666800,0,0,-413.670,289.014,130.731,38.750
13.399459,timing-turn,16.692702,16.666702,0,0,-413.189,291.140,130.731,39.047
13.416136,timing-turn,16.676798,16.666698,0,0,-412.720,293.267,130.731,39.344
13.433392,timing-turn,17.255701,16.666800,0,0,-412.261,295.397,130.731,39.641
13.449331,timing-turn,15.939999,16.666800,0,0,-411.814,297.530,130.731,39.938
13.465979,timing-turn,16.647801,16.666698,0,0,-411.377,299.664,130.731,40.234
13.482865,timing-turn,16.886901,16.666800,0,0,-410.952,301.801,130.731,40.531
13.499342,timing-turn,16.476497,16.666800,0,0,-410.538,303.940,130.731,40.828
13.515963,timing-turn,16.620200,16.666702,0,0,-410.134,306.082,130.731,41.125
13.532600,timing-turn,16.637802,16.666698,0,0,-409.742,308.225,130.731,41.422
13.549291,timing-turn,16.689800,16.666698,0,0,-409.361,310.370,130.731,41.719
13.566142,timing-turn,16.851399,16.666800,0,0,-408.991,312.517,130.731,42.016
13.582646,timing-turn,16.504500,16.666800,0,0,-408.633,314.667,130.731,42.313
13.599266,timing-turn,16.619802,16.666800,0,0,-408.285,316.818,130.731,42.610
13.615937,timing-turn,16.670998,16.666698,0,0,-407.948,318.970,130.731,42.906
13.632603,timing-turn,16.665000,16.666800,0,0,-407.623,321.125,130.731,43.203
13.649305,timing-turn,16.702302,16.675503,0,0,-407.309,323.282,130.731,43.500
13.665949,timing-turn,16.643599,16.666698,0,0,-407.006,325.440,130.731,43.797
13.682639,timing-turn,16.690500,16.666800,0,0,-406.714,327.599,130.731,44.094
13.699306,timing-turn,16.666401,16.666698,0,0,-406.433,329.760,130.731,44.391
13.716116,timing-turn,16.810797,16.666800,0,0,-406.164,331.922,130.731,44.688
13.732625,timing-turn,16.508602,16.666702,0,0,-405.906,334.085,130.731,44.985
13.749349,timing-turn,16.723901,16.666698,0,0,-405.659,336.250,130.731,45.282
13.765953,timing-turn,16.604800,16.666800,0,0,-405.423,338.416,130.731,45.578
13.782669,timing-turn,16.715698,16.666698,0,0,-405.199,340.583,130.731,45.875
13.799380,timing-turn,16.710900,16.666800,0,0,-404.985,342.752,130.731,46.172
13.816201,timing-turn,16.820502,16.666698,0,0,-404.783,344.921,130.731,46.469
13.832641,timing-turn,16.439501,16.666800,0,0,-404.593,347.092,130.731,46.766
13.849295,timing-turn,16.654097,16.666800,0,0,-404.413,349.263,130.731,47.063
13.865962,timing-turn,16.667102,16.666803,0,0,-404.245,351.435,130.731,47.360
13.882611,timing-turn,16.648799,16.666800,0,0,-404.088,353.609,130.731,47.657
13.899311,timing-turn,16.700100,16.666698,0,0,-403.942,355.783,130.731,47.953
13.915971,timing-turn,16.659800,16.666800,0,0,-403.807,357.957,130.731,48.250
13.932591,timing-turn,16.621001,16.666800,0,0,-403.684,360.133,130.731,48.547
13.949306,timing-turn,16.715001,16.666800,0,0,-403.572,362.309,130.731,48.844
13.965942,timing-turn,16.635999,16.666800,0,0,-403.471,364.485,130.731,49.141
13.982635,timing-turn,16.693201,16.666800,0,0,-403.382,366.662,130.731,49.438
13.999379,timing-turn,16.743500,16.666800,0,0,-403.304,368.840,130.731,49.735
14.016108,timing-turn,16.728599,16.666800,0,0,-403.237,371.018,130.731,50.032
14.032686,timing-turn,16.578600,16.666800,0,0,-403.181,373.196,130.731,50.328
14.049318,timing-turn,16.632501,16.666698,0,0,-403.137,375.374,130.731,50.625
14.066166,timing-turn,16.847201,16.666702,0,0,-403.104,377.553,130.731,50.922
14.082646,timing-turn,16.480099,16.666698,0,0,-403.082,379.731,130.731,51.219
14.099277,timing-turn,16.630501,16.666800,0,0,-403.072,381.910,130.731,51.516
14.115997,timing-turn,16.720898,16.666800,0,0,-403.073,384.089,130.731,51.813
14.132609,timing-turn,16.612101,16.666698,0,0,-403.085,386.268,130.731,52.110
14.149297,timing-turn,16.686998,16.666698,0,0,-403.108,388.447,130.731,52.407
14.166006,timing-turn,16.709600,16.666803,0,0,-403.143,390.625,130.731,52.703
14.182625,timing-turn,16.618501,16.666800,0,0,-403.189,392.804,130.731,53.000
14.199262,timing-turn,16.636800,16.666800,0,0,-403.247,394.982,130.731,53.297
14.215973,timing-turn,16.710900,16.666698,0,0,-403.315,397.159,130.731,53.594
14.232709,timing-turn,16.736500,16.666800,0,0,-403.395,399.337,130.731,53.891
14.249301,timing-turn,16.592201,16.666698,0,0,-403.486,401.514,130.731,54.188
14.265926,timing-turn,16.625699,16.666698,0,0,-403.589,403.690,130.731,54.485
14.282641,timing-turn,16.715001,16.666702,0,0,-403.702,405.866,130.731,54.782
14.299266,timing-turn,16.624797,16.666800,0,0,-403.827,408.041,130.731,55.078
14.316198,timing-turn,16.932301,16.666698,0,0,-403.964,410.216,130.731,55.375
14.332667,timing-turn,16.469300,16.666698,0,0,-404.111,412.390,130.731,55.672
14.349349,timing-turn,16.681500,16.666698,0,0,-404.270,414.563,130.731,55.969
14.365960,timing-turn,16.611502,16.666698,0,0,-404.440,416.735,130.731,56.266
14.382670,timing-turn,16.710300,16.666803,0,0,-404.621,418.906,130.731,56.563
14.399286,timing-turn,16.615901,16.666800,0,0,-404.814,421.077,130.731,56.860
14.416008,timing-turn,16.721997,16.666800,0,0,-405.018,423.246,130.731,57.157
14.432620,timing-turn,16.612303,16.666698,0,0,-405.233,425.414,130.731,57.453
14.449325,timing-turn,16.704500,16.666698,0,0,-405.459,427.581,130.731,57.750
14.465951,timing-turn,16.626600,16.666698,0,0,-405.696,429.747,130.731,58.047
14.482681,timing-turn,16.730700,16.666702,0,0,-405.945,431.912,130.731,58.344
14.499359,timing-turn,16.678199,16.666800,0,0,-406.205,434.075,130.731,58.641
14.515954,timing-turn,16.595300,16.666800,0,0,-406.476,436.237,130.731,58.938
14.532634,timing-turn,16.679998,16.666698,0,0,-406.758,438.397,130.731,59.235
14.549313,timing-turn,16.679101,16.666800,0,0,-407.052,440.556,130.731,59.532
14.566179,timing-turn,16.866900,16.666698,0,0,-407.357,442.714,130.731,59.828
14.582663,timing-turn,16.483601,16.666800,0,0,-407.673,444.870,130.731,60.125
14.599322,timing-turn,16.659398,16.666698,0,0,-408.000,447.024,130.731,60.422
14.616009,timing-turn,16.686402,16.666800,0,0,-408.338,449.176,130.731,60.719
14.632630,timing-turn,16.621299,16.666702,0,0,-408.687,451.327,130.731,61.016
14.649326,timing-turn,16.695999,16.666698,0,0,-409.048,453.476,130.731,61.313
14.666044,timing-turn,16.717803,16.666698,0,0,-409.419,455.623,130.731,61.610
14.682638,timing-turn,16.594198,16.666800,0,0,-409.802,457.768,130.731,61.907
14.699360,timing-turn,16.721699,16.666698,0,0,-410.196,459.911,130.731,62.204
14.716161,timing-turn,16.801100,16.671001,0,0,-410.601,462.052,130.731,62.500
14.732651,timing-turn,16.489800,16.666800,0,0,-411.017,464.191,130.731,62.797
14.749379,timing-turn,16.728301,16.666698,0,0,-411.444,466.328,130.731,63.094
14.766043,timing-turn,16.663700,16.666698,0,0,-411.882,468.462,130.731,63.391
14.782780,timing-turn,16.737401,16.666800,0,0,-412.331,470.594,130.731,63.688
14.799353,timing-turn,16.572498,16.666800,0,0,-412.792,472.724,130.731,63.985
14.816197,timing-turn,16.845200,16.666702,0,0,-413.263,474.851,130.731,64.282
14.832632,timing-turn,16.434401,16.666698,0,0,-413.745,476.976,130.731,64.579
14.849287,timing-turn,16.654801,16.666800,0,0,-414.238,479.098,130.731,64.875
14.865918,timing-turn,16.631100,16.666698,0,0,-414.743,481.218,130.731,65.172
14.882619,timing-turn,16.700499,16.666698,0,0,-415.258,483.335,130.731,65.469
14.899323,timing-turn,16.703401,16.666702,0,0,-415.784,485.449,130.731,65.766
14.915980,timing-turn,16.657598,16.666698,0,0,-416.321,487.561,130.731,66.063
14.932813,timing-turn,16.832702,16.666800,0,0,-416.869,489.669,130.731,66.360
14.949302,timing-turn,16.488697,16.666698,0,0,-417.429,491.775,130.731,66.657
14.965996,timing-turn,16.693603,16.666800,0,0,-417.998,493.878,130.731,66.954
14.982649,timing-turn,16.653098,16.666698,0,0,-418.579,495.978,130.731,67.250
14.999274,timing-turn,16.625501,16.666702,0,0,-419.171,498.075,130.731,67.547
15.015973,timing-turn,16.699098,16.666800,0,0,-419.774,500.169,130.731,67.844
15.032628,timing-turn,16.654801,16.666698,0,0,-420.387,502.260,130.731,68.141
15.049540,timing-turn,16.911600,16.666698,0,0,-421.011,504.347,130.731,68.438
15.066209,timing-turn,16.668901,16.666698,0,0,-421.646,506.432,130.731,68.735
15.082702,timing-turn,16.493201,16.666800,0,0,-422.292,508.513,130.731,69.032
15.099327,timing-turn,16.625598,16.666702,0,0,-422.949,510.590,130.731,69.329
15.115960,timing-turn,16.632602,16.666698,0,0,-423.616,512.664,130.731,69.625
15.132612,timing-turn,16.652297,16.666800,0,0,-424.294,514.735,130.731,69.922
15.149277,timing-turn,16.664900,16.666800,0,0,-424.983,516.802,130.731,70.219
15.165936,timing-turn,16.659401,16.666698,0,0,-425.682,518.866,130.731,70.516
15.182817,timing-turn,16.879700,16.666698,0,0,-426.393,520.925,130.731,70.813
15.199363,timing-turn,16.546000,16.666698,0,0,-427.113,522.982,130.731,71.110
15.216034,timing-turn,16.671602,16.666702,0,0,-427.845,525.034,130.731,71.407
15.232612,timing-turn,16.577799,16.666698,0,0,-428.587,527.083,130.731,71.704
15.249302,timing-turn,16.690601,16.666698,0,0,-429.340,529.127,130.731,72.000
15.265991,timing-turn,16.689699,16.666698,0,0,-430.103,531.168,130.731,72.297
15.282731,timing-turn,16.740300,16.666800,0,0,-430.877,533.205,130.731,72.594
15.299320,timing-turn,16.589299,16.666702,0,0,-431.661,535.238,130.731,72.891
15.316178,timing-turn,16.858201,16.666800,0,0,-432.456,537.266,130.731,73.188
15.332591,timing-turn,16.412798,16.666698,0,0,-433.262,539.291,130.731,73.485
15.349335,timing-turn,16.743802,16.666698,0,0,-434.078,541.311,130.731,73.782
15.365951,timing-turn,16.616002,16.666698,0,0,-434.904,543.327,130.731,74.079
15.382748,timing-turn,16.796798,16.666702,0,0,-435.741,545.339,130.731,74.376
15.399531,timing-turn,16.783699,16.666698,0,0,-436.588,547.346,130.731,74.672
15.415995,timing-turn,16.463500,16.666800,0,0,-437.446,549.349,130.731,74.969
15.432618,timing-turn,16.623102,16.666698,0,0,-438.314,551.348,130.731,75.266
15.449310,timing-turn,16.692299,16.666800,0,0,-439.192,553.342,130.731,75.563
15.465951,timing-turn,16.640998,16.666800,0,0,-440.081,555.331,130.731,75.860
15.482609,timing-turn,16.657501,16.666698,0,0,-440.980,557.316,130.731,76.157
15.499258,timing-turn,16.649302,16.666702,0,0,-441.889,559.296,130.731,76.454
15.515961,timing-turn,16.702898,16.666698,0,0,-442.808,561.271,130.731,76.751
15.532774,timing-turn,16.813301,16.666698,0,0,-443.738,563.242,130.731,77.047
15.549351,timing-turn,16.577199,16.666800,0,0,-444.678,565.208,130.731,77.344
15.566176,timing-turn,16.825899,16.666698,0,0,-445.628,567.168,130.731,77.641
15.582718,timing-turn,16.541500,16.666800,0,0,-446.588,569.124,130.731,77.938
15.599394,timing-turn,16.675800,16.666702,0,0,-447.559,571.075,130.731,78.235
15.615970,timing-turn,16.576201,16.666800,0,0,-448.539,573.021,130.731,78.532
15.632630,timing-turn,16.660701,16.666800,0,0,-449.529,574.962,130.731,78.829
15.649284,timing-turn,16.653698,16.666698,0,0,-450.530,576.897,130.731,79.126
15.665950,timing-turn,16.665000,16.666698,0,0,-451.541,578.827,130.731,79.422
15.682703,timing-turn,16.753100,16.666800,0,0,-452.561,580.753,130.731,79.719
15.699302,timing-turn,16.598802,16.666800,0,0,-453.592,582.672,130.731,80.016
15.715974,timing-turn,16.672499,16.666800,0,0,-454.632,584.587,130.731,80.313
15.732627,timing-turn,16.652901,16.666800,0,0,-455.682,586.496,130.731,80.610
15.749278,timing-turn,16.651098,16.666800,0,0,-456.743,588.399,130.731,80.907
15.765944,timing-turn,16.665701,16.666800,0,0,-457.813,590.297,130.731,81.204
15.782624,timing-turn,16.680501,16.666702,0,0,-458.893,592.190,130.731,81.501
15.799290,timing-turn,16.665198,16.666800,0,0,-459.982,594.076,130.731,81.797
15.816159,timing-turn,16.869202,16.666698,0,0,-461.082,595.958,130.731,82.094
15.832642,timing-turn,16.482100,16.666698,0,0,-462.191,597.833,130.731,82.391
15.849308,timing-turn,16.666800,16.666698,0,0,-463.310,599.703,130.731,82.688
15.866074,timing-turn,16.765900,16.666702,0,0,-464.438,601.566,130.731,82.985
15.882632,timing-turn,16.558900,16.666800,0,0,-465.576,603.424,130.731,83.282
15.899351,timing-turn,16.718999,16.666698,0,0,-466.724,605.276,130.731,83.579
15.916064,timing-turn,16.713001,16.666800,0,0,-467.882,607.122,130.731,83.876
15.932855,timing-turn,16.790301,16.666800,0,0,-469.049,608.962,130.731,84.172
15.949403,timing-turn,16.548000,16.666698,0,0,-470.225,610.796,130.731,84.469
15.966047,timing-turn,16.644299,16.672499,0,0,-471.411,612.625,130.731,84.766
15.982691,timing-turn,16.644001,16.666800,0,0,-472.607,614.447,130.731,85.063
15.999406,timing-turn,16.715199,16.666702,0,0,-473.812,616.262,130.731,85.360
16.015980,timing-turn,16.573399,16.666800,0,0,-475.026,618.071,130.731,85.657
16.032780,timing-turn,16.800299,16.666800,0,0,-476.249,619.874,130.731,85.954
16.049412,timing-turn,16.632199,16.666800,0,0,-477.482,621.670,130.731,86.251
16.066282,timing-turn,16.871400,16.670101,0,0,-478.725,623.461,130.731,86.548
16.082760,timing-turn,16.477503,16.666800,0,0,-479.976,625.245,130.731,86.844
16.099400,timing-turn,16.639899,16.666698,0,0,-481.237,627.022,130.731,87.141
16.116081,timing-turn,16.681701,16.666698,0,0,-482.507,628.792,130.731,87.438
16.132757,timing-turn,16.676098,16.666800,0,0,-483.786,630.556,130.731,87.735
16.149336,timing-turn,16.577899,16.666800,0,0,-485.074,632.313,130.731,88.032
16.165981,timing-turn,16.646199,16.666800,0,0,-486.371,634.064,130.731,88.329
16.182692,timing-turn,16.711000,16.666800,0,0,-487.677,635.808,130.731,88.626
16.199366,timing-turn,16.674303,16.666702,0,0,-488.993,637.545,130.731,88.923
16.216177,timing-turn,16.811099,16.666698,0,0,-490.317,639.275,130.731,89.219
16.232676,timing-turn,16.498700,16.666800,0,0,-491.650,640.999,130.731,89.516
16.249449,timing-turn,16.773000,16.666800,0,0,-492.992,642.715,130.731,89.813
16.265984,timing-turn,16.534999,16.666698,0,0,-494.343,644.424,130.731,90.110
16.282667,timing-turn,16.683102,16.666698,0,0,-495.703,646.127,130.731,90.407
16.299318,timing-turn,16.651697,16.666800,0,0,-497.072,647.822,130.731,90.704
16.316214,timing-turn,16.895700,16.666800,0,0,-498.449,649.510,130.731,91.001
16.332630,timing-turn,16.416401,16.666702,0,0,-499.835,651.192,130.731,91.298
16.349304,timing-turn,16.673900,16.666800,0,0,-501.230,652.865,130.731,91.595
16.365948,timing-turn,16.643502,16.666800,0,0,-502.634,654.532,130.731,91.891
16.382654,timing-turn,16.707201,16.666698,0,0,-504.046,656.191,130.731,92.188
16.399307,timing-turn,16.652700,16.666698,0,0,-505.466,657.843,130.731,92.485
16.416061,timing-turn,16.754400,16.666800,0,0,-506.896,659.488,130.731,92.782
16.432745,timing-turn,16.684398,16.666800,0,0,-508.333,661.125,130.731,93.079
16.449383,timing-turn,16.637400,16.666800,0,0,-509.780,662.755,130.731,93.376
16.465994,timing-turn,16.610902,16.666702,0,0,-511.234,664.377,130.731,93.673
16.482805,timing-turn,16.811401,16.666698,0,0,-512.697,665.992,130.731,93.970
16.499342,timing-turn,16.536098,16.666698,0,0,-514.169,667.599,130.731,94.266
16.516018,timing-turn,16.675502,16.666800,0,0,-515.648,669.198,130.731,94.563
16.532810,timing-turn,16.792797,16.666698,0,0,-517.136,670.790,130.731,94.860
16.549387,timing-turn,16.576901,16.666702,0,0,-518.632,672.374,130.731,95.157
16.566191,timing-turn,16.804300,16.666800,0,0,-520.137,673.950,130.731,95.454
16.582632,timing-turn,16.441699,16.666698,0,0,-521.649,675.518,130.731,95.751
16.599348,timing-turn,16.715802,16.666800,0,0,-523.170,677.079,130.731,96.048
16.616039,timing-turn,16.690601,16.666698,0,0,-524.698,678.631,130.731,96.345
16.632763,timing-turn,16.723700,16.666800,0,0,-526.235,680.176,130.731,96.641
16.649353,timing-turn,16.589399,16.666800,0,0,-527.780,681.713,130.731,96.938
16.665987,timing-turn,16.634900,16.666698,0,0,-529.332,683.241,130.731,97.235
16.682671,timing-turn,16.684100,16.666800,0,0,-530.893,684.762,130.731,97.532
16.699318,timing-turn,16.647499,16.666702,0,0,-532.461,686.274,130.731,97.829
16.716141,timing-turn,16.822901,16.687901,0,0,-534.039,687.781,130.731,98.126
16.732737,timing-turn,16.595300,16.666800,0,0,-535.623,689.277,130.731,98.423
16.749346,timing-turn,16.608499,16.666800,0,0,-537.215,690.765,130.731,98.720
16.765987,timing-turn,16.642202,16.666698,0,0,-538.814,692.244,130.731,99.017
16.782650,timing-turn,16.661998,16.666698,0,0,-540.421,693.716,130.731,99.314
16.799330,timing-turn,16.679801,16.666698,0,0,-542.036,695.179,130.731,99.611
16.816187,timing-turn,16.857401,16.666702,0,0,-543.658,696.633,130.731,99.907
16.832699,timing-turn,16.512200,16.666800,0,0,-545.288,698.080,130.731,100.204
16.849327,timing-turn,16.627498,16.666698,0,0,-546.925,699.517,130.731,100.501
16.865963,timing-turn,16.635902,16.666698,0,0,-548.570,700.946,130.731,100.798
16.882690,timing-turn,16.727500,16.666800,0,0,-550.222,702.367,130.731,101.095
16.899357,timing-turn,16.666200,16.666698,0,0,-551.881,703.779,130.731,101.392
16.915987,timing-turn,16.629897,16.666702,0,0,-553.548,705.183,130.731,101.689
16.932669,timing-turn,16.682401,16.666698,0,0,-555.222,706.578,130.731,101.986
16.949347,timing-turn,16.677901,16.666698,0,0,-556.903,707.964,130.731,102.282
16.965981,timing-turn,16.634200,16.666698,0,0,-558.591,709.341,130.731,102.579
16.982681,timing-turn,16.699798,16.666702,0,0,-560.286,710.710,130.731,102.876
16.999352,timing-turn,16.670801,16.666698,0,0,-561.989,712.070,130.731,103.173
17.016050,timing-turn,16.698301,16.666800,0,0,-563.698,713.421,130.731,103.470
17.032640,timing-turn,16.590800,16.666800,0,0,-565.415,714.763,130.731,103.767
17.049356,timing-turn,16.716700,16.672197,0,0,-567.138,716.096,130.731,104.064
17.066320,timing-turn,16.964100,16.666702,0,0,-568.869,717.421,130.731,104.361
17.082682,timing-turn,16.360998,16.666800,0,0,-570.606,718.736,130.731,104.658
17.099348,timing-turn,16.666003,16.666698,0,0,-572.350,720.042,130.731,104.954
17.116024,timing-turn,16.675100,16.666800,0,0,-574.100,721.339,130.731,105.251
17.132648,timing-turn,16.624998,16.669199,0,0,-575.858,722.628,130.731,105.548
17.149517,timing-turn,16.868301,16.666800,0,0,-577.622,723.907,130.731,105.845
17.166014,timing-turn,16.497500,16.666702,0,0,-579.392,725.177,130.731,106.142
17.182676,timing-turn,16.662598,16.666800,0,0,-581.169,726.437,130.731,106.439
17.199312,timing-turn,16.635902,16.666800,0,0,-582.953,727.689,130.731,106.736
17.215998,timing-turn,16.686000,16.666698,0,0,-584.743,728.931,130.731,107.033
17.232695,timing-turn,16.697299,16.666698,0,0,-586.540,730.164,130.731,107.329
17.249352,timing-turn,16.657799,16.666698,0,0,-588.343,731.387,130.731,107.626
17.265980,timing-turn,16.628399,16.666702,0,0,-590.152,732.601,130.731,107.923
17.282682,timing-turn,16.703203,16.666698,0,0,-591.967,733.806,130.731,108.220
17.299301,timing-turn,16.618699,16.666800,0,0,-593.789,735.002,130.731,108.517
17.316259,timing-turn,16.958300,16.666800,0,0,-595.617,736.188,130.731,108.814
17.332651,timing-turn,16.391698,16.666698,0,0,-597.451,737.364,130.731,109.111
17.349373,timing-turn,16.722102,16.666698,0,0,-599.291,738.531,130.731,109.408
17.366024,timing-turn,16.651299,16.666800,0,0,-601.137,739.688,130.731,109.704
17.382719,timing-turn,16.694702,16.666800,0,0,-602.989,740.836,130.731,110.001
17.399439,timing-turn,16.719598,16.666702,0,0,-604.847,741.974,130.731,110.298
17.415998,timing-turn,16.560301,16.666698,0,0,-606.710,743.103,130.731,110.595
17.432653,timing-turn,16.655698,16.666800,0,0,-608.580,744.222,130.731,110.892
17.449306,timing-turn,16.653601,16.666698,0,0,-610.456,745.331,130.731,111.189
17.465971,timing-turn,16.664200,16.666698,0,0,-612.337,746.430,130.731,111.486
17.482664,timing-turn,16.692400,16.666702,0,0,-614.223,747.520,130.731,111.783
17.499319,timing-turn,16.655300,16.666698,0,0,-616.116,748.600,130.731,112.079
17.516069,timing-turn,16.749699,16.666698,0,0,-618.014,749.670,130.731,112.376
17.532667,timing-turn,16.598303,16.666800,0,0,-619.917,750.730,130.731,112.673
17.549324,timing-turn,16.657498,16.666800,0,0,-621.826,751.780,130.731,112.970
17.566208,timing-turn,16.882900,16.666800,0,0,-623.741,752.821,130.731,113.267
17.582674,timing-turn,16.465902,16.666698,0,0,-625.661,753.851,130.731,113.564
17.599335,timing-turn,16.660199,16.666702,0,0,-627.586,754.872,130.731,113.861
17.616037,timing-turn,16.702600,16.666800,0,0,-629.516,755.882,130.731,114.158
17.632669,timing-turn,16.632199,16.666698,0,0,-631.452,756.883,130.731,114.454
17.649456,timing-turn,16.786501,16.666698,0,0,-633.392,757.873,130.731,114.751
17.666130,timing-turn,16.673200,16.666800,0,0,-635.338,758.854,130.731,115.048
17.682804,timing-turn,16.674899,16.666800,0,0,-637.289,759.824,130.731,115.345
17.699480,timing-turn,16.675800,16.666698,0,0,-639.245,760.784,130.731,115.642
17.716099,timing-turn,16.618103,16.666702,0,0,-641.206,761.734,130.731,115.939
17.732811,timing-turn,16.711298,16.666800,0,0,-643.171,762.674,130.731,116.236
17.749495,timing-turn,16.683500,16.666698,0,0,-645.142,763.604,130.731,116.533
17.766153,timing-turn,16.659401,16.666698,0,0,-647.117,764.523,130.731,116.830
17.782732,timing-turn,16.578298,16.666800,0,0,-649.097,765.433,130.731,117.126
17.799419,timing-turn,16.687300,16.666698,0,0,-651.082,766.332,130.731,117.423
17.816267,timing-turn,16.846702,16.666702,0,0,-653.071,767.220,130.731,117.720
17.832710,timing-turn,16.442601,16.666698,0,0,-655.065,768.098,130.731,118.017
17.849426,timing-turn,16.715899,16.666800,0,0,-657.064,768.966,130.731,118.314
17.866024,timing-turn,16.596798,16.666698,0,0,-659.067,769.824,130.731,118.611
17.882732,timing-turn,16.709302,16.666698,0,0,-661.074,770.671,130.731,118.908
17.899559,timing-turn,16.827300,16.666800,0,0,-663.086,771.508,130.731,119.205
17.916250,timing-turn,16.690899,16.666800,0,0,-665.102,772.334,130.731,119.501
17.932789,timing-turn,16.538102,16.666702,0,0,-667.122,773.150,130.731,119.798
17.949530,timing-turn,16.740497,16.666800,0,0,-669.147,773.956,130.731,120.095
17.966093,timing-turn,16.562901,16.666800,0,0,-671.176,774.751,130.731,120.392
17.982803,timing-turn,16.709901,16.666698,0,0,-673.208,775.535,130.731,120.689
17.999434,timing-turn,16.631000,16.666800,0,0,-675.245,776.309,130.731,120.986
18.016151,timing-turn,16.718298,16.666698,0,0,-677.286,777.072,130.731,121.283
18.032747,timing-turn,16.596001,16.666698,0,0,-679.331,777.825,130.731,121.580
18.049479,timing-sweep,16.730901,16.666803,0,0,-681.379,778.567,130.731,121.876
18.066317,timing-sweep,16.838599,16.666698,0,0,-682.646,779.026,80.869,122.767
18.082739,timing-sweep,16.422499,16.666698,0,0,-683.341,779.278,44.304,123.658
18.099440,timing-sweep,16.701501,16.666698,0,0,-683.615,779.377,17.489,124.548
18.116041,timing-sweep,16.601600,16.666800,0,0,-683.615,779.377,0.000,125.439
18.132734,timing-sweep,16.693301,16.666800,0,0,-683.615,779.377,0.000,126.330
18.149567,timing-sweep,16.832300,16.706600,0,0,-683.615,779.377,0.000,127.222
18.166199,timing-sweep,16.631901,16.666698,0,0,-683.615,779.377,0.000,128.113
18.182806,timing-sweep,16.607698,16.666702,0,0,-683.615,779.377,0.000,129.004
18.199459,timing-sweep,16.652502,16.666800,0,0,-683.615,779.377,0.000,129.894
18.216116,timing-sweep,16.656797,16.666800,0,0,-683.615,779.377,0.000,130.785
18.232733,timing-sweep,16.617000,16.666800,0,0,-683.615,779.377,0.000,131.675
18.249376,timing-sweep,16.643900,16.666698,0,0,-683.615,779.377,0.000,132.566
18.266041,timing-sweep,16.663902,16.666698,0,0,-683.615,779.377,0.000,133.457
18.282825,timing-sweep,16.785100,16.666698,0,0,-683.615,779.377,0.000,134.347
18.299387,timing-sweep,16.561598,16.666800,0,0,-683.615,779.377,0.000,135.238
18.316254,timing-sweep,16.867600,16.666702,0,0,-683.615,779.377,0.000,136.129
18.332712,timing-sweep,16.458299,16.666698,0,0,-683.615,779.377,0.000,137.019
18.349392,timing-sweep,16.679902,16.670599,0,0,-683.615,779.377,0.000,137.910
18.366047,timing-sweep,16.655002,16.666800,0,0,-683.615,779.377,0.000,138.801
18.382797,timing-sweep,16.749799,16.666698,0,0,-683.615,779.377,0.000,139.691
18.399399,timing-sweep,16.602300,16.666698,0,0,-683.615,779.377,0.000,140.582
18.416166,timing-sweep,16.767900,16.666800,0,0,-683.615,779.377,0.000,141.473
18.432936,timing-sweep,16.769599,16.666702,0,0,-683.615,779.377,0.000,142.363
18.449438,timing-sweep,16.501598,16.666698,0,0,-683.615,779.377,0.000,143.254
18.466139,timing-sweep,16.700603,16.666698,0,0,-683.615,779.377,0.000,144.144
18.482742,timing-sweep,16.604200,16.666698,0,0,-683.615,779.377,0.000,145.035
18.499361,timing-sweep,16.619399,16.666702,0,0,-683.615,779.377,0.000,145.926
18.516081,timing-sweep,16.720399,16.666800,0,0,-683.615,779.377,0.000,146.816
18.532698,timing-sweep,16.616698,16.666698,0,0,-683.615,779.377,0.000,147.707
18.549377,timing-sweep,16.678903,16.666698,0,0,-683.615,779.377,0.000,148.598
18.566227,timing-sweep,16.849097,16.666698,0,0,-683.615,779.377,0.000,149.488
18.582727,timing-sweep,16.500402,16.666698,0,0,-683.615,779.377,0.000,150.379
18.599409,timing-sweep,16.682200,16.666803,0,0,-683.615,779.377,0.000,151.269
18.616039,timing-sweep,16.630799,16.666800,0,0,-683.615,779.377,0.000,152.160
18.632711,timing-sweep,16.672902,16.666698,0,0,-683.615,779.377,0.000,153.051
18.649395,timing-sweep,16.683500,16.666698,0,0,-683.615,779.377,0.000,153.941
18.666056,timing-sweep,16.660400,16.666800,0,0,-683.615,779.377,0.000,154.832
18.682844,timing-sweep,16.787898,16.666698,0,0,-683.615,779.377,0.000,155.723
18.699696,timing-sweep,16.852099,16.666800,0,0,-683.615,779.377,0.000,156.613
18.716137,timing-sweep,16.442202,16.666800,0,0,-683.615,779.377,0.000,157.504
18.732775,timing-sweep,16.637400,16.666800,0,0,-683.615,779.377,0.000,158.395
18.749399,timing-sweep,16.624801,16.666702,0,0,-683.615,779.377,0.000,159.285
18.766068,timing-sweep,16.668297,16.666800,0,0,-683.615,779.377,0.000,160.176
18.782700,timing-sweep,16.631201,16.666800,0,0,-683.615,779.377,0.000,161.066
18.799398,timing-sweep,16.698200,16.666800,0,0,-683.615,779.377,0.000,161.957
18.816376,timing-sweep,16.977701,16.666800,0,0,-683.615,779.377,0.000,162.848
18.832716,timing-sweep,16.339500,16.666800,0,0,-683.615,779.377,0.000,163.738
18.849445,timing-sweep,16.728699,16.666698,0,0,-683.615,779.377,0.000,164.629
18.866026,timing-sweep,16.580202,16.666698,0,0,-683.615,779.377,0.000,165.520
18.882969,timing-sweep,16.943898,16.666702,0,0,-683.615,779.377,0.000,166.410
18.899452,timing-sweep,16.483501,16.666698,0,0,-683.615,779.377,0.000,167.301
18.916128,timing-sweep,16.675599,16.666698,0,0,-683.615,779.377,0.000,168.191
18.932806,timing-sweep,16.678702,16.666800,0,0,-683.615,779.377,0.000,169.082
18.949389,timing-sweep,16.582999,16.666800,0,0,-683.615,779.377,0.000,169.973
18.966034,timing-sweep,16.645499,16.666698,0,0,-683.615,779.377,0.000,170.863
18.982771,timing-sweep,16.737301,16.666800,0,0,-683.615,779.377,0.000,171.754
18.999365,timing-sweep,16.593602,16.666800,0,0,-683.615,779.377,0.000,172.645
19.016121,timing-sweep,16.756598,16.666803,0,0,-683.615,779.377,0.000,173.535
19.032682,timing-sweep,16.560599,16.666800,0,0,-683.615,779.377,0.000,174.426
19.049425,timing-sweep,16.743001,16.666800,0,0,-683.615,779.377,0.000,175.316
19.066288,timing-sweep,16.863700,16.666698,0,0,-683.615,779.377,0.000,176.207
19.082767,timing-sweep,16.480401,16.666698,0,0,-683.615,779.377,0.000,177.098
19.099581,timing-sweep,16.813800,16.666800,0,0,-683.615,779.377,0.000,177.988
19.116119,timing-sweep,16.538199,16.666800,0,0,-683.615,779.377,0.000,178.879
19.132755,timing-sweep,16.636502,16.666698,0,0,-683.615,779.377,0.000,179.770
19.149342,timing-sweep,16.585700,16.666800,0,0,-683.615,779.377,0.000,180.660
19.166039,timing-sweep,16.696800,16.666803,0,0,-683.615,779.377,0.000,181.551
19.182684,timing-sweep,16.645398,16.666698,0,0,-683.615,779.377,0.000,182.442
19.199358,timing-sweep,16.673703,16.666800,0,0,-683.615,779.377,0.000,183.332
19.216070,timing-sweep,16.711399,16.666800,0,0,-683.615,779.377,0.000,184.223
19.232729,timing-sweep,16.659599,16.666698,0,0,-683.615,779.377,0.000,185.113
19.249462,timing-sweep,16.733699,16.666800,0,0,-683.615,779.377,0.000,186.004
19.266079,timing-sweep,16.617700,16.666698,0,0,-683.615,779.377,0.000,186.895
19.282776,timing-sweep,16.696103,16.666800,0,0,-683.615,779.377,0.000,187.785
19.299423,timing-sweep,16.647097,16.666702,0,0,-683.615,779.377,0.000,188.676
19.316410,timing-sweep,16.986102,16.666698,0,0,-683.615,779.377,0.000,189.567
19.332731,timing-sweep,16.321499,16.666800,0,0,-683.615,779.377,0.000,190.457
19.349451,timing-sweep,16.720399,16.666800,0,0,-683.615,779.377,0.000,191.348
19.366116,timing-sweep,16.665302,16.666698,0,0,-683.615,779.377,0.000,192.238
19.382698,timing-sweep,16.582601,16.666800,0,0,-683.615,779.377,0.000,193.129
19.399330,timing-sweep,16.632497,16.666698,0,0,-683.615,779.377,0.000,194.020
19.416044,timing-sweep,16.714502,16.666702,0,0,-683.615,779.377,0.000,194.910
19.432692,timing-sweep,16.647201,16.666698,0,0,-683.615,779.377,0.000,195.801
19.449419,timing-sweep,16.728099,16.666698,0,0,-683.615,779.377,0.000,196.692
19.466017,timing-sweep,16.596999,16.666698,0,0,-683.615,779.377,0.000,197.582
19.482660,timing-sweep,16.644400,16.666800,0,0,-683.615,779.377,0.000,198.473
19.499311,timing-sweep,16.650300,16.666800,0,0,-683.615,779.377,0.000,199.363
19.516045,timing-sweep,16.734101,16.666800,0,0,-683.615,779.377,0.000,200.254
19.532660,timing-sweep,16.614199,16.666803,0,0,-683.615,779.377,0.000,201.145
19.549568,timing-sweep,16.908702,16.666698,0,0,-683.615,779.377,0.000,202.035
19.566280,timing-sweep,16.712397,16.666800,0,0,-683.615,779.377,0.000,202.926
19.582708,timing-sweep,16.428102,16.666800,0,0,-683.615,779.377,0.000,203.817
19.599411,timing-sweep,16.701899,16.666800,0,0,-683.615,779.377,0.000,204.707
19.616016,timing-sweep,16.604502,16.666800,0,0,-683.615,779.377,0.000,205.598
19.632740,timing-sweep,16.723398,16.666800,0,0,-683.615,779.377,0.000,206.489
19.649382,timing-sweep,16.641300,16.666698,0,0,-683.615,779.377,0.000,207.379
19.666084,timing-sweep,16.702399,16.666800,0,0,-683.615,779.377,0.000,208.270
19.682941,timing-sweep,16.856302,16.666702,0,0,-683.615,779.377,0.000,209.160
19.699488,timing-sweep,16.546901,16.666698,0,0,-683.615,779.377,0.000,210.051
19.716122,timing-sweep,16.633298,16.666800,0,0,-683.615,779.377,0.000,210.942
19.732738,timing-sweep,16.617101,16.666698,0,0,-683.615,779.377,0.000,211.832
19.749439,timing-sweep,16.701300,16.666800,0,0,-683.615,779.377,0.000,212.723
19.766052,timing-sweep,16.612399,16.666800,0,0,-683.615,779.377,0.000,213.614
19.782686,timing-sweep,16.633399,16.666698,0,0,-683.615,779.377,0.000,214.504
19.799404,timing-sweep,16.717501,16.666702,0,0,-683.615,779.377,0.000,215.395
19.816317,timing-sweep,16.912002,16.666800,0,0,-683.615,779.377,0.000,216.285
19.832758,timing-sweep,16.440500,16.666698,0,0,-683.615,779.377,0.000,217.176
19.849382,timing-sweep,16.625099,16.677599,0,0,-683.615,779.377,0.000,218.067
19.866011,timing-sweep,16.629200,16.666698,0,0,-683.615,779.377,0.000,218.958
19.882750,timing-sweep,16.739499,16.666800,0,0,-683.615,779.377,0.000,219.849
19.899454,timing-sweep,16.704500,16.666698,0,0,-683.615,779.377,0.000,220.739
19.916126,timing-sweep,16.672101,16.666803,0,0,-683.615,779.377,0.000,221.630
19.932693,timing-sweep,16.567599,16.666800,0,0,-683.615,779.377,0.000,222.520
19.949474,timing-sweep,16.781501,16.666800,0,0,-683.615,779.377,0.000,223.411
19.966026,timing-sweep,16.551901,16.666698,0,0,-683.615,779.377,0.000,224.302
19.982792,timing-sweep,16.765598,16.666800,0,0,-683.615,779.377,0.000,225.192
19.999353,timing-sweep,16.561002,16.666800,0,0,-683.615,779.377,0.000,226.083
20.016041,timing-sweep,16.687300,16.666698,0,0,-683.615,779.377,0.000,226.974
20.032675,timing-sweep,16.633600,16.666698,0,0,-683.615,779.377,0.000,227.864
20.049377,timing-sweep,16.703200,16.666800,0,0,-683.615,779.377,0.000,228.755
20.066378,timing-sweep,17.000701,16.666702,0,0,-683.615,779.377,0.000,229.645
20.082684,timing-sweep,16.306300,16.666698,0,0,-683.615,779.377,0.000,230.536
20.099350,timing-sweep,16.666498,16.666698,0,0,-683.615,779.377,0.000,231.427
20.116041,timing-sweep,16.692001,16.666800,0,0,-683.615,779.377,0.000,232.317
20.132652,timing-sweep,16.610399,16.666800,0,0,-683.615,779.377,0.000,233.208
20.149401,timing-sweep,16.748302,16.666698,0,0,-683.615,779.377,0.000,234.099
20.166004,timing-sweep,16.603298,16.666702,0,0,-683.615,779.377,0.000,234.989
20.182762,timing-sweep,16.757399,16.666800,0,0,-683.615,779.377,0.000,235.880
20.199364,timing-sweep,16.600803,16.666800,0,0,-683.615,779.377,0.000,236.771
20.216103,timing-sweep,16.738299,16.666698,0,0,-683.615,779.377,0.000,237.661
20.232782,timing-sweep,16.679801,16.666800,0,0,-683.615,779.377,0.000,238.552
20.249466,timing-sweep,16.684100,16.666698,0,0,-683.615,779.377,0.000,239.442
20.266094,timing-sweep,16.627997,16.666800,0,0,-683.615,779.377,0.000,240.333
20.282711,timing-sweep,16.617101,16.666800,0,0,-683.615,779.377,0.000,241.224
20.299360,timing-sweep,16.649000,16.666800,0,0,-683.615,779.377,0.000,242.114
20.316610,timing-sweep,17.250400,16.735401,0,0,-683.615,779.377,0.000,243.009
20.332804,timing-sweep,16.192801,16.666698,0,0,-683.615,779.377,0.000,243.899
20.349556,timing-sweep,16.752798,16.666800,0,0,-683.615,779.377,0.000,244.790
20.366158,timing-sweep,16.602401,16.666800,0,0,-683.615,779.377,0.000,245.680
20.382830,timing-sweep,16.671900,16.666702,0,0,-683.615,779.377,0.000,246.571
20.399464,timing-sweep,16.634502,16.666698,0,0,-683.615,779.377,0.000,247.462
20.416153,timing-sweep,16.690198,16.666698,0,0,-683.615,779.377,0.000,248.352
20.432819,timing-sweep,16.667102,16.666698,0,0,-683.615,779.377,0.000,249.243
20.449490,timing-sweep,16.669400,16.666800,0,0,-683.615,779.377,0.000,250.134
20.466101,timing-sweep,16.610898,16.666800,0,0,-683.615,779.377,0.000,251.024
20.482813,timing-sweep,16.712099,16.666702,0,0,-683.615,779.377,0.000,251.915
20.499445,timing-sweep,16.632203,16.666800,0,0,-683.615,779.377,0.000,252.806
20.516140,timing-sweep,16.694799,16.666800,0,0,-683.615,779.377,0.000,253.696
20.532728,timing-sweep,16.589101,16.666698,0,0,-683.615,779.377,0.000,254.587
20.549440,timing-sweep,16.711298,16.666800,0,0,-683.615,779.377,0.000,255.477
20.566336,timing-sweep,16.895398,16.666698,0,0,-683.615,779.377,0.000,256.368
20.583021,timing-sweep,16.686201,16.666698,0,0,-683.615,779.377,0.000,257.259
20.599567,timing-sweep,16.545501,16.666803,0,0,-683.615,779.377,0.000,258.149
20.616144,timing-sweep,16.577598,16.666698,0,0,-683.615,779.377,0.000,259.040
20.632891,timing-sweep,16.746003,16.666800,0,0,-683.615,779.377,0.000,259.931
20.649500,timing-sweep,16.608797,16.666800,0,0,-683.615,779.377,0.000,260.821
20.666136,timing-sweep,16.636502,16.666698,0,0,-683.615,779.377,0.000,261.712
20.682892,timing-sweep,16.755600,16.666800,0,0,-683.615,779.377,0.000,262.602
20.699476,timing-sweep,16.584300,16.666800,0,0,-683.615,779.377,0.000,263.493
20.716150,timing-sweep,16.674601,16.666800,0,0,-683.615,779.377,0.000,264.384
20.732752,timing-sweep,16.602099,16.666698,0,0,-683.615,779.377,0.000,265.274
20.749456,timing-sweep,16.704202,16.666803,0,0,-683.615,779.377,0.000,266.165
20.766163,timing-sweep,16.706500,16.666800,0,0,-683.615,779.377,0.000,267.056
20.782799,timing-sweep,16.635299,16.666698,0,0,-683.615,779.377,0.000,267.946
20.799564,timing-sweep,16.764902,16.666698,0,0,-683.615,779.377,0.000,268.837
20.816364,timing-sweep,16.799297,16.666698,0,0,-683.615,779.377,0.000,269.727
20.832867,timing-sweep,16.501602,16.666698,0,0,-683.615,779.377,0.000,270.618
20.849659,timing-sweep,16.792100,16.666803,0,0,-683.615,779.377,0.000,271.509
20.866241,timing-sweep,16.581599,16.666698,0,0,-683.615,779.377,0.000,272.399
20.882833,timing-sweep,16.592603,16.666698,0,0,-683.615,779.377,0.000,273.290
20.899490,timing-sweep,16.656600,16.666800,0,0,-683.615,779.377,0.000,274.181
20.916351,timing-sweep,16.860098,16.666698,0,0,-683.615,779.377,0.000,275.071
20.932892,timing-sweep,16.540501,16.666698,0,0,-683.615,779.377,0.000,275.962
20.949451,timing-sweep,16.559400,16.666702,0,0,-683.615,779.377,0.000,276.853
20.966228,timing-sweep,16.776901,16.666800,0,0,-683.615,779.377,0.000,277.743
20.982933,timing-sweep,16.704001,16.666901,0,0,-683.615,779.377,0.000,278.634
20.999571,timing-sweep,16.638398,16.666698,0,0,-683.615,779.377,0.000,279.524
21.016205,timing-sweep,16.633701,16.666698,0,0,-683.615,779.377,0.000,280.415
21.032785,timing-sweep,16.580399,16.669300,0,0,-683.615,779.377,0.000,281.306
21.049576,timing-sweep,16.790301,16.666698,0,0,-683.615,779.377,0.000,282.196
21.066813,timing-sweep,17.237201,16.666702,0,0,-683.615,779.377,0.000,283.087
21.082775,timing-sweep,15.962698,16.666800,0,0,-683.615,779.377,0.000,283.978
21.099566,timing-sweep,16.789902,16.666800,0,0,-683.615,779.377,0.000,284.868
21.116302,timing-sweep,16.737901,16.666698,0,0,-683.615,779.377,0.000,285.759
21.132933,timing-sweep,16.629700,16.666800,0,0,-683.615,779.377,0.000,286.650
21.149443,timing-sweep,16.509999,16.666800,0,0,-683.615,779.377,0.000,287.540
21.166185,timing-sweep,16.743202,16.666698,0,0,-683.615,779.377,0.000,288.431
21.182840,timing-sweep,16.654100,16.666698,0,0,-683.615,779.377,0.000,289.321
21.199648,timing-sweep,16.807299,16.666702,0,0,-683.615,779.377,0.000,290.212
21.216139,timing-sweep,16.491700,16.666800,0,0,-683.615,779.377,0.000,291.103
21.232853,timing-sweep,16.713500,16.666698,0,0,-683.615,779.377,0.000,291.993
21.249548,timing-sweep,16.695499,16.666800,0,0,-683.615,779.377,0.000,292.884
21.266216,timing-sweep,16.668398,16.666698,0,0,-683.615,779.377,0.000,293.775
21.283064,timing-sweep,16.847301,16.666698,0,0,-683.615,779.377,0.000,294.665
21.299637,timing-sweep,16.573500,16.666803,0,0,-683.615,779.377,0.000,295.556
21.316637,timing-sweep,17.000102,16.666800,0,0,-683.615,779.377,0.000,296.447
21.333141,timing-sweep,16.504899,16.666698,0,0,-683.615,779.377,0.000,297.337
21.349817,timing-sweep,16.676899,16.666800,0,0,-683.615,779.377,0.000,298.228
21.366182,timing-sweep,16.365502,16.666698,0,0,-683.615,779.377,0.000,299.118
21.382885,timing-sweep,16.701799,16.666698,0,0,-683.615,779.377,0.000,300.009
21.399534,timing-sweep,16.648602,16.666698,0,0,-683.615,779.377,0.000,300.900
21.416134,timing-sweep,16.599599,16.666803,0,0,-683.615,779.377,0.000,301.790
21.432856,timing-sweep,16.721398,16.666698,0,0,-683.615,779.377,0.000,302.681
21.449495,timing-sweep,16.639303,16.666698,0,0,-683.615,779.377,0.000,303.572
21.466162,timing-sweep,16.665500,16.666800,0,0,-683.615,779.377,0.000,304.462
21.482920,timing-sweep,16.757797,16.666800,0,0,-683.615,779.377,0.000,305.353
21.499626,timing-sweep,16.706202,16.666800,0,0,-683.615,779.377,0.000,306.243
21.516150,timing-sweep,16.523398,16.666800,0,0,-683.615,779.377,0.000,307.134
21.532871,timing-sweep,16.720999,16.666800,0,0,-683.615,779.377,0.000,308.025
21.549574,timing-sweep,16.703203,16.666800,0,0,-683.615,779.377,0.000,308.915
21.566559,timing-sweep,16.984798,16.666800,0,0,-683.615,779.377,0.000,309.806
21.582829,timing-sweep,16.270299,16.666702,0,0,-683.615,779.377,0.000,310.697
21.599957,timing-sweep,17.127201,16.666698,0,0,-683.615,779.377,0.000,311.587
21.616344,timing-sweep,16.388301,16.666698,0,0,-683.615,779.377,0.000,312.478
21.632826,timing-sweep,16.480800,16.666800,0,0,-683.615,779.377,0.000,313.368
21.649517,timing-sweep,16.690399,16.666698,0,0,-683.615,779.377,0.000,314.259
21.666157,timing-sweep,16.640101,16.666702,0,0,-683.615,779.377,0.000,315.150
21.682871,timing-sweep,16.713899,16.666698,0,0,-683.615,779.377,0.000,316.040
21.699638,timing-sweep,16.767301,16.666698,0,0,-683.615,779.377,0.000,316.931
21.716455,timing-sweep,16.817801,16.666800,0,0,-683.615,779.377,0.000,317.822
21.733000,timing-sweep,16.544402,16.666698,0,0,-683.615,779.377,0.000,318.712
21.749664,timing-sweep,16.663600,16.666800,0,0,-683.615,779.377,0.000,319.603
21.766350,timing-sweep,16.684897,16.666800,0,0,-683.615,779.377,0.000,320.493
21.782990,timing-sweep,16.640402,16.666702,0,0,-683.615,779.377,0.000,321.384
21.799631,timing-sweep,16.640998,16.666800,0,0,-683.615,779.377,0.000,322.275
21.816729,timing-sweep,17.097302,16.666800,0,0,-683.615,779.377,0.000,323.165
21.832972,timing-sweep,16.243000,16.679096,0,0,-683.615,779.377,0.000,324.057
21.849609,timing-sweep,16.638700,16.666702,0,0,-683.615,779.377,0.000,324.947
21.866224,timing-sweep,16.615000,16.666800,0,0,-683.615,779.377,0.000,325.838
21.882917,timing-sweep,16.692199,16.666800,0,0,-683.615,779.377,0.000,326.729
21.899733,timing-sweep,16.814802,16.666698,0,0,-683.615,779.377,0.000,327.619
21.916227,timing-sweep,16.494099,16.666698,0,0,-683.615,779.377,0.000,328.510
21.932867,timing-sweep,16.639899,16.666698,0,0,-683.615,779.377,0.000,329.400
21.949696,timing-sweep,16.828101,16.666702,0,0,-683.615,779.377,0.000,330.291
21.966343,timing-sweep,16.647499,16.666698,0,0,-683.615,779.377,0.000,331.182
21.982830,timing-sweep,16.487602,16.666800,0,0,-683.615,779.377,0.000,332.072
21.999479,timing-sweep,16.649198,16.666698,0,0,-683.615,779.377,0.000,332.963
22.016167,timing-sweep,16.688000,16.666800,0,0,-683.615,779.377,0.000,333.854
22.032856,timing-sweep,16.689699,16.666800,0,0,-683.615,779.377,0.000,334.744
22.049465,timing-sweep,16.609300,16.666800,0,0,-683.615,779.377,0.000,335.635
22.066402,timing-sweep,16.936302,16.666800,0,0,-683.615,779.377,0.000,336.525
22.082888,timing-sweep,16.485199,16.666702,0,0,-683.615,779.377,0.000,337.416
22.099482,timing-sweep,16.593698,16.666800,0,0,-683.615,779.377,0.000,338.307
22.116165,timing-sweep,16.683601,16.666800,0,0,-683.615,779.377,0.000,339.197
22.132862,timing-sweep,16.697299,16.666698,0,0,-683.615,779.377,0.000,340.088
22.149511,timing-sweep,16.648702,16.666800,0,0,-683.615,779.377,0.000,340.979
22.166235,timing-sweep,16.723398,16.666698,0,0,-683.615,779.377,0.000,341.869
22.182863,timing-sweep,16.629100,16.666698,0,0,-683.615,779.377,0.000,342.760
22.199518,timing-sweep,16.654301,16.666702,0,0,-683.615,779.377,0.000,343.651
22.216204,timing-sweep,16.686298,16.666800,0,0,-683.615,779.377,0.000,344.541
22.232845,timing-sweep,16.641703,16.666800,0,0,-683.615,779.377,0.000,345.432
22.249464,timing-sweep,16.618200,16.666800,0,0,-683.615,779.377,0.000,346.322
22.266117,timing-sweep,16.653500,16.666698,0,0,-683.615,779.377,0.000,347.213
22.282965,timing-sweep,16.847897,16.666698,0,0,-683.615,779.377,0.000,348.104
22.299606,timing-sweep,16.641002,16.680901,0,0,-683.615,779.377,0.000,348.995
22.316425,timing-sweep,16.819399,16.687401,0,0,-683.615,779.377,0.000,349.887
22.332941,timing-sweep,16.516000,16.666800,0,0,-683.615,779.377,0.000,350.777
22.349524,timing-sweep,16.581900,16.666800,0,0,-683.615,779.377,0.000,351.668
22.366169,timing-sweep,16.645901,16.666800,0,0,-683.615,779.377,0.000,352.559
22.382862,timing-sweep,16.692400,16.666800,0,0,-683.615,779.377,0.000,353.449
22.399500,timing-sweep,16.638499,16.666702,0,0,-683.615,779.377,0.000,354.340
22.416208,timing-sweep,16.708601,16.666800,0,0,-683.615,779.377,0.000,355.231
22.432800,timing-sweep,16.591799,16.666800,0,0,-683.615,779.377,0.000,356.121
22.449526,timing-sweep,16.725700,16.666698,0,0,-683.615,779.377,0.000,357.012
22.466137,timing-sweep,16.611401,16.666698,0,0,-683.615,779.377,0.000,357.902
22.482857,timing-sweep,16.720299,16.666800,0,0,-683.615,779.377,0.000,358.793
22.499451,timing-sweep,16.593803,16.666800,0,0,-683.615,779.377,0.000,359.684
22.516218,timing-sweep,16.766798,16.666800,0,0,-683.615,779.377,0.000,0.574
22.532791,timing-sweep,16.573101,16.666800,0,0,-683.615,779.377,0.000,1.465
22.549643,timing-sweep,16.850498,16.677000,0,0,-683.615,779.377,0.000,2.356
22.566401,timing-sweep,16.757600,16.666702,0,0,-683.615,779.377,0.000,3.247
22.582834,timing-sweep,16.432803,16.666800,0,0,-683.615,779.377,0.000,4.137
22.599501,timing-sweep,16.666699,16.666800,0,0,-683.615,779.377,0.000,5.028
22.616175,timing-sweep,16.674798,16.666698,0,0,-683.615,779.377,0.000,5.919
22.632786,timing-sweep,16.611502,16.666698,0,0,-683.615,779.377,0.000,6.809
22.649530,timing-sweep,16.745500,16.666800,0,0,-683.615,779.377,0.000,7.700
22.666153,timing-sweep,16.622301,16.666698,0,0,-683.615,779.377,0.000,8.591
22.682852,timing-sweep,16.698498,16.666800,0,0,-683.615,779.377,0.000,9.481
22.699488,timing-sweep,16.635399,16.666803,0,0,-683.615,779.377,0.000,10.372
22.716253,timing-sweep,16.766500,16.666800,0,0,-683.615,779.377,0.000,11.262
22.732813,timing-sweep,16.560502,16.666800,0,0,-683.615,779.377,0.000,12.153
22.749641,timing-sweep,16.829200,16.666698,0,0,-683.615,779.377,0.000,13.044
22.766159,timing-sweep,16.517200,16.666698,0,0,-683.615,779.377,0.000,13.934
22.782869,timing-sweep,16.709700,16.666698,0,0,-683.615,779.377,0.000,14.825
22.799477,timing-sweep,16.608100,16.666800,0,0,-683.615,779.377,0.000,15.716
22.816410,timing-sweep,16.933199,16.666702,0,0,-683.615,779.377,0.000,16.606
22.832851,timing-sweep,16.441900,16.666800,0,0,-683.615,779.377,0.000,17.497
22.849566,timing-sweep,16.713798,16.666800,0,0,-683.615,779.377,0.000,18.388
22.866154,timing-sweep,16.588900,16.666698,0,0,-683.615,779.377,0.000,19.278
22.882835,timing-sweep,16.681001,16.666698,0,0,-683.615,779.377,0.000,20.169
22.899466,timing-sweep,16.630501,16.666698,0,0,-683.615,779.377,0.000,21.059
22.916182,timing-sweep,16.715601,16.666800,0,0,-683.615,779.377,0.000,21.950
22.932806,timing-sweep,16.623799,16.666702,0,0,-683.615,779.377,0.000,22.841
22.949499,timing-sweep,16.692400,16.666698,0,0,-683.615,779.377,0.000,23.731
22.966169,timing-sweep,16.669698,16.666698,0,0,-683.615,779.377,0.000,24.622
22.982964,timing-sweep,16.793903,16.666800,0,0,-683.615,779.377,0.000,25.513
22.999483,timing-sweep,16.518798,16.666698,0,0,-683.615,779.377,0.000,26.403
23.016235,timing-sweep,16.752601,16.666702,0,0,-683.615,779.377,0.000,27.294
23.032804,timing-sweep,16.569600,16.666800,0,0,-683.615,779.377,0.000,28.184
23.049540,timing-sweep,16.735699,16.666800,0,0,-683.615,779.377,0.000,29.075
23.066353,timing-sweep,16.813502,16.666800,0,0,-683.615,779.377,0.000,29.966
23.082859,timing-sweep,16.507100,16.666800,0,0,-683.615,779.377,0.000,30.856
23.099503,timing-sweep,16.644198,16.666698,0,0,-683.615,779.377,0.000,31.747
23.116196,timing-sweep,16.692303,16.666698,0,0,-683.615,779.377,0.000,32.638
23.132818,timing-sweep,16.623300,16.666698,0,0,-683.615,779.377,0.000,33.528
23.149515,timing-sweep,16.695999,16.666702,0,0,-683.615,779.377,0.000,34.419
23.166208,timing-sweep,16.693201,16.666698,0,0,-683.615,779.377,0.000,35.309
23.182842,timing-sweep,16.633198,16.666698,0,0,-683.615,779.377,0.000,36.200
23.199497,timing-sweep,16.655002,16.666800,0,0,-683.615,779.377,0.000,37.091
23.216305,timing-sweep,16.806699,16.666698,0,0,-683.615,779.377,0.000,37.981
23.232981,timing-sweep,16.675800,16.666800,0,0,-683.615,779.377,0.000,38.872
23.249493,timing-sweep,16.512599,16.666800,0,0,-683.615,779.377,0.000,39.763
23.266203,timing-sweep,16.711101,16.666800,0,0,-683.615,779.377,0.000,40.653
23.282862,timing-sweep,16.659699,16.666702,0,0,-683.615,779.377,0.000,41.544
23.299509,timing-sweep,16.647700,16.666800,0,0,-683.615,779.377,0.000,42.434
23.316418,timing-sweep,16.908601,16.666698,0,0,-683.615,779.377,0.000,43.325
23.332832,timing-sweep,16.414098,16.666800,0,0,-683.615,779.377,0.000,44.216
23.349539,timing-sweep,16.706701,16.666800,0,0,-683.615,779.377,0.000,45.106
23.366213,timing-sweep,16.673401,16.666800,0,0,-683.615,779.377,0.000,45.997
23.382870,timing-sweep,16.656701,16.666800,0,0,-683.615,779.377,0.000,46.888
23.399500,timing-sweep,16.630597,16.666800,0,0,-683.615,779.377,0.000,47.778
23.416212,timing-sweep,16.712502,16.666698,0,0,-683.615,779.377,0.000,48.669
23.432831,timing-sweep,16.618401,16.666702,0,0,-683.615,779.377,0.000,49.560
23.449505,timing-sweep,16.673997,16.666800,0,0,-683.615,779.377,0.000,50.450
23.466282,timing-sweep,16.777202,16.666800,0,0,-683.615,779.377,0.000,51.341
23.482893,timing-sweep,16.611598,16.666698,0,0,-683.615,779.377,0.000,52.231
23.499454,timing-sweep,16.561002,16.666698,0,0,-683.615,779.377,0.000,53.122
23.516186,timing-sweep,16.730499,16.666698,0,0,-683.615,779.377,0.000,54.013
23.532812,timing-sweep,16.625602,16.666702,0,0,-683.615,779.377,0.000,54.903
23.549494,timing-sweep,16.681600,16.666698,0,0,-683.615,779.377,0.000,55.794
23.566370,timing-sweep,16.875997,16.666698,0,0,-683.615,779.377,0.000,56.685
23.582850,timing-sweep,16.479801,16.666698,0,0,-683.615,779.377,0.000,57.575
23.599527,timing-sweep,16.677499,16.666702,0,0,-683.615,779.377,0.000,58.466
23.616182,timing-sweep,16.654901,16.666800,0,0,-683.615,779.377,0.000,59.356
23.632809,timing-sweep,16.627200,16.666800,0,0,-683.615,779.377,0.000,60.247
23.649529,timing-sweep,16.719401,16.666698,0,0,-683.615,779.377,0.000,61.138
23.666344,timing-sweep,16.816098,16.666698,0,0,-683.615,779.377,0.000,62.028
23.682907,timing-sweep,16.563401,16.666698,0,0,-683.615,779.377,0.000,62.919
23.699490,timing-sweep,16.582701,16.666698,0,0,-683.615,779.377,0.000,63.810
23.716169,timing-sweep,16.679000,16.666702,0,0,-683.615,779.377,0.000,64.700
23.732819,timing-sweep,16.649198,16.666800,0,0,-683.615,779.377,0.000,65.591
23.749521,timing-sweep,16.702902,16.666800,0,0,-683.615,779.377,0.000,66.481
23.766212,timing-sweep,16.691800,16.666800,0,0,-683.615,779.377,0.000,67.372
23.782944,timing-sweep,16.731400,16.666800,0,0,-683.615,779.377,0.000,68.263
23.799520,timing-sweep,16.576398,16.666800,0,0,-683.615,779.377,0.000,69.153
23.816412,timing-sweep,16.891602,16.666698,0,0,-683.615,779.377,0.000,70.044
23.832905,timing-sweep,16.493797,16.666698,0,0,-683.615,779.377,0.000,70.935
23.849527,timing-sweep,16.621802,16.666800,0,0,-683.615,779.377,0.000,71.825
23.866320,timing-sweep,16.792800,16.666803,0,0,-683.615,779.377,0.000,72.716
23.882912,timing-sweep,16.592197,16.666698,0,0,-683.615,779.377,0.000,73.607
23.899591,timing-sweep,16.679902,16.666698,0,0,-683.615,779.377,0.000,74.497
23.916201,timing-sweep,16.608901,16.666800,0,0,-683.615,779.377,0.000,75.388
23.932871,timing-sweep,16.669799,16.666800,0,0,-683.615,779.377,0.000,76.278
23.949549,timing-sweep,16.677402,16.666800,0,0,-683.615,779.377,0.000,77.169
23.966227,timing-sweep,16.677096,16.666800,0,0,-683.615,779.377,0.000,78.060
23.982864,timing-sweep,16.637903,16.666800,0,0,-683.615,779.377,0.000,78.950
23.999529,timing-sweep,16.663898,16.666698,0,0,-683.615,779.377,0.000,79.841
24.016195,timing-sweep,16.666502,16.666803,0,0,-683.615,779.377,0.000,80.732
24.032824,timing-sweep,16.628899,16.666800,0,0,-683.615,779.377,0.000,81.622
24.049534,capture-idle,16.709801,16.666698,0,0,-683.615,779.377,0.000,82.513
24.066343,capture-idle,16.809799,16.666698,0,0,-683.615,779.377,0.000,82.513
24.082945,capture-idle,16.601503,16.666698,0,0,-683.615,779.377,0.000,82.513
24.099491,capture-idle,16.545799,16.666698,0,0,-683.615,779.377,0.000,82.513
24.116188,capture-idle,16.696800,16.666702,0,0,-683.615,779.377,0.000,82.513
24.132830,capture-idle,16.641799,16.666698,0,0,-683.615,779.377,0.000,82.513
24.149490,capture-idle,16.660102,16.666800,0,0,-683.615,779.377,0.000,82.513
24.166149,capture-idle,16.658001,16.666800,0,1,-683.615,779.377,0.000,82.513
24.291229,capture-idle,125.079900,125.041801,1,1,-683.615,779.377,0.000,82.513
24.415956,capture-idle,124.727398,124.383705,2,0,-683.615,779.377,0.000,82.513
24.432255,capture-idle,16.298499,16.666698,2,1,-683.615,779.377,0.000,82.513
24.552809,capture-idle,120.553602,120.539398,3,0,-683.615,779.377,0.000,82.513
24.569517,capture-idle,16.708501,16.666800,3,1,-683.615,779.377,0.000,82.513
24.694210,capture-idle,124.692298,124.253304,4,0,-683.615,779.377,0.000,82.513
24.710505,capture-idle,16.293902,16.666698,4,1,-683.615,779.377,0.000,82.513
24.831835,capture-idle,121.330999,121.492805,5,0,-683.615,779.377,0.000,82.513
24.848541,capture-idle,16.706198,16.666698,5,1,-683.615,779.377,0.000,82.513
24.970192,capture-idle,121.650301,121.332001,6,0,-683.615,779.377,0.000,82.513
24.986559,capture-idle,16.367801,16.666702,6,1,-683.615,779.377,0.000,82.513
25.109863,capture-idle,123.303499,123.307396,7,0,-683.615,779.377,0.000,82.513
25.126503,capture-idle,16.638801,16.666800,7,1,-683.615,779.377,0.000,82.513
25.247461,capture-idle,120.959200,120.711403,8,0,-683.615,779.377,0.000,82.513
25.263922,capture-idle,16.461302,16.666800,8,1,-683.615,779.377,0.000,82.513
25.385164,capture-idle,121.242099,121.303398,9,0,-683.615,779.377,0.000,82.513
25.401953,capture-idle,16.789202,16.666698,9,1,-683.615,779.377,0.000,82.513
25.523449,capture-idle,121.495299,121.234703,10,0,-683.615,779.377,0.000,82.513
25.539860,capture-idle,16.411301,16.666800,10,1,-683.615,779.377,0.000,82.513
25.661131,capture-idle,121.271499,121.374908,11,0,-683.615,779.377,0.000,82.513
25.677799,capture-idle,16.669199,16.666698,11,1,-683.615,779.377,0.000,82.513
25.799545,capture-idle,121.746201,121.461403,12,0,-683.615,779.377,0.000,82.513
25.815969,capture-idle,16.423400,16.666800,12,1,-683.615,779.377,0.000,82.513
25.939240,capture-idle,123.269401,123.142403,13,0,-683.615,779.377,0.000,82.513
25.955721,capture-idle,16.482100,16.666698,13,1,-683.615,779.377,0.000,82.513
26.077927,capture-idle,122.205097,121.916801,14,0,-683.615,779.377,0.000,82.513
26.094316,capture-walk,16.389400,16.666800,14,0,-683.615,779.377,0.000,82.513
26.111071,capture-walk,16.755100,16.666800,14,0,-683.602,779.473,5.833,82.513
26.127684,capture-walk,16.613800,16.666698,14,0,-683.577,779.666,11.667,82.513
26.144428,capture-walk,16.744301,16.666800,14,0,-683.539,779.955,17.500,82.513
26.161049,capture-walk,16.620200,16.666702,14,0,-683.488,780.341,23.333,82.513
26.177769,capture-walk,16.719602,16.666698,14,0,-683.425,780.823,29.167,82.513
26.194370,capture-walk,16.602498,16.666698,14,0,-683.349,781.401,35.000,82.513
26.211082,capture-walk,16.712401,16.666800,14,1,-683.260,782.076,40.834,82.513
26.333199,capture-walk,122.116398,121.907394,15,0,-682.157,790.472,83.501,82.513
26.349617,capture-walk,16.417801,16.666800,15,1,-681.963,791.949,89.335,82.513
26.470995,capture-walk,121.377099,121.175499,16,0,-680.541,802.762,90.000,82.513
26.487507,capture-walk,16.511902,16.666800,16,1,-680.346,804.249,90.000,82.513
26.608877,capture-walk,121.370997,121.109703,17,0,-678.926,815.056,90.000,82.513
26.625223,capture-walk,16.345900,16.666698,17,1,-678.730,816.543,90.000,82.513
26.745487,capture-walk,120.264903,120.207100,18,0,-677.321,827.269,90.000,82.513
26.762119,capture-walk,16.632400,16.666800,18,1,-677.125,828.757,90.000,82.513
26.883024,capture-walk,120.905600,120.610497,19,0,-675.711,839.519,90.000,82.513
26.899588,capture-walk,16.562898,16.666800,19,1,-675.515,841.006,90.000,82.513
27.020502,capture-walk,120.914802,120.968201,20,0,-674.097,851.800,90.000,82.513
27.037148,capture-walk,16.644597,16.666702,20,1,-673.901,853.288,90.000,82.513
27.158987,capture-walk,121.838801,121.693794,21,0,-672.474,864.147,90.000,82.513
27.175430,capture-walk,16.442999,16.666698,21,1,-672.278,865.634,90.000,82.513
27.294807,capture-walk,119.377002,119.391701,22,0,-670.878,876.288,90.000,82.513
27.311481,capture-walk,16.674399,16.666800,22,1,-670.683,877.775,90.000,82.513
27.432180,capture-walk,120.699201,120.327202,23,0,-669.272,888.512,90.000,82.513
27.448463,capture-walk,16.282201,16.666800,23,1,-669.076,889.999,90.000,82.513
27.567806,capture-walk,119.342897,119.337204,24,0,-667.677,900.648,90.000,82.513
27.584438,capture-walk,16.632602,16.666803,24,1,-667.481,902.135,90.000,82.513
27.705778,capture-walk,121.339601,121.023598,25,0,-666.062,912.934,90.000,82.513
27.722143,capture-walk,16.365398,16.666800,25,1,-665.867,914.422,90.000,82.513
27.841970,capture-walk,119.827300,119.722801,26,0,-664.463,925.105,90.000,82.513
27.858541,capture-walk,16.571201,16.666698,26,1,-664.267,926.592,90.000,82.513
27.980474,capture-walk,121.932101,121.579704,27,0,-662.841,937.441,90.000,82.513
27.996799,capture-walk,16.324099,16.666698,27,1,-662.646,938.928,90.000,82.513
28.118452,capture-walk,121.652901,121.655899,28,0,-661.219,949.784,90.000,82.513
28.135178,capture-walk,16.726401,16.666698,28,1,-661.024,951.271,90.000,82.513
28.256195,capture-walk,121.018197,120.847107,29,0,-659.606,962.055,90.000,82.513
28.272675,capture-walk,16.479101,16.666698,29,1,-659.411,963.542,90.000,82.513
28.392929,capture-walk,120.254502,120.250595,30,0,-658.001,974.272,90.000,82.513
28.409567,capture-walk,16.637199,16.666800,30,1,-657.805,975.759,90.000,82.513
28.530190,capture-walk,120.622899,120.367599,31,0,-656.394,986.500,90.000,82.513
28.546597,capture-walk,16.406599,16.666698,31,1,-656.198,987.987,90.000,82.513
28.667444,capture-walk,120.848101,120.650902,32,0,-654.783,998.753,90.000,82.513
28.683870,capture-walk,16.426802,16.666800,32,1,-654.588,1000.240,90.000,82.513
28.803656,capture-walk,119.785398,119.450005,33,0,-653.187,1010.899,90.000,82.513
28.820023,capture-walk,16.367100,16.666698,33,1,-652.992,1012.386,90.000,82.513
28.941525,capture-walk,121.501502,121.454102,34,0,-651.567,1023.224,90.000,82.513
28.958126,capture-walk,16.601600,16.666698,34,1,-651.372,1024.711,90.000,82.513
29.078743,capture-walk,120.616298,120.347801,35,0,-649.960,1035.450,90.000,82.513
29.095125,capture-walk,16.381800,16.666698,35,1,-649.765,1036.938,90.000,82.513
29.226093,capture-walk,130.967401,130.909103,36,1,-648.230,1048.619,90.000,82.513
29.348585,capture-walk,122.492701,122.170700,37,0,-646.797,1059.521,90.000,82.513
29.364845,capture-walk,16.260099,16.666800,37,1,-646.601,1061.008,90.000,82.513
29.497398,capture-walk,132.553000,132.458694,38,1,-645.048,1072.827,90.000,82.513
29.628292,capture-walk,130.894098,130.720306,39,1,-643.515,1084.492,90.000,82.513
29.756269,capture-walk,127.977900,128.153397,40,1,-642.012,1095.927,90.000,82.513
29.888439,capture-walk,132.168800,131.701904,41,1,-640.468,1107.680,90.000,82.513
30.017385,capture-walk,128.946301,129.463699,42,1,-638.949,1119.232,90.000,82.513
30.146566,capture-walk,129.180100,128.926392,43,1,-637.437,1130.736,90.000,82.513
30.273415,capture-turn,126.848701,127.045990,44,1,-635.947,1142.073,90.000,82.513
30.402565,capture-turn,129.151199,128.954803,45,1,-641.342,1156.646,130.731,84.810
30.531242,capture-turn,128.677100,128.728088,46,1,-650.176,1170.966,130.731,87.103
30.660969,capture-turn,129.726201,129.698990,47,1,-660.049,1184.749,130.731,89.413
30.792866,capture-turn,131.897200,132.067093,48,1,-670.732,1198.312,130.731,91.766
30.925953,capture-turn,133.086801,132.913391,49,1,-682.045,1211.499,130.731,94.133
31.058771,capture-turn,132.817701,132.988907,50,1,-693.902,1224.215,130.731,96.502
31.191620,capture-turn,132.848699,132.666306,51,1,-706.243,1236.400,130.731,98.865
31.322952,capture-turn,131.332699,131.535797,52,1,-718.966,1247.967,130.731,101.208
31.455593,capture-turn,132.641699,132.459595,53,1,-732.245,1259.080,130.731,103.567
31.587252,capture-turn,131.658200,131.855988,54,1,-745.907,1269.591,130.731,105.916
31.722845,capture-turn,135.592800,135.213501,55,1,-760.351,1279.780,130.731,108.325
31.853693,capture-turn,130.848400,131.238907,56,1,-774.768,1289.081,130.731,110.662
31.985077,capture-turn,131.384403,131.150604,57,1,-789.544,1297.777,130.731,112.998
32.115261,capture-turn,130.183499,130.310104,58,1,-804.565,1305.813,130.731,115.320
32.245342,capture-turn,130.080499,129.933899,59,1,-819.854,1313.212,130.731,117.634
32.397026,capture-turn,151.684701,151.907288,60,1,-838.078,1321.101,130.731,120.340
32.543705,capture-turn,146.678898,146.305405,61,1,-855.960,1327.887,130.731,122.946
32.703075,capture-turn,159.372002,159.673203,62,1,-875.798,1334.381,130.731,125.790
32.834084,capture-turn,131.007899,130.866196,63,1,-892.285,1338.946,130.731,128.121
32.965485,capture-turn,131.402802,131.661499,64,1,-909.053,1342.828,130.731,130.466
33.098324,capture-turn,132.839400,132.611801,65,1,-926.090,1346.037,130.731,132.829
33.229450,capture-turn,131.126098,131.177795,66,1,-943.058,1348.518,130.731,135.165
33.361404,capture-turn,131.953899,131.903900,67,1,-960.208,1350.311,130.731,137.515
33.493416,capture-turn,132.010501,132.147110,68,1,-977.449,1351.402,130.731,139.869
33.643612,capture-turn,150.197301,150.078796,69,1,-997.064,1351.808,130.731,142.542
33.790798,capture-turn,147.186700,147.370392,70,1,-1016.323,1351.326,130.731,145.167
33.938110,capture-turn,147.313800,147.042099,71,1,-1035.497,1349.964,130.731,147.786
34.067188,capture-turn,129.077401,129.293793,72,1,-1052.288,1348.032,130.731,150.089
34.198860,capture-turn,131.671999,131.450104,73,1,-1069.263,1345.359,130.731,152.431
34.328518,capture-sweep,129.658498,129.894302,74,1,-1085.916,1342.037,130.731,154.744
34.457268,capture-sweep,128.749602,128.517303,75,1,-1086.458,1341.924,0.000,161.612
34.581699,capture-sweep,124.432601,124.668198,76,0,-1086.458,1341.924,0.000,168.274
34.598244,capture-sweep,16.543798,16.666800,76,1,-1086.458,1341.924,0.000,169.165
34.726280,capture-sweep,128.035601,127.792511,77,1,-1086.458,1341.924,0.000,175.993
34.851475,capture-sweep,125.195801,125.341400,78,1,-1086.458,1341.924,0.000,182.691
34.993828,capture-sweep,142.352100,142.224304,79,1,-1086.458,1341.924,0.000,190.291
35.134708,capture-sweep,140.879698,141.072906,80,1,-1086.458,1341.924,0.000,197.830
35.259953,capture-sweep,125.242598,125.003799,81,1,-1086.458,1341.924,0.000,204.510
35.386005,capture-sweep,126.052100,126.256897,82,1,-1086.458,1341.924,0.000,211.257
35.523384,capture-sweep,137.379400,137.209702,83,1,-1086.458,1341.924,0.000,218.589
35.649475,capture-sweep,126.089603,126.272797,84,1,-1086.458,1341.924,0.000,225.337
35.794445,capture-sweep,144.971598,144.788101,85,1,-1086.458,1341.924,0.000,233.074
35.942917,capture-sweep,148.471899,148.656204,86,1,-1086.458,1341.924,0.000,241.018
36.071754,capture-sweep,128.838200,128.677795,87,1,-1086.458,1341.924,0.000,247.894
36.202820,capture-sweep,131.064601,131.219513,88,1,-1086.458,1341.924,0.000,254.906
36.334301,capture-sweep,131.482698,131.321396,89,1,-1086.458,1341.924,0.000,261.923
36.468784,capture-sweep,134.482101,134.604904,90,1,-1086.458,1341.924,0.000,269.116
36.625084,capture-sweep,156.298302,156.139893,91,1,-1086.458,1341.924,0.000,277.460
36.780449,capture-sweep,155.365597,155.453094,92,1,-1086.458,1341.924,0.000,285.767
36.937878,capture-sweep,157.429501,157.276306,93,1,-1086.458,1341.924,0.000,294.171
37.071472,capture-sweep,133.592699,133.763702,94,1,-1086.458,1341.924,0.000,301.319
37.211983,capture-sweep,140.509203,140.425293,95,1,-1086.458,1341.924,0.000,308.823
37.347622,capture-sweep,135.638598,135.805313,96,1,-1086.458,1341.924,0.000,316.081
37.484280,capture-sweep,136.658501,136.419891,97,1,-1086.458,1341.924,0.000,323.370
37.619045,capture-sweep,134.767398,135.032211,98,1,-1086.458,1341.924,0.000,330.586
37.757351,capture-sweep,138.304502,137.970001,99,1,-1086.458,1341.924,0.000,337.959
37.908867,capture-sweep,151.515100,151.844391,100,1,-1086.458,1341.924,0.000,346.073
38.062466,capture-sweep,153.599598,153.265396,101,1,-1086.458,1341.924,0.000,354.263
38.213486,capture-sweep,151.020803,151.300797,102,1,-1086.458,1341.924,0.000,2.348
38.360619,capture-sweep,147.133198,146.951797,103,1,-1086.458,1341.924,0.000,10.201
38.510757,capture-sweep,150.138002,150.269089,104,1,-1086.458,1341.924,0.000,18.231
38.659374,capture-sweep,148.617800,148.350204,105,1,-1086.458,1341.924,0.000,26.159
38.812531,capture-sweep,153.156899,153.453903,106,1,-1086.458,1341.924,0.000,34.359
38.956524,capture-sweep,143.991802,143.678986,107,1,-1086.458,1341.924,0.000,42.037
39.103046,capture-sweep,146.521199,146.779999,108,1,-1086.458,1341.924,0.000,49.880
39.244915,capture-sweep,141.867299,141.758392,109,1,-1086.458,1341.924,0.000,57.455
39.388206,capture-sweep,143.290799,143.447906,110,1,-1086.458,1341.924,0.000,65.121
39.533024,capture-sweep,144.816101,144.523590,111,1,-1086.458,1341.924,0.000,72.844
39.663052,capture-sweep,130.027700,130.350906,112,1,-1086.458,1341.924,0.000,79.810
39.807068,capture-sweep,144.016501,143.751099,113,1,-1086.458,1341.924,0.000,87.491
39.951340,capture-sweep,144.271400,144.547592,114,1,-1086.458,1341.924,0.000,95.216
40.080139,capture-sweep,128.798001,128.386307,115,1,-1086.458,1341.924,0.000,102.076
40.209042,capture-sweep,128.904101,129.298096,116,1,-1086.458,1341.924,0.000,108.986
