frame,seconds,pass,x,y,z,speed,yaw,view_yaw,left_toe_x,left_toe_y,left_toe_z,right_toe_x,right_toe_y,right_toe_z,walk_weight,gait_rate,left_hand_x,left_hand_y,left_hand_z,right_hand_x,right_hand_y,right_hand_z,walk_phase,gather_weight,gather_phase,gather_starts,forage_x,forage_y,water_weight,water_phase,water_starts,tool_visible,tool_x,tool_y,tool_z,can_pitch,water_stock,plot_moisture,tool_scale,tool_radius,plot_weeds,clear_weight,clear_phase,clear_starts,hatchet_visible,hatchet_pitch,hatchet_scale,hatchet_radius,hatchet_x,hatchet_y,hatchet_z,branch_stock,fiber_stock,resource_cleared,energy
0,0.1308,close-notes,-1000.000,0.000,88.150,0.000,0.000,15.000,-987.007,-7.889,3.238,-985.670,9.560,3.238,0.0000,0.0000,-992.659,-21.729,83.011,-995.313,21.663,83.011,0.0000,0.0000,0.0000,0,0.000,0.000,0.0000,0.0000,0,0,-995.313,21.663,83.011,0.000,0,-1.000000,1.000,28.924,-1.000000,0.0000,0.0000,0,0,0.000,1.000,19.607,-995.313,21.663,83.011,0,0,-1,99.997867
1,0.2675,close-notes,-1000.000,0.000,88.150,0.000,0.000,15.000,-987.007,-7.889,3.238,-985.670,9.560,3.238,0.0000,0.0000,-992.589,-21.721,83.022,-995.242,21.664,83.022,0.0000,0.0000,0.0000,0,0.000,0.000,0.0000,0.0000,0,0,-995.242,21.664,83.022,0.000,0,-1.000000,1.000,28.924,-1.000000,0.0000,0.0000,0,0,0.000,1.000,19.607,-995.242,21.664,83.022,0,0,-1,99.995680
2,0.4029,close-notes,-1000.000,0.000,88.150,0.000,0.000,15.000,-987.007,-7.889,3.238,-985.670,9.560,3.238,0.0000,0.0000,-992.589,-21.721,83.022,-995.242,21.664,83.022,0.0000,0.0000,0.0000,0,0.000,0.000,0.0000,0.0000,0,0,-995.242,21.664,83.022,0.000,0,-1.000000,1.000,28.924,-1.000000,0.0000,0.0000,0,0,0.000,1.000,19.607,-995.242,21.664,83.022,0,0,-1,99.993514
3,0.5381,close-notes,-1000.000,0.000,88.150,0.000,0.000,15.000,-987.007,-7.889,3.238,-985.670,9.560,3.238,0.0000,0.0000,-992.659,-21.728,83.014,-995.312,21.663,83.014,0.0000,0.0000,0.0000,0,0.000,0.000,0.0000,0.0000,0,0,-995.312,21.663,83.014,0.000,0,-1.000000,1.000,28.924,-1.000000,0.0000,0.0000,0,0,0.000,1.000,19.607,-995.312,21.663,83.014,0,0,-1,99.991350
4,0.6719,close-notes,-1000.000,0.000,88.150,0.000,0.000,15.000,-987.007,-7.889,3.238,-985.670,9.560,3.238,0.0000,0.0000,-992.730,-21.736,83.008,-995.384,21.661,83.008,0.0000,0.0000,0.0000,0,0.000,0.000,0.0000,0.0000,0,0,-995.384,21.661,83.008,0.000,0,-1.000000,1.000,28.924,-1.000000,0.0000,0.0000,0,0,0.000,1.000,19.607,-995.384,21.661,83.008,0,0,-1,99.989209
5,0.8067,close-notes,-1000.000,0.000,88.150,0.000,0.000,15.000,-987.007,-7.889,3.238,-985.670,9.560,3.238,0.0000,0.0000,-992.799,-21.743,82.991,-995.453,21.661,82.991,0.0000,0.0000,0.0000,0,0.000,0.000,0.0000,0.0000,0,0,-995.453,21.661,82.991,0.000,0,-1.000000,1.000,28.924,-1.000000,0.0000,0.0000,0,0,0.000,1.000,19.607,-995.453,21.661,82.991,0,0,-1,99.987053
6,0.9407,close-notes,-1000.000,0.000,88.150,0.000,0.000,15.000,-987.007,-7.889,3.238,-985.670,9.560,3.238,0.0000,0.0000,-992.894,-21.753,82.977,-995.549,21.659,82.977,0.0000,0.0000,0.0000,0,0.000,0.000,0.0000,0.0000,0,0,-995.549,21.659,82.977,0.000,0,-1.000000,1.000,28.924,-1.000000,0.0000,0.0000,0,0,0.000,1.000,19.607,-995.549,21.659,82.977,0,0,-1,99.984910
7,1.1939,idle,-1000.000,0.000,88.150,0.000,0.000,15.000,-987.007,-7.889,3.238,-985.670,9.560,3.238,0.0000,0.0000,-993.066,-21.771,82.953,-995.722,21.655,82.953,0.0000,0.0000,0.0000,0,0.000,0.000,0.0000,0.0000,0,0,-995.722,21.655,82.953,0.000,0,-1.000000,1.000,28.924,-1.000000,0.0000,0.0000,0,0,0.000,1.000,19.607,-995.722,21.655,82.953,0,0,-1,99.980857
8,1.3280,idle,-1000.000,0.000,88.150,0.000,0.000,15.000,-987.007,-7.889,3.238,-985.670,9.560,3.238,0.0000,0.0000,-993.126,-21.777,82.943,-995.782,21.654,82.943,0.0000,0.0000,0.0000,0,0.000,0.000,0.0000,0.0000,0,0,-995.782,21.654,82.943,0.000,0,-1.000000,1.000,28.924,-1.000000,0.0000,0.0000,0,0,0.000,1.000,19.607,-995.782,21.654,82.943,0,0,-1,99.978714
9,1.4636,idle,-1000.000,0.000,88.150,0.000,0.000,15.000,-987.007,-7.889,3.238,-985.670,9.560,3.238,0.0000,0.0000,-993.146,-21.778,82.935,-995.803,21.653,82.935,0.0000,0.0000,0.0000,0,0.000,0.000,0.0000,0.0000,0,0,-995.803,21.653,82.935,0.000,0,-1.000000,1.000,28.924,-1.000000,0.0000,0.0000,0,0,0.000,1.000,19.607,-995.803,21.653,82.935,0,0,-1,99.976542
10,1.5977,idle,-1000.000,0.000,88.150,0.000,0.000,15.000,-987.007,-7.889,3.238,-985.670,9.560,3.238,0.0000,0.0000,-993.246,-21.789,82.929,-995.903,21.652,82.929,0.0000,0.0000,0.0000,0,0.000,0.000,0.0000,0.0000,0,0,-995.903,21.652,82.929,0.000,0,-1.000000,1.000,28.924,-1.000000,0.0000,0.0000,0,0,0.000,1.000,19.607,-995.903,21.652,82.929,0,0,-1,99.974397
11,1.7324,idle,-1000.000,0.000,88.150,0.000,0.000,15.000,-987.007,-7.889,3.238,-985.670,9.560,3.238,0.0000,0.0000,-993.246,-21.789,82.929,-995.903,21.652,82.929,0.0000,0.0000,0.0000,0,0.000,0.000,0.0000,0.0000,0,0,-995.903,21.652,82.929,0.000,0,-1.000000,1.000,28.924,-1.000000,0.0000,0.0000,0,0,0.000,1.000,19.607,-995.903,21.652,82.929,0,0,-1,99.972242
12,1.8671,idle,-1000.000,0.000,88.150,0.000,0.000,15.000,-987.007,-7.889,3.238,-985.670,9.560,3.238,0.0000,0.0000,-993.263,-21.791,82.927,-995.921,21.651,82.927,0.0000,0.0000,0.0000,0,0.000,0.000,0.0000,0.0000,0,0,-995.921,21.651,82.927,0.000,0,-1.000000,1.000,28.924,-1.000000,0.0000,0.0000,0,0,0.000,1.000,19.607,-995.921,21.651,82.927,0,0,-1,99.970087
13,2.0015,idle,-1000.000,0.000,88.150,0.000,0.000,15.000,-987.007,-7.889,3.238,-985.670,9.560,3.238,0.0000,0.0000,-993.263,-21.791,82.927,-995.921,21.651,82.927,0.0000,0.0000,0.0000,0,0.000,0.000,0.0000,0.0000,0,0,-995.921,21.651,82.927,0.000,0,-1.000000,1.000,28.924,-1.000000,0.0000,0.0000,0,0,0.000,1.000,19.607,-995.921,21.651,82.927,0,0,-1,99.967936
14,2.1368,idle,-1000.000,0.000,88.150,0.000,0.000,15.000,-987.007,-7.889,3.238,-985.670,9.560,3.238,0.0000,0.0000,-993.166,-21.781,82.940,-995.822,21.653,82.940,0.0000,0.0000,0.0000,0,0.000,0.000,0.0000,0.0000,0,0,-995.822,21.653,82.940,0.000,0,-1.000000,1.000,28.924,-1.000000,0.0000,0.0000,0,0,0.000,1.000,19.607,-995.822,21.653,82.940,0,0,-1,99.965771
15,2.2729,idle,-1000.000,0.000,88.150,0.000,0.000,15.000,-987.007,-7.889,3.238,-985.670,9.560,3.238,0.0000,0.0000,-993.078,-21.772,82.952,-995.733,21.655,82.952,0.0000,0.0000,0.0000,0,0.000,0.000,0.0000,0.0000,0,0,-995.733,21.655,82.952,0.000,0,-1.000000,1.000,28.924,-1.000000,0.0000,0.0000,0,0,0.000,1.000,19.607,-995.733,21.655,82.952,0,0,-1,99.963593
16,2.4095,idle,-1000.000,0.000,88.150,0.000,0.000,15.000,-987.007,-7.889,3.238,-985.670,9.560,3.238,0.0000,0.0000,-992.993,-21.763,82.963,-995.648,21.657,82.963,0.0000,0.0000,0.0000,0,0.000,0.000,0.0000,0.0000,0,0,-995.648,21.657,82.963,0.000,0,-1.000000,1.000,28.924,-1.000000,0.0000,0.0000,0,0,0.000,1.000,19.607,-995.648,21.657,82.963,0,0,-1,99.961408
17,2.5441,idle,-1000.000,0.000,88.150,0.000,0.000,15.000,-987.007,-7.889,3.238,-985.670,9.560,3.238,0.0000,0.0000,-992.895,-21.753,82.977,-995.550,21.659,82.977,0.0000,0.0000,0.0000,0,0.000,0.000,0.0000,0.0000,0,0,-995.550,21.659,82.977,0.000,0,-1.000000,1.000,28.924,-1.000000,0.0000,0.0000,0,0,0.000,1.000,19.607,-995.550,21.659,82.977,0,0,-1,99.959254
18,2.6804,idle,-1000.000,0.000,88.150,0.000,0.000,15.000,-987.007,-7.889,3.238,-985.670,9.560,3.238,0.0000,0.0000,-992.803,-21.744,82.990,-995.457,21.660,82.990,0.0000,0.0000,0.0000,0,0.000,0.000,0.0000,0.0000,0,0,-995.457,21.660,82.990,0.000,0,-1.000000,1.000,28.924,-1.000000,0.0000,0.0000,0,0,0.000,1.000,19.607,-995.457,21.660,82.990,0,0,-1,99.957073
19,2.8156,idle,-1000.000,0.000,88.150,0.000,0.000,15.000,-987.007,-7.889,3.238,-985.670,9.560,3.238,0.0000,0.0000,-992.721,-21.735,83.002,-995.375,21.662,83.002,0.0000,0.0000,0.0000,0,0.000,0.000,0.0000,0.0000,0,0,-995.375,21.662,83.002,0.000,0,-1.000000,1.000,28.924,-1.000000,0.0000,0.0000,0,0,0.000,1.000,19.607,-995.375,21.662,83.002,0,0,-1,99.954910
20,2.9419,idle,-1000.000,0.000,88.150,0.000,0.000,15.000,-987.007,-7.889,3.238,-985.670,9.560,3.238,0.0000,0.0000,-992.659,-21.729,83.011,-995.313,21.663,83.011,0.0000,0.0000,0.0000,0,0.000,0.000,0.0000,0.0000,0,0,-995.313,21.663,83.011,0.000,0,-1.000000,1.000,28.924,-1.000000,0.0000,0.0000,0,0,0.000,1.000,19.607,-995.313,21.663,83.011,0,0,-1,99.952893
21,3.0788,idle,-1000.000,0.000,88.150,0.000,0.000,15.000,-987.007,-7.889,3.238,-985.670,9.560,3.238,0.0000,0.0000,-992.659,-21.729,83.011,-995.313,21.663,83.011,0.0000,0.0000,0.0000,0,0.000,0.000,0.0000,0.0000,0,0,-995.313,21.663,83.011,0.000,0,-1.000000,1.000,28.924,-1.000000,0.0000,0.0000,0,0,0.000,1.000,19.607,-995.313,21.663,83.011,0,0,-1,99.950699
22,3.2050,idle,-1000.000,0.000,88.150,0.000,0.000,15.000,-987.007,-7.889,3.238,-985.670,9.560,3.238,0.0000,0.0000,-992.589,-21.721,83.022,-995.242,21.664,83.022,0.0000,0.0000,0.0000,0,0.000,0.000,0.0000,0.0000,0,0,-995.242,21.664,83.022,0.000,0,-1.000000,1.000,28.924,-1.000000,0.0000,0.0000,0,0,0.000,1.000,19.607,-995.242,21.664,83.022,0,0,-1,99.948683
23,3.3321,idle,-1000.000,0.000,88.150,0.000,0.000,15.000,-987.007,-7.889,3.238,-985.670,9.560,3.238,0.0000,0.0000,-992.589,-21.721,83.022,-995.242,21.664,83.022,0.0000,0.0000,0.0000,0,0.000,0.000,0.0000,0.0000,0,0,-995.242,21.664,83.022,0.000,0,-1.000000,1.000,28.924,-1.000000,0.0000,0.0000,0,0,0.000,1.000,19.607,-995.242,21.664,83.022,0,0,-1,99.946647
24,3.4585,idle,-1000.000,0.000,88.150,0.000,0.000,15.000,-987.007,-7.889,3.238,-985.670,9.560,3.238,0.0000,0.0000,-992.611,-21.724,83.018,-995.265,21.664,83.018,0.0000,0.0000,0.0000,0,0.000,0.000,0.0000,0.0000,0,0,-995.265,21.664,83.018,0.000,0,-1.000000,1.000,28.924,-1.000000,0.0000,0.0000,0,0,0.000,1.000,19.607,-995.265,21.664,83.018,0,0,-1,99.944629
25,3.5859,idle,-1000.000,0.000,88.150,0.000,0.000,15.000,-987.007,-7.889,3.238,-985.670,9.560,3.238,0.0000,0.0000,-992.684,-21.731,83.011,-995.338,21.662,83.012,0.0000,0.0000,0.0000,0,0.000,0.000,0.0000,0.0000,0,0,-995.338,21.662,83.012,0.000,0,-1.000000,1.000,28.924,-1.000000,0.0000,0.0000,0,0,0.000,1.000,19.607,-995.338,21.662,83.012,0,0,-1,99.942586
26,3.7152,idle,-1000.000,0.000,88.150,0.000,0.000,15.000,-987.007,-7.889,3.238,-985.670,9.560,3.238,0.0000,0.0000,-992.750,-21.738,83.005,-995.404,21.661,83.005,0.0000,0.0000,0.0000,0,0.000,0.000,0.0000,0.0000,0,0,-995.404,21.661,83.005,0.000,0,-1.000000,1.000,28.924,-1.000000,0.0000,0.0000,0,0,0.000,1.000,19.607,-995.404,21.661,83.005,0,0,-1,99.940520
27,3.8415,idle,-1000.000,0.000,88.150,0.000,0.000,15.000,-987.007,-7.889,3.238,-985.670,9.560,3.238,0.0000,0.0000,-992.824,-21.746,82.987,-995.478,21.660,82.987,0.0000,0.0000,0.0000,0,0.000,0.000,0.0000,0.0000,0,0,-995.478,21.660,82.987,0.000,0,-1.000000,1.000,28.924,-1.000000,0.0000,0.0000,0,0,0.000,1.000,19.607,-995.478,21.660,82.987,0,0,-1,99.938497
28,3.9683,idle,-1000.000,0.000,88.150,0.000,0.000,15.000,-987.007,-7.889,3.238,-985.670,9.560,3.238,0.0000,0.0000,-992.913,-21.755,82.974,-995.568,21.658,82.974,0.0000,0.0000,0.0000,0,0.000,0.000,0.0000,0.0000,0,0,-995.568,21.658,82.974,0.000,0,-1.000000,1.000,28.924,-1.000000,0.0000,0.0000,0,0,0.000,1.000,19.607,-995.568,21.658,82.974,0,0,-1,99.936471
29,4.2259,slow-walk,-998.028,0.528,88.150,30.625,15.000,15.000,-966.973,1.674,1.770,-1004.181,7.656,1.626,0.5833,0.2552,-986.448,-18.814,79.399,-998.700,22.959,79.540,0.0170,0.0000,0.0000,0,0.000,0.000,0.0000,0.0000,0,0,-998.700,22.959,79.540,0.000,0,-1.000000,1.000,28.924,-1.000000,0.0000,0.0000,0,0,0.000,1.000,19.607,-998.700,22.959,79.540,0,0,-1,99.932349
30,4.3522,slow-walk,-991.570,2.259,88.150,63.828,15.000,15.000,-956.966,4.775,3.316,-1005.498,6.817,5.503,1.0000,0.5319,-985.384,-19.148,77.577,-986.796,26.132,78.647,0.0843,0.0000,0.0000,0,0.000,0.000,0.0000,0.0000,0,0,-986.796,26.132,78.647,0.000,0,-1.000000,1.000,28.924,-1.000000,0.0000,0.0000,0,0,0.000,1.000,19.607,-986.796,26.132,78.647,0,0,-1,99.930325
31,4.4894,slow-walk,-982.645,4.650,88.150,67.500,15.000,15.000,-956.709,4.140,3.228,-986.917,12.335,9.338,1.0000,0.5625,-980.549,-18.557,79.096,-973.821,29.192,80.802,0.1613,0.0000,0.0000,0,0.000,0.000,0.0000,0.0000,0,0,-973.821,29.192,80.802,0.000,0,-1.000000,1.000,28.924,-1.000000,0.0000,0.0000,0,0,0.000,1.000,19.607,-973.821,29.192,80.802,0,0,-1,99.928135
32,4.6274,slow-walk,-973.638,7.064,88.150,67.500,15.000,15.000,-956.628,3.605,3.255,-965.349,18.947,11.691,1.0000,0.5625,-973.257,-16.839,80.125,-963.230,31.903,82.043,0.2390,0.0000,0.0000,0,0.000,0.000,0.0000,0.0000,0,0,-963.230,31.903,82.043,0.000,0,-1.000000,1.000,28.924,-1.000000,0.0000,0.0000,0,0,0.000,1.000,19.607,-963.230,31.903,82.043,0,0,-1,99.925925
33,4.7630,slow-walk,-964.788,9.435,88.150,67.500,15.000,15.000,-956.469,3.112,3.273,-943.618,25.728,10.439,1.0000,0.5625,-963.424,-14.021,79.574,-955.215,34.186,81.403,0.3153,0.0000,0.0000,0,0.000,0.000,0.0000,0.0000,0,0,-955.215,34.186,81.403,0.000,0,-1.000000,1.000,28.924,-1.000000,0.0000,0.0000,0,0,0.000,1.000,19.607,-955.215,34.186,81.403,0,0,-1,99.923753
34,4.9008,slow-walk,-955.801,11.843,88.150,67.500,15.000,15.000,-956.356,2.593,3.150,-923.923,31.730,6.434,1.0000,0.5625,-951.013,-10.145,77.860,-949.643,36.001,79.173,0.3929,0.0000,0.0000,0,0.000,0.000,0.0000,0.0000,0,0,-949.643,36.001,79.173,0.000,0,-1.000000,1.000,28.924,-1.000000,0.0000,0.0000,0,0,0.000,1.000,19.607,-949.643,36.001,79.173,0,0,-1,99.921547
35,5.0375,slow-walk,-946.893,14.230,88.150,67.500,15.000,15.000,-956.083,1.853,3.125,-908.815,35.932,3.449,1.0000,0.5625,-936.748,-5.716,76.823,-945.880,37.072,77.251,0.4697,0.0000,0.0000,0,0.000,0.000,0.0000,0.0000,0,0,-945.880,37.072,77.251,0.000,0,-1.000000,1.000,28.924,-1.000000,0.0000,0.0000,0,0,0.000,1.000,19.607,-945.880,37.072,77.251,0,0,-1,99.919362
36,5.1763,slow-walk,-937.841,16.655,88.150,67.500,15.000,15.000,-949.116,3.709,3.796,-904.591,36.836,3.017,1.0000,0.5625,-922.072,-0.654,77.465,-943.093,38.154,76.805,0.5478,0.0000,0.0000,0,0.000,0.000,0.0000,0.0000,0,0,-943.093,38.154,76.805,0.000,0,-1.000000,1.000,28.924,-1.000000,0.0000,0.0000,0,0,0.000,1.000,19.607,-943.093,38.154,76.805,0,0,-1,99.917140
37,5.3144,slow-walk,-928.835,19.069,88.150,67.500,15.000,15.000,-932.581,8.809,7.476,-904.396,36.541,3.242,1.0000,0.5625,-908.550,4.132,79.854,-939.415,39.433,78.325,0.6255,0.0000,0.0000,0,0.000,0.000,0.0000,0.0000,0,0,-939.415,39.433,78.325,0.000,0,-1.000000,1.000,28.924,-1.000000,0.0000,0.0000,0,0,0.000,1.000,19.607,-939.415,39.433,78.325,0,0,-1,99.914930
38,5.4522,slow-walk,-919.846,21.477,88.150,67.500,15.000,15.000,-912.024,15.009,11.219,-904.329,35.858,3.458,1.0000,0.5625,-897.055,7.723,81.977,-933.470,40.977,80.016,0.7031,0.0000,0.0000,0,0.000,0.000,0.0000,0.0000,0,0,-933.470,40.977,80.016,0.000,0,-1.000000,1.000,28.924,-1.000000,0.0000,0.0000,0,0,0.000,1.000,19.607,-933.470,40.977,80.016,0,0,-1,99.912724
39,5.5906,slow-walk,-910.829,23.893,88.150,67.500,15.000,15.000,-889.922,21.779,11.497,-904.071,35.326,3.325,1.0000,0.5625,-887.776,10.242,82.080,-924.761,43.272,80.080,0.7809,0.0000,0.0000,0,0.000,0.000,0.0000,0.0000,0,0,-924.761,43.272,80.080,0.000,0,-1.000000,1.000,28.924,-1.000000,0.0000,0.0000,0,0,0.000,1.000,19.607,-924.761,43.272,80.080,0,0,-1,99.910512
40,5.7282,slow-walk,-901.854,26.298,88.150,67.500,15.000,15.000,-868.771,28.124,8.514,-903.961,34.640,3.389,1.0000,0.5625,-880.830,11.489,80.471,-913.266,46.214,78.857,0.8583,0.0000,0.0000,0,0.000,0.000,0.0000,0.0000,0,0,-913.266,46.214,78.857,0.000,0,-1.000000,1.000,28.924,-1.000000,0.0000,0.0000,0,0,0.000,1.000,19.607,-913.266,46.214,78.857,0,0,-1,99.908309
41,5.8641,slow-walk,-892.991,28.673,88.150,67.500,15.000,15.000,-851.411,33.426,4.253,-903.808,34.208,2.852,1.0000,0.5625,-875.969,12.017,77.758,-899.544,49.918,76.842,0.9348,0.0000,0.0000,0,0.000,0.000,0.0000,0.0000,0,0,-899.544,49.918,76.842,0.000,0,-1.000000,1.000,28.924,-1.000000,0.0000,0.0000,0,0,0.000,1.000,19.607,-899.544,49.918,76.842,0,0,-1,99.906134
42,6.0012,slow-walk,-884.057,31.067,88.150,67.500,15.000,15.000,-841.215,36.220,3.195,-902.147,34.125,3.273,1.0000,0.5625,-872.593,11.844,76.897,-884.569,53.700,77.067,0.0118,0.0000,0.0000,0,0.000,0.000,0.0000,0.0000,0,0,-884.569,53.700,77.067,0.000,0,-1.000000,1.000,28.924,-1.000000,0.0000,0.0000,0,0,0.000,1.000,19.607,-884.569,53.700,77.067,0,0,-1,99.903942
43,6.1369,slow-walk,-875.210,33.437,88.150,67.500,15.000,15.000,-841.045,35.789,3.286,-888.718,38.118,5.652,1.0000,0.5625,-869.259,11.912,77.635,-870.198,57.344,78.743,0.0882,0.0000,0.0000,0,0.000,0.000,0.0000,0.0000,0,0,-870.198,57.344,78.743,0.000,0,-1.000000,1.000,28.924,-1.000000,0.0000,0.0000,0,0,0.000,1.000,19.607,-870.198,57.344,78.743,0,0,-1,99.901771
44,6.2740,slow-walk,-866.268,35.833,88.150,67.500,15.000,15.000,-840.749,35.186,3.186,-869.979,43.716,9.499,1.0000,0.5625,-864.363,12.569,79.130,-857.292,60.416,80.850,0.1653,0.0000,0.0000,0,0.000,0.000,0.0000,0.0000,0,0,-857.292,60.416,80.850,0.000,0,-1.000000,1.000,28.924,-1.000000,0.0000,0.0000,0,0,0.000,1.000,19.607,-857.292,60.416,80.850,0,0,-1,99.899576
45,6.4105,slow-walk,-857.367,38.218,88.150,67.500,15.000,15.000,-840.694,34.640,3.252,-848.526,50.292,11.701,1.0000,0.5625,-857.021,14.308,80.132,-846.944,63.061,82.049,0.2421,0.0000,0.0000,0,0.000,0.000,0.0000,0.0000,0,0,-846.944,63.061,82.049,0.000,0,-1.000000,1.000,28.924,-1.000000,0.0000,0.0000,0,0,0.000,1.000,19.607,-846.944,63.061,82.049,0,0,-1,99.897392
46,6.5477,slow-walk,-848.424,40.615,88.150,67.500,15.000,15.000,-840.551,34.140,3.276,-826.651,57.107,10.277,1.0000,0.5625,-846.933,17.207,79.511,-838.963,65.345,81.326,0.3193,0.0000,0.0000,0,0.000,0.000,0.0000,0.0000,0,0,-838.963,65.345,81.326,0.000,0,-1.000000,1.000,28.924,-1.000000,0.0000,0.0000,0,0,0.000,1.000,19.607,-838.963,65.345,81.326,0,0,-1,99.895197
47,6.6847,slow-walk,-839.487,43.009,88.150,67.500,15.000,15.000,-840.491,33.738,3.083,-807.240,63.158,6.186,1.0000,0.5625,-834.536,21.219,77.714,-833.567,67.240,78.995,0.3964,0.0000,0.0000,0,0.000,0.000,0.0000,0.0000,0,0,-833.567,67.240,78.995,0.000,0,-1.000000,1.000,28.924,-1.000000,0.0000,0.0000,0,0,0.000,1.000,19.607,-833.567,67.240,78.995,0,0,-1,99.893004
48,6.8211,slow-walk,-830.601,45.390,88.150,67.500,15.000,15.000,-840.177,32.865,3.142,-792.426,67.106,3.398,1.0000,0.5625,-820.200,25.529,76.833,-829.842,68.154,77.214,0.4730,0.0000,0.0000,0,0.000,0.000,0.0000,0.0000,0,0,-829.842,68.154,77.214,0.000,0,-1.000000,1.000,28.924,-1.000000,0.0000,0.0000,0,0,0.000,1.000,19.607,-829.842,68.154,77.214,0,0,-1,99.890824
49,6.9587,slow-walk,-821.632,47.793,88.150,67.500,15.000,15.000,-832.774,34.879,3.871,-788.660,67.863,3.020,1.0000,0.5625,-805.693,30.542,77.512,-827.081,69.225,76.820,0.5504,0.0000,0.0000,0,0.000,0.000,0.0000,0.0000,0,0,-827.081,69.225,76.820,0.000,0,-1.000000,1.000,28.924,-1.000000,0.0000,0.0000,0,0,0.000,1.000,19.607,-827.081,69.225,76.820,0,0,-1,99.888623
50,7.0971,slow-walk,-812.601,50.213,88.150,67.500,15.000,15.000,-815.968,40.057,7.578,-788.477,67.567,3.204,1.0000,0.5625,-792.174,35.334,79.901,-823.323,70.532,78.343,0.6283,0.0000,0.0000,0,0.000,0.000,0.0000,0.0000,0,0,-823.323,70.532,78.343,0.000,0,-1.000000,1.000,28.924,-1.000000,0.0000,0.0000,0,0,0.000,1.000,19.607,-823.323,70.532,78.343,0,0,-1,99.886407
51,7.2345,slow-walk,-803.641,52.614,88.150,67.500,15.000,15.000,-795.379,46.284,11.260,-788.393,66.905,3.438,1.0000,0.5625,-780.806,38.878,81.995,-817.317,72.093,80.027,0.7056,0.0000,0.0000,0,0.000,0.000,0.0000,0.0000,0,0,-817.317,72.093,80.027,0.000,0,-1.000000,1.000,28.924,-1.000000,0.0000,0.0000,0,0,0.000,1.000,19.607,-817.317,72.093,80.027,0,0,-1,99.884208
52,7.3719,slow-walk,-794.691,55.012,88.150,67.500,15.000,15.000,-773.456,53.010,11.479,-788.149,66.375,3.334,1.0000,0.5625,-771.655,41.355,82.073,-808.600,74.399,80.075,0.7828,0.0000,0.0000,0,0.000,0.000,0.0000,0.0000,0,0,-808.600,74.399,80.075,0.000,0,-1.000000,1.000,28.924,-1.000000,0.0000,0.0000,0,0,0.000,1.000,19.607,-808.600,74.399,80.075,0,0,-1,99.882011
53,7.5096,slow-walk,-785.704,57.420,88.150,67.500,15.000,15.000,-752.347,59.352,8.435,-788.046,65.696,3.420,1.0000,0.5625,-764.766,42.579,80.443,-797.015,77.372,78.842,0.8604,0.0000,0.0000,0,0.000,0.000,0.0000,0.0000,0,0,-797.015,77.372,78.842,0.000,0,-1.000000,1.000,28.924,-1.000000,0.0000,0.0000,0,0,0.000,1.000,19.607,-797.015,77.372,78.842,0,0,-1,99.879806
54,7.6495,slow-walk,-776.582,59.865,88.150,67.500,15.000,15.000,-734.715,64.750,4.128,-787.880,65.269,2.889,1.0000,0.5625,-759.855,43.101,77.695,-782.822,81.216,76.834,0.9391,0.0000,0.0000,0,0.000,0.000,0.0000,0.0000,0,0,-782.822,81.216,76.834,0.000,0,-1.000000,1.000,28.924,-1.000000,0.0000,0.0000,0,0,0.000,1.000,19.607,-782.822,81.216,76.834,0,0,-1,99.877568
55,7.7864,slow-walk,-767.659,62.256,88.150,67.500,15.000,15.000,-725.293,67.233,3.213,-785.713,65.306,3.289,1.0000,0.5625,-756.527,42.877,76.874,-767.820,84.956,77.107,0.0160,0.0000,0.0000,0,0.000,0.000,0.0000,0.0000,0,0,-767.820,84.956,77.107,0.000,0,-1.000000,1.000,28.924,-1.000000,0.0000,0.0000,0,0,0.000,1.000,19.607,-767.820,84.956,77.107,0,0,-1,99.875378
56,7.9251,slow-walk,-758.622,64.677,88.150,67.500,15.000,15.000,-725.120,66.780,3.248,-771.497,69.541,5.893,1.0000,0.5625,-753.026,42.974,77.723,-753.252,88.632,78.891,0.0940,0.0000,0.0000,0,0.000,0.000,0.0000,0.0000,0,0,-753.252,88.632,78.891,0.000,0,-1.000000,1.000,28.924,-1.000000,0.0000,0.0000,0,0,0.000,1.000,19.607,-753.252,88.632,78.891,0,0,-1,99.873160
57,8.0647,slow-walk,-749.514,67.118,88.150,67.500,15.000,15.000,-724.822,66.184,3.145,-752.079,75.379,9.736,1.0000,0.5625,-747.844,43.750,79.235,-740.321,91.733,80.982,0.1726,0.0000,0.0000,0,0.000,0.000,0.0000,0.0000,0,0,-740.321,91.733,80.982,0.000,0,-1.000000,1.000,28.924,-1.000000,0.0000,0.0000,0,0,0.000,1.000,19.607,-740.321,91.733,80.982,0,0,-1,99.870925
58,8.3184,stop-from-slow-walk,-739.859,69.705,88.150,0.000,15.000,15.000,-724.996,65.521,3.023,-728.441,82.721,6.043,0.4857,0.0000,-733.307,47.980,81.130,-735.518,93.325,82.114,0.2559,0.0000,0.0000,0,0.000,0.000,0.0000,0.0000,0,0,-735.518,93.325,82.114,0.000,0,-1.000000,1.000,28.924,-1.000000,0.0000,0.0000,0,0,0.000,1.000,19.607,-735.518,93.325,82.114,0,0,-1,99.866866
59,8.4576,stop-from-slow-walk,-739.859,69.705,88.150,0.000,15.000,15.000,-725.267,65.447,3.238,-728.492,82.648,3.238,0.0000,0.0000,-727.425,50.509,82.968,-741.227,91.760,82.968,0.2559,0.0000,0.0000,0,0.000,0.000,0.0000,0.0000,0,0,-741.227,91.760,82.968,0.000,0,-1.000000,1.000,28.924,-1.000000,0.0000,0.0000,0,0,0.000,1.000,19.607,-741.227,91.760,82.968,0,0,-1,99.864639
60,8.5958,stop-from-slow-walk,-739.859,69.705,88.150,0.000,15.000,15.000,-725.267,65.447,3.238,-728.492,82.648,3.238,0.0000,0.0000,-727.331,50.545,82.982,-741.130,91.787,82.982,0.2559,0.0000,0.0000,0,0.000,0.000,0.0000,0.0000,0,0,-741.130,91.787,82.982,0.000,0,-1.000000,1.000,28.924,-1.000000,0.0000,0.0000,0,0,0.000,1.000,19.607,-741.130,91.787,82.982,0,0,-1,99.862428
61,8.7326,stop-from-slow-walk,-739.859,69.705,88.150,0.000,15.000,15.000,-725.267,65.447,3.238,-728.492,82.648,3.238,0.0000,0.0000,-727.250,50.576,82.995,-741.047,91.812,82.995,0.2559,0.0000,0.0000,0,0.000,0.000,0.0000,0.0000,0,0,-741.047,91.812,82.995,0.000,0,-1.000000,1.000,28.924,-1.000000,0.0000,0.0000,0,0,0.000,1.000,19.607,-741.047,91.812,82.995,0,0,-1,99.860239
62,8.8691,stop-from-slow-walk,-739.859,69.705,88.150,0.000,15.000,15.000,-725.267,65.447,3.238,-728.492,82.648,3.238,0.0000,0.0000,-727.173,50.605,83.007,-740.967,91.834,83.007,0.2559,0.0000,0.0000,0,0.000,0.000,0.0000,0.0000,0,0,-740.967,91.834,83.007,0.000,0,-1.000000,1.000,28.924,-1.000000,0.0000,0.0000,0,0,0.000,1.000,19.607,-740.967,91.834,83.007,0,0,-1,99.858054
63,9.0073,stop-from-slow-walk,-739.859,69.705,88.150,0.000,15.000,15.000,-725.267,65.447,3.238,-728.492,82.648,3.238,0.0000,0.0000,-727.144,50.616,83.011,-740.939,91.842,83.011,0.2559,0.0000,0.0000,0,0.000,0.000,0.0000,0.0000,0,0,-740.939,91.842,83.011,0.000,0,-1.000000,1.000,28.924,-1.000000,0.0000,0.0000,0,0,0.000,1.000,19.607,-740.939,91.842,83.011,0,0,-1,99.855842
64,9.1446,stop-from-slow-walk,-739.859,69.705,88.150,0.000,15.000,15.000,-725.267,65.447,3.238,-728.492,82.648,3.238,0.0000,0.0000,-727.144,50.616,83.011,-740.939,91.842,83.011,0.2559,0.0000,0.0000,0,0.000,0.000,0.0000,0.0000,0,0,-740.939,91.842,83.011,0.000,0,-1.000000,1.000,28.924,-1.000000,0.0000,0.0000,0,0,0.000,1.000,19.607,-740.939,91.842,83.011,0,0,-1,99.853646
65,9.2819,stop-from-slow-walk,-739.859,69.705,88.150,0.000,15.000,15.000,-725.267,65.447,3.238,-728.492,82.648,3.238,0.0000,0.0000,-727.078,50.642,83.022,-740.870,91.862,83.022,0.2559,0.0000,0.0000,0,0.000,0.000,0.0000,0.0000,0,0,-740.870,91.862,83.022,0.000,0,-1.000000,1.000,28.924,-1.000000,0.0000,0.0000,0,0,0.000,1.000,19.607,-740.870,91.862,83.022,0,0,-1,99.851450
66,9.4231,stop-from-slow-walk,-739.859,69.705,88.150,0.000,15.000,15.000,-725.267,65.447,3.238,-728.492,82.648,3.238,0.0000,0.0000,-727.078,50.642,83.022,-740.870,91.862,83.022,0.2559,0.0000,0.0000,0,0.000,0.000,0.0000,0.0000,0,0,-740.870,91.862,83.022,0.000,0,-1.000000,1.000,28.924,-1.000000,0.0000,0.0000,0,0,0.000,1.000,19.607,-740.870,91.862,83.022,0,0,-1,99.849192
67,9.5512,stop-from-slow-walk,-739.859,69.705,88.150,0.000,15.000,15.000,-725.267,65.447,3.238,-728.492,82.648,3.238,0.0000,0.0000,-727.151,50.614,83.013,-740.945,91.841,83.013,0.2559,0.0000,0.0000,0,0.000,0.000,0.0000,0.0000,0,0,-740.945,91.841,83.013,0.000,0,-1.000000,1.000,28.924,-1.000000,0.0000,0.0000,0,0,0.000,1.000,19.607,-740.945,91.841,83.013,0,0,-1,99.847141
68,9.6807,stop-from-slow-walk,-739.859,69.705,88.150,0.000,15.000,15.000,-725.267,65.447,3.238,-728.492,82.648,3.238,0.0000,0.0000,-727.215,50.590,83.007,-741.011,91.821,83.007,0.2559,0.0000,0.0000,0,0.000,0.000,0.0000,0.0000,0,0,-741.011,91.821,83.007,0.000,0,-1.000000,1.000,28.924,-1.000000,0.0000,0.0000,0,0,0.000,1.000,19.607,-741.011,91.821,83.007,0,0,-1,99.845073
69,9.8091,stop-from-slow-walk,-739.859,69.705,88.150,0.000,15.000,15.000,-725.267,65.447,3.238,-728.492,82.648,3.238,0.0000,0.0000,-727.277,50.565,82.991,-741.075,91.803,82.991,0.2559,0.0000,0.0000,0,0.000,0.000,0.0000,0.0000,0,0,-741.075,91.803,82.991,0.000,0,-1.000000,1.000,28.924,-1.000000,0.0000,0.0000,0,0,0.000,1.000,19.607,-741.075,91.803,82.991,0,0,-1,99.843014
70,9.9370,stop-from-slow-walk,-739.859,69.705,88.150,0.000,15.000,15.000,-725.267,65.447,3.238,-728.492,82.648,3.238,0.0000,0.0000,-727.362,50.533,82.978,-741.162,91.778,82.978,0.2559,0.0000,0.0000,0,0.000,0.000,0.0000,0.0000,0,0,-741.162,91.778,82.978,0.000,0,-1.000000,1.000,28.924,-1.000000,0.0000,0.0000,0,0,0.000,1.000,19.607,-741.162,91.778,82.978,0,0,-1,99.840974
71,10.0662,stop-from-slow-walk,-739.859,69.705,88.150,0.000,15.000,15.000,-725.267,65.447,3.238,-728.492,82.648,3.238,0.0000,0.0000,-727.442,50.502,82.966,-741.244,91.755,82.966,0.2559,0.0000,0.0000,0,0.000,0.000,0.0000,0.0000,0,0,-741.244,91.755,82.966,0.000,0,-1.000000,1.000,28.924,-1.000000,0.0000,0.0000,0,0,0.000,1.000,19.607,-741.244,91.755,82.966,0,0,-1,99.838900
72,10.1979,stop-from-slow-walk,-739.859,69.705,88.150,0.000,15.000,15.000,-725.267,65.447,3.238,-728.492,82.648,3.238,0.0000,0.0000,-727.529,50.469,82.953,-741.334,91.729,82.953,0.2559,0.0000,0.0000,0,0.000,0.000,0.0000,0.0000,0,0,-741.334,91.729,82.953,0.000,0,-1.000000,1.000,28.924,-1.000000,0.0000,0.0000,0,0,0.000,1.000,19.607,-741.334,91.729,82.953,0,0,-1,99.836801
73,10.3293,full-walk,-739.859,69.705,88.150,0.000,15.000,15.000,-725.267,65.447,3.238,-728.492,82.648,3.238,0.0000,0.0000,-727.583,50.449,82.943,-741.390,91.712,82.943,0.2559,0.0000,0.0000,0,0.000,0.000,0.0000,0.0000,0,0,-741.390,91.712,82.943,0.000,0,-1.000000,1.000,28.924,-1.000000,0.0000,0.0000,0,0,0.000,1.000,19.607,-741.390,91.712,82.943,0,0,-1,99.834694
74,10.4566,full-walk,-732.566,71.659,88.150,88.856,15.000,15.000,-724.562,65.139,2.991,-710.988,88.039,5.913,0.6347,0.7405,-726.381,49.845,80.237,-727.756,95.330,81.291,0.3499,0.0000,0.0000,0,0.000,0.000,0.0000,0.0000,0,0,-727.756,95.330,81.291,0.000,0,-1.000000,1.000,28.924,-1.000000,0.0000,0.0000,0,0,0.000,1.000,19.607,-727.756,95.330,81.291,0,0,-1,99.832663
75,10.5870,full-walk,-713.638,76.730,88.150,180.000,15.000,15.000,-725.002,63.761,3.751,-680.186,96.992,3.022,1.0000,1.5000,-697.991,59.381,77.442,-718.743,98.279,76.805,0.5459,0.0000,0.0000,0,0.000,0.000,0.0000,0.0000,0,0,-718.743,98.279,76.805,0.000,0,-1.000000,1.000,28.924,-1.000000,0.0000,0.0000,0,0,0.000,1.000,19.607,-718.743,98.279,76.805,0,0,-1,99.830572
76,10.7168,full-walk,-691.091,82.772,88.150,180.000,15.000,15.000,-677.009,78.349,11.677,-679.799,95.695,3.260,1.0000,1.5000,-667.877,69.179,82.144,-705.216,102.075,80.121,0.7405,0.0000,0.0000,0,0.000,0.000,0.0000,0.0000,0,0,-705.216,102.075,80.121,0.000,0,-1.000000,1.000,28.924,-1.000000,0.0000,0.0000,0,0,0.000,1.000,19.607,-705.216,102.075,80.121,0,0,-1,99.828497
77,10.8512,full-walk,-667.675,89.046,88.150,180.000,15.000,15.000,-625.580,94.036,4.036,-679.356,94.347,2.922,1.0000,1.5000,-651.184,72.197,77.646,-673.665,110.481,76.829,0.9425,0.0000,0.0000,0,0.000,0.000,0.0000,0.0000,0,0,-673.665,110.481,76.829,0.000,0,-1.000000,1.000,28.924,-1.000000,0.0000,0.0000,0,0,0.000,1.000,19.607,-673.665,110.481,76.829,0,0,-1,99.826342
78,10.9827,full-walk,-644.836,95.166,88.150,180.000,15.000,15.000,-616.548,95.491,3.314,-652.143,101.873,8.306,1.0000,1.5000,-641.734,72.370,78.716,-636.917,119.568,80.310,0.1395,0.0000,0.0000,0,0.000,0.000,0.0000,0.0000,0,0,-636.917,119.568,80.310,0.000,0,-1.000000,1.000,28.924,-1.000000,0.0000,0.0000,0,0,0.000,1.000,19.607,-636.917,119.568,80.310,0,0,-1,99.824240
79,11.1162,full-walk,-621.604,101.391,88.150,180.000,15.000,15.000,-616.053,94.052,3.315,-596.686,118.832,9.364,1.0000,1.5000,-619.379,78.190,79.170,-612.810,125.907,80.883,0.3399,0.0000,0.0000,0,0.000,0.000,0.0000,0.0000,0,0,-612.810,125.907,80.883,0.000,0,-1.000000,1.000,28.924,-1.000000,0.0000,0.0000,0,0,0.000,1.000,19.607,-612.810,125.907,80.883,0,0,-1,99.822103
80,11.2480,full-walk,-598.707,107.526,87.881,180.000,15.000,15.000,-610.463,94.456,3.293,-564.352,128.152,2.797,1.0000,1.5000,-583.609,89.995,77.076,-603.155,129.295,76.543,0.5375,0.0000,0.0000,0,0.000,0.000,0.0000,0.0000,0,0,-603.155,129.295,76.543,0.000,0,-1.000000,1.000,28.924,-1.000000,0.0000,0.0000,0,0,0.000,1.000,19.607,-603.155,129.295,76.543,0,0,-1,99.819996
81,11.3798,full-walk,-575.764,113.674,87.588,180.000,15.000,15.000,-562.569,108.961,11.091,-563.877,126.810,2.717,1.0000,1.5000,-552.572,100.070,81.573,-589.868,132.987,79.553,0.7354,0.0000,0.0000,0,0.000,0.000,0.0000,0.0000,0,0,-589.868,132.987,79.553,0.000,0,-1.000000,1.000,28.924,-1.000000,0.0000,0.0000,0,0,0.000,1.000,19.607,-589.868,132.987,79.553,0,0,-1,99.817884
82,11.5119,full-walk,-552.830,119.819,87.322,180.000,15.000,15.000,-511.351,124.527,3.471,-563.481,125.399,2.013,1.0000,1.5000,-535.707,103.201,76.953,-559.490,141.028,76.018,0.9333,0.0000,0.0000,0,0.000,0.000,0.0000,0.0000,0,0,-559.490,141.028,76.018,0.000,0,-1.000000,1.000,28.924,-1.000000,0.0000,0.0000,0,0,0.000,1.000,19.607,-559.490,141.028,76.018,0,0,-1,99.815774
83,11.6447,full-walk,-529.696,126.018,87.039,180.000,15.000,15.000,-500.656,126.625,2.182,-537.928,132.450,6.828,1.0000,1.5000,-526.293,103.378,77.424,-522.085,150.397,78.972,0.1329,0.0000,0.0000,0,0.000,0.000,0.0000,0.0000,0,0,-522.085,150.397,78.972,0.000,0,-1.000000,1.000,28.924,-1.000000,0.0000,0.0000,0,0,0.000,1.000,19.607,-522.085,150.397,78.972,0,0,-1,99.813645
84,11.7827,full-walk,-505.771,132.428,86.745,180.000,15.000,15.000,-500.145,125.116,1.901,-480.959,149.836,7.983,1.0000,1.5000,-503.574,109.220,77.769,-496.954,156.952,79.486,0.3393,0.0000,0.0000,0,0.000,0.000,0.0000,0.0000,0,0,-496.954,156.952,79.486,0.000,0,-1.000000,1.000,28.924,-1.000000,0.0000,0.0000,0,0,0.000,1.000,19.607,-496.954,156.952,79.486,0,0,-1,99.811443
85,11.9314,full-walk,-479.880,139.366,86.452,180.000,15.000,15.000,-490.057,126.641,2.893,-448.311,158.903,1.617,1.0000,1.5000,-463.016,122.459,76.443,-486.200,160.498,75.575,0.5626,0.0000,0.0000,0,0.000,0.000,0.0000,0.0000,0,0,-486.200,160.498,75.575,0.000,0,-1.000000,1.000,28.924,-1.000000,0.0000,0.0000,0,0,0.000,1.000,19.607,-486.200,160.498,75.575,0,0,-1,99.809061
86,12.0802,full-walk,-454.054,146.286,86.201,180.000,15.000,15.000,-432.381,144.435,9.478,-447.811,157.557,1.399,1.0000,1.5000,-431.061,132.612,80.107,-467.915,165.692,78.115,0.7854,0.0000,0.0000,0,0.000,0.000,0.0000,0.0000,0,0,-467.915,165.692,78.115,0.000,0,-1.000000,1.000,28.924,-1.000000,0.0000,0.0000,0,0,0.000,1.000,19.607,-467.915,165.692,78.115,0,0,-1,99.806684
87,12.2274,full-walk,-428.400,153.160,86.201,180.000,15.000,15.000,-384.989,158.525,1.245,-446.533,156.227,1.305,1.0000,1.5000,-416.536,134.126,74.979,-429.334,175.711,75.073,0.0068,0.0000,0.0000,0,0.000,0.000,0.0000,0.0000,0,0,-429.334,175.711,75.073,0.000,0,-1.000000,1.000,28.924,-1.000000,0.0000,0.0000,0,0,0.000,1.000,19.607,-429.334,175.711,75.073,0,0,-1,99.804323
88,12.3686,full-walk,-403.889,159.727,85.913,180.000,15.000,15.000,-384.528,157.032,1.084,-398.966,170.498,9.225,1.0000,1.5000,-403.242,135.875,77.837,-393.666,184.512,79.736,0.2182,0.0000,0.0000,0,0.000,0.000,0.0000,0.0000,0,0,-393.666,184.512,79.736,0.000,0,-1.000000,1.000,28.924,-1.000000,0.0000,0.0000,0,0,0.000,1.000,19.607,-393.666,184.512,79.736,0,0,-1,99.802067
89,12.5120,full-walk,-378.981,166.402,85.913,180.000,15.000,15.000,-384.100,155.681,1.201,-343.055,187.717,2.644,1.0000,1.5000,-371.576,145.547,75.183,-375.347,190.077,76.088,0.4331,0.0000,0.0000,0,0.000,0.000,0.0000,0.0000,0,0,-375.347,190.077,76.088,0.000,0,-1.000000,1.000,28.924,-1.000000,0.0000,0.0000,0,0,0.000,1.000,19.607,-375.347,190.077,76.088,0,0,-1,99.799775
90,12.6576,full-walk,-353.652,173.188,85.913,180.000,15.000,15.000,-353.829,163.994,6.813,-332.117,189.599,1.223,1.0000,1.5000,-332.202,158.714,78.592,-365.535,193.105,76.855,0.6517,0.0000,0.0000,0,0.000,0.000,0.0000,0.0000,0,0,-365.535,193.105,76.855,0.000,0,-1.000000,1.000,28.924,-1.000000,0.0000,0.0000,0,0,0.000,1.000,19.607,-365.535,193.105,76.855,0,0,-1,99.797444
91,12.8009,full-walk,-328.704,179.873,85.913,180.000,15.000,15.000,-294.478,182.138,5.954,-331.789,187.937,1.277,1.0000,1.5000,-308.038,164.931,78.107,-339.695,199.937,76.549,0.8669,0.0000,0.0000,0,0.000,0.000,0.0000,0.0000,0,0,-339.695,199.937,76.549,0.000,0,-1.000000,1.000,28.924,-1.000000,0.0000,0.0000,0,0,0.000,1.000,19.607,-339.695,199.937,76.549,0,0,-1,99.795149
92,12.9476,full-walk,-303.224,186.700,86.165,180.000,15.000,15.000,-268.894,189.114,1.312,-316.890,191.335,3.610,1.0000,1.5000,-297.185,165.219,75.628,-298.302,210.595,76.722,0.0867,0.0000,0.0000,0,0.000,0.000,0.0000,0.0000,0,0,-298.302,210.595,76.722,0.000,0,-1.000000,1.000,28.924,-1.000000,0.0000,0.0000,0,0,0.000,1.000,19.607,-298.302,210.595,76.722,0,0,-1,99.792804
93,13.0944,full-walk,-277.662,193.550,86.496,180.000,15.000,15.000,-268.393,187.482,1.527,-257.820,209.328,8.976,1.0000,1.5000,-276.554,169.937,77.974,-267.888,218.272,79.814,0.3072,0.0000,0.0000,0,0.000,0.000,0.0000,0.0000,0,0,-267.888,218.272,79.814,0.000,0,-1.000000,1.000,28.924,-1.000000,0.0000,0.0000,0,0,0.000,1.000,19.607,-267.888,218.272,79.814,0,0,-1,99.790452
94,13.2367,full-walk,-252.961,200.168,86.920,180.000,15.000,15.000,-265.457,187.017,2.124,-216.668,221.601,1.941,1.0000,1.5000,-239.129,182.199,75.923,-256.080,222.378,75.629,0.5203,0.0000,0.0000,0,0.000,0.000,0.0000,0.0000,0,0,-256.080,222.378,75.629,0.000,0,-1.000000,1.000,28.924,-1.000000,0.0000,0.0000,0,0,0.000,1.000,19.607,-256.080,222.378,75.629,0,0,-1,99.788178
95,13.3828,turn-while-moving,-227.524,206.984,87.436,180.000,15.000,15.000,-213.561,202.523,10.959,-216.153,219.936,2.548,1.0000,1.5000,-204.314,193.389,81.429,-241.647,226.289,79.406,0.7398,0.0000,0.0000,0,0.000,0.000,0.0000,0.0000,0,0,-241.647,226.289,79.406,0.000,0,-1.000000,1.000,28.924,-1.000000,0.0000,0.0000,0,0,0.000,1.000,19.607,-241.647,226.289,79.406,0,0,-1,99.785838
96,13.5261,turn-while-moving,-212.955,220.207,87.966,142.237,57.881,15.000,-187.062,249.773,5.364,-223.249,219.641,2.908,1.0000,1.1853,-188.637,221.133,78.506,-233.340,229.752,77.329,0.9092,0.0000,0.0000,0,0.000,0.000,0.0000,0.0000,0,0,-233.340,229.752,77.329,0.000,0,-1.000000,1.000,28.924,-1.000000,0.0000,0.0000,0,0,0.000,1.000,19.607,-233.340,229.752,77.329,0,0,-1,99.783551
97,13.6656,turn-while-moving,-205.474,238.604,88.494,142.237,72.265,15.000,-188.548,270.151,3.586,-217.015,228.474,5.344,1.0000,1.1853,-183.948,232.937,77.697,-223.154,254.930,78.679,0.0748,0.0000,0.0000,0,0.000,0.000,0.0000,0.0000,0,0,-223.154,254.930,78.679,0.000,0,-1.000000,1.000,28.924,-1.000000,0.0000,0.0000,0,0,0.000,1.000,19.607,-223.154,254.930,78.679,0,0,-1,99.781315
98,13.8108,turn-while-moving,-198.968,258.199,89.067,142.237,72.265,15.000,-187.068,269.752,4.166,-204.131,273.040,12.643,1.0000,1.1853,-178.688,245.510,81.060,-214.219,280.424,82.975,0.2469,0.0000,0.0000,0,0.000,0.000,0.0000,0.0000,0,0,-214.219,280.424,82.975,0.000,0,-1.000000,1.000,28.924,-1.000000,0.0000,0.0000,0,0,0.000,1.000,19.607,-214.219,280.424,82.975,0,0,-1,99.778993
99,13.9718,turn-while-moving,-191.963,279.996,89.734,142.237,72.265,15.000,-185.813,269.348,4.905,-190.351,322.033,6.166,1.0000,1.1853,-170.334,275.281,78.838,-210.008,295.529,79.685,0.4377,0.0000,0.0000,0,0.000,0.000,0.0000,0.0000,0,0,-210.008,295.529,79.685,0.000,0,-1.000000,1.000,28.924,-1.000000,0.0000,0.0000,0,0,0.000,1.000,19.607,-210.008,295.529,79.685,0,0,-1,99.776417
100,14.1222,turn-while-moving,-185.448,300.353,90.380,142.237,72.265,15.000,-179.252,290.352,9.341,-186.685,331.505,5.585,1.0000,1.1853,-162.023,308.806,81.891,-208.164,302.976,80.463,0.6158,0.0000,0.0000,0,0.000,0.000,0.0000,0.0000,0,0,-208.164,302.976,80.463,0.000,0,-1.000000,1.000,28.924,-1.000000,0.0000,0.0000,0,0,0.000,1.000,19.607,-208.164,302.976,80.463,0,0,-1,99.774013
101,14.2659,turn-while-moving,-179.205,319.872,91.021,142.237,72.265,15.000,-165.881,337.294,14.275,-185.347,331.090,6.225,1.0000,1.1853,-155.273,331.799,84.920,-203.020,318.731,82.931,0.7866,0.0000,0.0000,0,0.000,0.000,0.0000,0.0000,0,0,-203.020,318.731,82.931,0.000,0,-1.000000,1.000,28.924,-1.000000,0.0000,0.0000,0,0,0.000,1.000,19.607,-203.020,318.731,82.931,0,0,-1,99.771708
102,14.4099,turn-while-moving,-172.978,339.342,91.684,142.237,72.265,15.000,-154.120,378.386,7.276,-184.127,330.696,6.585,1.0000,1.1853,-149.996,342.989,80.974,-193.825,346.957,80.360,0.9569,0.0000,0.0000,0,0.000,0.000,0.0000,0.0000,0,0,-193.825,346.957,80.360,0.000,0,-1.000000,1.000,28.924,-1.000000,0.0000,0.0000,0,0,0.000,1.000,19.607,-193.825,346.957,80.360,0,0,-1,99.769408
103,14.5569,turn-while-moving,-166.599,359.290,92.395,142.237,72.265,15.000,-151.355,384.211,7.525,-176.501,355.642,12.095,1.0000,1.1853,-145.695,349.982,82.740,-183.012,378.801,84.274,0.1314,0.0000,0.0000,0,0.000,0.000,0.0000,0.0000,0,0,-183.012,378.801,84.274,0.000,0,-1.000000,1.000,28.924,-1.000000,0.0000,0.0000,0,0,0.000,1.000,19.607,-183.012,378.801,84.274,0,0,-1,99.767052
104,14.6994,turn-while-moving,-160.439,378.551,93.096,142.237,72.265,15.000,-150.055,383.909,8.056,-163.233,402.530,15.780,1.0000,1.1853,-139.984,366.445,84.625,-175.830,400.278,86.473,0.3000,0.0000,0.0000,0,0.000,0.000,0.0000,0.0000,0,0,-175.830,400.278,86.473,0.000,0,-1.000000,1.000,28.924,-1.000000,0.0000,0.0000,0,0,0.000,1.000,19.607,-175.830,400.278,86.473,0,0,-1,99.764778
105,14.8429,turn-while-moving,-154.208,398.034,93.817,142.237,72.265,15.000,-148.783,383.526,8.796,-151.863,441.817,9.106,1.0000,1.1853,-131.930,395.835,82.492,-172.889,411.185,82.911,0.4704,0.0000,0.0000,0,0.000,0.000,0.0000,0.0000,0,0,-172.889,411.185,82.911,0.000,0,-1.000000,1.000,28.924,-1.000000,0.0000,0.0000,0,0,0.000,1.000,19.607,-172.889,411.185,82.911,0,0,-1,99.762477
106,14.9882,turn-while-moving,-147.926,417.674,94.554,142.237,72.265,15.000,-140.638,411.249,14.822,-149.830,445.744,9.732,1.0000,1.1853,-124.219,427.482,86.839,-170.983,418.920,85.166,0.6423,0.0000,0.0000,0,0.000,0.000,0.0000,0.0000,0,0,-170.983,418.920,85.166,0.000,0,-1.000000,1.000,28.924,-1.000000,0.0000,0.0000,0,0,0.000,1.000,19.607,-170.983,418.920,85.166,0,0,-1,99.760157
107,15.1312,turn-while-moving,-141.713,437.100,95.286,142.237,72.265,15.000,-127.341,458.882,17.409,-148.686,445.338,10.119,1.0000,1.1853,-117.888,448.480,88.400,-165.386,436.600,86.489,0.8122,0.0000,0.0000,0,0.000,0.000,0.0000,0.0000,0,0,-165.386,436.600,86.489,0.000,0,-1.000000,1.000,28.924,-1.000000,0.0000,0.0000,0,0,0.000,1.000,19.607,-165.386,436.600,86.489,0,0,-1,99.757863
108,15.2733,turn-while-moving,-135.572,456.303,96.008,142.237,72.265,15.000,-116.392,496.366,11.301,-147.371,444.908,11.070,1.0000,1.1853,-112.819,458.086,85.019,-155.764,465.648,84.737,0.9802,0.0000,0.0000,0,0.000,0.000,0.0000,0.0000,0,0,-155.764,465.648,84.737,0.000,0,-1.000000,1.000,28.924,-1.000000,0.0000,0.0000,0,0,0.000,1.000,19.607,-155.764,465.648,84.737,0,0,-1,99.755595
109,15.4189,turn-while-moving,-129.251,476.067,96.747,142.237,72.265,15.000,-114.573,498.467,11.919,-138.304,475.449,17.635,1.0000,1.1853,-108.486,465.669,87.627,-145.220,496.457,89.303,0.1531,0.0000,0.0000,0,0.000,0.000,0.0000,0.0000,0,0,-145.220,496.457,89.303,0.000,0,-1.000000,1.000,28.924,-1.000000,0.0000,0.0000,0,0,0.000,1.000,19.607,-145.220,496.457,89.303,0,0,-1,99.753261
110,15.5652,turn-while-moving,-122.926,495.844,97.469,142.237,72.265,15.000,-113.396,498.151,12.568,-124.725,524.113,19.254,1.0000,1.1853,-102.361,484.662,88.684,-138.671,516.958,90.466,0.3262,0.0000,0.0000,0,0.000,0.000,0.0000,0.0000,0,0,-138.671,516.958,90.466,0.000,0,-1.000000,1.000,28.924,-1.000000,0.0000,0.0000,0,0,0.000,1.000,19.607,-138.671,516.958,90.466,0,0,-1,99.750925
111,15.7091,turn-while-moving,-116.682,515.366,98.158,142.237,72.265,15.000,-112.422,497.800,13.231,-114.567,559.771,13.214,1.0000,1.1853,-94.414,515.405,86.962,-136.444,526.604,87.010,0.4970,0.0000,0.0000,0,0.000,0.000,0.0000,0.0000,0,0,-136.444,526.604,87.010,0.000,0,-1.000000,1.000,28.924,-1.000000,0.0000,0.0000,0,0,0.000,1.000,19.607,-136.444,526.604,87.010,0,0,-1,99.748620
112,15.8547,turn-while-moving,-110.374,535.092,98.827,142.237,72.265,15.000,-102.189,532.716,20.188,-113.175,559.908,13.704,1.0000,1.1853,-86.665,545.969,91.546,-133.920,535.152,89.716,0.6696,0.0000,0.0000,0,0.000,0.000,0.0000,0.0000,0,0,-133.920,535.152,89.716,0.000,0,-1.000000,1.000,28.924,-1.000000,0.0000,0.0000,0,0,0.000,1.000,19.607,-133.920,535.152,89.716,0,0,-1,99.746290
113,16.0000,turn-while-moving,-104.072,554.796,99.461,142.237,72.265,15.000,-88.415,581.254,20.416,-111.838,559.460,14.469,1.0000,1.1853,-80.272,565.197,92.018,-127.338,555.257,90.279,0.8420,0.0000,0.0000,0,0.000,0.000,0.0000,0.0000,0,0,-127.338,555.257,90.279,0.000,0,-1.000000,1.000,28.924,-1.000000,0.0000,0.0000,0,0,0.000,1.000,19.607,-127.338,555.257,90.279,0,0,-1,99.743963
114,16.1450,turn-while-moving,-97.797,574.418,100.075,142.237,72.265,15.000,-79.011,613.032,15.126,-110.141,560.866,15.205,1.0000,1.1853,-75.448,573.512,88.812,-117.056,586.367,89.009,0.0136,0.0000,0.0000,0,0.000,0.000,0.0000,0.0000,0,0,-117.056,586.367,89.009,0.000,0,-1.000000,1.000,28.924,-1.000000,0.0000,0.0000,0,0,0.000,1.000,19.607,-117.056,586.367,89.009,0,0,-1,99.741646
115,16.2891,turn-while-moving,-91.546,593.962,100.677,142.237,72.265,15.000,-77.752,612.787,15.640,-99.367,598.232,22.693,1.0000,1.1853,-71.032,582.346,91.954,-107.131,615.305,93.746,0.1846,0.0000,0.0000,0,0.000,0.000,0.0000,0.0000,0,0,-107.131,615.305,93.746,0.000,0,-1.000000,1.000,28.924,-1.000000,0.0000,0.0000,0,0,0.000,1.000,19.607,-107.131,615.305,93.746,0,0,-1,99.739337
116,16.4325,stop-from-turn,-85.336,613.379,101.266,142.237,72.265,15.000,-76.554,612.357,16.477,-85.904,645.995,21.816,1.0000,1.1853,-64.432,603.359,92.019,-101.365,633.469,93.651,0.3545,0.0000,0.0000,0,0.000,0.000,0.0000,0.0000,0,0,-101.365,633.469,93.651,0.000,0,-1.000000,1.000,28.924,-1.000000,0.0000,0.0000,0,0,0.000,1.000,19.607,-101.365,633.469,93.651,0,0,-1,99.737044
117,16.5747,stop-from-turn,-85.105,614.103,101.287,0.000,72.265,15.000,-74.436,620.778,16.045,-88.571,635.791,17.008,0.2885,0.0000,-62.739,611.038,94.684,-103.617,627.435,95.144,0.3545,0.0000,0.0000,0,0.000,0.000,0.0000,0.0000,0,0,-103.617,627.435,95.144,0.000,0,-1.000000,1.000,28.924,-1.000000,0.0000,0.0000,0,0,0.000,1.000,19.607,-103.617,627.435,95.144,0,0,-1,99.734767
118,16.7185,stop-from-turn,-85.105,614.103,101.287,0.000,72.265,15.000,-73.633,624.075,16.375,-89.845,630.664,16.375,0.0000,0.0000,-62.293,613.899,96.066,-104.479,624.601,96.066,0.3545,0.0000,0.0000,0,0.000,0.000,0.0000,0.0000,0,0,-104.479,624.601,96.066,0.000,0,-1.000000,1.000,28.924,-1.000000,0.0000,0.0000,0,0,0.000,1.000,19.607,-104.479,624.601,96.066,0,0,-1,99.732467
119,16.8608,stop-from-turn,-85.105,614.103,101.287,0.000,72.265,15.000,-73.633,624.075,16.375,-89.845,630.664,16.375,0.0000,0.0000,-62.297,613.881,96.064,-104.484,624.584,96.064,0.3545,0.0000,0.0000,0,0.000,0.000,0.0000,0.0000,0,0,-104.484,624.584,96.064,0.000,0,-1.000000,1.000,28.924,-1.000000,0.0000,0.0000,0,0,0.000,1.000,19.607,-104.484,624.584,96.064,0,0,-1,99.730188
120,17.0002,stop-from-turn,-85.105,614.103,101.287,0.000,72.265,15.000,-73.633,624.075,16.375,-89.845,630.664,16.375,0.0000,0.0000,-62.297,613.881,96.064,-104.484,624.584,96.064,0.3545,0.0000,0.0000,0,0.000,0.000,0.0000,0.0000,0,0,-104.484,624.584,96.064,0.000,0,-1.000000,1.000,28.924,-1.000000,0.0000,0.0000,0,0,0.000,1.000,19.607,-104.484,624.584,96.064,0,0,-1,99.727961
121,17.1402,stop-from-turn,-85.105,614.103,101.287,0.000,72.265,15.000,-73.633,624.075,16.375,-89.845,630.664,16.375,0.0000,0.0000,-62.276,613.980,96.077,-104.455,624.681,96.078,0.3545,0.0000,0.0000,0,0.000,0.000,0.0000,0.0000,0,0,-104.455,624.681,96.078,0.000,0,-1.000000,1.000,28.924,-1.000000,0.0000,0.0000,0,0,0.000,1.000,19.607,-104.455,624.681,96.078,0,0,-1,99.725717
122,17.2823,stop-from-turn,-85.105,614.103,101.287,0.000,72.265,15.000,-73.633,624.075,16.375,-89.845,630.664,16.375,0.0000,0.0000,-62.257,614.070,96.090,-104.429,624.769,96.090,0.3545,0.0000,0.0000,0,0.000,0.000,0.0000,0.0000,0,0,-104.429,624.769,96.090,0.000,0,-1.000000,1.000,28.924,-1.000000,0.0000,0.0000,0,0,0.000,1.000,19.607,-104.429,624.769,96.090,0,0,-1,99.723449
123,17.4245,stop-from-turn,-85.105,614.103,101.287,0.000,72.265,15.000,-73.633,624.075,16.375,-89.845,630.664,16.375,0.0000,0.0000,-62.239,614.158,96.102,-104.404,624.855,96.102,0.3545,0.0000,0.0000,0,0.000,0.000,0.0000,0.0000,0,0,-104.404,624.855,96.102,0.000,0,-1.000000,1.000,28.924,-1.000000,0.0000,0.0000,0,0,0.000,1.000,19.607,-104.404,624.855,96.102,0,0,-1,99.721167
124,17.5644,stop-from-turn,-85.105,614.103,101.287,0.000,72.265,15.000,-73.633,624.075,16.375,-89.845,630.664,16.375,0.0000,0.0000,-62.218,614.258,96.116,-104.374,624.953,96.117,0.3545,0.0000,0.0000,0,0.000,0.000,0.0000,0.0000,0,0,-104.374,624.953,96.117,0.000,0,-1.000000,1.000,28.924,-1.000000,0.0000,0.0000,0,0,0.000,1.000,19.607,-104.374,624.953,96.117,0,0,-1,99.718934
125,17.7036,stop-from-turn,-85.105,614.103,101.287,0.000,72.265,15.000,-73.633,624.075,16.375,-89.845,630.664,16.375,0.0000,0.0000,-62.199,614.348,96.130,-104.348,625.042,96.130,0.3545,0.0000,0.0000,0,0.000,0.000,0.0000,0.0000,0,0,-104.348,625.042,96.130,0.000,0,-1.000000,1.000,28.924,-1.000000,0.0000,0.0000,0,0,0.000,1.000,19.607,-104.348,625.042,96.130,0,0,-1,99.716703
126,17.8434,stop-from-turn,-85.105,614.103,101.287,0.000,72.265,15.000,-73.633,624.075,16.375,-89.845,630.664,16.375,0.0000,0.0000,-62.182,614.431,96.142,-104.324,625.122,96.142,0.3545,0.0000,0.0000,0,0.000,0.000,0.0000,0.0000,0,0,-104.324,625.122,96.142,0.000,0,-1.000000,1.000,28.924,-1.000000,0.0000,0.0000,0,0,0.000,1.000,19.607,-104.324,625.122,96.142,0,0,-1,99.714469
127,17.9859,stop-from-turn,-85.105,614.103,101.287,0.000,72.265,15.000,-73.633,624.075,16.375,-89.845,630.664,16.375,0.0000,0.0000,-62.172,614.476,96.149,-104.310,625.166,96.149,0.3545,0.0000,0.0000,0,0.000,0.000,0.0000,0.0000,0,0,-104.310,625.166,96.149,0.000,0,-1.000000,1.000,28.924,-1.000000,0.0000,0.0000,0,0,0.000,1.000,19.607,-104.310,625.166,96.149,0,0,-1,99.712186
128,18.1301,stop-from-turn,-85.105,614.103,101.287,0.000,72.265,15.000,-73.633,624.075,16.375,-89.845,630.664,16.375,0.0000,0.0000,-62.172,614.476,96.149,-104.310,625.166,96.149,0.3545,0.0000,0.0000,0,0.000,0.000,0.0000,0.0000,0,0,-104.310,625.166,96.149,0.000,0,-1.000000,1.000,28.924,-1.000000,0.0000,0.0000,0,0,0.000,1.000,19.607,-104.310,625.166,96.149,0,0,-1,99.709882
129,18.2697,stop-from-turn,-85.105,614.103,101.287,0.000,72.265,15.000,-73.633,624.075,16.375,-89.845,630.664,16.375,0.0000,0.0000,-62.158,614.545,96.159,-104.290,625.234,96.159,0.3545,0.0000,0.0000,0,0.000,0.000,0.0000,0.0000,0,0,-104.290,625.234,96.159,0.000,0,-1.000000,1.000,28.924,-1.000000,0.0000,0.0000,0,0,0.000,1.000,19.607,-104.290,625.234,96.159,0,0,-1,99.707644
130,18.4109,stop-from-turn,-85.105,614.103,101.287,0.000,72.265,15.000,-73.633,624.075,16.375,-89.845,630.664,16.375,0.0000,0.0000,-62.158,614.545,96.159,-104.290,625.234,96.159,0.3545,0.0000,0.0000,0,0.000,0.000,0.0000,0.0000,0,0,-104.290,625.234,96.159,0.000,0,-1.000000,1.000,28.924,-1.000000,0.0000,0.0000,0,0,0.000,1.000,19.607,-104.290,625.234,96.159,0,0,-1,99.705389
131,18.5551,orbit-standing-character,-85.105,614.103,101.287,0.000,72.265,15.000,-73.633,624.075,16.375,-89.845,630.664,16.375,0.0000,0.0000,-62.174,614.467,96.150,-104.313,625.158,96.150,0.3545,0.0000,0.0000,0,0.000,0.000,0.0000,0.0000,0,0,-104.313,625.158,96.150,0.000,0,-1.000000,1.000,28.924,-1.000000,0.0000,0.0000,0,0,0.000,1.000,19.607,-104.313,625.158,96.150,0,0,-1,99.703077
132,18.6988,orbit-standing-character,-85.105,614.103,101.287,0.000,72.265,22.663,-73.633,624.075,16.375,-89.845,630.664,16.375,0.0000,0.0000,-62.190,614.392,96.144,-104.334,625.085,96.144,0.3545,0.0000,0.0000,0,0.000,0.000,0.0000,0.0000,0,0,-104.334,625.085,96.144,0.000,0,-1.000000,1.000,28.924,-1.000000,0.0000,0.0000,0,0,0.000,1.000,19.607,-104.334,625.085,96.144,0,0,-1,99.700783
133,18.8406,orbit-standing-character,-85.105,614.103,101.287,0.000,72.265,30.255,-73.633,624.075,16.375,-89.845,630.664,16.375,0.0000,0.0000,-62.206,614.315,96.125,-104.358,625.009,96.125,0.3545,0.0000,0.0000,0,0.000,0.000,0.0000,0.0000,0,0,-104.358,625.009,96.125,0.000,0,-1.000000,1.000,28.924,-1.000000,0.0000,0.0000,0,0,0.000,1.000,19.607,-104.358,625.009,96.125,0,0,-1,99.698510
134,18.9844,orbit-standing-character,-85.105,614.103,101.287,0.000,72.265,37.925,-73.633,624.075,16.375,-89.845,630.664,16.375,0.0000,0.0000,-62.227,614.217,96.110,-104.386,624.913,96.111,0.3545,0.0000,0.0000,0,0.000,0.000,0.0000,0.0000,0,0,-104.386,624.913,96.111,0.000,0,-1.000000,1.000,28.924,-1.000000,0.0000,0.0000,0,0,0.000,1.000,19.607,-104.386,624.913,96.111,0,0,-1,99.696213
135,19.1283,orbit-standing-character,-85.105,614.103,101.287,0.000,72.265,45.631,-73.633,624.075,16.375,-89.845,630.664,16.375,0.0000,0.0000,-62.247,614.121,96.097,-104.414,624.819,96.097,0.3545,0.0000,0.0000,0,0.000,0.000,0.0000,0.0000,0,0,-104.414,624.819,96.097,0.000,0,-1.000000,1.000,28.924,-1.000000,0.0000,0.0000,0,0,0.000,1.000,19.607,-104.414,624.819,96.097,0,0,-1,99.693906
136,19.2688,orbit-standing-character,-85.105,614.103,101.287,0.000,72.265,53.123,-73.633,624.075,16.375,-89.845,630.664,16.375,0.0000,0.0000,-62.266,614.027,96.084,-104.442,624.726,96.084,0.3545,0.0000,0.0000,0,0.000,0.000,0.0000,0.0000,0,0,-104.442,624.726,96.084,0.000,0,-1.000000,1.000,28.924,-1.000000,0.0000,0.0000,0,0,0.000,1.000,19.607,-104.442,624.726,96.084,0,0,-1,99.691663
137,19.4125,orbit-standing-character,-85.105,614.103,101.287,0.000,72.265,60.817,-73.633,624.075,16.375,-89.845,630.664,16.375,0.0000,0.0000,-62.272,614.004,96.075,-104.448,624.704,96.075,0.3545,0.0000,0.0000,0,0.000,0.000,0.0000,0.0000,0,0,-104.448,624.704,96.075,0.000,0,-1.000000,1.000,28.924,-1.000000,0.0000,0.0000,0,0,0.000,1.000,19.607,-104.448,624.704,96.075,0,0,-1,99.689359
138,19.5574,orbit-standing-character,-85.105,614.103,101.287,0.000,72.265,68.537,-73.633,624.075,16.375,-89.845,630.664,16.375,0.0000,0.0000,-62.288,613.925,96.067,-104.471,624.626,96.067,0.3545,0.0000,0.0000,0,0.000,0.000,0.0000,0.0000,0,0,-104.471,624.626,96.067,0.000,0,-1.000000,1.000,28.924,-1.000000,0.0000,0.0000,0,0,0.000,1.000,19.607,-104.471,624.626,96.067,0,0,-1,99.687048
139,19.6968,orbit-standing-character,-85.105,614.103,101.287,0.000,72.265,76.005,-73.633,624.075,16.375,-89.845,630.664,16.375,0.0000,0.0000,-62.293,613.899,96.066,-104.479,624.601,96.066,0.3545,0.0000,0.0000,0,0.000,0.000,0.0000,0.0000,0,0,-104.479,624.601,96.066,0.000,0,-1.000000,1.000,28.924,-1.000000,0.0000,0.0000,0,0,0.000,1.000,19.607,-104.479,624.601,96.066,0,0,-1,99.684812
140,19.8372,orbit-standing-character,-85.105,614.103,101.287,0.000,72.265,83.500,-73.633,624.075,16.375,-89.845,630.664,16.375,0.0000,0.0000,-62.295,613.890,96.065,-104.482,624.592,96.065,0.3545,0.0000,0.0000,0,0.000,0.000,0.0000,0.0000,0,0,-104.482,624.592,96.065,0.000,0,-1.000000,1.000,28.924,-1.000000,0.0000,0.0000,0,0,0.000,1.000,19.607,-104.482,624.592,96.065,0,0,-1,99.682567
141,19.9834,orbit-standing-character,-85.105,614.103,101.287,0.000,72.265,91.321,-73.633,624.075,16.375,-89.845,630.664,16.375,0.0000,0.0000,-62.297,613.881,96.064,-104.484,624.584,96.064,0.3545,0.0000,0.0000,0,0.000,0.000,0.0000,0.0000,0,0,-104.484,624.584,96.064,0.000,0,-1.000000,1.000,28.924,-1.000000,0.0000,0.0000,0,0,0.000,1.000,19.607,-104.484,624.584,96.064,0,0,-1,99.680226
142,20.1162,orbit-standing-character,-85.105,614.103,101.287,0.000,72.265,98.406,-73.633,624.075,16.375,-89.845,630.664,16.375,0.0000,0.0000,-62.293,613.902,96.067,-104.478,624.604,96.067,0.3545,0.0000,0.0000,0,0.000,0.000,0.0000,0.0000,0,0,-104.478,624.604,96.067,0.000,0,-1.000000,1.000,28.924,-1.000000,0.0000,0.0000,0,0,0.000,1.000,19.607,-104.478,624.604,96.067,0,0,-1,99.678104
143,20.2497,orbit-standing-character,-85.105,614.103,101.287,0.000,72.265,105.552,-73.633,624.075,16.375,-89.845,630.664,16.375,0.0000,0.0000,-62.262,614.049,96.087,-104.435,624.749,96.087,0.3545,0.0000,0.0000,0,0.000,0.000,0.0000,0.0000,0,0,-104.435,624.749,96.087,0.000,0,-1.000000,1.000,28.924,-1.000000,0.0000,0.0000,0,0,0.000,1.000,19.607,-104.435,624.749,96.087,0,0,-1,99.675965
144,20.3851,orbit-standing-character,-85.105,614.103,101.287,0.000,72.265,112.767,-73.633,624.075,16.375,-89.845,630.664,16.375,0.0000,0.0000,-62.244,614.133,96.099,-104.411,624.831,96.099,0.3545,0.0000,0.0000,0,0.000,0.000,0.0000,0.0000,0,0,-104.411,624.831,96.099,0.000,0,-1.000000,1.000,28.924,-1.000000,0.0000,0.0000,0,0,0.000,1.000,19.607,-104.411,624.831,96.099,0,0,-1,99.673804
145,20.5539,orbit-standing-character,-85.105,614.103,101.287,0.000,72.265,121.802,-73.633,624.075,16.375,-89.845,630.664,16.375,0.0000,0.0000,-62.220,614.250,96.115,-104.376,624.946,96.115,0.3545,0.0000,0.0000,0,0.000,0.000,0.0000,0.0000,0,0,-104.376,624.946,96.115,0.000,0,-1.000000,1.000,28.924,-1.000000,0.0000,0.0000,0,0,0.000,1.000,19.607,-104.376,624.946,96.115,0,0,-1,99.671099
146,20.7043,orbit-standing-character,-85.105,614.103,101.287,0.000,72.265,129.832,-73.633,624.075,16.375,-89.845,630.664,16.375,0.0000,0.0000,-62.199,614.349,96.130,-104.348,625.042,96.130,0.3545,0.0000,0.0000,0,0.000,0.000,0.0000,0.0000,0,0,-104.348,625.042,96.130,0.000,0,-1.000000,1.000,28.924,-1.000000,0.0000,0.0000,0,0,0.000,1.000,19.607,-104.348,625.042,96.130,0,0,-1,99.668695
147,20.8566,orbit-standing-character,-85.105,614.103,101.287,0.000,72.265,137.977,-73.633,624.075,16.375,-89.845,630.664,16.375,0.0000,0.0000,-62.180,614.439,96.143,-104.321,625.130,96.143,0.3545,0.0000,0.0000,0,0.000,0.000,0.0000,0.0000,0,0,-104.321,625.130,96.143,0.000,0,-1.000000,1.000,28.924,-1.000000,0.0000,0.0000,0,0,0.000,1.000,19.607,-104.321,625.130,96.143,0,0,-1,99.666256
148,21.0075,orbit-standing-character,-85.105,614.103,101.287,0.000,72.265,146.033,-73.633,624.075,16.375,-89.845,630.664,16.375,0.0000,0.0000,-62.172,614.476,96.149,-104.310,625.166,96.149,0.3545,0.0000,0.0000,0,0.000,0.000,0.0000,0.0000,0,0,-104.310,625.166,96.149,0.000,0,-1.000000,1.000,28.924,-1.000000,0.0000,0.0000,0,0,0.000,1.000,19.607,-104.310,625.166,96.149,0,0,-1,99.663844
149,21.1394,orbit-standing-character,-85.105,614.103,101.287,0.000,72.265,153.096,-73.633,624.075,16.375,-89.845,630.664,16.375,0.0000,0.0000,-62.172,614.476,96.149,-104.310,625.166,96.149,0.3545,0.0000,0.0000,0,0.000,0.000,0.0000,0.0000,0,0,-104.310,625.166,96.149,0.000,0,-1.000000,1.000,28.924,-1.000000,0.0000,0.0000,0,0,0.000,1.000,19.607,-104.310,625.166,96.149,0,0,-1,99.661730
150,21.2685,orbit-standing-character,-85.105,614.103,101.287,0.000,72.265,159.981,-73.633,624.075,16.375,-89.845,630.664,16.375,0.0000,0.0000,-62.158,614.545,96.159,-104.290,625.234,96.159,0.3545,0.0000,0.0000,0,0.000,0.000,0.0000,0.0000,0,0,-104.290,625.234,96.159,0.000,0,-1.000000,1.000,28.924,-1.000000,0.0000,0.0000,0,0,0.000,1.000,19.607,-104.290,625.234,96.159,0,0,-1,99.659668
151,21.3956,orbit-standing-character,-85.105,614.103,101.287,0.000,72.265,166.785,-73.633,624.075,16.375,-89.845,630.664,16.375,0.0000,0.0000,-62.158,614.545,96.159,-104.290,625.234,96.159,0.3545,0.0000,0.0000,0,0.000,0.000,0.0000,0.0000,0,0,-104.290,625.234,96.159,0.000,0,-1.000000,1.000,28.924,-1.000000,0.0000,0.0000,0,0,0.000,1.000,19.607,-104.290,625.234,96.159,0,0,-1,99.657631
152,21.5230,orbit-standing-character,-85.105,614.103,101.287,0.000,72.265,173.574,-73.633,624.075,16.375,-89.845,630.664,16.375,0.0000,0.0000,-62.171,614.484,96.152,-104.308,625.175,96.152,0.3545,0.0000,0.0000,0,0.000,0.000,0.0000,0.0000,0,0,-104.308,625.175,96.152,0.000,0,-1.000000,1.000,28.924,-1.000000,0.0000,0.0000,0,0,0.000,1.000,19.607,-104.308,625.175,96.152,0,0,-1,99.655598
153,21.6505,orbit-standing-character,-85.105,614.103,101.287,0.000,72.265,180.407,-73.633,624.075,16.375,-89.845,630.664,16.375,0.0000,0.0000,-62.185,614.418,96.146,-104.327,625.109,96.146,0.3545,0.0000,0.0000,0,0.000,0.000,0.0000,0.0000,0,0,-104.327,625.109,96.146,0.000,0,-1.000000,1.000,28.924,-1.000000,0.0000,0.0000,0,0,0.000,1.000,19.607,-104.327,625.109,96.146,0,0,-1,99.653552
154,21.7779,orbit-standing-character,-85.105,614.103,101.287,0.000,72.265,187.205,-73.633,624.075,16.375,-89.845,630.664,16.375,0.0000,0.0000,-62.197,614.358,96.131,-104.345,625.052,96.131,0.3545,0.0000,0.0000,0,0.000,0.000,0.0000,0.0000,0,0,-104.345,625.052,96.131,0.000,0,-1.000000,1.000,28.924,-1.000000,0.0000,0.0000,0,0,0.000,1.000,19.607,-104.345,625.052,96.131,0,0,-1,99.651517
155,21.9049,orbit-standing-character,-85.105,614.103,101.287,0.000,72.265,193.990,-73.633,624.075,16.375,-89.845,630.664,16.375,0.0000,0.0000,-62.215,614.270,96.118,-104.371,624.965,96.118,0.3545,0.0000,0.0000,0,0.000,0.000,0.0000,0.0000,0,0,-104.371,624.965,96.118,0.000,0,-1.000000,1.000,28.924,-1.000000,0.0000,0.0000,0,0,0.000,1.000,19.607,-104.371,624.965,96.118,0,0,-1,99.649485
156,22.0321,orbit-standing-character,-85.105,614.103,101.287,0.000,72.265,200.786,-73.633,624.075,16.375,-89.845,630.664,16.375,0.0000,0.0000,-62.233,614.188,96.106,-104.395,624.885,96.106,0.3545,0.0000,0.0000,0,0.000,0.000,0.0000,0.0000,0,0,-104.395,624.885,96.106,0.000,0,-1.000000,1.000,28.924,-1.000000,0.0000,0.0000,0,0,0.000,1.000,19.607,-104.395,624.885,96.106,0,0,-1,99.647450
157,22.1602,orbit-standing-character,-85.105,614.103,101.287,0.000,72.265,207.647,-73.633,624.075,16.375,-89.845,630.664,16.375,0.0000,0.0000,-62.251,614.099,96.094,-104.421,624.797,96.094,0.3545,0.0000,0.0000,0,0.000,0.000,0.0000,0.0000,0,0,-104.421,624.797,96.094,0.000,0,-1.000000,1.000,28.924,-1.000000,0.0000,0.0000,0,0,0.000,1.000,19.607,-104.421,624.797,96.094,0,0,-1,99.645396
158,22.3052,orbit-standing-character,-85.105,614.103,101.287,0.000,72.265,215.370,-73.633,624.075,16.375,-89.845,630.664,16.375,0.0000,0.0000,-62.268,614.020,96.082,-104.444,624.720,96.082,0.3545,0.0000,0.0000,0,0.000,0.000,0.0000,0.0000,0,0,-104.444,624.720,96.082,0.000,0,-1.000000,1.000,28.924,-1.000000,0.0000,0.0000,0,0,0.000,1.000,19.607,-104.444,624.720,96.082,0,0,-1,99.643084
159,22.4549,orbit-standing-character,-85.105,614.103,101.287,0.000,72.265,223.387,-73.633,624.075,16.375,-89.845,630.664,16.375,0.0000,0.0000,-62.273,613.998,96.073,-104.449,624.698,96.073,0.3545,0.0000,0.0000,0,0.000,0.000,0.0000,0.0000,0,0,-104.449,624.698,96.073,0.000,0,-1.000000,1.000,28.924,-1.000000,0.0000,0.0000,0,0,0.000,1.000,19.607,-104.449,624.698,96.073,0,0,-1,99.640683
160,22.6040,open-pack,-85.105,614.103,101.287,0.000,72.265,231.347,-73.633,624.075,16.375,-89.845,630.664,16.375,0.0000,0.0000,-62.293,613.899,96.066,-104.479,624.601,96.066,0.3545,0.0000,0.0000,0,0.000,0.000,0.0000,0.0000,0,0,-104.479,624.601,96.066,0.000,0,-1.000000,1.000,28.924,-1.000000,0.0000,0.0000,0,0,0.000,1.000,19.607,-104.479,624.601,96.066,0,0,-1,99.638300
161,22.7383,open-pack,-85.105,614.103,101.287,0.000,72.265,231.347,-73.633,624.075,16.375,-89.845,630.664,16.375,0.0000,0.0000,-62.293,613.899,96.066,-104.479,624.601,96.066,0.3545,0.0000,0.0000,0,0.000,0.000,0.0000,0.0000,0,0,-104.479,624.601,96.066,0.000,0,-1.000000,1.000,28.924,-1.000000,0.0000,0.0000,0,0,0.000,1.000,19.607,-104.479,624.601,96.066,0,0,-1,99.638300
162,22.8860,open-pack,-85.105,614.103,101.287,0.000,72.265,231.347,-73.633,624.075,16.375,-89.845,630.664,16.375,0.0000,0.0000,-62.297,613.881,96.064,-104.484,624.584,96.064,0.3545,0.0000,0.0000,0,0.000,0.000,0.0000,0.0000,0,0,-104.484,624.584,96.064,0.000,0,-1.000000,1.000,28.924,-1.000000,0.0000,0.0000,0,0,0.000,1.000,19.607,-104.484,624.584,96.064,0,0,-1,99.638300
163,23.0239,open-pack,-85.105,614.103,101.287,0.000,72.265,231.347,-73.633,624.075,16.375,-89.845,630.664,16.375,0.0000,0.0000,-62.297,613.881,96.064,-104.484,624.584,96.064,0.3545,0.0000,0.0000,0,0.000,0.000,0.0000,0.0000,0,0,-104.484,624.584,96.064,0.000,0,-1.000000,1.000,28.924,-1.000000,0.0000,0.0000,0,0,0.000,1.000,19.607,-104.484,624.584,96.064,0,0,-1,99.638300
164,23.1591,open-look,-85.105,614.103,101.287,0.000,72.265,231.347,-73.633,624.075,16.375,-89.845,630.664,16.375,0.0000,0.0000,-62.274,613.992,96.079,-104.452,624.692,96.079,0.3545,0.0000,0.0000,0,0.000,0.000,0.0000,0.0000,0,0,-104.452,624.692,96.079,0.000,0,-1.000000,1.000,28.924,-1.000000,0.0000,0.0000,0,0,0.000,1.000,19.607,-104.452,624.692,96.079,0,0,-1,99.638300
165,23.2956,open-look,-85.105,614.103,101.287,0.000,72.265,231.347,-73.633,624.075,16.375,-89.845,630.664,16.375,0.0000,0.0000,-62.256,614.078,96.091,-104.427,624.777,96.091,0.3545,0.0000,0.0000,0,0.000,0.000,0.0000,0.0000,0,0,-104.427,624.777,96.091,0.000,0,-1.000000,1.000,28.924,-1.000000,0.0000,0.0000,0,0,0.000,1.000,19.607,-104.427,624.777,96.091,0,0,-1,99.638300
166,23.4332,open-look,-85.105,614.103,101.287,0.000,72.265,231.347,-73.633,624.075,16.375,-89.845,630.664,16.375,0.0000,0.0000,-62.238,614.164,96.103,-104.402,624.861,96.103,0.3545,0.0000,0.0000,0,0.000,0.000,0.0000,0.0000,0,0,-104.402,624.861,96.103,0.000,0,-1.000000,1.000,28.924,-1.000000,0.0000,0.0000,0,0,0.000,1.000,19.607,-104.402,624.861,96.103,0,0,-1,99.638300
167,23.5692,open-look,-85.105,614.103,101.287,0.000,72.265,231.347,-73.633,624.075,16.375,-89.845,630.664,16.375,0.0000,0.0000,-62.217,614.261,96.117,-104.373,624.956,96.117,0.3545,0.0000,0.0000,0,0.000,0.000,0.0000,0.0000,0,0,-104.373,624.956,96.117,0.000,0,-1.000000,1.000,28.924,-1.000000,0.0000,0.0000,0,0,0.000,1.000,19.607,-104.373,624.956,96.117,0,0,-1,99.638300
168,23.7251,open-look,-85.105,614.103,101.287,0.000,72.265,231.347,-73.633,624.075,16.375,-89.845,630.664,16.375,0.0000,0.0000,-62.196,614.361,96.132,-104.344,625.054,96.132,0.3545,0.0000,0.0000,0,0.000,0.000,0.0000,0.0000,0,0,-104.344,625.054,96.132,0.000,0,-1.000000,1.000,28.924,-1.000000,0.0000,0.0000,0,0,0.000,1.000,19.607,-104.344,625.054,96.132,0,0,-1,99.638300
169,23.8773,open-look,-85.105,614.103,101.287,0.000,72.265,231.347,-73.633,624.075,16.375,-89.845,630.664,16.375,0.0000,0.0000,-62.178,614.451,96.145,-104.318,625.142,96.145,0.3545,0.0000,0.0000,0,0.000,0.000,0.0000,0.0000,0,0,-104.318,625.142,96.145,0.000,0,-1.000000,1.000,28.924,-1.000000,0.0000,0.0000,0,0,0.000,1.000,19.607,-104.318,625.142,96.145,0,0,-1,99.638300
170,24.0316,open-look,-85.105,614.103,101.287,0.000,72.265,231.347,-73.633,624.075,16.375,-89.845,630.664,16.375,0.0000,0.0000,-62.172,614.476,96.149,-104.310,625.166,96.149,0.3545,0.0000,0.0000,0,0.000,0.000,0.0000,0.0000,0,0,-104.310,625.166,96.149,0.000,0,-1.000000,1.000,28.924,-1.000000,0.0000,0.0000,0,0,0.000,1.000,19.607,-104.310,625.166,96.149,0,0,-1,99.638300
171,24.1850,open-look,-85.105,614.103,101.287,0.000,72.265,231.347,-73.633,624.075,16.375,-89.845,630.664,16.375,0.0000,0.0000,-62.167,614.501,96.153,-104.303,625.191,96.153,0.3545,0.0000,0.0000,0,0.000,0.000,0.0000,0.0000,0,0,-104.303,625.191,96.153,0.000,0,-1.000000,1.000,28.924,-1.000000,0.0000,0.0000,0,0,0.000,1.000,19.607,-104.303,625.191,96.153,0,0,-1,99.638300
172,24.3252,open-look,-85.105,614.103,101.287,0.000,72.265,231.347,-73.633,624.075,16.375,-89.845,630.664,16.375,0.0000,0.0000,-62.158,614.545,96.159,-104.290,625.234,96.159,0.3545,0.0000,0.0000,0,0.000,0.000,0.0000,0.0000,0,0,-104.290,625.234,96.159,0.000,0,-1.000000,1.000,28.924,-1.000000,0.0000,0.0000,0,0,0.000,1.000,19.607,-104.290,625.234,96.159,0,0,-1,99.638300
173,24.4603,open-look,-85.105,614.103,101.287,0.000,72.265,231.347,-73.633,624.075,16.375,-89.845,630.664,16.375,0.0000,0.0000,-62.163,614.519,96.155,-104.297,625.209,96.155,0.3545,0.0000,0.0000,0,0.000,0.000,0.0000,0.0000,0,0,-104.297,625.209,96.155,0.000,0,-1.000000,1.000,28.924,-1.000000,0.0000,0.0000,0,0,0.000,1.000,19.607,-104.297,625.209,96.155,0,0,-1,99.638300
174,24.5967,open-look,-85.105,614.103,101.287,0.000,72.265,231.347,-73.633,624.075,16.375,-89.845,630.664,16.375,0.0000,0.0000,-62.179,614.446,96.148,-104.319,625.137,96.148,0.3545,0.0000,0.0000,0,0.000,0.000,0.0000,0.0000,0,0,-104.319,625.137,96.148,0.000,0,-1.000000,1.000,28.924,-1.000000,0.0000,0.0000,0,0,0.000,1.000,19.607,-104.319,625.137,96.148,0,0,-1,99.638300
175,24.7504,open-look,-85.105,614.103,101.287,0.000,72.265,231.347,-73.633,624.075,16.375,-89.845,630.664,16.375,0.0000,0.0000,-62.193,614.378,96.134,-104.339,625.070,96.134,0.3545,0.0000,0.0000,0,0.000,0.000,0.0000,0.0000,0,0,-104.339,625.070,96.134,0.000,0,-1.000000,1.000,28.924,-1.000000,0.0000,0.0000,0,0,0.000,1.000,19.607,-104.339,625.070,96.134,0,0,-1,99.638300
176,24.9056,open-look,-85.105,614.103,101.287,0.000,72.265,231.347,-73.633,624.075,16.375,-89.845,630.664,16.375,0.0000,0.0000,-62.216,614.269,96.118,-104.371,624.964,96.118,0.3545,0.0000,0.0000,0,0.000,0.000,0.0000,0.0000,0,0,-104.371,624.964,96.118,0.000,0,-1.000000,1.000,28.924,-1.000000,0.0000,0.0000,0,0,0.000,1.000,19.607,-104.371,624.964,96.118,0,0,-1,99.638300
177,25.0592,open-look,-85.105,614.103,101.287,0.000,72.265,231.347,-73.633,624.075,16.375,-89.845,630.664,16.375,0.0000,0.0000,-62.236,614.169,96.104,-104.400,624.866,96.104,0.3545,0.0000,0.0000,0,0.000,0.000,0.0000,0.0000,0,0,-104.400,624.866,96.104,0.000,0,-1.000000,1.000,28.924,-1.000000,0.0000,0.0000,0,0,0.000,1.000,19.607,-104.400,624.866,96.104,0,0,-1,99.638300
178,25.2094,open-look,-85.105,614.103,101.287,0.000,72.265,231.347,-73.633,624.075,16.375,-89.845,630.664,16.375,0.0000,0.0000,-62.258,614.065,96.089,-104.431,624.764,96.089,0.3545,0.0000,0.0000,0,0.000,0.000,0.0000,0.0000,0,0,-104.431,624.764,96.089,0.000,0,-1.000000,1.000,28.924,-1.000000,0.0000,0.0000,0,0,0.000,1.000,19.607,-104.431,624.764,96.089,0,0,-1,99.638300
179,25.3471,open-look,-85.105,614.103,101.287,0.000,72.265,231.347,-73.633,624.075,16.375,-89.845,630.664,16.375,0.0000,0.0000,-62.269,614.014,96.079,-104.445,624.713,96.079,0.3545,0.0000,0.0000,0,0.000,0.000,0.0000,0.0000,0,0,-104.445,624.713,96.079,0.000,0,-1.000000,1.000,28.924,-1.000000,0.0000,0.0000,0,0,0.000,1.000,19.607,-104.445,624.713,96.079,0,0,-1,99.638300
180,25.4883,open-look,-85.105,614.103,101.287,0.000,72.265,231.347,-73.633,624.075,16.375,-89.845,630.664,16.375,0.0000,0.0000,-62.275,613.993,96.071,-104.451,624.693,96.071,0.3545,0.0000,0.0000,0,0.000,0.000,0.0000,0.0000,0,0,-104.451,624.693,96.071,0.000,0,-1.000000,1.000,28.924,-1.000000,0.0000,0.0000,0,0,0.000,1.000,19.607,-104.451,624.693,96.071,0,0,-1,99.638300
181,25.6255,open-look,-85.105,614.103,101.287,0.000,72.265,231.347,-73.633,624.075,16.375,-89.845,630.664,16.375,0.0000,0.0000,-62.293,613.899,96.066,-104.479,624.601,96.066,0.3545,0.0000,0.0000,0,0.000,0.000,0.0000,0.0000,0,0,-104.479,624.601,96.066,0.000,0,-1.000000,1.000,28.924,-1.000000,0.0000,0.0000,0,0,0.000,1.000,19.607,-104.479,624.601,96.066,0,0,-1,99.638300
182,25.7640,open-look,-85.105,614.103,101.287,0.000,72.265,231.347,-73.633,624.075,16.375,-89.845,630.664,16.375,0.0000,0.0000,-62.293,613.899,96.066,-104.479,624.601,96.066,0.3545,0.0000,0.0000,0,0.000,0.000,0.0000,0.0000,0,0,-104.479,624.601,96.066,0.000,0,-1.000000,1.000,28.924,-1.000000,0.0000,0.0000,0,0,0.000,1.000,19.607,-104.479,624.601,96.066,0,0,-1,99.638300
183,25.9019,open-look,-85.105,614.103,101.287,0.000,72.265,231.347,-73.633,624.075,16.375,-89.845,630.664,16.375,0.0000,0.0000,-62.297,613.881,96.064,-104.484,624.584,96.064,0.3545,0.0000,0.0000,0,0.000,0.000,0.0000,0.0000,0,0,-104.484,624.584,96.064,0.000,0,-1.000000,1.000,28.924,-1.000000,0.0000,0.0000,0,0,0.000,1.000,19.607,-104.484,624.584,96.064,0,0,-1,99.638300
184,26.0599,open-look,-85.105,614.103,101.287,0.000,72.265,231.347,-73.633,624.075,16.375,-89.845,630.664,16.375,0.0000,0.0000,-62.297,613.881,96.064,-104.484,624.584,96.064,0.3545,0.0000,0.0000,0,0.000,0.000,0.0000,0.0000,0,0,-104.484,624.584,96.064,0.000,0,-1.000000,1.000,28.924,-1.000000,0.0000,0.0000,0,0,0.000,1.000,19.607,-104.484,624.584,96.064,0,0,-1,99.638300
185,26.2208,portrait-idle,-85.105,614.103,101.287,0.000,72.265,231.347,-73.633,624.075,16.375,-89.845,630.664,16.375,0.0000,0.0000,-62.266,614.031,96.084,-104.441,624.731,96.084,0.3545,0.0000,0.0000,0,0.000,0.000,0.0000,0.0000,0,0,-104.441,624.731,96.084,0.000,0,-1.000000,1.000,28.924,-1.000000,0.0000,0.0000,0,0,0.000,1.000,19.607,-104.441,624.731,96.084,0,0,-1,99.638300
186,26.3604,portrait-idle,-85.105,614.103,101.287,0.000,72.265,231.347,-73.633,624.075,16.375,-89.845,630.664,16.375,0.0000,0.0000,-62.247,614.119,96.097,-104.415,624.817,96.097,0.3545,0.0000,0.0000,0,0.000,0.000,0.0000,0.0000,0,0,-104.415,624.817,96.097,0.000,0,-1.000000,1.000,28.924,-1.000000,0.0000,0.0000,0,0,0.000,1.000,19.607,-104.415,624.817,96.097,0,0,-1,99.638300
187,26.4998,portrait-idle,-85.105,614.103,101.287,0.000,72.265,231.347,-73.633,624.075,16.375,-89.845,630.664,16.375,0.0000,0.0000,-62.228,614.212,96.110,-104.388,624.908,96.110,0.3545,0.0000,0.0000,0,0.000,0.000,0.0000,0.0000,0,0,-104.388,624.908,96.110,0.000,0,-1.000000,1.000,28.924,-1.000000,0.0000,0.0000,0,0,0.000,1.000,19.607,-104.388,624.908,96.110,0,0,-1,99.638300
188,26.6378,portrait-idle,-85.105,614.103,101.287,0.000,72.265,231.347,-73.633,624.075,16.375,-89.845,630.664,16.375,0.0000,0.0000,-62.207,614.310,96.124,-104.359,625.004,96.124,0.3545,0.0000,0.0000,0,0.000,0.000,0.0000,0.0000,0,0,-104.359,625.004,96.124,0.000,0,-1.000000,1.000,28.924,-1.000000,0.0000,0.0000,0,0,0.000,1.000,19.607,-104.359,625.004,96.124,0,0,-1,99.638300
189,26.7758,portrait-idle,-85.105,614.103,101.287,0.000,72.265,231.347,-73.633,624.075,16.375,-89.845,630.664,16.375,0.0000,0.0000,-62.190,614.391,96.136,-104.335,625.083,96.136,0.3545,0.0000,0.0000,0,0.000,0.000,0.0000,0.0000,0,0,-104.335,625.083,96.136,0.000,0,-1.000000,1.000,28.924,-1.000000,0.0000,0.0000,0,0,0.000,1.000,19.607,-104.335,625.083,96.136,0,0,-1,99.638300
190,26.9145,portrait-idle,-85.105,614.103,101.287,0.000,72.265,231.347,-73.633,624.075,16.375,-89.845,630.664,16.375,0.0000,0.0000,-62.173,614.472,96.148,-104.311,625.163,96.148,0.3545,0.0000,0.0000,0,0.000,0.000,0.0000,0.0000,0,0,-104.311,625.163,96.148,0.000,0,-1.000000,1.000,28.924,-1.000000,0.0000,0.0000,0,0,0.000,1.000,19.607,-104.311,625.163,96.148,0,0,-1,99.638300
191,27.0683,portrait-idle,-85.105,614.103,101.287,0.000,72.265,231.347,-73.633,624.075,16.375,-89.845,630.664,16.375,0.0000,0.0000,-62.172,614.476,96.149,-104.310,625.166,96.149,0.3545,0.0000,0.0000,0,0.000,0.000,0.0000,0.0000,0,0,-104.310,625.166,96.149,0.000,0,-1.000000,1.000,28.924,-1.000000,0.0000,0.0000,0,0,0.000,1.000,19.607,-104.310,625.166,96.149,0,0,-1,99.638300
192,27.2243,portrait-idle,-85.105,614.103,101.287,0.000,72.265,231.347,-73.633,624.075,16.375,-89.845,630.664,16.375,0.0000,0.0000,-62.158,614.545,96.159,-104.290,625.234,96.159,0.3545,0.0000,0.0000,0,0.000,0.000,0.0000,0.0000,0,0,-104.290,625.234,96.159,0.000,0,-1.000000,1.000,28.924,-1.000000,0.0000,0.0000,0,0,0.000,1.000,19.607,-104.290,625.234,96.159,0,0,-1,99.638300
193,27.3809,portrait-idle,-85.105,614.103,101.287,0.000,72.265,231.347,-73.633,624.075,16.375,-89.845,630.664,16.375,0.0000,0.0000,-62.158,614.545,96.159,-104.290,625.234,96.159,0.3545,0.0000,0.0000,0,0.000,0.000,0.0000,0.0000,0,0,-104.290,625.234,96.159,0.000,0,-1.000000,1.000,28.924,-1.000000,0.0000,0.0000,0,0,0.000,1.000,19.607,-104.290,625.234,96.159,0,0,-1,99.638300
194,27.5356,portrait-idle,-85.105,614.103,101.287,0.000,72.265,231.347,-73.633,624.075,16.375,-89.845,630.664,16.375,0.0000,0.0000,-62.172,614.478,96.151,-104.310,625.168,96.151,0.3545,0.0000,0.0000,0,0.000,0.000,0.0000,0.0000,0,0,-104.310,625.168,96.151,0.000,0,-1.000000,1.000,28.924,-1.000000,0.0000,0.0000,0,0,0.000,1.000,19.607,-104.310,625.168,96.151,0,0,-1,99.638300
195,27.6972,portrait-idle,-85.105,614.103,101.287,0.000,72.265,231.347,-73.633,624.075,16.375,-89.845,630.664,16.375,0.0000,0.0000,-62.190,614.393,96.144,-104.334,625.085,96.144,0.3545,0.0000,0.0000,0,0.000,0.000,0.0000,0.0000,0,0,-104.334,625.085,96.144,0.000,0,-1.000000,1.000,28.924,-1.000000,0.0000,0.0000,0,0,0.000,1.000,19.607,-104.334,625.085,96.144,0,0,-1,99.638300
196,27.8551,portrait-idle,-85.105,614.103,101.287,0.000,72.265,231.347,-73.633,624.075,16.375,-89.845,630.664,16.375,0.0000,0.0000,-62.208,614.305,96.123,-104.360,624.999,96.123,0.3545,0.0000,0.0000,0,0.000,0.000,0.0000,0.0000,0,0,-104.360,624.999,96.123,0.000,0,-1.000000,1.000,28.924,-1.000000,0.0000,0.0000,0,0,0.000,1.000,19.607,-104.360,624.999,96.123,0,0,-1,99.638300
197,28.0081,portrait-idle,-85.105,614.103,101.287,0.000,72.265,231.347,-73.633,624.075,16.375,-89.845,630.664,16.375,0.0000,0.0000,-62.229,614.204,96.109,-104.390,624.901,96.109,0.3545,0.0000,0.0000,0,0.000,0.000,0.0000,0.0000,0,0,-104.390,624.901,96.109,0.000,0,-1.000000,1.000,28.924,-1.000000,0.0000,0.0000,0,0,0.000,1.000,19.607,-104.390,624.901,96.109,0,0,-1,99.638300
198,28.1466,portrait-idle,-85.105,614.103,101.287,0.000,72.265,231.347,-73.633,624.075,16.375,-89.845,630.664,16.375,0.0000,0.0000,-62.249,614.108,96.095,-104.418,624.807,96.095,0.3545,0.0000,0.0000,0,0.000,0.000,0.0000,0.0000,0,0,-104.418,624.807,96.095,0.000,0,-1.000000,1.000,28.924,-1.000000,0.0000,0.0000,0,0,0.000,1.000,19.607,-104.418,624.807,96.095,0,0,-1,99.638300
199,28.2874,portrait-idle,-85.105,614.103,101.287,0.000,72.265,231.347,-73.633,624.075,16.375,-89.845,630.664,16.375,0.0000,0.0000,-62.267,614.023,96.083,-104.443,624.722,96.083,0.3545,0.0000,0.0000,0,0.000,0.000,0.0000,0.0000,0,0,-104.443,624.722,96.083,0.000,0,-1.000000,1.000,28.924,-1.000000,0.0000,0.0000,0,0,0.000,1.000,19.607,-104.443,624.722,96.083,0,0,-1,99.638300
200,28.4248,portrait-idle,-85.105,614.103,101.287,0.000,72.265,231.347,-73.633,624.075,16.375,-89.845,630.664,16.375,0.0000,0.0000,-62.272,614.002,96.075,-104.448,624.702,96.075,0.3545,0.0000,0.0000,0,0.000,0.000,0.0000,0.0000,0,0,-104.448,624.702,96.075,0.000,0,-1.000000,1.000,28.924,-1.000000,0.0000,0.0000,0,0,0.000,1.000,19.607,-104.448,624.702,96.075,0,0,-1,99.638300
201,28.5630,portrait-idle,-85.105,614.103,101.287,0.000,72.265,231.347,-73.633,624.075,16.375,-89.845,630.664,16.375,0.0000,0.0000,-62.293,613.899,96.066,-104.479,624.601,96.066,0.3545,0.0000,0.0000,0,0.000,0.000,0.0000,0.0000,0,0,-104.479,624.601,96.066,0.000,0,-1.000000,1.000,28.924,-1.000000,0.0000,0.0000,0,0,0.000,1.000,19.607,-104.479,624.601,96.066,0,0,-1,99.638300
202,28.6997,portrait-idle,-85.105,614.103,101.287,0.000,72.265,231.347,-73.633,624.075,16.375,-89.845,630.664,16.375,0.0000,0.0000,-62.293,613.899,96.066,-104.479,624.601,96.066,0.3545,0.0000,0.0000,0,0.000,0.000,0.0000,0.0000,0,0,-104.479,624.601,96.066,0.000,0,-1.000000,1.000,28.924,-1.000000,0.0000,0.0000,0,0,0.000,1.000,19.607,-104.479,624.601,96.066,0,0,-1,99.638300
203,28.8529,portrait-idle,-85.105,614.103,101.287,0.000,72.265,231.347,-73.633,624.075,16.375,-89.845,630.664,16.375,0.0000,0.0000,-62.297,613.881,96.064,-104.484,624.584,96.064,0.3545,0.0000,0.0000,0,0.000,0.000,0.0000,0.0000,0,0,-104.484,624.584,96.064,0.000,0,-1.000000,1.000,28.924,-1.000000,0.0000,0.0000,0,0,0.000,1.000,19.607,-104.484,624.584,96.064,0,0,-1,99.638300
204,29.0072,portrait-idle,-85.105,614.103,101.287,0.000,72.265,231.347,-73.633,624.075,16.375,-89.845,630.664,16.375,0.0000,0.0000,-62.297,613.881,96.064,-104.484,624.584,96.064,0.3545,0.0000,0.0000,0,0.000,0.000,0.0000,0.0000,0,0,-104.484,624.584,96.064,0.000,0,-1.000000,1.000,28.924,-1.000000,0.0000,0.0000,0,0,0.000,1.000,19.607,-104.484,624.584,96.064,0,0,-1,99.638300
205,29.1470,portrait-idle,-85.105,614.103,101.287,0.000,72.265,231.347,-73.633,624.075,16.375,-89.845,630.664,16.375,0.0000,0.0000,-62.275,613.984,96.078,-104.454,624.685,96.078,0.3545,0.0000,0.0000,0,0.000,0.000,0.0000,0.0000,0,0,-104.454,624.685,96.078,0.000,0,-1.000000,1.000,28.924,-1.000000,0.0000,0.0000,0,0,0.000,1.000,19.607,-104.454,624.685,96.078,0,0,-1,99.638300
206,29.2864,portrait-orbit,-85.105,614.103,101.287,0.000,72.265,231.347,-73.633,624.075,16.375,-89.845,630.664,16.375,0.0000,0.0000,-62.257,614.072,96.090,-104.429,624.771,96.090,0.3545,0.0000,0.0000,0,0.000,0.000,0.0000,0.0000,0,0,-104.429,624.771,96.090,0.000,0,-1.000000,1.000,28.924,-1.000000,0.0000,0.0000,0,0,0.000,1.000,19.607,-104.429,624.771,96.090,0,0,-1,99.638300
207,29.4257,portrait-orbit,-85.105,614.103,101.287,0.000,72.265,231.347,-73.633,624.075,16.375,-89.845,630.664,16.375,0.0000,0.0000,-62.239,614.159,96.102,-104.403,624.856,96.102,0.3545,0.0000,0.0000,0,0.000,0.000,0.0000,0.0000,0,0,-104.403,624.856,96.102,0.000,0,-1.000000,1.000,28.924,-1.000000,0.0000,0.0000,0,0,0.000,1.000,19.607,-104.403,624.856,96.102,0,0,-1,99.638300
208,29.5623,portrait-orbit,-85.105,614.103,101.287,0.000,72.265,231.347,-73.633,624.075,16.375,-89.845,630.664,16.375,0.0000,0.0000,-62.218,614.256,96.116,-104.375,624.952,96.116,0.3545,0.0000,0.0000,0,0.000,0.000,0.0000,0.0000,0,0,-104.375,624.952,96.116,0.000,0,-1.000000,1.000,28.924,-1.000000,0.0000,0.0000,0,0,0.000,1.000,19.607,-104.375,624.952,96.116,0,0,-1,99.638300
209,29.6993,portrait-orbit,-85.105,614.103,101.287,0.000,72.265,231.347,-73.633,624.075,16.375,-89.845,630.664,16.375,0.0000,0.0000,-62.200,614.346,96.129,-104.349,625.039,96.129,0.3545,0.0000,0.0000,0,0.000,0.000,0.0000,0.0000,0,0,-104.349,625.039,96.129,0.000,0,-1.000000,1.000,28.924,-1.000000,0.0000,0.0000,0,0,0.000,1.000,19.607,-104.349,625.039,96.129,0,0,-1,99.638300
210,29.8547,portrait-orbit,-85.105,614.103,101.287,0.000,72.265,231.347,-73.633,624.075,16.375,-89.845,630.664,16.375,0.0000,0.0000,-62.180,614.437,96.143,-104.322,625.129,96.143,0.3545,0.0000,0.0000,0,0.000,0.000,0.0000,0.0000,0,0,-104.322,625.129,96.143,0.000,0,-1.000000,1.000,28.924,-1.000000,0.0000,0.0000,0,0,0.000,1.000,19.607,-104.322,625.129,96.143,0,0,-1,99.638300
211,30.0087,portrait-orbit,-85.105,614.103,101.287,0.000,72.265,231.347,-73.633,624.075,16.375,-89.845,630.664,16.375,0.0000,0.0000,-62.172,614.476,96.149,-104.310,625.166,96.149,0.3545,0.0000,0.0000,0,0.000,0.000,0.0000,0.0000,0,0,-104.310,625.166,96.149,0.000,0,-1.000000,1.000,28.924,-1.000000,0.0000,0.0000,0,0,0.000,1.000,19.607,-104.310,625.166,96.149,0,0,-1,99.638300
212,30.1453,portrait-orbit,-85.105,614.103,101.287,0.000,72.265,231.347,-73.633,624.075,16.375,-89.845,630.664,16.375,0.0000,0.0000,-62.172,614.476,96.149,-104.310,625.166,96.149,0.3545,0.0000,0.0000,0,0.000,0.000,0.0000,0.0000,0,0,-104.310,625.166,96.149,0.000,0,-1.000000,1.000,28.924,-1.000000,0.0000,0.0000,0,0,0.000,1.000,19.607,-104.310,625.166,96.149,0,0,-1,99.638300
213,30.2848,portrait-orbit,-85.105,614.103,101.287,0.000,72.265,231.347,-73.633,624.075,16.375,-89.845,630.664,16.375,0.0000,0.0000,-62.158,614.545,96.159,-104.290,625.234,96.159,0.3545,0.0000,0.0000,0,0.000,0.000,0.0000,0.0000,0,0,-104.290,625.234,96.159,0.000,0,-1.000000,1.000,28.924,-1.000000,0.0000,0.0000,0,0,0.000,1.000,19.607,-104.290,625.234,96.159,0,0,-1,99.638300
214,30.4243,portrait-orbit,-85.105,614.103,101.287,0.000,72.265,231.347,-73.633,624.075,16.375,-89.845,630.664,16.375,0.0000,0.0000,-62.158,614.545,96.159,-104.290,625.234,96.159,0.3545,0.0000,0.0000,0,0.000,0.000,0.0000,0.0000,0,0,-104.290,625.234,96.159,0.000,0,-1.000000,1.000,28.924,-1.000000,0.0000,0.0000,0,0,0.000,1.000,19.607,-104.290,625.234,96.159,0,0,-1,99.638300
215,30.5621,portrait-orbit,-85.105,614.103,101.287,0.000,72.265,231.347,-73.633,624.075,16.375,-89.845,630.664,16.375,0.0000,0.0000,-62.175,614.464,96.150,-104.314,625.155,96.150,0.3545,0.0000,0.0000,0,0.000,0.000,0.0000,0.0000,0,0,-104.314,625.155,96.150,0.000,0,-1.000000,1.000,28.924,-1.000000,0.0000,0.0000,0,0,0.000,1.000,19.607,-104.314,625.155,96.150,0,0,-1,99.638300
216,30.7020,portrait-orbit,-85.105,614.103,101.287,0.000,72.265,231.347,-73.633,624.075,16.375,-89.845,630.664,16.375,0.0000,0.0000,-62.191,614.391,96.144,-104.335,625.083,96.144,0.3545,0.0000,0.0000,0,0.000,0.000,0.0000,0.0000,0,0,-104.335,625.083,96.144,0.000,0,-1.000000,1.000,28.924,-1.000000,0.0000,0.0000,0,0,0.000,1.000,19.607,-104.335,625.083,96.144,0,0,-1,99.638300
217,30.8585,portrait-orbit,-85.105,614.103,101.287,0.000,72.265,231.347,-73.633,624.075,16.375,-89.845,630.664,16.375,0.0000,0.0000,-62.209,614.302,96.123,-104.361,624.996,96.123,0.3545,0.0000,0.0000,0,0.000,0.000,0.0000,0.0000,0,0,-104.361,624.996,96.123,0.000,0,-1.000000,1.000,28.924,-1.000000,0.0000,0.0000,0,0,0.000,1.000,19.607,-104.361,624.996,96.123,0,0,-1,99.638300
218,31.0083,portrait-orbit,-85.105,614.103,101.287,0.000,72.265,231.347,-73.633,624.075,16.375,-89.845,630.664,16.375,0.0000,0.0000,-62.229,614.204,96.109,-104.390,624.901,96.109,0.3545,0.0000,0.0000,0,0.000,0.000,0.0000,0.0000,0,0,-104.390,624.901,96.109,0.000,0,-1.000000,1.000,28.924,-1.000000,0.0000,0.0000,0,0,0.000,1.000,19.607,-104.390,624.901,96.109,0,0,-1,99.638300
219,31.1455,portrait-orbit,-85.105,614.103,101.287,0.000,72.265,231.347,-73.633,624.075,16.375,-89.845,630.664,16.375,0.0000,0.0000,-62.249,614.109,96.095,-104.418,624.807,96.095,0.3545,0.0000,0.0000,0,0.000,0.000,0.0000,0.0000,0,0,-104.418,624.807,96.095,0.000,0,-1.000000,1.000,28.924,-1.000000,0.0000,0.0000,0,0,0.000,1.000,19.607,-104.418,624.807,96.095,0,0,-1,99.638300
220,31.2847,portrait-orbit,-85.105,614.103,101.287,0.000,72.265,231.347,-73.633,624.075,16.375,-89.845,630.664,16.375,0.0000,0.0000,-62.267,614.023,96.083,-104.443,624.723,96.083,0.3545,0.0000,0.0000,0,0.000,0.000,0.0000,0.0000,0,0,-104.443,624.723,96.083,0.000,0,-1.000000,1.000,28.924,-1.000000,0.0000,0.0000,0,0,0.000,1.000,19.607,-104.443,624.723,96.083,0,0,-1,99.638300
221,31.4231,portrait-orbit,-85.105,614.103,101.287,0.000,72.265,231.347,-73.633,624.075,16.375,-89.845,630.664,16.375,0.0000,0.0000,-62.272,614.003,96.075,-104.448,624.702,96.075,0.3545,0.0000,0.0000,0,0.000,0.000,0.0000,0.0000,0,0,-104.448,624.702,96.075,0.000,0,-1.000000,1.000,28.924,-1.000000,0.0000,0.0000,0,0,0.000,1.000,19.607,-104.448,624.702,96.075,0,0,-1,99.638300
222,31.5597,portrait-orbit,-85.105,614.103,101.287,0.000,72.265,231.347,-73.633,624.075,16.375,-89.845,630.664,16.375,0.0000,0.0000,-62.291,613.913,96.067,-104.475,624.614,96.067,0.3545,0.0000,0.0000,0,0.000,0.000,0.0000,0.0000,0,0,-104.475,624.614,96.067,0.000,0,-1.000000,1.000,28.924,-1.000000,0.0000,0.0000,0,0,0.000,1.000,19.607,-104.475,624.614,96.067,0,0,-1,99.638300
223,31.6954,portrait-orbit,-85.105,614.103,101.287,0.000,72.265,231.347,-73.633,624.075,16.375,-89.845,630.664,16.375,0.0000,0.0000,-62.293,613.899,96.066,-104.479,624.601,96.066,0.3545,0.0000,0.0000,0,0.000,0.000,0.0000,0.0000,0,0,-104.479,624.601,96.066,0.000,0,-1.000000,1.000,28.924,-1.000000,0.0000,0.0000,0,0,0.000,1.000,19.607,-104.479,624.601,96.066,0,0,-1,99.638300
224,31.8530,portrait-orbit,-85.105,614.103,101.287,0.000,72.265,231.347,-73.633,624.075,16.375,-89.845,630.664,16.375,0.0000,0.0000,-62.297,613.881,96.064,-104.484,624.584,96.064,0.3545,0.0000,0.0000,0,0.000,0.000,0.0000,0.0000,0,0,-104.484,624.584,96.064,0.000,0,-1.000000,1.000,28.924,-1.000000,0.0000,0.0000,0,0,0.000,1.000,19.607,-104.484,624.584,96.064,0,0,-1,99.638300
225,32.0155,portrait-orbit,-85.105,614.103,101.287,0.000,72.265,231.347,-73.633,624.075,16.375,-89.845,630.664,16.375,0.0000,0.0000,-62.297,613.881,96.064,-104.484,624.584,96.064,0.3545,0.0000,0.0000,0,0.000,0.000,0.0000,0.0000,0,0,-104.484,624.584,96.064,0.000,0,-1.000000,1.000,28.924,-1.000000,0.0000,0.0000,0,0,0.000,1.000,19.607,-104.484,624.584,96.064,0,0,-1,99.638300
226,32.1634,portrait-orbit,-85.105,614.103,101.287,0.000,72.265,231.347,-73.633,624.075,16.375,-89.845,630.664,16.375,0.0000,0.0000,-62.273,613.994,96.079,-104.451,624.695,96.080,0.3545,0.0000,0.0000,0,0.000,0.000,0.0000,0.0000,0,0,-104.451,624.695,96.080,0.000,0,-1.000000,1.000,28.924,-1.000000,0.0000,0.0000,0,0,0.000,1.000,19.607,-104.451,624.695,96.080,0,0,-1,99.638300
227,32.3026,portrait-orbit,-85.105,614.103,101.287,0.000,72.265,231.347,-73.633,624.075,16.375,-89.845,630.664,16.375,0.0000,0.0000,-62.255,614.083,96.092,-104.425,624.782,96.092,0.3545,0.0000,0.0000,0,0.000,0.000,0.0000,0.0000,0,0,-104.425,624.782,96.092,0.000,0,-1.000000,1.000,28.924,-1.000000,0.0000,0.0000,0,0,0.000,1.000,19.607,-104.425,624.782,96.092,0,0,-1,99.638300
228,32.4432,portrait-orbit,-85.105,614.103,101.287,0.000,72.265,231.347,-73.633,624.075,16.375,-89.845,630.664,16.375,0.0000,0.0000,-62.236,614.171,96.104,-104.400,624.868,96.104,0.3545,0.0000,0.0000,0,0.000,0.000,0.0000,0.0000,0,0,-104.400,624.868,96.104,0.000,0,-1.000000,1.000,28.924,-1.000000,0.0000,0.0000,0,0,0.000,1.000,19.607,-104.400,624.868,96.104,0,0,-1,99.638300
229,32.5842,portrait-orbit,-85.105,614.103,101.287,0.000,72.265,231.347,-73.633,624.075,16.375,-89.845,630.664,16.375,0.0000,0.0000,-62.215,614.272,96.119,-104.370,624.967,96.119,0.3545,0.0000,0.0000,0,0.000,0.000,0.0000,0.0000,0,0,-104.370,624.967,96.119,0.000,0,-1.000000,1.000,28.924,-1.000000,0.0000,0.0000,0,0,0.000,1.000,19.607,-104.370,624.967,96.119,0,0,-1,99.638300
230,32.7425,portrait-orbit,-85.105,614.103,101.287,0.000,72.265,231.347,-73.633,624.075,16.375,-89.845,630.664,16.375,0.0000,0.0000,-62.194,614.371,96.133,-104.341,625.064,96.133,0.3545,0.0000,0.0000,0,0.000,0.000,0.0000,0.0000,0,0,-104.341,625.064,96.133,0.000,0,-1.000000,1.000,28.924,-1.000000,0.0000,0.0000,0,0,0.000,1.000,19.607,-104.341,625.064,96.133,0,0,-1,99.638300
231,32.9020,portrait-orbit,-85.105,614.103,101.287,0.000,72.265,231.347,-73.633,624.075,16.375,-89.845,630.664,16.375,0.0000,0.0000,-62.175,614.465,96.147,-104.313,625.156,96.147,0.3545,0.0000,0.0000,0,0.000,0.000,0.0000,0.0000,0,0,-104.313,625.156,96.147,0.000,0,-1.000000,1.000,28.924,-1.000000,0.0000,0.0000,0,0,0.000,1.000,19.607,-104.313,625.156,96.147,0,0,-1,99.638300
232,33.0645,portrait-orbit,-85.105,614.103,101.287,0.000,72.265,231.347,-73.633,624.075,16.375,-89.845,630.664,16.375,0.0000,0.0000,-62.172,614.476,96.149,-104.310,625.166,96.149,0.3545,0.0000,0.0000,0,0.000,0.000,0.0000,0.0000,0,0,-104.310,625.166,96.149,0.000,0,-1.000000,1.000,28.924,-1.000000,0.0000,0.0000,0,0,0.000,1.000,19.607,-104.310,625.166,96.149,0,0,-1,99.638300
233,33.2234,portrait-orbit,-85.105,614.103,101.287,0.000,72.265,231.347,-73.633,624.075,16.375,-89.845,630.664,16.375,0.0000,0.0000,-62.158,614.545,96.159,-104.290,625.234,96.159,0.3545,0.0000,0.0000,0,0.000,0.000,0.0000,0.0000,0,0,-104.290,625.234,96.159,0.000,0,-1.000000,1.000,28.924,-1.000000,0.0000,0.0000,0,0,0.000,1.000,19.607,-104.290,625.234,96.159,0,0,-1,99.638300
234,33.3629,return-to-world,-85.105,614.103,101.287,0.000,72.265,231.347,-73.633,624.075,16.375,-89.845,630.664,16.375,0.0000,0.0000,-62.158,614.545,96.159,-104.290,625.234,96.159,0.3545,0.0000,0.0000,0,0.000,0.000,0.0000,0.0000,0,0,-104.290,625.234,96.159,0.000,0,-1.000000,1.000,28.924,-1.000000,0.0000,0.0000,0,0,0.000,1.000,19.607,-104.290,625.234,96.159,0,0,-1,99.638300
235,33.4980,return-to-world,-85.105,614.103,101.287,0.000,72.265,231.347,-73.633,624.075,16.375,-89.845,630.664,16.375,0.0000,0.0000,-62.168,614.497,96.153,-104.304,625.187,96.153,0.3545,0.0000,0.0000,0,0.000,0.000,0.0000,0.0000,0,0,-104.304,625.187,96.153,0.000,0,-1.000000,1.000,28.924,-1.000000,0.0000,0.0000,0,0,0.000,1.000,19.607,-104.304,625.187,96.153,0,0,-1,99.636136
236,33.6526,return-to-world,-85.105,614.103,101.287,0.000,72.265,231.347,-73.633,624.075,16.375,-89.845,630.664,16.375,0.0000,0.0000,-62.185,614.417,96.146,-104.327,625.108,96.146,0.3545,0.0000,0.0000,0,0.000,0.000,0.0000,0.0000,0,0,-104.327,625.108,96.146,0.000,0,-1.000000,1.000,28.924,-1.000000,0.0000,0.0000,0,0,0.000,1.000,19.607,-104.327,625.108,96.146,0,0,-1,99.633665
237,33.8048,return-to-world,-85.105,614.103,101.287,0.000,72.265,231.347,-73.633,624.075,16.375,-89.845,630.664,16.375,0.0000,0.0000,-62.201,614.340,96.128,-104.350,625.033,96.128,0.3545,0.0000,0.0000,0,0.000,0.000,0.0000,0.0000,0,0,-104.350,625.033,96.128,0.000,0,-1.000000,1.000,28.924,-1.000000,0.0000,0.0000,0,0,0.000,1.000,19.607,-104.350,625.033,96.128,0,0,-1,99.631228
238,33.9405,return-to-world,-85.105,614.103,101.287,0.000,72.265,231.347,-73.633,624.075,16.375,-89.845,630.664,16.375,0.0000,0.0000,-62.221,614.245,96.115,-104.378,624.941,96.115,0.3545,0.0000,0.0000,0,0.000,0.000,0.0000,0.0000,0,0,-104.378,624.941,96.115,0.000,0,-1.000000,1.000,28.924,-1.000000,0.0000,0.0000,0,0,0.000,1.000,19.607,-104.378,624.941,96.115,0,0,-1,99.629064
239,34.0796,return-to-world,-85.105,614.103,101.287,0.000,72.265,231.347,-73.633,624.075,16.375,-89.845,630.664,16.375,0.0000,0.0000,-62.239,614.155,96.102,-104.404,624.852,96.102,0.3545,0.0000,0.0000,0,0.000,0.000,0.0000,0.0000,0,0,-104.404,624.852,96.102,0.000,0,-1.000000,1.000,28.924,-1.000000,0.0000,0.0000,0,0,0.000,1.000,19.607,-104.404,624.852,96.102,0,0,-1,99.626831
240,34.2203,return-to-world,-85.105,614.103,101.287,0.000,72.265,231.347,-73.633,624.075,16.375,-89.845,630.664,16.375,0.0000,0.0000,-62.260,614.057,96.088,-104.433,624.757,96.088,0.3545,0.0000,0.0000,0,0.000,0.000,0.0000,0.0000,0,0,-104.433,624.757,96.088,0.000,0,-1.000000,1.000,28.924,-1.000000,0.0000,0.0000,0,0,0.000,1.000,19.607,-104.433,624.757,96.088,0,0,-1,99.624583
241,34.3552,return-to-world,-85.105,614.103,101.287,0.000,72.265,231.347,-73.633,624.075,16.375,-89.845,630.664,16.375,0.0000,0.0000,-62.270,614.013,96.079,-104.446,624.712,96.079,0.3545,0.0000,0.0000,0,0.000,0.000,0.0000,0.0000,0,0,-104.446,624.712,96.079,0.000,0,-1.000000,1.000,28.924,-1.000000,0.0000,0.0000,0,0,0.000,1.000,19.607,-104.446,624.712,96.079,0,0,-1,99.622422
242,34.4923,walk-to-forage,-85.105,614.103,101.287,0.000,72.265,231.347,-73.633,624.075,16.375,-89.845,630.664,16.375,0.0000,0.0000,-62.275,613.993,96.070,-104.451,624.692,96.070,0.3545,0.0000,0.0000,0,-100.000,550.000,0.0000,0.0000,0,0,-104.451,624.692,96.070,0.000,0,-1.000000,1.000,28.924,-1.000000,0.0000,0.0000,0,0,0.000,1.000,19.607,-104.451,624.692,96.070,0,0,0,99.620233
243,34.6285,walk-to-forage,-86.463,612.404,101.217,23.880,113.202,237.314,-79.610,618.467,15.877,-107.253,634.726,18.092,0.6823,0.1990,-66.047,622.202,92.652,-110.259,613.206,93.607,0.3817,0.0000,0.0000,0,-100.000,550.000,0.0000,0.0000,0,0,-110.259,613.206,93.607,0.000,0,-1.000000,1.000,28.924,-1.000000,0.0000,0.0000,0,0,0.000,1.000,19.607,-110.259,613.206,93.607,0,0,0,99.618049
244,34.7637,walk-to-forage,-89.412,608.073,101.048,45.000,153.688,241.391,-78.585,612.781,16.321,-130.389,615.740,17.797,1.0000,0.3750,-81.148,628.601,90.320,-107.822,592.711,91.234,0.4323,0.0000,0.0000,0,-100.000,550.000,0.0000,0.0000,0,0,-107.822,592.711,91.234,0.000,0,-1.000000,1.000,28.924,-1.000000,0.0000,0.0000,0,0,0.000,1.000,19.607,-107.822,592.711,91.234,0,0,0,99.615890
245,34.9173,walk-to-forage,-92.876,602.088,100.828,45.000,-160.211,245.152,-82.407,616.045,15.887,-129.389,576.967,15.906,1.0000,0.3750,-106.056,620.221,89.586,-90.378,579.615,89.731,0.4899,0.0000,0.0000,0,-100.000,550.000,0.0000,0.0000,0,0,-90.378,579.615,89.731,0.000,0,-1.000000,1.000,28.924,-1.000000,0.0000,0.0000,0,0,0.000,1.000,19.607,-90.378,579.615,89.731,0,0,0,99.613431
246,35.0734,walk-to-forage,-95.966,595.792,100.610,45.000,-114.848,248.467,-98.692,612.722,16.268,-101.759,557.390,15.475,1.0000,0.3750,-119.372,594.744,89.931,-76.080,586.088,89.265,0.5483,0.0000,0.0000,0,-100.000,550.000,0.0000,0.0000,0,0,-76.080,586.088,89.265,0.000,0,-1.000000,1.000,28.924,-1.000000,0.0000,0.0000,0,0,0.000,1.000,19.607,-76.080,586.088,89.265,0,0,0,99.610937
247,35.2348,walk-to-forage,-98.767,589.078,100.388,45.000,-111.533,251.667,-104.005,600.236,18.829,-99.797,557.165,15.443,1.0000,0.3750,-122.586,582.589,91.538,-76.397,584.546,90.180,0.6090,0.0000,0.0000,0,-100.000,550.000,0.0000,0.0000,0,0,-76.397,584.546,90.180,0.000,0,-1.000000,1.000,28.924,-1.000000,0.0000,0.0000,0,0,0.000,1.000,19.607,-76.397,584.546,90.180,0,0,0,99.608351
248,35.3948,walk-to-forage,-101.153,582.298,100.173,45.000,-108.333,254.839,-109.278,584.874,21.517,-98.630,557.371,15.061,1.0000,0.3750,-124.969,571.690,92.885,-77.614,581.971,91.059,0.6689,0.0000,0.0000,0,-100.000,550.000,0.0000,0.0000,0,0,-77.614,581.971,91.059,0.000,0,-1.000000,1.000,28.924,-1.000000,0.0000,0.0000,0,0,0.000,1.000,19.607,-77.614,581.971,91.059,0,0,0,99.605795
249,35.5332,settle-forage,-101.153,582.298,100.173,0.000,-108.333,254.839,-111.619,576.646,16.107,-97.225,563.026,14.919,0.3060,0.0000,-124.462,579.111,94.083,-80.507,574.510,93.496,0.6689,0.0000,0.0000,0,-100.000,550.000,0.0000,0.0000,0,0,-80.507,574.510,93.496,0.000,0,-1.000000,1.000,28.924,-1.000000,0.0000,0.0000,0,0,0.000,1.000,19.607,-80.507,574.510,93.496,0,0,0,99.603574
250,35.6720,settle-forage,-101.153,582.298,100.173,0.000,-108.333,254.839,-112.728,572.446,15.261,-96.585,565.688,15.261,0.0000,0.0000,-124.056,582.311,95.013,-82.019,571.177,95.013,0.6689,0.0000,0.0000,0,-100.000,550.000,0.0000,0.0000,0,0,-82.019,571.177,95.013,0.000,0,-1.000000,1.000,28.924,-1.000000,0.0000,0.0000,0,0,0.000,1.000,19.607,-82.019,571.177,95.013,0,0,0,99.601356
251,35.8116,settle-forage,-101.153,582.298,100.173,0.000,-108.333,254.839,-112.728,572.446,15.261,-96.585,565.688,15.261,0.0000,0.0000,-124.074,582.228,95.025,-82.044,571.097,95.025,0.6689,0.0000,0.0000,0,-100.000,550.000,0.0000,0.0000,0,0,-82.044,571.097,95.025,0.000,0,-1.000000,1.000,28.924,-1.000000,0.0000,0.0000,0,0,0.000,1.000,19.607,-82.044,571.097,95.025,0,0,0,99.599118
252,35.9513,settle-forage,-101.153,582.298,100.173,0.000,-108.333,254.839,-112.728,572.446,15.261,-96.585,565.688,15.261,0.0000,0.0000,-124.088,582.165,95.034,-82.064,571.035,95.034,0.6689,0.0000,0.0000,0,-100.000,550.000,0.0000,0.0000,0,0,-82.064,571.035,95.034,0.000,0,-1.000000,1.000,28.924,-1.000000,0.0000,0.0000,0,0,0.000,1.000,19.607,-82.064,571.035,95.034,0,0,0,99.596887
253,36.1117,settle-forage,-101.153,582.298,100.173,0.000,-108.333,254.839,-112.728,572.446,15.261,-96.585,565.688,15.261,0.0000,0.0000,-124.088,582.165,95.034,-82.064,571.035,95.034,0.6689,0.0000,0.0000,0,-100.000,550.000,0.0000,0.0000,0,0,-82.064,571.035,95.034,0.000,0,-1.000000,1.000,28.924,-1.000000,0.0000,0.0000,0,0,0.000,1.000,19.607,-82.064,571.035,95.034,0,0,0,99.594316
254,36.2673,view-picking-side,-101.153,582.298,100.173,0.000,-108.333,254.839,-112.728,572.446,15.261,-96.585,565.688,15.261,0.0000,0.0000,-124.103,582.095,95.045,-82.085,570.968,95.045,0.6689,0.0000,0.0000,0,-100.000,550.000,0.0000,0.0000,0,0,-82.085,570.968,95.045,0.000,0,-1.000000,1.000,28.924,-1.000000,0.0000,0.0000,0,0,0.000,1.000,19.607,-82.085,570.968,95.045,0,0,0,99.591830
255,36.4164,view-picking-side,-101.153,582.298,100.173,0.000,-108.333,246.857,-112.728,572.446,15.261,-96.585,565.688,15.261,0.0000,0.0000,-124.103,582.095,95.045,-82.085,570.968,95.045,0.6689,0.0000,0.0000,0,-100.000,550.000,0.0000,0.0000,0,0,-82.085,570.968,95.045,0.000,0,-1.000000,1.000,28.924,-1.000000,0.0000,0.0000,0,0,0.000,1.000,19.607,-82.085,570.968,95.045,0,0,0,99.589441
256,36.5544,view-picking-side,-101.153,582.298,100.173,0.000,-108.333,239.505,-112.728,572.446,15.261,-96.585,565.688,15.261,0.0000,0.0000,-124.086,582.173,95.036,-82.062,571.043,95.036,0.6689,0.0000,0.0000,0,-100.000,550.000,0.0000,0.0000,0,0,-82.062,571.043,95.036,0.000,0,-1.000000,1.000,28.924,-1.000000,0.0000,0.0000,0,0,0.000,1.000,19.607,-82.062,571.043,95.036,0,0,0,99.587239
257,36.7117,view-picking-side,-101.153,582.298,100.173,0.000,-108.333,231.082,-112.728,572.446,15.261,-96.585,565.688,15.261,0.0000,0.0000,-124.068,582.255,95.029,-82.037,571.123,95.029,0.6689,0.0000,0.0000,0,-100.000,550.000,0.0000,0.0000,0,0,-82.037,571.123,95.029,0.000,0,-1.000000,1.000,28.924,-1.000000,0.0000,0.0000,0,0,0.000,1.000,19.607,-82.037,571.123,95.029,0,0,0,99.584717
258,36.8725,view-picking-side,-101.153,582.298,100.173,0.000,-108.333,222.502,-112.728,572.446,15.261,-96.585,565.688,15.261,0.0000,0.0000,-124.048,582.348,95.007,-82.008,571.213,95.007,0.6689,0.0000,0.0000,0,-100.000,550.000,0.0000,0.0000,0,0,-82.008,571.213,95.007,0.000,0,-1.000000,1.000,28.924,-1.000000,0.0000,0.0000,0,0,0.000,1.000,19.607,-82.008,571.213,95.007,0,0,0,99.582148
259,37.0320,view-picking-side,-101.153,582.298,100.173,0.000,-108.333,213.968,-112.728,572.446,15.261,-96.585,565.688,15.261,0.0000,0.0000,-124.025,582.452,94.992,-81.976,571.316,94.992,0.6689,0.0000,0.0000,0,-100.000,550.000,0.0000,0.0000,0,0,-81.976,571.316,94.992,0.000,0,-1.000000,1.000,28.924,-1.000000,0.0000,0.0000,0,0,0.000,1.000,19.607,-81.976,571.316,94.992,0,0,0,99.579593
260,37.1813,view-picking-side,-101.153,582.298,100.173,0.000,-108.333,206.000,-112.728,572.446,15.261,-96.585,565.688,15.261,0.0000,0.0000,-124.002,582.555,94.978,-81.945,571.417,94.978,0.6689,0.0000,0.0000,0,-100.000,550.000,0.0000,0.0000,0,0,-81.945,571.417,94.978,0.000,0,-1.000000,1.000,28.924,-1.000000,0.0000,0.0000,0,0,0.000,1.000,19.607,-81.945,571.417,94.978,0,0,0,99.577207
261,37.3299,view-picking-side,-101.153,582.298,100.173,0.000,-108.333,198.045,-112.728,572.446,15.261,-96.585,565.688,15.261,0.0000,0.0000,-123.987,582.623,94.966,-81.925,571.484,94.966,0.6689,0.0000,0.0000,0,-100.000,550.000,0.0000,0.0000,0,0,-81.925,571.484,94.966,0.000,0,-1.000000,1.000,28.924,-1.000000,0.0000,0.0000,0,0,0.000,1.000,19.607,-81.925,571.484,94.966,0,0,0,99.574826
262,37.4787,before-pick,-101.153,582.298,100.173,0.000,-108.333,190.107,-112.728,572.446,15.261,-96.585,565.688,15.261,0.0000,0.0000,-123.981,582.645,94.957,-81.919,571.506,94.957,0.6689,0.0000,0.0000,0,-100.000,550.000,0.0000,0.0000,0,0,-81.919,571.506,94.957,0.000,0,-1.000000,1.000,28.924,-1.000000,0.0000,0.0000,0,0,0.000,1.000,19.607,-81.919,571.506,94.957,0,0,0,99.572449
263,37.6243,before-pick,-101.153,582.298,100.173,0.000,-108.333,190.107,-112.728,572.446,15.261,-96.585,565.688,15.261,0.0000,0.0000,-123.961,582.741,94.952,-81.889,571.599,94.952,0.6689,0.0000,0.0000,0,-100.000,550.000,0.0000,0.0000,0,0,-81.889,571.599,94.952,0.000,0,-1.000000,1.000,28.924,-1.000000,0.0000,0.0000,0,0,0.000,1.000,19.607,-81.889,571.599,94.952,0,0,0,99.570114
264,37.7651,before-pick,-101.153,582.298,100.173,0.000,-108.333,190.107,-112.728,572.446,15.261,-96.585,565.688,15.261,0.0000,0.0000,-123.961,582.741,94.952,-81.889,571.599,94.952,0.6689,0.0000,0.0000,0,-100.000,550.000,0.0000,0.0000,0,0,-81.889,571.599,94.952,0.000,0,-1.000000,1.000,28.924,-1.000000,0.0000,0.0000,0,0,0.000,1.000,19.607,-81.889,571.599,94.952,0,0,0,99.567865
265,37.8906,before-pick,-101.153,582.298,100.173,0.000,-108.333,190.107,-112.728,572.446,15.261,-96.585,565.688,15.261,0.0000,0.0000,-123.957,582.758,94.950,-81.884,571.616,94.950,0.6689,0.0000,0.0000,0,-100.000,550.000,0.0000,0.0000,0,0,-81.884,571.616,94.950,0.000,0,-1.000000,1.000,28.924,-1.000000,0.0000,0.0000,0,0,0.000,1.000,19.607,-81.884,571.616,94.950,0,0,0,99.565855
266,38.0305,before-pick,-101.153,582.298,100.173,0.000,-108.333,190.107,-112.728,572.446,15.261,-96.585,565.688,15.261,0.0000,0.0000,-123.957,582.758,94.950,-81.884,571.616,94.950,0.6689,0.0000,0.0000,0,-100.000,550.000,0.0000,0.0000,0,0,-81.884,571.616,94.950,0.000,0,-1.000000,1.000,28.924,-1.000000,0.0000,0.0000,0,0,0.000,1.000,19.607,-81.884,571.616,94.950,0,0,0,99.563619
267,38.1729,before-pick,-101.153,582.298,100.173,0.000,-108.333,190.107,-112.728,572.446,15.261,-96.585,565.688,15.261,0.0000,0.0000,-123.983,582.639,94.966,-81.920,571.499,94.966,0.6689,0.0000,0.0000,0,-100.000,550.000,0.0000,0.0000,0,0,-81.920,571.499,94.966,0.000,0,-1.000000,1.000,28.924,-1.000000,0.0000,0.0000,0,0,0.000,1.000,19.607,-81.920,571.499,94.966,0,0,0,99.561338
268,38.3028,gather,-101.153,582.298,100.173,0.000,-108.333,190.107,-112.728,572.446,15.261,-96.585,565.688,15.261,0.0000,0.0000,-124.002,582.557,94.977,-81.945,571.418,94.977,0.6689,0.0000,0.0000,0,-100.000,550.000,0.0000,0.0000,0,0,-81.945,571.418,94.977,0.000,0,-1.000000,1.000,28.924,-1.000000,0.0000,0.0000,0,0,0.000,1.000,19.607,-81.945,571.418,94.977,0,0,0,99.559262
269,38.4357,gather,-101.153,582.298,100.173,0.000,-108.333,190.107,-112.714,572.484,15.184,-96.584,565.722,15.181,0.0000,0.0000,-123.623,583.966,92.522,-81.969,571.996,92.556,0.6689,1.0000,0.1326,1,-100.000,550.000,0.0000,0.0000,0,0,-81.969,571.996,92.556,0.000,0,-1.000000,1.000,28.924,-1.000000,0.0000,0.0000,0,0,0.000,1.000,19.607,-81.969,571.996,92.556,0,0,0,99.557140
270,38.5649,gather,-101.153,582.298,100.173,0.000,-108.333,190.107,-112.723,572.438,15.170,-96.579,565.694,15.165,0.0000,0.0000,-122.794,587.094,87.800,-84.455,567.260,88.683,0.6689,1.0000,0.2622,1,-100.000,550.000,0.0000,0.0000,0,0,-84.455,567.260,88.683,0.000,0,-1.000000,1.000,28.924,-1.000000,0.0000,0.0000,0,0,0.000,1.000,19.607,-84.455,567.260,88.683,0,0,0,99.555066
271,38.7138,gather,-101.153,582.298,100.173,0.000,-108.333,190.107,-112.731,572.420,15.294,-96.583,565.679,15.301,0.0000,0.0000,-121.913,590.424,83.393,-91.643,551.510,92.156,0.6689,1.0000,0.4110,1,-100.000,550.000,0.0000,0.0000,0,0,-91.643,551.510,92.156,0.000,0,-1.000000,1.000,28.924,-1.000000,0.0000,0.0000,0,0,0.000,1.000,19.607,-91.643,551.510,92.156,0,0,0,99.552686
272,38.8601,gather,-101.153,582.298,100.173,0.000,-108.333,190.107,-112.744,572.425,15.280,-96.591,565.623,15.288,0.0000,0.0000,-121.717,591.161,82.392,-93.712,547.943,95.701,0.6689,1.0000,0.5575,1,-100.000,550.000,0.0000,0.0000,0,0,-93.712,547.943,95.701,0.000,0,-1.000000,1.000,28.924,-1.000000,0.0000,0.0000,0,0,0.000,1.000,19.607,-93.712,547.943,95.701,0,0,0,99.550342
273,39.0051,gather,-101.153,582.298,100.173,0.000,-108.333,190.107,-112.777,572.325,15.299,-96.587,565.622,15.288,0.0000,0.0000,-121.717,591.161,82.392,-93.026,550.642,97.688,0.6689,1.0000,0.7022,1,-100.000,550.000,0.0000,0.0000,0,0,-93.026,550.642,97.688,0.000,0,-1.000000,1.000,28.924,-1.000000,0.0000,0.0000,0,0,0.000,1.000,19.607,-93.026,550.642,97.688,0,0,0,99.548026
274,39.1333,gather,-101.153,582.298,100.173,0.000,-108.333,190.107,-112.777,572.325,15.299,-96.587,565.622,15.288,0.0000,0.0000,-121.717,591.161,82.392,-93.312,549.415,96.772,0.6689,1.0000,0.8305,1,-100.000,550.000,0.0000,0.0000,0,0,-93.312,549.415,96.772,0.000,0,-1.000000,1.000,28.924,-1.000000,0.0000,0.0000,0,0,0.000,1.000,19.607,-93.312,549.415,96.772,0,0,0,99.545973
275,39.2616,gather,-101.153,582.298,100.173,0.000,-108.333,190.107,-112.677,572.580,14.969,-96.564,565.727,14.964,0.0000,0.0000,-121.834,590.721,82.750,-92.324,550.195,92.705,0.6689,1.0000,0.9587,1,-100.000,550.000,0.0000,0.0000,0,0,-92.324,550.195,92.705,0.000,0,-1.000000,1.000,28.924,-1.000000,0.0000,0.0000,0,0,0.000,1.000,19.607,-92.324,550.195,92.705,0,0,0,99.543922
276,39.3872,gather,-101.153,582.298,100.173,0.000,-108.333,190.107,-112.735,572.421,15.183,-96.580,565.725,15.191,0.0000,0.0000,-122.252,589.143,85.031,-88.227,558.721,89.059,0.6689,1.0000,1.0846,1,-100.000,550.000,0.0000,0.0000,0,0,-88.227,558.721,89.059,0.000,0,-1.000000,1.000,28.924,-1.000000,0.0000,0.0000,0,0,0.000,1.000,19.607,-88.227,558.721,89.059,0,0,0,99.541909
277,39.5153,gather,-101.153,582.298,100.173,0.000,-108.333,190.107,-112.755,572.410,15.243,-96.582,565.800,15.236,0.0000,0.0000,-122.818,587.006,88.042,-84.327,567.502,88.861,0.6689,1.0000,1.2125,1,-100.000,550.000,0.0000,0.0000,0,0,-84.327,567.502,88.861,0.000,0,-1.000000,1.000,28.924,-1.000000,0.0000,0.0000,0,0,0.000,1.000,19.607,-84.327,567.502,88.861,0,0,0,99.539862
278,39.6577,gather,-101.153,582.298,100.173,0.000,-108.333,190.107,-112.734,572.432,15.091,-96.590,565.601,15.093,0.0000,0.0000,-123.446,584.635,91.416,-82.174,571.799,91.496,0.6689,1.0000,1.3551,1,-100.000,550.000,0.0000,0.0000,0,0,-82.174,571.799,91.496,0.000,0,-1.000000,1.000,28.924,-1.000000,0.0000,0.0000,0,0,0.000,1.000,19.607,-82.174,571.799,91.496,0,0,0,99.537580
279,39.8036,gather,-101.153,582.298,100.173,0.000,-108.333,190.107,-112.732,572.444,15.255,-96.584,565.690,15.253,0.0000,0.0000,-124.046,582.348,94.950,-82.012,571.215,94.949,0.6689,0.0903,1.5006,1,-100.000,550.000,0.0000,0.0000,0,0,-82.012,571.215,94.949,0.000,0,-1.000000,1.000,28.924,-1.000000,0.0000,0.0000,0,0,0.000,1.000,19.607,-82.012,571.215,94.949,0,0,0,99.535251
280,39.9323,gather,-101.153,582.298,100.173,0.000,-108.333,190.107,-112.728,572.446,15.261,-96.585,565.688,15.261,0.0000,0.0000,-124.038,582.389,95.001,-81.996,571.254,95.001,0.6689,0.0000,1.6000,1,-100.000,550.000,0.0000,0.0000,0,0,-81.996,571.254,95.001,0.000,0,-1.000000,1.000,28.924,-1.000000,0.0000,0.0000,0,0,0.000,1.000,19.607,-81.996,571.254,95.001,0,0,0,99.533187
281,40.0600,gather,-101.153,582.298,100.173,0.000,-108.333,190.107,-112.728,572.446,15.261,-96.585,565.688,15.261,0.0000,0.0000,-124.020,582.471,94.989,-81.971,571.335,94.990,0.6689,0.0000,1.6000,1,-100.000,550.000,0.0000,0.0000,0,0,-81.971,571.335,94.990,0.000,0,-1.000000,1.000,28.924,-1.000000,0.0000,0.0000,0,0,0.000,1.000,19.607,-81.971,571.335,94.990,0,0,0,99.531149
282,40.1900,gather,-101.153,582.298,100.173,0.000,-108.333,190.107,-112.728,572.446,15.261,-96.585,565.688,15.261,0.0000,0.0000,-124.001,582.561,94.977,-81.943,571.423,94.977,0.6689,0.0000,1.6000,1,-100.000,550.000,0.0000,0.0000,0,0,-81.943,571.423,94.977,0.000,0,-1.000000,1.000,28.924,-1.000000,0.0000,0.0000,0,0,0.000,1.000,19.607,-81.943,571.423,94.977,0,0,0,99.529065
283,40.3294,gather,-101.153,582.298,100.173,0.000,-108.333,190.107,-112.728,572.446,15.261,-96.585,565.688,15.261,0.0000,0.0000,-123.987,582.623,94.966,-81.925,571.484,94.966,0.6689,0.0000,1.6000,1,-100.000,550.000,0.0000,0.0000,0,0,-81.925,571.484,94.966,0.000,0,-1.000000,1.000,28.924,-1.000000,0.0000,0.0000,0,0,0.000,1.000,19.607,-81.925,571.484,94.966,0,0,0,99.526836
284,40.4728,gather,-101.153,582.298,100.173,0.000,-108.333,190.107,-112.728,572.446,15.261,-96.585,565.688,15.261,0.0000,0.0000,-123.981,582.644,94.957,-81.919,571.505,94.957,0.6689,0.0000,1.6000,1,-100.000,550.000,0.0000,0.0000,0,0,-81.919,571.505,94.957,0.000,0,-1.000000,1.000,28.924,-1.000000,0.0000,0.0000,0,0,0.000,1.000,19.607,-81.919,571.505,94.957,0,0,0,99.524540
285,40.6197,gather,-101.153,582.298,100.173,0.000,-108.333,190.107,-112.728,572.446,15.261,-96.585,565.688,15.261,0.0000,0.0000,-123.961,582.741,94.952,-81.889,571.599,94.952,0.6689,0.0000,1.6000,1,-100.000,550.000,0.0000,0.0000,0,0,-81.889,571.599,94.952,0.000,0,-1.000000,1.000,28.924,-1.000000,0.0000,0.0000,0,0,0.000,1.000,19.607,-81.889,571.599,94.952,0,0,0,99.522191
286,40.7718,gather,-101.153,582.298,100.173,0.000,-108.333,190.107,-112.728,572.446,15.261,-96.585,565.688,15.261,0.0000,0.0000,-123.961,582.741,94.952,-81.889,571.599,94.952,0.6689,0.0000,1.6000,1,-100.000,550.000,0.0000,0.0000,0,0,-81.889,571.599,94.952,0.000,0,-1.000000,1.000,28.924,-1.000000,0.0000,0.0000,0,0,0.000,1.000,19.607,-81.889,571.599,94.952,0,0,0,99.519757
287,40.9246,gather,-101.153,582.298,100.173,0.000,-108.333,190.107,-112.728,572.446,15.261,-96.585,565.688,15.261,0.0000,0.0000,-123.957,582.758,94.950,-81.884,571.616,94.950,0.6689,0.0000,1.6000,1,-100.000,550.000,0.0000,0.0000,0,0,-81.884,571.616,94.950,0.000,0,-1.000000,1.000,28.924,-1.000000,0.0000,0.0000,0,0,0.000,1.000,19.607,-81.884,571.616,94.950,0,0,0,99.517315
288,41.0682,gather,-101.153,582.298,100.173,0.000,-108.333,190.107,-112.728,572.446,15.261,-96.585,565.688,15.261,0.0000,0.0000,-123.957,582.758,94.950,-81.884,571.616,94.950,0.6689,0.0000,1.6000,1,-100.000,550.000,0.0000,0.0000,0,0,-81.884,571.616,94.950,0.000,0,-1.000000,1.000,28.924,-1.000000,0.0000,0.0000,0,0,0.000,1.000,19.607,-81.884,571.616,94.950,0,0,0,99.515014
289,41.2273,gather,-101.153,582.298,100.173,0.000,-108.333,190.107,-112.728,572.446,15.261,-96.585,565.688,15.261,0.0000,0.0000,-123.991,582.605,94.971,-81.930,571.465,94.971,0.6689,0.0000,1.6000,1,-100.000,550.000,0.0000,0.0000,0,0,-81.930,571.465,94.971,0.000,0,-1.000000,1.000,28.924,-1.000000,0.0000,0.0000,0,0,0.000,1.000,19.607,-81.930,571.465,94.971,0,0,0,99.512473
290,41.3700,after-gather,-101.153,582.298,100.173,0.000,-108.333,190.107,-112.728,572.446,15.261,-96.585,565.688,15.261,0.0000,0.0000,-124.011,582.514,94.983,-81.958,571.377,94.983,0.6689,0.0000,1.6000,1,-100.000,550.000,0.0000,0.0000,0,0,-81.958,571.377,94.983,0.000,0,-1.000000,1.000,28.924,-1.000000,0.0000,0.0000,0,0,0.000,1.000,19.607,-81.958,571.377,94.983,0,0,0,99.510185
291,41.4983,after-gather,-101.153,582.298,100.173,0.000,-108.333,190.107,-112.728,572.446,15.261,-96.585,565.688,15.261,0.0000,0.0000,-124.030,582.430,94.996,-81.983,571.294,94.996,0.6689,0.0000,1.6000,1,-100.000,550.000,0.0000,0.0000,0,0,-81.983,571.294,94.996,0.000,0,-1.000000,1.000,28.924,-1.000000,0.0000,0.0000,0,0,0.000,1.000,19.607,-81.983,571.294,94.996,0,0,0,99.508137
292,41.6415,after-gather,-101.153,582.298,100.173,0.000,-108.333,190.107,-112.728,572.446,15.261,-96.585,565.688,15.261,0.0000,0.0000,-124.052,582.327,95.010,-82.014,571.194,95.010,0.6689,0.0000,1.6000,1,-100.000,550.000,0.0000,0.0000,0,0,-82.014,571.194,95.010,0.000,0,-1.000000,1.000,28.924,-1.000000,0.0000,0.0000,0,0,0.000,1.000,19.607,-82.014,571.194,95.010,0,0,0,99.505840
293,41.7882,after-gather,-101.153,582.298,100.173,0.000,-108.333,190.107,-112.728,572.446,15.261,-96.585,565.688,15.261,0.0000,0.0000,-124.071,582.242,95.023,-82.040,571.111,95.023,0.6689,0.0000,1.6000,1,-100.000,550.000,0.0000,0.0000,0,0,-82.040,571.111,95.023,0.000,0,-1.000000,1.000,28.924,-1.000000,0.0000,0.0000,0,0,0.000,1.000,19.607,-82.040,571.111,95.023,0,0,0,99.503500
294,41.9262,after-gather,-101.153,582.298,100.173,0.000,-108.333,190.107,-112.728,572.446,15.261,-96.585,565.688,15.261,0.0000,0.0000,-124.088,582.165,95.034,-82.064,571.036,95.034,0.6689,0.0000,1.6000,1,-100.000,550.000,0.0000,0.0000,0,0,-82.064,571.036,95.034,0.000,0,-1.000000,1.000,28.924,-1.000000,0.0000,0.0000,0,0,0.000,1.000,19.607,-82.064,571.036,95.034,0,0,0,99.501287
295,42.0689,after-gather,-101.153,582.298,100.173,0.000,-108.333,190.107,-112.728,572.446,15.261,-96.585,565.688,15.261,0.0000,0.0000,-124.088,582.165,95.034,-82.064,571.035,95.034,0.6689,0.0000,1.6000,1,-100.000,550.000,0.0000,0.0000,0,0,-82.064,571.035,95.034,0.000,0,-1.000000,1.000,28.924,-1.000000,0.0000,0.0000,0,0,0.000,1.000,19.607,-82.064,571.035,95.034,0,0,0,99.499005
296,42.2067,after-gather,-101.153,582.298,100.173,0.000,-108.333,190.107,-112.728,572.446,15.261,-96.585,565.688,15.261,0.0000,0.0000,-124.103,582.095,95.045,-82.085,570.968,95.045,0.6689,0.0000,1.6000,1,-100.000,550.000,0.0000,0.0000,0,0,-82.085,570.968,95.045,0.000,0,-1.000000,1.000,28.924,-1.000000,0.0000,0.0000,0,0,0.000,1.000,19.607,-82.085,570.968,95.045,0,0,0,99.496798
297,42.3390,after-gather,-101.153,582.298,100.173,0.000,-108.333,190.107,-112.728,572.446,15.261,-96.585,565.688,15.261,0.0000,0.0000,-124.103,582.095,95.045,-82.085,570.968,95.045,0.6689,0.0000,1.6000,1,-100.000,550.000,0.0000,0.0000,0,0,-82.085,570.968,95.045,0.000,0,-1.000000,1.000,28.924,-1.000000,0.0000,0.0000,0,0,0.000,1.000,19.607,-82.085,570.968,95.045,0,0,0,99.494685
298,42.4804,after-gather,-101.153,582.298,100.173,0.000,-108.333,190.107,-112.728,572.446,15.261,-96.585,565.688,15.261,0.0000,0.0000,-124.094,582.134,95.040,-82.073,571.005,95.040,0.6689,0.0000,1.6000,1,-100.000,550.000,0.0000,0.0000,0,0,-82.073,571.005,95.040,0.000,0,-1.000000,1.000,28.924,-1.000000,0.0000,0.0000,0,0,0.000,1.000,19.607,-82.073,571.005,95.040,0,0,0,99.492417
299,42.6235,after-gather,-101.153,582.298,100.173,0.000,-108.333,190.107,-112.728,572.446,15.261,-96.585,565.688,15.261,0.0000,0.0000,-124.078,582.209,95.033,-82.051,571.078,95.033,0.6689,0.0000,1.6000,1,-100.000,550.000,0.0000,0.0000,0,0,-82.051,571.078,95.033,0.000,0,-1.000000,1.000,28.924,-1.000000,0.0000,0.0000,0,0,0.000,1.000,19.607,-82.051,571.078,95.033,0,0,0,99.490131
300,42.7627,after-gather,-101.153,582.298,100.173,0.000,-108.333,190.107,-112.728,572.446,15.261,-96.585,565.688,15.261,0.0000,0.0000,-124.064,582.271,95.019,-82.031,571.139,95.019,0.6689,0.0000,1.6000,1,-100.000,550.000,0.0000,0.0000,0,0,-82.031,571.139,95.019,0.000,0,-1.000000,1.000,28.924,-1.000000,0.0000,0.0000,0,0,0.000,1.000,19.607,-82.031,571.139,95.019,0,0,0,99.487902
301,42.9058,after-gather,-101.153,582.298,100.173,0.000,-108.333,190.107,-112.728,572.446,15.261,-96.585,565.688,15.261,0.0000,0.0000,-124.043,582.371,95.004,-82.001,571.236,95.004,0.6689,0.0000,1.6000,1,-100.000,550.000,0.0000,0.0000,0,0,-82.001,571.236,95.004,0.000,0,-1.000000,1.000,28.924,-1.000000,0.0000,0.0000,0,0,0.000,1.000,19.607,-82.001,571.236,95.004,0,0,0,99.485614
302,43.0498,after-gather,-101.153,582.298,100.173,0.000,-108.333,190.107,-112.728,572.446,15.261,-96.585,565.688,15.261,0.0000,0.0000,-124.022,582.465,94.990,-81.973,571.328,94.990,0.6689,0.0000,1.6000,1,-100.000,550.000,0.0000,0.0000,0,0,-81.973,571.328,94.990,0.000,0,-1.000000,1.000,28.924,-1.000000,0.0000,0.0000,0,0,0.000,1.000,19.607,-81.973,571.328,94.990,0,0,0,99.483307
303,43.1928,after-gather,-101.153,582.298,100.173,0.000,-108.333,190.107,-112.728,572.446,15.261,-96.585,565.688,15.261,0.0000,0.0000,-124.000,582.563,94.977,-81.943,571.424,94.977,0.6689,0.0000,1.6000,1,-100.000,550.000,0.0000,0.0000,0,0,-81.943,571.424,94.977,0.000,0,-1.000000,1.000,28.924,-1.000000,0.0000,0.0000,0,0,0.000,1.000,19.607,-81.943,571.424,94.977,0,0,0,99.481021
304,43.3207,after-gather,-101.153,582.298,100.173,0.000,-108.333,190.107,-112.728,572.446,15.261,-96.585,565.688,15.261,0.0000,0.0000,-123.987,582.622,94.967,-81.925,571.482,94.967,0.6689,0.0000,1.6000,1,-100.000,550.000,0.0000,0.0000,0,0,-81.925,571.482,94.967,0.000,0,-1.000000,1.000,28.924,-1.000000,0.0000,0.0000,0,0,0.000,1.000,19.607,-81.925,571.482,94.967,0,0,0,99.478973
305,43.4511,walk-to-authored-tree,-101.153,582.298,100.173,0.000,-108.333,190.107,-112.728,572.446,15.261,-96.585,565.688,15.261,0.0000,0.0000,-123.982,582.641,94.959,-81.920,571.502,94.959,0.6689,0.0000,1.6000,1,-100.000,550.000,0.0000,0.0000,0,0,-81.920,571.502,94.959,0.000,0,-1.000000,1.000,28.924,-1.000000,0.0000,0.0000,0,0,0.000,1.000,19.607,-81.920,571.502,94.959,0,0,0,99.476889
306,43.5799,walk-to-authored-tree,-101.153,582.298,100.173,0.000,-108.333,197.764,-112.728,572.446,15.261,-96.585,565.688,15.261,0.0000,0.0000,-123.961,582.741,94.952,-81.889,571.599,94.952,0.6689,0.0000,1.6000,1,-100.000,550.000,0.0000,0.0000,0,0,-81.889,571.599,94.952,0.000,0,-1.000000,1.000,28.924,-1.000000,0.0000,0.0000,0,0,0.000,1.000,19.607,-81.889,571.599,94.952,0,0,0,99.474825
307,43.7076,walk-to-authored-tree,-101.153,582.298,100.173,0.000,-108.333,205.336,-112.728,572.446,15.261,-96.585,565.688,15.261,0.0000,0.0000,-123.961,582.741,94.952,-81.889,571.599,94.952,0.6689,0.0000,1.6000,1,-100.000,550.000,0.0000,0.0000,0,0,-81.889,571.599,94.952,0.000,0,-1.000000,1.000,28.924,-1.000000,0.0000,0.0000,0,0,0.000,1.000,19.607,-81.889,571.599,94.952,0,0,0,99.472785
308,43.8494,walk-to-authored-tree,-101.153,582.298,100.173,0.000,-108.333,213.766,-112.728,572.446,15.261,-96.585,565.688,15.261,0.0000,0.0000,-123.957,582.758,94.950,-81.884,571.616,94.950,0.6689,0.0000,1.6000,1,-100.000,550.000,0.0000,0.0000,0,0,-81.884,571.616,94.950,0.000,0,-1.000000,1.000,28.924,-1.000000,0.0000,0.0000,0,0,0.000,1.000,19.607,-81.884,571.616,94.950,0,0,0,99.470513
309,43.9950,walk-to-authored-tree,-101.153,582.298,100.173,0.000,-108.333,222.398,-112.728,572.446,15.261,-96.585,565.688,15.261,0.0000,0.0000,-123.957,582.758,94.950,-81.884,571.616,94.950,0.6689,0.0000,1.6000,1,-100.000,550.000,0.0000,0.0000,0,0,-81.884,571.616,94.950,0.000,0,-1.000000,1.000,28.924,-1.000000,0.0000,0.0000,0,0,0.000,1.000,19.607,-81.884,571.616,94.950,0,0,0,99.468187
310,44.1238,walk-to-authored-tree,-101.153,582.298,100.173,0.000,-108.333,230.059,-112.728,572.446,15.261,-96.585,565.688,15.261,0.0000,0.0000,-123.971,582.695,94.959,-81.903,571.553,94.959,0.6689,0.0000,1.6000,1,-100.000,550.000,0.0000,0.0000,0,0,-81.903,571.553,94.959,0.000,0,-1.000000,1.000,28.924,-1.000000,0.0000,0.0000,0,0,0.000,1.000,19.607,-81.903,571.553,94.959,0,0,0,99.466123
311,44.2553,walk-to-authored-tree,-101.153,582.298,100.173,0.000,-108.333,237.851,-112.728,572.446,15.261,-96.585,565.688,15.261,0.0000,0.0000,-123.995,582.587,94.973,-81.936,571.448,94.973,0.6689,0.0000,1.6000,1,-100.000,550.000,0.0000,0.0000,0,0,-81.936,571.448,94.973,0.000,0,-1.000000,1.000,28.924,-1.000000,0.0000,0.0000,0,0,0.000,1.000,19.607,-81.936,571.448,94.973,0,0,0,99.464023
312,44.3897,walk-to-authored-tree,-101.153,582.298,100.173,0.000,-108.333,244.563,-112.728,572.446,15.261,-96.585,565.688,15.261,0.0000,0.0000,-124.013,582.505,94.985,-81.961,571.367,94.985,0.6689,0.0000,1.6000,1,-100.000,550.000,0.0000,0.0000,0,0,-81.961,571.367,94.985,0.000,0,-1.000000,1.000,28.924,-1.000000,0.0000,0.0000,0,0,0.000,1.000,19.607,-81.961,571.367,94.985,0,0,0,99.461869
313,44.5263,walk-to-authored-tree,-103.471,577.425,100.004,59.470,-115.437,248.930,-115.880,569.977,19.700,-101.105,560.069,14.924,0.6797,0.4956,-128.196,572.344,93.912,-81.412,571.904,92.494,0.7362,0.0000,1.6000,1,-100.000,550.000,0.0000,0.0000,0,0,-81.412,571.904,92.494,0.000,0,-1.000000,1.000,28.924,-1.000000,0.0000,0.0000,0,0,0.000,1.000,19.607,-81.412,571.904,92.494,0,0,0,99.459694
314,44.6822,walk-to-authored-tree,-109.329,562.988,99.523,112.500,-111.070,252.185,-128.258,531.832,18.209,-100.347,562.536,14.343,1.0000,0.9375,-133.341,555.872,90.706,-86.906,559.185,89.280,0.8830,0.0000,1.6000,1,-100.000,550.000,0.0000,0.0000,0,0,-86.906,559.185,89.280,0.000,0,-1.000000,1.000,28.924,-1.000000,0.0000,0.0000,0,0,0.000,1.000,19.607,-86.906,559.185,89.280,0,0,0,99.457189
315,44.8337,walk-to-authored-tree,-114.851,546.888,98.996,112.500,-107.815,254.102,-133.294,509.602,13.998,-102.515,560.089,14.240,1.0000,0.9375,-137.000,548.752,87.682,-95.868,534.057,88.035,0.0248,0.0000,1.6000,1,-100.000,550.000,0.0000,0.0000,0,0,-95.868,534.057,88.035,0.000,0,-1.000000,1.000,28.924,-1.000000,0.0000,0.0000,0,0,0.000,1.000,19.607,-95.868,534.057,88.035,0,0,0,99.454768
316,44.9865,walk-to-authored-tree,-119.775,530.393,98.463,112.500,-105.898,255.333,-133.362,509.166,13.477,-111.206,529.067,19.916,1.0000,0.9375,-140.695,540.821,89.480,-103.323,509.975,91.211,0.1683,0.0000,1.6000,1,-100.000,550.000,0.0000,0.0000,0,0,-103.323,509.975,91.211,0.000,0,-1.000000,1.000,28.924,-1.000000,0.0000,0.0000,0,0,0.000,1.000,19.607,-103.323,509.975,91.211,0,0,0,99.452320
317,45.1223,walk-to-authored-tree,-123.762,515.683,97.985,112.500,-104.667,256.034,-133.943,509.228,13.002,-119.519,492.725,20.835,1.0000,0.9375,-144.830,526.741,89.623,-107.244,494.737,91.485,0.2953,0.0000,1.6000,1,-100.000,550.000,0.0000,0.0000,0,0,-107.244,494.737,91.485,0.000,0,-1.000000,1.000,28.924,-1.000000,0.0000,0.0000,0,0,0.000,1.000,19.607,-107.244,494.737,91.485,0,0,0,99.450153
318,45.2572,walk-to-authored-tree,-127.512,500.947,97.491,112.500,-103.966,256.524,-134.587,509.314,12.606,-125.990,460.290,14.497,1.0000,0.9375,-149.193,505.359,86.794,-108.699,485.597,87.817,0.4220,0.0000,1.6000,1,-100.000,550.000,0.0000,0.0000,0,0,-108.699,485.597,87.817,0.000,0,-1.000000,1.000,28.924,-1.000000,0.0000,0.0000,0,0,0.000,1.000,19.607,-108.699,485.597,87.817,0,0,0,99.447990
319,45.3945,walk-to-authored-tree,-131.153,485.992,96.984,112.500,-103.476,256.882,-137.189,501.954,12.698,-129.235,447.424,11.851,1.0000,0.9375,-153.915,480.216,86.339,-109.718,480.553,85.649,0.5503,0.0000,1.6000,1,-100.000,550.000,0.0000,0.0000,0,0,-109.718,480.553,85.649,0.000,0,-1.000000,1.000,28.924,-1.000000,0.0000,0.0000,0,0,0.000,1.000,19.607,-109.718,480.553,85.649,0,0,0,99.445801
320,45.5318,walk-to-authored-tree,-134.707,470.913,96.467,112.500,-103.118,257.151,-143.384,470.985,18.117,-129.745,447.615,11.210,1.0000,0.9375,-157.509,457.877,89.288,-111.189,473.061,87.411,0.6794,0.0000,1.6000,1,-100.000,550.000,0.0000,0.0000,0,0,-111.189,473.061,87.411,0.000,0,-1.000000,1.000,28.924,-1.000000,0.0000,0.0000,0,0,0.000,1.000,19.607,-111.189,473.061,87.411,0,0,0,99.443598
321,45.6844,walk-to-authored-tree,-138.555,454.183,95.891,112.500,-102.849,257.383,-151.268,429.573,17.499,-130.682,447.805,10.635,1.0000,0.9375,-161.287,441.092,88.694,-115.055,456.385,86.825,0.8224,0.0000,1.6000,1,-100.000,550.000,0.0000,0.0000,0,0,-115.055,456.385,86.825,0.000,0,-1.000000,1.000,28.924,-1.000000,0.0000,0.0000,0,0,0.000,1.000,19.607,-115.055,456.385,86.825,0,0,0,99.441156
322,45.8419,walk-to-authored-tree,-142.453,436.882,95.294,112.500,-102.617,257.573,-158.001,395.614,10.711,-131.979,448.117,10.295,1.0000,0.9375,-165.070,432.288,84.409,-121.384,430.148,83.989,0.9702,0.0000,1.6000,1,-100.000,550.000,0.0000,0.0000,0,0,-121.384,430.148,83.989,0.000,0,-1.000000,1.000,28.924,-1.000000,0.0000,0.0000,0,0,0.000,1.000,19.607,-121.384,430.148,83.989,0,0,0,99.438634
323,45.9962,walk-to-authored-tree,-146.202,419.964,94.708,112.500,-102.427,257.730,-159.466,391.741,9.739,-136.415,426.880,13.459,1.0000,0.9375,-168.008,426.390,84.621,-127.853,402.971,85.994,0.1146,0.0000,1.6000,1,-100.000,550.000,0.0000,0.0000,0,0,-127.853,402.971,85.994,0.000,0,-1.000000,1.000,28.924,-1.000000,0.0000,0.0000,0,0,0.000,1.000,19.607,-127.853,402.971,85.994,0,0,0,99.436169
324,46.1283,walk-to-authored-tree,-149.377,405.441,94.210,112.500,-102.270,257.850,-160.253,391.849,9.316,-142.599,392.722,17.750,1.0000,0.9375,-170.799,416.050,86.183,-132.066,384.812,88.102,0.2385,0.0000,1.6000,1,-100.000,550.000,0.0000,0.0000,0,0,-132.066,384.812,88.102,0.000,0,-1.000000,1.000,28.924,-1.000000,0.0000,0.0000,0,0,0.000,1.000,19.607,-132.066,384.812,88.102,0,0,0,99.434055
325,46.2650,walk-to-authored-tree,-152.626,390.413,93.698,112.500,-102.150,257.967,-161.276,392.111,8.673,-149.219,356.288,13.375,1.0000,0.9375,-174.505,397.718,83.924,-134.590,372.555,85.471,0.3666,0.0000,1.6000,1,-100.000,550.000,0.0000,0.0000,0,0,-134.590,372.555,85.471,0.000,0,-1.000000,1.000,28.924,-1.000000,0.0000,0.0000,0,0,0.000,1.000,19.607,-134.590,372.555,85.471,0,0,0,99.431868
326,46.4038,walk-to-authored-tree,-155.899,375.113,93.180,112.500,-102.033,258.081,-161.883,392.173,8.253,-153.591,330.717,8.235,1.0000,0.9375,-178.052,372.859,81.984,-135.117,365.897,82.031,0.4970,0.0000,1.6000,1,-100.000,550.000,0.0000,0.0000,0,0,-135.117,365.897,82.031,0.000,0,-1.000000,1.000,28.924,-1.000000,0.0000,0.0000,0,0,0.000,1.000,19.607,-135.117,365.897,82.031,0,0,0,99.429643
327,46.5420,walk-to-authored-tree,-159.115,359.938,92.675,112.500,-101.919,258.192,-166.588,367.819,12.028,-154.589,330.326,7.757,1.0000,0.9375,-181.620,348.571,84.392,-136.160,360.191,82.855,0.6263,0.0000,1.6000,1,-100.000,550.000,0.0000,0.0000,0,0,-136.160,360.191,82.855,0.000,0,-1.000000,1.000,28.924,-1.000000,0.0000,0.0000,0,0,0.000,1.000,19.607,-136.160,360.191,82.855,0,0,0,99.427437
328,46.6839,walk-to-authored-tree,-162.395,344.305,92.164,112.500,-101.808,258.304,-173.187,330.345,15.717,-155.631,330.653,7.270,1.0000,0.9375,-184.997,329.716,86.158,-138.795,348.207,84.135,0.7594,0.0000,1.6000,1,-100.000,550.000,0.0000,0.0000,0,0,-138.795,348.207,84.135,0.000,0,-1.000000,1.000,28.924,-1.000000,0.0000,0.0000,0,0,0.000,1.000,19.607,-138.795,348.207,84.135,0,0,0,99.425165
329,46.8265,walk-to-authored-tree,-165.657,328.602,91.658,112.500,-101.696,258.417,-179.354,293.606,9.895,-156.491,330.802,6.615,1.0000,0.9375,-188.130,318.258,82.664,-142.988,327.874,81.334,0.8930,0.0000,1.6000,1,-100.000,550.000,0.0000,0.0000,0,0,-142.988,327.874,81.334,0.000,0,-1.000000,1.000,28.924,-1.000000,0.0000,0.0000,0,0,0.000,1.000,19.607,-142.988,327.874,81.334,0,0,0,99.422884
330,46.9597,walk-to-authored-tree,-168.680,313.907,91.192,112.500,-101.583,258.522,-183.144,274.034,6.246,-157.872,328.630,6.351,1.0000,0.9375,-190.975,312.794,79.906,-148.338,303.734,80.168,0.0181,0.0000,1.6000,1,-100.000,550.000,0.0000,0.0000,0,0,-148.338,303.734,80.168,0.000,0,-1.000000,1.000,28.924,-1.000000,0.0000,0.0000,0,0,0.000,1.000,19.607,-148.338,303.734,80.168,0,0,0,99.420750
331,47.0953,walk-to-authored-tree,-171.723,298.979,90.735,112.500,-101.478,258.630,-183.980,274.175,5.921,-162.604,301.750,11.212,1.0000,0.9375,-193.517,306.646,81.453,-153.511,280.781,83.083,0.1450,0.0000,1.6000,1,-100.000,550.000,0.0000,0.0000,0,0,-153.511,280.781,83.083,0.000,0,-1.000000,1.000,28.924,-1.000000,0.0000,0.0000,0,0,0.000,1.000,19.607,-153.511,280.781,83.083,0,0,0,99.418584
332,47.2496,walk-to-authored-tree,-175.160,281.948,90.225,112.500,-101.370,258.753,-185.030,274.268,5.314,-169.463,260.256,13.285,1.0000,0.9375,-196.826,291.851,81.992,-157.477,261.899,83.870,0.2898,0.0000,1.6000,1,-100.000,550.000,0.0000,0.0000,0,0,-157.477,261.899,83.870,0.000,0,-1.000000,1.000,28.924,-1.000000,0.0000,0.0000,0,0,0.000,1.000,19.607,-157.477,261.899,83.870,0,0,0,99.416113
333,47.4009,walk-to-authored-tree,-178.489,265.268,89.737,112.500,-101.247,258.876,-185.857,274.415,4.999,-175.228,223.777,6.502,1.0000,0.9375,-200.453,267.964,79.011,-158.876,251.438,79.933,0.4315,0.0000,1.6000,1,-100.000,550.000,0.0000,0.0000,0,0,-158.876,251.438,79.933,0.000,0,-1.000000,1.000,28.924,-1.000000,0.0000,0.0000,0,0,0.000,1.000,19.607,-158.876,251.438,79.933,0,0,0,99.413694
334,47.5331,walk-to-authored-tree,-181.375,250.657,89.328,112.500,-101.124,258.984,-188.173,265.939,5.351,-177.813,212.858,4.318,1.0000,0.9375,-203.925,243.519,78.957,-159.683,246.505,78.190,0.5557,0.0000,1.6000,1,-100.000,550.000,0.0000,0.0000,0,0,-159.683,246.505,78.190,0.000,0,-1.000000,1.000,28.924,-1.000000,0.0000,0.0000,0,0,0.000,1.000,19.607,-159.683,246.505,78.190,0,0,0,99.411575
335,47.6654,walk-to-authored-tree,-184.226,236.068,88.929,112.500,-101.016,259.094,-192.904,235.792,10.584,-178.410,212.989,3.669,1.0000,0.9375,-206.535,222.198,81.751,-160.802,239.083,79.874,0.6795,0.0000,1.6000,1,-100.000,550.000,0.0000,0.0000,0,0,-160.802,239.083,79.874,0.000,0,-1.000000,1.000,28.924,-1.000000,0.0000,0.0000,0,0,0.000,1.000,19.607,-160.802,239.083,79.874,0,0,0,99.409461
336,47.8009,walk-to-authored-tree,-187.125,221.085,88.532,112.500,-100.906,259.208,-198.697,198.687,11.050,-179.321,213.071,3.571,1.0000,0.9375,-209.437,206.817,81.958,-163.660,224.557,80.028,0.8067,0.0000,1.6000,1,-100.000,550.000,0.0000,0.0000,0,0,-163.660,224.557,80.028,0.000,0,-1.000000,1.000,28.924,-1.000000,0.0000,0.0000,0,0,0.000,1.000,19.607,-163.660,224.557,80.028,0,0,0,99.407291
337,47.9353,walk-to-authored-tree,-189.965,206.247,88.144,112.500,-100.792,259.322,-203.762,166.919,4.324,-180.314,213.328,2.841,1.0000,0.9375,-212.376,198.018,77.801,-167.958,203.065,76.858,0.9326,0.0000,1.6000,1,-100.000,550.000,0.0000,0.0000,0,0,-167.958,203.065,76.858,0.000,0,-1.000000,1.000,28.924,-1.000000,0.0000,0.0000,0,0,0.000,1.000,19.607,-167.958,203.065,76.858,0,0,0,99.405142
338,48.0693,walk-to-authored-tree,-192.774,191.415,87.771,112.500,-100.678,259.437,-205.951,156.106,2.876,-182.419,204.273,3.989,1.0000,0.9375,-214.911,193.134,76.768,-172.963,178.533,77.561,0.0584,0.0000,1.6000,1,-100.000,550.000,0.0000,0.0000,0,0,-172.963,178.533,77.561,0.000,0,-1.000000,1.000,28.924,-1.000000,0.0000,0.0000,0,0,0.000,1.000,19.607,-172.963,178.533,77.561,0,0,0,99.402995
339,48.2017,walk-to-authored-tree,-195.512,176.796,87.421,112.500,-100.563,259.552,-206.878,156.117,2.387,-187.169,173.912,9.349,1.0000,0.9375,-217.315,185.686,78.662,-177.363,157.624,80.445,0.1823,0.0000,1.6000,1,-100.000,550.000,0.0000,0.0000,0,0,-177.363,157.624,80.445,0.000,0,-1.000000,1.000,28.924,-1.000000,0.0000,0.0000,0,0,0.000,1.000,19.607,-177.363,157.624,80.445,0,0,0,99.400880
340,48.3334,walk-to-authored-tree,-198.206,162.250,87.080,112.500,-100.448,259.667,-207.703,156.295,2.094,-192.465,137.834,9.602,1.0000,0.9375,-220.011,171.455,78.569,-180.105,142.767,80.411,0.3056,0.0000,1.6000,1,-100.000,550.000,0.0000,0.0000,0,0,-180.105,142.767,80.411,0.000,0,-1.000000,1.000,28.924,-1.000000,0.0000,0.0000,0,0,0.000,1.000,19.607,-180.105,142.767,80.411,0,0,0,99.398776
341,48.4656,walk-to-authored-tree,-200.889,147.601,86.742,112.500,-100.333,259.786,-208.417,156.414,1.974,-196.934,106.348,3.549,1.0000,0.9375,-222.877,150.076,76.021,-181.074,133.969,76.963,0.4297,0.0000,1.6000,1,-100.000,550.000,0.0000,0.0000,0,0,-181.074,133.969,76.963,0.000,0,-1.000000,1.000,28.924,-1.000000,0.0000,0.0000,0,0,0.000,1.000,19.607,-181.074,133.969,76.963,0,0,0,99.396658
342,48.5967,walk-to-authored-tree,-203.518,133.083,86.421,112.500,-100.214,259.904,-210.499,148.489,2.271,-199.385,94.981,1.342,1.0000,0.9375,-225.931,125.828,75.898,-181.788,129.053,75.174,0.5527,0.0000,1.6000,1,-100.000,550.000,0.0000,0.0000,0,0,-181.788,129.053,75.174,0.000,0,-1.000000,1.000,28.924,-1.000000,0.0000,0.0000,0,0,0.000,1.000,19.607,-181.788,129.053,75.174,0,0,0,99.394560
343,48.7461,walk-to-authored-tree,-206.477,116.535,86.068,112.500,-100.096,260.041,-215.432,113.934,8.535,-200.150,95.166,1.118,1.0000,0.9375,-228.585,101.967,79.464,-183.065,120.323,77.536,0.6928,0.0000,1.6000,1,-100.000,550.000,0.0000,0.0000,0,0,-183.065,120.323,77.536,0.000,0,-1.000000,1.000,28.924,-1.000000,0.0000,0.0000,0,0,0.000,1.000,19.607,-183.065,120.323,77.536,0,0,0,99.392169
344,48.8963,walk-to-authored-tree,-209.415,99.880,85.721,112.500,-99.959,260.180,-221.052,72.826,6.973,-201.061,95.294,0.626,1.0000,0.9375,-231.432,85.997,78.405,-186.095,102.900,76.592,0.8337,0.0000,1.6000,1,-100.000,550.000,0.0000,0.0000,0,0,-186.095,102.900,76.592,0.000,0,-1.000000,1.000,28.924,-1.000000,0.0000,0.0000,0,0,0.000,1.000,19.607,-186.095,102.900,76.592,0,0,0,99.389764
345,49.0490,walk-to-authored-tree,-212.356,82.977,85.379,112.500,-99.820,260.324,-225.848,40.775,0.714,-202.310,95.471,0.415,1.0000,0.9375,-234.674,77.796,74.426,-191.038,76.776,74.095,0.9767,0.0000,1.6000,1,-100.000,550.000,0.0000,0.0000,0,0,-191.038,76.776,74.095,0.000,0,-1.000000,1.000,28.924,-1.000000,0.0000,0.0000,0,0,0.000,1.000,19.607,-191.038,76.776,74.095,0,0,0,99.387323
346,49.2025,walk-to-authored-tree,-215.276,65.939,85.045,112.500,-99.676,260.472,-227.076,37.846,0.097,-205.899,72.496,4.126,1.0000,0.9375,-237.343,71.662,75.101,-196.203,49.504,76.533,0.1207,0.0000,1.6000,1,-100.000,550.000,0.0000,0.0000,0,0,-196.203,49.504,76.533,0.000,0,-1.000000,1.000,28.924,-1.000000,0.0000,0.0000,0,0,0.000,1.000,19.607,-196.203,49.504,76.533,0,0,0,99.384865
347,49.3348,walk-to-authored-tree,-217.751,51.277,84.760,112.500,-99.528,260.601,-227.903,37.886,-0.140,-210.483,37.745,8.323,1.0000,0.9375,-239.641,60.916,76.748,-199.481,31.468,78.664,0.2446,0.0000,1.6000,1,-100.000,550.000,0.0000,0.0000,0,0,-199.481,31.468,78.664,0.000,0,-1.000000,1.000,28.924,-1.000000,0.0000,0.0000,0,0,0.000,1.000,19.607,-199.481,31.468,78.664,0,0,0,99.382750
348,49.4678,walk-to-authored-tree,-220.212,36.497,84.477,112.500,-99.399,260.733,-228.921,38.105,-0.515,-215.228,2.214,4.026,1.0000,0.9375,-242.435,42.591,74.681,-201.317,19.675,76.204,0.3695,0.0000,1.6000,1,-100.000,550.000,0.0000,0.0000,0,0,-201.317,19.675,76.204,0.000,0,-1.000000,1.000,28.924,-1.000000,0.0000,0.0000,0,0,0.000,1.000,19.607,-201.317,19.675,76.204,0,0,0,99.380619
349,49.5990,walk-to-authored-tree,-222.598,21.955,84.207,112.500,-99.267,260.864,-229.607,38.164,-0.732,-218.297,-22.202,-0.723,1.0000,0.9375,-244.772,19.035,72.980,-201.623,13.403,73.092,0.4923,0.0000,1.6000,1,-100.000,550.000,0.0000,0.0000,0,0,-201.623,13.403,73.092,0.000,0,-1.000000,1.000,28.924,-1.000000,0.0000,0.0000,0,0,0.000,1.000,19.607,-201.623,13.403,73.092,0,0,0,99.378523
350,49.7305,walk-to-authored-tree,-224.964,7.330,83.938,112.500,-99.136,260.998,-232.586,16.294,2.897,-219.083,-23.290,-0.858,1.0000,0.9375,-246.861,-4.530,75.448,-202.111,8.131,74.020,0.6158,0.0000,1.6000,1,-100.000,550.000,0.0000,0.0000,0,0,-202.111,8.131,74.020,0.000,0,-1.000000,1.000,28.924,-1.000000,0.0000,0.0000,0,0,0.000,1.000,19.607,-202.111,8.131,74.020,0,0,0,99.376416
351,49.8621,walk-to-authored-tree,-227.290,-7.263,83.673,112.500,-99.002,261.134,-237.029,-18.042,7.191,-220.092,-23.030,-1.212,1.0000,0.9375,-249.150,-22.933,77.664,-203.910,-2.218,75.642,0.7389,0.0000,1.6000,1,-100.000,550.000,0.0000,0.0000,0,0,-203.910,-2.218,75.642,0.000,0,-1.000000,1.000,28.924,-1.000000,0.0000,0.0000,0,0,0.000,1.000,19.607,-203.910,-2.218,75.642,0,0,0,99.374315
352,49.9926,walk-to-authored-tree,-229.569,-21.784,83.408,112.500,-98.866,261.271,-241.306,-53.217,3.654,-221.037,-22.869,-1.306,1.0000,0.9375,-251.610,-34.881,75.686,-206.751,-19.565,74.092,0.8614,0.0000,1.6000,1,-100.000,550.000,0.0000,0.0000,0,0,-206.751,-19.565,74.092,0.000,0,-1.000000,1.000,28.924,-1.000000,0.0000,0.0000,0,0,0.000,1.000,19.607,-206.751,-19.565,74.092,0,0,0,99.372224
353,50.1272,walk-to-authored-tree,-231.878,-36.730,83.142,112.500,-98.729,261.414,-244.523,-79.413,-1.644,-221.899,-22.782,-1.785,1.0000,0.9375,-254.055,-41.491,72.082,-210.553,-43.372,71.900,0.9874,0.0000,1.6000,1,-100.000,550.000,0.0000,0.0000,0,0,-210.553,-43.372,71.900,0.000,0,-1.000000,1.000,28.924,-1.000000,0.0000,0.0000,0,0,0.000,1.000,19.607,-210.553,-43.372,71.900,0,0,0,99.370073
354,50.2598,walk-to-authored-tree,-234.125,-51.513,82.884,112.500,-98.586,261.558,-245.486,-80.874,-2.083,-224.785,-43.671,1.495,1.0000,0.9375,-256.306,-46.737,72.752,-214.633,-67.087,74.100,0.1120,0.0000,1.6000,1,-100.000,550.000,0.0000,0.0000,0,0,-214.633,-67.087,74.100,0.000,0,-1.000000,1.000,28.924,-1.000000,0.0000,0.0000,0,0,0.000,1.000,19.607,-214.633,-67.087,74.100,0,0,0,99.367947
355,50.3910,walk-to-authored-tree,-236.300,-66.064,82.621,112.500,-98.442,261.702,-246.274,-80.795,-2.265,-228.634,-77.578,6.158,1.0000,0.9375,-258.391,-56.952,74.586,-217.646,-85.472,76.506,0.2346,0.0000,1.6000,1,-100.000,550.000,0.0000,0.0000,0,0,-217.646,-85.472,76.506,0.000,0,-1.000000,1.000,28.924,-1.000000,0.0000,0.0000,0,0,0.000,1.000,19.607,-217.646,-85.472,76.506,0,0,0,99.365854
356,50.5382,walk-to-authored-tree,-238.711,-82.491,82.326,112.500,-98.298,261.867,-247.442,-80.653,-2.620,-233.131,-117.111,1.728,1.0000,0.9375,-261.066,-77.011,72.507,-219.473,-98.763,74.000,0.3730,0.0000,1.6000,1,-100.000,550.000,0.0000,0.0000,0,0,-219.473,-98.763,74.000,0.000,0,-1.000000,1.000,28.924,-1.000000,0.0000,0.0000,0,0,0.000,1.000,19.607,-219.473,-98.763,74.000,0,0,0,99.363493
357,50.6917,walk-to-authored-tree,-241.160,-99.513,82.014,112.500,-98.133,262.041,-248.290,-82.706,-2.815,-235.714,-141.806,-2.929,1.0000,0.9375,-263.096,-104.846,70.977,-219.541,-105.699,70.740,0.5163,0.0000,1.6000,1,-100.000,550.000,0.0000,0.0000,0,0,-219.541,-105.699,70.740,0.000,0,-1.000000,1.000,28.924,-1.000000,0.0000,0.0000,0,0,0.000,1.000,19.607,-219.541,-105.699,70.740,0,0,0,99.361047
358,50.8448,walk-to-authored-tree,-243.572,-116.634,81.693,112.500,-97.959,262.219,-251.981,-114.229,2.802,-236.719,-141.765,-3.230,1.0000,0.9375,-265.161,-131.061,74.377,-220.461,-113.069,72.594,0.6604,0.0000,1.6000,1,-100.000,550.000,0.0000,0.0000,0,0,-220.461,-113.069,72.594,0.000,0,-1.000000,1.000,28.924,-1.000000,0.0000,0.0000,0,0,0.000,1.000,19.607,-220.461,-113.069,72.594,0,0,0,99.358588
359,50.9955,walk-to-authored-tree,-245.883,-133.411,81.373,112.500,-97.781,262.397,-256.164,-155.524,4.279,-237.714,-141.617,-3.388,1.0000,0.9375,-267.387,-149.002,75.092,-222.634,-128.513,73.145,0.8015,0.0000,1.6000,1,-100.000,550.000,0.0000,0.0000,0,0,-222.634,-128.513,73.145,0.000,0,-1.000000,1.000,28.924,-1.000000,0.0000,0.0000,0,0,0.000,1.000,19.607,-222.634,-128.513,73.145,0,0,0,99.356179
360,51.1274,walk-to-authored-tree,-247.866,-148.128,81.087,112.500,-97.603,262.557,-259.361,-187.422,-2.388,-238.658,-141.406,-4.154,1.0000,0.9375,-269.731,-158.054,71.016,-225.600,-149.540,69.997,0.9253,0.0000,1.6000,1,-100.000,550.000,0.0000,0.0000,0,0,-225.600,-149.540,69.997,0.000,0,-1.000000,1.000,28.924,-1.000000,0.0000,0.0000,0,0,0.000,1.000,19.607,-225.600,-149.540,69.997,0,0,0,99.354067
361,51.2560,walk-to-authored-tree,-249.753,-162.445,80.801,112.500,-97.443,262.715,-260.962,-199.949,-4.070,-240.039,-148.163,-3.357,1.0000,0.9375,-271.890,-162.952,69.701,-229.029,-173.230,70.327,0.0456,0.0000,1.6000,1,-100.000,550.000,0.0000,0.0000,0,0,-229.029,-173.230,70.327,0.000,0,-1.000000,1.000,28.924,-1.000000,0.0000,0.0000,0,0,0.000,1.000,19.607,-229.029,-173.230,70.327,0,0,0,99.352014
362,51.3906,walk-to-authored-tree,-251.694,-177.500,80.496,112.500,-97.285,262.883,-261.925,-200.052,-4.507,-243.071,-178.177,2.067,1.0000,0.9375,-273.949,-170.199,71.573,-232.400,-195.327,73.318,0.1721,0.0000,1.6000,1,-100.000,550.000,0.0000,0.0000,0,0,-232.400,-195.327,73.318,0.000,0,-1.000000,1.000,28.924,-1.000000,0.0000,0.0000,0,0,0.000,1.000,19.607,-232.400,-195.327,73.318,0,0,0,99.349855
363,51.5218,walk-to-authored-tree,-253.534,-192.097,80.189,112.500,-97.117,263.050,-262.782,-199.902,-4.786,-246.304,-214.195,3.060,1.0000,0.9375,-275.873,-183.895,71.841,-234.408,-210.700,73.705,0.2947,0.0000,1.6000,1,-100.000,550.000,0.0000,0.0000,0,0,-234.408,-210.700,73.705,0.000,0,-1.000000,1.000,28.924,-1.000000,0.0000,0.0000,0,0,0.000,1.000,19.607,-234.408,-210.700,73.705,0,0,0,99.347762
364,51.6538,walk-to-authored-tree,-255.354,-206.883,79.877,112.500,-96.950,263.222,-263.403,-199.814,-5.050,-248.839,-246.728,-3.024,1.0000,0.9375,-277.395,-204.925,69.193,-234.823,-220.022,70.248,0.4189,0.0000,1.6000,1,-100.000,550.000,0.0000,0.0000,0,0,-234.823,-220.022,70.248,0.000,0,-1.000000,1.000,28.924,-1.000000,0.0000,0.0000,0,0,0.000,1.000,19.607,-234.823,-220.022,70.248,0,0,0,99.345644
365,51.7925,walk-to-authored-tree,-257.209,-222.334,79.536,112.500,-96.778,263.404,-265.052,-207.095,-4.801,-250.805,-260.616,-5.599,1.0000,0.9375,-279.136,-230.604,68.860,-235.293,-225.375,68.191,0.5485,0.0000,1.6000,1,-100.000,550.000,0.0000,0.0000,0,0,-235.293,-225.375,68.191,0.000,0,-1.000000,1.000,28.924,-1.000000,0.0000,0.0000,0,0,0.000,1.000,19.607,-235.293,-225.375,68.191,0,0,0,99.343430
366,51.9304,walk-to-authored-tree,-259.011,-237.756,79.188,112.500,-96.596,263.591,-267.619,-238.428,0.792,-251.439,-260.519,-6.051,1.0000,0.9375,-280.182,-253.256,71.994,-235.890,-232.996,70.124,0.6779,0.0000,1.6000,1,-100.000,550.000,0.0000,0.0000,0,0,-235.890,-232.996,70.124,0.000,0,-1.000000,1.000,28.924,-1.000000,0.0000,0.0000,0,0,0.000,1.000,19.607,-235.890,-232.996,70.124,0,0,0,99.341222
367,52.0689,walk-to-authored-tree,-260.767,-253.224,78.834,112.500,-96.409,263.781,-270.554,-276.623,1.282,-252.351,-260.486,-6.163,1.0000,0.9375,-281.893,-269.174,72.206,-237.648,-247.951,70.279,0.8077,0.0000,1.6000,1,-100.000,550.000,0.0000,0.0000,0,0,-237.648,-247.951,70.279,0.000,0,-1.000000,1.000,28.924,-1.000000,0.0000,0.0000,0,0,0.000,1.000,19.607,-237.648,-247.951,70.279,0,0,0,99.339008
368,52.2055,walk-to-authored-tree,-262.456,-268.541,78.462,112.500,-96.219,263.974,-273.068,-309.119,-5.474,-253.365,-260.309,-6.825,1.0000,0.9375,-284.141,-278.285,68.051,-240.284,-270.222,67.151,0.9361,0.0000,1.6000,1,-100.000,550.000,0.0000,0.0000,0,0,-240.284,-270.222,67.151,0.000,0,-1.000000,1.000,28.924,-1.000000,0.0000,0.0000,0,0,0.000,1.000,19.607,-240.284,-270.222,67.151,0,0,0,99.336816
369,52.3601,walk-to-authored-tree,-264.294,-285.759,78.039,112.500,-96.026,264.195,-274.398,-319.428,-6.817,-255.038,-274.012,-4.810,1.0000,0.9375,-286.501,-284.147,67.378,-243.695,-298.527,68.412,0.0804,0.0000,1.6000,1,-100.000,550.000,0.0000,0.0000,0,0,-243.695,-298.527,68.412,0.000,0,-1.000000,1.000,28.924,-1.000000,0.0000,0.0000,0,0,0.000,1.000,19.607,-243.695,-298.527,68.412,0,0,0,99.334354
370,52.5460,walk-to-authored-tree,-266.439,-306.626,77.510,112.500,-95.805,264.470,-275.654,-319.381,-7.391,-258.380,-321.575,1.076,1.0000,0.9375,-288.908,-298.427,69.498,-246.921,-325.208,71.414,0.2552,0.0000,1.6000,1,-100.000,550.000,0.0000,0.0000,0,0,-246.921,-325.208,71.414,0.000,0,-1.000000,1.000,28.924,-1.000000,0.0000,0.0000,0,0,0.000,1.000,19.607,-246.921,-325.208,71.414,0,0,0,99.331370
371,52.7056,walk-to-authored-tree,-268.192,-324.457,77.034,112.500,-95.530,264.713,-276.387,-319.288,-8.060,-260.553,-362.647,-5.366,1.0000,0.9375,-290.219,-322.010,66.419,-247.398,-338.005,67.620,0.4045,0.0000,1.6000,1,-100.000,550.000,0.0000,0.0000,0,0,-247.398,-338.005,67.620,0.000,0,-1.000000,1.000,28.924,-1.000000,0.0000,0.0000,0,0,0.000,1.000,19.607,-247.398,-338.005,67.620,0,0,0,99.328822
372,52.8649,walk-to-authored-tree,-269.873,-342.342,76.542,112.500,-95.287,264.963,-278.171,-327.714,-7.521,-262.484,-379.764,-8.502,1.0000,0.9375,-291.581,-351.618,66.096,-247.874,-344.378,65.350,0.5542,0.0000,1.6000,1,-100.000,550.000,0.0000,0.0000,0,0,-247.874,-344.378,65.350,0.000,0,-1.000000,1.000,28.924,-1.000000,0.0000,0.0000,0,0,0.000,1.000,19.607,-247.874,-344.378,65.350,0,0,0,99.326267
373,53.0153,walk-to-authored-tree,-271.379,-359.149,76.067,112.500,-95.037,265.204,-280.081,-362.868,-1.312,-263.193,-379.628,-8.804,1.0000,0.9375,-292.114,-375.661,69.578,-248.392,-353.252,67.643,0.6948,0.0000,1.6000,1,-100.000,550.000,0.0000,0.0000,0,0,-248.392,-353.252,67.643,0.000,0,-1.000000,1.000,28.924,-1.000000,0.0000,0.0000,0,0,0.000,1.000,19.607,-248.392,-353.252,67.643,0,0,0,99.323867
374,53.1507,walk-to-authored-tree,-272.679,-374.367,75.622,112.500,-94.796,265.429,-281.819,-400.462,-2.758,-263.992,-379.621,-9.639,1.0000,0.9375,-293.354,-390.524,68.428,-249.720,-368.884,66.558,0.8221,0.0000,1.6000,1,-100.000,550.000,0.0000,0.0000,0,0,-249.720,-368.884,66.558,0.000,0,-1.000000,1.000,28.924,-1.000000,0.0000,0.0000,0,0,0.000,1.000,19.607,-249.720,-368.884,66.558,0,0,0,99.321695
375,53.2901,walk-to-authored-tree,-273.951,-389.975,75.155,112.500,-94.571,265.665,-283.345,-432.014,-9.185,-265.009,-379.554,-9.974,1.0000,0.9375,-295.406,-399.110,64.508,-251.819,-392.297,63.830,0.9526,0.0000,1.6000,1,-100.000,550.000,0.0000,0.0000,0,0,-251.819,-392.297,63.830,0.000,0,-1.000000,1.000,28.924,-1.000000,0.0000,0.0000,0,0,0.000,1.000,19.607,-251.819,-392.297,63.830,0,0,0,99.319468
376,53.4443,walk-to-authored-tree,-275.289,-407.296,74.627,112.500,-94.335,265.933,-284.406,-439.198,-10.294,-266.458,-397.135,-7.483,1.0000,0.9375,-297.648,-405.165,64.253,-254.506,-420.497,65.454,0.0974,0.0000,1.6000,1,-100.000,550.000,0.0000,0.0000,0,0,-254.506,-420.497,65.454,0.000,0,-1.000000,1.000,28.924,-1.000000,0.0000,0.0000,0,0,0.000,1.000,19.607,-254.506,-420.497,65.454,0,0,0,99.316997
377,53.6102,walk-to-authored-tree,-276.638,-425.883,74.049,112.500,-94.067,266.229,-285.468,-439.228,-10.852,-268.123,-440.138,-2.370,1.0000,0.9375,-299.342,-418.341,66.043,-256.568,-443.878,67.958,0.2527,0.0000,1.6000,1,-100.000,550.000,0.0000,0.0000,0,0,-256.568,-443.878,67.958,0.000,0,-1.000000,1.000,28.924,-1.000000,0.0000,0.0000,0,0,0.000,1.000,19.607,-256.568,-443.878,67.958,0,0,0,99.314347
378,53.7462,walk-to-authored-tree,-277.675,-441.175,73.563,112.500,-93.771,266.482,-286.574,-439.195,-11.281,-269.436,-476.185,-7.322,1.0000,0.9375,-300.401,-437.872,63.697,-257.195,-455.487,65.126,0.3804,0.0000,1.6000,1,-100.000,550.000,0.0000,0.0000,0,0,-257.195,-455.487,65.126,0.000,0,-1.000000,1.000,28.924,-1.000000,0.0000,0.0000,0,0,0.000,1.000,19.607,-257.195,-455.487,65.126,0,0,0,99.312167
379,53.8821,walk-to-authored-tree,-278.638,-456.416,73.074,112.500,-93.518,266.740,-287.037,-440.151,-11.799,-269.741,-499.144,-11.902,1.0000,0.9375,-300.084,-462.792,61.959,-256.593,-461.574,61.851,0.5076,0.0000,1.6000,1,-100.000,550.000,0.0000,0.0000,0,0,-256.593,-461.574,61.851,0.000,0,-1.000000,1.000,28.924,-1.000000,0.0000,0.0000,0,0,0.000,1.000,19.607,-256.593,-461.574,61.851,0,0,0,99.309995
380,54.0170,walk-to-authored-tree,-279.529,-471.590,72.582,112.500,-93.260,267.004,-288.159,-466.057,-7.725,-270.637,-499.215,-12.408,1.0000,0.9375,-300.042,-486.648,64.468,-256.875,-467.454,62.851,0.6343,0.0000,1.6000,1,-100.000,550.000,0.0000,0.0000,0,0,-256.875,-467.454,62.851,0.000,0,-1.000000,1.000,28.924,-1.000000,0.0000,0.0000,0,0,0.000,1.000,19.607,-256.875,-467.454,62.851,0,0,0,99.307833
381,54.1549,walk-to-authored-tree,-280.364,-487.018,72.077,112.500,-92.996,267.281,-288.878,-503.118,-4.381,-271.586,-499.048,-12.807,1.0000,0.9375,-300.466,-504.880,66.065,-257.639,-479.564,64.044,0.7631,0.0000,1.6000,1,-100.000,550.000,0.0000,0.0000,0,0,-257.639,-479.564,64.044,0.000,0,-1.000000,1.000,28.924,-1.000000,0.0000,0.0000,0,0,0.000,1.000,19.607,-257.639,-479.564,64.044,0,0,0,99.305636
382,54.2879,walk-to-authored-tree,-281.104,-502.019,71.577,112.500,-92.719,267.558,-289.217,-538.167,-9.984,-272.415,-498.992,-13.542,1.0000,0.9375,-301.672,-516.027,62.659,-258.611,-498.898,61.283,0.8882,0.0000,1.6000,1,-100.000,550.000,0.0000,0.0000,0,0,-258.611,-498.898,61.283,0.000,0,-1.000000,1.000,28.924,-1.000000,0.0000,0.0000,0,0,0.000,1.000,19.607,-258.611,-498.898,61.283,0,0,0,99.303500
383,54.4215,walk-to-authored-tree,-281.771,-516.979,71.084,112.500,-92.442,267.843,-289.703,-559.255,-13.868,-273.436,-500.647,-13.789,1.0000,0.9375,-303.560,-522.053,59.824,-260.036,-523.375,60.012,0.0130,0.0000,1.6000,1,-100.000,550.000,0.0000,0.0000,0,0,-260.036,-523.375,60.012,0.000,0,-1.000000,1.000,28.924,-1.000000,0.0000,0.0000,0,0,0.000,1.000,19.607,-260.036,-523.375,60.012,0,0,0,99.301370
384,54.5537,walk-to-authored-tree,-282.362,-531.895,70.585,112.500,-92.157,268.136,-290.380,-559.274,-14.258,-273.793,-526.586,-9.377,1.0000,0.9375,-305.038,-528.239,61.093,-261.358,-546.566,62.673,0.1374,0.0000,1.6000,1,-100.000,550.000,0.0000,0.0000,0,0,-261.358,-546.566,62.673,0.000,0,-1.000000,1.000,28.924,-1.000000,0.0000,0.0000,0,0,0.000,1.000,19.607,-261.358,-546.566,62.673,0,0,0,99.299247
385,54.6871,walk-to-authored-tree,-282.879,-546.847,70.094,112.500,-91.864,268.439,-291.213,-559.338,-14.799,-273.787,-562.418,-6.363,1.0000,0.9375,-305.866,-540.289,62.067,-262.127,-564.007,63.985,0.2621,0.0000,1.6000,1,-100.000,550.000,0.0000,0.0000,0,0,-262.127,-564.007,63.985,0.000,0,-1.000000,1.000,28.924,-1.000000,0.0000,0.0000,0,0,0.000,1.000,19.607,-262.127,-564.007,63.985,0,0,0,99.297119
386,54.8374,walk-to-authored-tree,-283.373,-563.797,69.534,112.500,-91.561,268.795,-291.896,-559.336,-15.570,-273.107,-601.254,-12.822,1.0000,0.9375,-305.518,-562.801,58.926,-261.691,-575.943,60.138,0.4034,0.0000,1.6000,1,-100.000,550.000,0.0000,0.0000,0,0,-261.691,-575.943,60.138,0.000,0,-1.000000,1.000,28.924,-1.000000,0.0000,0.0000,0,0,0.000,1.000,19.607,-261.691,-575.943,60.138,0,0,0,99.294707
387,54.9890,walk-to-authored-tree,-283.767,-580.792,68.972,112.500,-91.205,269.166,-293.049,-566.218,-15.448,-273.636,-618.671,-16.152,1.0000,0.9375,-304.797,-590.915,58.254,-261.647,-581.976,57.628,0.5451,0.0000,1.6000,1,-100.000,550.000,0.0000,0.0000,0,0,-261.647,-581.976,57.628,0.000,0,-1.000000,1.000,28.924,-1.000000,0.0000,0.0000,0,0,0.000,1.000,19.607,-261.647,-581.976,57.628,0,0,0,99.292290
388,55.1209,walk-to-authored-tree,-284.021,-595.683,68.504,112.500,-90.834,269.505,-292.544,-595.721,-10.144,-274.122,-618.661,-16.613,1.0000,0.9375,-303.544,-612.971,61.219,-261.473,-588.907,59.391,0.6692,0.0000,1.6000,1,-100.000,550.000,0.0000,0.0000,0,0,-261.473,-588.907,59.391,0.000,0,-1.000000,1.000,28.924,-1.000000,0.0000,0.0000,0,0,0.000,1.000,19.607,-261.473,-588.907,59.391,0,0,0,99.290172
389,55.2569,walk-to-authored-tree,-284.188,-610.946,68.026,112.500,-90.495,269.866,-291.639,-633.278,-8.899,-275.027,-618.668,-16.704,1.0000,0.9375,-303.530,-629.244,61.857,-261.759,-603.015,59.894,0.7964,0.0000,1.6000,1,-100.000,550.000,0.0000,0.0000,0,0,-261.759,-603.015,59.894,0.000,0,-1.000000,1.000,28.924,-1.000000,0.0000,0.0000,0,0,0.000,1.000,19.607,-261.759,-603.015,59.894,0,0,0,99.288001
390,55.3904,walk-to-authored-tree,-284.260,-625.997,67.563,112.500,-90.134,270.236,-290.553,-666.094,-15.737,-275.966,-618.552,-17.645,1.0000,0.9375,-304.596,-638.894,57.622,-261.980,-624.240,56.568,0.9218,0.0000,1.6000,1,-100.000,550.000,0.0000,0.0000,0,0,-261.980,-624.240,56.568,0.000,0,-1.000000,1.000,28.924,-1.000000,0.0000,0.0000,0,0,0.000,1.000,19.607,-261.980,-624.240,56.568,0,0,0,99.285860
391,55.5275,walk-to-authored-tree,-284.235,-641.382,67.127,112.500,-89.764,270.631,-290.377,-679.525,-17.674,-276.522,-626.149,-16.849,1.0000,0.9375,-306.170,-644.514,56.116,-262.286,-649.639,56.800,0.0500,0.0000,1.6000,1,-100.000,550.000,0.0000,0.0000,0,0,-262.286,-649.639,56.800,0.000,0,-1.000000,1.000,28.924,-1.000000,0.0000,0.0000,0,0,0.000,1.000,19.607,-262.286,-649.639,56.800,0,0,0,99.283672
392,55.6711,walk-to-authored-tree,-284.097,-657.561,66.668,112.500,-89.369,271.064,-291.259,-679.747,-18.370,-275.327,-659.187,-11.308,1.0000,0.9375,-307.228,-652.994,57.948,-262.581,-672.914,59.741,0.1848,0.0000,1.6000,1,-100.000,550.000,0.0000,0.0000,0,0,-262.581,-672.914,59.741,0.000,0,-1.000000,1.000,28.924,-1.000000,0.0000,0.0000,0,0,0.000,1.000,19.607,-262.581,-672.914,59.741,0,0,0,99.281371
393,55.8044,walk-to-authored-tree,-283.862,-672.551,66.276,112.500,-88.936,271.486,-291.989,-679.779,-18.666,-273.271,-696.049,-11.308,1.0000,0.9375,-307.018,-668.029,57.737,-262.197,-687.933,59.574,0.3098,0.0000,1.6000,1,-100.000,550.000,0.0000,0.0000,0,0,-262.197,-687.933,59.574,0.000,0,-1.000000,1.000,28.924,-1.000000,0.0000,0.0000,0,0,0.000,1.000,19.607,-262.197,-687.933,59.574,0,0,0,99.279239
394,55.9392,walk-to-authored-tree,-283.511,-687.736,65.893,112.500,-88.514,271.933,-292.799,-679.867,-18.900,-271.190,-727.871,-17.586,1.0000,0.9375,-305.497,-690.304,55.047,-261.353,-696.563,55.911,0.4363,0.0000,1.6000,1,-100.000,550.000,0.0000,0.0000,0,0,-261.353,-696.563,55.911,0.000,0,-1.000000,1.000,28.924,-1.000000,0.0000,0.0000,0,0,0.000,1.000,19.607,-261.353,-696.563,55.911,0,0,0,99.277078
395,56.0908,walk-to-authored-tree,-282.985,-704.752,65.498,112.500,-88.067,272.460,-292.816,-693.405,-17.495,-271.127,-738.051,-19.402,1.0000,0.9375,-302.914,-718.364,55.856,-260.856,-702.201,54.808,0.5782,0.0000,1.6000,1,-100.000,550.000,0.0000,0.0000,0,0,-260.856,-702.201,54.808,0.000,0,-1.000000,1.000,28.924,-1.000000,0.0000,0.0000,0,0,0.000,1.000,19.607,-260.856,-702.201,54.808,0,0,0,99.274657
396,56.2416,walk-to-authored-tree,-282.308,-721.751,65.158,112.500,-87.540,273.020,-290.051,-730.993,-11.486,-271.844,-738.104,-19.651,1.0000,0.9375,-300.638,-741.299,59.091,-260.368,-712.349,57.090,0.7200,0.0000,1.6000,1,-100.000,550.000,0.0000,0.0000,0,0,-260.368,-712.349,57.090,0.000,0,-1.000000,1.000,28.924,-1.000000,0.0000,0.0000,0,0,0.000,1.000,19.607,-260.368,-712.349,57.090,0,0,0,99.272238
397,56.3962,walk-to-authored-tree,-281.452,-739.075,64.842,112.500,-86.980,273.628,-286.393,-772.692,-15.024,-272.904,-738.010,-19.822,1.0000,0.9375,-300.343,-756.294,57.078,-259.559,-732.365,55.505,0.8645,0.0000,1.6000,1,-100.000,550.000,0.0000,0.0000,0,0,-259.559,-732.365,55.505,0.000,0,-1.000000,1.000,28.924,-1.000000,0.0000,0.0000,0,0,0.000,1.000,19.607,-259.559,-732.365,55.505,0,0,0,99.269771
398,56.5355,walk-to-authored-tree,-280.517,-754.758,64.586,112.500,-85.852,274.223,-283.303,-799.190,-20.288,-274.006,-738.001,-20.348,1.0000,0.9375,-301.215,-763.740,53.452,-258.215,-757.139,53.380,0.9955,0.0000,1.6000,1,-100.000,550.000,0.0000,0.0000,0,0,-258.215,-757.139,53.380,0.000,0,-1.000000,1.000,28.924,-1.000000,0.0000,0.0000,0,0,0.000,1.000,19.607,-258.215,-757.139,53.380,0,0,0,99.267536
399,56.6666,walk-to-authored-tree,-279.485,-769.449,64.405,112.500,-85.777,274.812,-284.165,-799.862,-20.557,-272.028,-760.467,-16.651,1.0000,0.9375,-302.263,-769.328,54.394,-257.037,-780.682,55.802,0.1182,0.0000,1.6000,1,-100.000,550.000,0.0000,0.0000,0,0,-257.037,-780.682,55.802,0.000,0,-1.000000,1.000,28.924,-1.000000,0.0000,0.0000,0,0,0.000,1.000,19.607,-257.037,-780.682,55.802,0,0,0,99.265442
400,56.7965,walk-to-authored-tree,-278.317,-784.034,64.238,112.500,-85.188,275.436,-284.751,-800.038,-20.658,-268.055,-794.500,-12.218,1.0000,0.9375,-301.910,-780.168,56.216,-255.710,-798.676,58.133,0.2401,0.0000,1.6000,1,-100.000,550.000,0.0000,0.0000,0,0,-255.710,-798.676,58.133,0.000,0,-1.000000,1.000,28.924,-1.000000,0.0000,0.0000,0,0,0.000,1.000,19.607,-255.710,-798.676,58.133,0,0,0,99.263361
401,56.9331,walk-to-authored-tree,-276.927,-799.310,64.072,112.500,-83.948,276.144,-285.709,-800.253,-20.939,-263.012,-830.828,-16.310,1.0000,0.9375,-299.983,-799.274,54.287,-254.224,-810.572,55.824,0.3679,0.0000,1.6000,1,-100.000,550.000,0.0000,0.0000,0,0,-254.224,-810.572,55.824,0.000,0,-1.000000,1.000,28.924,-1.000000,0.0000,0.0000,0,0,0.000,1.000,19.607,-254.224,-810.572,55.824,0,0,0,99.261179
402,57.0697,walk-to-authored-tree,-275.338,-814.634,63.916,112.500,-83.189,276.910,-286.519,-800.506,-21.014,-258.838,-855.900,-21.027,1.0000,0.9375,-295.614,-823.872,52.715,-252.711,-816.702,52.772,0.4963,0.0000,1.6000,1,-100.000,550.000,0.0000,0.0000,0,0,-252.711,-816.702,52.772,0.000,0,-1.000000,1.000,28.924,-1.000000,0.0000,0.0000,0,0,0.000,1.000,19.607,-252.711,-816.702,52.772,0,0,0,99.258988
403,57.2051,walk-to-authored-tree,-273.570,-829.760,63.767,112.500,-82.375,277.734,-283.309,-824.405,-16.988,-259.315,-856.511,-21.108,1.0000,0.9375,-291.017,-847.837,55.433,-251.994,-822.002,53.928,0.6232,0.0000,1.6000,1,-100.000,550.000,0.0000,0.0000,0,0,-251.994,-822.002,53.928,0.000,0,-1.000000,1.000,28.924,-1.000000,0.0000,0.0000,0,0,0.000,1.000,19.607,-251.994,-822.002,53.928,0,0,0,99.256822
404,57.3405,walk-to-authored-tree,-271.588,-844.864,63.630,112.500,-81.484,278.636,-277.212,-860.110,-12.761,-260.300,-856.361,-21.279,1.0000,0.9375,-287.702,-866.436,57.640,-250.828,-832.965,55.610,0.7502,0.0000,1.6000,1,-100.000,550.000,0.0000,0.0000,0,0,-250.828,-832.965,55.610,0.000,0,-1.000000,1.000,28.924,-1.000000,0.0000,0.0000,0,0,0.000,1.000,19.607,-250.828,-832.965,55.610,0,0,0,99.254656
405,57.4769,walk-to-authored-tree,-269.358,-860.054,63.500,112.500,-80.494,279.640,-269.981,-895.850,-17.422,-261.286,-856.443,-21.521,1.0000,0.9375,-286.351,-878.637,54.987,-248.182,-851.653,53.521,0.8781,0.0000,1.6000,1,-100.000,550.000,0.0000,0.0000,0,0,-248.182,-851.653,53.521,0.000,0,-1.000000,1.000,28.924,-1.000000,0.0000,0.0000,0,0,0.000,1.000,19.607,-248.182,-851.653,53.521,0,0,0,99.252472
406,57.6125,walk-to-authored-tree,-266.887,-875.099,63.379,112.500,-79.395,280.756,-264.811,-918.977,-21.572,-262.435,-857.241,-21.522,1.0000,0.9375,-286.723,-885.600,52.169,-244.347,-875.760,52.239,0.0052,0.0000,1.6000,1,-100.000,550.000,0.0000,0.0000,0,0,-244.347,-875.760,52.239,0.000,0,-1.000000,1.000,28.924,-1.000000,0.0000,0.0000,0,0,0.000,1.000,19.607,-244.347,-875.760,52.239,0,0,0,99.250304
407,57.7490,walk-to-authored-tree,-264.113,-890.201,63.267,112.500,-78.144,282.029,-265.106,-919.200,-21.588,-257.227,-882.370,-16.928,1.0000,0.9375,-286.908,-892.344,53.659,-240.184,-899.152,55.210,0.1331,0.0000,1.6000,1,-100.000,550.000,0.0000,0.0000,0,0,-240.184,-899.152,55.210,0.000,0,-1.000000,1.000,28.924,-1.000000,0.0000,0.0000,0,0,0.000,1.000,19.607,-240.184,-899.152,55.210,0,0,0,99.248120
408,57.8840,walk-to-authored-tree,-261.052,-905.070,63.166,112.500,-76.721,283.482,-265.747,-919.600,-21.731,-248.329,-917.312,-13.285,1.0000,0.9375,-284.958,-904.718,55.145,-236.535,-916.226,57.062,0.2596,0.0000,1.6000,1,-100.000,550.000,0.0000,0.0000,0,0,-236.535,-916.226,57.062,0.000,0,-1.000000,1.000,28.924,-1.000000,0.0000,0.0000,0,0,0.000,1.000,19.607,-236.535,-916.226,57.062,0,0,0,99.245961
409,58.0209,walk-to-authored-tree,-257.576,-920.084,63.072,112.500,-75.025,285.220,-266.796,-920.148,-21.829,-238.068,-951.455,-18.284,1.0000,0.9375,-279.842,-924.633,52.987,-233.525,-926.582,54.346,0.3881,0.0000,1.6000,1,-100.000,550.000,0.0000,0.0000,0,0,-233.525,-926.582,54.346,0.000,0,-1.000000,1.000,28.924,-1.000000,0.0000,0.0000,0,0,0.000,1.000,19.607,-233.525,-926.582,54.346,0,0,0,99.243769
410,58.1535,walk-to-authored-tree,-253.806,-934.498,62.994,112.500,-74.780,287.211,-267.000,-921.846,-21.856,-231.858,-971.611,-21.973,1.0000,0.9375,-271.943,-947.776,51.919,-231.395,-931.934,51.743,0.5122,0.0000,1.6000,1,-100.000,550.000,0.0000,0.0000,0,0,-231.395,-931.934,51.743,0.000,0,-1.000000,1.000,28.924,-1.000000,0.0000,0.0000,0,0,0.000,1.000,19.607,-231.395,-931.934,51.743,0,0,0,99.241650
411,58.2929,walk-to-authored-tree,-249.346,-949.546,62.921,112.500,-70.461,289.949,-258.998,-948.948,-16.754,-230.869,-970.649,-21.884,1.0000,0.9375,-262.256,-971.740,55.245,-230.261,-936.537,53.566,0.6430,0.0000,1.6000,1,-100.000,550.000,0.0000,0.0000,0,0,-230.261,-936.537,53.566,0.000,0,-1.000000,1.000,28.924,-1.000000,0.0000,0.0000,0,0,0.000,1.000,19.607,-230.261,-936.537,53.566,0,0,0,99.239418
412,58.5465,view-authored-tree,-244.320,-964.108,62.865,0.000,-70.051,288.061,-246.243,-981.604,-19.303,-231.174,-972.616,-22.275,0.4848,0.0000,-259.428,-983.162,56.825,-224.160,-954.626,55.857,0.7714,0.0000,1.6000,1,-100.000,550.000,0.0000,0.0000,0,0,-224.160,-954.626,55.857,0.000,0,-1.000000,1.000,28.924,-1.000000,0.0000,0.0000,0,0,0.000,1.000,19.607,-224.160,-954.626,55.857,0,0,0,99.235359
413,58.6813,view-authored-tree,-244.320,-964.108,62.865,0.000,-70.051,283.483,-247.303,-979.012,-22.047,-230.444,-974.316,-22.047,0.0000,0.0000,-262.498,-977.891,57.644,-222.570,-960.571,57.644,0.7714,0.0000,1.6000,1,-100.000,550.000,0.0000,0.0000,0,0,-222.570,-960.571,57.644,0.000,0,-1.000000,1.000,28.924,-1.000000,0.0000,0.0000,0,0,0.000,1.000,19.607,-222.570,-960.571,57.644,0,0,0,99.233201
414,58.8136,view-authored-tree,-244.320,-964.108,62.865,0.000,-70.051,280.540,-247.303,-979.012,-22.047,-230.444,-974.316,-22.047,0.0000,0.0000,-262.498,-977.891,57.644,-222.570,-960.571,57.644,0.7714,0.0000,1.6000,1,-100.000,550.000,0.0000,0.0000,0,0,-222.570,-960.571,57.644,0.000,0,-1.000000,1.000,28.924,-1.000000,0.0000,0.0000,0,0,0.000,1.000,19.607,-222.570,-960.571,57.644,0,0,0,99.231086
415,58.9450,view-authored-tree,-244.320,-964.108,62.865,0.000,-70.051,278.602,-247.303,-979.012,-22.047,-230.444,-974.316,-22.047,0.0000,0.0000,-262.505,-977.875,57.642,-222.576,-960.555,57.642,0.7714,0.0000,1.6000,1,-100.000,550.000,0.0000,0.0000,0,0,-222.576,-960.555,57.642,0.000,0,-1.000000,1.000,28.924,-1.000000,0.0000,0.0000,0,0,0.000,1.000,19.607,-222.576,-960.555,57.642,0,0,0,99.228983
416,59.0773,view-authored-tree,-244.320,-964.108,62.865,0.000,-70.051,277.307,-247.303,-979.012,-22.047,-230.444,-974.316,-22.047,0.0000,0.0000,-262.505,-977.875,57.642,-222.576,-960.555,57.642,0.7714,0.0000,1.6000,1,-100.000,550.000,0.0000,0.0000,0,0,-222.576,-960.555,57.642,0.000,0,-1.000000,1.000,28.924,-1.000000,0.0000,0.0000,0,0,0.000,1.000,19.607,-222.576,-960.555,57.642,0,0,0,99.226866
417,59.2088,view-authored-tree,-244.320,-964.108,62.865,0.000,-70.051,276.456,-247.303,-979.012,-22.047,-230.444,-974.316,-22.047,0.0000,0.0000,-262.442,-978.005,57.661,-222.524,-960.691,57.661,0.7714,0.0000,1.6000,1,-100.000,550.000,0.0000,0.0000,0,0,-222.524,-960.691,57.661,0.000,0,-1.000000,1.000,28.924,-1.000000,0.0000,0.0000,0,0,0.000,1.000,19.607,-222.524,-960.691,57.661,0,0,0,99.224762
418,59.3400,view-authored-tree,-244.320,-964.108,62.865,0.000,-70.051,275.892,-247.303,-979.012,-22.047,-230.444,-974.316,-22.047,0.0000,0.0000,-262.405,-978.082,57.673,-222.493,-960.770,57.673,0.7714,0.0000,1.6000,1,-100.000,550.000,0.0000,0.0000,0,0,-222.493,-960.770,57.673,0.000,0,-1.000000,1.000,28.924,-1.000000,0.0000,0.0000,0,0,0.000,1.000,19.607,-222.493,-960.770,57.673,0,0,0,99.222662
419,59.4721,view-authored-tree,-244.320,-964.108,62.865,0.000,-70.051,275.516,-247.303,-979.012,-22.047,-230.444,-974.316,-22.047,0.0000,0.0000,-262.367,-978.161,57.685,-222.462,-960.852,57.685,0.7714,0.0000,1.6000,1,-100.000,550.000,0.0000,0.0000,0,0,-222.462,-960.852,57.685,0.000,0,-1.000000,1.000,28.924,-1.000000,0.0000,0.0000,0,0,0.000,1.000,19.607,-222.462,-960.852,57.685,0,0,0,99.220550
420,59.6048,view-authored-tree,-244.320,-964.108,62.865,0.000,-70.051,275.265,-247.303,-979.012,-22.047,-230.444,-974.316,-22.047,0.0000,0.0000,-262.325,-978.248,57.698,-222.427,-960.942,57.699,0.7714,0.0000,1.6000,1,-100.000,550.000,0.0000,0.0000,0,0,-222.427,-960.942,57.699,0.000,0,-1.000000,1.000,28.924,-1.000000,0.0000,0.0000,0,0,0.000,1.000,19.607,-222.427,-960.942,57.699,0,0,0,99.218426
421,59.7381,view-authored-tree,-244.320,-964.108,62.865,0.000,-70.051,275.099,-247.303,-979.012,-22.047,-230.444,-974.316,-22.047,0.0000,0.0000,-262.288,-978.323,57.710,-222.397,-961.020,57.711,0.7714,0.0000,1.6000,1,-100.000,550.000,0.0000,0.0000,0,0,-222.397,-961.020,57.711,0.000,0,-1.000000,1.000,28.924,-1.000000,0.0000,0.0000,0,0,0.000,1.000,19.607,-222.397,-961.020,57.711,0,0,0,99.216293
422,59.8650,view-authored-tree,-244.320,-964.108,62.865,0.000,-70.051,274.991,-247.303,-979.012,-22.047,-230.444,-974.316,-22.047,0.0000,0.0000,-262.255,-978.392,57.722,-222.369,-961.092,57.722,0.7714,0.0000,1.6000,1,-100.000,550.000,0.0000,0.0000,0,0,-222.369,-961.092,57.722,0.000,0,-1.000000,1.000,28.924,-1.000000,0.0000,0.0000,0,0,0.000,1.000,19.607,-222.369,-961.092,57.722,0,0,0,99.214266
423,59.9905,view-authored-tree,-244.320,-964.108,62.865,0.000,-70.051,274.920,-247.303,-979.012,-22.047,-230.444,-974.316,-22.047,0.0000,0.0000,-262.240,-978.422,57.726,-222.358,-961.122,57.726,0.7714,0.0000,1.6000,1,-100.000,550.000,0.0000,0.0000,0,0,-222.358,-961.122,57.726,0.000,0,-1.000000,1.000,28.924,-1.000000,0.0000,0.0000,0,0,0.000,1.000,19.607,-222.358,-961.122,57.726,0,0,0,99.212256
424,60.1307,view-authored-tree,-244.320,-964.108,62.865,0.000,-70.051,274.870,-247.303,-979.012,-22.047,-230.444,-974.316,-22.047,0.0000,0.0000,-262.240,-978.422,57.726,-222.358,-961.122,57.726,0.7714,0.0000,1.6000,1,-100.000,550.000,0.0000,0.0000,0,0,-222.358,-961.122,57.726,0.000,0,-1.000000,1.000,28.924,-1.000000,0.0000,0.0000,0,0,0.000,1.000,19.607,-222.358,-961.122,57.726,0,0,0,99.210015
425,60.2665,view-authored-tree,-244.320,-964.108,62.865,0.000,-70.051,274.838,-247.303,-979.012,-22.047,-230.444,-974.316,-22.047,0.0000,0.0000,-262.209,-978.485,57.737,-222.333,-961.188,57.737,0.7714,0.0000,1.6000,1,-100.000,550.000,0.0000,0.0000,0,0,-222.333,-961.188,57.737,0.000,0,-1.000000,1.000,28.924,-1.000000,0.0000,0.0000,0,0,0.000,1.000,19.607,-222.333,-961.188,57.737,0,0,0,99.207840
426,60.4047,view-authored-tree,-244.320,-964.108,62.865,0.000,-70.051,274.818,-247.303,-979.012,-22.047,-230.444,-974.316,-22.047,0.0000,0.0000,-262.209,-978.485,57.737,-222.333,-961.188,57.737,0.7714,0.0000,1.6000,1,-100.000,550.000,0.0000,0.0000,0,0,-222.333,-961.188,57.737,0.000,0,-1.000000,1.000,28.924,-1.000000,0.0000,0.0000,0,0,0.000,1.000,19.607,-222.333,-961.188,57.737,0,0,0,99.205627
427,60.5352,view-authored-tree,-244.320,-964.108,62.865,0.000,-70.051,274.805,-247.303,-979.012,-22.047,-230.444,-974.316,-22.047,0.0000,0.0000,-262.239,-978.423,57.729,-222.357,-961.124,57.729,0.7714,0.0000,1.6000,1,-100.000,550.000,0.0000,0.0000,0,0,-222.357,-961.124,57.729,0.000,0,-1.000000,1.000,28.924,-1.000000,0.0000,0.0000,0,0,0.000,1.000,19.607,-222.357,-961.124,57.729,0,0,0,99.203543
428,60.6615,view-authored-tree,-244.320,-964.108,62.865,0.000,-70.051,274.796,-247.303,-979.012,-22.047,-230.444,-974.316,-22.047,0.0000,0.0000,-262.268,-978.363,57.723,-222.381,-961.062,57.723,0.7714,0.0000,1.6000,1,-100.000,550.000,0.0000,0.0000,0,0,-222.381,-961.062,57.723,0.000,0,-1.000000,1.000,28.924,-1.000000,0.0000,0.0000,0,0,0.000,1.000,19.607,-222.381,-961.062,57.723,0,0,0,99.201531
429,60.7904,view-authored-tree,-244.320,-964.108,62.865,0.000,-70.051,274.791,-247.303,-979.012,-22.047,-230.444,-974.316,-22.047,0.0000,0.0000,-262.297,-978.305,57.708,-222.404,-961.002,57.708,0.7714,0.0000,1.6000,1,-100.000,550.000,0.0000,0.0000,0,0,-222.404,-961.002,57.708,0.000,0,-1.000000,1.000,28.924,-1.000000,0.0000,0.0000,0,0,0.000,1.000,19.607,-222.404,-961.002,57.708,0,0,0,99.199457
430,60.9310,view-authored-tree,-244.320,-964.108,62.865,0.000,-70.051,274.787,-247.303,-979.012,-22.047,-230.444,-974.316,-22.047,0.0000,0.0000,-262.340,-978.215,57.693,-222.440,-960.909,57.693,0.7714,0.0000,1.6000,1,-100.000,550.000,0.0000,0.0000,0,0,-222.440,-960.909,57.693,0.000,0,-1.000000,1.000,28.924,-1.000000,0.0000,0.0000,0,0,0.000,1.000,19.607,-222.440,-960.909,57.693,0,0,0,99.197208
431,61.0715,view-authored-tree,-244.320,-964.108,62.865,0.000,-70.051,274.785,-247.303,-979.012,-22.047,-230.444,-974.316,-22.047,0.0000,0.0000,-262.381,-978.131,57.680,-222.473,-960.821,57.680,0.7714,0.0000,1.6000,1,-100.000,550.000,0.0000,0.0000,0,0,-222.473,-960.821,57.680,0.000,0,-1.000000,1.000,28.924,-1.000000,0.0000,0.0000,0,0,0.000,1.000,19.607,-222.473,-960.821,57.680,0,0,0,99.194960
432,61.2120,view-authored-tree,-244.320,-964.108,62.865,0.000,-70.051,274.783,-247.303,-979.012,-22.047,-230.444,-974.316,-22.047,0.0000,0.0000,-262.425,-978.042,57.667,-222.509,-960.728,57.667,0.7714,0.0000,1.6000,1,-100.000,550.000,0.0000,0.0000,0,0,-222.509,-960.728,57.667,0.000,0,-1.000000,1.000,28.924,-1.000000,0.0000,0.0000,0,0,0.000,1.000,19.607,-222.509,-960.728,57.667,0,0,0,99.192710
433,61.3422,view-authored-tree,-244.320,-964.108,62.865,0.000,-70.051,274.783,-247.303,-979.012,-22.047,-230.444,-974.316,-22.047,0.0000,0.0000,-262.446,-977.997,57.658,-222.527,-960.682,57.658,0.7714,0.0000,1.6000,1,-100.000,550.000,0.0000,0.0000,0,0,-222.527,-960.682,57.658,0.000,0,-1.000000,1.000,28.924,-1.000000,0.0000,0.0000,0,0,0.000,1.000,19.607,-222.527,-960.682,57.658,0,0,0,99.190629
434,61.5874,walk-into-authored-trunk,-244.036,-967.499,62.841,51.042,-85.217,274.783,-249.921,-987.489,-18.691,-233.875,-976.790,-22.258,0.5833,0.4253,-263.283,-982.806,56.668,-222.110,-962.626,55.544,0.7997,0.0000,1.6000,1,-100.000,550.000,0.0000,0.0000,0,0,-222.110,-962.626,55.544,0.000,0,-1.000000,1.000,28.924,-1.000000,0.0000,0.0000,0,0,0.000,1.000,19.607,-222.110,-962.626,55.544,0,0,0,99.186707
435,61.7193,walk-into-authored-trunk,-243.070,-979.050,62.759,108.679,-85.217,274.783,-245.995,-1018.536,-20.011,-235.238,-972.078,-22.337,1.0000,0.9057,-262.020,-994.223,53.188,-221.032,-974.657,52.038,0.9121,0.0000,1.6000,1,-100.000,550.000,0.0000,0.0000,0,0,-221.032,-974.657,52.038,0.000,0,-1.000000,1.000,28.924,-1.000000,0.0000,0.0000,0,0,0.000,1.000,19.607,-221.032,-974.657,52.038,0,0,0,99.184599
436,61.8503,walk-into-authored-trunk,-241.839,-993.766,62.660,112.500,-85.217,274.783,-244.646,-1034.023,-22.347,-235.399,-977.234,-21.912,1.0000,0.9375,-263.146,-999.718,51.355,-219.296,-999.112,51.844,0.0351,0.0000,1.6000,1,-100.000,550.000,0.0000,0.0000,0,0,-219.296,-999.112,51.844,0.000,0,-1.000000,1.000,28.924,-1.000000,0.0000,0.0000,0,0,0.000,1.000,19.607,-219.296,-999.112,51.844,0,0,0,99.182498
437,61.9864,walk-into-authored-trunk,-240.562,-1009.021,62.562,112.500,-85.217,274.783,-245.686,-1034.303,-22.375,-232.208,-1006.385,-16.195,1.0000,0.9375,-263.781,-1006.898,53.520,-217.970,-1022.113,55.230,0.1627,0.0000,1.6000,1,-100.000,550.000,0.0000,0.0000,0,0,-217.970,-1022.113,55.230,0.000,0,-1.000000,1.000,28.924,-1.000000,0.0000,0.0000,0,0,0.000,1.000,19.607,-217.970,-1022.113,55.230,0,0,0,99.180321
438,62.1209,walk-into-authored-trunk,-239.301,-1024.090,62.473,112.500,-85.217,274.783,-246.624,-1034.342,-22.422,-227.822,-1043.143,-14.423,1.0000,0.9375,-262.872,-1020.590,54.266,-216.737,-1038.445,56.147,0.2887,0.0000,1.6000,1,-100.000,550.000,0.0000,0.0000,0,0,-216.737,-1038.445,56.147,0.000,0,-1.000000,1.000,28.924,-1.000000,0.0000,0.0000,0,0,0.000,1.000,19.607,-216.737,-1038.445,56.147,0,0,0,99.178171
439,62.2575,walk-into-authored-trunk,-238.020,-1039.407,62.439,112.500,-85.217,274.783,-247.290,-1034.361,-22.515,-223.556,-1076.884,-20.398,1.0000,0.9375,-260.018,-1041.825,51.763,-215.229,-1048.228,52.840,0.4168,0.0000,1.6000,1,-100.000,550.000,0.0000,0.0000,0,0,-215.229,-1048.228,52.840,0.000,0,-1.000000,1.000,28.924,-1.000000,0.0000,0.0000,0,0,0.000,1.000,19.607,-215.229,-1048.228,52.840,0,0,0,99.175985
440,62.3935,walk-into-authored-trunk,-236.744,-1054.655,62.439,112.500,-85.217,274.783,-247.498,-1041.093,-21.998,-222.699,-1091.355,-22.682,1.0000,0.9375,-256.610,-1066.866,51.712,-214.612,-1053.586,51.095,0.5443,0.0000,1.6000,1,-100.000,550.000,0.0000,0.0000,0,0,-214.612,-1053.586,51.095,0.000,0,-1.000000,1.000,28.924,-1.000000,0.0000,0.0000,0,0,0.000,1.000,19.607,-214.612,-1053.586,51.095,0,0,0,99.173808
441,62.5318,walk-into-authored-trunk,-235.447,-1070.156,62.439,112.500,-85.217,274.783,-243.832,-1071.839,-16.078,-223.448,-1091.469,-22.746,1.0000,0.9375,-253.163,-1089.412,55.204,-213.697,-1061.055,53.353,0.6739,0.0000,1.6000,1,-100.000,550.000,0.0000,0.0000,0,0,-213.697,-1061.055,53.353,0.000,0,-1.000000,1.000,28.924,-1.000000,0.0000,0.0000,0,0,0.000,1.000,19.607,-213.697,-1061.055,53.353,0,0,0,99.171596
442,62.6699,walk-into-authored-trunk,-234.151,-1085.640,62.439,112.500,-85.217,274.783,-239.324,-1109.779,-14.799,-224.421,-1091.643,-22.395,1.0000,0.9375,-251.758,-1105.490,56.051,-212.515,-1075.857,54.110,0.8034,0.0000,1.6000,1,-100.000,550.000,0.0000,0.0000,0,0,-212.515,-1075.857,54.110,0.000,0,-1.000000,1.000,28.924,-1.000000,0.0000,0.0000,0,0,0.000,1.000,19.607,-212.515,-1075.857,54.110,0,0,0,99.169386
443,62.8075,walk-into-authored-trunk,-232.860,-1101.073,62.186,112.500,-85.217,274.783,-235.592,-1142.649,-21.629,-225.462,-1091.676,-23.117,1.0000,0.9375,-252.235,-1115.025,51.847,-210.806,-1098.220,50.903,0.9325,0.0000,1.6000,1,-100.000,550.000,0.0000,0.0000,0,0,-210.806,-1098.220,50.903,0.000,0,-1.000000,1.000,28.924,-1.000000,0.0000,0.0000,0,0,0.000,1.000,19.607,-210.806,-1098.220,50.903,0,0,0,99.167184
444,62.9450,walk-into-authored-trunk,-231.570,-1116.484,62.186,112.500,-85.217,274.783,-234.924,-1153.687,-22.738,-224.994,-1101.559,-21.521,1.0000,0.9375,-253.426,-1120.512,51.186,-209.046,-1123.845,52.019,0.0614,0.0000,1.6000,1,-100.000,550.000,0.0000,0.0000,0,0,-209.046,-1123.845,52.019,0.000,0,-1.000000,1.000,28.924,-1.000000,0.0000,0.0000,0,0,0.000,1.000,19.607,-209.046,-1123.845,52.019,0,0,0,99.164984
445,63.0841,walk-into-authored-trunk,-230.265,-1132.083,62.186,112.500,-85.217,274.783,-235.937,-1153.883,-22.855,-221.246,-1134.218,-15.503,1.0000,0.9375,-253.726,-1128.988,53.579,-207.709,-1146.030,55.397,0.1918,0.0000,1.6000,1,-100.000,550.000,0.0000,0.0000,0,0,-207.709,-1146.030,55.397,0.000,0,-1.000000,1.000,28.924,-1.000000,0.0000,0.0000,0,0,0.000,1.000,19.607,-207.709,-1146.030,55.397,0,0,0,99.162758
446,63.2234,walk-into-authored-trunk,-228.960,-1147.686,62.186,112.500,-85.217,274.778,-236.795,-1153.928,-22.701,-216.539,-1172.506,-15.840,1.0000,0.9375,-252.251,-1145.103,53.483,-206.312,-1161.286,55.283,0.3223,0.0000,1.6000,1,-100.000,550.000,0.0000,0.0000,0,0,-206.312,-1161.286,55.283,0.000,0,-1.000000,1.000,28.924,-1.000000,0.0000,0.0000,0,0,0.000,1.000,19.607,-206.312,-1161.286,55.283,0,0,0,99.160531
447,63.3616,walk-into-authored-trunk,-227.664,-1163.192,62.186,112.500,-85.268,274.718,-237.777,-1154.011,-22.946,-213.083,-1203.583,-22.208,1.0000,0.9375,-249.288,-1168.178,50.832,-205.179,-1169.586,51.496,0.4519,0.0000,1.6000,1,-100.000,550.000,0.0000,0.0000,0,0,-205.179,-1169.586,51.496,0.000,0,-1.000000,1.000,28.924,-1.000000,0.0000,0.0000,0,0,0.000,1.000,19.607,-205.179,-1169.586,51.496,0,0,0,99.158318
448,63.4981,walk-into-authored-trunk,-226.397,-1178.490,62.186,112.500,-85.386,274.594,-236.701,-1167.775,-20.755,-213.000,-1211.000,-22.736,1.0000,0.9375,-245.618,-1193.116,52.567,-204.397,-1174.782,51.502,0.5799,0.0000,1.6000,1,-100.000,550.000,0.0000,0.0000,0,0,-204.397,-1174.782,51.502,0.000,0,-1.000000,1.000,28.924,-1.000000,0.0000,0.0000,0,0,0.000,1.000,19.607,-204.397,-1174.782,51.502,0,0,0,99.156135
449,63.6345,walk-into-authored-trunk,-225.158,-1193.793,61.925,112.500,-85.552,274.424,-232.847,-1201.151,-14.925,-213.935,-1211.158,-22.804,1.0000,0.9375,-242.836,-1213.767,55.785,-203.513,-1183.867,53.811,0.7078,0.0000,1.6000,1,-100.000,550.000,0.0000,0.0000,0,0,-203.513,-1183.867,53.811,0.000,0,-1.000000,1.000,28.924,-1.000000,0.0000,0.0000,0,0,0.000,1.000,19.607,-203.513,-1183.867,53.811,0,0,0,99.153951
450,63.7709,walk-into-authored-trunk,-223.962,-1209.078,61.925,112.500,-85.752,274.221,-228.597,-1238.457,-16.893,-214.800,-1211.252,-23.147,1.0000,0.9375,-241.952,-1227.870,54.580,-202.122,-1200.511,52.784,0.8356,0.0000,1.6000,1,-100.000,550.000,0.0000,0.0000,0,0,-202.122,-1200.511,52.784,0.000,0,-1.000000,1.000,28.924,-1.000000,0.0000,0.0000,0,0,0.000,1.000,19.607,-202.122,-1200.511,52.784,0,0,0,99.151771
451,63.9116,walk-into-authored-trunk,-222.779,-1224.881,61.925,112.500,-85.986,273.984,-225.895,-1268.788,-22.621,-215.937,-1211.426,-23.081,1.0000,0.9375,-243.103,-1235.959,51.071,-200.691,-1225.104,50.615,0.9676,0.0000,1.6000,1,-100.000,550.000,0.0000,0.0000,0,0,-200.691,-1225.104,50.615,0.000,0,-1.000000,1.000,28.924,-1.000000,0.0000,0.0000,0,0,0.000,1.000,19.607,-200.691,-1225.104,50.615,0,0,0,99.149517
452,64.0481,walk-into-authored-trunk,-221.693,-1240.189,61.925,112.500,-86.235,273.733,-226.188,-1273.278,-22.985,-214.400,-1228.679,-20.266,1.0000,0.9375,-244.097,-1241.350,51.522,-199.250,-1250.217,52.705,0.0955,0.0000,1.6000,1,-100.000,550.000,0.0000,0.0000,0,0,-199.250,-1250.217,52.705,0.000,0,-1.000000,1.000,28.924,-1.000000,0.0000,0.0000,0,0,0.000,1.000,19.607,-199.250,-1250.217,52.705,0,0,0,99.147334
453,64.1879,walk-into-authored-trunk,-220.650,-1255.861,61.925,112.500,-86.507,273.459,-227.255,-1273.316,-22.939,-210.927,-1264.169,-14.653,1.0000,0.9375,-244.150,-1251.625,53.870,-198.393,-1270.911,55.780,0.2264,0.0000,1.6000,1,-100.000,550.000,0.0000,0.0000,0,0,-198.393,-1270.911,55.780,0.000,0,-1.000000,1.000,28.924,-1.000000,0.0000,0.0000,0,0,0.000,1.000,19.607,-198.393,-1270.911,55.780,0,0,0,99.145101
454,64.3246,walk-into-authored-trunk,-219.698,-1271.221,61.925,112.500,-86.789,273.175,-228.269,-1273.387,-22.867,-207.506,-1301.501,-17.536,1.0000,0.9375,-242.803,-1269.345,52.672,-197.547,-1284.247,54.303,0.3547,0.0000,1.6000,1,-100.000,550.000,0.0000,0.0000,0,0,-197.547,-1284.247,54.303,0.000,0,-1.000000,1.000,28.924,-1.000000,0.0000,0.0000,0,0,0.000,1.000,19.607,-197.547,-1284.247,54.303,0,0,0,99.142912
455,64.4654,walk-into-authored-trunk,-218.797,-1287.048,61.925,112.500,-87.094,272.868,-229.171,-1273.361,-23.012,-205.469,-1329.255,-22.986,1.0000,0.9375,-240.132,-1294.154,50.666,-196.667,-1291.444,50.854,0.4868,0.0000,1.6000,1,-100.000,550.000,0.0000,0.0000,0,0,-196.667,-1291.444,50.854,0.000,0,-1.000000,1.000,28.924,-1.000000,0.0000,0.0000,0,0,0.000,1.000,19.607,-196.667,-1291.444,50.854,0,0,0,99.140657
456,64.6019,walk-into-authored-trunk,-218.003,-1302.382,61.925,112.500,-87.404,272.557,-227.297,-1295.028,-19.198,-206.000,-1331.285,-22.894,1.0000,0.9375,-237.040,-1318.383,53.379,-195.782,-1297.016,51.962,0.6147,0.0000,1.6000,1,-100.000,550.000,0.0000,0.0000,0,0,-195.782,-1297.016,51.962,0.000,0,-1.000000,1.000,28.924,-1.000000,0.0000,0.0000,0,0,0.000,1.000,19.607,-195.782,-1297.016,51.962,0,0,0,99.138474
457,64.7408,walk-into-authored-trunk,-217.279,-1317.995,61.925,112.500,-87.732,272.227,-224.620,-1331.582,-14.514,-207.231,-1331.299,-22.976,1.0000,0.9375,-235.650,-1337.663,55.927,-195.342,-1308.449,53.900,0.7450,0.0000,1.6000,1,-100.000,550.000,0.0000,0.0000,0,0,-195.342,-1308.449,53.900,0.000,0,-1.000000,1.000,28.924,-1.000000,0.0000,0.0000,0,0,0.000,1.000,19.607,-195.342,-1308.449,53.900,0,0,0,99.136251
458,64.8777,walk-into-authored-trunk,-216.653,-1333.374,61.925,112.500,-88.069,271.889,-222.076,-1368.098,-18.587,-208.143,-1331.439,-22.932,1.0000,0.9375,-235.920,-1349.803,53.719,-194.585,-1327.561,52.214,0.8732,0.0000,1.6000,1,-100.000,550.000,0.0000,0.0000,0,0,-194.585,-1327.561,52.214,0.000,0,-1.000000,1.000,28.924,-1.000000,0.0000,0.0000,0,0,0.000,1.000,19.607,-194.585,-1327.561,52.214,0,0,0,99.134062
459,65.0153,walk-into-authored-trunk,-216.116,-1348.820,61.925,112.500,-88.421,271.534,-220.904,-1392.850,-23.011,-208.905,-1331.857,-22.987,1.0000,0.9375,-237.296,-1356.348,50.738,-193.949,-1352.742,50.760,0.0020,0.0000,1.6000,1,-100.000,550.000,0.0000,0.0000,0,0,-193.949,-1352.742,50.760,0.000,0,-1.000000,1.000,28.924,-1.000000,0.0000,0.0000,0,0,0.000,1.000,19.607,-193.949,-1352.742,50.760,0,0,0,99.131863
460,65.1539,walk-into-authored-trunk,-215.667,-1364.438,61.925,112.500,-88.793,271.161,-221.998,-1392.864,-22.938,-207.470,-1357.886,-18.326,1.0000,0.9375,-238.463,-1362.379,52.292,-193.807,-1377.607,53.834,0.1322,0.0000,1.6000,1,-100.000,550.000,0.0000,0.0000,0,0,-193.807,-1377.607,53.834,0.000,0,-1.000000,1.000,28.924,-1.000000,0.0000,0.0000,0,0,0.000,1.000,19.607,-193.807,-1377.607,53.834,0,0,0,99.129641
461,65.2835,walk-into-authored-trunk,-215.341,-1378.976,61.925,112.500,-88.839,270.800,-222.925,-1392.977,-22.975,-205.552,-1392.525,-14.498,1.0000,0.9375,-238.638,-1373.542,53.918,-193.714,-1395.063,55.833,0.2534,0.0000,1.6000,1,-100.000,550.000,0.0000,0.0000,0,0,-193.714,-1395.063,55.833,0.000,0,-1.000000,1.000,28.924,-1.000000,0.0000,0.0000,0,0,0.000,1.000,19.607,-193.714,-1395.063,55.833,0,0,0,99.127573
462,65.4160,walk-into-authored-trunk,-215.096,-1393.915,61.925,112.500,-89.200,270.413,-224.085,-1392.928,-22.954,-204.099,-1427.843,-18.867,1.0000,0.9375,-238.021,-1392.302,52.075,-193.535,-1406.681,53.526,0.3779,0.0000,1.6000,1,-100.000,550.000,0.0000,0.0000,0,0,-193.535,-1406.681,53.526,0.000,0,-1.000000,1.000,28.924,-1.000000,0.0000,0.0000,0,0,0.000,1.000,19.607,-193.535,-1406.681,53.526,0,0,0,99.125448
463,65.5476,walk-into-authored-trunk,-214.950,-1408.697,61.925,112.500,-89.587,270.012,-224.402,-1392.978,-22.981,-203.044,-1451.460,-23.034,1.0000,0.9375,-235.949,-1415.997,50.759,-192.570,-1412.882,50.748,0.5011,0.0000,1.6000,1,-100.000,550.000,0.0000,0.0000,0,0,-192.570,-1412.882,50.748,0.000,0,-1.000000,1.000,28.924,-1.000000,0.0000,0.0000,0,0,0.000,1.000,19.607,-192.570,-1412.882,50.748,0,0,0,99.123346
464,65.6780,walk-into-authored-trunk,-214.905,-1423.382,61.925,112.500,-89.988,269.596,-223.849,-1416.819,-18.822,-204.323,-1451.756,-22.953,1.0000,0.9375,-234.592,-1439.001,53.595,-192.492,-1418.538,52.087,0.6235,0.0000,1.6000,1,-100.000,550.000,0.0000,0.0000,0,0,-192.492,-1418.538,52.087,0.000,0,-1.000000,1.000,28.924,-1.000000,0.0000,0.0000,0,0,0.000,1.000,19.607,-192.492,-1418.538,52.087,0,0,0,99.121257
465,65.8077,walk-into-authored-trunk,-214.965,-1437.950,61.925,112.500,-90.404,269.162,-222.931,-1451.164,-14.515,-205.547,-1451.718,-22.976,1.0000,0.9375,-234.233,-1456.739,55.927,-192.607,-1429.437,53.900,0.7449,0.0000,1.6000,1,-100.000,550.000,0.0000,0.0000,0,0,-192.607,-1429.437,53.900,0.000,0,-1.000000,1.000,28.924,-1.000000,0.0000,0.0000,0,0,0.000,1.000,19.607,-192.607,-1429.437,53.900,0,0,0,99.119185
466,65.9399,walk-into-authored-trunk,-215.138,-1452.851,61.925,112.500,-90.838,268.697,-222.276,-1486.696,-18.227,-206.540,-1451.825,-22.788,1.0000,0.9375,-235.161,-1468.543,53.982,-192.828,-1447.875,52.442,0.8691,0.0000,1.6000,1,-100.000,550.000,0.0000,0.0000,0,0,-192.828,-1447.875,52.442,0.000,0,-1.000000,1.000,28.924,-1.000000,0.0000,0.0000,0,0,0.000,1.000,19.607,-192.828,-1447.875,52.442,0,0,0,99.117066
467,66.0682,walk-into-authored-trunk,-215.418,-1467.259,61.925,112.500,-91.303,268.222,-222.434,-1511.220,-22.879,-207.329,-1451.936,-23.007,1.0000,0.9375,-236.811,-1474.714,50.849,-193.419,-1471.231,50.690,0.9892,0.0000,1.6000,1,-100.000,550.000,0.0000,0.0000,0,0,-193.419,-1471.231,50.690,0.000,0,-1.000000,1.000,28.924,-1.000000,0.0000,0.0000,0,0,0.000,1.000,19.607,-193.419,-1471.231,50.690,0,0,0,99.115016
468,66.1975,walk-into-authored-trunk,-215.820,-1481.820,62.195,112.500,-91.778,267.716,-223.609,-1512.501,-22.769,-207.473,-1472.758,-19.273,1.0000,0.9375,-238.396,-1479.807,52.037,-194.604,-1494.883,53.370,0.1105,0.0000,1.6000,1,-100.000,550.000,0.0000,0.0000,0,0,-194.604,-1494.883,53.370,0.000,0,-1.000000,1.000,28.924,-1.000000,0.0000,0.0000,0,0,0.000,1.000,19.607,-194.604,-1494.883,53.370,0,0,0,99.112945
469,66.3266,walk-into-authored-trunk,-216.346,-1496.318,62.195,112.500,-92.284,267.183,-224.677,-1512.413,-22.684,-207.501,-1506.385,-14.301,1.0000,0.9375,-239.293,-1489.669,54.152,-195.718,-1513.585,56.070,0.2314,0.0000,1.6000,1,-100.000,550.000,0.0000,0.0000,0,0,-195.718,-1513.585,56.070,0.000,0,-1.000000,1.000,28.924,-1.000000,0.0000,0.0000,0,0,0.000,1.000,19.607,-195.718,-1513.585,56.070,0,0,0,99.110881
470,66.4587,walk-into-authored-trunk,-217.022,-1511.183,62.195,112.500,-92.817,266.603,-225.777,-1512.337,-22.613,-208.081,-1542.688,-17.325,1.0000,0.9375,-239.802,-1506.932,52.908,-196.359,-1526.424,54.533,0.3554,0.0000,1.6000,1,-100.000,550.000,0.0000,0.0000,0,0,-196.359,-1526.424,54.533,0.000,0,-1.000000,1.000,28.924,-1.000000,0.0000,0.0000,0,0,0.000,1.000,19.607,-196.359,-1526.424,54.533,0,0,0,99.108765
471,66.5889,walk-into-authored-trunk,-217.829,-1525.778,62.195,112.500,-93.397,265.995,-226.716,-1512.208,-22.785,-209.294,-1568.976,-22.620,1.0000,0.9375,-239.958,-1529.723,50.892,-196.463,-1533.340,51.214,0.4772,0.0000,1.6000,1,-100.000,550.000,0.0000,0.0000,0,0,-196.463,-1533.340,51.214,0.000,0,-1.000000,1.000,28.924,-1.000000,0.0000,0.0000,0,0,0.000,1.000,19.607,-196.463,-1533.340,51.214,0,0,0,99.106686
472,66.7224,walk-into-authored-trunk,-218.817,-1540.778,62.459,112.500,-94.005,265.325,-227.134,-1530.939,-19.566,-210.157,-1572.250,-22.619,1.0000,0.9375,-239.583,-1553.750,53.273,-196.116,-1538.767,51.980,0.6025,0.0000,1.6000,1,-100.000,550.000,0.0000,0.0000,0,0,-196.116,-1538.767,51.980,0.000,0,-1.000000,1.000,28.924,-1.000000,0.0000,0.0000,0,0,0.000,1.000,19.607,-196.116,-1538.767,51.980,0,0,0,99.104548
473,66.8571,walk-into-authored-trunk,-219.982,-1555.869,62.459,112.500,-94.675,264.598,-228.838,-1565.538,-14.103,-211.620,-1572.324,-22.389,1.0000,0.9375,-240.600,-1573.072,56.423,-197.046,-1549.159,54.411,0.7287,0.0000,1.6000,1,-100.000,550.000,0.0000,0.0000,0,0,-197.046,-1549.159,54.411,0.000,0,-1.000000,1.000,28.924,-1.000000,0.0000,0.0000,0,0,0.000,1.000,19.607,-197.046,-1549.159,54.411,0,0,0,99.102396
474,66.9884,walk-into-authored-trunk,-221.300,-1570.589,62.459,112.500,-95.402,263.827,-231.131,-1601.312,-16.912,-212.808,-1572.289,-22.395,1.0000,0.9375,-242.508,-1585.418,54.869,-198.650,-1566.500,53.214,0.8518,0.0000,1.6000,1,-100.000,550.000,0.0000,0.0000,0,0,-198.650,-1566.500,53.214,0.000,0,-1.000000,1.000,28.924,-1.000000,0.0000,0.0000,0,0,0.000,1.000,19.607,-198.650,-1566.500,53.214,0,0,0,99.100294
475,67.1706,walk-into-authored-trunk,-223.417,-1590.946,62.740,112.500,-96.173,262.663,-233.992,-1631.485,-22.242,-214.015,-1575.433,-22.047,1.0000,0.9375,-245.494,-1593.795,51.436,-202.224,-1599.490,51.756,0.0224,0.0000,1.6000,1,-100.000,550.000,0.0000,0.0000,0,0,-202.224,-1599.490,51.756,0.000,0,-1.000000,1.000,28.924,-1.000000,0.0000,0.0000,0,0,0.000,1.000,19.607,-202.224,-1599.490,51.756,0,0,0,99.097383
476,67.3016,walk-into-authored-trunk,-225.200,-1605.636,62.740,112.500,-97.337,261.692,-235.632,-1631.181,-22.070,-216.316,-1602.309,-16.743,1.0000,0.9375,-247.495,-1599.530,53.476,-205.732,-1622.501,55.112,0.1457,0.0000,1.6000,1,-100.000,550.000,0.0000,0.0000,0,0,-205.732,-1622.501,55.112,0.000,0,-1.000000,1.000,28.924,-1.000000,0.0000,0.0000,0,0,0.000,1.000,19.607,-205.732,-1622.501,55.112,0,0,0,99.095278
477,67.4362,walk-into-authored-trunk,-227.281,-1620.598,62.740,112.500,-98.308,260.589,-236.873,-1630.933,-22.129,-220.145,-1638.740,-13.795,1.0000,0.9375,-249.412,-1611.618,54.690,-208.576,-1639.903,56.603,0.2716,0.0000,1.6000,1,-100.000,550.000,0.0000,0.0000,0,0,-208.576,-1639.903,56.603,0.000,0,-1.000000,1.000,28.924,-1.000000,0.0000,0.0000,0,0,0.000,1.000,19.607,-208.576,-1639.903,56.603,0,0,0,99.093130
478,67.5670,walk-into-authored-trunk,-229.584,-1635.171,63.027,112.500,-99.411,259.374,-237.699,-1630.647,-22.005,-224.609,-1672.626,-18.806,1.0000,0.9375,-251.532,-1630.551,52.668,-210.053,-1650.674,53.967,0.3945,0.0000,1.6000,1,-100.000,550.000,0.0000,0.0000,0,0,-210.053,-1650.674,53.967,0.000,0,-1.000000,1.000,28.924,-1.000000,0.0000,0.0000,0,0,0.000,1.000,19.607,-210.053,-1650.674,53.967,0,0,0,99.091032
479,67.7191,walk-into-authored-trunk,-232.605,-1651.977,63.027,112.500,-100.626,257.769,-239.299,-1635.693,-21.575,-228.871,-1691.950,-22.052,1.0000,0.9375,-254.935,-1657.963,52.214,-211.061,-1657.437,51.690,0.5368,0.0000,1.6000,1,-100.000,550.000,0.0000,0.0000,0,0,-211.061,-1657.437,51.690,0.000,0,-1.000000,1.000,28.924,-1.000000,0.0000,0.0000,0,0,0.000,1.000,19.607,-211.061,-1657.437,51.690,0,0,0,99.088603
480,67.8641,walk-into-authored-trunk,-235.915,-1667.982,63.291,112.500,-102.231,255.921,-244.397,-1666.981,-15.253,-230.692,-1691.987,-21.882,1.0000,0.9375,-258.486,-1681.183,56.045,-212.459,-1665.673,54.199,0.6730,0.0000,1.6000,1,-100.000,550.000,0.0000,0.0000,0,0,-212.459,-1665.673,54.199,0.000,0,-1.000000,1.000,28.924,-1.000000,0.0000,0.0000,0,0,0.000,1.000,19.607,-212.459,-1665.673,54.199,0,0,0,99.086279
481,68.0125,walk-into-authored-trunk,-234.733,-1675.348,63.396,31.035,-104.079,253.598,-244.616,-1680.971,-14.791,-229.474,-1694.635,-21.470,0.8867,0.2586,-257.899,-1687.392,57.218,-211.380,-1674.075,55.465,0.7113,0.0000,1.6000,1,-100.000,550.000,0.0000,0.0000,0,0,-211.380,-1674.075,55.465,0.000,0,-1.000000,1.000,28.924,-1.000000,0.0000,0.0000,0,0,0.000,1.000,19.607,-211.380,-1674.075,55.465,0,0,0,99.083908
482,68.1598,walk-into-authored-trunk,-231.438,-1677.565,63.427,26.296,-106.402,250.773,-242.746,-1687.837,-16.074,-226.238,-1693.668,-21.643,0.7513,0.2191,-255.091,-1687.294,57.309,-208.491,-1678.576,55.780,0.7436,0.0000,1.6000,1,-100.000,550.000,0.0000,0.0000,0,0,-208.491,-1678.576,55.780,0.000,0,-1.000000,1.000,28.924,-1.000000,0.0000,0.0000,0,0,0.000,1.000,19.607,-208.491,-1678.576,55.780,0,0,0,99.081548
483,68.3009,walk-into-authored-trunk,-228.652,-1679.703,63.455,24.944,-109.227,247.960,-241.529,-1693.267,-16.546,-223.566,-1693.657,-21.625,0.7127,0.2079,-252.698,-1687.731,57.324,-205.983,-1682.422,55.872,0.7729,0.0000,1.6000,1,-100.000,550.000,0.0000,0.0000,0,0,-205.983,-1682.422,55.872,0.000,0,-1.000000,1.000,28.924,-1.000000,0.0000,0.0000,0,0,0.000,1.000,19.607,-205.983,-1682.422,55.872,0,0,0,99.079294
484,68.4492,walk-into-authored-trunk,-225.897,-1681.990,63.484,24.345,-112.040,245.012,-240.620,-1698.574,-17.134,-220.666,-1693.852,-21.640,0.6956,0.2029,-250.173,-1688.317,57.168,-203.614,-1686.439,55.789,0.8030,0.0000,1.6000,1,-100.000,550.000,0.0000,0.0000,0,0,-203.614,-1686.439,55.789,0.000,0,-1.000000,1.000,28.924,-1.000000,0.0000,0.0000,0,0,0.000,1.000,19.607,-203.614,-1686.439,55.789,0,0,0,99.076919
485,68.5966,walk-into-authored-trunk,-223.340,-1684.360,63.514,23.950,-114.988,242.136,-240.080,-1703.320,-18.217,-217.793,-1694.214,-21.918,0.6843,0.1996,-247.682,-1688.812,56.620,-201.629,-1690.686,55.338,0.8324,0.0000,1.6000,1,-100.000,550.000,0.0000,0.0000,0,0,-201.629,-1690.686,55.338,0.000,0,-1.000000,1.000,28.924,-1.000000,0.0000,0.0000,0,0,0.000,1.000,19.607,-201.629,-1690.686,55.338,0,0,0,99.074563
486,68.7270,walk-into-authored-trunk,-221.234,-1686.561,63.540,23.514,-117.864,239.626,-240.077,-1706.834,-18.904,-215.514,-1694.798,-21.774,0.6718,0.1960,-245.670,-1688.914,56.481,-200.504,-1694.724,55.348,0.8580,0.0000,1.6000,1,-100.000,550.000,0.0000,0.0000,0,0,-200.504,-1694.724,55.348,0.000,0,-1.000000,1.000,28.924,-1.000000,0.0000,0.0000,0,0,0.000,1.000,19.607,-200.504,-1694.724,55.348,0,0,0,99.072473
487,68.8580,walk-into-authored-trunk,-219.216,-1688.779,63.567,23.166,-120.374,237.153,-239.801,-1710.115,-20.110,-212.929,-1695.610,-22.166,0.6619,0.1931,-243.332,-1689.257,55.823,-199.368,-1698.770,54.836,0.8833,0.0000,1.6000,1,-100.000,550.000,0.0000,0.0000,0,0,-199.368,-1698.770,54.836,0.000,0,-1.000000,1.000,28.924,-1.000000,0.0000,0.0000,0,0,0.000,1.000,19.607,-199.368,-1698.770,54.836,0,0,0,99.070383
488,68.9876,retreat-from-authored-trunk,-217.334,-1691.032,63.593,22.887,-122.847,234.737,-239.521,-1712.813,-20.955,-210.398,-1696.545,-22.193,0.6539,0.1907,-241.009,-1689.532,55.556,-198.569,-1702.854,54.745,0.9080,0.0000,1.6000,1,-100.000,550.000,0.0000,0.0000,0,0,-198.569,-1702.854,54.745,0.000,0,-1.000000,1.000,28.924,-1.000000,0.0000,0.0000,0,0,0.000,1.000,19.607,-198.569,-1702.854,54.745,0,0,0,99.068310
489,69.1189,retreat-from-authored-trunk,-213.195,-1687.379,63.593,58.952,-83.401,232.318,-214.263,-1731.541,-21.020,-207.034,-1673.044,-21.395,1.0000,0.4913,-233.076,-1698.978,52.683,-191.051,-1686.984,52.295,0.9726,0.0000,1.6000,1,-100.000,550.000,0.0000,0.0000,0,0,-191.051,-1686.984,52.295,0.000,0,-1.000000,1.000,28.924,-1.000000,0.0000,0.0000,0,0,0.000,1.000,19.607,-191.051,-1686.984,52.295,0,0,0,99.066206
490,69.2496,retreat-from-authored-trunk,-205.793,-1678.123,63.593,101.250,-44.123,230.811,-185.758,-1706.629,-21.236,-209.131,-1663.738,-19.107,1.0000,0.8438,-220.918,-1694.469,52.999,-182.906,-1669.908,54.056,0.0830,0.0000,1.6000,1,-100.000,550.000,0.0000,0.0000,0,0,-182.906,-1669.908,54.056,0.000,0,-1.000000,1.000,28.924,-1.000000,0.0000,0.0000,0,0,0.000,1.000,19.607,-182.906,-1669.908,54.056,0,0,0,99.064111
491,69.3812,retreat-from-authored-trunk,-197.448,-1667.763,63.593,101.250,-4.706,230.384,-177.138,-1676.949,-21.447,-193.510,-1659.230,-14.004,1.0000,0.8438,-204.434,-1690.399,55.021,-179.916,-1647.828,56.846,0.1939,0.0000,1.6000,1,-100.000,550.000,0.0000,0.0000,0,0,-179.916,-1647.828,56.846,0.000,0,-1.000000,1.000,28.924,-1.000000,0.0000,0.0000,0,0,0.000,1.000,19.607,-179.916,-1647.828,56.846,0,0,0,99.062009
492,69.5281,retreat-from-authored-trunk,-187.993,-1656.267,63.593,101.250,39.396,230.384,-178.035,-1658.798,-21.274,-175.133,-1632.390,-14.211,1.0000,0.8438,-177.002,-1676.998,54.982,-189.559,-1629.808,56.803,0.3179,0.0000,1.6000,1,-100.000,550.000,0.0000,0.0000,0,0,-189.559,-1629.808,56.803,0.000,0,-1.000000,1.000,28.924,-1.000000,0.0000,0.0000,0,0,0.000,1.000,19.607,-189.559,-1629.808,56.803,0,0,0,99.059657
493,69.6733,retreat-from-authored-trunk,-178.629,-1644.945,63.593,101.250,50.384,230.384,-177.065,-1657.394,-21.307,-161.345,-1606.408,-20.152,1.0000,0.8438,-160.198,-1657.217,52.596,-189.710,-1623.965,53.408,0.4404,0.0000,1.6000,1,-100.000,550.000,0.0000,0.0000,0,0,-189.710,-1623.965,53.408,0.000,0,-1.000000,1.000,28.924,-1.000000,0.0000,0.0000,0,0,0.000,1.000,19.607,-189.710,-1623.965,53.408,0,0,0,99.057335
494,69.8238,retreat-from-authored-trunk,-168.905,-1633.196,63.339,101.250,50.384,230.384,-169.575,-1649.157,-19.952,-154.819,-1599.465,-21.401,1.0000,0.8438,-145.171,-1636.897,53.551,-186.516,-1619.911,52.616,0.5674,0.0000,1.6000,1,-100.000,550.000,0.0000,0.0000,0,0,-186.516,-1619.911,52.616,0.000,0,-1.000000,1.000,28.924,-1.000000,0.0000,0.0000,0,0,0.000,1.000,19.607,-186.516,-1619.911,52.616,0,0,0,99.054925
495,69.9713,retreat-from-authored-trunk,-159.418,-1621.733,63.339,101.250,50.384,230.384,-150.472,-1624.057,-14.293,-154.303,-1599.889,-21.663,1.0000,0.8438,-133.018,-1619.976,56.660,-181.634,-1613.462,54.736,0.6914,0.0000,1.6000,1,-100.000,550.000,0.0000,0.0000,0,0,-181.634,-1613.462,54.736,0.000,0,-1.000000,1.000,28.924,-1.000000,0.0000,0.0000,0,0,0.000,1.000,19.607,-181.634,-1613.462,54.736,0,0,0,99.052574
496,70.1190,retreat-from-authored-trunk,-149.847,-1610.171,63.339,101.250,50.384,230.384,-127.963,-1594.707,-14.835,-153.564,-1600.345,-21.985,1.0000,0.8438,-123.554,-1608.579,56.209,-171.927,-1601.709,54.313,0.8165,0.0000,1.6000,1,-100.000,550.000,0.0000,0.0000,0,0,-171.927,-1601.709,54.313,0.000,0,-1.000000,1.000,28.924,-1.000000,0.0000,0.0000,0,0,0.000,1.000,19.607,-171.927,-1601.709,54.313,0,0,0,99.050202
497,70.2640,retreat-from-authored-trunk,-140.492,-1598.869,63.339,101.250,50.384,230.384,-109.197,-1570.660,-20.675,-152.812,-1600.980,-21.925,1.0000,0.8438,-117.137,-1602.834,52.887,-157.955,-1585.092,52.023,0.9388,0.0000,1.6000,1,-100.000,550.000,0.0000,0.0000,0,0,-157.955,-1585.092,52.023,0.000,0,-1.000000,1.000,28.924,-1.000000,0.0000,0.0000,0,0,0.000,1.000,19.607,-157.955,-1585.092,52.023,0,0,0,99.047884
498,70.4109,retreat-from-authored-trunk,-130.997,-1587.397,63.339,101.250,50.384,230.384,-102.671,-1563.312,-21.599,-146.065,-1593.366,-20.328,1.0000,0.8438,-112.619,-1599.912,52.342,-141.857,-1566.296,53.194,0.0629,0.0000,1.6000,1,-100.000,550.000,0.0000,0.0000,0,0,-141.857,-1566.296,53.194,0.000,0,-1.000000,1.000,28.924,-1.000000,0.0000,0.0000,0,0,0.000,1.000,19.607,-141.857,-1566.296,53.194,0,0,0,99.045530
499,70.5600,retreat-from-authored-trunk,-121.389,-1575.790,63.339,101.250,50.384,230.384,-101.846,-1563.846,-21.702,-126.673,-1568.400,-14.491,1.0000,0.8438,-106.740,-1594.322,54.678,-127.817,-1550.105,56.484,0.1884,0.0000,1.6000,1,-100.000,550.000,0.0000,0.0000,0,0,-127.817,-1550.105,56.484,0.000,0,-1.000000,1.000,28.924,-1.000000,0.0000,0.0000,0,0,0.000,1.000,19.607,-127.817,-1550.105,56.484,0,0,0,99.043149
500,70.7061,retreat-from-authored-trunk,-111.944,-1564.379,63.339,101.250,50.384,230.384,-101.233,-1564.394,-21.580,-104.455,-1539.345,-14.296,1.0000,0.8438,-97.299,-1582.831,54.785,-118.395,-1538.617,56.619,0.3119,0.0000,1.6000,1,-100.000,550.000,0.0000,0.0000,0,0,-118.395,-1538.617,56.619,0.000,0,-1.000000,1.000,28.924,-1.000000,0.0000,0.0000,0,0,0.000,1.000,19.607,-118.395,-1538.617,56.619,0,0,0,99.040808
501,70.8544,retreat-from-authored-trunk,-102.383,-1552.828,63.339,101.250,50.384,230.384,-100.590,-1564.915,-21.468,-85.260,-1514.460,-20.174,1.0000,0.8438,-84.106,-1565.315,52.474,-113.301,-1531.639,53.332,0.4368,0.0000,1.6000,1,-100.000,550.000,0.0000,0.0000,0,0,-113.301,-1531.639,53.332,0.000,0,-1.000000,1.000,28.924,-1.000000,0.0000,0.0000,0,0,0.000,1.000,19.607,-113.301,-1531.639,53.332,0,0,0,99.038439
502,70.9989,retreat-from-authored-trunk,-93.039,-1541.539,63.339,101.250,50.384,230.384,-94.171,-1558.021,-20.443,-78.363,-1506.955,-21.591,1.0000,0.8438,-69.665,-1545.803,53.138,-110.267,-1527.744,52.324,0.5590,0.0000,1.6000,1,-100.000,550.000,0.0000,0.0000,0,0,-110.267,-1527.744,52.324,0.000,0,-1.000000,1.000,28.924,-1.000000,0.0000,0.0000,0,0,0.000,1.000,19.607,-110.267,-1527.744,52.324,0,0,0,99.036123
503,71.1264,retreat-from-authored-trunk,-84.818,-1531.607,63.339,101.250,50.384,230.384,-78.435,-1537.289,-15.382,-77.944,-1507.212,-21.734,1.0000,0.8438,-58.816,-1530.429,56.028,-106.583,-1522.693,54.213,0.6664,0.0000,1.6000,1,-100.000,550.000,0.0000,0.0000,0,0,-106.583,-1522.693,54.213,0.000,0,-1.000000,1.000,28.924,-1.000000,0.0000,0.0000,0,0,0.000,1.000,19.607,-106.583,-1522.693,54.213,0,0,0,99.034086
504,71.2528,retreat-from-authored-trunk,-76.646,-1521.734,63.339,101.250,50.384,230.384,-59.165,-1512.443,-13.224,-77.221,-1507.785,-21.516,1.0000,0.8438,-49.902,-1519.455,57.297,-99.278,-1514.080,55.287,0.7732,0.0000,1.6000,1,-100.000,550.000,0.0000,0.0000,0,0,-99.278,-1514.080,55.287,0.000,0,-1.000000,1.000,28.924,-1.000000,0.0000,0.0000,0,0,0.000,1.000,19.607,-99.278,-1514.080,55.287,0,0,0,99.032060
505,71.3824,retreat-from-authored-trunk,-68.293,-1511.643,63.339,101.250,50.384,230.384,-40.485,-1488.197,-17.926,-76.620,-1508.301,-21.822,1.0000,0.8438,-43.247,-1512.509,54.560,-88.362,-1500.934,53.129,0.8824,0.0000,1.6000,1,-100.000,550.000,0.0000,0.0000,0,0,-88.362,-1500.934,53.129,0.000,0,-1.000000,1.000,28.924,-1.000000,0.0000,0.0000,0,0,0.000,1.000,19.607,-88.362,-1500.934,53.129,0,0,0,99.029990
506,71.5250,retreat-from-authored-trunk,-59.071,-1500.502,63.339,101.250,50.384,230.384,-26.527,-1470.609,-21.603,-75.662,-1508.514,-21.571,1.0000,0.8438,-38.213,-1508.854,52.144,-73.117,-1482.897,52.180,0.0029,0.0000,1.6000,1,-100.000,550.000,0.0000,0.0000,0,0,-73.117,-1482.897,52.180,0.000,0,-1.000000,1.000,28.924,-1.000000,0.0000,0.0000,0,0,0.000,1.000,19.607,-73.117,-1482.897,52.180,0,0,0,99.027705
507,71.6683,retreat-from-authored-trunk,-49.834,-1489.343,63.339,101.250,50.384,230.384,-25.807,-1471.159,-21.591,-61.003,-1489.992,-17.421,1.0000,0.8438,-33.659,-1505.439,53.472,-58.062,-1465.458,54.931,0.1236,0.0000,1.6000,1,-100.000,550.000,0.0000,0.0000,0,0,-58.062,-1465.458,54.931,0.000,0,-1.000000,1.000,28.924,-1.000000,0.0000,0.0000,0,0,0.000,1.000,19.607,-58.062,-1465.458,54.931,0,0,0,99.025416
508,71.8190,retreat-from-authored-trunk,-40.092,-1477.573,63.339,101.250,50.384,230.384,-25.020,-1471.675,-21.561,-38.913,-1461.267,-13.068,1.0000,0.8438,-26.018,-1496.923,55.337,-45.954,-1451.256,57.251,0.2509,0.0000,1.6000,1,-100.000,550.000,0.0000,0.0000,0,0,-45.954,-1451.256,57.251,0.000,0,-1.000000,1.000,28.924,-1.000000,0.0000,0.0000,0,0,0.000,1.000,19.607,-45.954,-1451.256,57.251,0,0,0,99.023001
509,71.9660,retreat-from-authored-trunk,-30.621,-1466.130,63.339,101.250,50.384,230.384,-24.221,-1472.403,-21.585,-17.255,-1433.485,-17.329,1.0000,0.8438,-14.315,-1482.359,53.509,-38.654,-1442.301,54.987,0.3747,0.0000,1.6000,1,-100.000,550.000,0.0000,0.0000,0,0,-38.654,-1442.301,54.987,0.000,0,-1.000000,1.000,28.924,-1.000000,0.0000,0.0000,0,0,0.000,1.000,19.607,-38.654,-1442.301,54.987,0,0,0,99.020654
