frame,seconds,pass,x,y,z,speed,yaw,view_yaw,left_toe_x,left_toe_y,left_toe_z,right_toe_x,right_toe_y,right_toe_z,walk_weight,gait_rate,left_hand_x,left_hand_y,left_hand_z,right_hand_x,right_hand_y,right_hand_z,walk_phase,gather_weight,gather_phase,gather_starts,forage_x,forage_y,water_weight,water_phase,water_starts,tool_visible,tool_x,tool_y,tool_z,can_pitch,water_stock,plot_moisture,tool_scale,tool_radius,plot_weeds,clear_weight,clear_phase,clear_starts,hatchet_visible,hatchet_pitch,hatchet_scale,hatchet_radius,hatchet_x,hatchet_y,hatchet_z,branch_stock,fiber_stock,resource_cleared,energy
0,0.1365,close-notes,-1000.000,0.000,88.150,0.000,0.000,15.000,-987.007,-7.889,3.238,-985.670,9.560,3.238,0.0000,0.0000,-992.659,-21.729,83.011,-995.313,21.663,83.011,0.0000,0.0000,0.0000,0,0.000,0.000,0.0000,0.0000,0,0,-995.313,21.663,83.011,0.000,0,-1.000000,1.000,28.924,-1.000000,0.0000,0.0000,0,0,0.000,1.000,19.607,-995.313,21.663,83.011,0,0,-1,99.997162
1,0.2731,close-notes,-1000.000,0.000,88.150,0.000,0.000,15.000,-987.007,-7.889,3.238,-985.670,9.560,3.238,0.0000,0.0000,-992.589,-21.721,83.022,-995.242,21.664,83.022,0.0000,0.0000,0.0000,0,0.000,0.000,0.0000,0.0000,0,0,-995.242,21.664,83.022,0.000,0,-1.000000,1.000,28.924,-1.000000,0.0000,0.0000,0,0,0.000,1.000,19.607,-995.242,21.664,83.022,0,0,-1,99.994977
2,0.4081,close-notes,-1000.000,0.000,88.150,0.000,0.000,15.000,-987.007,-7.889,3.238,-985.670,9.560,3.238,0.0000,0.0000,-992.596,-21.722,83.021,-995.249,21.664,83.021,0.0000,0.0000,0.0000,0,0.000,0.000,0.0000,0.0000,0,0,-995.249,21.664,83.021,0.000,0,-1.000000,1.000,28.924,-1.000000,0.0000,0.0000,0,0,0.000,1.000,19.607,-995.249,21.664,83.021,0,0,-1,99.992818
3,0.5419,close-notes,-1000.000,0.000,88.150,0.000,0.000,15.000,-987.007,-7.889,3.238,-985.670,9.560,3.238,0.0000,0.0000,-992.683,-21.731,83.012,-995.337,21.662,83.012,0.0000,0.0000,0.0000,0,0.000,0.000,0.0000,0.0000,0,0,-995.337,21.662,83.012,0.000,0,-1.000000,1.000,28.924,-1.000000,0.0000,0.0000,0,0,0.000,1.000,19.607,-995.337,21.662,83.012,0,0,-1,99.990675
4,0.6770,close-notes,-1000.000,0.000,88.150,0.000,0.000,15.000,-987.007,-7.889,3.238,-985.670,9.560,3.238,0.0000,0.0000,-992.749,-21.738,83.003,-995.403,21.661,83.003,0.0000,0.0000,0.0000,0,0.000,0.000,0.0000,0.0000,0,0,-995.403,21.661,83.003,0.000,0,-1.000000,1.000,28.924,-1.000000,0.0000,0.0000,0,0,0.000,1.000,19.607,-995.403,21.661,83.003,0,0,-1,99.988514
5,0.8109,close-notes,-1000.000,0.000,88.150,0.000,0.000,15.000,-987.007,-7.889,3.238,-985.670,9.560,3.238,0.0000,0.0000,-992.831,-21.747,82.986,-995.486,21.660,82.986,0.0000,0.0000,0.0000,0,0.000,0.000,0.0000,0.0000,0,0,-995.486,21.660,82.986,0.000,0,-1.000000,1.000,28.924,-1.000000,0.0000,0.0000,0,0,0.000,1.000,19.607,-995.486,21.660,82.986,0,0,-1,99.986372
6,0.9450,close-notes,-1000.000,0.000,88.150,0.000,0.000,15.000,-987.007,-7.889,3.238,-985.670,9.560,3.238,0.0000,0.0000,-992.923,-21.756,82.973,-995.578,21.658,82.973,0.0000,0.0000,0.0000,0,0.000,0.000,0.0000,0.0000,0,0,-995.578,21.658,82.973,0.000,0,-1.000000,1.000,28.924,-1.000000,0.0000,0.0000,0,0,0.000,1.000,19.607,-995.578,21.658,82.973,0,0,-1,99.984227
7,1.1973,idle,-1000.000,0.000,88.150,0.000,0.000,15.000,-987.007,-7.889,3.238,-985.670,9.560,3.238,0.0000,0.0000,-993.098,-21.774,82.949,-995.753,21.655,82.949,0.0000,0.0000,0.0000,0,0.000,0.000,0.0000,0.0000,0,0,-995.753,21.655,82.949,0.000,0,-1.000000,1.000,28.924,-1.000000,0.0000,0.0000,0,0,0.000,1.000,19.607,-995.753,21.655,82.949,0,0,-1,99.980190
8,1.3357,idle,-1000.000,0.000,88.150,0.000,0.000,15.000,-987.007,-7.889,3.238,-985.670,9.560,3.238,0.0000,0.0000,-993.133,-21.777,82.940,-995.790,21.653,82.940,0.0000,0.0000,0.0000,0,0.000,0.000,0.0000,0.0000,0,0,-995.790,21.653,82.940,0.000,0,-1.000000,1.000,28.924,-1.000000,0.0000,0.0000,0,0,0.000,1.000,19.607,-995.790,21.653,82.940,0,0,-1,99.977976
9,1.4706,idle,-1000.000,0.000,88.150,0.000,0.000,15.000,-987.007,-7.889,3.238,-985.670,9.560,3.238,0.0000,0.0000,-993.154,-21.779,82.932,-995.810,21.652,82.932,0.0000,0.0000,0.0000,0,0.000,0.000,0.0000,0.0000,0,0,-995.810,21.652,82.932,0.000,0,-1.000000,1.000,28.924,-1.000000,0.0000,0.0000,0,0,0.000,1.000,19.607,-995.810,21.652,82.932,0,0,-1,99.975817
10,1.5963,idle,-1000.000,0.000,88.150,0.000,0.000,15.000,-987.007,-7.889,3.238,-985.670,9.560,3.238,0.0000,0.0000,-993.246,-21.789,82.929,-995.903,21.652,82.929,0.0000,0.0000,0.0000,0,0.000,0.000,0.0000,0.0000,0,0,-995.903,21.652,82.929,0.000,0,-1.000000,1.000,28.924,-1.000000,0.0000,0.0000,0,0,0.000,1.000,19.607,-995.903,21.652,82.929,0,0,-1,99.973806
11,1.7368,idle,-1000.000,0.000,88.150,0.000,0.000,15.000,-987.007,-7.889,3.238,-985.670,9.560,3.238,0.0000,0.0000,-993.246,-21.789,82.929,-995.903,21.652,82.929,0.0000,0.0000,0.0000,0,0.000,0.000,0.0000,0.0000,0,0,-995.903,21.652,82.929,0.000,0,-1.000000,1.000,28.924,-1.000000,0.0000,0.0000,0,0,0.000,1.000,19.607,-995.903,21.652,82.929,0,0,-1,99.971559
12,1.8777,idle,-1000.000,0.000,88.150,0.000,0.000,15.000,-987.007,-7.889,3.238,-985.670,9.560,3.238,0.0000,0.0000,-993.263,-21.791,82.927,-995.921,21.651,82.927,0.0000,0.0000,0.0000,0,0.000,0.000,0.0000,0.0000,0,0,-995.921,21.651,82.927,0.000,0,-1.000000,1.000,28.924,-1.000000,0.0000,0.0000,0,0,0.000,1.000,19.607,-995.921,21.651,82.927,0,0,-1,99.969305
13,2.0038,idle,-1000.000,0.000,88.150,0.000,0.000,15.000,-987.007,-7.889,3.238,-985.670,9.560,3.238,0.0000,0.0000,-993.263,-21.791,82.927,-995.921,21.651,82.927,0.0000,0.0000,0.0000,0,0.000,0.000,0.0000,0.0000,0,0,-995.921,21.651,82.927,0.000,0,-1.000000,1.000,28.924,-1.000000,0.0000,0.0000,0,0,0.000,1.000,19.607,-995.921,21.651,82.927,0,0,-1,99.967290
14,2.1448,idle,-1000.000,0.000,88.150,0.000,0.000,15.000,-987.007,-7.889,3.238,-985.670,9.560,3.238,0.0000,0.0000,-993.134,-21.778,82.944,-995.790,21.654,82.944,0.0000,0.0000,0.0000,0,0.000,0.000,0.0000,0.0000,0,0,-995.790,21.654,82.944,0.000,0,-1.000000,1.000,28.924,-1.000000,0.0000,0.0000,0,0,0.000,1.000,19.607,-995.790,21.654,82.944,0,0,-1,99.965032
15,2.2877,idle,-1000.000,0.000,88.150,0.000,0.000,15.000,-987.007,-7.889,3.238,-985.670,9.560,3.238,0.0000,0.0000,-993.042,-21.768,82.956,-995.697,21.656,82.957,0.0000,0.0000,0.0000,0,0.000,0.000,0.0000,0.0000,0,0,-995.697,21.656,82.957,0.000,0,-1.000000,1.000,28.924,-1.000000,0.0000,0.0000,0,0,0.000,1.000,19.607,-995.697,21.656,82.957,0,0,-1,99.962752
16,2.4228,idle,-1000.000,0.000,88.150,0.000,0.000,15.000,-987.007,-7.889,3.238,-985.670,9.560,3.238,0.0000,0.0000,-992.954,-21.759,82.969,-995.609,21.658,82.969,0.0000,0.0000,0.0000,0,0.000,0.000,0.0000,0.0000,0,0,-995.609,21.658,82.969,0.000,0,-1.000000,1.000,28.924,-1.000000,0.0000,0.0000,0,0,0.000,1.000,19.607,-995.609,21.658,82.969,0,0,-1,99.960587
17,2.5527,idle,-1000.000,0.000,88.150,0.000,0.000,15.000,-987.007,-7.889,3.238,-985.670,9.560,3.238,0.0000,0.0000,-992.859,-21.750,82.982,-995.514,21.659,82.982,0.0000,0.0000,0.0000,0,0.000,0.000,0.0000,0.0000,0,0,-995.514,21.659,82.982,0.000,0,-1.000000,1.000,28.924,-1.000000,0.0000,0.0000,0,0,0.000,1.000,19.607,-995.514,21.659,82.982,0,0,-1,99.958509
18,2.6864,idle,-1000.000,0.000,88.150,0.000,0.000,15.000,-987.007,-7.889,3.238,-985.670,9.560,3.238,0.0000,0.0000,-992.774,-21.741,82.994,-995.428,21.661,82.994,0.0000,0.0000,0.0000,0,0.000,0.000,0.0000,0.0000,0,0,-995.428,21.661,82.994,0.000,0,-1.000000,1.000,28.924,-1.000000,0.0000,0.0000,0,0,0.000,1.000,19.607,-995.428,21.661,82.994,0,0,-1,99.956365
19,2.8227,idle,-1000.000,0.000,88.150,0.000,0.000,15.000,-987.007,-7.889,3.238,-985.670,9.560,3.238,0.0000,0.0000,-992.693,-21.732,83.006,-995.347,21.663,83.007,0.0000,0.0000,0.0000,0,0.000,0.000,0.0000,0.0000,0,0,-995.347,21.663,83.007,0.000,0,-1.000000,1.000,28.924,-1.000000,0.0000,0.0000,0,0,0.000,1.000,19.607,-995.347,21.663,83.007,0,0,-1,99.954194
20,2.9482,idle,-1000.000,0.000,88.150,0.000,0.000,15.000,-987.007,-7.889,3.238,-985.670,9.560,3.238,0.0000,0.0000,-992.659,-21.729,83.011,-995.313,21.663,83.011,0.0000,0.0000,0.0000,0,0.000,0.000,0.0000,0.0000,0,0,-995.313,21.663,83.011,0.000,0,-1.000000,1.000,28.924,-1.000000,0.0000,0.0000,0,0,0.000,1.000,19.607,-995.313,21.663,83.011,0,0,-1,99.952178
21,3.0736,idle,-1000.000,0.000,88.150,0.000,0.000,15.000,-987.007,-7.889,3.238,-985.670,9.560,3.238,0.0000,0.0000,-992.659,-21.729,83.011,-995.313,21.663,83.011,0.0000,0.0000,0.0000,0,0.000,0.000,0.0000,0.0000,0,0,-995.313,21.663,83.011,0.000,0,-1.000000,1.000,28.924,-1.000000,0.0000,0.0000,0,0,0.000,1.000,19.607,-995.313,21.663,83.011,0,0,-1,99.950176
22,3.2117,idle,-1000.000,0.000,88.150,0.000,0.000,15.000,-987.007,-7.889,3.238,-985.670,9.560,3.238,0.0000,0.0000,-992.589,-21.721,83.022,-995.242,21.664,83.022,0.0000,0.0000,0.0000,0,0.000,0.000,0.0000,0.0000,0,0,-995.242,21.664,83.022,0.000,0,-1.000000,1.000,28.924,-1.000000,0.0000,0.0000,0,0,0.000,1.000,19.607,-995.242,21.664,83.022,0,0,-1,99.947960
23,3.3519,idle,-1000.000,0.000,88.150,0.000,0.000,15.000,-987.007,-7.889,3.238,-985.670,9.560,3.238,0.0000,0.0000,-992.589,-21.721,83.022,-995.242,21.664,83.022,0.0000,0.0000,0.0000,0,0.000,0.000,0.0000,0.0000,0,0,-995.242,21.664,83.022,0.000,0,-1.000000,1.000,28.924,-1.000000,0.0000,0.0000,0,0,0.000,1.000,19.607,-995.242,21.664,83.022,0,0,-1,99.945716
24,3.4850,idle,-1000.000,0.000,88.150,0.000,0.000,15.000,-987.007,-7.889,3.238,-985.670,9.560,3.238,0.0000,0.0000,-992.653,-21.728,83.014,-995.306,21.663,83.014,0.0000,0.0000,0.0000,0,0.000,0.000,0.0000,0.0000,0,0,-995.306,21.663,83.014,0.000,0,-1.000000,1.000,28.924,-1.000000,0.0000,0.0000,0,0,0.000,1.000,19.607,-995.306,21.663,83.014,0,0,-1,99.943589
25,3.6278,idle,-1000.000,0.000,88.150,0.000,0.000,15.000,-987.007,-7.889,3.238,-985.670,9.560,3.238,0.0000,0.0000,-992.728,-21.736,83.008,-995.382,21.661,83.008,0.0000,0.0000,0.0000,0,0.000,0.000,0.0000,0.0000,0,0,-995.382,21.661,83.008,0.000,0,-1.000000,1.000,28.924,-1.000000,0.0000,0.0000,0,0,0.000,1.000,19.607,-995.382,21.661,83.008,0,0,-1,99.941304
26,3.7573,idle,-1000.000,0.000,88.150,0.000,0.000,15.000,-987.007,-7.889,3.238,-985.670,9.560,3.238,0.0000,0.0000,-992.793,-21.743,82.992,-995.448,21.661,82.992,0.0000,0.0000,0.0000,0,0.000,0.000,0.0000,0.0000,0,0,-995.448,21.661,82.992,0.000,0,-1.000000,1.000,28.924,-1.000000,0.0000,0.0000,0,0,0.000,1.000,19.607,-995.448,21.661,82.992,0,0,-1,99.939229
27,3.8872,idle,-1000.000,0.000,88.150,0.000,0.000,15.000,-987.007,-7.889,3.238,-985.670,9.560,3.238,0.0000,0.0000,-992.885,-21.752,82.978,-995.540,21.659,82.978,0.0000,0.0000,0.0000,0,0.000,0.000,0.0000,0.0000,0,0,-995.540,21.659,82.978,0.000,0,-1.000000,1.000,28.924,-1.000000,0.0000,0.0000,0,0,0.000,1.000,19.607,-995.540,21.659,82.978,0,0,-1,99.937155
28,4.0177,idle,-1000.000,0.000,88.150,0.000,0.000,15.000,-987.007,-7.889,3.238,-985.670,9.560,3.238,0.0000,0.0000,-992.971,-21.761,82.966,-995.626,21.657,82.966,0.0000,0.0000,0.0000,0,0.000,0.000,0.0000,0.0000,0,0,-995.626,21.657,82.966,0.000,0,-1.000000,1.000,28.924,-1.000000,0.0000,0.0000,0,0,0.000,1.000,19.607,-995.626,21.657,82.966,0,0,-1,99.935063
29,4.1475,idle,-1000.000,0.000,88.150,0.000,0.000,15.000,-987.007,-7.889,3.238,-985.670,9.560,3.238,0.0000,0.0000,-993.062,-21.771,82.954,-995.718,21.656,82.954,0.0000,0.0000,0.0000,0,0.000,0.000,0.0000,0.0000,0,0,-995.718,21.656,82.954,0.000,0,-1.000000,1.000,28.924,-1.000000,0.0000,0.0000,0,0,0.000,1.000,19.607,-995.718,21.656,82.954,0,0,-1,99.932989
30,4.2757,slow-walk,-1000.000,0.000,88.150,0.000,0.000,15.000,-987.007,-7.889,3.238,-985.670,9.560,3.238,0.0000,0.0000,-993.124,-21.777,82.944,-995.781,21.654,82.944,0.0000,0.0000,0.0000,0,0.000,0.000,0.0000,0.0000,0,0,-995.781,21.654,82.944,0.000,0,-1.000000,1.000,28.924,-1.000000,0.0000,0.0000,0,0,0.000,1.000,19.607,-995.781,21.654,82.944,0,0,-1,99.930935
31,4.4060,slow-walk,-997.137,0.767,88.150,34.110,15.000,15.000,-965.763,2.122,2.037,-1004.802,7.465,2.031,0.6497,0.2842,-986.658,-18.967,78.983,-996.771,23.532,79.308,0.0369,0.0000,0.0000,0,0.000,0.000,0.0000,0.0000,0,0,-996.771,23.532,79.308,0.000,0,-1.000000,1.000,28.924,-1.000000,0.0000,0.0000,0,0,0.000,1.000,19.607,-996.771,23.532,79.308,0,0,-1,99.928856
32,4.5359,slow-walk,-990.003,2.679,88.150,67.500,15.000,15.000,-958.339,4.093,3.186,-1001.126,8.044,6.664,1.0000,0.5625,-985.392,-19.506,77.986,-983.642,26.760,79.316,0.1102,0.0000,0.0000,0,0.000,0.000,0.0000,0.0000,0,0,-983.642,26.760,79.316,0.000,0,-1.000000,1.000,28.924,-1.000000,0.0000,0.0000,0,0,0.000,1.000,19.607,-983.642,26.760,79.316,0,0,-1,99.926772
33,4.6683,slow-walk,-981.383,4.988,88.150,67.500,15.000,15.000,-958.080,3.568,3.113,-982.031,13.872,10.163,1.0000,0.5625,-980.059,-18.548,79.426,-971.859,29.640,81.218,0.1845,0.0000,0.0000,0,0.000,0.000,0.0000,0.0000,0,0,-971.859,29.640,81.218,0.000,0,-1.000000,1.000,28.924,-1.000000,0.0000,0.0000,0,0,0.000,1.000,19.607,-971.859,29.640,81.218,0,0,-1,99.924657
34,4.7980,slow-walk,-972.917,7.257,88.150,67.500,15.000,15.000,-958.009,3.079,3.251,-961.405,20.230,11.706,1.0000,0.5625,-972.575,-16.654,80.133,-962.492,32.100,82.050,0.2576,0.0000,0.0000,0,0.000,0.000,0.0000,0.0000,0,0,-962.492,32.100,82.050,0.000,0,-1.000000,1.000,28.924,-1.000000,0.0000,0.0000,0,0,0.000,1.000,19.607,-962.492,32.100,82.050,0,0,-1,99.922579
35,4.9297,slow-walk,-964.347,9.553,88.150,67.500,15.000,15.000,-957.855,2.557,3.236,-940.738,26.591,9.689,1.0000,0.5625,-962.459,-13.744,79.254,-955.267,34.161,81.010,0.3315,0.0000,0.0000,0,0.000,0.000,0.0000,0.0000,0,0,-955.267,34.161,81.010,0.000,0,-1.000000,1.000,28.924,-1.000000,0.0000,0.0000,0,0,0.000,1.000,19.607,-955.267,34.161,81.010,0,0,-1,99.920476
36,5.0596,slow-walk,-955.859,11.828,88.150,67.500,15.000,15.000,-957.855,2.328,3.059,-922.746,32.382,5.740,1.0000,0.5625,-950.408,-9.653,77.533,-950.480,36.048,78.732,0.4048,0.0000,0.0000,0,0.000,0.000,0.0000,0.0000,0,0,-950.480,36.048,78.732,0.000,0,-1.000000,1.000,28.924,-1.000000,0.0000,0.0000,0,0,0.000,1.000,19.607,-950.480,36.048,78.732,0,0,-1,99.918393
37,5.1930,slow-walk,-947.172,14.155,88.150,67.500,15.000,15.000,-957.531,1.330,3.189,-908.804,35.897,3.300,1.0000,0.5625,-936.253,-5.533,76.857,-946.929,36.756,77.143,0.4797,0.0000,0.0000,0,0.000,0.000,0.0000,0.0000,0,0,-946.929,36.756,77.143,0.000,0,-1.000000,1.000,28.924,-1.000000,0.0000,0.0000,0,0,0.000,1.000,19.607,-946.929,36.756,77.143,0,0,-1,99.916262
38,5.3271,slow-walk,-938.419,16.500,88.150,67.500,15.000,15.000,-949.183,3.660,4.147,-905.998,36.361,3.130,1.0000,0.5625,-922.115,-0.616,77.757,-944.211,37.815,76.996,0.5552,0.0000,0.0000,0,0.000,0.000,0.0000,0.0000,0,0,-944.211,37.815,76.996,0.000,0,-1.000000,1.000,28.924,-1.000000,0.0000,0.0000,0,0,0.000,1.000,19.607,-944.211,37.815,76.996,0,0,-1,99.914114
39,5.4591,slow-walk,-929.822,18.804,88.150,67.500,15.000,15.000,-933.043,8.688,7.619,-905.820,36.112,3.190,1.0000,0.5625,-909.339,3.946,79.919,-940.598,39.106,78.351,0.6294,0.0000,0.0000,0,0.000,0.000,0.0000,0.0000,0,0,-940.598,39.106,78.351,0.000,0,-1.000000,1.000,28.924,-1.000000,0.0000,0.0000,0,0,0.000,1.000,19.607,-940.598,39.106,78.351,0,0,-1,99.912004
40,5.5937,slow-walk,-921.043,21.156,88.150,67.500,15.000,15.000,-912.867,14.799,11.252,-905.743,35.465,3.442,1.0000,0.5625,-898.217,7.417,81.991,-934.709,40.639,80.025,0.7051,0.0000,0.0000,0,0.000,0.000,0.0000,0.0000,0,0,-934.709,40.639,80.025,0.000,0,-1.000000,1.000,28.924,-1.000000,0.0000,0.0000,0,0,0.000,1.000,19.607,-934.709,40.639,80.025,0,0,-1,99.909850
41,5.7256,slow-walk,-912.455,23.458,88.150,67.500,15.000,15.000,-891.822,21.250,11.514,-905.513,34.949,3.318,1.0000,0.5625,-889.386,9.811,82.086,-926.405,42.829,80.084,0.7792,0.0000,0.0000,0,0.000,0.000,0.0000,0.0000,0,0,-926.405,42.829,80.084,0.000,0,-1.000000,1.000,28.924,-1.000000,0.0000,0.0000,0,0,0.000,1.000,19.607,-926.405,42.829,80.084,0,0,-1,99.907742
42,5.8577,slow-walk,-903.820,25.771,88.150,67.500,15.000,15.000,-871.344,27.365,8.698,-905.404,34.262,3.323,1.0000,0.5625,-882.606,11.034,80.534,-915.455,45.608,78.891,0.8537,0.0000,0.0000,0,0.000,0.000,0.0000,0.0000,0,0,-915.455,45.608,78.891,0.000,0,-1.000000,1.000,28.924,-1.000000,0.0000,0.0000,0,0,0.000,1.000,19.607,-915.455,45.608,78.891,0,0,-1,99.905623
43,5.9918,slow-walk,-895.096,28.109,88.150,67.500,15.000,15.000,-854.037,32.700,4.496,-905.260,33.870,2.876,1.0000,0.5625,-877.734,11.623,77.941,-902.076,49.259,76.960,0.9290,0.0000,0.0000,0,0.000,0.000,0.0000,0.0000,0,0,-902.076,49.259,76.960,0.000,0,-1.000000,1.000,28.924,-1.000000,0.0000,0.0000,0,0,0.000,1.000,19.607,-902.076,49.259,76.960,0,0,-1,99.903482
44,6.1240,slow-walk,-886.460,30.423,88.150,67.500,15.000,15.000,-842.683,35.925,3.206,-904.621,33.497,3.243,1.0000,0.5625,-874.337,11.513,76.951,-887.668,52.919,76.996,0.0035,0.0000,0.0000,0,0.000,0.000,0.0000,0.0000,0,0,-887.668,52.919,76.996,0.000,0,-1.000000,1.000,28.924,-1.000000,0.0000,0.0000,0,0,0.000,1.000,19.607,-887.668,52.919,76.996,0,0,-1,99.901363
45,6.2558,slow-walk,-877.881,32.722,88.150,67.500,15.000,15.000,-842.498,35.460,3.266,-892.414,37.045,5.143,1.0000,0.5625,-871.205,11.485,77.418,-873.538,56.474,78.425,0.0775,0.0000,0.0000,0,0.000,0.000,0.0000,0.0000,0,0,-873.538,56.474,78.425,0.000,0,-1.000000,1.000,28.924,-1.000000,0.0000,0.0000,0,0,0.000,1.000,19.607,-873.538,56.474,78.425,0,0,-1,99.899258
46,6.3855,slow-walk,-869.407,34.992,88.150,67.500,15.000,15.000,-842.365,34.845,3.354,-875.182,42.146,8.953,1.0000,0.5625,-866.804,11.939,79.011,-860.986,59.425,80.677,0.1506,0.0000,0.0000,0,0.000,0.000,0.0000,0.0000,0,0,-860.986,59.425,80.677,0.000,0,-1.000000,1.000,28.924,-1.000000,0.0000,0.0000,0,0,0.000,1.000,19.607,-860.986,59.425,80.677,0,0,-1,99.897178
47,6.5159,slow-walk,-860.923,37.266,88.150,67.500,15.000,15.000,-842.201,34.369,3.295,-855.129,48.318,11.533,1.0000,0.5625,-860.351,13.399,80.088,-850.643,62.068,81.995,0.2238,0.0000,0.0000,0,0.000,0.000,0.0000,0.0000,0,0,-850.643,62.068,81.995,0.000,0,-1.000000,1.000,28.924,-1.000000,0.0000,0.0000,0,0,0.000,1.000,19.607,-850.643,62.068,81.995,0,0,-1,99.895096
48,6.6492,slow-walk,-852.222,39.597,88.150,67.500,15.000,15.000,-841.976,33.803,3.124,-833.753,54.852,10.872,1.0000,0.5625,-851.357,15.838,79.705,-842.252,64.299,81.556,0.2989,0.0000,0.0000,0,0.000,0.000,0.0000,0.0000,0,0,-842.252,64.299,81.556,0.000,0,-1.000000,1.000,28.924,-1.000000,0.0000,0.0000,0,0,0.000,1.000,19.607,-842.252,64.299,81.556,0,0,-1,99.892961
49,6.7826,slow-walk,-843.530,41.926,88.150,67.500,15.000,15.000,-841.854,33.143,3.215,-813.836,60.773,7.517,1.0000,0.5625,-839.678,19.240,78.326,-836.237,66.019,79.811,0.3738,0.0000,0.0000,0,0.000,0.000,0.0000,0.0000,0,0,-836.237,66.019,79.811,0.000,0,-1.000000,1.000,28.924,-1.000000,0.0000,0.0000,0,0,0.000,1.000,19.607,-836.237,66.019,79.811,0,0,-1,99.890828
50,6.9129,slow-walk,-835.022,44.206,88.150,67.500,15.000,15.000,-841.732,32.831,3.076,-798.167,65.700,3.966,1.0000,0.5625,-826.609,23.700,76.897,-832.404,67.576,77.621,0.4472,0.0000,0.0000,0,0.000,0.000,0.0000,0.0000,0,0,-832.404,67.576,77.621,0.000,0,-1.000000,1.000,28.924,-1.000000,0.0000,0.0000,0,0,0.000,1.000,19.607,-832.404,67.576,77.621,0,0,-1,99.888740
51,7.0424,slow-walk,-826.599,46.463,88.150,67.500,15.000,15.000,-839.112,33.310,3.350,-790.257,67.915,3.175,1.0000,0.5625,-812.799,28.482,77.149,-829.685,68.683,76.860,0.5199,0.0000,0.0000,0,0.000,0.000,0.0000,0.0000,0,0,-829.685,68.683,76.860,0.000,0,-1.000000,1.000,28.924,-1.000000,0.0000,0.0000,0,0,0.000,1.000,19.607,-829.685,68.683,76.860,0,0,-1,99.886673
52,7.1720,slow-walk,-818.132,48.731,88.150,67.500,15.000,15.000,-825.646,37.257,5.667,-790.106,67.446,3.082,1.0000,0.5625,-799.607,32.986,78.724,-826.743,69.633,77.526,0.5930,0.0000,0.0000,0,0.000,0.000,0.0000,0.0000,0,0,-826.743,69.633,77.526,0.000,0,-1.000000,1.000,28.924,-1.000000,0.0000,0.0000,0,0,0.000,1.000,19.607,-826.743,69.633,77.526,0,0,-1,99.884595
53,7.3061,slow-walk,-809.395,51.072,88.150,67.500,15.000,15.000,-807.169,42.843,9.480,-789.893,66.900,3.046,1.0000,0.5625,-787.460,36.999,80.857,-822.041,70.925,79.033,0.6683,0.0000,0.0000,0,0.000,0.000,0.0000,0.0000,0,0,-822.041,70.925,79.033,0.000,0,-1.000000,1.000,28.924,-1.000000,0.0000,0.0000,0,0,0.000,1.000,19.607,-822.041,70.925,79.033,0,0,-1,99.882451
54,7.4392,slow-walk,-800.706,53.401,88.150,67.500,15.000,15.000,-786.127,49.140,11.697,-789.749,66.204,3.252,1.0000,0.5625,-777.481,39.813,82.149,-814.845,72.698,80.123,0.7433,0.0000,0.0000,0,0.000,0.000,0.0000,0.0000,0,0,-814.845,72.698,80.123,0.000,0,-1.000000,1.000,28.924,-1.000000,0.0000,0.0000,0,0,0.000,1.000,19.607,-814.845,72.698,80.123,0,0,-1,99.880319
55,7.5704,slow-walk,-792.169,55.688,88.150,67.500,15.000,15.000,-765.305,55.648,9.956,-789.561,65.835,2.825,1.0000,0.5625,-769.822,41.757,81.009,-805.258,75.377,79.115,0.8170,0.0000,0.0000,0,0.000,0.000,0.0000,0.0000,0,0,-805.258,75.377,79.115,0.000,0,-1.000000,1.000,28.924,-1.000000,0.0000,0.0000,0,0,0.000,1.000,19.607,-805.258,75.377,79.115,0,0,-1,99.878224
56,7.6980,slow-walk,-783.843,57.919,88.150,67.500,15.000,15.000,-746.881,61.218,6.565,-789.436,65.257,3.039,1.0000,0.5625,-764.271,42.578,79.223,-793.629,78.408,77.852,0.8888,0.0000,0.0000,0,0.000,0.000,0.0000,0.0000,0,0,-793.629,78.408,77.852,0.000,0,-1.000000,1.000,28.924,-1.000000,0.0000,0.0000,0,0,0.000,1.000,19.607,-793.629,78.408,77.852,0,0,-1,99.876181
57,7.8296,slow-walk,-775.269,60.217,88.150,67.500,15.000,15.000,-731.852,65.491,3.662,-789.230,64.607,3.101,1.0000,0.5625,-760.178,42.583,77.358,-779.654,81.900,76.831,0.9628,0.0000,0.0000,0,0.000,0.000,0.0000,0.0000,0,0,-779.654,81.900,76.831,0.000,0,-1.000000,1.000,28.924,-1.000000,0.0000,0.0000,0,0,0.000,1.000,19.607,-779.654,81.900,76.831,0,0,-1,99.874077
58,7.9613,slow-walk,-766.668,62.521,88.150,67.500,15.000,15.000,-726.756,66.825,3.164,-783.992,65.947,3.648,1.0000,0.5625,-757.156,42.545,76.880,-765.267,85.679,77.393,0.0370,0.0000,0.0000,0,0.000,0.000,0.0000,0.0000,0,0,-765.267,85.679,77.393,0.000,0,-1.000000,1.000,28.924,-1.000000,0.0000,0.0000,0,0,0.000,1.000,19.607,-765.267,85.679,77.393,0,0,-1,99.871966
59,8.0913,slow-walk,-758.208,64.788,88.150,67.500,15.000,15.000,-726.517,66.212,3.186,-769.356,70.147,6.652,1.0000,0.5625,-753.583,42.610,77.982,-751.860,88.868,79.309,0.1100,0.0000,0.0000,0,0.000,0.000,0.0000,0.0000,0,0,-751.860,88.868,79.309,0.000,0,-1.000000,1.000,28.924,-1.000000,0.0000,0.0000,0,0,0.000,1.000,19.607,-751.860,88.868,79.309,0,0,-1,99.869890
60,8.2193,slow-walk,-749.844,67.029,88.150,67.500,15.000,15.000,-726.257,65.708,3.117,-750.882,75.787,10.069,1.0000,0.5625,-748.449,43.527,79.387,-740.388,91.673,81.169,0.1821,0.0000,0.0000,0,0.000,0.000,0.0000,0.0000,0,0,-740.388,91.673,81.169,0.000,0,-1.000000,1.000,28.924,-1.000000,0.0000,0.0000,0,0,0.000,1.000,19.607,-740.388,91.673,81.169,0,0,-1,99.867838
61,8.3516,stop-from-slow-walk,-741.233,69.336,88.150,67.500,15.000,15.000,-726.182,65.205,3.250,-729.919,82.245,11.711,1.0000,0.5625,-740.903,45.423,80.135,-730.802,94.180,82.052,0.2564,0.0000,0.0000,0,0.000,0.000,0.0000,0.0000,0,0,-730.802,94.180,82.052,0.000,0,-1.000000,1.000,28.924,-1.000000,0.0000,0.0000,0,0,0.000,1.000,19.607,-730.802,94.180,82.052,0,0,-1,99.865724
62,8.4826,stop-from-slow-walk,-741.233,69.336,88.150,0.000,15.000,15.000,-726.466,65.125,3.042,-729.736,82.371,4.949,0.3434,0.0000,-732.876,48.332,81.576,-738.507,92.553,82.304,0.2564,0.0000,0.0000,0,0.000,0.000,0.0000,0.0000,0,0,-738.507,92.553,82.304,0.000,0,-1.000000,1.000,28.924,-1.000000,0.0000,0.0000,0,0,0.000,1.000,19.607,-738.507,92.553,82.304,0,0,-1,99.863623
63,8.6146,stop-from-slow-walk,-741.233,69.336,88.150,0.000,15.000,15.000,-726.641,65.079,3.238,-729.866,82.280,3.238,0.0000,0.0000,-728.667,50.191,82.988,-742.465,91.431,82.988,0.2564,0.0000,0.0000,0,0.000,0.000,0.0000,0.0000,0,0,-742.465,91.431,82.988,0.000,0,-1.000000,1.000,28.924,-1.000000,0.0000,0.0000,0,0,0.000,1.000,19.607,-742.465,91.431,82.988,0,0,-1,99.861515
64,8.7441,stop-from-slow-walk,-741.233,69.336,88.150,0.000,15.000,15.000,-726.641,65.079,3.238,-729.866,82.280,3.238,0.0000,0.0000,-728.594,50.219,82.999,-742.390,91.452,83.000,0.2564,0.0000,0.0000,0,0.000,0.000,0.0000,0.0000,0,0,-742.390,91.452,83.000,0.000,0,-1.000000,1.000,28.924,-1.000000,0.0000,0.0000,0,0,0.000,1.000,19.607,-742.390,91.452,83.000,0,0,-1,99.859440
65,8.8757,stop-from-slow-walk,-741.233,69.336,88.150,0.000,15.000,15.000,-726.641,65.079,3.238,-729.866,82.280,3.238,0.0000,0.0000,-728.521,50.247,83.011,-742.315,91.474,83.011,0.2564,0.0000,0.0000,0,0.000,0.000,0.0000,0.0000,0,0,-742.315,91.474,83.011,0.000,0,-1.000000,1.000,28.924,-1.000000,0.0000,0.0000,0,0,0.000,1.000,19.607,-742.315,91.474,83.011,0,0,-1,99.857339
66,9.0046,stop-from-slow-walk,-741.233,69.336,88.150,0.000,15.000,15.000,-726.641,65.079,3.238,-729.866,82.280,3.238,0.0000,0.0000,-728.518,50.248,83.011,-742.313,91.474,83.011,0.2564,0.0000,0.0000,0,0.000,0.000,0.0000,0.0000,0,0,-742.313,91.474,83.011,0.000,0,-1.000000,1.000,28.924,-1.000000,0.0000,0.0000,0,0,0.000,1.000,19.607,-742.313,91.474,83.011,0,0,-1,99.855272
67,9.1373,stop-from-slow-walk,-741.233,69.336,88.150,0.000,15.000,15.000,-726.641,65.079,3.238,-729.866,82.280,3.238,0.0000,0.0000,-728.518,50.248,83.011,-742.313,91.474,83.011,0.2564,0.0000,0.0000,0,0.000,0.000,0.0000,0.0000,0,0,-742.313,91.474,83.011,0.000,0,-1.000000,1.000,28.924,-1.000000,0.0000,0.0000,0,0,0.000,1.000,19.607,-742.313,91.474,83.011,0,0,-1,99.853153
68,9.2646,stop-from-slow-walk,-741.233,69.336,88.150,0.000,15.000,15.000,-726.641,65.079,3.238,-729.866,82.280,3.238,0.0000,0.0000,-728.452,50.273,83.022,-742.245,91.494,83.022,0.2564,0.0000,0.0000,0,0.000,0.000,0.0000,0.0000,0,0,-742.245,91.494,83.022,0.000,0,-1.000000,1.000,28.924,-1.000000,0.0000,0.0000,0,0,0.000,1.000,19.607,-742.245,91.494,83.022,0,0,-1,99.851115
69,9.3942,stop-from-slow-walk,-741.233,69.336,88.150,0.000,15.000,15.000,-726.641,65.079,3.238,-729.866,82.280,3.238,0.0000,0.0000,-728.452,50.273,83.022,-742.245,91.494,83.022,0.2564,0.0000,0.0000,0,0.000,0.000,0.0000,0.0000,0,0,-742.245,91.494,83.022,0.000,0,-1.000000,1.000,28.924,-1.000000,0.0000,0.0000,0,0,0.000,1.000,19.607,-742.245,91.494,83.022,0,0,-1,99.849042
70,9.5226,stop-from-slow-walk,-741.233,69.336,88.150,0.000,15.000,15.000,-726.641,65.079,3.238,-729.866,82.280,3.238,0.0000,0.0000,-728.531,50.243,83.012,-742.325,91.471,83.013,0.2564,0.0000,0.0000,0,0.000,0.000,0.0000,0.0000,0,0,-742.325,91.471,83.013,0.000,0,-1.000000,1.000,28.924,-1.000000,0.0000,0.0000,0,0,0.000,1.000,19.607,-742.325,91.471,83.013,0,0,-1,99.846984
71,9.6552,stop-from-slow-walk,-741.233,69.336,88.150,0.000,15.000,15.000,-726.641,65.079,3.238,-729.866,82.280,3.238,0.0000,0.0000,-728.597,50.218,83.006,-742.393,91.451,83.007,0.2564,0.0000,0.0000,0,0.000,0.000,0.0000,0.0000,0,0,-742.393,91.451,83.007,0.000,0,-1.000000,1.000,28.924,-1.000000,0.0000,0.0000,0,0,0.000,1.000,19.607,-742.393,91.451,83.007,0,0,-1,99.844866
72,9.7869,stop-from-slow-walk,-741.233,69.336,88.150,0.000,15.000,15.000,-726.641,65.079,3.238,-729.866,82.280,3.238,0.0000,0.0000,-728.664,50.192,82.989,-742.462,91.431,82.989,0.2564,0.0000,0.0000,0,0.000,0.000,0.0000,0.0000,0,0,-742.462,91.431,82.989,0.000,0,-1.000000,1.000,28.924,-1.000000,0.0000,0.0000,0,0,0.000,1.000,19.607,-742.462,91.431,82.989,0,0,-1,99.842757
73,9.9173,stop-from-slow-walk,-741.233,69.336,88.150,0.000,15.000,15.000,-726.641,65.079,3.238,-729.866,82.280,3.238,0.0000,0.0000,-728.751,50.159,82.975,-742.551,91.406,82.975,0.2564,0.0000,0.0000,0,0.000,0.000,0.0000,0.0000,0,0,-742.551,91.406,82.975,0.000,0,-1.000000,1.000,28.924,-1.000000,0.0000,0.0000,0,0,0.000,1.000,19.607,-742.551,91.406,82.975,0,0,-1,99.840673
74,10.0487,stop-from-slow-walk,-741.233,69.336,88.150,0.000,15.000,15.000,-726.641,65.079,3.238,-729.866,82.280,3.238,0.0000,0.0000,-728.832,50.128,82.963,-742.635,91.382,82.963,0.2564,0.0000,0.0000,0,0.000,0.000,0.0000,0.0000,0,0,-742.635,91.382,82.963,0.000,0,-1.000000,1.000,28.924,-1.000000,0.0000,0.0000,0,0,0.000,1.000,19.607,-742.635,91.382,82.963,0,0,-1,99.838569
75,10.1833,stop-from-slow-walk,-741.233,69.336,88.150,0.000,15.000,15.000,-726.641,65.079,3.238,-729.866,82.280,3.238,0.0000,0.0000,-728.921,50.094,82.950,-742.726,91.355,82.950,0.2564,0.0000,0.0000,0,0.000,0.000,0.0000,0.0000,0,0,-742.726,91.355,82.950,0.000,0,-1.000000,1.000,28.924,-1.000000,0.0000,0.0000,0,0,0.000,1.000,19.607,-742.726,91.355,82.950,0,0,-1,99.836418
76,10.3137,stop-from-slow-walk,-741.233,69.336,88.150,0.000,15.000,15.000,-726.641,65.079,3.238,-729.866,82.280,3.238,0.0000,0.0000,-728.961,50.079,82.942,-742.767,91.343,82.942,0.2564,0.0000,0.0000,0,0.000,0.000,0.0000,0.0000,0,0,-742.767,91.343,82.942,0.000,0,-1.000000,1.000,28.924,-1.000000,0.0000,0.0000,0,0,0.000,1.000,19.607,-742.767,91.343,82.942,0,0,-1,99.834328
77,10.4442,full-walk,-741.233,69.336,88.150,0.000,15.000,15.000,-726.641,65.079,3.238,-729.866,82.280,3.238,0.0000,0.0000,-728.980,50.073,82.933,-742.786,91.336,82.933,0.2564,0.0000,0.0000,0,0.000,0.000,0.0000,0.0000,0,0,-742.786,91.336,82.933,0.000,0,-1.000000,1.000,28.924,-1.000000,0.0000,0.0000,0,0,0.000,1.000,19.607,-742.786,91.336,82.933,0,0,-1,99.832243
78,10.5741,full-walk,-733.590,71.384,88.150,91.016,15.000,15.000,-726.152,64.661,2.912,-711.329,87.971,5.779,0.6501,0.7585,-727.422,49.565,80.054,-728.818,95.036,81.102,0.3550,0.0000,0.0000,0,0.000,0.000,0.0000,0.0000,0,0,-728.818,95.036,81.102,0.000,0,-1.000000,1.000,28.924,-1.000000,0.0000,0.0000,0,0,0.000,1.000,19.607,-728.818,95.036,81.102,0,0,-1,99.830162
79,10.7072,full-walk,-714.075,76.613,88.150,180.000,15.000,15.000,-724.896,63.762,4.105,-681.572,96.505,3.113,1.0000,1.5000,-697.826,59.476,77.720,-719.815,97.946,76.969,0.5545,0.0000,0.0000,0,0.000,0.000,0.0000,0.0000,0,0,-719.815,97.946,76.969,0.000,0,-1.000000,1.000,28.924,-1.000000,0.0000,0.0000,0,0,0.000,1.000,19.607,-719.815,97.946,76.969,0,0,-1,99.828034
80,10.8394,full-walk,-691.077,82.776,88.150,180.000,15.000,15.000,-674.836,79.066,11.738,-681.229,95.195,3.244,1.0000,1.5000,-667.835,69.196,82.155,-705.232,102.065,80.127,0.7529,0.0000,0.0000,0,0.000,0.000,0.0000,0.0000,0,0,-705.232,102.065,80.127,0.000,0,-1.000000,1.000,28.924,-1.000000,0.0000,0.0000,0,0,0.000,1.000,19.607,-705.232,102.065,80.127,0,0,-1,99.825918
81,10.9714,full-walk,-668.153,88.918,88.150,180.000,15.000,15.000,-625.520,94.140,3.842,-680.752,93.954,3.010,1.0000,1.5000,-652.227,71.852,77.532,-673.536,110.538,76.825,0.9507,0.0000,0.0000,0,0.000,0.000,0.0000,0.0000,0,0,-673.536,110.538,76.825,0.000,0,-1.000000,1.000,28.924,-1.000000,0.0000,0.0000,0,0,0.000,1.000,19.607,-673.536,110.538,76.825,0,0,-1,99.823808
82,11.1043,full-walk,-645.011,95.119,88.150,180.000,15.000,15.000,-617.940,94.981,3.358,-650.825,102.258,8.944,1.0000,1.5000,-642.395,72.070,79.009,-636.601,119.549,80.674,0.1503,0.0000,0.0000,0,0.000,0.000,0.0000,0.0000,0,0,-636.601,119.549,80.674,0.000,0,-1.000000,1.000,28.924,-1.000000,0.0000,0.0000,0,0,0.000,1.000,19.607,-636.601,119.549,80.674,0,0,-1,99.821679
83,11.2363,full-walk,-622.117,101.253,88.150,180.000,15.000,15.000,-617.447,93.598,3.425,-595.952,119.081,9.110,1.0000,1.5000,-619.559,78.150,79.116,-613.598,125.680,80.789,0.3478,0.0000,0.0000,0,0.000,0.000,0.0000,0.0000,0,0,-613.598,125.680,80.789,0.000,0,-1.000000,1.000,28.924,-1.000000,0.0000,0.0000,0,0,0.000,1.000,19.607,-613.598,125.680,80.789,0,0,-1,99.819572
84,11.3679,full-walk,-599.178,107.400,87.885,180.000,15.000,15.000,-610.551,94.428,3.481,-565.705,127.670,2.758,1.0000,1.5000,-583.544,90.046,77.175,-604.268,128.954,76.541,0.5457,0.0000,0.0000,0,0.000,0.000,0.0000,0.0000,0,0,-604.268,128.954,76.541,0.000,0,-1.000000,1.000,28.924,-1.000000,0.0000,0.0000,0,0,0.000,1.000,19.607,-604.268,128.954,76.541,0,0,-1,99.817461
85,11.4990,full-walk,-576.413,113.500,87.594,180.000,15.000,15.000,-562.037,109.173,11.132,-565.319,126.352,2.700,1.0000,1.5000,-553.192,99.910,81.591,-590.547,132.799,79.567,0.7421,0.0000,0.0000,0,0.000,0.000,0.0000,0.0000,0,0,-590.547,132.799,79.567,0.000,0,-1.000000,1.000,28.924,-1.000000,0.0000,0.0000,0,0,0.000,1.000,19.607,-590.547,132.799,79.567,0,0,-1,99.815366
86,11.6309,full-walk,-553.446,119.654,87.329,180.000,15.000,15.000,-511.496,124.577,3.273,-564.881,125.021,2.079,1.0000,1.5000,-536.803,102.860,76.856,-559.595,141.035,76.011,0.9403,0.0000,0.0000,0,0.000,0.000,0.0000,0.0000,0,0,-559.595,141.035,76.011,0.000,0,-1.000000,1.000,28.924,-1.000000,0.0000,0.0000,0,0,0.000,1.000,19.607,-559.595,141.035,76.011,0,0,-1,99.813253
87,11.7653,full-walk,-530.105,125.908,87.044,180.000,15.000,15.000,-502.058,126.141,2.216,-537.115,132.701,7.323,1.0000,1.5000,-527.099,103.061,77.669,-522.088,150.315,79.278,0.1417,0.0000,0.0000,0,0.000,0.000,0.0000,0.0000,0,0,-522.088,150.315,79.278,0.000,0,-1.000000,1.000,28.924,-1.000000,0.0000,0.0000,0,0,0.000,1.000,19.607,-522.088,150.315,79.278,0,0,-1,99.811105
88,11.8973,full-walk,-507.135,132.063,86.760,180.000,15.000,15.000,-501.571,124.729,1.924,-482.235,149.498,7.979,1.0000,1.5000,-504.914,108.861,77.781,-498.337,156.580,79.495,0.3398,0.0000,0.0000,0,0.000,0.000,0.0000,0.0000,0,0,-498.337,156.580,79.495,0.000,0,-1.000000,1.000,28.924,-1.000000,0.0000,0.0000,0,0,0.000,1.000,19.607,-498.337,156.580,79.495,0,0,-1,99.808991
89,12.0285,full-walk,-484.348,138.169,86.499,180.000,15.000,15.000,-496.153,125.086,1.888,-449.879,158.840,1.422,1.0000,1.5000,-469.319,120.616,75.681,-488.712,159.965,75.162,0.5364,0.0000,0.0000,0,0.000,0.000,0.0000,0.0000,0,0,-488.712,159.965,75.162,0.000,0,-1.000000,1.000,28.924,-1.000000,0.0000,0.0000,0,0,0.000,1.000,19.607,-488.712,159.965,75.162,0,0,-1,99.806894
90,12.1615,full-walk,-461.189,144.374,86.499,180.000,15.000,15.000,-447.853,139.708,10.005,-449.396,157.476,1.624,1.0000,1.5000,-437.994,130.772,80.485,-475.296,163.686,78.465,0.7362,0.0000,0.0000,0,0.000,0.000,0.0000,0.0000,0,0,-475.296,163.686,78.465,0.000,0,-1.000000,1.000,28.924,-1.000000,0.0000,0.0000,0,0,0.000,1.000,19.607,-475.296,163.686,78.465,0,0,-1,99.804763
91,12.2929,full-walk,-438.376,150.487,86.187,180.000,15.000,15.000,-396.922,155.188,2.347,-448.999,156.077,0.880,1.0000,1.5000,-421.239,133.876,75.828,-445.056,171.692,74.889,0.9330,0.0000,0.0000,0,0.000,0.000,0.0000,0.0000,0,0,-445.056,171.692,74.889,0.000,0,-1.000000,1.000,28.924,-1.000000,0.0000,0.0000,0,0,0.000,1.000,19.607,-445.056,171.692,74.889,0,0,-1,99.802663
92,12.4270,full-walk,-415.044,156.739,85.930,180.000,15.000,15.000,-386.170,157.288,1.079,-423.074,163.236,5.800,1.0000,1.5000,-411.709,134.067,76.354,-407.362,181.128,77.914,0.1343,0.0000,0.0000,0,0.000,0.000,0.0000,0.0000,0,0,-407.362,181.128,77.914,0.000,0,-1.000000,1.000,28.924,-1.000000,0.0000,0.0000,0,0,0.000,1.000,19.607,-407.362,181.128,77.914,0,0,-1,99.800516
93,12.5587,full-walk,-392.179,162.865,85.930,180.000,15.000,15.000,-385.694,155.866,1.016,-368.561,179.905,7.467,1.0000,1.5000,-390.289,139.568,77.033,-383.101,187.472,78.789,0.3316,0.0000,0.0000,0,0.000,0.000,0.0000,0.0000,0,0,-383.101,187.472,78.789,0.000,0,-1.000000,1.000,28.924,-1.000000,0.0000,0.0000,0,0,0.000,1.000,19.607,-383.101,187.472,78.789,0,0,-1,99.798412
94,12.6906,full-walk,-369.198,169.023,85.930,180.000,15.000,15.000,-381.292,155.895,1.222,-333.999,189.996,0.887,1.0000,1.5000,-354.636,151.310,75.038,-373.053,190.989,74.607,0.5299,0.0000,0.0000,0,0.000,0.000,0.0000,0.0000,0,0,-373.053,190.989,74.607,0.000,0,-1.000000,1.000,28.924,-1.000000,0.0000,0.0000,0,0,0.000,1.000,19.607,-373.053,190.989,74.607,0,0,-1,99.796297
95,12.8241,full-walk,-346.026,175.232,85.930,180.000,15.000,15.000,-333.764,170.208,9.381,-333.476,188.601,1.079,1.0000,1.5000,-322.876,161.613,79.899,-360.079,194.565,77.885,0.7298,0.0000,0.0000,0,0.000,0.000,0.0000,0.0000,0,0,-360.079,194.565,77.885,0.000,0,-1.000000,1.000,28.924,-1.000000,0.0000,0.0000,0,0,0.000,1.000,19.607,-360.079,194.565,77.885,0,0,-1,99.794165
96,12.9930,full-walk,-316.621,183.111,85.930,180.000,15.000,15.000,-272.457,188.697,1.188,-332.957,186.774,1.020,1.0000,1.5000,-303.060,164.851,74.910,-319.438,205.227,74.673,0.9835,0.0000,0.0000,0,0.000,0.000,0.0000,0.0000,0,0,-319.438,205.227,74.673,0.000,0,-1.000000,1.000,28.924,-1.000000,0.0000,0.0000,0,0,0.000,1.000,19.607,-319.438,205.227,74.673,0,0,-1,99.791459
97,13.1241,full-walk,-293.861,189.209,86.365,180.000,15.000,15.000,-270.007,187.982,1.337,-295.267,197.848,8.199,1.0000,1.5000,-292.400,165.740,77.565,-284.469,213.846,79.339,0.1798,0.0000,0.0000,0,0.000,0.000,0.0000,0.0000,0,0,-284.469,213.846,79.339,0.000,0,-1.000000,1.000,28.924,-1.000000,0.0000,0.0000,0,0,0.000,1.000,19.607,-284.469,213.846,79.339,0,0,-1,99.789364
98,13.2529,full-walk,-271.479,195.207,86.679,180.000,15.000,15.000,-269.704,186.465,1.731,-241.899,214.022,6.085,1.0000,1.5000,-267.674,172.505,76.860,-264.137,219.313,78.354,0.3729,0.0000,0.0000,0,0.000,0.000,0.0000,0.0000,0,0,-264.137,219.313,78.354,0.000,0,-1.000000,1.000,28.924,-1.000000,0.0000,0.0000,0,0,0.000,1.000,19.607,-264.137,219.313,78.354,0,0,-1,99.787305
99,13.3853,full-walk,-248.459,201.375,87.079,180.000,15.000,15.000,-257.886,188.931,3.894,-217.918,220.618,2.275,1.0000,1.5000,-231.041,184.774,77.345,-255.434,222.386,76.367,0.5715,0.0000,0.0000,0,0.000,0.000,0.0000,0.0000,0,0,-255.434,222.386,76.367,0.000,0,-1.000000,1.000,28.924,-1.000000,0.0000,0.0000,0,0,0.000,1.000,19.607,-255.434,222.386,76.367,0,0,-1,99.785186
100,13.5174,turn-while-moving,-225.462,207.537,87.572,180.000,15.000,15.000,-206.378,204.803,11.058,-217.488,219.360,2.709,1.0000,1.5000,-202.308,193.919,81.542,-239.519,226.869,79.528,0.7699,0.0000,0.0000,0,0.000,0.000,0.0000,0.0000,0,0,-239.519,226.869,79.528,0.000,0,-1.000000,1.000,28.924,-1.000000,0.0000,0.0000,0,0,0.000,1.000,19.607,-239.519,226.869,79.528,0,0,-1,99.783070
101,13.6476,turn-while-moving,-211.535,218.940,88.055,142.237,54.022,15.000,-182.818,247.950,4.639,-222.759,217.525,2.825,1.0000,1.1853,-187.552,217.352,78.029,-230.514,230.695,76.998,0.9241,0.0000,0.0000,0,0.000,0.000,0.0000,0.0000,0,0,-230.514,230.695,76.998,0.000,0,-1.000000,1.000,28.924,-1.000000,0.0000,0.0000,0,0,0.000,1.000,19.607,-230.514,230.695,76.998,0,0,-1,99.780989
102,13.7754,turn-while-moving,-204.260,235.593,88.544,142.237,72.265,15.000,-187.363,267.047,3.643,-215.787,225.538,5.438,1.0000,1.1853,-182.750,229.864,77.767,-221.926,251.972,78.757,0.0757,0.0000,0.0000,0,0.000,0.000,0.0000,0.0000,0,0,-221.926,251.972,78.757,0.000,0,-1.000000,1.000,28.924,-1.000000,0.0000,0.0000,0,0,0.000,1.000,19.607,-221.926,251.972,78.757,0,0,-1,99.778943
103,13.9059,turn-while-moving,-198.287,253.169,89.054,142.237,72.265,15.000,-185.936,266.590,4.178,-204.177,265.059,12.539,1.0000,1.1853,-177.936,240.661,81.009,-213.573,275.297,82.925,0.2303,0.0000,0.0000,0,0.000,0.000,0.0000,0.0000,0,0,-213.573,275.297,82.925,0.000,0,-1.000000,1.000,28.924,-1.000000,0.0000,0.0000,0,0,0.000,1.000,19.607,-213.573,275.297,82.925,0,0,-1,99.776855
104,14.0354,turn-while-moving,-192.616,270.714,89.582,142.237,72.265,15.000,-184.562,266.240,4.768,-192.054,307.122,8.539,1.0000,1.1853,-171.332,262.224,79.670,-209.118,289.364,81.068,0.3840,0.0000,0.0000,0,0.000,0.000,0.0000,0.0000,0,0,-209.118,289.364,81.068,0.000,0,-1.000000,1.000,28.924,-1.000000,0.0000,0.0000,0,0,0.000,1.000,19.607,-209.118,289.364,81.068,0,0,-1,99.774781
105,14.1668,turn-while-moving,-186.921,288.486,90.141,142.237,72.265,15.000,-182.253,271.621,5.596,-185.738,328.308,5.044,1.0000,1.1853,-163.975,291.841,79.358,-207.679,296.355,78.800,0.5395,0.0000,0.0000,0,0.000,0.000,0.0000,0.0000,0,0,-207.679,296.355,78.800,0.000,0,-1.000000,1.000,28.924,-1.000000,0.0000,0.0000,0,0,0.000,1.000,19.607,-207.679,296.355,78.800,0,0,-1,99.772681
106,14.2962,turn-while-moving,-181.304,306.044,90.715,142.237,72.265,15.000,-172.066,307.493,13.210,-184.744,328.020,5.779,1.0000,1.1853,-157.453,317.554,84.132,-205.014,305.391,82.203,0.6931,0.0000,0.0000,0,0.000,0.000,0.0000,0.0000,0,0,-205.014,305.391,82.203,0.000,0,-1.000000,1.000,28.924,-1.000000,0.0000,0.0000,0,0,0.000,1.000,19.607,-205.014,305.391,82.203,0,0,-1,99.770608
107,14.4280,turn-while-moving,-175.601,323.875,91.319,142.237,72.265,15.000,-159.535,351.413,12.050,-183.460,327.659,6.428,1.0000,1.1853,-151.709,333.949,83.767,-198.649,324.597,82.093,0.8492,0.0000,0.0000,0,0.000,0.000,0.0000,0.0000,0,0,-198.649,324.597,82.093,0.000,0,-1.000000,1.000,28.924,-1.000000,0.0000,0.0000,0,0,0.000,1.000,19.607,-198.649,324.597,82.093,0,0,-1,99.768502
108,14.5573,turn-while-moving,-169.992,341.413,91.922,142.237,72.265,15.000,-150.925,381.315,6.982,-182.403,327.793,7.011,1.0000,1.1853,-147.520,341.462,80.730,-189.596,352.492,80.761,0.0026,0.0000,0.0000,0,0.000,0.000,0.0000,0.0000,0,0,-189.596,352.492,80.761,0.000,0,-1.000000,1.000,28.924,-1.000000,0.0000,0.0000,0,0,0.000,1.000,19.607,-189.596,352.492,80.761,0,0,-1,99.766431
109,14.6856,turn-while-moving,-164.442,358.765,92.538,142.237,72.265,15.000,-149.799,381.032,7.695,-173.452,358.331,13.471,1.0000,1.1853,-143.694,348.307,83.429,-180.396,379.203,85.109,0.1544,0.0000,0.0000,0,0.000,0.000,0.0000,0.0000,0,0,-180.396,379.203,85.109,0.000,0,-1.000000,1.000,28.924,-1.000000,0.0000,0.0000,0,0,0.000,1.000,19.607,-180.396,379.203,85.109,0,0,-1,99.764381
110,14.8141,turn-while-moving,-158.862,376.215,93.173,142.237,72.265,15.000,-148.740,380.749,8.202,-161.409,401.410,15.656,1.0000,1.1853,-138.400,364.372,84.652,-174.370,397.808,86.492,0.3071,0.0000,0.0000,0,0.000,0.000,0.0000,0.0000,0,0,-174.370,397.808,86.492,0.000,0,-1.000000,1.000,28.924,-1.000000,0.0000,0.0000,0,0,0.000,1.000,19.607,-174.370,397.808,86.492,0,0,-1,99.762320
111,14.9467,turn-while-moving,-153.128,394.142,93.836,142.237,72.265,15.000,-147.549,380.412,8.777,-150.893,437.680,9.227,1.0000,1.1853,-130.985,391.430,82.496,-171.679,407.783,83.004,0.4639,0.0000,0.0000,0,0.000,0.000,0.0000,0.0000,0,0,-171.679,407.783,83.004,0.000,0,-1.000000,1.000,28.924,-1.000000,0.0000,0.0000,0,0,0.000,1.000,19.607,-171.679,407.783,83.004,0,0,-1,99.760203
112,15.0758,turn-while-moving,-147.528,411.653,94.492,142.237,72.265,15.000,-141.282,401.816,13.536,-148.796,442.653,9.710,1.0000,1.1853,-124.087,420.183,86.057,-170.263,414.199,84.615,0.6171,0.0000,0.0000,0,0.000,0.000,0.0000,0.0000,0,0,-170.263,414.199,84.615,0.000,0,-1.000000,1.000,28.924,-1.000000,0.0000,0.0000,0,0,0.000,1.000,19.607,-170.263,414.199,84.615,0,0,-1,99.758135
113,15.2051,turn-while-moving,-141.933,429.146,95.150,142.237,72.265,15.000,-129.303,443.767,18.632,-147.575,442.216,10.288,1.0000,1.1853,-117.959,441.256,89.119,-165.795,427.779,87.105,0.7702,0.0000,0.0000,0,0.000,0.000,0.0000,0.0000,0,0,-165.795,427.779,87.105,0.000,0,-1.000000,1.000,28.924,-1.000000,0.0000,0.0000,0,0,0.000,1.000,19.607,-165.795,427.779,87.105,0,0,-1,99.756069
114,15.3358,turn-while-moving,-136.260,446.887,95.819,142.237,72.265,15.000,-118.027,483.557,12.338,-146.510,441.874,10.577,1.0000,1.1853,-112.990,452.803,85.744,-157.927,452.201,84.726,0.9254,0.0000,0.0000,0,0.000,0.000,0.0000,0.0000,0,0,-157.927,452.201,84.726,0.000,0,-1.000000,1.000,28.924,-1.000000,0.0000,0.0000,0,0,0.000,1.000,19.607,-157.927,452.201,84.726,0,0,-1,99.753974
115,15.4668,turn-while-moving,-130.594,464.602,96.484,142.237,72.265,15.000,-113.868,495.518,11.627,-142.041,454.978,13.635,1.0000,1.1853,-109.177,458.516,85.823,-148.173,481.284,86.856,0.0804,0.0000,0.0000,0,0.000,0.000,0.0000,0.0000,0,0,-148.173,481.284,86.856,0.000,0,-1.000000,1.000,28.924,-1.000000,0.0000,0.0000,0,0,0.000,1.000,19.607,-148.173,481.284,86.856,0,0,-1,99.751882
116,15.5944,turn-while-moving,-125.059,481.909,97.123,142.237,72.265,15.000,-112.753,495.159,12.243,-130.887,494.028,20.633,1.0000,1.1853,-104.716,469.382,89.081,-140.341,504.051,90.999,0.2318,0.0000,0.0000,0,0.000,0.000,0.0000,0.0000,0,0,-140.341,504.051,90.999,0.000,0,-1.000000,1.000,28.924,-1.000000,0.0000,0.0000,0,0,0.000,1.000,19.607,-140.341,504.051,90.999,0,0,-1,99.749838
117,15.7215,turn-while-moving,-119.555,499.118,97.742,142.237,72.265,15.000,-111.438,494.826,12.928,-119.026,535.322,16.785,1.0000,1.1853,-98.270,490.531,87.864,-136.006,517.848,89.276,0.3824,0.0000,0.0000,0,0.000,0.000,0.0000,0.0000,0,0,-136.006,517.848,89.276,0.000,0,-1.000000,1.000,28.924,-1.000000,0.0000,0.0000,0,0,0.000,1.000,19.607,-136.006,517.848,89.276,0,0,-1,99.747805
118,15.8591,turn-while-moving,-113.589,517.773,98.401,142.237,72.265,15.000,-108.829,501.185,13.993,-112.536,556.909,13.274,1.0000,1.1853,-90.539,521.530,87.688,-134.469,525.159,87.056,0.5456,0.0000,0.0000,0,0.000,0.000,0.0000,0.0000,0,0,-134.469,525.159,87.056,0.000,0,-1.000000,1.000,28.924,-1.000000,0.0000,0.0000,0,0,0.000,1.000,19.607,-134.469,525.159,87.056,0,0,-1,99.745602
119,15.9926,turn-while-moving,-107.808,535.847,99.013,142.237,72.265,15.000,-98.107,539.042,22.092,-111.532,556.606,14.316,1.0000,1.1853,-83.912,547.593,92.844,-131.581,534.918,90.882,0.7037,0.0000,0.0000,0,0.000,0.000,0.0000,0.0000,0,0,-131.581,534.918,90.882,0.000,0,-1.000000,1.000,28.924,-1.000000,0.0000,0.0000,0,0,0.000,1.000,19.607,-131.581,534.918,90.882,0,0,-1,99.743468
120,16.1223,turn-while-moving,-102.181,553.442,99.579,142.237,72.265,15.000,-85.846,582.170,19.968,-110.316,556.253,14.809,1.0000,1.1853,-78.349,563.146,91.909,-125.113,554.580,90.291,0.8577,0.0000,0.0000,0,0.000,0.000,0.0000,0.0000,0,0,-125.113,554.580,90.291,0.000,0,-1.000000,1.000,28.924,-1.000000,0.0000,0.0000,0,0,0.000,1.000,19.607,-125.113,554.580,90.291,0,0,-1,99.741390
121,16.2504,turn-while-moving,-96.638,570.776,100.122,142.237,72.265,15.000,-77.741,609.896,15.164,-109.008,557.197,15.236,1.0000,1.1853,-74.240,570.242,88.884,-116.032,582.385,89.017,0.0093,0.0000,0.0000,0,0.000,0.000,0.0000,0.0000,0,0,-116.032,582.385,89.017,0.000,0,-1.000000,1.000,28.924,-1.000000,0.0000,0.0000,0,0,0.000,1.000,19.607,-116.032,582.385,89.017,0,0,-1,99.739343
122,16.3812,turn-while-moving,-90.971,588.495,100.669,142.237,72.265,15.000,-76.600,609.713,15.714,-99.641,589.497,21.978,1.0000,1.1853,-70.358,577.563,91.640,-106.807,609.303,93.357,0.1643,0.0000,0.0000,0,0.000,0.000,0.0000,0.0000,0,0,-106.807,609.303,93.357,0.000,0,-1.000000,1.000,28.924,-1.000000,0.0000,0.0000,0,0,0.000,1.000,19.607,-106.807,609.303,93.357,0,0,-1,99.737250
123,16.5155,turn-while-moving,-85.156,606.677,101.221,142.237,72.265,15.000,-75.556,609.308,16.330,-87.075,634.532,23.139,1.0000,1.1853,-64.618,595.406,92.494,-100.878,627.877,94.289,0.3234,0.0000,0.0000,0,0.000,0.000,0.0000,0.0000,0,0,-100.878,627.877,94.289,0.000,0,-1.000000,1.000,28.924,-1.000000,0.0000,0.0000,0,0,0.000,1.000,19.607,-100.878,627.877,94.289,0,0,-1,99.735103
124,16.6458,stop-from-turn,-79.501,624.357,101.751,142.237,72.265,15.000,-74.274,608.904,16.777,-77.062,668.346,16.924,1.0000,1.1853,-57.068,622.769,90.452,-98.348,636.907,90.761,0.4781,0.0000,0.0000,0,0.000,0.000,0.0000,0.0000,0,0,-98.348,636.907,90.761,0.000,0,-1.000000,1.000,28.924,-1.000000,0.0000,0.0000,0,0,0.000,1.000,19.607,-98.348,636.907,90.761,0,0,-1,99.733015
125,16.7769,stop-from-turn,-79.270,625.081,101.773,0.000,72.265,15.000,-69.972,626.008,15.712,-81.539,651.339,15.588,0.3452,0.0000,-56.586,624.399,94.449,-98.467,636.290,94.548,0.4781,0.0000,0.0000,0,0.000,0.000,0.0000,0.0000,0,0,-98.467,636.290,94.548,0.000,0,-1.000000,1.000,28.924,-1.000000,0.0000,0.0000,0,0,0.000,1.000,19.607,-98.467,636.290,94.548,0,0,-1,99.730919
126,16.9065,stop-from-turn,-79.270,625.081,101.773,0.000,72.265,15.000,-67.798,635.054,16.860,-84.010,641.643,16.860,0.0000,0.0000,-56.462,624.860,96.550,-98.649,635.562,96.550,0.4781,0.0000,0.0000,0,0.000,0.000,0.0000,0.0000,0,0,-98.649,635.562,96.550,0.000,0,-1.000000,1.000,28.924,-1.000000,0.0000,0.0000,0,0,0.000,1.000,19.607,-98.649,635.562,96.550,0,0,-1,99.728841
127,17.0344,stop-from-turn,-79.270,625.081,101.773,0.000,72.265,15.000,-67.798,635.054,16.860,-84.010,641.643,16.860,0.0000,0.0000,-56.462,624.860,96.550,-98.649,635.562,96.550,0.4781,0.0000,0.0000,0,0.000,0.000,0.0000,0.0000,0,0,-98.649,635.562,96.550,0.000,0,-1.000000,1.000,28.924,-1.000000,0.0000,0.0000,0,0,0.000,1.000,19.607,-98.649,635.562,96.550,0,0,-1,99.726798
128,17.1630,stop-from-turn,-79.270,625.081,101.773,0.000,72.265,15.000,-67.798,635.054,16.860,-84.010,641.643,16.860,0.0000,0.0000,-56.433,624.999,96.568,-98.609,635.699,96.569,0.4781,0.0000,0.0000,0,0.000,0.000,0.0000,0.0000,0,0,-98.609,635.699,96.569,0.000,0,-1.000000,1.000,28.924,-1.000000,0.0000,0.0000,0,0,0.000,1.000,19.607,-98.609,635.699,96.569,0,0,-1,99.724737
129,17.2940,stop-from-turn,-79.270,625.081,101.773,0.000,72.265,15.000,-67.798,635.054,16.860,-84.010,641.643,16.860,0.0000,0.0000,-56.415,625.082,96.580,-98.584,635.780,96.580,0.4781,0.0000,0.0000,0,0.000,0.000,0.0000,0.0000,0,0,-98.584,635.780,96.580,0.000,0,-1.000000,1.000,28.924,-1.000000,0.0000,0.0000,0,0,0.000,1.000,19.607,-98.584,635.780,96.580,0,0,-1,99.722645
130,17.4236,stop-from-turn,-79.270,625.081,101.773,0.000,72.265,15.000,-67.798,635.054,16.860,-84.010,641.643,16.860,0.0000,0.0000,-56.398,625.165,96.592,-98.560,635.862,96.592,0.4781,0.0000,0.0000,0,0.000,0.000,0.0000,0.0000,0,0,-98.560,635.862,96.592,0.000,0,-1.000000,1.000,28.924,-1.000000,0.0000,0.0000,0,0,0.000,1.000,19.607,-98.560,635.862,96.592,0,0,-1,99.720568
131,17.5522,stop-from-turn,-79.270,625.081,101.773,0.000,72.265,15.000,-67.798,635.054,16.860,-84.010,641.643,16.860,0.0000,0.0000,-56.379,625.257,96.605,-98.533,635.952,96.605,0.4781,0.0000,0.0000,0,0.000,0.000,0.0000,0.0000,0,0,-98.533,635.952,96.605,0.000,0,-1.000000,1.000,28.924,-1.000000,0.0000,0.0000,0,0,0.000,1.000,19.607,-98.533,635.952,96.605,0,0,-1,99.718514
132,17.6809,stop-from-turn,-79.270,625.081,101.773,0.000,72.265,15.000,-67.798,635.054,16.860,-84.010,641.643,16.860,0.0000,0.0000,-56.362,625.338,96.617,-98.510,636.031,96.617,0.4781,0.0000,0.0000,0,0.000,0.000,0.0000,0.0000,0,0,-98.510,636.031,96.617,0.000,0,-1.000000,1.000,28.924,-1.000000,0.0000,0.0000,0,0,0.000,1.000,19.607,-98.510,636.031,96.617,0,0,-1,99.716450
133,17.8103,stop-from-turn,-79.270,625.081,101.773,0.000,72.265,15.000,-67.798,635.054,16.860,-84.010,641.643,16.860,0.0000,0.0000,-56.346,625.414,96.628,-98.487,636.105,96.628,0.4781,0.0000,0.0000,0,0.000,0.000,0.0000,0.0000,0,0,-98.487,636.105,96.628,0.000,0,-1.000000,1.000,28.924,-1.000000,0.0000,0.0000,0,0,0.000,1.000,19.607,-98.487,636.105,96.628,0,0,-1,99.714389
134,17.9383,stop-from-turn,-79.270,625.081,101.773,0.000,72.265,15.000,-67.798,635.054,16.860,-84.010,641.643,16.860,0.0000,0.0000,-56.337,625.454,96.634,-98.475,636.144,96.634,0.4781,0.0000,0.0000,0,0.000,0.000,0.0000,0.0000,0,0,-98.475,636.144,96.634,0.000,0,-1.000000,1.000,28.924,-1.000000,0.0000,0.0000,0,0,0.000,1.000,19.607,-98.475,636.144,96.634,0,0,-1,99.712334
135,18.0787,stop-from-turn,-79.270,625.081,101.773,0.000,72.265,15.000,-67.798,635.054,16.860,-84.010,641.643,16.860,0.0000,0.0000,-56.337,625.454,96.634,-98.475,636.144,96.634,0.4781,0.0000,0.0000,0,0.000,0.000,0.0000,0.0000,0,0,-98.475,636.144,96.634,0.000,0,-1.000000,1.000,28.924,-1.000000,0.0000,0.0000,0,0,0.000,1.000,19.607,-98.475,636.144,96.634,0,0,-1,99.710090
136,18.2070,stop-from-turn,-79.270,625.081,101.773,0.000,72.265,15.000,-67.798,635.054,16.860,-84.010,641.643,16.860,0.0000,0.0000,-56.323,625.524,96.645,-98.455,636.212,96.645,0.4781,0.0000,0.0000,0,0.000,0.000,0.0000,0.0000,0,0,-98.455,636.212,96.645,0.000,0,-1.000000,1.000,28.924,-1.000000,0.0000,0.0000,0,0,0.000,1.000,19.607,-98.455,636.212,96.645,0,0,-1,99.708034
137,18.3370,stop-from-turn,-79.270,625.081,101.773,0.000,72.265,15.000,-67.798,635.054,16.860,-84.010,641.643,16.860,0.0000,0.0000,-56.323,625.524,96.645,-98.455,636.212,96.645,0.4781,0.0000,0.0000,0,0.000,0.000,0.0000,0.0000,0,0,-98.455,636.212,96.645,0.000,0,-1.000000,1.000,28.924,-1.000000,0.0000,0.0000,0,0,0.000,1.000,19.607,-98.455,636.212,96.645,0,0,-1,99.705957
138,18.4654,stop-from-turn,-79.270,625.081,101.773,0.000,72.265,15.000,-67.798,635.054,16.860,-84.010,641.643,16.860,0.0000,0.0000,-56.334,625.471,96.638,-98.470,636.161,96.638,0.4781,0.0000,0.0000,0,0.000,0.000,0.0000,0.0000,0,0,-98.470,636.161,96.638,0.000,0,-1.000000,1.000,28.924,-1.000000,0.0000,0.0000,0,0,0.000,1.000,19.607,-98.470,636.161,96.638,0,0,-1,99.703900
139,18.5943,stop-from-turn,-79.270,625.081,101.773,0.000,72.265,15.000,-67.798,635.054,16.860,-84.010,641.643,16.860,0.0000,0.0000,-56.348,625.404,96.632,-98.490,636.095,96.632,0.4781,0.0000,0.0000,0,0.000,0.000,0.0000,0.0000,0,0,-98.490,636.095,96.632,0.000,0,-1.000000,1.000,28.924,-1.000000,0.0000,0.0000,0,0,0.000,1.000,19.607,-98.490,636.095,96.632,0,0,-1,99.701841
140,18.7228,orbit-standing-character,-79.270,625.081,101.773,0.000,72.265,15.000,-67.798,635.054,16.860,-84.010,641.643,16.860,0.0000,0.0000,-56.360,625.346,96.618,-98.507,636.039,96.618,0.4781,0.0000,0.0000,0,0.000,0.000,0.0000,0.0000,0,0,-98.507,636.039,96.618,0.000,0,-1.000000,1.000,28.924,-1.000000,0.0000,0.0000,0,0,0.000,1.000,19.607,-98.507,636.039,96.618,0,0,-1,99.699781
141,18.8520,orbit-standing-character,-79.270,625.081,101.773,0.000,72.265,21.887,-67.798,635.054,16.860,-84.010,641.643,16.860,0.0000,0.0000,-56.379,625.257,96.605,-98.533,635.951,96.605,0.4781,0.0000,0.0000,0,0.000,0.000,0.0000,0.0000,0,0,-98.533,635.951,96.605,0.000,0,-1.000000,1.000,28.924,-1.000000,0.0000,0.0000,0,0,0.000,1.000,19.607,-98.533,635.951,96.605,0,0,-1,99.697719
142,18.9810,orbit-standing-character,-79.270,625.081,101.773,0.000,72.265,28.795,-67.798,635.054,16.860,-84.010,641.643,16.860,0.0000,0.0000,-56.396,625.173,96.593,-98.558,635.869,96.593,0.4781,0.0000,0.0000,0,0.000,0.000,0.0000,0.0000,0,0,-98.558,635.869,96.593,0.000,0,-1.000000,1.000,28.924,-1.000000,0.0000,0.0000,0,0,0.000,1.000,19.607,-98.558,635.869,96.593,0,0,-1,99.695651
143,19.1174,orbit-standing-character,-79.270,625.081,101.773,0.000,72.265,36.072,-67.798,635.054,16.860,-84.010,641.643,16.860,0.0000,0.0000,-56.416,625.078,96.579,-98.585,635.777,96.579,0.4781,0.0000,0.0000,0,0.000,0.000,0.0000,0.0000,0,0,-98.585,635.777,96.579,0.000,0,-1.000000,1.000,28.924,-1.000000,0.0000,0.0000,0,0,0.000,1.000,19.607,-98.585,635.777,96.579,0,0,-1,99.693472
144,19.2502,orbit-standing-character,-79.270,625.081,101.773,0.000,72.265,43.183,-67.798,635.054,16.860,-84.010,641.643,16.860,0.0000,0.0000,-56.432,625.001,96.568,-98.608,635.700,96.568,0.4781,0.0000,0.0000,0,0.000,0.000,0.0000,0.0000,0,0,-98.608,635.700,96.568,0.000,0,-1.000000,1.000,28.924,-1.000000,0.0000,0.0000,0,0,0.000,1.000,19.607,-98.608,635.700,96.568,0,0,-1,99.691343
145,19.3883,orbit-standing-character,-79.270,625.081,101.773,0.000,72.265,50.537,-67.798,635.054,16.860,-84.010,641.643,16.860,0.0000,0.0000,-56.437,624.980,96.560,-98.613,635.680,96.560,0.4781,0.0000,0.0000,0,0.000,0.000,0.0000,0.0000,0,0,-98.613,635.680,96.560,0.000,0,-1.000000,1.000,28.924,-1.000000,0.0000,0.0000,0,0,0.000,1.000,19.607,-98.613,635.680,96.560,0,0,-1,99.689141
146,19.5257,orbit-standing-character,-79.270,625.081,101.773,0.000,72.265,57.901,-67.798,635.054,16.860,-84.010,641.643,16.860,0.0000,0.0000,-56.458,624.877,96.552,-98.644,635.579,96.552,0.4781,0.0000,0.0000,0,0.000,0.000,0.0000,0.0000,0,0,-98.644,635.579,96.552,0.000,0,-1.000000,1.000,28.924,-1.000000,0.0000,0.0000,0,0,0.000,1.000,19.607,-98.644,635.579,96.552,0,0,-1,99.686936
147,19.6561,orbit-standing-character,-79.270,625.081,101.773,0.000,72.265,64.859,-67.798,635.054,16.860,-84.010,641.643,16.860,0.0000,0.0000,-56.458,624.877,96.552,-98.644,635.579,96.552,0.4781,0.0000,0.0000,0,0.000,0.000,0.0000,0.0000,0,0,-98.644,635.579,96.552,0.000,0,-1.000000,1.000,28.924,-1.000000,0.0000,0.0000,0,0,0.000,1.000,19.607,-98.644,635.579,96.552,0,0,-1,99.684853
148,19.7882,orbit-standing-character,-79.270,625.081,101.773,0.000,72.265,71.928,-67.798,635.054,16.860,-84.010,641.643,16.860,0.0000,0.0000,-56.458,624.876,96.552,-98.644,635.578,96.552,0.4781,0.0000,0.0000,0,0.000,0.000,0.0000,0.0000,0,0,-98.644,635.578,96.552,0.000,0,-1.000000,1.000,28.924,-1.000000,0.0000,0.0000,0,0,0.000,1.000,19.607,-98.644,635.578,96.552,0,0,-1,99.682736
149,19.9207,orbit-standing-character,-79.270,625.081,101.773,0.000,72.265,78.992,-67.798,635.054,16.860,-84.010,641.643,16.860,0.0000,0.0000,-56.462,624.860,96.550,-98.649,635.562,96.550,0.4781,0.0000,0.0000,0,0.000,0.000,0.0000,0.0000,0,0,-98.649,635.562,96.550,0.000,0,-1.000000,1.000,28.924,-1.000000,0.0000,0.0000,0,0,0.000,1.000,19.607,-98.649,635.562,96.550,0,0,-1,99.680621
150,20.0608,orbit-standing-character,-79.270,625.081,101.773,0.000,72.265,86.497,-67.798,635.054,16.860,-84.010,641.643,16.860,0.0000,0.0000,-56.462,624.860,96.550,-98.649,635.562,96.550,0.4781,0.0000,0.0000,0,0.000,0.000,0.0000,0.0000,0,0,-98.649,635.562,96.550,0.000,0,-1.000000,1.000,28.924,-1.000000,0.0000,0.0000,0,0,0.000,1.000,19.607,-98.649,635.562,96.550,0,0,-1,99.678374
151,20.1983,orbit-standing-character,-79.270,625.081,101.773,0.000,72.265,93.831,-67.798,635.054,16.860,-84.010,641.643,16.860,0.0000,0.0000,-56.428,625.021,96.571,-98.602,635.721,96.572,0.4781,0.0000,0.0000,0,0.000,0.000,0.0000,0.0000,0,0,-98.602,635.721,96.572,0.000,0,-1.000000,1.000,28.924,-1.000000,0.0000,0.0000,0,0,0.000,1.000,19.607,-98.602,635.721,96.572,0,0,-1,99.676178
152,20.3393,orbit-standing-character,-79.270,625.081,101.773,0.000,72.265,101.377,-67.798,635.054,16.860,-84.010,641.643,16.860,0.0000,0.0000,-56.409,625.110,96.584,-98.576,635.808,96.584,0.4781,0.0000,0.0000,0,0.000,0.000,0.0000,0.0000,0,0,-98.576,635.808,96.584,0.000,0,-1.000000,1.000,28.924,-1.000000,0.0000,0.0000,0,0,0.000,1.000,19.607,-98.576,635.808,96.584,0,0,-1,99.673919
153,20.4820,orbit-standing-character,-79.270,625.081,101.773,0.000,72.265,108.996,-67.798,635.054,16.860,-84.010,641.643,16.860,0.0000,0.0000,-56.389,625.207,96.598,-98.548,635.903,96.598,0.4781,0.0000,0.0000,0,0.000,0.000,0.0000,0.0000,0,0,-98.548,635.903,96.598,0.000,0,-1.000000,1.000,28.924,-1.000000,0.0000,0.0000,0,0,0.000,1.000,19.607,-98.548,635.903,96.598,0,0,-1,99.671638
154,20.6218,orbit-standing-character,-79.270,625.081,101.773,0.000,72.265,116.470,-67.798,635.054,16.860,-84.010,641.643,16.860,0.0000,0.0000,-56.369,625.303,96.612,-98.520,635.997,96.612,0.4781,0.0000,0.0000,0,0.000,0.000,0.0000,0.0000,0,0,-98.520,635.997,96.612,0.000,0,-1.000000,1.000,28.924,-1.000000,0.0000,0.0000,0,0,0.000,1.000,19.607,-98.520,635.997,96.612,0,0,-1,99.669400
155,20.7613,orbit-standing-character,-79.270,625.081,101.773,0.000,72.265,123.919,-67.798,635.054,16.860,-84.010,641.643,16.860,0.0000,0.0000,-56.352,625.385,96.624,-98.496,636.077,96.624,0.4781,0.0000,0.0000,0,0.000,0.000,0.0000,0.0000,0,0,-98.496,636.077,96.624,0.000,0,-1.000000,1.000,28.924,-1.000000,0.0000,0.0000,0,0,0.000,1.000,19.607,-98.496,636.077,96.624,0,0,-1,99.667170
156,20.8995,orbit-standing-character,-79.270,625.081,101.773,0.000,72.265,131.312,-67.798,635.054,16.860,-84.010,641.643,16.860,0.0000,0.0000,-56.337,625.454,96.634,-98.475,636.144,96.634,0.4781,0.0000,0.0000,0,0.000,0.000,0.0000,0.0000,0,0,-98.475,636.144,96.634,0.000,0,-1.000000,1.000,28.924,-1.000000,0.0000,0.0000,0,0,0.000,1.000,19.607,-98.475,636.144,96.634,0,0,-1,99.664956
157,21.0286,orbit-standing-character,-79.270,625.081,101.773,0.000,72.265,138.200,-67.798,635.054,16.860,-84.010,641.643,16.860,0.0000,0.0000,-56.337,625.454,96.634,-98.475,636.144,96.634,0.4781,0.0000,0.0000,0,0.000,0.000,0.0000,0.0000,0,0,-98.475,636.144,96.634,0.000,0,-1.000000,1.000,28.924,-1.000000,0.0000,0.0000,0,0,0.000,1.000,19.607,-98.475,636.144,96.634,0,0,-1,99.662893
158,21.1674,orbit-standing-character,-79.270,625.081,101.773,0.000,72.265,145.632,-67.798,635.054,16.860,-84.010,641.643,16.860,0.0000,0.0000,-56.323,625.524,96.645,-98.455,636.212,96.645,0.4781,0.0000,0.0000,0,0.000,0.000,0.0000,0.0000,0,0,-98.455,636.212,96.645,0.000,0,-1.000000,1.000,28.924,-1.000000,0.0000,0.0000,0,0,0.000,1.000,19.607,-98.455,636.212,96.645,0,0,-1,99.660668
159,21.3087,orbit-standing-character,-79.270,625.081,101.773,0.000,72.265,153.167,-67.798,635.054,16.860,-84.010,641.643,16.860,0.0000,0.0000,-56.323,625.524,96.645,-98.455,636.212,96.645,0.4781,0.0000,0.0000,0,0.000,0.000,0.0000,0.0000,0,0,-98.455,636.212,96.645,0.000,0,-1.000000,1.000,28.924,-1.000000,0.0000,0.0000,0,0,0.000,1.000,19.607,-98.455,636.212,96.645,0,0,-1,99.658412
160,21.4359,orbit-standing-character,-79.270,625.081,101.773,0.000,72.265,159.978,-67.798,635.054,16.860,-84.010,641.643,16.860,0.0000,0.0000,-56.331,625.486,96.639,-98.466,636.176,96.639,0.4781,0.0000,0.0000,0,0.000,0.000,0.0000,0.0000,0,0,-98.466,636.176,96.639,0.000,0,-1.000000,1.000,28.924,-1.000000,0.0000,0.0000,0,0,0.000,1.000,19.607,-98.466,636.176,96.639,0,0,-1,99.656373
161,21.5680,orbit-standing-character,-79.270,625.081,101.773,0.000,72.265,167.013,-67.798,635.054,16.860,-84.010,641.643,16.860,0.0000,0.0000,-56.345,625.418,96.633,-98.486,636.109,96.633,0.4781,0.0000,0.0000,0,0.000,0.000,0.0000,0.0000,0,0,-98.486,636.109,96.633,0.000,0,-1.000000,1.000,28.924,-1.000000,0.0000,0.0000,0,0,0.000,1.000,19.607,-98.486,636.109,96.633,0,0,-1,99.654266
162,21.7496,orbit-standing-character,-79.270,625.081,101.773,0.000,72.265,176.738,-67.798,635.054,16.860,-84.010,641.643,16.860,0.0000,0.0000,-56.364,625.328,96.615,-98.512,636.021,96.615,0.4781,0.0000,0.0000,0,0.000,0.000,0.0000,0.0000,0,0,-98.512,636.021,96.615,0.000,0,-1.000000,1.000,28.924,-1.000000,0.0000,0.0000,0,0,0.000,1.000,19.607,-98.512,636.021,96.615,0,0,-1,99.651355
163,21.8776,orbit-standing-character,-79.270,625.081,101.773,0.000,72.265,183.562,-67.798,635.054,16.860,-84.010,641.643,16.860,0.0000,0.0000,-56.382,625.239,96.602,-98.539,635.934,96.602,0.4781,0.0000,0.0000,0,0.000,0.000,0.0000,0.0000,0,0,-98.539,635.934,96.602,0.000,0,-1.000000,1.000,28.924,-1.000000,0.0000,0.0000,0,0,0.000,1.000,19.607,-98.539,635.934,96.602,0,0,-1,99.649312
164,22.0185,orbit-standing-character,-79.270,625.081,101.773,0.000,72.265,191.100,-67.798,635.054,16.860,-84.010,641.643,16.860,0.0000,0.0000,-56.402,625.147,96.589,-98.565,635.844,96.589,0.4781,0.0000,0.0000,0,0.000,0.000,0.0000,0.0000,0,0,-98.565,635.844,96.589,0.000,0,-1.000000,1.000,28.924,-1.000000,0.0000,0.0000,0,0,0.000,1.000,19.607,-98.565,635.844,96.589,0,0,-1,99.647054
165,22.1628,orbit-standing-character,-79.270,625.081,101.773,0.000,72.265,198.800,-67.798,635.054,16.860,-84.010,641.643,16.860,0.0000,0.0000,-56.423,625.047,96.575,-98.595,635.746,96.575,0.4781,0.0000,0.0000,0,0.000,0.000,0.0000,0.0000,0,0,-98.595,635.746,96.575,0.000,0,-1.000000,1.000,28.924,-1.000000,0.0000,0.0000,0,0,0.000,1.000,19.607,-98.595,635.746,96.575,0,0,-1,99.644749
166,22.3076,orbit-standing-character,-79.270,625.081,101.773,0.000,72.265,206.556,-67.798,635.054,16.860,-84.010,641.643,16.860,0.0000,0.0000,-56.434,624.992,96.565,-98.610,635.692,96.565,0.4781,0.0000,0.0000,0,0.000,0.000,0.0000,0.0000,0,0,-98.610,635.692,96.565,0.000,0,-1.000000,1.000,28.924,-1.000000,0.0000,0.0000,0,0,0.000,1.000,19.607,-98.610,635.692,96.565,0,0,-1,99.642427
167,22.4634,orbit-standing-character,-79.270,625.081,101.773,0.000,72.265,214.875,-67.798,635.054,16.860,-84.010,641.643,16.860,0.0000,0.0000,-56.440,624.969,96.555,-98.616,635.669,96.555,0.4781,0.0000,0.0000,0,0.000,0.000,0.0000,0.0000,0,0,-98.616,635.669,96.555,0.000,0,-1.000000,1.000,28.924,-1.000000,0.0000,0.0000,0,0,0.000,1.000,19.607,-98.616,635.669,96.555,0,0,-1,99.639936
168,22.6126,orbit-standing-character,-79.270,625.081,101.773,0.000,72.265,222.856,-67.798,635.054,16.860,-84.010,641.643,16.860,0.0000,0.0000,-56.458,624.877,96.552,-98.644,635.579,96.552,0.4781,0.0000,0.0000,0,0.000,0.000,0.0000,0.0000,0,0,-98.644,635.579,96.552,0.000,0,-1.000000,1.000,28.924,-1.000000,0.0000,0.0000,0,0,0.000,1.000,19.607,-98.644,635.579,96.552,0,0,-1,99.637546
169,22.7559,open-pack,-79.270,625.081,101.773,0.000,72.265,230.502,-67.798,635.054,16.860,-84.010,641.643,16.860,0.0000,0.0000,-56.458,624.877,96.552,-98.644,635.579,96.552,0.4781,0.0000,0.0000,0,0.000,0.000,0.0000,0.0000,0,0,-98.644,635.579,96.552,0.000,0,-1.000000,1.000,28.924,-1.000000,0.0000,0.0000,0,0,0.000,1.000,19.607,-98.644,635.579,96.552,0,0,-1,99.635257
170,22.8998,open-pack,-79.270,625.081,101.773,0.000,72.265,230.502,-67.798,635.054,16.860,-84.010,641.643,16.860,0.0000,0.0000,-56.462,624.860,96.550,-98.649,635.562,96.550,0.4781,0.0000,0.0000,0,0.000,0.000,0.0000,0.0000,0,0,-98.649,635.562,96.550,0.000,0,-1.000000,1.000,28.924,-1.000000,0.0000,0.0000,0,0,0.000,1.000,19.607,-98.649,635.562,96.550,0,0,-1,99.635257
171,23.0599,open-pack,-79.270,625.081,101.773,0.000,72.265,230.502,-67.798,635.054,16.860,-84.010,641.643,16.860,0.0000,0.0000,-56.462,624.860,96.550,-98.649,635.562,96.550,0.4781,0.0000,0.0000,0,0.000,0.000,0.0000,0.0000,0,0,-98.649,635.562,96.550,0.000,0,-1.000000,1.000,28.924,-1.000000,0.0000,0.0000,0,0,0.000,1.000,19.607,-98.649,635.562,96.550,0,0,-1,99.635257
172,23.2084,open-pack,-79.270,625.081,101.773,0.000,72.265,230.502,-67.798,635.054,16.860,-84.010,641.643,16.860,0.0000,0.0000,-56.427,625.028,96.572,-98.600,635.727,96.572,0.4781,0.0000,0.0000,0,0.000,0.000,0.0000,0.0000,0,0,-98.600,635.727,96.572,0.000,0,-1.000000,1.000,28.924,-1.000000,0.0000,0.0000,0,0,0.000,1.000,19.607,-98.600,635.727,96.572,0,0,-1,99.635257
173,23.3591,open-look,-79.270,625.081,101.773,0.000,72.265,230.502,-67.798,635.054,16.860,-84.010,641.643,16.860,0.0000,0.0000,-56.407,625.119,96.585,-98.574,635.817,96.585,0.4781,0.0000,0.0000,0,0.000,0.000,0.0000,0.0000,0,0,-98.574,635.817,96.585,0.000,0,-1.000000,1.000,28.924,-1.000000,0.0000,0.0000,0,0,0.000,1.000,19.607,-98.574,635.817,96.585,0,0,-1,99.635257
174,23.5070,open-look,-79.270,625.081,101.773,0.000,72.265,230.502,-67.798,635.054,16.860,-84.010,641.643,16.860,0.0000,0.0000,-56.385,625.225,96.600,-98.543,635.920,96.600,0.4781,0.0000,0.0000,0,0.000,0.000,0.0000,0.0000,0,0,-98.543,635.920,96.600,0.000,0,-1.000000,1.000,28.924,-1.000000,0.0000,0.0000,0,0,0.000,1.000,19.607,-98.543,635.920,96.600,0,0,-1,99.635257
175,23.6558,open-look,-79.270,625.081,101.773,0.000,72.265,230.502,-67.798,635.054,16.860,-84.010,641.643,16.860,0.0000,0.0000,-56.365,625.323,96.614,-98.514,636.016,96.615,0.4781,0.0000,0.0000,0,0.000,0.000,0.0000,0.0000,0,0,-98.514,636.016,96.615,0.000,0,-1.000000,1.000,28.924,-1.000000,0.0000,0.0000,0,0,0.000,1.000,19.607,-98.514,636.016,96.615,0,0,-1,99.635257
176,23.8011,open-look,-79.270,625.081,101.773,0.000,72.265,230.502,-67.798,635.054,16.860,-84.010,641.643,16.860,0.0000,0.0000,-56.347,625.409,96.627,-98.489,636.100,96.627,0.4781,0.0000,0.0000,0,0.000,0.000,0.0000,0.0000,0,0,-98.489,636.100,96.627,0.000,0,-1.000000,1.000,28.924,-1.000000,0.0000,0.0000,0,0,0.000,1.000,19.607,-98.489,636.100,96.627,0,0,-1,99.635257
177,23.9458,open-look,-79.270,625.081,101.773,0.000,72.265,230.502,-67.798,635.054,16.860,-84.010,641.643,16.860,0.0000,0.0000,-56.337,625.454,96.634,-98.475,636.144,96.634,0.4781,0.0000,0.0000,0,0.000,0.000,0.0000,0.0000,0,0,-98.475,636.144,96.634,0.000,0,-1.000000,1.000,28.924,-1.000000,0.0000,0.0000,0,0,0.000,1.000,19.607,-98.475,636.144,96.634,0,0,-1,99.635257
178,24.0921,open-look,-79.270,625.081,101.773,0.000,72.265,230.502,-67.798,635.054,16.860,-84.010,641.643,16.860,0.0000,0.0000,-56.337,625.454,96.634,-98.475,636.144,96.634,0.4781,0.0000,0.0000,0,0.000,0.000,0.0000,0.0000,0,0,-98.475,636.144,96.634,0.000,0,-1.000000,1.000,28.924,-1.000000,0.0000,0.0000,0,0,0.000,1.000,19.607,-98.475,636.144,96.634,0,0,-1,99.635257
179,24.2369,open-look,-79.270,625.081,101.773,0.000,72.265,230.502,-67.798,635.054,16.860,-84.010,641.643,16.860,0.0000,0.0000,-56.323,625.524,96.645,-98.455,636.212,96.645,0.4781,0.0000,0.0000,0,0.000,0.000,0.0000,0.0000,0,0,-98.455,636.212,96.645,0.000,0,-1.000000,1.000,28.924,-1.000000,0.0000,0.0000,0,0,0.000,1.000,19.607,-98.455,636.212,96.645,0,0,-1,99.635257
180,24.3824,open-look,-79.270,625.081,101.773,0.000,72.265,230.502,-67.798,635.054,16.860,-84.010,641.643,16.860,0.0000,0.0000,-56.323,625.524,96.645,-98.455,636.212,96.645,0.4781,0.0000,0.0000,0,0.000,0.000,0.0000,0.0000,0,0,-98.455,636.212,96.645,0.000,0,-1.000000,1.000,28.924,-1.000000,0.0000,0.0000,0,0,0.000,1.000,19.607,-98.455,636.212,96.645,0,0,-1,99.635257
181,24.5278,open-look,-79.270,625.081,101.773,0.000,72.265,230.502,-67.798,635.054,16.860,-84.010,641.643,16.860,0.0000,0.0000,-56.341,625.439,96.635,-98.480,636.129,96.635,0.4781,0.0000,0.0000,0,0.000,0.000,0.0000,0.0000,0,0,-98.480,636.129,96.635,0.000,0,-1.000000,1.000,28.924,-1.000000,0.0000,0.0000,0,0,0.000,1.000,19.607,-98.480,636.129,96.635,0,0,-1,99.635257
182,24.6759,open-look,-79.270,625.081,101.773,0.000,72.265,230.502,-67.798,635.054,16.860,-84.010,641.643,16.860,0.0000,0.0000,-56.356,625.366,96.627,-98.501,636.058,96.627,0.4781,0.0000,0.0000,0,0.000,0.000,0.0000,0.0000,0,0,-98.501,636.058,96.627,0.000,0,-1.000000,1.000,28.924,-1.000000,0.0000,0.0000,0,0,0.000,1.000,19.607,-98.501,636.058,96.627,0,0,-1,99.635257
183,24.8232,open-look,-79.270,625.081,101.773,0.000,72.265,230.502,-67.798,635.054,16.860,-84.010,641.643,16.860,0.0000,0.0000,-56.375,625.277,96.608,-98.527,635.971,96.608,0.4781,0.0000,0.0000,0,0.000,0.000,0.0000,0.0000,0,0,-98.527,635.971,96.608,0.000,0,-1.000000,1.000,28.924,-1.000000,0.0000,0.0000,0,0,0.000,1.000,19.607,-98.527,635.971,96.608,0,0,-1,99.635257
184,24.9700,open-look,-79.270,625.081,101.773,0.000,72.265,230.502,-67.798,635.054,16.860,-84.010,641.643,16.860,0.0000,0.0000,-56.395,625.180,96.594,-98.556,635.877,96.594,0.4781,0.0000,0.0000,0,0.000,0.000,0.0000,0.0000,0,0,-98.556,635.877,96.594,0.000,0,-1.000000,1.000,28.924,-1.000000,0.0000,0.0000,0,0,0.000,1.000,19.607,-98.556,635.877,96.594,0,0,-1,99.635257
185,25.1171,open-look,-79.270,625.081,101.773,0.000,72.265,230.502,-67.798,635.054,16.860,-84.010,641.643,16.860,0.0000,0.0000,-56.416,625.079,96.579,-98.585,635.777,96.579,0.4781,0.0000,0.0000,0,0.000,0.000,0.0000,0.0000,0,0,-98.585,635.777,96.579,0.000,0,-1.000000,1.000,28.924,-1.000000,0.0000,0.0000,0,0,0.000,1.000,19.607,-98.585,635.777,96.579,0,0,-1,99.635257
186,25.2614,open-look,-79.270,625.081,101.773,0.000,72.265,230.502,-67.798,635.054,16.860,-84.010,641.643,16.860,0.0000,0.0000,-56.433,624.999,96.568,-98.609,635.698,96.568,0.4781,0.0000,0.0000,0,0.000,0.000,0.0000,0.0000,0,0,-98.609,635.698,96.568,0.000,0,-1.000000,1.000,28.924,-1.000000,0.0000,0.0000,0,0,0.000,1.000,19.607,-98.609,635.698,96.568,0,0,-1,99.635257
187,25.4073,open-look,-79.270,625.081,101.773,0.000,72.265,230.502,-67.798,635.054,16.860,-84.010,641.643,16.860,0.0000,0.0000,-56.438,624.977,96.558,-98.614,635.677,96.558,0.4781,0.0000,0.0000,0,0.000,0.000,0.0000,0.0000,0,0,-98.614,635.677,96.558,0.000,0,-1.000000,1.000,28.924,-1.000000,0.0000,0.0000,0,0,0.000,1.000,19.607,-98.614,635.677,96.558,0,0,-1,99.635257
188,25.5554,open-look,-79.270,625.081,101.773,0.000,72.265,230.502,-67.798,635.054,16.860,-84.010,641.643,16.860,0.0000,0.0000,-56.458,624.877,96.552,-98.644,635.579,96.552,0.4781,0.0000,0.0000,0,0.000,0.000,0.0000,0.0000,0,0,-98.644,635.579,96.552,0.000,0,-1.000000,1.000,28.924,-1.000000,0.0000,0.0000,0,0,0.000,1.000,19.607,-98.644,635.579,96.552,0,0,-1,99.635257
189,25.7068,open-look,-79.270,625.081,101.773,0.000,72.265,230.502,-67.798,635.054,16.860,-84.010,641.643,16.860,0.0000,0.0000,-56.458,624.877,96.552,-98.644,635.579,96.552,0.4781,0.0000,0.0000,0,0.000,0.000,0.0000,0.0000,0,0,-98.644,635.579,96.552,0.000,0,-1.000000,1.000,28.924,-1.000000,0.0000,0.0000,0,0,0.000,1.000,19.607,-98.644,635.579,96.552,0,0,-1,99.635257
190,25.8534,open-look,-79.270,625.081,101.773,0.000,72.265,230.502,-67.798,635.054,16.860,-84.010,641.643,16.860,0.0000,0.0000,-56.462,624.860,96.550,-98.649,635.562,96.550,0.4781,0.0000,0.0000,0,0.000,0.000,0.0000,0.0000,0,0,-98.649,635.562,96.550,0.000,0,-1.000000,1.000,28.924,-1.000000,0.0000,0.0000,0,0,0.000,1.000,19.607,-98.649,635.562,96.550,0,0,-1,99.635257
191,26.0023,open-look,-79.270,625.081,101.773,0.000,72.265,230.502,-67.798,635.054,16.860,-84.010,641.643,16.860,0.0000,0.0000,-56.462,624.860,96.550,-98.649,635.562,96.550,0.4781,0.0000,0.0000,0,0.000,0.000,0.0000,0.0000,0,0,-98.649,635.562,96.550,0.000,0,-1.000000,1.000,28.924,-1.000000,0.0000,0.0000,0,0,0.000,1.000,19.607,-98.649,635.562,96.550,0,0,-1,99.635257
192,26.1524,open-look,-79.270,625.081,101.773,0.000,72.265,230.502,-67.798,635.054,16.860,-84.010,641.643,16.860,0.0000,0.0000,-56.434,624.992,96.568,-98.611,635.693,96.568,0.4781,0.0000,0.0000,0,0.000,0.000,0.0000,0.0000,0,0,-98.611,635.693,96.568,0.000,0,-1.000000,1.000,28.924,-1.000000,0.0000,0.0000,0,0,0.000,1.000,19.607,-98.611,635.693,96.568,0,0,-1,99.635257
193,26.3012,open-look,-79.270,625.081,101.773,0.000,72.265,230.502,-67.798,635.054,16.860,-84.010,641.643,16.860,0.0000,0.0000,-56.414,625.086,96.580,-98.583,635.785,96.581,0.4781,0.0000,0.0000,0,0.000,0.000,0.0000,0.0000,0,0,-98.583,635.785,96.581,0.000,0,-1.000000,1.000,28.924,-1.000000,0.0000,0.0000,0,0,0.000,1.000,19.607,-98.583,635.785,96.581,0,0,-1,99.635257
194,26.4488,portrait-idle,-79.270,625.081,101.773,0.000,72.265,230.502,-67.798,635.054,16.860,-84.010,641.643,16.860,0.0000,0.0000,-56.394,625.183,96.594,-98.555,635.880,96.594,0.4781,0.0000,0.0000,0,0.000,0.000,0.0000,0.0000,0,0,-98.555,635.880,96.594,0.000,0,-1.000000,1.000,28.924,-1.000000,0.0000,0.0000,0,0,0.000,1.000,19.607,-98.555,635.880,96.594,0,0,-1,99.635257
195,26.5989,portrait-idle,-79.270,625.081,101.773,0.000,72.265,230.502,-67.798,635.054,16.860,-84.010,641.643,16.860,0.0000,0.0000,-56.372,625.290,96.610,-98.523,635.984,96.610,0.4781,0.0000,0.0000,0,0.000,0.000,0.0000,0.0000,0,0,-98.523,635.984,96.610,0.000,0,-1.000000,1.000,28.924,-1.000000,0.0000,0.0000,0,0,0.000,1.000,19.607,-98.523,635.984,96.610,0,0,-1,99.635257
196,26.7470,portrait-idle,-79.270,625.081,101.773,0.000,72.265,230.502,-67.798,635.054,16.860,-84.010,641.643,16.860,0.0000,0.0000,-56.354,625.377,96.623,-98.498,636.069,96.623,0.4781,0.0000,0.0000,0,0.000,0.000,0.0000,0.0000,0,0,-98.498,636.069,96.623,0.000,0,-1.000000,1.000,28.924,-1.000000,0.0000,0.0000,0,0,0.000,1.000,19.607,-98.498,636.069,96.623,0,0,-1,99.635257
197,26.8951,portrait-idle,-79.270,625.081,101.773,0.000,72.265,230.502,-67.798,635.054,16.860,-84.010,641.643,16.860,0.0000,0.0000,-56.337,625.454,96.634,-98.475,636.144,96.634,0.4781,0.0000,0.0000,0,0.000,0.000,0.0000,0.0000,0,0,-98.475,636.144,96.634,0.000,0,-1.000000,1.000,28.924,-1.000000,0.0000,0.0000,0,0,0.000,1.000,19.607,-98.475,636.144,96.634,0,0,-1,99.635257
198,27.0421,portrait-idle,-79.270,625.081,101.773,0.000,72.265,230.502,-67.798,635.054,16.860,-84.010,641.643,16.860,0.0000,0.0000,-56.337,625.454,96.634,-98.475,636.144,96.634,0.4781,0.0000,0.0000,0,0.000,0.000,0.0000,0.0000,0,0,-98.475,636.144,96.634,0.000,0,-1.000000,1.000,28.924,-1.000000,0.0000,0.0000,0,0,0.000,1.000,19.607,-98.475,636.144,96.634,0,0,-1,99.635257
199,27.1888,portrait-idle,-79.270,625.081,101.773,0.000,72.265,230.502,-67.798,635.054,16.860,-84.010,641.643,16.860,0.0000,0.0000,-56.323,625.524,96.645,-98.455,636.212,96.645,0.4781,0.0000,0.0000,0,0.000,0.000,0.0000,0.0000,0,0,-98.455,636.212,96.645,0.000,0,-1.000000,1.000,28.924,-1.000000,0.0000,0.0000,0,0,0.000,1.000,19.607,-98.455,636.212,96.645,0,0,-1,99.635257
200,27.3393,portrait-idle,-79.270,625.081,101.773,0.000,72.265,230.502,-67.798,635.054,16.860,-84.010,641.643,16.860,0.0000,0.0000,-56.323,625.524,96.645,-98.455,636.212,96.645,0.4781,0.0000,0.0000,0,0.000,0.000,0.0000,0.0000,0,0,-98.455,636.212,96.645,0.000,0,-1.000000,1.000,28.924,-1.000000,0.0000,0.0000,0,0,0.000,1.000,19.607,-98.455,636.212,96.645,0,0,-1,99.635257
201,27.4893,portrait-idle,-79.270,625.081,101.773,0.000,72.265,230.502,-67.798,635.054,16.860,-84.010,641.643,16.860,0.0000,0.0000,-56.337,625.459,96.637,-98.474,636.149,96.637,0.4781,0.0000,0.0000,0,0.000,0.000,0.0000,0.0000,0,0,-98.474,636.149,96.637,0.000,0,-1.000000,1.000,28.924,-1.000000,0.0000,0.0000,0,0,0.000,1.000,19.607,-98.474,636.149,96.637,0,0,-1,99.635257
202,27.6369,portrait-idle,-79.270,625.081,101.773,0.000,72.265,230.502,-67.798,635.054,16.860,-84.010,641.643,16.860,0.0000,0.0000,-56.353,625.382,96.630,-98.496,636.074,96.630,0.4781,0.0000,0.0000,0,0.000,0.000,0.0000,0.0000,0,0,-98.496,636.074,96.630,0.000,0,-1.000000,1.000,28.924,-1.000000,0.0000,0.0000,0,0,0.000,1.000,19.607,-98.496,636.074,96.630,0,0,-1,99.635257
203,27.7884,portrait-idle,-79.270,625.081,101.773,0.000,72.265,230.502,-67.798,635.054,16.860,-84.010,641.643,16.860,0.0000,0.0000,-56.369,625.301,96.611,-98.520,635.995,96.611,0.4781,0.0000,0.0000,0,0.000,0.000,0.0000,0.0000,0,0,-98.520,635.995,96.611,0.000,0,-1.000000,1.000,28.924,-1.000000,0.0000,0.0000,0,0,0.000,1.000,19.607,-98.520,635.995,96.611,0,0,-1,99.635257
204,27.9347,portrait-idle,-79.270,625.081,101.773,0.000,72.265,230.502,-67.798,635.054,16.860,-84.010,641.643,16.860,0.0000,0.0000,-56.391,625.199,96.596,-98.550,635.895,96.596,0.4781,0.0000,0.0000,0,0.000,0.000,0.0000,0.0000,0,0,-98.550,635.895,96.596,0.000,0,-1.000000,1.000,28.924,-1.000000,0.0000,0.0000,0,0,0.000,1.000,19.607,-98.550,635.895,96.596,0,0,-1,99.635257
205,28.0817,portrait-idle,-79.270,625.081,101.773,0.000,72.265,230.502,-67.798,635.054,16.860,-84.010,641.643,16.860,0.0000,0.0000,-56.411,625.103,96.583,-98.578,635.801,96.583,0.4781,0.0000,0.0000,0,0.000,0.000,0.0000,0.0000,0,0,-98.578,635.801,96.583,0.000,0,-1.000000,1.000,28.924,-1.000000,0.0000,0.0000,0,0,0.000,1.000,19.607,-98.578,635.801,96.583,0,0,-1,99.635257
206,28.2295,portrait-idle,-79.270,625.081,101.773,0.000,72.265,230.502,-67.798,635.054,16.860,-84.010,641.643,16.860,0.0000,0.0000,-56.431,625.004,96.569,-98.607,635.704,96.569,0.4781,0.0000,0.0000,0,0.000,0.000,0.0000,0.0000,0,0,-98.607,635.704,96.569,0.000,0,-1.000000,1.000,28.924,-1.000000,0.0000,0.0000,0,0,0.000,1.000,19.607,-98.607,635.704,96.569,0,0,-1,99.635257
207,28.3819,portrait-idle,-79.270,625.081,101.773,0.000,72.265,230.502,-67.798,635.054,16.860,-84.010,641.643,16.860,0.0000,0.0000,-56.437,624.981,96.560,-98.613,635.681,96.560,0.4781,0.0000,0.0000,0,0.000,0.000,0.0000,0.0000,0,0,-98.613,635.681,96.560,0.000,0,-1.000000,1.000,28.924,-1.000000,0.0000,0.0000,0,0,0.000,1.000,19.607,-98.613,635.681,96.560,0,0,-1,99.635257
208,28.5299,portrait-idle,-79.270,625.081,101.773,0.000,72.265,230.502,-67.798,635.054,16.860,-84.010,641.643,16.860,0.0000,0.0000,-56.458,624.877,96.552,-98.644,635.579,96.552,0.4781,0.0000,0.0000,0,0.000,0.000,0.0000,0.0000,0,0,-98.644,635.579,96.552,0.000,0,-1.000000,1.000,28.924,-1.000000,0.0000,0.0000,0,0,0.000,1.000,19.607,-98.644,635.579,96.552,0,0,-1,99.635257
209,28.6660,portrait-idle,-79.270,625.081,101.773,0.000,72.265,230.502,-67.798,635.054,16.860,-84.010,641.643,16.860,0.0000,0.0000,-56.458,624.877,96.552,-98.644,635.579,96.552,0.4781,0.0000,0.0000,0,0.000,0.000,0.0000,0.0000,0,0,-98.644,635.579,96.552,0.000,0,-1.000000,1.000,28.924,-1.000000,0.0000,0.0000,0,0,0.000,1.000,19.607,-98.644,635.579,96.552,0,0,-1,99.635257
210,28.8124,portrait-idle,-79.270,625.081,101.773,0.000,72.265,230.502,-67.798,635.054,16.860,-84.010,641.643,16.860,0.0000,0.0000,-56.462,624.860,96.550,-98.649,635.562,96.550,0.4781,0.0000,0.0000,0,0.000,0.000,0.0000,0.0000,0,0,-98.649,635.562,96.550,0.000,0,-1.000000,1.000,28.924,-1.000000,0.0000,0.0000,0,0,0.000,1.000,19.607,-98.649,635.562,96.550,0,0,-1,99.635257
211,28.9600,portrait-idle,-79.270,625.081,101.773,0.000,72.265,230.502,-67.798,635.054,16.860,-84.010,641.643,16.860,0.0000,0.0000,-56.462,624.860,96.550,-98.649,635.562,96.550,0.4781,0.0000,0.0000,0,0.000,0.000,0.0000,0.0000,0,0,-98.649,635.562,96.550,0.000,0,-1.000000,1.000,28.924,-1.000000,0.0000,0.0000,0,0,0.000,1.000,19.607,-98.649,635.562,96.550,0,0,-1,99.635257
212,29.1078,portrait-idle,-79.270,625.081,101.773,0.000,72.265,230.502,-67.798,635.054,16.860,-84.010,641.643,16.860,0.0000,0.0000,-56.440,624.964,96.564,-98.619,635.665,96.564,0.4781,0.0000,0.0000,0,0.000,0.000,0.0000,0.0000,0,0,-98.619,635.665,96.564,0.000,0,-1.000000,1.000,28.924,-1.000000,0.0000,0.0000,0,0,0.000,1.000,19.607,-98.619,635.665,96.564,0,0,-1,99.635257
213,29.2561,portrait-idle,-79.270,625.081,101.773,0.000,72.265,230.502,-67.798,635.054,16.860,-84.010,641.643,16.860,0.0000,0.0000,-56.420,625.058,96.577,-98.591,635.757,96.577,0.4781,0.0000,0.0000,0,0.000,0.000,0.0000,0.0000,0,0,-98.591,635.757,96.577,0.000,0,-1.000000,1.000,28.924,-1.000000,0.0000,0.0000,0,0,0.000,1.000,19.607,-98.591,635.757,96.577,0,0,-1,99.635257
214,29.4020,portrait-idle,-79.270,625.081,101.773,0.000,72.265,230.502,-67.798,635.054,16.860,-84.010,641.643,16.860,0.0000,0.0000,-56.401,625.150,96.590,-98.565,635.847,96.590,0.4781,0.0000,0.0000,0,0.000,0.000,0.0000,0.0000,0,0,-98.565,635.847,96.590,0.000,0,-1.000000,1.000,28.924,-1.000000,0.0000,0.0000,0,0,0.000,1.000,19.607,-98.565,635.847,96.590,0,0,-1,99.635257
215,29.5512,portrait-orbit,-79.270,625.081,101.773,0.000,72.265,230.502,-67.798,635.054,16.860,-84.010,641.643,16.860,0.0000,0.0000,-56.379,625.256,96.605,-98.533,635.951,96.605,0.4781,0.0000,0.0000,0,0.000,0.000,0.0000,0.0000,0,0,-98.533,635.951,96.605,0.000,0,-1.000000,1.000,28.924,-1.000000,0.0000,0.0000,0,0,0.000,1.000,19.607,-98.533,635.951,96.605,0,0,-1,99.635257
216,29.7018,portrait-orbit,-79.270,625.081,101.773,0.000,72.265,230.502,-67.798,635.054,16.860,-84.010,641.643,16.860,0.0000,0.0000,-56.359,625.350,96.619,-98.506,636.043,96.619,0.4781,0.0000,0.0000,0,0.000,0.000,0.0000,0.0000,0,0,-98.506,636.043,96.619,0.000,0,-1.000000,1.000,28.924,-1.000000,0.0000,0.0000,0,0,0.000,1.000,19.607,-98.506,636.043,96.619,0,0,-1,99.635257
217,29.8497,portrait-orbit,-79.270,625.081,101.773,0.000,72.265,230.502,-67.798,635.054,16.860,-84.010,641.643,16.860,0.0000,0.0000,-56.341,625.437,96.632,-98.480,636.128,96.632,0.4781,0.0000,0.0000,0,0.000,0.000,0.0000,0.0000,0,0,-98.480,636.128,96.632,0.000,0,-1.000000,1.000,28.924,-1.000000,0.0000,0.0000,0,0,0.000,1.000,19.607,-98.480,636.128,96.632,0,0,-1,99.635257
218,29.9939,portrait-orbit,-79.270,625.081,101.773,0.000,72.265,230.502,-67.798,635.054,16.860,-84.010,641.643,16.860,0.0000,0.0000,-56.337,625.454,96.634,-98.475,636.144,96.634,0.4781,0.0000,0.0000,0,0.000,0.000,0.0000,0.0000,0,0,-98.475,636.144,96.634,0.000,0,-1.000000,1.000,28.924,-1.000000,0.0000,0.0000,0,0,0.000,1.000,19.607,-98.475,636.144,96.634,0,0,-1,99.635257
219,30.1394,portrait-orbit,-79.270,625.081,101.773,0.000,72.265,230.502,-67.798,635.054,16.860,-84.010,641.643,16.860,0.0000,0.0000,-56.336,625.462,96.635,-98.473,636.151,96.635,0.4781,0.0000,0.0000,0,0.000,0.000,0.0000,0.0000,0,0,-98.473,636.151,96.635,0.000,0,-1.000000,1.000,28.924,-1.000000,0.0000,0.0000,0,0,0.000,1.000,19.607,-98.473,636.151,96.635,0,0,-1,99.635257
220,30.2845,portrait-orbit,-79.270,625.081,101.773,0.000,72.265,230.502,-67.798,635.054,16.860,-84.010,641.643,16.860,0.0000,0.0000,-56.323,625.524,96.645,-98.455,636.212,96.645,0.4781,0.0000,0.0000,0,0.000,0.000,0.0000,0.0000,0,0,-98.455,636.212,96.645,0.000,0,-1.000000,1.000,28.924,-1.000000,0.0000,0.0000,0,0,0.000,1.000,19.607,-98.455,636.212,96.645,0,0,-1,99.635257
221,30.4389,portrait-orbit,-79.270,625.081,101.773,0.000,72.265,230.502,-67.798,635.054,16.860,-84.010,641.643,16.860,0.0000,0.0000,-56.331,625.485,96.639,-98.466,636.175,96.639,0.4781,0.0000,0.0000,0,0.000,0.000,0.0000,0.0000,0,0,-98.466,636.175,96.639,0.000,0,-1.000000,1.000,28.924,-1.000000,0.0000,0.0000,0,0,0.000,1.000,19.607,-98.466,636.175,96.639,0,0,-1,99.635257
222,30.5881,portrait-orbit,-79.270,625.081,101.773,0.000,72.265,230.502,-67.798,635.054,16.860,-84.010,641.643,16.860,0.0000,0.0000,-56.348,625.407,96.632,-98.489,636.098,96.632,0.4781,0.0000,0.0000,0,0.000,0.000,0.0000,0.0000,0,0,-98.489,636.098,96.632,0.000,0,-1.000000,1.000,28.924,-1.000000,0.0000,0.0000,0,0,0.000,1.000,19.607,-98.489,636.098,96.632,0,0,-1,99.635257
223,30.7435,portrait-orbit,-79.270,625.081,101.773,0.000,72.265,230.502,-67.798,635.054,16.860,-84.010,641.643,16.860,0.0000,0.0000,-56.363,625.332,96.616,-98.511,636.025,96.616,0.4781,0.0000,0.0000,0,0.000,0.000,0.0000,0.0000,0,0,-98.511,636.025,96.616,0.000,0,-1.000000,1.000,28.924,-1.000000,0.0000,0.0000,0,0,0.000,1.000,19.607,-98.511,636.025,96.616,0,0,-1,99.635257
224,30.8906,portrait-orbit,-79.270,625.081,101.773,0.000,72.265,230.502,-67.798,635.054,16.860,-84.010,641.643,16.860,0.0000,0.0000,-56.384,625.230,96.601,-98.541,635.925,96.601,0.4781,0.0000,0.0000,0,0.000,0.000,0.0000,0.0000,0,0,-98.541,635.925,96.601,0.000,0,-1.000000,1.000,28.924,-1.000000,0.0000,0.0000,0,0,0.000,1.000,19.607,-98.541,635.925,96.601,0,0,-1,99.635257
225,31.0363,portrait-orbit,-79.270,625.081,101.773,0.000,72.265,230.502,-67.798,635.054,16.860,-84.010,641.643,16.860,0.0000,0.0000,-56.404,625.135,96.587,-98.569,635.832,96.587,0.4781,0.0000,0.0000,0,0.000,0.000,0.0000,0.0000,0,0,-98.569,635.832,96.587,0.000,0,-1.000000,1.000,28.924,-1.000000,0.0000,0.0000,0,0,0.000,1.000,19.607,-98.569,635.832,96.587,0,0,-1,99.635257
226,31.1821,portrait-orbit,-79.270,625.081,101.773,0.000,72.265,230.502,-67.798,635.054,16.860,-84.010,641.643,16.860,0.0000,0.0000,-56.425,625.034,96.573,-98.599,635.733,96.573,0.4781,0.0000,0.0000,0,0.000,0.000,0.0000,0.0000,0,0,-98.599,635.733,96.573,0.000,0,-1.000000,1.000,28.924,-1.000000,0.0000,0.0000,0,0,0.000,1.000,19.607,-98.599,635.733,96.573,0,0,-1,99.635257
227,31.3318,portrait-orbit,-79.270,625.081,101.773,0.000,72.265,230.502,-67.798,635.054,16.860,-84.010,641.643,16.860,0.0000,0.0000,-56.435,624.989,96.563,-98.611,635.688,96.563,0.4781,0.0000,0.0000,0,0.000,0.000,0.0000,0.0000,0,0,-98.611,635.688,96.563,0.000,0,-1.000000,1.000,28.924,-1.000000,0.0000,0.0000,0,0,0.000,1.000,19.607,-98.611,635.688,96.563,0,0,-1,99.635257
228,31.4654,portrait-orbit,-79.270,625.081,101.773,0.000,72.265,230.502,-67.798,635.054,16.860,-84.010,641.643,16.860,0.0000,0.0000,-56.440,624.969,96.555,-98.616,635.668,96.555,0.4781,0.0000,0.0000,0,0.000,0.000,0.0000,0.0000,0,0,-98.616,635.668,96.555,0.000,0,-1.000000,1.000,28.924,-1.000000,0.0000,0.0000,0,0,0.000,1.000,19.607,-98.616,635.668,96.555,0,0,-1,99.635257
229,31.6141,portrait-orbit,-79.270,625.081,101.773,0.000,72.265,230.502,-67.798,635.054,16.860,-84.010,641.643,16.860,0.0000,0.0000,-56.458,624.877,96.552,-98.644,635.579,96.552,0.4781,0.0000,0.0000,0,0.000,0.000,0.0000,0.0000,0,0,-98.644,635.579,96.552,0.000,0,-1.000000,1.000,28.924,-1.000000,0.0000,0.0000,0,0,0.000,1.000,19.607,-98.644,635.579,96.552,0,0,-1,99.635257
230,31.7610,portrait-orbit,-79.270,625.081,101.773,0.000,72.265,230.502,-67.798,635.054,16.860,-84.010,641.643,16.860,0.0000,0.0000,-56.458,624.877,96.552,-98.644,635.579,96.552,0.4781,0.0000,0.0000,0,0.000,0.000,0.0000,0.0000,0,0,-98.644,635.579,96.552,0.000,0,-1.000000,1.000,28.924,-1.000000,0.0000,0.0000,0,0,0.000,1.000,19.607,-98.644,635.579,96.552,0,0,-1,99.635257
231,31.9097,portrait-orbit,-79.270,625.081,101.773,0.000,72.265,230.502,-67.798,635.054,16.860,-84.010,641.643,16.860,0.0000,0.0000,-56.462,624.860,96.550,-98.649,635.562,96.550,0.4781,0.0000,0.0000,0,0.000,0.000,0.0000,0.0000,0,0,-98.649,635.562,96.550,0.000,0,-1.000000,1.000,28.924,-1.000000,0.0000,0.0000,0,0,0.000,1.000,19.607,-98.649,635.562,96.550,0,0,-1,99.635257
232,32.0559,portrait-orbit,-79.270,625.081,101.773,0.000,72.265,230.502,-67.798,635.054,16.860,-84.010,641.643,16.860,0.0000,0.0000,-56.462,624.860,96.550,-98.649,635.562,96.550,0.4781,0.0000,0.0000,0,0.000,0.000,0.0000,0.0000,0,0,-98.649,635.562,96.550,0.000,0,-1.000000,1.000,28.924,-1.000000,0.0000,0.0000,0,0,0.000,1.000,19.607,-98.649,635.562,96.550,0,0,-1,99.635257
233,32.2036,portrait-orbit,-79.270,625.081,101.773,0.000,72.265,230.502,-67.798,635.054,16.860,-84.010,641.643,16.860,0.0000,0.0000,-56.427,625.024,96.572,-98.601,635.724,96.572,0.4781,0.0000,0.0000,0,0.000,0.000,0.0000,0.0000,0,0,-98.601,635.724,96.572,0.000,0,-1.000000,1.000,28.924,-1.000000,0.0000,0.0000,0,0,0.000,1.000,19.607,-98.601,635.724,96.572,0,0,-1,99.635257
234,32.3487,portrait-orbit,-79.270,625.081,101.773,0.000,72.265,230.502,-67.798,635.054,16.860,-84.010,641.643,16.860,0.0000,0.0000,-56.409,625.114,96.584,-98.575,635.811,96.585,0.4781,0.0000,0.0000,0,0.000,0.000,0.0000,0.0000,0,0,-98.575,635.811,96.585,0.000,0,-1.000000,1.000,28.924,-1.000000,0.0000,0.0000,0,0,0.000,1.000,19.607,-98.575,635.811,96.585,0,0,-1,99.635257
235,32.4937,portrait-orbit,-79.270,625.081,101.773,0.000,72.265,230.502,-67.798,635.054,16.860,-84.010,641.643,16.860,0.0000,0.0000,-56.387,625.215,96.599,-98.545,635.911,96.599,0.4781,0.0000,0.0000,0,0.000,0.000,0.0000,0.0000,0,0,-98.545,635.911,96.599,0.000,0,-1.000000,1.000,28.924,-1.000000,0.0000,0.0000,0,0,0.000,1.000,19.607,-98.545,635.911,96.599,0,0,-1,99.635257
236,32.6407,portrait-orbit,-79.270,625.081,101.773,0.000,72.265,230.502,-67.798,635.054,16.860,-84.010,641.643,16.860,0.0000,0.0000,-56.367,625.314,96.613,-98.516,636.008,96.613,0.4781,0.0000,0.0000,0,0.000,0.000,0.0000,0.0000,0,0,-98.516,636.008,96.613,0.000,0,-1.000000,1.000,28.924,-1.000000,0.0000,0.0000,0,0,0.000,1.000,19.607,-98.516,636.008,96.613,0,0,-1,99.635257
237,32.7891,portrait-orbit,-79.270,625.081,101.773,0.000,72.265,230.502,-67.798,635.054,16.860,-84.010,641.643,16.860,0.0000,0.0000,-56.348,625.402,96.626,-98.491,636.093,96.626,0.4781,0.0000,0.0000,0,0.000,0.000,0.0000,0.0000,0,0,-98.491,636.093,96.626,0.000,0,-1.000000,1.000,28.924,-1.000000,0.0000,0.0000,0,0,0.000,1.000,19.607,-98.491,636.093,96.626,0,0,-1,99.635257
238,32.9353,portrait-orbit,-79.270,625.081,101.773,0.000,72.265,230.502,-67.798,635.054,16.860,-84.010,641.643,16.860,0.0000,0.0000,-56.337,625.454,96.634,-98.475,636.144,96.634,0.4781,0.0000,0.0000,0,0.000,0.000,0.0000,0.0000,0,0,-98.475,636.144,96.634,0.000,0,-1.000000,1.000,28.924,-1.000000,0.0000,0.0000,0,0,0.000,1.000,19.607,-98.475,636.144,96.634,0,0,-1,99.635257
239,33.0814,portrait-orbit,-79.270,625.081,101.773,0.000,72.265,230.502,-67.798,635.054,16.860,-84.010,641.643,16.860,0.0000,0.0000,-56.337,625.454,96.634,-98.475,636.144,96.634,0.4781,0.0000,0.0000,0,0.000,0.000,0.0000,0.0000,0,0,-98.475,636.144,96.634,0.000,0,-1.000000,1.000,28.924,-1.000000,0.0000,0.0000,0,0,0.000,1.000,19.607,-98.475,636.144,96.634,0,0,-1,99.635257
240,33.2244,portrait-orbit,-79.270,625.081,101.773,0.000,72.265,230.502,-67.798,635.054,16.860,-84.010,641.643,16.860,0.0000,0.0000,-56.323,625.524,96.645,-98.455,636.212,96.645,0.4781,0.0000,0.0000,0,0.000,0.000,0.0000,0.0000,0,0,-98.455,636.212,96.645,0.000,0,-1.000000,1.000,28.924,-1.000000,0.0000,0.0000,0,0,0.000,1.000,19.607,-98.455,636.212,96.645,0,0,-1,99.635257
241,33.3694,portrait-orbit,-79.270,625.081,101.773,0.000,72.265,230.502,-67.798,635.054,16.860,-84.010,641.643,16.860,0.0000,0.0000,-56.323,625.524,96.645,-98.455,636.212,96.645,0.4781,0.0000,0.0000,0,0.000,0.000,0.0000,0.0000,0,0,-98.455,636.212,96.645,0.000,0,-1.000000,1.000,28.924,-1.000000,0.0000,0.0000,0,0,0.000,1.000,19.607,-98.455,636.212,96.645,0,0,-1,99.635257
242,33.5157,portrait-orbit,-79.270,625.081,101.773,0.000,72.265,230.502,-67.798,635.054,16.860,-84.010,641.643,16.860,0.0000,0.0000,-56.340,625.445,96.636,-98.478,636.135,96.636,0.4781,0.0000,0.0000,0,0.000,0.000,0.0000,0.0000,0,0,-98.478,636.135,96.636,0.000,0,-1.000000,1.000,28.924,-1.000000,0.0000,0.0000,0,0,0.000,1.000,19.607,-98.478,636.135,96.636,0,0,-1,99.635257
243,33.6659,return-to-world,-79.270,625.081,101.773,0.000,72.265,230.502,-67.798,635.054,16.860,-84.010,641.643,16.860,0.0000,0.0000,-56.356,625.366,96.629,-98.501,636.059,96.629,0.4781,0.0000,0.0000,0,0.000,0.000,0.0000,0.0000,0,0,-98.501,636.059,96.629,0.000,0,-1.000000,1.000,28.924,-1.000000,0.0000,0.0000,0,0,0.000,1.000,19.607,-98.501,636.059,96.629,0,0,-1,99.635257
244,33.8081,return-to-world,-79.270,625.081,101.773,0.000,72.265,230.502,-67.798,635.054,16.860,-84.010,641.643,16.860,0.0000,0.0000,-56.372,625.287,96.609,-98.524,635.981,96.609,0.4781,0.0000,0.0000,0,0.000,0.000,0.0000,0.0000,0,0,-98.524,635.981,96.609,0.000,0,-1.000000,1.000,28.924,-1.000000,0.0000,0.0000,0,0,0.000,1.000,19.607,-98.524,635.981,96.609,0,0,-1,99.632978
245,33.9551,return-to-world,-79.270,625.081,101.773,0.000,72.265,230.502,-67.798,635.054,16.860,-84.010,641.643,16.860,0.0000,0.0000,-56.392,625.191,96.595,-98.553,635.887,96.595,0.4781,0.0000,0.0000,0,0.000,0.000,0.0000,0.0000,0,0,-98.553,635.887,96.595,0.000,0,-1.000000,1.000,28.924,-1.000000,0.0000,0.0000,0,0,0.000,1.000,19.607,-98.553,635.887,96.595,0,0,-1,99.630630
246,34.0968,return-to-world,-79.270,625.081,101.773,0.000,72.265,230.502,-67.798,635.054,16.860,-84.010,641.643,16.860,0.0000,0.0000,-56.413,625.092,96.581,-98.581,635.791,96.581,0.4781,0.0000,0.0000,0,0.000,0.000,0.0000,0.0000,0,0,-98.581,635.791,96.581,0.000,0,-1.000000,1.000,28.924,-1.000000,0.0000,0.0000,0,0,0.000,1.000,19.607,-98.581,635.791,96.581,0,0,-1,99.628358
247,34.2432,return-to-world,-79.270,625.081,101.773,0.000,72.265,230.502,-67.798,635.054,16.860,-84.010,641.643,16.860,0.0000,0.0000,-56.432,625.002,96.569,-98.608,635.701,96.569,0.4781,0.0000,0.0000,0,0.000,0.000,0.0000,0.0000,0,0,-98.608,635.701,96.569,0.000,0,-1.000000,1.000,28.924,-1.000000,0.0000,0.0000,0,0,0.000,1.000,19.607,-98.608,635.701,96.569,0,0,-1,99.626021
248,34.3853,return-to-world,-79.270,625.081,101.773,0.000,72.265,230.502,-67.798,635.054,16.860,-84.010,641.643,16.860,0.0000,0.0000,-56.437,624.981,96.560,-98.613,635.680,96.560,0.4781,0.0000,0.0000,0,0.000,0.000,0.0000,0.0000,0,0,-98.613,635.680,96.560,0.000,0,-1.000000,1.000,28.924,-1.000000,0.0000,0.0000,0,0,0.000,1.000,19.607,-98.613,635.680,96.560,0,0,-1,99.623742
249,34.5277,return-to-world,-79.270,625.081,101.773,0.000,72.265,230.502,-67.798,635.054,16.860,-84.010,641.643,16.860,0.0000,0.0000,-56.458,624.877,96.552,-98.644,635.579,96.552,0.4781,0.0000,0.0000,0,0.000,0.000,0.0000,0.0000,0,0,-98.644,635.579,96.552,0.000,0,-1.000000,1.000,28.924,-1.000000,0.0000,0.0000,0,0,0.000,1.000,19.607,-98.644,635.579,96.552,0,0,-1,99.621469
250,34.6670,walk-to-forage,-79.270,625.081,101.773,0.000,72.265,230.502,-67.798,635.054,16.860,-84.010,641.643,16.860,0.0000,0.0000,-56.458,624.877,96.552,-98.644,635.579,96.552,0.4781,0.0000,0.0000,0,-100.000,550.000,0.0000,0.0000,0,0,-98.644,635.579,96.552,0.000,0,-1.000000,1.000,28.924,-1.000000,0.0000,0.0000,0,0,0.000,1.000,19.607,-98.644,635.579,96.552,0,0,0,99.619235
251,34.8116,walk-to-forage,-80.814,623.208,101.694,25.240,115.534,236.235,-69.204,619.882,15.650,-105.653,649.633,15.644,0.7212,0.2103,-64.876,639.094,92.224,-102.432,617.121,92.140,0.5084,0.0000,0.0000,0,-100.000,550.000,0.0000,0.0000,0,0,-102.432,617.121,92.140,0.000,0,-1.000000,1.000,28.924,-1.000000,0.0000,0.0000,0,0,0.000,1.000,19.607,-102.432,617.121,92.140,0,0,0,99.616927
252,34.9535,walk-to-forage,-84.101,618.552,101.510,45.000,158.142,240.013,-68.258,622.596,17.894,-121.189,621.888,16.651,1.0000,0.3750,-87.381,642.174,91.452,-91.787,597.874,90.598,0.5617,0.0000,0.0000,0,-100.000,550.000,0.0000,0.0000,0,0,-91.787,597.874,90.598,0.000,0,-1.000000,1.000,28.924,-1.000000,0.0000,0.0000,0,0,0.000,1.000,19.607,-91.787,597.874,90.598,0,0,0,99.614655
253,35.0969,walk-to-forage,-87.458,613.045,101.306,45.000,-158.856,243.012,-83.525,624.161,20.242,-110.966,592.510,16.504,1.0000,0.3750,-108.724,625.983,92.800,-75.260,593.705,91.375,0.6155,0.0000,0.0000,0,-100.000,550.000,0.0000,0.0000,0,0,-75.260,593.705,91.375,0.000,0,-1.000000,1.000,28.924,-1.000000,0.0000,0.0000,0,0,0.000,1.000,19.607,-75.260,593.705,91.375,0,0,0,99.612361
254,35.2358,walk-to-forage,-90.410,607.524,101.112,45.000,-117.120,245.485,-97.955,611.503,22.423,-91.783,582.361,16.018,1.0000,0.3750,-115.552,600.712,93.811,-67.212,603.569,91.990,0.6676,0.0000,0.0000,0,-100.000,550.000,0.0000,0.0000,0,0,-67.212,603.569,91.990,0.000,0,-1.000000,1.000,28.924,-1.000000,0.0000,0.0000,0,0,0.000,1.000,19.607,-67.212,603.569,91.990,0,0,0,99.610135
255,35.3831,walk-to-forage,-93.251,601.547,100.907,45.000,-114.515,247.833,-104.512,596.382,24.286,-91.223,582.551,16.084,1.0000,0.3750,-118.464,592.416,94.851,-69.422,600.007,92.846,0.7228,0.0000,0.0000,0,-100.000,550.000,0.0000,0.0000,0,0,-69.422,600.007,92.846,0.000,0,-1.000000,1.000,28.924,-1.000000,0.0000,0.0000,0,0,0.000,1.000,19.607,-69.422,600.007,92.846,0,0,0,99.607782
256,35.5243,walk-to-forage,-95.740,595.691,100.714,45.000,-112.167,249.963,-109.774,581.153,24.118,-90.907,582.842,15.869,1.0000,0.3750,-120.561,585.522,94.663,-71.863,595.145,92.656,0.7758,0.0000,0.0000,0,-100.000,550.000,0.0000,0.0000,0,0,-71.863,595.145,92.656,0.000,0,-1.000000,1.000,28.924,-1.000000,0.0000,0.0000,0,0,0.000,1.000,19.607,-71.863,595.145,92.656,0,0,0,99.605520
257,35.6903,walk-to-forage,-98.383,588.715,100.490,45.000,-110.037,252.461,-114.842,563.489,21.583,-90.883,583.259,15.447,1.0000,0.3750,-122.537,579.095,93.108,-75.029,587.457,91.333,0.8380,0.0000,0.0000,0,-100.000,550.000,0.0000,0.0000,0,0,-75.029,587.457,91.333,0.000,0,-1.000000,1.000,28.924,-1.000000,0.0000,0.0000,0,0,0.000,1.000,19.607,-75.029,587.457,91.333,0,0,0,99.602867
258,35.8317,settle-forage,-98.383,588.715,100.490,0.000,-110.037,252.461,-111.796,574.106,16.248,-93.273,575.393,15.144,0.2922,0.0000,-121.790,586.302,94.458,-78.146,579.956,93.883,0.8380,0.0000,0.0000,0,-100.000,550.000,0.0000,0.0000,0,0,-78.146,579.956,93.883,0.000,0,-1.000000,1.000,28.924,-1.000000,0.0000,0.0000,0,0,0.000,1.000,19.607,-78.146,579.956,93.883,0,0,0,99.600602
259,35.9749,settle-forage,-98.383,588.715,100.490,0.000,-110.037,252.461,-110.246,579.211,15.578,-94.311,571.976,15.578,0.0000,0.0000,-121.312,589.263,95.351,-79.637,576.889,95.351,0.8380,0.0000,0.0000,0,-100.000,550.000,0.0000,0.0000,0,0,-79.637,576.889,95.351,0.000,0,-1.000000,1.000,28.924,-1.000000,0.0000,0.0000,0,0,0.000,1.000,19.607,-79.637,576.889,95.351,0,0,0,99.598314
260,36.1166,settle-forage,-98.383,588.715,100.490,0.000,-110.037,252.461,-110.246,579.211,15.578,-94.311,571.976,15.578,0.0000,0.0000,-121.312,589.263,95.351,-79.637,576.889,95.351,0.8380,0.0000,0.0000,0,-100.000,550.000,0.0000,0.0000,0,0,-79.637,576.889,95.351,0.000,0,-1.000000,1.000,28.924,-1.000000,0.0000,0.0000,0,0,0.000,1.000,19.607,-79.637,576.889,95.351,0,0,0,99.596041
261,36.2458,settle-forage,-98.383,588.715,100.490,0.000,-110.037,252.461,-110.246,579.211,15.578,-94.311,571.976,15.578,0.0000,0.0000,-121.329,589.194,95.362,-79.660,576.822,95.362,0.8380,0.0000,0.0000,0,-100.000,550.000,0.0000,0.0000,0,0,-79.660,576.822,95.362,0.000,0,-1.000000,1.000,28.924,-1.000000,0.0000,0.0000,0,0,0.000,1.000,19.607,-79.660,576.822,95.362,0,0,0,99.593979
262,36.3900,settle-forage,-98.383,588.715,100.490,0.000,-110.037,252.461,-110.246,579.211,15.578,-94.311,571.976,15.578,0.0000,0.0000,-121.329,589.194,95.362,-79.660,576.822,95.362,0.8380,0.0000,0.0000,0,-100.000,550.000,0.0000,0.0000,0,0,-79.660,576.822,95.362,0.000,0,-1.000000,1.000,28.924,-1.000000,0.0000,0.0000,0,0,0.000,1.000,19.607,-79.660,576.822,95.362,0,0,0,99.591667
263,36.5351,view-picking-side,-98.383,588.715,100.490,0.000,-110.037,252.461,-110.246,579.211,15.578,-94.311,571.976,15.578,0.0000,0.0000,-121.306,589.283,95.352,-79.631,576.908,95.352,0.8380,0.0000,0.0000,0,-100.000,550.000,0.0000,0.0000,0,0,-79.631,576.908,95.352,0.000,0,-1.000000,1.000,28.924,-1.000000,0.0000,0.0000,0,0,0.000,1.000,19.607,-79.631,576.908,95.352,0,0,0,99.589350
264,36.6640,view-picking-side,-98.383,588.715,100.490,0.000,-110.037,245.565,-110.246,579.211,15.578,-94.311,571.976,15.578,0.0000,0.0000,-121.289,589.349,95.346,-79.609,576.973,95.346,0.8380,0.0000,0.0000,0,-100.000,550.000,0.0000,0.0000,0,0,-79.609,576.973,95.346,0.000,0,-1.000000,1.000,28.924,-1.000000,0.0000,0.0000,0,0,0.000,1.000,19.607,-79.609,576.973,95.346,0,0,0,99.587285
265,36.8100,view-picking-side,-98.383,588.715,100.490,0.000,-110.037,237.774,-110.246,579.211,15.578,-94.311,571.976,15.578,0.0000,0.0000,-121.270,589.430,95.326,-79.581,577.051,95.326,0.8380,0.0000,0.0000,0,-100.000,550.000,0.0000,0.0000,0,0,-79.581,577.051,95.326,0.000,0,-1.000000,1.000,28.924,-1.000000,0.0000,0.0000,0,0,0.000,1.000,19.607,-79.581,577.051,95.326,0,0,0,99.584952
266,36.9538,view-picking-side,-98.383,588.715,100.490,0.000,-110.037,230.081,-110.246,579.211,15.578,-94.311,571.976,15.578,0.0000,0.0000,-121.246,589.523,95.313,-79.550,577.142,95.313,0.8380,0.0000,0.0000,0,-100.000,550.000,0.0000,0.0000,0,0,-79.550,577.142,95.313,0.000,0,-1.000000,1.000,28.924,-1.000000,0.0000,0.0000,0,0,0.000,1.000,19.607,-79.550,577.142,95.313,0,0,0,99.582649
267,37.0961,view-picking-side,-98.383,588.715,100.490,0.000,-110.037,222.483,-110.246,579.211,15.578,-94.311,571.976,15.578,0.0000,0.0000,-121.222,589.621,95.299,-79.517,577.238,95.299,0.8380,0.0000,0.0000,0,-100.000,550.000,0.0000,0.0000,0,0,-79.517,577.238,95.299,0.000,0,-1.000000,1.000,28.924,-1.000000,0.0000,0.0000,0,0,0.000,1.000,19.607,-79.517,577.238,95.299,0,0,0,99.580374
268,37.2396,view-picking-side,-98.383,588.715,100.490,0.000,-110.037,214.804,-110.246,579.211,15.578,-94.311,571.976,15.578,0.0000,0.0000,-121.199,589.711,95.286,-79.487,577.326,95.286,0.8380,0.0000,0.0000,0,-100.000,550.000,0.0000,0.0000,0,0,-79.487,577.326,95.286,0.000,0,-1.000000,1.000,28.924,-1.000000,0.0000,0.0000,0,0,0.000,1.000,19.607,-79.487,577.326,95.286,0,0,0,99.578075
269,37.3782,view-picking-side,-98.383,588.715,100.490,0.000,-110.037,207.409,-110.246,579.211,15.578,-94.311,571.976,15.578,0.0000,0.0000,-121.193,589.731,95.277,-79.481,577.346,95.277,0.8380,0.0000,0.0000,0,-100.000,550.000,0.0000,0.0000,0,0,-79.481,577.346,95.277,0.000,0,-1.000000,1.000,28.924,-1.000000,0.0000,0.0000,0,0,0.000,1.000,19.607,-79.481,577.346,95.277,0,0,0,99.575860
270,37.5159,view-picking-side,-98.383,588.715,100.490,0.000,-110.037,200.038,-110.246,579.211,15.578,-94.311,571.976,15.578,0.0000,0.0000,-121.173,589.810,95.269,-79.454,577.423,95.269,0.8380,0.0000,0.0000,0,-100.000,550.000,0.0000,0.0000,0,0,-79.454,577.423,95.269,0.000,0,-1.000000,1.000,28.924,-1.000000,0.0000,0.0000,0,0,0.000,1.000,19.607,-79.454,577.423,95.269,0,0,0,99.573653
271,37.6534,view-picking-side,-98.383,588.715,100.490,0.000,-110.037,192.705,-110.246,579.211,15.578,-94.311,571.976,15.578,0.0000,0.0000,-121.168,589.835,95.269,-79.446,577.447,95.269,0.8380,0.0000,0.0000,0,-100.000,550.000,0.0000,0.0000,0,0,-79.446,577.447,95.269,0.000,0,-1.000000,1.000,28.924,-1.000000,0.0000,0.0000,0,0,0.000,1.000,19.607,-79.446,577.447,95.269,0,0,0,99.571458
272,37.7928,before-pick,-98.383,588.715,100.490,0.000,-110.037,185.239,-110.246,579.211,15.578,-94.311,571.976,15.578,0.0000,0.0000,-121.166,589.841,95.268,-79.444,577.453,95.268,0.8380,0.0000,0.0000,0,-100.000,550.000,0.0000,0.0000,0,0,-79.444,577.453,95.268,0.000,0,-1.000000,1.000,28.924,-1.000000,0.0000,0.0000,0,0,0.000,1.000,19.607,-79.444,577.453,95.268,0,0,0,99.569222
273,37.9325,before-pick,-98.383,588.715,100.490,0.000,-110.037,185.239,-110.246,579.211,15.578,-94.311,571.976,15.578,0.0000,0.0000,-121.163,589.852,95.267,-79.440,577.464,95.267,0.8380,0.0000,0.0000,0,-100.000,550.000,0.0000,0.0000,0,0,-79.440,577.464,95.267,0.000,0,-1.000000,1.000,28.924,-1.000000,0.0000,0.0000,0,0,0.000,1.000,19.607,-79.440,577.464,95.267,0,0,0,99.566992
274,38.0709,before-pick,-98.383,588.715,100.490,0.000,-110.037,185.239,-110.246,579.211,15.578,-94.311,571.976,15.578,0.0000,0.0000,-121.163,589.852,95.267,-79.440,577.464,95.267,0.8380,0.0000,0.0000,0,-100.000,550.000,0.0000,0.0000,0,0,-79.440,577.464,95.267,0.000,0,-1.000000,1.000,28.924,-1.000000,0.0000,0.0000,0,0,0.000,1.000,19.607,-79.440,577.464,95.267,0,0,0,99.564774
275,38.2099,before-pick,-98.383,588.715,100.490,0.000,-110.037,185.239,-110.246,579.211,15.578,-94.311,571.976,15.578,0.0000,0.0000,-121.205,589.685,95.290,-79.496,577.300,95.290,0.8380,0.0000,0.0000,0,-100.000,550.000,0.0000,0.0000,0,0,-79.496,577.300,95.290,0.000,0,-1.000000,1.000,28.924,-1.000000,0.0000,0.0000,0,0,0.000,1.000,19.607,-79.496,577.300,95.290,0,0,0,99.562552
276,38.3483,before-pick,-98.383,588.715,100.490,0.000,-110.037,185.239,-110.246,579.211,15.578,-94.311,571.976,15.578,0.0000,0.0000,-121.227,589.601,95.302,-79.524,577.218,95.302,0.8380,0.0000,0.0000,0,-100.000,550.000,0.0000,0.0000,0,0,-79.524,577.218,95.302,0.000,0,-1.000000,1.000,28.924,-1.000000,0.0000,0.0000,0,0,0.000,1.000,19.607,-79.524,577.218,95.302,0,0,0,99.560335
277,38.4857,before-pick,-98.383,588.715,100.490,0.000,-110.037,185.239,-110.246,579.211,15.578,-94.311,571.976,15.578,0.0000,0.0000,-121.251,589.506,95.315,-79.556,577.125,95.315,0.8380,0.0000,0.0000,0,-100.000,550.000,0.0000,0.0000,0,0,-79.556,577.125,95.315,0.000,0,-1.000000,1.000,28.924,-1.000000,0.0000,0.0000,0,0,0.000,1.000,19.607,-79.556,577.125,95.315,0,0,0,99.558140
278,38.6224,gather,-98.383,588.715,100.490,0.000,-110.037,185.239,-110.246,579.211,15.578,-94.311,571.976,15.578,0.0000,0.0000,-121.274,589.413,95.329,-79.587,577.035,95.329,0.8380,0.0000,0.0000,0,-100.000,550.000,0.0000,0.0000,0,0,-79.587,577.035,95.329,0.000,0,-1.000000,1.000,28.924,-1.000000,0.0000,0.0000,0,0,0.000,1.000,19.607,-79.587,577.035,95.329,0,0,0,99.555950
279,38.7599,gather,-98.383,588.715,100.490,0.000,-110.037,185.239,-110.237,579.243,15.473,-94.306,572.017,15.472,0.0000,0.0000,-120.762,591.156,92.663,-79.535,577.847,92.702,0.8380,1.0000,0.1373,1,-100.000,550.000,0.0000,0.0000,0,0,-79.535,577.847,92.702,0.000,0,-1.000000,1.000,28.924,-1.000000,0.0000,0.0000,0,0,0.000,1.000,19.607,-79.535,577.847,92.702,0,0,0,99.553753
280,38.8946,gather,-98.383,588.715,100.490,0.000,-110.037,185.239,-110.228,579.240,15.510,-94.297,572.057,15.487,0.0000,0.0000,-119.791,594.425,87.765,-82.556,572.326,88.861,0.8380,1.0000,0.2723,1,-100.000,550.000,0.0000,0.0000,0,0,-82.556,572.326,88.861,0.000,0,-1.000000,1.000,28.924,-1.000000,0.0000,0.0000,0,0,0.000,1.000,19.607,-82.556,572.326,88.861,0,0,0,99.551594
281,39.0372,gather,-98.383,588.715,100.490,0.000,-110.037,185.239,-110.255,579.165,15.688,-94.317,571.918,15.700,0.0000,0.0000,-118.880,597.493,83.713,-89.955,557.350,92.729,0.8380,1.0000,0.4143,1,-100.000,550.000,0.0000,0.0000,0,0,-89.955,557.350,92.729,0.000,0,-1.000000,1.000,28.924,-1.000000,0.0000,0.0000,0,0,0.000,1.000,19.607,-89.955,557.350,92.729,0,0,0,99.549321
282,39.1773,gather,-98.383,588.715,100.490,0.000,-110.037,185.239,-110.263,579.191,15.596,-94.318,571.911,15.605,0.0000,0.0000,-118.674,598.185,82.709,-91.984,554.094,95.985,0.8380,1.0000,0.5549,1,-100.000,550.000,0.0000,0.0000,0,0,-91.984,554.094,95.985,0.000,0,-1.000000,1.000,28.924,-1.000000,0.0000,0.0000,0,0,0.000,1.000,19.607,-91.984,554.094,95.985,0,0,0,99.547072
283,39.3193,gather,-98.383,588.715,100.490,0.000,-110.037,185.239,-110.299,579.091,15.616,-94.315,571.910,15.605,0.0000,0.0000,-118.674,598.185,82.709,-91.188,556.824,97.983,0.8380,1.0000,0.6966,1,-100.000,550.000,0.0000,0.0000,0,0,-91.188,556.824,97.983,0.000,0,-1.000000,1.000,28.924,-1.000000,0.0000,0.0000,0,0,0.000,1.000,19.607,-91.188,556.824,97.983,0,0,0,99.544804
284,39.4620,gather,-98.383,588.715,100.490,0.000,-110.037,185.239,-110.299,579.091,15.616,-94.315,571.910,15.605,0.0000,0.0000,-118.674,598.185,82.709,-91.597,555.393,96.941,0.8380,1.0000,0.8395,1,-100.000,550.000,0.0000,0.0000,0,0,-91.597,555.393,96.941,0.000,0,-1.000000,1.000,28.924,-1.000000,0.0000,0.0000,0,0,0.000,1.000,19.607,-91.597,555.393,96.941,0,0,0,99.542518
285,39.6059,gather,-98.383,588.715,100.490,0.000,-110.037,185.239,-110.240,579.239,15.593,-94.313,571.945,15.589,0.0000,0.0000,-118.893,597.449,83.687,-89.795,557.634,92.455,0.8380,1.0000,0.9831,1,-100.000,550.000,0.0000,0.0000,0,0,-89.795,557.634,92.455,0.000,0,-1.000000,1.000,28.924,-1.000000,0.0000,0.0000,0,0,0.000,1.000,19.607,-89.795,557.634,92.455,0,0,0,99.540221
286,39.7439,gather,-98.383,588.715,100.490,0.000,-110.037,185.239,-110.201,579.274,15.403,-94.305,571.957,15.400,0.0000,0.0000,-119.427,595.652,86.005,-84.823,567.589,88.721,0.8380,1.0000,1.1214,1,-100.000,550.000,0.0000,0.0000,0,0,-84.823,567.589,88.721,0.000,0,-1.000000,1.000,28.924,-1.000000,0.0000,0.0000,0,0,0.000,1.000,19.607,-84.823,567.589,88.721,0,0,0,99.538008
287,39.8861,gather,-98.383,588.715,100.490,0.000,-110.037,185.239,-110.235,579.220,15.630,-94.304,571.994,15.632,0.0000,0.0000,-120.167,593.159,89.716,-80.893,575.675,90.084,0.8380,1.0000,1.2635,1,-100.000,550.000,0.0000,0.0000,0,0,-80.893,575.675,90.084,0.000,0,-1.000000,1.000,28.924,-1.000000,0.0000,0.0000,0,0,0.000,1.000,19.607,-80.893,575.675,90.084,0,0,0,99.535734
288,40.0267,gather,-98.383,588.715,100.490,0.000,-110.037,185.239,-110.245,579.190,15.550,-94.330,572.001,15.550,0.0000,0.0000,-120.814,590.981,92.970,-79.493,577.833,93.000,0.8380,1.0000,1.4044,1,-100.000,550.000,0.0000,0.0000,0,0,-79.493,577.833,93.000,0.000,0,-1.000000,1.000,28.924,-1.000000,0.0000,0.0000,0,0,0.000,1.000,19.607,-79.493,577.833,93.000,0,0,0,99.533480
289,40.1643,gather,-98.383,588.715,100.490,0.000,-110.037,185.239,-110.252,579.198,15.615,-94.315,571.962,15.619,0.0000,0.0000,-121.210,589.663,95.297,-79.503,577.278,95.297,0.8380,0.1416,1.5417,1,-100.000,550.000,0.0000,0.0000,0,0,-79.503,577.278,95.297,0.000,0,-1.000000,1.000,28.924,-1.000000,0.0000,0.0000,0,0,0.000,1.000,19.607,-79.503,577.278,95.297,0,0,0,99.531283
290,40.3038,gather,-98.383,588.715,100.490,0.000,-110.037,185.239,-110.246,579.211,15.578,-94.311,571.976,15.578,0.0000,0.0000,-121.196,589.721,95.282,-79.484,577.336,95.282,0.8380,0.0000,1.6000,1,-100.000,550.000,0.0000,0.0000,0,0,-79.484,577.336,95.282,0.000,0,-1.000000,1.000,28.924,-1.000000,0.0000,0.0000,0,0,0.000,1.000,19.607,-79.484,577.336,95.282,0,0,0,99.529046
291,40.4423,gather,-98.383,588.715,100.490,0.000,-110.037,185.239,-110.246,579.211,15.578,-94.311,571.976,15.578,0.0000,0.0000,-121.190,589.741,95.273,-79.478,577.356,95.273,0.8380,0.0000,1.6000,1,-100.000,550.000,0.0000,0.0000,0,0,-79.478,577.356,95.273,0.000,0,-1.000000,1.000,28.924,-1.000000,0.0000,0.0000,0,0,0.000,1.000,19.607,-79.478,577.356,95.273,0,0,0,99.526834
292,40.5807,gather,-98.383,588.715,100.490,0.000,-110.037,185.239,-110.246,579.211,15.578,-94.311,571.976,15.578,0.0000,0.0000,-121.168,589.835,95.269,-79.446,577.447,95.269,0.8380,0.0000,1.6000,1,-100.000,550.000,0.0000,0.0000,0,0,-79.446,577.447,95.269,0.000,0,-1.000000,1.000,28.924,-1.000000,0.0000,0.0000,0,0,0.000,1.000,19.607,-79.446,577.447,95.269,0,0,0,99.524618
293,40.7256,gather,-98.383,588.715,100.490,0.000,-110.037,185.239,-110.246,579.211,15.578,-94.311,571.976,15.578,0.0000,0.0000,-121.168,589.835,95.269,-79.446,577.447,95.269,0.8380,0.0000,1.6000,1,-100.000,550.000,0.0000,0.0000,0,0,-79.446,577.447,95.269,0.000,0,-1.000000,1.000,28.924,-1.000000,0.0000,0.0000,0,0,0.000,1.000,19.607,-79.446,577.447,95.269,0,0,0,99.522303
294,41.3419,gather,-98.383,588.715,100.490,0.000,-110.037,185.239,-110.246,579.211,15.578,-94.311,571.976,15.578,0.0000,0.0000,-121.192,589.738,95.282,-79.478,577.352,95.282,0.8380,0.0000,1.6000,1,-100.000,550.000,0.0000,0.0000,0,0,-79.478,577.352,95.282,0.000,0,-1.000000,1.000,28.924,-1.000000,0.0000,0.0000,0,0,0.000,1.000,19.607,-79.478,577.352,95.282,0,0,0,99.515903
295,41.5090,gather,-98.383,588.715,100.490,0.000,-110.037,185.239,-110.246,579.211,15.578,-94.311,571.976,15.578,0.0000,0.0000,-121.219,589.633,95.297,-79.513,577.249,95.297,0.8380,0.0000,1.6000,1,-100.000,550.000,0.0000,0.0000,0,0,-79.513,577.249,95.297,0.000,0,-1.000000,1.000,28.924,-1.000000,0.0000,0.0000,0,0,0.000,1.000,19.607,-79.513,577.249,95.297,0,0,0,99.513222
296,41.6627,after-gather,-98.383,588.715,100.490,0.000,-110.037,185.239,-110.246,579.211,15.578,-94.311,571.976,15.578,0.0000,0.0000,-121.244,589.534,95.311,-79.546,577.152,95.311,0.8380,0.0000,1.6000,1,-100.000,550.000,0.0000,0.0000,0,0,-79.546,577.152,95.311,0.000,0,-1.000000,1.000,28.924,-1.000000,0.0000,0.0000,0,0,0.000,1.000,19.607,-79.546,577.152,95.311,0,0,0,99.510774
297,41.8020,after-gather,-98.383,588.715,100.490,0.000,-110.037,185.239,-110.246,579.211,15.578,-94.311,571.976,15.578,0.0000,0.0000,-121.268,589.435,95.326,-79.580,577.056,95.326,0.8380,0.0000,1.6000,1,-100.000,550.000,0.0000,0.0000,0,0,-79.580,577.056,95.326,0.000,0,-1.000000,1.000,28.924,-1.000000,0.0000,0.0000,0,0,0.000,1.000,19.607,-79.580,577.056,95.326,0,0,0,99.508536
298,41.9396,after-gather,-98.383,588.715,100.490,0.000,-110.037,185.239,-110.246,579.211,15.578,-94.311,571.976,15.578,0.0000,0.0000,-121.289,589.354,95.338,-79.607,576.977,95.338,0.8380,0.0000,1.6000,1,-100.000,550.000,0.0000,0.0000,0,0,-79.607,576.977,95.338,0.000,0,-1.000000,1.000,28.924,-1.000000,0.0000,0.0000,0,0,0.000,1.000,19.607,-79.607,576.977,95.338,0,0,0,99.506340
299,42.0704,after-gather,-98.383,588.715,100.490,0.000,-110.037,185.239,-110.246,579.211,15.578,-94.311,571.976,15.578,0.0000,0.0000,-121.308,589.277,95.349,-79.632,576.902,95.349,0.8380,0.0000,1.6000,1,-100.000,550.000,0.0000,0.0000,0,0,-79.632,576.902,95.349,0.000,0,-1.000000,1.000,28.924,-1.000000,0.0000,0.0000,0,0,0.000,1.000,19.607,-79.632,576.902,95.349,0,0,0,99.504239
300,42.2005,after-gather,-98.383,588.715,100.490,0.000,-110.037,185.239,-110.246,579.211,15.578,-94.311,571.976,15.578,0.0000,0.0000,-121.312,589.263,95.351,-79.637,576.889,95.351,0.8380,0.0000,1.6000,1,-100.000,550.000,0.0000,0.0000,0,0,-79.637,576.889,95.351,0.000,0,-1.000000,1.000,28.924,-1.000000,0.0000,0.0000,0,0,0.000,1.000,19.607,-79.637,576.889,95.351,0,0,0,99.502168
301,42.3335,after-gather,-98.383,588.715,100.490,0.000,-110.037,185.239,-110.246,579.211,15.578,-94.311,571.976,15.578,0.0000,0.0000,-121.312,589.263,95.351,-79.637,576.889,95.351,0.8380,0.0000,1.6000,1,-100.000,550.000,0.0000,0.0000,0,0,-79.637,576.889,95.351,0.000,0,-1.000000,1.000,28.924,-1.000000,0.0000,0.0000,0,0,0.000,1.000,19.607,-79.637,576.889,95.351,0,0,0,99.500031
302,42.4615,after-gather,-98.383,588.715,100.490,0.000,-110.037,185.239,-110.246,579.211,15.578,-94.311,571.976,15.578,0.0000,0.0000,-121.329,589.194,95.362,-79.660,576.822,95.362,0.8380,0.0000,1.6000,1,-100.000,550.000,0.0000,0.0000,0,0,-79.660,576.822,95.362,0.000,0,-1.000000,1.000,28.924,-1.000000,0.0000,0.0000,0,0,0.000,1.000,19.607,-79.660,576.822,95.362,0,0,0,99.497993
303,42.5905,after-gather,-98.383,588.715,100.490,0.000,-110.037,185.239,-110.246,579.211,15.578,-94.311,571.976,15.578,0.0000,0.0000,-121.329,589.194,95.362,-79.660,576.822,95.362,0.8380,0.0000,1.6000,1,-100.000,550.000,0.0000,0.0000,0,0,-79.660,576.822,95.362,0.000,0,-1.000000,1.000,28.924,-1.000000,0.0000,0.0000,0,0,0.000,1.000,19.607,-79.660,576.822,95.362,0,0,0,99.495920
304,42.7257,after-gather,-98.383,588.715,100.490,0.000,-110.037,185.239,-110.246,579.211,15.578,-94.311,571.976,15.578,0.0000,0.0000,-121.310,589.269,95.353,-79.635,576.895,95.353,0.8380,0.0000,1.6000,1,-100.000,550.000,0.0000,0.0000,0,0,-79.635,576.895,95.353,0.000,0,-1.000000,1.000,28.924,-1.000000,0.0000,0.0000,0,0,0.000,1.000,19.607,-79.635,576.895,95.353,0,0,0,99.493761
305,42.8638,after-gather,-98.383,588.715,100.490,0.000,-110.037,185.239,-110.246,579.211,15.578,-94.311,571.976,15.578,0.0000,0.0000,-121.292,589.341,95.347,-79.611,576.964,95.347,0.8380,0.0000,1.6000,1,-100.000,550.000,0.0000,0.0000,0,0,-79.611,576.964,95.347,0.000,0,-1.000000,1.000,28.924,-1.000000,0.0000,0.0000,0,0,0.000,1.000,19.607,-79.611,576.964,95.347,0,0,0,99.491549
306,42.9905,after-gather,-98.383,588.715,100.490,0.000,-110.037,185.239,-110.246,579.211,15.578,-94.311,571.976,15.578,0.0000,0.0000,-121.276,589.405,95.330,-79.589,577.027,95.330,0.8380,0.0000,1.6000,1,-100.000,550.000,0.0000,0.0000,0,0,-79.589,577.027,95.330,0.000,0,-1.000000,1.000,28.924,-1.000000,0.0000,0.0000,0,0,0.000,1.000,19.607,-79.589,577.027,95.330,0,0,0,99.489524
307,43.1305,after-gather,-98.383,588.715,100.490,0.000,-110.037,185.239,-110.246,579.211,15.578,-94.311,571.976,15.578,0.0000,0.0000,-121.251,589.502,95.316,-79.557,577.122,95.316,0.8380,0.0000,1.6000,1,-100.000,550.000,0.0000,0.0000,0,0,-79.557,577.122,95.316,0.000,0,-1.000000,1.000,28.924,-1.000000,0.0000,0.0000,0,0,0.000,1.000,19.607,-79.557,577.122,95.316,0,0,0,99.487279
308,43.2571,after-gather,-98.383,588.715,100.490,0.000,-110.037,185.239,-110.246,579.211,15.578,-94.311,571.976,15.578,0.0000,0.0000,-121.231,589.583,95.304,-79.530,577.200,95.304,0.8380,0.0000,1.6000,1,-100.000,550.000,0.0000,0.0000,0,0,-79.530,577.200,95.304,0.000,0,-1.000000,1.000,28.924,-1.000000,0.0000,0.0000,0,0,0.000,1.000,19.607,-79.530,577.200,95.304,0,0,0,99.485261
309,43.3960,after-gather,-98.383,588.715,100.490,0.000,-110.037,185.239,-110.246,579.211,15.578,-94.311,571.976,15.578,0.0000,0.0000,-121.207,589.679,95.291,-79.498,577.294,95.291,0.8380,0.0000,1.6000,1,-100.000,550.000,0.0000,0.0000,0,0,-79.498,577.294,95.291,0.000,0,-1.000000,1.000,28.924,-1.000000,0.0000,0.0000,0,0,0.000,1.000,19.607,-79.498,577.294,95.291,0,0,0,99.483032
310,43.6484,walk-to-authored-tree,-98.383,588.715,100.490,0.000,-110.037,192.166,-110.246,579.211,15.578,-94.311,571.976,15.578,0.0000,0.0000,-121.191,589.739,95.274,-79.478,577.354,95.274,0.8380,0.0000,1.6000,1,-100.000,550.000,0.0000,0.0000,0,0,-79.478,577.354,95.274,0.000,0,-1.000000,1.000,28.924,-1.000000,0.0000,0.0000,0,0,0.000,1.000,19.607,-79.478,577.354,95.274,0,0,0,99.478992
311,43.7818,walk-to-authored-tree,-98.383,588.715,100.490,0.000,-110.037,200.084,-110.246,579.211,15.578,-94.311,571.976,15.578,0.0000,0.0000,-121.168,589.835,95.269,-79.446,577.447,95.269,0.8380,0.0000,1.6000,1,-100.000,550.000,0.0000,0.0000,0,0,-79.446,577.447,95.269,0.000,0,-1.000000,1.000,28.924,-1.000000,0.0000,0.0000,0,0,0.000,1.000,19.607,-79.446,577.447,95.269,0,0,0,99.476858
312,43.9143,walk-to-authored-tree,-98.383,588.715,100.490,0.000,-110.037,207.961,-110.246,579.211,15.578,-94.311,571.976,15.578,0.0000,0.0000,-121.168,589.835,95.269,-79.446,577.447,95.269,0.8380,0.0000,1.6000,1,-100.000,550.000,0.0000,0.0000,0,0,-79.446,577.447,95.269,0.000,0,-1.000000,1.000,28.924,-1.000000,0.0000,0.0000,0,0,0.000,1.000,19.607,-79.446,577.447,95.269,0,0,0,99.474735
313,44.0537,walk-to-authored-tree,-98.383,588.715,100.490,0.000,-110.037,216.235,-110.246,579.211,15.578,-94.311,571.976,15.578,0.0000,0.0000,-121.163,589.852,95.267,-79.440,577.464,95.267,0.8380,0.0000,1.6000,1,-100.000,550.000,0.0000,0.0000,0,0,-79.440,577.464,95.267,0.000,0,-1.000000,1.000,28.924,-1.000000,0.0000,0.0000,0,0,0.000,1.000,19.607,-79.440,577.464,95.267,0,0,0,99.472506
314,44.1929,walk-to-authored-tree,-98.383,588.715,100.490,0.000,-110.037,224.493,-110.246,579.211,15.578,-94.311,571.976,15.578,0.0000,0.0000,-121.163,589.852,95.267,-79.440,577.464,95.267,0.8380,0.0000,1.6000,1,-100.000,550.000,0.0000,0.0000,0,0,-79.440,577.464,95.267,0.000,0,-1.000000,1.000,28.924,-1.000000,0.0000,0.0000,0,0,0.000,1.000,19.607,-79.440,577.464,95.267,0,0,0,99.470280
315,44.3324,walk-to-authored-tree,-98.383,588.715,100.490,0.000,-110.037,232.777,-110.246,579.211,15.578,-94.311,571.976,15.578,0.0000,0.0000,-121.191,589.744,95.282,-79.476,577.357,95.282,0.8380,0.0000,1.6000,1,-100.000,550.000,0.0000,0.0000,0,0,-79.476,577.357,95.282,0.000,0,-1.000000,1.000,28.924,-1.000000,0.0000,0.0000,0,0,0.000,1.000,19.607,-79.476,577.357,95.282,0,0,0,99.468048
316,44.4699,walk-to-authored-tree,-98.383,588.715,100.490,0.000,-110.037,240.689,-110.246,579.211,15.578,-94.311,571.976,15.578,0.0000,0.0000,-121.212,589.657,95.294,-79.505,577.273,95.294,0.8380,0.0000,1.6000,1,-100.000,550.000,0.0000,0.0000,0,0,-79.505,577.273,95.294,0.000,0,-1.000000,1.000,28.924,-1.000000,0.0000,0.0000,0,0,0.000,1.000,19.607,-79.505,577.273,95.294,0,0,0,99.465848
317,44.6019,walk-to-authored-tree,-100.860,584.302,100.327,57.558,-119.311,246.242,-121.490,561.489,16.094,-93.792,578.791,14.651,0.6578,0.4797,-124.630,584.139,92.406,-81.147,574.067,91.574,0.9011,0.0000,1.6000,1,-100.000,550.000,0.0000,0.0000,0,0,-81.147,574.067,91.574,0.000,0,-1.000000,1.000,28.924,-1.000000,0.0000,0.0000,0,0,0.000,1.000,19.607,-81.147,574.067,91.574,0,0,0,99.463743
318,44.7322,walk-to-authored-tree,-106.152,573.072,99.938,112.500,-113.758,249.869,-128.419,537.758,14.948,-92.509,584.973,15.166,1.0000,0.9375,-128.024,577.121,88.629,-88.564,558.436,88.965,0.0236,0.0000,1.6000,1,-100.000,550.000,0.0000,0.0000,0,0,-88.564,558.436,88.965,0.000,0,-1.000000,1.000,28.924,-1.000000,0.0000,0.0000,0,0,0.000,1.000,19.607,-88.564,558.436,88.965,0,0,0,99.461652
319,44.8733,walk-to-authored-tree,-111.977,558.298,99.447,112.500,-107.813,252.402,-126.609,536.212,14.586,-103.019,558.500,20.434,1.0000,0.9375,-132.690,568.858,90.350,-96.069,537.782,92.036,0.1559,0.0000,1.6000,1,-100.000,550.000,0.0000,0.0000,0,0,-96.069,537.782,92.036,0.000,0,-1.000000,1.000,28.924,-1.000000,0.0000,0.0000,0,0,0.000,1.000,19.607,-96.069,537.782,92.036,0,0,0,99.459393
320,45.0122,walk-to-authored-tree,-116.929,543.488,98.961,112.500,-106.084,254.062,-127.486,536.208,14.104,-112.883,522.063,22.176,1.0000,0.9375,-137.702,555.191,90.817,-100.967,521.996,92.706,0.2861,0.0000,1.6000,1,-100.000,550.000,0.0000,0.0000,0,0,-100.967,521.996,92.706,0.000,0,-1.000000,1.000,28.924,-1.000000,0.0000,0.0000,0,0,0.000,1.000,19.607,-100.967,521.996,92.706,0,0,0,99.457172
321,45.1531,walk-to-authored-tree,-121.436,528.283,98.462,112.500,-104.894,255.205,-128.441,536.323,13.526,-120.473,487.982,15.580,1.0000,0.9375,-142.985,533.313,87.780,-102.926,512.393,88.842,0.4182,0.0000,1.6000,1,-100.000,550.000,0.0000,0.0000,0,0,-102.926,512.393,88.842,0.000,0,-1.000000,1.000,28.924,-1.000000,0.0000,0.0000,0,0,0.000,1.000,19.607,-102.926,512.393,88.842,0,0,0,99.454917
322,45.2933,walk-to-authored-tree,-125.563,513.075,97.958,112.500,-104.087,255.982,-131.417,529.142,13.645,-124.068,474.404,12.820,1.0000,0.9375,-148.377,507.595,87.294,-104.198,507.352,86.613,0.5495,0.0000,1.6000,1,-100.000,550.000,0.0000,0.0000,0,0,-104.198,507.352,86.613,0.000,0,-1.000000,1.000,28.924,-1.000000,0.0000,0.0000,0,0,0.000,1.000,19.607,-104.198,507.352,86.613,0,0,0,99.452676
323,45.4227,walk-to-authored-tree,-129.156,498.984,97.484,112.500,-104.018,256.499,-137.519,500.629,18.876,-124.728,474.546,12.344,1.0000,0.9375,-152.115,486.559,90.215,-105.649,500.488,88.379,0.6707,0.0000,1.6000,1,-100.000,550.000,0.0000,0.0000,0,0,-105.649,500.488,88.379,0.000,0,-1.000000,1.000,28.924,-1.000000,0.0000,0.0000,0,0,0.000,1.000,19.607,-105.649,500.488,88.379,0,0,0,99.450607
324,45.5632,walk-to-authored-tree,-132.906,483.612,96.958,112.500,-103.140,256.897,-145.234,462.377,19.783,-125.514,474.806,12.155,1.0000,0.9375,-155.769,470.123,90.617,-109.305,486.286,88.673,0.8026,0.0000,1.6000,1,-100.000,550.000,0.0000,0.0000,0,0,-109.305,486.286,88.673,0.000,0,-1.000000,1.000,28.924,-1.000000,0.0000,0.0000,0,0,0.000,1.000,19.607,-109.305,486.286,88.673,0,0,0,99.448357
325,45.7031,walk-to-authored-tree,-136.514,468.277,96.430,112.500,-102.837,257.191,-151.723,429.355,12.561,-126.592,475.156,11.126,1.0000,0.9375,-159.199,460.937,86.052,-114.657,464.219,85.124,0.9339,0.0000,1.6000,1,-100.000,550.000,0.0000,0.0000,0,0,-114.657,464.219,85.124,0.000,0,-1.000000,1.000,28.924,-1.000000,0.0000,0.0000,0,0,0.000,1.000,19.607,-114.657,464.219,85.124,0,0,0,99.446116
326,45.8398,walk-to-authored-tree,-139.950,453.285,95.913,112.500,-102.609,257.413,-154.262,418.865,10.983,-129.223,465.509,12.224,1.0000,0.9375,-162.009,456.026,84.915,-120.672,439.477,85.756,0.0620,0.0000,1.6000,1,-100.000,550.000,0.0000,0.0000,0,0,-120.672,439.477,85.756,0.000,0,-1.000000,1.000,28.924,-1.000000,0.0000,0.0000,0,0,0.000,1.000,19.607,-120.672,439.477,85.756,0,0,0,99.443929
327,45.9781,walk-to-authored-tree,-143.359,438.110,95.389,112.500,-102.423,257.596,-155.229,418.945,10.348,-135.371,433.427,17.694,1.0000,0.9375,-164.855,448.001,86.780,-125.936,418.118,88.597,0.1916,0.0000,1.6000,1,-100.000,550.000,0.0000,0.0000,0,0,-125.936,418.118,88.597,0.000,0,-1.000000,1.000,28.924,-1.000000,0.0000,0.0000,0,0,0.000,1.000,19.607,-125.936,418.118,88.597,0,0,0,99.441717
328,46.1131,walk-to-authored-tree,-146.638,423.277,94.876,112.500,-102.269,257.748,-156.015,419.124,10.007,-141.925,396.524,17.055,1.0000,0.9375,-168.120,432.711,86.258,-128.996,403.505,88.078,0.3182,0.0000,1.6000,1,-100.000,550.000,0.0000,0.0000,0,0,-128.996,403.505,88.078,0.000,0,-1.000000,1.000,28.924,-1.000000,0.0000,0.0000,0,0,0.000,1.000,19.607,-128.996,403.505,88.078,0,0,0,99.439557
329,46.2513,walk-to-authored-tree,-149.951,408.085,94.354,112.500,-102.130,257.885,-157.009,419.312,9.267,-147.639,365.448,10.135,1.0000,0.9375,-172.043,409.906,83.080,-130.339,395.140,83.797,0.4478,0.0000,1.6000,1,-100.000,550.000,0.0000,0.0000,0,0,-130.339,395.140,83.797,0.000,0,-1.000000,1.000,28.924,-1.000000,0.0000,0.0000,0,0,0.000,1.000,19.607,-130.339,395.140,83.797,0,0,0,99.437345
330,46.3882,walk-to-authored-tree,-153.196,393.028,93.841,112.500,-102.004,258.010,-160.004,406.612,10.787,-149.772,357.618,8.969,1.0000,0.9375,-175.841,384.748,84.170,-131.166,390.030,83.143,0.5762,0.0000,1.6000,1,-100.000,550.000,0.0000,0.0000,0,0,-131.166,390.030,83.143,0.000,0,-1.000000,1.000,28.924,-1.000000,0.0000,0.0000,0,0,0.000,1.000,19.607,-131.166,390.030,83.143,0,0,0,99.435154
331,46.5262,walk-to-authored-tree,-156.428,377.861,93.329,112.500,-101.885,258.129,-165.804,373.394,16.435,-150.580,357.775,8.618,1.0000,0.9375,-179.005,363.710,87.172,-132.870,381.246,85.204,0.7054,0.0000,1.6000,1,-100.000,550.000,0.0000,0.0000,0,0,-132.870,381.246,85.204,0.000,0,-1.000000,1.000,28.924,-1.000000,0.0000,0.0000,0,0,0.000,1.000,19.607,-132.870,381.246,85.204,0,0,0,99.432949
332,46.6636,walk-to-authored-tree,-159.620,362.724,92.826,112.500,-101.771,258.242,-172.132,335.957,14.054,-151.415,357.952,7.738,1.0000,0.9375,-182.076,349.571,85.500,-136.232,364.981,83.693,0.8343,0.0000,1.6000,1,-100.000,550.000,0.0000,0.0000,0,0,-136.232,364.981,83.693,0.000,0,-1.000000,1.000,28.924,-1.000000,0.0000,0.0000,0,0,0.000,1.000,19.607,-136.232,364.981,83.693,0,0,0,99.430749
333,46.8024,walk-to-authored-tree,-162.811,347.441,92.326,112.500,-101.659,258.355,-177.619,306.175,7.818,-152.619,358.155,7.293,1.0000,0.9375,-185.358,342.003,81.512,-141.520,341.505,81.010,0.9644,0.0000,1.6000,1,-100.000,550.000,0.0000,0.0000,0,0,-141.520,341.505,81.010,0.000,0,-1.000000,1.000,28.924,-1.000000,0.0000,0.0000,0,0,0.000,1.000,19.607,-141.520,341.505,81.010,0,0,0,99.428528
334,46.9406,walk-to-authored-tree,-165.961,332.204,91.836,112.500,-101.548,258.465,-179.053,301.304,6.934,-155.857,341.539,9.582,1.0000,0.9375,-187.877,336.903,81.411,-146.934,316.689,82.579,0.0941,0.0000,1.6000,1,-100.000,550.000,0.0000,0.0000,0,0,-146.934,316.689,82.579,0.000,0,-1.000000,1.000,28.924,-1.000000,0.0000,0.0000,0,0,0.000,1.000,19.607,-146.934,316.689,82.579,0,0,0,99.426315
335,47.0813,walk-to-authored-tree,-169.134,316.707,91.347,112.500,-101.436,258.577,-180.022,301.482,6.484,-161.867,306.256,14.760,1.0000,0.9375,-190.751,326.847,83.290,-151.505,296.437,85.200,0.2259,0.0000,1.6000,1,-100.000,550.000,0.0000,0.0000,0,0,-151.505,296.437,85.200,0.000,0,-1.000000,1.000,28.924,-1.000000,0.0000,0.0000,0,0,0.000,1.000,19.607,-151.505,296.437,85.200,0,0,0,99.424066
336,47.2177,walk-to-authored-tree,-172.184,301.658,90.886,112.500,-101.327,258.686,-181.034,301.612,6.111,-167.963,269.400,11.486,1.0000,0.9375,-194.071,309.316,81.668,-154.019,283.451,83.304,0.3539,0.0000,1.6000,1,-100.000,550.000,0.0000,0.0000,0,0,-154.019,283.451,83.304,0.000,0,-1.000000,1.000,28.924,-1.000000,0.0000,0.0000,0,0,0.000,1.000,19.607,-154.019,283.451,83.304,0,0,0,99.421882
337,47.3558,walk-to-authored-tree,-175.239,286.435,90.430,112.500,-101.216,258.797,-182.127,301.837,5.502,-172.715,242.313,5.531,1.0000,0.9375,-197.763,285.050,79.152,-155.027,276.518,79.388,0.4832,0.0000,1.6000,1,-100.000,550.000,0.0000,0.0000,0,0,-155.027,276.518,79.388,0.000,0,-1.000000,1.000,28.924,-1.000000,0.0000,0.0000,0,0,0.000,1.000,19.607,-155.027,276.518,79.388,0,0,0,99.419674
338,47.4942,walk-to-authored-tree,-178.271,271.174,89.982,112.500,-101.104,258.909,-185.522,280.734,8.719,-173.471,240.047,5.122,1.0000,0.9375,-200.546,260.245,81.340,-155.423,271.012,79.941,0.6129,0.0000,1.6000,1,-100.000,550.000,0.0000,0.0000,0,0,-155.423,271.012,79.941,0.000,0,-1.000000,1.000,28.924,-1.000000,0.0000,0.0000,0,0,0.000,1.000,19.607,-155.423,271.012,79.941,0,0,0,99.417461
339,47.6299,walk-to-authored-tree,-181.218,256.187,89.554,112.500,-100.994,259.020,-191.359,245.517,13.080,-174.555,240.339,4.665,1.0000,0.9375,-203.611,241.280,83.548,-157.677,260.422,81.524,0.7402,0.0000,1.6000,1,-100.000,550.000,0.0000,0.0000,0,0,-157.677,260.422,81.524,0.000,0,-1.000000,1.000,28.924,-1.000000,0.0000,0.0000,0,0,0.000,1.000,19.607,-157.677,260.422,81.524,0,0,0,99.415288
340,47.7663,walk-to-authored-tree,-184.151,241.119,89.136,112.500,-100.881,259.133,-197.070,209.168,9.067,-175.525,240.519,4.456,1.0000,0.9375,-206.609,229.111,81.252,-161.310,242.181,79.705,0.8681,0.0000,1.6000,1,-100.000,550.000,0.0000,0.0000,0,0,-161.310,242.181,79.705,0.000,0,-1.000000,1.000,28.924,-1.000000,0.0000,0.0000,0,0,0.000,1.000,19.607,-161.310,242.181,79.705,0,0,0,99.413105
341,47.9024,walk-to-authored-tree,-187.047,226.085,88.732,112.500,-100.768,259.246,-201.175,183.867,3.856,-176.438,240.631,3.799,1.0000,0.9375,-209.359,222.753,77.596,-166.114,218.025,77.528,0.9957,0.0000,1.6000,1,-100.000,550.000,0.0000,0.0000,0,0,-166.114,218.025,77.528,0.000,0,-1.000000,1.000,28.924,-1.000000,0.0000,0.0000,0,0,0.000,1.000,19.607,-166.114,218.025,77.528,0,0,0,99.410928
342,48.0387,walk-to-authored-tree,-189.916,211.030,88.339,112.500,-100.653,259.362,-202.138,183.463,3.408,-180.457,217.034,7.568,1.0000,0.9375,-211.864,217.270,78.467,-171.150,194.126,79.925,0.1234,0.0000,1.6000,1,-100.000,550.000,0.0000,0.0000,0,0,-171.150,194.126,79.925,0.000,0,-1.000000,1.000,28.924,-1.000000,0.0000,0.0000,0,0,0.000,1.000,19.607,-171.150,194.126,79.925,0,0,0,99.408748
343,48.1767,walk-to-authored-tree,-192.792,195.772,87.958,112.500,-100.535,259.480,-203.067,183.525,3.057,-185.940,180.623,11.539,1.0000,0.9375,-214.502,205.821,79.952,-174.876,175.632,81.867,0.2528,0.0000,1.6000,1,-100.000,550.000,0.0000,0.0000,0,0,-174.876,175.632,81.867,0.000,0,-1.000000,1.000,28.924,-1.000000,0.0000,0.0000,0,0,0.000,1.000,19.607,-174.876,175.632,81.867,0,0,0,99.406540
344,48.3134,walk-to-authored-tree,-195.611,180.646,87.586,112.500,-100.417,259.598,-204.218,183.716,2.752,-191.494,144.838,6.678,1.0000,0.9375,-217.807,186.523,77.717,-176.920,164.094,79.140,0.3810,0.0000,1.6000,1,-100.000,550.000,0.0000,0.0000,0,0,-176.920,164.094,79.140,0.000,0,-1.000000,1.000,28.924,-1.000000,0.0000,0.0000,0,0,0.000,1.000,19.607,-176.920,164.094,79.140,0,0,0,99.404352
345,48.4495,walk-to-authored-tree,-198.386,165.586,87.230,112.500,-100.297,259.717,-204.814,182.719,2.362,-194.589,122.222,2.254,1.0000,0.9375,-220.443,161.706,76.124,-177.094,157.946,76.001,0.5086,0.0000,1.6000,1,-100.000,550.000,0.0000,0.0000,0,0,-177.094,157.946,76.001,0.000,0,-1.000000,1.000,28.924,-1.000000,0.0000,0.0000,0,0,0.000,1.000,19.607,-177.094,157.946,76.001,0,0,0,99.402174
346,48.5847,walk-to-authored-tree,-201.111,150.627,86.886,112.500,-100.177,259.837,-209.034,157.011,6.653,-195.600,122.252,1.918,1.0000,0.9375,-223.292,138.101,78.825,-178.118,152.059,77.200,0.6354,0.0000,1.6000,1,-100.000,550.000,0.0000,0.0000,0,0,-178.118,152.059,77.200,0.000,0,-1.000000,1.000,28.924,-1.000000,0.0000,0.0000,0,0,0.000,1.000,19.607,-178.118,152.059,77.200,0,0,0,99.400011
347,48.7219,walk-to-authored-tree,-203.845,135.433,86.557,112.500,-100.054,259.961,-214.290,120.336,10.098,-196.598,122.523,1.676,1.0000,0.9375,-225.989,120.181,80.543,-180.376,140.033,78.523,0.7640,0.0000,1.6000,1,-100.000,550.000,0.0000,0.0000,0,0,-180.376,140.033,78.523,0.000,0,-1.000000,1.000,28.924,-1.000000,0.0000,0.0000,0,0,0.000,1.000,19.607,-180.376,140.033,78.523,0,0,0,99.397815
348,48.8566,walk-to-authored-tree,-206.496,120.514,86.242,112.500,-99.931,260.084,-219.094,85.435,4.594,-197.456,122.668,1.155,1.0000,0.9375,-228.652,109.320,77.292,-183.800,120.659,75.935,0.8903,0.0000,1.6000,1,-100.000,550.000,0.0000,0.0000,0,0,-183.800,120.659,75.935,0.000,0,-1.000000,1.000,28.924,-1.000000,0.0000,0.0000,0,0,0.000,1.000,19.607,-183.800,120.659,75.935,0,0,0,99.395660
349,48.9947,walk-to-authored-tree,-209.179,105.229,85.917,112.500,-99.804,260.212,-222.363,65.109,0.957,-198.826,120.221,1.095,1.0000,0.9375,-231.416,103.552,74.624,-188.544,95.573,74.907,0.0196,0.0000,1.6000,1,-100.000,550.000,0.0000,0.0000,0,0,-188.544,95.573,74.907,0.000,0,-1.000000,1.000,28.924,-1.000000,0.0000,0.0000,0,0,0.000,1.000,19.607,-188.544,95.573,74.907,0,0,0,99.393453
350,49.1307,walk-to-authored-tree,-211.793,90.140,85.614,112.500,-99.676,260.339,-223.247,65.227,0.811,-202.814,92.885,6.224,1.0000,0.9375,-233.824,97.228,76.393,-193.056,72.430,78.038,0.1472,0.0000,1.6000,1,-100.000,550.000,0.0000,0.0000,0,0,-193.056,72.430,78.038,0.000,0,-1.000000,1.000,28.924,-1.000000,0.0000,0.0000,0,0,0.000,1.000,19.607,-193.056,72.430,78.038,0,0,0,99.391275
351,49.2680,walk-to-authored-tree,-214.397,74.910,85.313,112.500,-99.546,260.470,-224.163,65.295,0.461,-207.739,55.855,8.720,1.0000,0.9375,-236.343,84.308,77.252,-196.106,55.253,79.159,0.2760,0.0000,1.6000,1,-100.000,550.000,0.0000,0.0000,0,0,-196.106,55.253,79.159,0.000,0,-1.000000,1.000,28.924,-1.000000,0.0000,0.0000,0,0,0.000,1.000,19.607,-196.106,55.253,79.159,0,0,0,99.389078
352,49.4050,walk-to-authored-tree,-216.960,59.708,85.019,112.500,-99.414,260.602,-224.787,65.415,-0.075,-211.925,21.094,2.622,1.0000,0.9375,-238.770,63.646,74.405,-197.132,44.779,75.607,0.4044,0.0000,1.6000,1,-100.000,550.000,0.0000,0.0000,0,0,-197.132,44.779,75.607,0.000,0,-1.000000,1.000,28.924,-1.000000,0.0000,0.0000,0,0,0.000,1.000,19.607,-197.132,44.779,75.607,0,0,0,99.386885
353,49.5418,walk-to-authored-tree,-219.483,44.533,84.732,112.500,-99.280,260.736,-226.518,60.845,0.052,-214.830,4.171,-0.319,1.0000,0.9375,-241.635,38.317,73.873,-197.852,39.240,73.402,0.5326,0.0000,1.6000,1,-100.000,550.000,0.0000,0.0000,0,0,-197.852,39.240,73.402,0.000,0,-1.000000,1.000,28.924,-1.000000,0.0000,0.0000,0,0,0.000,1.000,19.607,-197.852,39.240,73.402,0,0,0,99.384697
354,49.6794,walk-to-authored-tree,-221.987,29.249,84.449,112.500,-99.143,260.873,-230.350,31.626,5.593,-215.630,4.146,-0.507,1.0000,0.9375,-243.854,15.222,77.134,-198.785,32.394,75.344,0.6617,0.0000,1.6000,1,-100.000,550.000,0.0000,0.0000,0,0,-198.785,32.394,75.344,0.000,0,-1.000000,1.000,28.924,-1.000000,0.0000,0.0000,0,0,0.000,1.000,19.607,-198.785,32.394,75.344,0,0,0,99.382495
355,49.8173,walk-to-authored-tree,-224.458,13.944,84.166,112.500,-99.005,261.012,-235.048,-6.064,7.334,-216.621,4.301,-0.603,1.0000,0.9375,-246.299,-1.395,78.035,-201.097,18.591,76.057,0.7909,0.0000,1.6000,1,-100.000,550.000,0.0000,0.0000,0,0,-201.097,18.591,76.057,0.000,0,-1.000000,1.000,28.924,-1.000000,0.0000,0.0000,0,0,0.000,1.000,19.607,-201.097,18.591,76.057,0,0,0,99.380290
356,49.9554,walk-to-authored-tree,-226.897,-1.403,83.890,112.500,-98.863,261.154,-239.181,-39.937,0.663,-217.579,4.527,-1.302,1.0000,0.9375,-248.945,-11.153,74.003,-204.584,-2.944,72.934,0.9204,0.0000,1.6000,1,-100.000,550.000,0.0000,0.0000,0,0,-204.584,-2.944,72.934,0.000,0,-1.000000,1.000,28.924,-1.000000,0.0000,0.0000,0,0,0.000,1.000,19.607,-204.584,-2.944,72.934,0,0,0,99.378080
357,50.0950,walk-to-authored-tree,-229.324,-16.921,83.617,112.500,-98.718,261.300,-241.322,-53.495,-1.199,-219.347,-3.172,-0.331,1.0000,0.9375,-251.484,-16.504,72.608,-208.952,-28.588,73.308,0.0513,0.0000,1.6000,1,-100.000,550.000,0.0000,0.0000,0,0,-208.952,-28.588,73.308,0.000,0,-1.000000,1.000,28.924,-1.000000,0.0000,0.0000,0,0,0.000,1.000,19.607,-208.952,-28.588,73.308,0,0,0,99.375846
358,50.2220,walk-to-authored-tree,-231.495,-31.022,83.366,112.500,-98.701,261.434,-242.297,-53.552,-1.629,-222.859,-31.585,4.876,1.0000,0.9375,-253.559,-23.236,74.413,-212.631,-49.269,76.151,0.1702,0.0000,1.6000,1,-100.000,550.000,0.0000,0.0000,0,0,-212.631,-49.269,76.151,0.000,0,-1.000000,1.000,28.924,-1.000000,0.0000,0.0000,0,0,0.000,1.000,19.607,-212.631,-49.269,76.151,0,0,0,99.373817
359,50.3515,walk-to-authored-tree,-233.678,-45.422,83.101,112.500,-98.566,261.572,-243.146,-53.369,-1.833,-226.956,-67.123,6.093,1.0000,0.9375,-255.803,-36.614,74.827,-215.033,-64.554,76.700,0.2915,0.0000,1.6000,1,-100.000,550.000,0.0000,0.0000,0,0,-215.033,-64.554,76.700,0.000,0,-1.000000,1.000,28.924,-1.000000,0.0000,0.0000,0,0,0.000,1.000,19.607,-215.033,-64.554,76.700,0,0,0,99.371745
360,50.4835,walk-to-authored-tree,-235.871,-60.128,82.844,112.500,-98.428,261.717,-243.749,-53.257,-2.128,-230.335,-99.781,0.050,1.0000,0.9375,-257.830,-57.358,72.174,-215.709,-74.011,73.264,0.4154,0.0000,1.6000,1,-100.000,550.000,0.0000,0.0000,0,0,-215.709,-74.011,73.264,0.000,0,-1.000000,1.000,28.924,-1.000000,0.0000,0.0000,0,0,0.000,1.000,19.607,-215.709,-74.011,73.264,0,0,0,99.369631
361,50.6154,walk-to-authored-tree,-238.019,-74.775,82.582,112.500,-98.283,261.862,-245.387,-58.872,-1.978,-232.649,-114.333,-2.511,1.0000,0.9375,-260.098,-81.804,71.791,-216.255,-79.186,71.242,0.5388,0.0000,1.6000,1,-100.000,550.000,0.0000,0.0000,0,0,-216.255,-79.186,71.242,0.000,0,-1.000000,1.000,28.924,-1.000000,0.0000,0.0000,0,0,0.000,1.000,19.607,-216.255,-79.186,71.242,0,0,0,99.367525
362,50.7464,walk-to-authored-tree,-240.125,-89.400,82.317,112.500,-98.138,262.010,-248.529,-87.208,3.468,-233.324,-114.357,-2.645,1.0000,0.9375,-261.740,-103.818,75.003,-216.978,-85.838,73.211,0.6619,0.0000,1.6000,1,-100.000,550.000,0.0000,0.0000,0,0,-216.978,-85.838,73.211,0.000,0,-1.000000,1.000,28.924,-1.000000,0.0000,0.0000,0,0,0.000,1.000,19.607,-216.978,-85.838,73.211,0,0,0,99.365424
363,50.8794,walk-to-authored-tree,-242.217,-104.192,82.052,112.500,-97.990,262.162,-252.398,-123.595,5.309,-234.266,-114.224,-2.744,1.0000,0.9375,-263.785,-120.000,75.952,-218.939,-99.034,73.963,0.7864,0.0000,1.6000,1,-100.000,550.000,0.0000,0.0000,0,0,-218.939,-99.034,73.963,0.000,0,-1.000000,1.000,28.924,-1.000000,0.0000,0.0000,0,0,0.000,1.000,19.607,-218.939,-99.034,73.963,0,0,0,99.363299
364,51.0100,walk-to-authored-tree,-244.239,-118.768,81.774,112.500,-97.838,262.315,-255.681,-156.351,-0.819,-235.089,-114.038,-3.282,1.0000,0.9375,-266.023,-129.622,72.320,-221.729,-119.075,71.141,0.9091,0.0000,1.6000,1,-100.000,550.000,0.0000,0.0000,0,0,-221.729,-119.075,71.141,0.000,0,-1.000000,1.000,28.924,-1.000000,0.0000,0.0000,0,0,0.000,1.000,19.607,-221.729,-119.075,71.141,0,0,0,99.361206
365,51.1401,walk-to-authored-tree,-246.208,-133.242,81.501,112.500,-97.685,262.469,-257.698,-172.466,-3.520,-236.352,-118.306,-3.174,1.0000,0.9375,-268.304,-134.803,70.169,-225.304,-142.996,70.601,0.0308,0.0000,1.6000,1,-100.000,550.000,0.0000,0.0000,0,0,-225.304,-142.996,70.601,0.000,0,-1.000000,1.000,28.924,-1.000000,0.0000,0.0000,0,0,0.000,1.000,19.607,-225.304,-142.996,70.601,0,0,0,99.359129
366,51.2694,walk-to-authored-tree,-248.134,-147.690,81.221,112.500,-97.531,262.625,-258.619,-172.432,-3.596,-239.327,-145.344,2.079,1.0000,0.9375,-270.418,-141.178,72.094,-228.802,-164.894,73.767,0.1523,0.0000,1.6000,1,-100.000,550.000,0.0000,0.0000,0,0,-228.802,-164.894,73.767,0.000,0,-1.000000,1.000,28.924,-1.000000,0.0000,0.0000,0,0,0.000,1.000,19.607,-228.802,-164.894,73.767,0,0,0,99.357056
367,51.4007,walk-to-authored-tree,-250.043,-162.306,80.928,112.500,-97.375,262.786,-259.443,-172.386,-3.928,-242.657,-180.942,4.346,1.0000,0.9375,-272.327,-153.734,72.869,-231.022,-181.265,74.777,0.2751,0.0000,1.6000,1,-100.000,550.000,0.0000,0.0000,0,0,-231.022,-181.265,74.777,0.000,0,-1.000000,1.000,28.924,-1.000000,0.0000,0.0000,0,0,0.000,1.000,19.607,-231.022,-181.265,74.777,0,0,0,99.354960
368,51.5331,walk-to-authored-tree,-251.934,-177.113,80.628,112.500,-97.214,262.951,-260.003,-172.298,-4.497,-245.380,-214.982,-1.552,1.0000,0.9375,-273.868,-173.663,70.061,-231.598,-191.582,71.312,0.3995,0.0000,1.6000,1,-100.000,550.000,0.0000,0.0000,0,0,-231.598,-191.582,71.312,0.000,0,-1.000000,1.000,28.924,-1.000000,0.0000,0.0000,0,0,0.000,1.000,19.607,-231.598,-191.582,71.312,0,0,0,99.352837
369,51.6676,walk-to-authored-tree,-253.805,-192.105,80.313,112.500,-97.049,263.122,-261.372,-175.788,-4.438,-247.572,-233.161,-4.706,1.0000,0.9375,-275.673,-198.590,69.370,-232.021,-197.141,69.003,0.5254,0.0000,1.6000,1,-100.000,550.000,0.0000,0.0000,0,0,-232.021,-197.141,69.003,0.000,0,-1.000000,1.000,28.924,-1.000000,0.0000,0.0000,0,0,0.000,1.000,19.607,-232.021,-197.141,69.003,0,0,0,99.350688
370,51.7992,walk-to-authored-tree,-255.598,-206.823,80.003,112.500,-96.878,263.293,-264.052,-202.829,0.784,-248.420,-233.253,-4.667,1.0000,0.9375,-277.042,-221.226,72.627,-232.714,-203.348,70.907,0.6489,0.0000,1.6000,1,-100.000,550.000,0.0000,0.0000,0,0,-232.714,-203.348,70.907,0.000,0,-1.000000,1.000,28.924,-1.000000,0.0000,0.0000,0,0,0.000,1.000,19.607,-232.714,-203.348,70.907,0,0,0,99.348579
371,51.9328,walk-to-authored-tree,-257.367,-221.719,79.673,112.500,-96.707,263.469,-267.002,-239.146,3.101,-249.300,-233.031,-5.179,1.0000,0.9375,-278.581,-238.155,73.629,-234.208,-215.858,71.620,0.7739,0.0000,1.6000,1,-100.000,550.000,0.0000,0.0000,0,0,-234.208,-215.858,71.620,0.000,0,-1.000000,1.000,28.924,-1.000000,0.0000,0.0000,0,0,0.000,1.000,19.607,-234.208,-215.858,71.620,0,0,0,99.346446
372,52.0652,walk-to-authored-tree,-259.083,-236.545,79.339,112.500,-96.531,263.648,-269.566,-273.244,-2.628,-250.088,-232.900,-5.615,1.0000,0.9375,-280.530,-248.558,70.264,-236.450,-235.562,68.985,0.8983,0.0000,1.6000,1,-100.000,550.000,0.0000,0.0000,0,0,-236.450,-235.562,68.985,0.000,0,-1.000000,1.000,28.924,-1.000000,0.0000,0.0000,0,0,0.000,1.000,19.607,-236.450,-235.562,68.985,0,0,0,99.344323
373,52.1972,walk-to-authored-tree,-260.740,-251.267,79.002,112.500,-96.352,263.829,-271.452,-291.843,-5.976,-251.294,-235.761,-5.793,1.0000,0.9375,-282.829,-254.096,67.699,-239.572,-259.832,68.012,0.0218,0.0000,1.6000,1,-100.000,550.000,0.0000,0.0000,0,0,-239.572,-259.832,68.012,0.000,0,-1.000000,1.000,28.924,-1.000000,0.0000,0.0000,0,0,0.000,1.000,19.607,-239.572,-259.832,68.012,0,0,0,99.342216
374,52.3307,walk-to-authored-tree,-262.376,-266.218,78.646,112.500,-96.171,264.016,-272.285,-291.796,-6.157,-253.580,-262.916,-0.749,1.0000,0.9375,-284.799,-260.494,69.422,-242.590,-282.746,71.067,0.1471,0.0000,1.6000,1,-100.000,550.000,0.0000,0.0000,0,0,-242.590,-282.746,71.067,0.000,0,-1.000000,1.000,28.924,-1.000000,0.0000,0.0000,0,0,0.000,1.000,19.607,-242.590,-282.746,71.067,0,0,0,99.340077
375,52.4638,walk-to-authored-tree,-263.954,-281.090,78.288,112.500,-95.984,264.206,-273.118,-291.784,-6.580,-256.090,-298.958,1.750,1.0000,0.9375,-286.431,-273.016,70.237,-244.481,-299.618,72.151,0.2717,0.0000,1.6000,1,-100.000,550.000,0.0000,0.0000,0,0,-244.481,-299.618,72.151,0.000,0,-1.000000,1.000,28.924,-1.000000,0.0000,0.0000,0,0,0.000,1.000,19.607,-244.481,-299.618,72.151,0,0,0,99.337950
376,52.5955,walk-to-authored-tree,-265.473,-295.861,77.913,112.500,-95.794,264.399,-273.819,-291.738,-7.138,-258.113,-333.051,-3.990,1.0000,0.9375,-287.633,-292.698,67.513,-244.960,-310.047,68.802,0.3955,0.0000,1.6000,1,-100.000,550.000,0.0000,0.0000,0,0,-244.960,-310.047,68.802,0.000,0,-1.000000,1.000,28.924,-1.000000,0.0000,0.0000,0,0,0.000,1.000,19.607,-244.960,-310.047,68.802,0,0,0,99.335838
377,52.7278,walk-to-authored-tree,-266.942,-310.638,77.531,112.500,-95.601,264.597,-274.842,-294.270,-7.274,-259.645,-352.288,-7.437,1.0000,0.9375,-288.627,-317.174,66.523,-245.059,-315.623,66.244,0.5192,0.0000,1.6000,1,-100.000,550.000,0.0000,0.0000,0,0,-245.059,-315.623,66.244,0.000,0,-1.000000,1.000,28.924,-1.000000,0.0000,0.0000,0,0,0.000,1.000,19.607,-245.059,-315.623,66.244,0,0,0,99.333726
378,52.8587,walk-to-authored-tree,-268.351,-325.317,77.139,112.500,-95.403,264.797,-276.842,-320.579,-2.602,-260.496,-352.347,-7.685,1.0000,0.9375,-289.416,-339.956,69.418,-245.560,-321.616,67.746,0.6421,0.0000,1.6000,1,-100.000,550.000,0.0000,0.0000,0,0,-245.560,-321.616,67.746,0.000,0,-1.000000,1.000,28.924,-1.000000,0.0000,0.0000,0,0,0.000,1.000,19.607,-245.560,-321.616,67.746,0,0,0,99.331629
379,52.9926,walk-to-authored-tree,-269.736,-340.302,76.728,112.500,-95.203,265.005,-278.882,-356.852,0.252,-261.406,-352.145,-8.141,1.0000,0.9375,-290.513,-357.351,70.706,-246.740,-333.757,68.689,0.7675,0.0000,1.6000,1,-100.000,550.000,0.0000,0.0000,0,0,-246.740,-333.757,68.689,0.000,0,-1.000000,1.000,28.924,-1.000000,0.0000,0.0000,0,0,0.000,1.000,19.607,-246.740,-333.757,68.689,0,0,0,99.329489
380,53.1245,walk-to-authored-tree,-271.051,-355.104,76.313,112.500,-94.995,265.217,-280.579,-391.265,-5.381,-262.220,-352.049,-8.757,1.0000,0.9375,-292.163,-368.099,67.345,-248.452,-353.076,65.999,0.8914,0.0000,1.6000,1,-100.000,550.000,0.0000,0.0000,0,0,-248.452,-353.076,65.999,0.000,0,-1.000000,1.000,28.924,-1.000000,0.0000,0.0000,0,0,0.000,1.000,19.607,-248.452,-353.076,65.999,0,0,0,99.327375
381,53.2793,walk-to-authored-tree,-272.525,-372.439,75.809,112.500,-94.784,265.469,-281.983,-411.525,-9.184,-263.434,-357.267,-8.717,1.0000,0.9375,-294.536,-374.675,64.527,-251.200,-381.549,65.032,0.0363,0.0000,1.6000,1,-100.000,550.000,0.0000,0.0000,0,0,-251.200,-381.549,65.032,0.000,0,-1.000000,1.000,28.924,-1.000000,0.0000,0.0000,0,0,0.000,1.000,19.607,-251.200,-381.549,65.032,0,0,0,99.324901
382,53.4285,walk-to-authored-tree,-273.877,-389.192,75.310,112.500,-94.531,265.721,-283.010,-411.681,-9.709,-265.250,-390.183,-2.976,1.0000,0.9375,-296.473,-382.832,66.456,-253.776,-406.188,68.217,0.1764,0.0000,1.6000,1,-100.000,550.000,0.0000,0.0000,0,0,-253.776,-406.188,68.217,0.000,0,-1.000000,1.000,28.924,-1.000000,0.0000,0.0000,0,0,0.000,1.000,19.607,-253.776,-406.188,68.217,0,0,0,99.322510
383,53.5902,walk-to-authored-tree,-275.257,-407.284,74.758,112.500,-94.279,266.001,-283.993,-411.572,-10.147,-266.940,-434.583,-3.525,1.0000,0.9375,-297.863,-401.243,65.943,-255.030,-424.108,67.718,0.3276,0.0000,1.6000,1,-100.000,550.000,0.0000,0.0000,0,0,-255.030,-424.108,67.718,0.000,0,-1.000000,1.000,28.924,-1.000000,0.0000,0.0000,0,0,0.000,1.000,19.607,-255.030,-424.108,67.718,0,0,0,99.319930
384,53.7400,walk-to-authored-tree,-276.464,-424.136,74.233,112.500,-93.999,266.269,-285.169,-411.584,-10.796,-268.333,-467.166,-10.446,1.0000,0.9375,-298.623,-427.126,62.903,-255.199,-432.638,63.350,0.4684,0.0000,1.6000,1,-100.000,550.000,0.0000,0.0000,0,0,-255.199,-432.638,63.350,0.000,0,-1.000000,1.000,28.924,-1.000000,0.0000,0.0000,0,0,0.000,1.000,19.607,-255.199,-432.638,63.350,0,0,0,99.317527
385,53.8731,walk-to-authored-tree,-277.462,-439.029,73.764,112.500,-93.731,266.514,-285.917,-428.211,-8.726,-268.740,-471.601,-11.302,1.0000,0.9375,-298.326,-451.506,64.335,-254.905,-437.598,63.139,0.5928,0.0000,1.6000,1,-100.000,550.000,0.0000,0.0000,0,0,-254.905,-437.598,63.139,0.000,0,-1.000000,1.000,28.924,-1.000000,0.0000,0.0000,0,0,0.000,1.000,19.607,-254.905,-437.598,63.139,0,0,0,99.315404
386,54.0030,walk-to-authored-tree,-278.378,-453.660,73.293,112.500,-93.486,266.761,-287.034,-461.182,-3.411,-269.660,-471.609,-11.486,1.0000,0.9375,-298.637,-471.140,67.203,-255.579,-446.659,65.210,0.7150,0.0000,1.6000,1,-100.000,550.000,0.0000,0.0000,0,0,-255.579,-446.659,65.210,0.000,0,-1.000000,1.000,28.924,-1.000000,0.0000,0.0000,0,0,0.000,1.000,19.607,-255.579,-446.659,65.210,0,0,0,99.313319
387,54.1341,walk-to-authored-tree,-279.237,-468.369,72.816,112.500,-93.239,267.015,-287.699,-497.237,-6.083,-270.475,-471.454,-12.231,1.0000,0.9375,-299.575,-484.568,65.437,-256.511,-462.813,63.661,0.8377,0.0000,1.6000,1,-100.000,550.000,0.0000,0.0000,0,0,-256.511,-462.813,63.661,0.000,0,-1.000000,1.000,28.924,-1.000000,0.0000,0.0000,0,0,0.000,1.000,19.607,-256.511,-462.813,63.661,0,0,0,99.311224
388,54.2634,walk-to-authored-tree,-280.021,-482.916,72.336,112.500,-92.984,267.274,-288.352,-525.614,-12.104,-271.477,-471.440,-12.746,1.0000,0.9375,-301.370,-492.116,61.594,-257.969,-485.151,61.013,0.9591,0.0000,1.6000,1,-100.000,550.000,0.0000,0.0000,0,0,-257.969,-485.151,61.013,0.000,0,-1.000000,1.000,28.924,-1.000000,0.0000,0.0000,0,0,0.000,1.000,19.607,-257.969,-485.151,61.013,0,0,0,99.309152
389,54.3927,walk-to-authored-tree,-280.739,-497.416,71.859,112.500,-92.726,267.540,-288.889,-531.641,-13.000,-272.176,-485.131,-11.004,1.0000,0.9375,-303.001,-497.105,61.192,-259.439,-508.959,62.223,0.0801,0.0000,1.6000,1,-100.000,550.000,0.0000,0.0000,0,0,-259.439,-508.959,62.223,0.000,0,-1.000000,1.000,28.924,-1.000000,0.0000,0.0000,0,0,0.000,1.000,19.607,-259.439,-508.959,62.223,0,0,0,99.307087
390,54.5247,walk-to-authored-tree,-281.405,-512.277,71.362,112.500,-92.460,267.820,-289.805,-531.675,-13.623,-272.692,-517.637,-5.818,1.0000,0.9375,-304.333,-505.932,62.986,-260.832,-529.247,64.846,0.2041,0.0000,1.6000,1,-100.000,550.000,0.0000,0.0000,0,0,-260.832,-529.247,64.846,0.000,0,-1.000000,1.000,28.924,-1.000000,0.0000,0.0000,0,0,0.000,1.000,19.607,-260.832,-529.247,64.846,0,0,0,99.304971
391,54.6771,walk-to-authored-tree,-282.086,-529.384,70.793,112.500,-92.180,268.152,-290.774,-531.713,-13.947,-272.783,-559.470,-8.214,1.0000,0.9375,-304.914,-524.957,61.767,-261.265,-544.778,63.445,0.3468,0.0000,1.6000,1,-100.000,550.000,0.0000,0.0000,0,0,-261.265,-544.778,63.445,0.000,0,-1.000000,1.000,28.924,-1.000000,0.0000,0.0000,0,0,0.000,1.000,19.607,-261.265,-544.778,63.445,0,0,0,99.302536
392,54.8296,walk-to-authored-tree,-282.674,-546.540,70.230,112.500,-91.848,268.498,-291.789,-531.672,-14.711,-272.789,-589.743,-14.692,1.0000,0.9375,-304.392,-552.100,58.988,-260.866,-552.511,59.134,0.4898,0.0000,1.6000,1,-100.000,550.000,0.0000,0.0000,0,0,-260.866,-552.511,59.134,0.000,0,-1.000000,1.000,28.924,-1.000000,0.0000,0.0000,0,0,0.000,1.000,19.607,-260.866,-552.511,59.134,0,0,0,99.300095
393,54.9772,walk-to-authored-tree,-283.143,-563.127,69.682,112.500,-91.502,268.846,-291.924,-556.984,-10.898,-273.354,-591.213,-15.261,1.0000,0.9375,-303.213,-578.475,61.429,-260.615,-558.630,59.874,0.6281,0.0000,1.6000,1,-100.000,550.000,0.0000,0.0000,0,0,-260.615,-558.630,59.874,0.000,0,-1.000000,1.000,28.924,-1.000000,0.0000,0.0000,0,0,0.000,1.000,19.607,-260.615,-558.630,59.874,0,0,0,99.297735
394,55.1273,walk-to-authored-tree,-283.519,-580.025,69.133,112.500,-91.154,269.215,-291.462,-597.426,-7.366,-274.378,-591.086,-15.733,1.0000,0.9375,-303.040,-598.485,63.106,-261.041,-571.890,61.091,0.7689,0.0000,1.6000,1,-100.000,550.000,0.0000,0.0000,0,0,-261.041,-571.890,61.091,0.000,0,-1.000000,1.000,28.924,-1.000000,0.0000,0.0000,0,0,0.000,1.000,19.607,-261.041,-571.890,61.091,0,0,0,99.295331
395,55.2593,walk-to-authored-tree,-283.759,-594.859,68.667,112.500,-90.785,269.553,-290.590,-631.761,-13.077,-275.175,-591.020,-16.384,1.0000,0.9375,-303.865,-609.298,59.680,-261.363,-591.254,58.346,0.8926,0.0000,1.6000,1,-100.000,550.000,0.0000,0.0000,0,0,-261.363,-591.254,58.346,0.000,0,-1.000000,1.000,28.924,-1.000000,0.0000,0.0000,0,0,0.000,1.000,19.607,-261.363,-591.254,58.346,0,0,0,99.293221
396,55.3923,walk-to-authored-tree,-283.911,-609.839,68.197,112.500,-90.447,269.907,-290.402,-651.834,-16.743,-276.156,-593.282,-16.652,1.0000,0.9375,-305.568,-615.291,56.914,-261.989,-615.840,57.167,0.0174,0.0000,1.6000,1,-100.000,550.000,0.0000,0.0000,0,0,-261.989,-615.840,57.167,0.000,0,-1.000000,1.000,28.924,-1.000000,0.0000,0.0000,0,0,0.000,1.000,19.607,-261.989,-615.840,57.167,0,0,0,99.291091
397,55.5239,walk-to-authored-tree,-283.971,-624.632,67.742,112.500,-90.093,270.269,-291.038,-651.888,-17.090,-275.590,-619.492,-12.035,1.0000,0.9375,-306.802,-621.632,58.340,-262.484,-638.684,59.942,0.1407,0.0000,1.6000,1,-100.000,550.000,0.0000,0.0000,0,0,-262.484,-638.684,59.942,0.000,0,-1.000000,1.000,28.924,-1.000000,0.0000,0.0000,0,0,0.000,1.000,19.607,-262.484,-638.684,59.942,0,0,0,99.288987
398,55.6590,walk-to-authored-tree,-283.937,-639.839,67.289,112.500,-89.731,270.657,-291.840,-651.970,-17.592,-274.219,-655.993,-9.183,1.0000,0.9375,-307.156,-634.202,59.249,-262.559,-656.182,61.168,0.2674,0.0000,1.6000,1,-100.000,550.000,0.0000,0.0000,0,0,-262.559,-656.182,61.168,0.000,0,-1.000000,1.000,28.924,-1.000000,0.0000,0.0000,0,0,0.000,1.000,19.607,-262.559,-656.182,61.168,0,0,0,99.286824
399,55.7949,walk-to-authored-tree,-283.802,-655.106,66.855,112.500,-89.343,271.064,-292.580,-652.054,-18.179,-272.349,-691.132,-14.987,1.0000,0.9375,-306.214,-654.403,56.491,-261.857,-666.948,57.788,0.3946,0.0000,1.6000,1,-100.000,550.000,0.0000,0.0000,0,0,-261.857,-666.948,57.788,0.000,0,-1.000000,1.000,28.924,-1.000000,0.0000,0.0000,0,0,0.000,1.000,19.607,-261.857,-666.948,57.788,0,0,0,99.284652
400,55.9295,walk-to-authored-tree,-283.562,-670.277,66.460,112.500,-88.936,271.487,-293.322,-655.013,-18.330,-271.515,-710.572,-18.526,1.0000,0.9375,-304.328,-679.435,55.470,-261.259,-672.538,55.165,0.5211,0.0000,1.6000,1,-100.000,550.000,0.0000,0.0000,0,0,-261.259,-672.538,55.165,0.000,0,-1.000000,1.000,28.924,-1.000000,0.0000,0.0000,0,0,0.000,1.000,19.607,-261.259,-672.538,55.165,0,0,0,99.282495
401,56.0660,walk-to-authored-tree,-283.207,-685.612,66.072,112.500,-88.513,271.935,-292.153,-682.887,-13.148,-272.260,-710.720,-18.598,1.0000,0.9375,-302.328,-702.981,58.695,-261.071,-678.846,56.975,0.6489,0.0000,1.6000,1,-100.000,550.000,0.0000,0.0000,0,0,-261.071,-678.846,56.975,0.000,0,-1.000000,1.000,28.924,-1.000000,0.0000,0.0000,0,0,0.000,1.000,19.607,-261.071,-678.846,56.975,0,0,0,99.280313
402,56.2205,walk-to-authored-tree,-282.667,-702.998,65.669,112.500,-88.065,272.470,-289.212,-725.181,-11.216,-273.166,-710.623,-19.080,1.0000,0.9375,-301.208,-722.147,59.517,-260.602,-694.068,57.548,0.7939,0.0000,1.6000,1,-100.000,550.000,0.0000,0.0000,0,0,-260.602,-694.068,57.548,0.000,0,-1.000000,1.000,28.924,-1.000000,0.0000,0.0000,0,0,0.000,1.000,19.607,-260.602,-694.068,57.548,0,0,0,99.277839
403,56.3720,walk-to-authored-tree,-281.987,-720.014,65.329,112.500,-87.530,273.026,-286.353,-761.709,-18.599,-274.243,-710.538,-19.961,1.0000,0.9375,-301.949,-732.943,54.922,-259.818,-718.305,54.018,0.9358,0.0000,1.6000,1,-100.000,550.000,0.0000,0.0000,0,0,-259.818,-718.305,54.018,0.000,0,-1.000000,1.000,28.924,-1.000000,0.0000,0.0000,0,0,0.000,1.000,19.607,-259.818,-718.305,54.018,0,0,0,99.275417
404,56.5216,walk-to-authored-tree,-281.154,-736.823,65.036,112.500,-86.974,273.612,-285.807,-772.178,-19.861,-273.934,-723.368,-18.050,1.0000,0.9375,-303.301,-739.061,54.268,-258.828,-745.901,55.261,0.0760,0.0000,1.6000,1,-100.000,550.000,0.0000,0.0000,0,0,-258.828,-745.901,55.261,0.000,0,-1.000000,1.000,28.924,-1.000000,0.0000,0.0000,0,0,0.000,1.000,19.607,-258.828,-745.901,55.261,0,0,0,99.273024
405,56.6565,walk-to-authored-tree,-280.255,-751.970,64.780,112.500,-86.388,274.177,-286.538,-772.345,-20.224,-271.066,-756.085,-12.455,1.0000,0.9375,-303.721,-748.109,56.366,-258.005,-766.643,58.221,0.2025,0.0000,1.6000,1,-100.000,550.000,0.0000,0.0000,0,0,-258.005,-766.643,58.221,0.000,0,-1.000000,1.000,28.924,-1.000000,0.0000,0.0000,0,0,0.000,1.000,19.607,-258.005,-766.643,58.221,0,0,0,99.270865
406,56.7875,walk-to-authored-tree,-279.238,-766.690,64.599,112.500,-85.823,274.761,-287.204,-772.474,-20.299,-267.032,-792.130,-13.580,1.0000,0.9375,-302.493,-763.966,55.830,-256.749,-780.427,57.615,0.3254,0.0000,1.6000,1,-100.000,550.000,0.0000,0.0000,0,0,-256.749,-780.427,57.615,0.000,0,-1.000000,1.000,28.924,-1.000000,0.0000,0.0000,0,0,0.000,1.000,19.607,-256.749,-780.427,57.615,0,0,0,99.268767
407,56.9245,walk-to-authored-tree,-278.022,-782.028,64.418,112.500,-85.239,275.410,-288.181,-772.656,-20.707,-263.421,-822.512,-20.010,1.0000,0.9375,-299.626,-787.164,53.065,-255.552,-788.285,53.707,0.4537,0.0000,1.6000,1,-100.000,550.000,0.0000,0.0000,0,0,-255.552,-788.285,53.707,0.000,0,-1.000000,1.000,28.924,-1.000000,0.0000,0.0000,0,0,0.000,1.000,19.607,-255.552,-788.285,53.707,0,0,0,99.266579
408,57.0563,walk-to-authored-tree,-276.686,-796.831,64.257,112.500,-84.590,276.084,-287.207,-786.036,-18.757,-262.827,-829.433,-20.634,1.0000,0.9375,-295.773,-811.587,54.605,-254.757,-792.996,53.564,0.5775,0.0000,1.6000,1,-100.000,550.000,0.0000,0.0000,0,0,-254.757,-792.996,53.564,0.000,0,-1.000000,1.000,28.924,-1.000000,0.0000,0.0000,0,0,0.000,1.000,19.607,-254.757,-792.996,53.564,0,0,0,99.264465
409,57.1920,walk-to-authored-tree,-275.139,-811.992,64.100,112.500,-83.916,276.828,-282.703,-818.975,-12.808,-263.364,-829.392,-20.603,1.0000,0.9375,-292.253,-832.402,57.937,-253.771,-801.524,55.972,0.7045,0.0000,1.6000,1,-100.000,550.000,0.0000,0.0000,0,0,-253.771,-801.524,55.972,0.000,0,-1.000000,1.000,28.924,-1.000000,0.0000,0.0000,0,0,0.000,1.000,19.607,-253.771,-801.524,55.972,0,0,0,99.262297
410,57.3239,walk-to-authored-tree,-273.448,-826.755,63.954,112.500,-83.172,277.616,-276.941,-855.156,-14.633,-264.008,-829.386,-21.221,1.0000,0.9375,-290.478,-846.564,56.694,-252.022,-816.955,54.854,0.8283,0.0000,1.6000,1,-100.000,550.000,0.0000,0.0000,0,0,-252.022,-816.955,54.854,0.000,0,-1.000000,1.000,28.924,-1.000000,0.0000,0.0000,0,0,0.000,1.000,19.607,-252.022,-816.955,54.854,0,0,0,99.260184
411,57.4561,walk-to-authored-tree,-271.559,-841.489,63.819,112.500,-82.384,278.477,-271.865,-884.534,-20.513,-265.002,-829.469,-21.312,1.0000,0.9375,-290.585,-854.981,53.179,-249.433,-839.049,52.494,0.9521,0.0000,1.6000,1,-100.000,550.000,0.0000,0.0000,0,0,-249.433,-839.049,52.494,0.000,0,-1.000000,1.000,28.924,-1.000000,0.0000,0.0000,0,0,0.000,1.000,19.607,-249.433,-839.049,52.494,0,0,0,99.258071
412,57.6041,walk-to-authored-tree,-269.190,-857.980,63.674,112.500,-81.523,279.539,-270.818,-891.861,-21.210,-262.952,-845.404,-18.711,1.0000,0.9375,-291.318,-861.268,53.200,-246.004,-865.850,54.338,0.0910,0.0000,1.6000,1,-100.000,550.000,0.0000,0.0000,0,0,-246.004,-865.850,54.338,0.000,0,-1.000000,1.000,28.924,-1.000000,0.0000,0.0000,0,0,0.000,1.000,19.607,-246.004,-865.850,54.338,0,0,0,99.255702
413,57.7535,walk-to-authored-tree,-266.509,-874.560,63.540,112.500,-80.461,280.748,-271.352,-892.080,-21.337,-255.806,-882.521,-12.965,1.0000,0.9375,-290.330,-872.760,55.496,-242.781,-887.229,57.413,0.2309,0.0000,1.6000,1,-100.000,550.000,0.0000,0.0000,0,0,-242.781,-887.229,57.413,0.000,0,-1.000000,1.000,28.924,-1.000000,0.0000,0.0000,0,0,0.000,1.000,19.607,-242.781,-887.229,57.413,0,0,0,99.253313
414,57.9040,walk-to-authored-tree,-263.472,-891.217,63.416,112.500,-79.252,282.150,-272.290,-892.434,-21.543,-246.923,-921.999,-17.141,1.0000,0.9375,-286.404,-893.281,53.604,-239.967,-900.371,55.105,0.3720,0.0000,1.6000,1,-100.000,550.000,0.0000,0.0000,0,0,-239.967,-900.371,55.105,0.000,0,-1.000000,1.000,28.924,-1.000000,0.0000,0.0000,0,0,0.000,1.000,19.607,-239.967,-900.371,55.105,0,0,0,99.250905
415,58.0356,walk-to-authored-tree,-260.491,-905.713,63.317,112.500,-77.850,283.589,-272.936,-892.806,-21.615,-240.255,-945.262,-21.622,1.0000,0.9375,-279.878,-916.734,52.110,-237.786,-905.750,52.180,0.4954,0.0000,1.6000,1,-100.000,550.000,0.0000,0.0000,0,0,-237.786,-905.750,52.180,0.000,0,-1.000000,1.000,28.924,-1.000000,0.0000,0.0000,0,0,0.000,1.000,19.607,-237.786,-905.750,52.180,0,0,0,99.248800
416,58.1877,walk-to-authored-tree,-256.615,-922.401,63.214,112.500,-76.411,285.539,-266.336,-920.134,-16.820,-240.241,-945.844,-21.696,1.0000,0.9375,-271.827,-942.925,55.292,-236.199,-911.685,53.648,0.6381,0.0000,1.6000,1,-100.000,550.000,0.0000,0.0000,0,0,-236.199,-911.685,53.648,0.000,0,-1.000000,1.000,28.924,-1.000000,0.0000,0.0000,0,0,0.000,1.000,19.607,-236.199,-911.685,53.648,0,0,0,99.246364
417,58.3402,walk-to-authored-tree,-252.215,-938.953,63.126,112.500,-74.461,287.979,-254.133,-959.877,-13.527,-240.719,-945.606,-21.699,1.0000,0.9375,-265.649,-962.135,57.056,-232.969,-924.839,55.055,0.7808,0.0000,1.6000,1,-100.000,550.000,0.0000,0.0000,0,0,-232.969,-924.839,55.055,0.000,0,-1.000000,1.000,28.924,-1.000000,0.0000,0.0000,0,0,0.000,1.000,19.607,-232.969,-924.839,55.055,0,0,0,99.243928
418,58.4708,walk-to-authored-tree,-247.894,-953.030,63.059,112.500,-72.021,290.751,-242.009,-991.299,-19.197,-241.456,-945.397,-21.920,1.0000,0.9375,-262.588,-972.579,53.819,-227.601,-943.103,52.589,0.9036,0.0000,1.6000,1,-100.000,550.000,0.0000,0.0000,0,0,-227.601,-943.103,52.589,0.000,0,-1.000000,1.000,28.924,-1.000000,0.0000,0.0000,0,0,0.000,1.000,19.607,-227.601,-943.103,52.589,0,0,0,99.241834
419,58.6042,walk-to-authored-tree,-242.849,-967.135,63.009,112.500,-69.249,294.551,-234.175,-1007.374,-22.005,-241.350,-949.234,-21.699,1.0000,0.9375,-261.454,-979.212,51.684,-219.896,-965.588,52.084,0.0284,0.0000,1.6000,1,-100.000,550.000,0.0000,0.0000,0,0,-219.896,-965.588,52.084,0.000,0,-1.000000,1.000,28.924,-1.000000,0.0000,0.0000,0,0,0.000,1.000,19.607,-219.896,-965.588,52.084,0,0,0,99.239703
420,58.7358,view-authored-tree,-242.849,-967.135,63.009,0.000,-69.249,294.551,-241.675,-990.946,-23.176,-233.153,-967.351,-23.337,0.3409,0.0000,-261.046,-980.510,55.698,-220.713,-964.079,55.826,0.0284,0.0000,1.6000,1,-100.000,550.000,0.0000,0.0000,0,0,-220.713,-964.079,55.826,0.000,0,-1.000000,1.000,28.924,-1.000000,0.0000,0.0000,0,0,0.000,1.000,19.607,-220.713,-964.079,55.826,0,0,0,99.237594
421,58.9172,view-authored-tree,-242.849,-967.135,63.009,0.000,-69.249,285.063,-245.623,-982.080,-21.903,-228.832,-977.148,-21.903,0.0000,0.0000,-260.832,-981.171,57.788,-221.151,-963.295,57.788,0.0284,0.0000,1.6000,1,-100.000,550.000,0.0000,0.0000,0,0,-221.151,-963.295,57.788,0.000,0,-1.000000,1.000,28.924,-1.000000,0.0000,0.0000,0,0,0.000,1.000,19.607,-221.151,-963.295,57.788,0,0,0,99.234694
422,59.0499,view-authored-tree,-242.849,-967.135,63.009,0.000,-69.249,281.451,-245.623,-982.080,-21.903,-228.832,-977.148,-21.903,0.0000,0.0000,-260.840,-981.155,57.786,-221.157,-963.279,57.786,0.0284,0.0000,1.6000,1,-100.000,550.000,0.0000,0.0000,0,0,-221.157,-963.279,57.786,0.000,0,-1.000000,1.000,28.924,-1.000000,0.0000,0.0000,0,0,0.000,1.000,19.607,-221.157,-963.279,57.786,0,0,0,99.232567
423,59.1852,view-authored-tree,-242.849,-967.135,63.009,0.000,-69.249,279.077,-245.623,-982.080,-21.903,-228.832,-977.148,-21.903,0.0000,0.0000,-260.840,-981.155,57.786,-221.157,-963.279,57.786,0.0284,0.0000,1.6000,1,-100.000,550.000,0.0000,0.0000,0,0,-221.157,-963.279,57.786,0.000,0,-1.000000,1.000,28.924,-1.000000,0.0000,0.0000,0,0,0.000,1.000,19.607,-221.157,-963.279,57.786,0,0,0,99.230405
424,59.3252,view-authored-tree,-242.849,-967.135,63.009,0.000,-69.249,277.498,-245.623,-982.080,-21.903,-228.832,-977.148,-21.903,0.0000,0.0000,-260.792,-981.251,57.800,-221.117,-963.379,57.800,0.0284,0.0000,1.6000,1,-100.000,550.000,0.0000,0.0000,0,0,-221.117,-963.379,57.800,0.000,0,-1.000000,1.000,28.924,-1.000000,0.0000,0.0000,0,0,0.000,1.000,19.607,-221.117,-963.379,57.800,0,0,0,99.228164
425,59.4641,view-authored-tree,-242.849,-967.135,63.009,0.000,-69.249,276.519,-245.623,-982.080,-21.903,-228.832,-977.148,-21.903,0.0000,0.0000,-260.752,-981.332,57.812,-221.083,-963.462,57.812,0.0284,0.0000,1.6000,1,-100.000,550.000,0.0000,0.0000,0,0,-221.083,-963.462,57.812,0.000,0,-1.000000,1.000,28.924,-1.000000,0.0000,0.0000,0,0,0.000,1.000,19.607,-221.083,-963.462,57.812,0,0,0,99.225947
426,59.6148,view-authored-tree,-242.849,-967.135,63.009,0.000,-69.249,275.845,-245.623,-982.080,-21.903,-228.832,-977.148,-21.903,0.0000,0.0000,-260.708,-981.418,57.826,-221.047,-963.552,57.826,0.0284,0.0000,1.6000,1,-100.000,550.000,0.0000,0.0000,0,0,-221.047,-963.552,57.826,0.000,0,-1.000000,1.000,28.924,-1.000000,0.0000,0.0000,0,0,0.000,1.000,19.607,-221.047,-963.552,57.826,0,0,0,99.223529
427,59.7661,view-authored-tree,-242.849,-967.135,63.009,0.000,-69.249,275.442,-245.623,-982.080,-21.903,-228.832,-977.148,-21.903,0.0000,0.0000,-260.659,-981.517,57.841,-221.006,-963.655,57.841,0.0284,0.0000,1.6000,1,-100.000,550.000,0.0000,0.0000,0,0,-221.006,-963.655,57.841,0.000,0,-1.000000,1.000,28.924,-1.000000,0.0000,0.0000,0,0,0.000,1.000,19.607,-221.006,-963.655,57.841,0,0,0,99.221112
428,59.9130,view-authored-tree,-242.849,-967.135,63.009,0.000,-69.249,275.208,-245.623,-982.080,-21.903,-228.832,-977.148,-21.903,0.0000,0.0000,-260.617,-981.601,57.854,-220.971,-963.742,57.854,0.0284,0.0000,1.6000,1,-100.000,550.000,0.0000,0.0000,0,0,-220.971,-963.742,57.854,0.000,0,-1.000000,1.000,28.924,-1.000000,0.0000,0.0000,0,0,0.000,1.000,19.607,-220.971,-963.742,57.854,0,0,0,99.218759
429,60.0524,view-authored-tree,-242.849,-967.135,63.009,0.000,-69.249,275.072,-245.623,-982.080,-21.903,-228.832,-977.148,-21.903,0.0000,0.0000,-260.579,-981.676,57.867,-220.940,-963.820,57.867,0.0284,0.0000,1.6000,1,-100.000,550.000,0.0000,0.0000,0,0,-220.940,-963.820,57.867,0.000,0,-1.000000,1.000,28.924,-1.000000,0.0000,0.0000,0,0,0.000,1.000,19.607,-220.940,-963.820,57.867,0,0,0,99.216530
430,60.1837,view-authored-tree,-242.849,-967.135,63.009,0.000,-69.249,274.992,-245.623,-982.080,-21.903,-228.832,-977.148,-21.903,0.0000,0.0000,-260.568,-981.698,57.870,-220.931,-963.843,57.870,0.0284,0.0000,1.6000,1,-100.000,550.000,0.0000,0.0000,0,0,-220.931,-963.843,57.870,0.000,0,-1.000000,1.000,28.924,-1.000000,0.0000,0.0000,0,0,0.000,1.000,19.607,-220.931,-963.843,57.870,0,0,0,99.214427
431,60.3142,view-authored-tree,-242.849,-967.135,63.009,0.000,-69.249,274.941,-245.623,-982.080,-21.903,-228.832,-977.148,-21.903,0.0000,0.0000,-260.568,-981.698,57.870,-220.931,-963.843,57.870,0.0284,0.0000,1.6000,1,-100.000,550.000,0.0000,0.0000,0,0,-220.931,-963.843,57.870,0.000,0,-1.000000,1.000,28.924,-1.000000,0.0000,0.0000,0,0,0.000,1.000,19.607,-220.931,-963.843,57.870,0,0,0,99.212346
432,60.4450,view-authored-tree,-242.849,-967.135,63.009,0.000,-69.249,274.907,-245.623,-982.080,-21.903,-228.832,-977.148,-21.903,0.0000,0.0000,-260.536,-981.762,57.881,-220.905,-963.909,57.881,0.0284,0.0000,1.6000,1,-100.000,550.000,0.0000,0.0000,0,0,-220.905,-963.909,57.881,0.000,0,-1.000000,1.000,28.924,-1.000000,0.0000,0.0000,0,0,0.000,1.000,19.607,-220.905,-963.909,57.881,0,0,0,99.210246
433,60.5924,view-authored-tree,-242.849,-967.135,63.009,0.000,-69.249,274.882,-245.623,-982.080,-21.903,-228.832,-977.148,-21.903,0.0000,0.0000,-260.536,-981.762,57.881,-220.905,-963.909,57.881,0.0284,0.0000,1.6000,1,-100.000,550.000,0.0000,0.0000,0,0,-220.905,-963.909,57.881,0.000,0,-1.000000,1.000,28.924,-1.000000,0.0000,0.0000,0,0,0.000,1.000,19.607,-220.905,-963.909,57.881,0,0,0,99.207893
434,60.7318,view-authored-tree,-242.849,-967.135,63.009,0.000,-69.249,274.868,-245.623,-982.080,-21.903,-228.832,-977.148,-21.903,0.0000,0.0000,-260.572,-981.690,57.872,-220.935,-963.834,57.872,0.0284,0.0000,1.6000,1,-100.000,550.000,0.0000,0.0000,0,0,-220.935,-963.834,57.872,0.000,0,-1.000000,1.000,28.924,-1.000000,0.0000,0.0000,0,0,0.000,1.000,19.607,-220.935,-963.834,57.872,0,0,0,99.205659
435,60.8610,view-authored-tree,-242.849,-967.135,63.009,0.000,-69.249,274.859,-245.623,-982.080,-21.903,-228.832,-977.148,-21.903,0.0000,0.0000,-260.603,-981.628,57.866,-220.960,-963.770,57.866,0.0284,0.0000,1.6000,1,-100.000,550.000,0.0000,0.0000,0,0,-220.960,-963.770,57.866,0.000,0,-1.000000,1.000,28.924,-1.000000,0.0000,0.0000,0,0,0.000,1.000,19.607,-220.960,-963.770,57.866,0,0,0,99.203594
436,60.9869,view-authored-tree,-242.849,-967.135,63.009,0.000,-69.249,274.854,-245.623,-982.080,-21.903,-228.832,-977.148,-21.903,0.0000,0.0000,-260.633,-981.569,57.849,-220.984,-963.709,57.849,0.0284,0.0000,1.6000,1,-100.000,550.000,0.0000,0.0000,0,0,-220.984,-963.709,57.849,0.000,0,-1.000000,1.000,28.924,-1.000000,0.0000,0.0000,0,0,0.000,1.000,19.607,-220.984,-963.709,57.849,0,0,0,99.201575
437,61.1173,view-authored-tree,-242.849,-967.135,63.009,0.000,-69.249,274.850,-245.623,-982.080,-21.903,-228.832,-977.148,-21.903,0.0000,0.0000,-260.674,-981.486,57.836,-221.019,-963.623,57.836,0.0284,0.0000,1.6000,1,-100.000,550.000,0.0000,0.0000,0,0,-221.019,-963.623,57.836,0.000,0,-1.000000,1.000,28.924,-1.000000,0.0000,0.0000,0,0,0.000,1.000,19.607,-221.019,-963.623,57.836,0,0,0,99.199494
438,61.2488,view-authored-tree,-242.849,-967.135,63.009,0.000,-69.249,274.848,-245.623,-982.080,-21.903,-228.832,-977.148,-21.903,0.0000,0.0000,-260.713,-981.409,57.824,-221.051,-963.542,57.824,0.0284,0.0000,1.6000,1,-100.000,550.000,0.0000,0.0000,0,0,-221.051,-963.542,57.824,0.000,0,-1.000000,1.000,28.924,-1.000000,0.0000,0.0000,0,0,0.000,1.000,19.607,-221.051,-963.542,57.824,0,0,0,99.197385
439,61.3841,view-authored-tree,-242.849,-967.135,63.009,0.000,-69.249,274.846,-245.623,-982.080,-21.903,-228.832,-977.148,-21.903,0.0000,0.0000,-260.756,-981.323,57.811,-221.087,-963.453,57.811,0.0284,0.0000,1.6000,1,-100.000,550.000,0.0000,0.0000,0,0,-221.087,-963.453,57.811,0.000,0,-1.000000,1.000,28.924,-1.000000,0.0000,0.0000,0,0,0.000,1.000,19.607,-221.087,-963.453,57.811,0,0,0,99.195224
440,61.5120,view-authored-tree,-242.849,-967.135,63.009,0.000,-69.249,274.846,-245.623,-982.080,-21.903,-228.832,-977.148,-21.903,0.0000,0.0000,-260.779,-981.278,57.802,-221.106,-963.406,57.802,0.0284,0.0000,1.6000,1,-100.000,550.000,0.0000,0.0000,0,0,-221.106,-963.406,57.802,0.000,0,-1.000000,1.000,28.924,-1.000000,0.0000,0.0000,0,0,0.000,1.000,19.607,-221.106,-963.406,57.802,0,0,0,99.193173
441,61.6582,view-authored-tree,-242.849,-967.135,63.009,0.000,-69.249,274.845,-245.623,-982.080,-21.903,-228.832,-977.148,-21.903,0.0000,0.0000,-260.788,-981.257,57.793,-221.116,-963.386,57.793,0.0284,0.0000,1.6000,1,-100.000,550.000,0.0000,0.0000,0,0,-221.116,-963.386,57.793,0.000,0,-1.000000,1.000,28.924,-1.000000,0.0000,0.0000,0,0,0.000,1.000,19.607,-221.116,-963.386,57.793,0,0,0,99.190842
442,61.8243,walk-into-authored-trunk,-242.849,-967.135,63.009,0.000,-69.249,274.845,-245.623,-982.080,-21.903,-228.832,-977.148,-21.903,0.0000,0.0000,-260.832,-981.171,57.788,-221.151,-963.295,57.788,0.0284,0.0000,1.6000,1,-100.000,550.000,0.0000,0.0000,0,0,-221.151,-963.295,57.788,0.000,0,-1.000000,1.000,28.924,-1.000000,0.0000,0.0000,0,0,0.000,1.000,19.607,-221.151,-963.295,57.788,0,0,0,99.188177
443,61.9689,walk-into-authored-trunk,-242.337,-973.174,62.966,63.060,-85.155,274.845,-247.147,-1000.395,-22.560,-234.199,-968.701,-20.794,0.7207,0.5255,-264.549,-976.309,53.982,-219.854,-981.124,54.888,0.1041,0.0000,1.6000,1,-100.000,550.000,0.0000,0.0000,0,0,-219.854,-981.124,54.888,0.000,0,-1.000000,1.000,28.924,-1.000000,0.0000,0.0000,0,0,0.000,1.000,19.607,-219.854,-981.124,54.888,0,0,0,99.185870
444,62.1236,walk-into-authored-trunk,-241.005,-988.889,62.857,112.500,-85.155,274.845,-247.605,-1003.837,-22.042,-230.465,-1001.085,-13.547,1.0000,0.9375,-264.604,-984.932,54.856,-218.389,-1003.568,56.770,0.2494,0.0000,1.6000,1,-100.000,550.000,0.0000,0.0000,0,0,-218.389,-1003.568,56.770,0.000,0,-1.000000,1.000,28.924,-1.000000,0.0000,0.0000,0,0,0.000,1.000,19.607,-218.389,-1003.568,56.770,0,0,0,99.183391
445,62.2660,walk-into-authored-trunk,-239.655,-1004.824,62.754,112.500,-85.155,274.845,-248.805,-1003.942,-22.055,-226.238,-1038.497,-18.214,1.0000,0.9375,-262.603,-1005.085,52.875,-217.275,-1015.784,54.284,0.3827,0.0000,1.6000,1,-100.000,550.000,0.0000,0.0000,0,0,-217.275,-1015.784,54.284,0.000,0,-1.000000,1.000,28.924,-1.000000,0.0000,0.0000,0,0,0.000,1.000,19.607,-217.275,-1015.784,54.284,0,0,0,99.181117
446,62.4077,walk-into-authored-trunk,-238.306,-1020.734,62.658,112.500,-85.155,274.845,-249.025,-1005.952,-22.174,-223.487,-1060.787,-22.289,1.0000,0.9375,-258.491,-1030.813,51.615,-215.843,-1021.953,51.387,0.5158,0.0000,1.6000,1,-100.000,550.000,0.0000,0.0000,0,0,-215.843,-1021.953,51.387,0.000,0,-1.000000,1.000,28.924,-1.000000,0.0000,0.0000,0,0,0.000,1.000,19.607,-215.843,-1021.953,51.387,0,0,0,99.178846
447,62.5508,walk-into-authored-trunk,-236.950,-1036.735,62.624,112.500,-85.155,274.845,-246.029,-1034.630,-16.544,-224.564,-1061.084,-22.030,1.0000,0.9375,-255.015,-1055.223,55.281,-215.255,-1028.650,53.556,0.6496,0.0000,1.6000,1,-100.000,550.000,0.0000,0.0000,0,0,-215.255,-1028.650,53.556,0.000,0,-1.000000,1.000,28.924,-1.000000,0.0000,0.0000,0,0,0.000,1.000,19.607,-215.255,-1028.650,53.556,0,0,0,99.176562
448,62.6917,walk-into-authored-trunk,-235.608,-1052.567,62.624,112.500,-85.155,274.845,-241.345,-1072.969,-14.039,-225.563,-1061.107,-22.195,1.0000,0.9375,-253.112,-1072.842,56.551,-214.074,-1042.283,54.552,0.7820,0.0000,1.6000,1,-100.000,550.000,0.0000,0.0000,0,0,-214.074,-1042.283,54.552,0.000,0,-1.000000,1.000,28.924,-1.000000,0.0000,0.0000,0,0,0.000,1.000,19.607,-214.074,-1042.283,54.552,0,0,0,99.174302
449,62.8284,walk-into-authored-trunk,-234.312,-1067.855,62.364,112.500,-85.155,274.845,-237.216,-1107.113,-20.275,-226.440,-1061.139,-22.703,1.0000,0.9375,-253.198,-1083.181,52.880,-212.282,-1063.270,51.708,0.9098,0.0000,1.6000,1,-100.000,550.000,0.0000,0.0000,0,0,-212.282,-1063.270,51.708,0.000,0,-1.000000,1.000,28.924,-1.000000,0.0000,0.0000,0,0,0.000,1.000,19.607,-212.282,-1063.270,51.708,0,0,0,99.172120
450,62.9797,walk-into-authored-trunk,-232.871,-1084.850,62.364,112.500,-85.155,274.845,-235.973,-1123.138,-22.461,-226.390,-1069.196,-21.569,1.0000,0.9375,-254.526,-1089.590,51.355,-210.331,-1091.466,52.064,0.0520,0.0000,1.6000,1,-100.000,550.000,0.0000,0.0000,0,0,-210.331,-1091.466,52.064,0.000,0,-1.000000,1.000,28.924,-1.000000,0.0000,0.0000,0,0,0.000,1.000,19.607,-210.331,-1091.466,52.064,0,0,0,99.169694
451,63.1321,walk-into-authored-trunk,-231.423,-1101.932,62.364,112.500,-85.155,274.845,-237.131,-1123.369,-22.675,-222.335,-1104.554,-15.191,1.0000,0.9375,-254.914,-1098.769,53.807,-208.858,-1115.939,55.636,0.1948,0.0000,1.6000,1,-100.000,550.000,0.0000,0.0000,0,0,-208.858,-1115.939,55.636,0.000,0,-1.000000,1.000,28.924,-1.000000,0.0000,0.0000,0,0,0.000,1.000,19.607,-208.858,-1115.939,55.636,0,0,0,99.167256
452,63.2681,walk-into-authored-trunk,-230.130,-1117.194,62.364,112.500,-85.155,274.845,-237.962,-1123.422,-22.523,-217.679,-1142.030,-15.671,1.0000,0.9375,-253.423,-1114.642,53.657,-207.468,-1130.763,55.456,0.3225,0.0000,1.6000,1,-100.000,550.000,0.0000,0.0000,0,0,-207.468,-1130.763,55.456,0.000,0,-1.000000,1.000,28.924,-1.000000,0.0000,0.0000,0,0,0.000,1.000,19.607,-207.468,-1130.763,55.456,0,0,0,99.165078
453,63.4034,walk-into-authored-trunk,-228.846,-1132.332,62.111,112.500,-85.155,274.845,-238.907,-1123.504,-23.007,-214.185,-1172.518,-22.186,1.0000,0.9375,-250.492,-1137.134,50.791,-206.321,-1138.893,51.491,0.4491,0.0000,1.6000,1,-100.000,550.000,0.0000,0.0000,0,0,-206.321,-1138.893,51.491,0.000,0,-1.000000,1.000,28.924,-1.000000,0.0000,0.0000,0,0,0.000,1.000,19.607,-206.321,-1138.893,51.491,0,0,0,99.162917
454,63.5398,walk-into-authored-trunk,-227.548,-1147.650,62.111,112.500,-85.155,274.805,-237.973,-1136.719,-20.913,-214.011,-1180.427,-22.775,1.0000,0.9375,-246.791,-1162.197,52.454,-205.586,-1144.057,51.417,0.5772,0.0000,1.6000,1,-100.000,550.000,0.0000,0.0000,0,0,-205.586,-1144.057,51.417,0.000,0,-1.000000,1.000,28.924,-1.000000,0.0000,0.0000,0,0,0.000,1.000,19.607,-205.586,-1144.057,51.417,0,0,0,99.160731
455,63.6727,walk-into-authored-trunk,-226.293,-1162.537,62.111,112.500,-85.195,274.698,-234.076,-1168.836,-14.842,-214.863,-1180.508,-22.569,1.0000,0.9375,-243.869,-1182.507,55.928,-204.684,-1152.610,53.971,0.7017,0.0000,1.6000,1,-100.000,550.000,0.0000,0.0000,0,0,-204.684,-1152.610,53.971,0.000,0,-1.000000,1.000,28.924,-1.000000,0.0000,0.0000,0,0,0.000,1.000,19.607,-204.684,-1152.610,53.971,0,0,0,99.158606
456,63.8024,walk-into-authored-trunk,-225.088,-1177.088,62.111,112.500,-85.302,274.547,-229.765,-1204.537,-16.314,-215.673,-1180.681,-23.133,1.0000,0.9375,-242.820,-1196.396,54.903,-203.339,-1167.934,53.039,0.8234,0.0000,1.6000,1,-100.000,550.000,0.0000,0.0000,0,0,-203.339,-1167.934,53.039,0.000,0,-1.000000,1.000,28.924,-1.000000,0.0000,0.0000,0,0,0.000,1.000,19.607,-203.339,-1167.934,53.039,0,0,0,99.156529
457,63.9608,walk-into-authored-trunk,-223.660,-1194.843,62.111,112.500,-85.453,274.323,-226.318,-1238.913,-22.493,-216.983,-1180.829,-22.881,1.0000,0.9375,-243.934,-1205.783,51.209,-201.524,-1195.182,50.811,0.9718,0.0000,1.6000,1,-100.000,550.000,0.0000,0.0000,0,0,-201.524,-1195.182,50.811,0.000,0,-1.000000,1.000,28.924,-1.000000,0.0000,0.0000,0,0,0.000,1.000,19.607,-201.524,-1195.182,50.811,0,0,0,99.153996
458,64.1044,walk-into-authored-trunk,-222.420,-1210.968,62.111,112.500,-85.677,274.087,-226.821,-1242.779,-22.845,-215.123,-1200.625,-19.562,1.0000,0.9375,-245.011,-1211.625,51.886,-199.920,-1221.457,53.179,0.1066,0.0000,1.6000,1,-100.000,550.000,0.0000,0.0000,0,0,-199.920,-1221.457,53.179,0.000,0,-1.000000,1.000,28.924,-1.000000,0.0000,0.0000,0,0,0.000,1.000,19.607,-199.920,-1221.457,53.179,0,0,0,99.151696
459,64.2357,walk-into-authored-trunk,-221.346,-1225.676,62.111,112.500,-85.913,273.851,-227.811,-1242.834,-22.763,-211.476,-1234.379,-14.420,1.0000,0.9375,-244.888,-1221.641,54.063,-198.931,-1240.527,55.978,0.2295,0.0000,1.6000,1,-100.000,550.000,0.0000,0.0000,0,0,-198.931,-1240.527,55.978,0.000,0,-1.000000,1.000,28.924,-1.000000,0.0000,0.0000,0,0,0.000,1.000,19.607,-198.931,-1240.527,55.978,0,0,0,99.149598
460,64.3699,walk-into-authored-trunk,-220.306,-1240.751,61.858,112.500,-86.149,273.593,-228.866,-1242.921,-22.950,-207.768,-1270.995,-17.658,1.0000,0.9375,-243.426,-1239.170,52.573,-198.013,-1253.493,54.198,0.3554,0.0000,1.6000,1,-100.000,550.000,0.0000,0.0000,0,0,-198.013,-1253.493,54.198,0.000,0,-1.000000,1.000,28.924,-1.000000,0.0000,0.0000,0,0,0.000,1.000,19.607,-198.013,-1253.493,54.198,0,0,0,99.147449
461,64.5036,walk-into-authored-trunk,-219.339,-1255.744,61.858,112.500,-86.407,273.324,-229.880,-1242.945,-23.096,-205.616,-1297.679,-23.005,1.0000,0.9375,-240.788,-1262.624,50.568,-197.240,-1260.381,50.842,0.4806,0.0000,1.6000,1,-100.000,550.000,0.0000,0.0000,0,0,-197.240,-1260.381,50.842,0.000,0,-1.000000,1.000,28.924,-1.000000,0.0000,0.0000,0,0,0.000,1.000,19.607,-197.240,-1260.381,50.842,0,0,0,99.145313
462,64.6554,walk-into-authored-trunk,-218.318,-1272.818,61.858,112.500,-86.676,273.003,-227.629,-1266.733,-18.902,-206.108,-1300.576,-23.016,1.0000,0.9375,-237.073,-1289.529,53.521,-196.220,-1266.707,52.017,0.6231,0.0000,1.6000,1,-100.000,550.000,0.0000,0.0000,0,0,-196.220,-1266.707,52.017,0.000,0,-1.000000,1.000,28.924,-1.000000,0.0000,0.0000,0,0,0.000,1.000,19.607,-196.220,-1266.707,52.017,0,0,0,99.142880
463,64.8059,walk-into-authored-trunk,-217.400,-1289.704,61.858,112.500,-86.997,272.670,-224.164,-1306.777,-14.602,-207.424,-1300.639,-23.023,1.0000,0.9375,-235.527,-1309.564,55.844,-195.577,-1279.921,53.824,0.7640,0.0000,1.6000,1,-100.000,550.000,0.0000,0.0000,0,0,-195.577,-1279.921,53.824,0.000,0,-1.000000,1.000,28.924,-1.000000,0.0000,0.0000,0,0,0.000,1.000,19.607,-195.577,-1279.921,53.824,0,0,0,99.140475
464,64.9576,walk-into-authored-trunk,-216.570,-1306.763,61.858,112.500,-87.330,272.318,-220.981,-1345.521,-20.573,-208.391,-1300.766,-23.162,1.0000,0.9375,-235.958,-1321.571,52.508,-194.378,-1302.757,51.304,0.9064,0.0000,1.6000,1,-100.000,550.000,0.0000,0.0000,0,0,-194.378,-1302.757,51.304,0.000,0,-1.000000,1.000,28.924,-1.000000,0.0000,0.0000,0,0,0.000,1.000,19.607,-194.378,-1302.757,51.304,0,0,0,99.138046
465,65.1045,walk-into-authored-trunk,-215.868,-1323.260,61.858,112.500,-87.682,271.962,-220.532,-1362.316,-23.037,-208.717,-1307.457,-22.367,1.0000,0.9375,-237.569,-1327.635,50.725,-193.608,-1330.250,51.329,0.0440,0.0000,1.6000,1,-100.000,550.000,0.0000,0.0000,0,0,-193.608,-1330.250,51.329,0.000,0,-1.000000,1.000,28.924,-1.000000,0.0000,0.0000,0,0,0.000,1.000,19.607,-193.608,-1330.250,51.329,0,0,0,99.135697
466,65.2367,walk-into-authored-trunk,-215.323,-1338.133,61.858,112.500,-88.038,271.628,-221.741,-1362.539,-23.127,-206.764,-1336.719,-16.698,1.0000,0.9375,-238.431,-1334.632,52.870,-193.401,-1352.514,54.599,0.1680,0.0000,1.6000,1,-100.000,550.000,0.0000,0.0000,0,0,-193.401,-1352.514,54.599,0.000,0,-1.000000,1.000,28.924,-1.000000,0.0000,0.0000,0,0,0.000,1.000,19.607,-193.401,-1352.514,54.599,0,0,0,99.133581
467,65.3877,walk-into-authored-trunk,-214.804,-1355.093,61.858,112.500,-88.372,271.232,-222.859,-1362.446,-23.089,-203.992,-1378.420,-15.718,1.0000,0.9375,-238.009,-1350.786,53.321,-192.993,-1370.270,55.158,0.3094,0.0000,1.6000,1,-100.000,550.000,0.0000,0.0000,0,0,-192.993,-1370.270,55.158,0.000,0,-1.000000,1.000,28.924,-1.000000,0.0000,0.0000,0,0,0.000,1.000,19.607,-192.993,-1370.270,55.158,0,0,0,99.131168
468,65.5400,walk-into-authored-trunk,-214.396,-1372.225,61.858,112.500,-88.768,270.813,-223.934,-1362.414,-23.274,-202.309,-1413.445,-22.541,1.0000,0.9375,-236.283,-1375.902,50.504,-192.345,-1379.961,51.164,0.4522,0.0000,1.6000,1,-100.000,550.000,0.0000,0.0000,0,0,-192.345,-1379.961,51.164,0.000,0,-1.000000,1.000,28.924,-1.000000,0.0000,0.0000,0,0,0.000,1.000,19.607,-192.345,-1379.961,51.164,0,0,0,99.128730
469,65.6723,walk-into-authored-trunk,-214.143,-1387.116,61.858,112.500,-89.187,270.432,-223.792,-1375.395,-21.192,-202.948,-1420.868,-23.016,1.0000,0.9375,-234.383,-1400.222,52.189,-191.995,-1385.142,51.161,0.5763,0.0000,1.6000,1,-100.000,550.000,0.0000,0.0000,0,0,-191.995,-1385.142,51.161,0.000,0,-1.000000,1.000,28.924,-1.000000,0.0000,0.0000,0,0,0.000,1.000,19.607,-191.995,-1385.142,51.161,0,0,0,99.126612
470,65.8059,walk-into-authored-trunk,-213.990,-1402.160,61.858,112.500,-89.568,270.029,-222.230,-1407.847,-15.095,-203.964,-1420.950,-22.822,1.0000,0.9375,-233.037,-1420.731,55.675,-191.687,-1393.909,53.718,0.7017,0.0000,1.6000,1,-100.000,550.000,0.0000,0.0000,0,0,-191.687,-1393.909,53.718,0.000,0,-1.000000,1.000,28.924,-1.000000,0.0000,0.0000,0,0,0.000,1.000,19.607,-191.687,-1393.909,53.718,0,0,0,99.124473
471,65.9393,walk-into-authored-trunk,-213.941,-1417.143,61.858,112.500,-89.971,269.611,-220.795,-1444.639,-16.672,-204.868,-1421.096,-23.342,1.0000,0.9375,-233.192,-1434.850,54.617,-191.510,-1409.891,52.768,0.8265,0.0000,1.6000,1,-100.000,550.000,0.0000,0.0000,0,0,-191.510,-1409.891,52.768,0.000,0,-1.000000,1.000,28.924,-1.000000,0.0000,0.0000,0,0,0.000,1.000,19.607,-191.510,-1409.891,52.768,0,0,0,99.122341
472,66.0722,walk-into-authored-trunk,-213.999,-1432.112,61.858,112.500,-90.389,269.173,-220.286,-1474.640,-22.460,-205.814,-1421.227,-23.279,1.0000,0.9375,-234.696,-1442.890,51.231,-191.736,-1432.708,50.532,0.9513,0.0000,1.6000,1,-100.000,550.000,0.0000,0.0000,0,0,-191.736,-1432.708,50.532,0.000,0,-1.000000,1.000,28.924,-1.000000,0.0000,0.0000,0,0,0.000,1.000,19.607,-191.736,-1432.708,50.532,0,0,0,99.120213
473,66.2060,walk-into-authored-trunk,-214.171,-1447.143,61.858,112.500,-90.827,268.712,-221.189,-1482.044,-23.035,-206.058,-1434.252,-21.201,1.0000,0.9375,-236.421,-1447.848,51.102,-192.505,-1457.735,52.100,0.0765,0.0000,1.6000,1,-100.000,550.000,0.0000,0.0000,0,0,-192.505,-1457.735,52.100,0.000,0,-1.000000,1.000,28.924,-1.000000,0.0000,0.0000,0,0,0.000,1.000,19.607,-192.505,-1457.735,52.100,0,0,0,99.118075
474,66.3435,walk-into-authored-trunk,-214.472,-1462.624,62.126,112.500,-91.288,268.211,-222.476,-1482.006,-22.842,-205.636,-1468.079,-15.003,1.0000,0.9375,-237.529,-1456.729,53.784,-193.555,-1479.193,55.649,0.2056,0.0000,1.6000,1,-100.000,550.000,0.0000,0.0000,0,0,-193.555,-1479.193,55.649,0.000,0,-1.000000,1.000,28.924,-1.000000,0.0000,0.0000,0,0,0.000,1.000,19.607,-193.555,-1479.193,55.649,0,0,0,99.115873
475,66.4979,walk-into-authored-trunk,-214.961,-1479.980,62.126,112.500,-91.789,267.618,-223.655,-1481.950,-22.573,-205.449,-1510.578,-16.998,1.0000,0.9375,-237.819,-1475.866,53.065,-194.038,-1495.099,54.725,0.3503,0.0000,1.6000,1,-100.000,550.000,0.0000,0.0000,0,0,-194.038,-1495.099,54.725,0.000,0,-1.000000,1.000,28.924,-1.000000,0.0000,0.0000,0,0,0.000,1.000,19.607,-194.038,-1495.099,54.725,0,0,0,99.113403
476,66.6451,walk-into-authored-trunk,-215.593,-1496.543,62.126,112.500,-92.382,267.011,-224.612,-1481.761,-22.814,-206.157,-1539.819,-22.792,1.0000,0.9375,-237.422,-1501.786,50.875,-193.897,-1502.829,51.041,0.4884,0.0000,1.6000,1,-100.000,550.000,0.0000,0.0000,0,0,-193.897,-1502.829,51.041,0.000,0,-1.000000,1.000,28.924,-1.000000,0.0000,0.0000,0,0,0.000,1.000,19.607,-193.897,-1502.829,51.041,0,0,0,99.111046
477,66.7972,walk-into-authored-trunk,-216.422,-1513.620,62.376,112.500,-92.989,266.340,-225.058,-1507.641,-18.097,-207.380,-1541.614,-22.603,1.0000,0.9375,-236.874,-1528.595,54.171,-193.784,-1509.560,52.586,0.6309,0.0000,1.6000,1,-100.000,550.000,0.0000,0.0000,0,0,-193.784,-1509.560,52.586,0.000,0,-1.000000,1.000,28.924,-1.000000,0.0000,0.0000,0,0,0.000,1.000,19.607,-193.784,-1509.560,52.586,0,0,0,99.108614
478,66.9424,walk-into-authored-trunk,-217.400,-1529.947,62.376,112.500,-93.660,265.648,-226.096,-1546.676,-14.094,-208.754,-1541.603,-22.494,1.0000,0.9375,-237.710,-1547.553,56.356,-194.588,-1522.781,54.338,0.7672,0.0000,1.6000,1,-100.000,550.000,0.0000,0.0000,0,0,-194.588,-1522.781,54.338,0.000,0,-1.000000,1.000,28.924,-1.000000,0.0000,0.0000,0,0,0.000,1.000,19.607,-194.588,-1522.781,54.338,0,0,0,99.106288
479,67.0737,walk-into-authored-trunk,-218.450,-1544.657,62.376,112.500,-94.352,264.973,-227.579,-1580.772,-19.264,-209.664,-1541.658,-22.715,1.0000,0.9375,-239.413,-1557.964,53.428,-195.876,-1542.294,52.070,0.8901,0.0000,1.6000,1,-100.000,550.000,0.0000,0.0000,0,0,-195.876,-1542.294,52.070,0.000,0,-1.000000,1.000,28.924,-1.000000,0.0000,0.0000,0,0,0.000,1.000,19.607,-195.876,-1542.294,52.070,0,0,0,99.104191
480,67.2064,walk-into-authored-trunk,-219.690,-1559.552,62.376,112.500,-95.027,264.237,-229.522,-1601.232,-22.569,-210.635,-1543.624,-22.490,1.0000,0.9375,-241.699,-1563.497,51.107,-198.288,-1567.056,51.320,0.0146,0.0000,1.6000,1,-100.000,550.000,0.0000,0.0000,0,0,-198.288,-1567.056,51.320,0.000,0,-1.000000,1.000,28.924,-1.000000,0.0000,0.0000,0,0,0.000,1.000,19.607,-198.288,-1567.056,51.320,0,0,0,99.102065
481,67.3407,walk-into-authored-trunk,-221.132,-1574.583,62.645,112.500,-95.763,263.431,-230.856,-1601.035,-22.187,-212.281,-1570.263,-17.145,1.0000,0.9375,-243.552,-1569.354,53.237,-201.135,-1590.679,54.837,0.1405,0.0000,1.6000,1,-100.000,550.000,0.0000,0.0000,0,0,-201.135,-1590.679,54.837,0.000,0,-1.000000,1.000,28.924,-1.000000,0.0000,0.0000,0,0,0.000,1.000,19.607,-201.135,-1590.679,54.837,0,0,0,99.099917
482,67.4913,walk-into-authored-trunk,-222.986,-1591.431,62.645,112.500,-96.569,262.442,-232.214,-1600.872,-22.180,-215.409,-1611.116,-14.008,1.0000,0.9375,-245.406,-1583.263,54.569,-203.695,-1610.050,56.468,0.2817,0.0000,1.6000,1,-100.000,550.000,0.0000,0.0000,0,0,-203.695,-1610.050,56.468,0.000,0,-1.000000,1.000,28.924,-1.000000,0.0000,0.0000,0,0,0.000,1.000,19.607,-203.695,-1610.050,56.468,0,0,0,99.097507
483,67.6410,walk-into-authored-trunk,-225.101,-1608.104,62.909,112.500,-97.558,261.343,-233.067,-1600.606,-21.979,-219.048,-1648.313,-20.078,1.0000,0.9375,-247.138,-1606.122,52.213,-204.694,-1621.273,53.238,0.4218,0.0000,1.6000,1,-100.000,550.000,0.0000,0.0000,0,0,-204.694,-1621.273,53.238,0.000,0,-1.000000,1.000,28.924,-1.000000,0.0000,0.0000,0,0,0.000,1.000,19.607,-204.694,-1621.273,53.238,0,0,0,99.095116
484,67.8282,walk-into-authored-trunk,-228.162,-1628.975,62.909,112.500,-98.657,259.778,-235.630,-1617.947,-19.393,-222.155,-1661.618,-22.199,1.0000,0.9375,-249.943,-1639.914,53.554,-205.446,-1629.145,52.311,0.5976,0.0000,1.6000,1,-100.000,550.000,0.0000,0.0000,0,0,-205.446,-1629.145,52.311,0.000,0,-1.000000,1.000,28.924,-1.000000,0.0000,0.0000,0,0,0.000,1.000,19.607,-205.446,-1629.145,52.311,0,0,0,99.092116
485,67.9737,walk-into-authored-trunk,-230.923,-1645.097,63.162,112.500,-100.222,258.308,-240.773,-1654.742,-13.339,-224.124,-1661.643,-21.702,1.0000,0.9375,-253.113,-1660.274,57.145,-207.441,-1640.576,55.126,0.7339,0.0000,1.6000,1,-100.000,550.000,0.0000,0.0000,0,0,-207.441,-1640.576,55.126,0.000,0,-1.000000,1.000,28.924,-1.000000,0.0000,0.0000,0,0,0.000,1.000,19.607,-207.441,-1640.576,55.126,0,0,0,99.089790
486,68.1228,walk-into-authored-trunk,-234.182,-1661.572,63.162,112.500,-101.692,256.534,-247.640,-1694.124,-17.401,-225.443,-1661.627,-21.715,1.0000,0.9375,-256.773,-1672.971,54.919,-211.370,-1661.154,53.418,0.8738,0.0000,1.6000,1,-100.000,550.000,0.0000,0.0000,0,0,-211.370,-1661.154,53.418,0.000,0,-1.000000,1.000,28.924,-1.000000,0.0000,0.0000,0,0,0.000,1.000,19.607,-211.370,-1661.154,53.418,0,0,0,99.087401
487,68.2588,walk-into-authored-trunk,-236.251,-1674.227,63.381,57.756,-103.466,254.573,-251.912,-1713.365,-20.642,-226.113,-1666.864,-21.879,1.0000,0.4813,-258.960,-1680.937,52.925,-214.508,-1678.923,52.065,0.9391,0.0000,1.6000,1,-100.000,550.000,0.0000,0.0000,0,0,-214.508,-1678.923,52.065,0.000,0,-1.000000,1.000,28.924,-1.000000,0.0000,0.0000,0,0,0.000,1.000,19.607,-214.508,-1678.923,52.065,0,0,0,99.085231
488,68.3954,walk-into-authored-trunk,-232.779,-1676.658,63.414,29.196,-105.427,252.135,-249.347,-1712.423,-22.163,-222.563,-1669.994,-22.326,0.8342,0.2433,-255.573,-1679.558,53.443,-212.252,-1684.905,53.121,0.9724,0.0000,1.6000,1,-100.000,550.000,0.0000,0.0000,0,0,-212.252,-1684.905,53.121,0.000,0,-1.000000,1.000,28.924,-1.000000,0.0000,0.0000,0,0,0.000,1.000,19.607,-212.252,-1684.905,53.121,0,0,0,99.083040
489,68.5273,walk-into-authored-trunk,-229.940,-1678.729,63.442,26.328,-107.865,249.477,-247.348,-1711.544,-22.759,-219.280,-1672.311,-22.732,0.7522,0.2194,-252.517,-1678.802,53.744,-210.403,-1689.684,53.753,0.0013,0.0000,1.6000,1,-100.000,550.000,0.0000,0.0000,0,0,-210.403,-1689.684,53.753,0.000,0,-1.000000,1.000,28.924,-1.000000,0.0000,0.0000,0,0,0.000,1.000,19.607,-210.403,-1689.684,53.753,0,0,0,99.080934
490,68.6567,walk-into-authored-trunk,-227.402,-1680.764,63.469,25.120,-110.523,246.820,-245.285,-1709.503,-22.610,-216.850,-1676.233,-22.626,0.7177,0.2093,-249.611,-1678.180,53.866,-208.994,-1694.109,54.154,0.0284,0.0000,1.6000,1,-100.000,550.000,0.0000,0.0000,0,0,-208.994,-1694.109,54.154,0.000,0,-1.000000,1.000,28.924,-1.000000,0.0000,0.0000,0,0,0.000,1.000,19.607,-208.994,-1694.109,54.154,0,0,0,99.078860
491,68.8006,walk-into-authored-trunk,-224.757,-1683.051,63.498,24.547,-113.180,243.907,-242.997,-1708.188,-22.298,-214.570,-1680.474,-21.913,0.7013,0.2046,-246.497,-1677.946,54.185,-207.699,-1698.651,54.746,0.0578,0.0000,1.6000,1,-100.000,550.000,0.0000,0.0000,0,0,-207.699,-1698.651,54.746,0.000,0,-1.000000,1.000,28.924,-1.000000,0.0000,0.0000,0,0,0.000,1.000,19.607,-207.699,-1698.651,54.746,0,0,0,99.076560
492,68.9419,walk-into-authored-trunk,-222.323,-1685.392,63.527,24.120,-116.093,241.097,-240.761,-1707.153,-22.076,-212.755,-1685.218,-20.991,0.6892,0.2010,-243.330,-1677.848,54.541,-206.677,-1703.033,55.322,0.0863,0.0000,1.6000,1,-100.000,550.000,0.0000,0.0000,0,0,-206.677,-1703.033,55.322,0.000,0,-1.000000,1.000,28.924,-1.000000,0.0000,0.0000,0,0,0.000,1.000,19.607,-206.677,-1703.033,55.322,0,0,0,99.074297
493,69.0921,walk-into-authored-trunk,-219.884,-1687.944,63.557,23.843,-118.903,238.176,-238.295,-1706.333,-21.969,-211.438,-1690.354,-19.986,0.6812,0.1987,-240.145,-1678.124,54.865,-205.839,-1707.343,55.863,0.1161,0.0000,1.6000,1,-100.000,550.000,0.0000,0.0000,0,0,-205.839,-1707.343,55.863,0.000,0,-1.000000,1.000,28.924,-1.000000,0.0000,0.0000,0,0,0.000,1.000,19.607,-205.839,-1707.343,55.863,0,0,0,99.071898
494,69.2366,retreat-from-authored-trunk,-217.703,-1690.509,63.587,23.535,-121.824,235.407,-235.809,-1705.747,-21.708,-210.739,-1695.944,-18.883,0.6724,0.1961,-237.083,-1678.815,55.379,-205.172,-1711.367,56.537,0.1445,0.0000,1.6000,1,-100.000,550.000,0.0000,0.0000,0,0,-205.172,-1711.367,56.537,0.000,0,-1.000000,1.000,28.924,-1.000000,0.0000,0.0000,0,0,0.000,1.000,19.607,-205.172,-1711.367,56.537,0,0,0,99.069582
495,69.3825,retreat-from-authored-trunk,-212.894,-1685.879,63.587,64.858,-78.084,232.662,-216.776,-1704.482,-21.265,-202.191,-1692.172,-13.038,1.0000,0.5405,-236.755,-1685.173,55.523,-188.681,-1697.473,57.430,0.2233,0.0000,1.6000,1,-100.000,550.000,0.0000,0.0000,0,0,-188.681,-1697.473,57.430,0.000,0,-1.000000,1.000,28.924,-1.000000,0.0000,0.0000,0,0,0.000,1.000,19.607,-188.681,-1697.473,57.430,0,0,0,99.067249
496,69.5292,retreat-from-authored-trunk,-204.289,-1674.793,63.587,101.250,-34.027,231.111,-206.937,-1683.378,-21.148,-173.768,-1682.799,-15.432,1.0000,0.8438,-220.081,-1691.857,54.558,-180.240,-1665.221,56.234,0.3472,0.0000,1.6000,1,-100.000,550.000,0.0000,0.0000,0,0,-180.240,-1665.221,56.234,0.000,0,-1.000000,1.000,28.924,-1.000000,0.0000,0.0000,0,0,0.000,1.000,19.607,-180.240,-1665.221,56.234,0,0,0,99.064900
497,69.6624,retreat-from-authored-trunk,-196.020,-1664.375,63.587,101.250,5.384,230.912,-205.779,-1674.747,-21.515,-155.442,-1649.335,-20.923,1.0000,0.8438,-190.298,-1685.873,52.237,-190.325,-1641.888,52.823,0.4580,0.0000,1.6000,1,-100.000,550.000,0.0000,0.0000,0,0,-190.325,-1641.888,52.823,0.000,0,-1.000000,1.000,28.924,-1.000000,0.0000,0.0000,0,0,0.000,1.000,19.607,-190.325,-1641.888,52.823,0,0,0,99.062798
498,69.7930,retreat-from-authored-trunk,-187.593,-1653.949,63.587,101.250,45.103,230.912,-189.605,-1669.592,-19.646,-170.664,-1621.840,-21.189,1.0000,0.8438,-164.243,-1659.682,53.829,-204.052,-1639.195,52.870,0.5697,0.0000,1.6000,1,-100.000,550.000,0.0000,0.0000,0,0,-204.052,-1639.195,52.870,0.000,0,-1.000000,1.000,28.924,-1.000000,0.0000,0.0000,0,0,0.000,1.000,19.607,-204.052,-1639.195,52.870,0,0,0,99.060679
499,69.9233,retreat-from-authored-trunk,-179.297,-1643.728,63.587,101.250,50.912,230.912,-171.523,-1647.584,-14.761,-173.560,-1620.615,-21.671,1.0000,0.8438,-153.088,-1641.991,56.408,-201.382,-1635.362,54.531,0.6794,0.0000,1.6000,1,-100.000,550.000,0.0000,0.0000,0,0,-201.382,-1635.362,54.531,0.000,0,-1.000000,1.000,28.924,-1.000000,0.0000,0.0000,0,0,0.000,1.000,19.607,-201.382,-1635.362,54.531,0,0,0,99.058599
500,70.0749,retreat-from-authored-trunk,-169.609,-1631.800,63.333,101.250,50.912,230.912,-148.756,-1617.414,-14.205,-172.759,-1621.125,-21.657,1.0000,0.8438,-143.213,-1629.777,56.716,-191.919,-1623.760,54.788,0.8075,0.0000,1.6000,1,-100.000,550.000,0.0000,0.0000,0,0,-191.919,-1623.760,54.788,0.000,0,-1.000000,1.000,28.924,-1.000000,0.0000,0.0000,0,0,0.000,1.000,19.607,-191.919,-1623.760,54.788,0,0,0,99.056171
501,70.2252,retreat-from-authored-trunk,-160.015,-1619.989,63.333,101.250,50.912,230.912,-129.144,-1591.782,-20.549,-171.987,-1621.807,-21.968,1.0000,0.8438,-136.440,-1623.465,52.949,-177.805,-1606.657,52.026,0.9343,0.0000,1.6000,1,-100.000,550.000,0.0000,0.0000,0,0,-177.805,-1606.657,52.026,0.000,0,-1.000000,1.000,28.924,-1.000000,0.0000,0.0000,0,0,0.000,1.000,19.607,-177.805,-1606.657,52.026,0,0,0,99.053766
502,70.3711,retreat-from-authored-trunk,-150.689,-1608.508,63.333,101.250,50.912,230.912,-122.245,-1583.636,-21.554,-165.955,-1614.944,-20.470,1.0000,0.8438,-132.005,-1620.495,52.328,-162.031,-1587.799,53.111,0.0575,0.0000,1.6000,1,-100.000,550.000,0.0000,0.0000,0,0,-162.031,-1587.799,53.111,0.000,0,-1.000000,1.000,28.924,-1.000000,0.0000,0.0000,0,0,0.000,1.000,19.607,-162.031,-1587.799,53.111,0,0,0,99.051429
503,70.5163,retreat-from-authored-trunk,-141.435,-1597.116,63.333,101.250,50.912,230.912,-121.398,-1584.123,-21.695,-147.635,-1590.938,-14.831,1.0000,0.8438,-126.486,-1615.269,54.534,-148.277,-1571.652,56.308,0.1799,0.0000,1.6000,1,-100.000,550.000,0.0000,0.0000,0,0,-148.277,-1571.652,56.308,0.000,0,-1.000000,1.000,28.924,-1.000000,0.0000,0.0000,0,0,0.000,1.000,19.607,-148.277,-1571.652,56.308,0,0,0,99.049109
504,70.6490,retreat-from-authored-trunk,-132.952,-1586.674,63.333,101.250,50.912,230.912,-120.788,-1584.678,-21.606,-127.677,-1564.504,-13.691,1.0000,0.8438,-118.363,-1605.493,55.050,-139.301,-1560.729,56.921,0.2920,0.0000,1.6000,1,-100.000,550.000,0.0000,0.0000,0,0,-139.301,-1560.729,56.921,0.000,0,-1.000000,1.000,28.924,-1.000000,0.0000,0.0000,0,0,0.000,1.000,19.607,-139.301,-1560.729,56.921,0,0,0,99.046983
505,70.7954,retreat-from-authored-trunk,-123.623,-1575.189,63.333,101.250,50.912,230.912,-120.338,-1585.099,-21.641,-108.176,-1538.270,-19.455,1.0000,0.8438,-106.154,-1588.780,52.664,-133.880,-1552.956,53.756,0.4153,0.0000,1.6000,1,-100.000,550.000,0.0000,0.0000,0,0,-133.880,-1552.956,53.756,0.000,0,-1.000000,1.000,28.924,-1.000000,0.0000,0.0000,0,0,0.000,1.000,19.607,-133.880,-1552.956,53.756,0,0,0,99.044645
506,70.9381,retreat-from-authored-trunk,-114.493,-1563.950,63.333,101.250,50.912,230.912,-116.395,-1581.488,-21.287,-98.671,-1526.943,-21.740,1.0000,0.8438,-92.044,-1569.378,52.510,-130.789,-1548.824,51.997,0.5359,0.0000,1.6000,1,-100.000,550.000,0.0000,0.0000,0,0,-130.789,-1548.824,51.997,0.000,0,-1.000000,1.000,28.924,-1.000000,0.0000,0.0000,0,0,0.000,1.000,19.607,-130.789,-1548.824,51.997,0,0,0,99.042357
507,71.0838,retreat-from-authored-trunk,-105.201,-1552.512,63.333,101.250,50.912,230.912,-99.379,-1559.133,-15.601,-97.946,-1527.293,-21.547,1.0000,0.8438,-79.277,-1551.385,56.016,-126.767,-1543.566,54.242,0.6587,0.0000,1.6000,1,-100.000,550.000,0.0000,0.0000,0,0,-126.767,-1543.566,54.242,0.000,0,-1.000000,1.000,28.924,-1.000000,0.0000,0.0000,0,0,0.000,1.000,19.607,-126.767,-1543.566,54.242,0,0,0,99.040028
508,71.2287,retreat-from-authored-trunk,-95.943,-1541.115,63.333,101.250,50.912,230.912,-77.747,-1530.531,-13.322,-97.191,-1527.913,-21.491,1.0000,0.8438,-69.266,-1538.652,57.263,-118.592,-1533.590,55.262,0.7811,0.0000,1.6000,1,-100.000,550.000,0.0000,0.0000,0,0,-118.592,-1533.590,55.262,0.000,0,-1.000000,1.000,28.924,-1.000000,0.0000,0.0000,0,0,0.000,1.000,19.607,-118.592,-1533.590,55.262,0,0,0,99.037708
509,71.3677,retreat-from-authored-trunk,-87.077,-1530.201,63.333,101.250,50.912,230.912,-58.495,-1504.915,-18.632,-96.617,-1528.428,-21.621,1.0000,0.8438,-62.534,-1531.614,54.259,-106.684,-1518.852,52.979,0.8983,0.0000,1.6000,1,-100.000,550.000,0.0000,0.0000,0,0,-106.684,-1518.852,52.979,0.000,0,-1.000000,1.000,28.924,-1.000000,0.0000,0.0000,0,0,0.000,1.000,19.607,-106.684,-1518.852,52.979,0,0,0,99.035486
510,71.5107,retreat-from-authored-trunk,-77.944,-1518.958,63.333,101.250,50.912,230.912,-46.773,-1490.357,-21.622,-94.317,-1526.992,-21.497,1.0000,0.8438,-57.700,-1528.331,52.043,-91.247,-1500.482,52.317,0.0190,0.0000,1.6000,1,-100.000,550.000,0.0000,0.0000,0,0,-91.247,-1500.482,52.317,0.000,0,-1.000000,1.000,28.924,-1.000000,0.0000,0.0000,0,0,0.000,1.000,19.607,-91.247,-1500.482,52.317,0,0,0,99.033197
511,71.6576,retreat-from-authored-trunk,-68.576,-1507.425,63.333,101.250,50.912,230.912,-46.073,-1490.902,-21.490,-78.136,-1505.905,-16.321,1.0000,0.8438,-52.767,-1524.218,53.990,-76.358,-1482.922,55.606,0.1428,0.0000,1.6000,1,-100.000,550.000,0.0000,0.0000,0,0,-76.358,-1482.922,55.606,0.000,0,-1.000000,1.000,28.924,-1.000000,0.0000,0.0000,0,0,0.000,1.000,19.607,-76.358,-1482.922,55.606,0,0,0,99.030849
512,71.8006,retreat-from-authored-trunk,-59.427,-1496.163,63.333,101.250,50.912,230.912,-45.356,-1491.424,-21.557,-57.079,-1478.033,-13.126,1.0000,0.8438,-45.079,-1515.277,55.302,-65.577,-1469.952,57.221,0.2637,0.0000,1.6000,1,-100.000,550.000,0.0000,0.0000,0,0,-65.577,-1469.952,57.221,0.000,0,-1.000000,1.000,28.924,-1.000000,0.0000,0.0000,0,0,0.000,1.000,19.607,-65.577,-1469.952,57.221,0,0,0,99.028556
513,71.9457,retreat-from-authored-trunk,-50.179,-1484.778,63.333,101.250,50.912,230.912,-44.504,-1492.035,-21.523,-36.317,-1450.832,-17.862,1.0000,0.8438,-33.438,-1500.291,53.337,-58.890,-1461.443,54.717,0.3860,0.0000,1.6000,1,-100.000,550.000,0.0000,0.0000,0,0,-58.890,-1461.443,54.717,0.000,0,-1.000000,1.000,28.924,-1.000000,0.0000,0.0000,0,0,0.000,1.000,19.607,-58.890,-1461.443,54.717,0,0,0,99.026238
514,72.0923,retreat-from-authored-trunk,-40.813,-1473.248,63.333,101.250,50.912,230.912,-43.419,-1491.355,-21.530,-23.324,-1433.524,-21.641,1.0000,0.8438,-19.562,-1480.396,52.236,-55.848,-1456.373,52.097,0.5097,0.0000,1.6000,1,-100.000,550.000,0.0000,0.0000,0,0,-55.848,-1456.373,52.097,0.000,0,-1.000000,1.000,28.924,-1.000000,0.0000,0.0000,0,0,0.000,1.000,19.607,-55.848,-1456.373,52.097,0,0,0,99.023891
